Gene_name	Locus_tag	NCBI_gene_ID	Uniprot_ID	Synonyms	Product_function	NDA_component
PA0007	PA0007					Basal machinery
PA0027	PA0027					Basal machinery
PA0028	PA0028					Basal machinery
PA0038	PA0038					Basal machinery
PA0041a	PA0041a					Basal machinery
PA0042	PA0042					Basal machinery
PA0045	PA0045					Basal machinery
PA0046	PA0046					Basal machinery
PA0050	PA0050					Basal machinery
PA0052	PA0052					Basal machinery
PA0060	PA0060					Basal machinery
PA0061	PA0061					Basal machinery
PA0062	PA0062					Basal machinery
PA0068	PA0068					Basal machinery
PA0071	PA0071					Basal machinery
PA0082	PA0082					Basal machinery
PA0096	PA0096					Basal machinery
PA0097	PA0097					Basal machinery
PA0098	PA0098					Basal machinery
PA0099	PA0099					Basal machinery
PA0101	PA0101					Basal machinery
PA0102	PA0102					Basal machinery
PA0107	PA0107					M22
PA0109	PA0109					Basal machinery
PA0112	PA0112					Basal machinery
PA0115	PA0115					Basal machinery
PA0116	PA0116					Basal machinery
PA0123	PA0123					Basal machinery
PA0134	PA0134					Basal machinery
PA0136	PA0136					Basal machinery
PA0137	PA0137					Basal machinery
PA0138	PA0138					Basal machinery
PA0144	PA0144					Basal machinery
PA0146	PA0146					Basal machinery
PA0147	PA0147					Basal machinery
PA0149	PA0149					M20.1
PA0156	PA0156					Basal machinery
PA0157	PA0157					Basal machinery
PA0158	PA0158					M20.9
PA0165	PA0165					Basal machinery
PA0166	PA0166					Basal machinery
PA0167	PA0167					M11
PA0168	PA0168					Basal machinery
PA0172	PA0172					Basal machinery
PA0177	PA0177					Basal machinery
PA0178	PA0178					Basal machinery
PA0179	PA0179					Basal machinery
PA0182	PA0182					Basal machinery
PA0186	PA0186					Basal machinery
PA0191	PA0191					Basal machinery
PA0192	PA0192					Basal machinery
PA0193	PA0193					Basal machinery
PA0194	PA0194					Basal machinery
PA0200	PA0200					Basal machinery
PA0201	PA0201					Basal machinery
PA0217	PA0217					Basal machinery
PA0218	PA0218					Basal machinery
PA0219	PA0219					Basal machinery
PA0220	PA0220					Basal machinery
PA0221	PA0221					Basal machinery
PA0222	PA0222					Basal machinery
PA0225	PA0225					Basal machinery
PA0248	PA0248					Basal machinery
PA0250	PA0250					Basal machinery
PA0253	PA0253					Basal machinery
PA0254	PA0254					Basal machinery
PA0256	PA0256					Basal machinery
PA0259	PA0259					Basal machinery
PA0263.1	PA0263.1					Basal machinery
PA0264	PA0264					Basal machinery
PA0269	PA0269					Basal machinery
PA0270	PA0270					Basal machinery
PA0271	PA0271					Basal machinery
PA0275	PA0275					Basal machinery
PA0277	PA0277					Basal machinery
PA0285	PA0285					Basal machinery
PA0305	PA0305					Basal machinery
PA0308	PA0308					Basal machinery
PA0309	PA0309					Basal machinery
PA0311	PA0311					Basal machinery
PA0312	PA0312					Basal machinery
PA0315	PA0315					Basal machinery
PA0320	PA0320					Basal machinery
PA0321	PA0321					Basal machinery
PA0322	PA0322					Basal machinery
PA0324	PA0324					Basal machinery
PA0328	PA0328					Basal machinery
PA0329	PA0329					Basal machinery
PA0332	PA0332					Basal machinery
PA0333	PA0333					Basal machinery
PA0334	PA0334					Basal machinery
PA0335	PA0335					Basal machinery
PA0338	PA0338					Basal machinery
PA0344	PA0344					Basal machinery
PA0346	PA0346					Basal machinery
PA0354	PA0354					Basal machinery
PA0356	PA0356					Basal machinery
PA0358	PA0358					Basal machinery
PA0359	PA0359					Basal machinery
PA0360	PA0360					Basal machinery
PA0364	PA0364					M30
PA0365	PA0365					M30
PA0367	PA0367					M30
PA0370	PA0370					Basal machinery
PA0371	PA0371					Basal machinery
PA0372	PA0372					Basal machinery
PA0377	PA0377					Basal machinery
PA0387	PA0387					Basal machinery
PA0389	PA0389					Basal machinery
PA0391	PA0391					Basal machinery
PA0397	PA0397					Basal machinery
PA0418	PA0418					Basal machinery
PA0419	PA0419					Basal machinery
PA0422	PA0422					Basal machinery
PA0423	PA0423	PseudoCap:PA042	Q9I690	pasP	hypothetical protein	Basal machinery
PA0431	PA0431					Basal machinery
PA0439	PA0439					Basal machinery
PA0440	PA0440					Basal machinery
PA0442	PA0442					Basal machinery
PA0443	PA0443					Basal machinery
PA0444	PA0444					Basal machinery
PA0451	PA0451					Basal machinery
PA0452	PA0452					Basal machinery
PA0454	PA0454					Basal machinery
PA0456	PA0456					Basal machinery
PA0457	PA0457					Basal machinery
PA0459	PA0459					Basal machinery
PA0467	PA0467					Basal machinery
PA0468	PA0468					Basal machinery
PA0469	PA0469					Basal machinery
PA0472	PA0472					Intermodular
PA0476	PA0476					Basal machinery
PA0483	PA0483					Basal machinery
PA0484	PA0484					Basal machinery
PA0485	PA0485					Basal machinery
PA0491	PA0491					Basal machinery
PA0492	PA0492					Basal machinery
PA0494	PA0494					Basal machinery
PA0499	PA0499					Basal machinery
PA0502	PA0502					Basal machinery
PA0505	PA0505					Basal machinery
PA0506	PA0506					Basal machinery
PA0508	PA0508					Basal machinery
PA0521	PA0521					Basal machinery
PA0522	PA0522					Basal machinery
PA0525	PA0525					Basal machinery
PA0526	PA0526					Basal machinery
PA0528	PA0528					Basal machinery
PA0534	PA0534					Basal machinery
PA0535	PA0535					Basal machinery
PA0536	PA0536					Basal machinery
PA0537	PA0537					Basal machinery
PA0539	PA0539					Basal machinery
PA0540	PA0540					Basal machinery
PA0544	PA0544					Basal machinery
PA0557	PA0557					Basal machinery
PA0563	PA0563					Basal machinery
PA0567	PA0567					Basal machinery
PA0570	PA0570					Basal machinery
PA0572	PA0572					M11
PA0574	PA0574					Basal machinery
PA0575	PA0575					Basal machinery
PA0578	PA0578					Basal machinery
PA0583	PA0583					Basal machinery
PA0586	PA0586					Basal machinery
PA0587	PA0587					Basal machinery
PA0588	PA0588					Basal machinery
PA0596	PA0596					Basal machinery
PA0597	PA0597					Basal machinery
PA0598	PA0598					Basal machinery
PA0601	PA0601					M40
PA0602	PA0602					Basal machinery
PA0603	PA0603					M40
PA0604	PA0604					M40
PA0605	PA0605					M40
PA0606	PA0606					M40
PA0628	PA0628					Basal machinery
PA0629	PA0629					Basal machinery
PA0630	PA0630					Basal machinery
PA0631	PA0631					Basal machinery
PA0632	PA0632					Basal machinery
PA0633	PA0633					M21
PA0634	PA0634					Basal machinery
PA0635	PA0635					Basal machinery
PA0643	PA0643					Basal machinery
PA0657	PA0657					Basal machinery
PA0658	PA0658					Basal machinery
PA0660	PA0660					Basal machinery
PA0661	PA0661					Basal machinery
PA0663	PA0663					Basal machinery
PA0664	PA0664					Basal machinery
PA0681	PA0681					Basal machinery
PA0682	PA0682					Basal machinery
PA0684	PA0684					Basal machinery
PA0690	PA0690					Basal machinery
PA0691	PA0691					M26
PA0697	PA0697					Basal machinery
PA0699	PA0699					Basal machinery
PA0701	PA0701					Basal machinery
PA0703	PA0703					Basal machinery
PA0704	PA0704					Basal machinery
PA0708	PA0708					Basal machinery
PA0709	PA0709					Basal machinery
PA0714	PA0714					Basal machinery
PA0714.1	PA0714.1	9793389		phrD	PhrD	M20.1
PA0718	PA0718					Basal machinery
PA0720	PA0720					Basal machinery
PA0721	PA0721					Basal machinery
PA0722	PA0722					Basal machinery
PA0727	PA0727					Basal machinery
PA0728	PA0728					Basal machinery
PA0739	PA0739					M9
PA0769	PA0769					Basal machinery
PA0777	PA0777					Basal machinery
PA0786	PA0786					Basal machinery
PA0787	PA0787					Basal machinery
PA0788	PA0788					Basal machinery
PA0794	PA0794					Basal machinery
PA0797	PA0797					Basal machinery
PA0802	PA0802					Basal machinery
PA0805	PA0805					Basal machinery
PA0806	PA0806					Basal machinery
PA0810	PA0810					Basal machinery
PA0811	PA0811					Basal machinery
PA0812	PA0812					Basal machinery
PA0818	PA0818					Basal machinery
PA0820	PA0820					Basal machinery
PA0826	PA0826					Basal machinery
PA0827	PA0827					Basal machinery
PA0833	PA0833					Basal machinery
PA0834	PA0834					Basal machinery
PA0838	PA0838					Basal machinery
PA0839	PA0839					M11
PA0840	PA0840					Basal machinery
PA0842	PA0842					Basal machinery
PA0845	PA0845					Intermodular
PA0848	PA0848					M21
PA0850	PA0850					Basal machinery
PA0851	PA0851					Basal machinery
PA0856	PA0856					Basal machinery
PA0858	PA0858					Basal machinery
PA0861	PA0861					Basal machinery
PA0862	PA0862					Basal machinery
PA0874	PA0874					Basal machinery
PA0878	PA0878					Basal machinery
PA0879	PA0879					Basal machinery
PA0880	PA0880					Basal machinery
PA0881	PA0881					Basal machinery
PA0882	PA0882					Basal machinery
PA0883	PA0883					Basal machinery
PA0884	PA0884					Intermodular
PA0885	PA0885					Intermodular
PA0886	PA0886					Intermodular
PA0900	PA0900					Basal machinery
PA0908	PA0908					Basal machinery
PA0909	PA0909					Basal machinery
PA0910	PA0910					Basal machinery
PA0918	PA0918					Basal machinery
PA0919	PA0919					Basal machinery
PA0920	PA0920					Basal machinery
PA0921	PA0921					Basal machinery
PA0922	PA0922					Basal machinery
PA0925	PA0925					Basal machinery
PA0937	PA0937					Basal machinery
PA0938	PA0938					Basal machinery
PA0939	PA0939					Basal machinery
PA0940	PA0940					Basal machinery
PA0941	PA0941					Basal machinery
PA0942	PA0942					Basal machinery
PA0943	PA0943					Basal machinery
PA0947	PA0947					Basal machinery
PA0951	PA0951					Basal machinery
PA0952	PA0952					Basal machinery
PA0953	PA0953					Basal machinery
PA0959	PA0959					Basal machinery
PA0962	PA0962					Basal machinery
PA0968	PA0968					Basal machinery
PA0974	PA0974					Basal machinery
PA0980	PA0980					Basal machinery
PA0981	PA0981					Basal machinery
PA0982	PA0982					Basal machinery
PA0984	PA0984					Basal machinery
PA0986	PA0986					Basal machinery
PA0987	PA0987					Basal machinery
PA0988	PA0988					Basal machinery
PA1006	PA1006					Basal machinery
PA1007	PA1007					Basal machinery
PA1009	PA1009					Basal machinery
PA1011	PA1011					Basal machinery
PA1012	PA1012					Basal machinery
PA1014	PA1014					Basal machinery
PA1023	PA1023					Basal machinery
PA1028	PA1028					Basal machinery
PA1029	PA1029					Basal machinery
PA1036	PA1036					Basal machinery
PA1038	PA1038					Basal machinery
PA1039	PA1039					Basal machinery
PA1040	PA1040					Basal machinery
PA1041	PA1041					Basal machinery
PA1044	PA1044					Basal machinery
PA1050	PA1050					Basal machinery
PA1053	PA1053	881262	Q9I4S1	slyB	hypothetical protein	Basal machinery
PA1055	PA1055					Basal machinery
PA1065	PA1065					Basal machinery
PA1069	PA1069					Basal machinery
PA1076	PA1076					Basal machinery
PA1088	PA1088					Basal machinery
PA1089	PA1089					Basal machinery
PA1090	PA1090					Basal machinery
PA1093	PA1093					Basal machinery
PA1096	PA1096					Basal machinery
PA1107	PA1107					Basal machinery
PA1111	PA1111					Basal machinery
PA1114	PA1114					Basal machinery
PA1115	PA1115					Basal machinery
PA1116	PA1116					Basal machinery
PA1118	PA1118					Basal machinery
PA1122	PA1122					Basal machinery
PA1126	PA1126					Basal machinery
PA1131	PA1131					Basal machinery
PA1133	PA1133					Basal machinery
PA1134	PA1134					Basal machinery
PA1139	PA1139					Basal machinery
PA1144	PA1144					Basal machinery
PA1149	PA1149					Basal machinery
PA1159	PA1159					Basal machinery
PA1160	PA1160					Basal machinery
PA1170	PA1170					Basal machinery
PA1181	PA1181					Basal machinery
PA1182	PA1182					M20.5
PA1185	PA1185					Basal machinery
PA1186	PA1186					Basal machinery
PA1194	PA1194					Basal machinery
PA1195	PA1195					M27
PA1196	PA1196					M27
PA1198	PA1198					Basal machinery
PA1199	PA1199					Basal machinery
PA1200	PA1200					Basal machinery
PA1202	PA1202					M11
PA1203	PA1203					M11
PA1204	PA1204					M11
PA1205	PA1205					M11
PA1208	PA1208					Basal machinery
PA1211	PA1211					Basal machinery
PA1212	PA1212					Basal machinery
PA1213	PA1213					Basal machinery
PA1214	PA1214					Basal machinery
PA1215	PA1215					Basal machinery
PA1216	PA1216					Basal machinery
PA1217	PA1217					Basal machinery
PA1218	PA1218					Basal machinery
PA1219	PA1219					Basal machinery
PA1220	PA1220					Basal machinery
PA1221	PA1221					Basal machinery
PA1225	PA1225					Basal machinery
PA1232	PA1232					Basal machinery
PA1236	PA1236					Basal machinery
PA1237	PA1237					Basal machinery
PA1238	PA1238					Basal machinery
PA1239	PA1239					Basal machinery
PA1240	PA1240					Basal machinery
PA1241	PA1241					Basal machinery
PA1243	PA1243					Basal machinery
PA1244	PA1244					Basal machinery
PA1251	PA1251					Basal machinery
PA1253	PA1253					M21
PA1254	PA1254					M21
PA1255	PA1255					Basal machinery
PA1256	PA1256					M10
PA1257	PA1257					M10
PA1258	PA1258					M10
PA1259	PA1259					Basal machinery
PA1260	PA1260					M10
PA1261	PA1261					M10
PA1262	PA1262					Basal machinery
PA1266	PA1266					M10
PA1266.1	PA1266.1					M10
PA1267	PA1267					M10
PA1268	PA1268					M10
PA1269	PA1269					Basal machinery
PA1270	PA1270					Basal machinery
PA1287	PA1287					Basal machinery
PA1288	PA1288					Basal machinery
PA1289	PA1289					Basal machinery
PA1295	PA1295					Basal machinery
PA1300	PA1300					Intermodular
PA1302	PA1302					Basal machinery
PA1323	PA1323					Basal machinery
PA1324	PA1324					Basal machinery
PA1327	PA1327					Basal machinery
PA1333	PA1333					Intermodular
PA1340	PA1340					Basal machinery
PA1342	PA1342					Basal machinery
PA1343	PA1343					Basal machinery
PA1346	PA1346					Basal machinery
PA1351	PA1351					Basal machinery
PA1353	PA1353					Basal machinery
PA1354	PA1354					Basal machinery
PA1358	PA1358					Basal machinery
PA1363	PA1363					M20.1
PA1367	PA1367					Basal machinery
PA1370	PA1370					Basal machinery
PA1371	PA1371					Basal machinery
PA1372	PA1372					Basal machinery
PA1383	PA1383					Basal machinery
PA1404	PA1404					Basal machinery
PA1408	PA1408					Basal machinery
PA1412	PA1412					Basal machinery
PA1414	PA1414					Basal machinery
PA1419	PA1419					Basal machinery
PA1420	PA1420					Basal machinery
PA1437	PA1437					M33
PA1438	PA1438					M33
PA1439	PA1439					Basal machinery
PA1440	PA1440					Basal machinery
PA1441	PA1441					Basal machinery
PA1458	PA1458					Basal machinery
PA1462	PA1462					Basal machinery
PA1465	PA1465					Basal machinery
PA1467	PA1467					Basal machinery
PA1473	PA1473					Basal machinery
PA1474	PA1474					Basal machinery
PA1487	PA1487					Basal machinery
PA1488	PA1488					Basal machinery
PA1489	PA1489					Basal machinery
PA1490	PA1490					Basal machinery
PA1494	PA1494					M11
PA1499	PA1499					Basal machinery
PA1500	PA1500					Basal machinery
PA1503	PA1503					Basal machinery
PA1504	PA1504					Basal machinery
PA1507	PA1507					Basal machinery
PA1509	PA1509					Basal machinery
PA1510	PA1510					Basal machinery
PA1513	PA1513					Basal machinery
PA1516	PA1516					Basal machinery
PA1517	PA1517					Basal machinery
PA1518	PA1518					Basal machinery
PA1519	PA1519					Basal machinery
PA1530	PA1530					Basal machinery
PA1531	PA1531					Basal machinery
PA1537	PA1537					Basal machinery
PA1538	PA1538					Basal machinery
PA1545	PA1545					Basal machinery
PA1566	PA1566					M32
PA1567	PA1567					Basal machinery
PA1568	PA1568					Basal machinery
PA1569	PA1569					Basal machinery
PA1570	PA1570					Basal machinery
PA1571	PA1571					Basal machinery
PA1572	PA1572					Basal machinery
PA1573	PA1573					Basal machinery
PA1577	PA1577					Basal machinery
PA1578	PA1578					Basal machinery
PA1579	PA1579					Basal machinery
PA1591	PA1591					Basal machinery
PA1592	PA1592					Basal machinery
PA1593	PA1593					Basal machinery
PA1594	PA1594					Basal machinery
PA1597	PA1597					Basal machinery
PA1600	PA1600					Basal machinery
PA1601	PA1601					Basal machinery
PA1602	PA1602					Basal machinery
PA1603	PA1603					Basal machinery
PA1605	PA1605					Basal machinery
PA1607	PA1607					Basal machinery
PA1608	PA1608					Basal machinery
PA1611	PA1611					Basal machinery
PA1612	PA1612					Basal machinery
PA1615	PA1615					Basal machinery
PA1616	PA1616					Basal machinery
PA1626	PA1626					Basal machinery
PA1627	PA1627					Basal machinery
PA1630	PA1630					Basal machinery
PA1631	PA1631					Basal machinery
PA1646	PA1646					Basal machinery
PA1656	PA1656					Basal machinery
PA1657	PA1657					Basal machinery
PA1658	PA1658					Basal machinery
PA1659	PA1659					Basal machinery
PA1662	PA1662					Basal machinery
PA1664	PA1664					Basal machinery
PA1668	PA1668					Basal machinery
PA1675	PA1675					Basal machinery
PA1676	PA1676					Basal machinery
PA1677	PA1677					Basal machinery
PA1679	PA1679					Basal machinery
PA1680	PA1680					Basal machinery
PA1689	PA1689					Basal machinery
PA1699	PA1699					Basal machinery
PA1700	PA1700					Basal machinery
PA1701	PA1701					Basal machinery
PA1702	PA1702					Basal machinery
PA1727	PA1727	PseudoCap:PA1727	Q9I310	mucR	MucR protein	Basal machinery
PA1728	PA1728					Basal machinery
PA1729	PA1729					Basal machinery
PA1730	PA1730					Basal machinery
PA1731	PA1731					Basal machinery
PA1732	PA1732					Basal machinery
PA1733	PA1733					Basal machinery
PA1736	PA1736					Basal machinery
PA1737	PA1737					Basal machinery
PA1738	PA1738					Basal machinery
PA1739	PA1739					Basal machinery
PA1740	PA1740					Basal machinery
PA1742	PA1742					Basal machinery
PA1743	PA1743					Basal machinery
PA1744	PA1744					Basal machinery
PA1745	PA1745					Basal machinery
PA1746	PA1746					Basal machinery
PA1747	PA1747					Basal machinery
PA1750	PA1750					Basal machinery
PA1759	PA1759					Basal machinery
PA1760	PA1760					Basal machinery
PA1761	PA1761					Basal machinery
PA1772	PA1772					Basal machinery
PA1779	PA1779					Basal machinery
PA1782	PA1782					Basal machinery
PA1784	PA1784					Basal machinery
PA1785	PA1785					Basal machinery
PA1786	PA1786					Basal machinery
PA1789	PA1789					Basal machinery
PA1819	PA1819					Basal machinery
PA1821	PA1821					Basal machinery
PA1828	PA1828					Basal machinery
PA1829	PA1829					Basal machinery
PA1832	PA1832					Basal machinery
PA1833	PA1833					Basal machinery
PA1835	PA1835					Basal machinery
PA1848	PA1848					Basal machinery
PA1852	PA1852					Basal machinery
PA1855	PA1855					Basal machinery
PA1856	PA1856					Basal machinery
PA1857	PA1857					Basal machinery
PA1860	PA1860					Basal machinery
PA1864	PA1864					Basal machinery
PA1870	PA1870					Basal machinery
PA1872	PA1872					Basal machinery
PA1873	PA1873					Basal machinery
PA1874	PA1874					M20.6
PA1875	PA1875					M20.6
PA1876	PA1876					M20.6
PA1877	PA1877					M20.6
PA1880	PA1880					Basal machinery
PA1881	PA1881					Basal machinery
PA1887	PA1887					Basal machinery
PA1888	PA1888					Basal machinery
PA1913	PA1913					Basal machinery
PA1921	PA1921					Basal machinery
PA1922	PA1922					Basal machinery
PA1923	PA1923					Basal machinery
PA1924	PA1924					Basal machinery
PA1925	PA1925					Basal machinery
PA1930	PA1930					Basal machinery
PA1932	PA1932					Basal machinery
PA1939	PA1939					Basal machinery
PA1940	PA1940					Basal machinery
PA1941	PA1941					Basal machinery
PA1942	PA1942					Basal machinery
PA1951	PA1951					Basal machinery
PA1952	PA1952					Basal machinery
PA1953	PA1953					Basal machinery
PA1954	PA1954					Basal machinery
PA1955	PA1955					Basal machinery
PA1956	PA1956					Basal machinery
PA1957	PA1957					Basal machinery
PA1958	PA1958					Basal machinery
PA1967	PA1967					Basal machinery
PA1968	PA1968					Basal machinery
PA1970	PA1970					Basal machinery
PA1994	PA1994					Basal machinery
PA1995	PA1995					Basal machinery
PA1997	PA1997					Basal machinery
PA2004	PA2004					Basal machinery
PA2005	PA2005					Basal machinery
PA2010	PA2010					M8
PA2017	PA2017					Basal machinery
PA2021	PA2021					Basal machinery
PA2024	PA2024					Basal machinery
PA2027	PA2027					Basal machinery
PA2028	PA2028					Basal machinery
PA2029	PA2029					Basal machinery
PA2033	PA2033					Basal machinery
PA2034	PA2034					Basal machinery
PA2036	PA2036					Basal machinery
PA2037	PA2037					Basal machinery
PA2040	PA2040					Basal machinery
PA2045	PA2045					Basal machinery
PA2046	PA2046					Basal machinery
PA2047	PA2047					M20.21
PA2048	PA2048					Basal machinery
PA2050	PA2050					M20.1
PA2070	PA2070					Basal machinery
PA2072	PA2072					Basal machinery
PA2075	PA2075					Basal machinery
PA2076	PA2076					Basal machinery
PA2077	PA2077					Basal machinery
PA2079	PA2079					M28
PA2082	PA2082					M28
PA2086	PA2086					Basal machinery
PA2100	PA2100					M20.14
PA2107	PA2107					Basal machinery
PA2108	PA2108					Basal machinery
PA2115	PA2115					Basal machinery
PA2126	PA2126					Basal machinery
PA2127	PA2127					Basal machinery
PA2134	PA2134					Basal machinery
PA2135	PA2135					Basal machinery
PA2136	PA2136					Basal machinery
PA2137	PA2137					Basal machinery
PA2140	PA2140					Basal machinery
PA2141	PA2141					Basal machinery
PA2142	PA2142					Basal machinery
PA2143	PA2143					Basal machinery
PA2146	PA2146					Basal machinery
PA2148	PA2148					Basal machinery
PA2149	PA2149					Basal machinery
PA2152	PA2152					Basal machinery
PA2154	PA2154					Basal machinery
PA2156	PA2156					Basal machinery
PA2157	PA2157					Basal machinery
PA2158	PA2158					Basal machinery
PA2159	PA2159					Basal machinery
PA2160	PA2160					Basal machinery
PA2161	PA2161					Basal machinery
PA2162	PA2162					Basal machinery
PA2163	PA2163					Basal machinery
PA2164	PA2164					Basal machinery
PA2166	PA2166					Basal machinery
PA2167	PA2167					Basal machinery
PA2168	PA2168					Basal machinery
PA2169	PA2169					Basal machinery
PA2170	PA2170					Basal machinery
PA2171	PA2171					Basal machinery
PA2172	PA2172					Basal machinery
PA2173	PA2173					Basal machinery
PA2175	PA2175					Basal machinery
PA2176	PA2176					Basal machinery
PA2177	PA2177					Basal machinery
PA2178	PA2178					Basal machinery
PA2181	PA2181					Basal machinery
PA2187	PA2187					Basal machinery
PA2197	PA2197					Basal machinery
PA2198	PA2198					Basal machinery
PA2199	PA2199					Basal machinery
PA2200	PA2200					Basal machinery
PA2204	PA2204					Basal machinery
PA2206	PA2206					M20.26
PA2207	PA2207					Basal machinery
PA2208	PA2208					Basal machinery
PA2209	PA2209					Basal machinery
PA2211	PA2211					Basal machinery
PA2215	PA2215					Basal machinery
PA2216	PA2216					Basal machinery
PA2217	PA2217					Basal machinery
PA2223	PA2223					Basal machinery
PA2226	PA2226					M20.9
PA2228	PA2228					M20.9
PA2229	PA2229					Basal machinery
PA2251	PA2251					M38
PA2252	PA2252					M38
PA2264	PA2264					Basal machinery
PA2265	PA2265					M20.3
PA2266	PA2266					Basal machinery
PA2274	PA2274					Basal machinery
PA2281	PA2281					Basal machinery
PA2301	PA2301					Basal machinery
PA2307	PA2307					Basal machinery
PA2308	PA2308					Basal machinery
PA2309	PA2309					Basal machinery
PA2310	PA2310					Basal machinery
PA2314	PA2314					Basal machinery
PA2315	PA2315					Basal machinery
PA2317	PA2317					Basal machinery
PA2318	PA2318					Basal machinery
PA2326	PA2326					Basal machinery
PA2327	PA2327					Basal machinery
PA2345	PA2345					Basal machinery
PA2346	PA2346					Basal machinery
PA2347	PA2347					Basal machinery
PA2348	PA2348					Basal machinery
PA2349	PA2349					Basal machinery
PA2351	PA2351					Basal machinery
PA2354	PA2354					Basal machinery
PA2360	PA2360					Basal machinery
PA2361	PA2361					Basal machinery
PA2362	PA2362					Basal machinery
PA2363	PA2363					Basal machinery
PA2364	PA2364					Basal machinery
PA2365	PA2365					Basal machinery
PA2366	PA2366					Basal machinery
PA2367	PA2367					Basal machinery
PA2368	PA2368					Basal machinery
PA2369	PA2369					Basal machinery
PA2370	PA2370					Basal machinery
PA2371	PA2371					Basal machinery
PA2373	PA2373					Basal machinery
PA2380	PA2380					Basal machinery
PA2381	PA2381					Basal machinery
PA2383	PA2383					Basal machinery
PA2384	PA2384					M20.1
PA2393	PA2393					Basal machinery
PA2402	PA2402					M21
PA2403	PA2403					M21
PA2404	PA2404					M21
PA2405	PA2405					M21
PA2406	PA2406					M21
PA2407	PA2407					Basal machinery
PA2408	PA2408					Basal machinery
PA2409	PA2409					Basal machinery
PA2410	PA2410					Basal machinery
PA2411	PA2411					Basal machinery
PA2412	PA2412					Basal machinery
PA2414	PA2414					Basal machinery
PA2415	PA2415					Basal machinery
PA2417	PA2417					Basal machinery
PA2423	PA2423					Basal machinery
PA2427	PA2427					Basal machinery
PA2429	PA2429					Basal machinery
PA2433	PA2433					Basal machinery
PA2434	PA2434					Basal machinery
PA2447	PA2447					Basal machinery
PA2449	PA2449					M20.12
PA2451	PA2451					Basal machinery
PA2453	PA2453					Basal machinery
PA2454	PA2454					Basal machinery
PA2455	PA2455					Basal machinery
PA2459	PA2459					Basal machinery
PA2461	PA2461					Basal machinery
PA2462	PA2462					Basal machinery
PA2463	PA2463					Basal machinery
PA2471	PA2471					Basal machinery
PA2475	PA2475					Basal machinery
PA2477	PA2477					Basal machinery
PA2484	PA2484					Basal machinery
PA2485	PA2485					Basal machinery
PA2486	PA2486					M20.5
PA2491	PA2491					Basal machinery
PA2496	PA2496					Basal machinery
PA2497	PA2497					Basal machinery
PA2501	PA2501					Basal machinery
PA2502	PA2502					Basal machinery
PA2504	PA2504					Basal machinery
PA2511	PA2511					M19
PA2523	PA2523					M20.25
PA2525	PA2525					Basal machinery
PA2526	PA2526					Basal machinery
PA2527	PA2527					Basal machinery
PA2528	PA2528					Basal machinery
PA2531	PA2531					Basal machinery
PA2534	PA2534					Basal machinery
PA2535	PA2535					Basal machinery
PA2541	PA2541					Basal machinery
PA2546	PA2546					Basal machinery
PA2551	PA2551					Basal machinery
PA2556	PA2556					Basal machinery
PA2557	PA2557					Basal machinery
PA2559	PA2559					Basal machinery
PA2560	PA2560					Basal machinery
PA2563	PA2563					Basal machinery
PA2565	PA2565					Basal machinery
PA2566	PA2566					Basal machinery
PA2567	PA2567					Basal machinery
PA2569	PA2569					Basal machinery
PA2571	PA2571					Basal machinery
PA2572	PA2572					Basal machinery
PA2573	PA2573					Basal machinery
PA2575	PA2575					Basal machinery
PA2576	PA2576					Basal machinery
PA2581	PA2581					Basal machinery
PA2583	PA2583					Basal machinery
PA2588	PA2588					M20.33
PA2589	PA2589					Basal machinery
PA2590	PA2590					Basal machinery
PA2594	PA2594					Basal machinery
PA2597	PA2597					Basal machinery
PA2598	PA2598					Basal machinery
PA2599	PA2599					Basal machinery
PA2600	PA2600					Basal machinery
PA2601	PA2601					Basal machinery
PA2602	PA2602					Basal machinery
PA2603	PA2603					Basal machinery
PA2604	PA2604					Basal machinery
PA2634	PA2634	PseudoCap:PA263	Q9I0K4	aceA	isocitrate lyase	M12
PA2652	PA2652					Basal machinery
PA2653	PA2653					Basal machinery
PA2654	PA2654					Basal machinery
PA2657	PA2657					M6
PA2658	PA2658					Basal machinery
PA2661	PA2661					Basal machinery
PA2662	PA2662					Basal machinery
PA2667	PA2667					M20.23
PA2669	PA2669					Basal machinery
PA2670	PA2670					Basal machinery
PA2671	PA2671					Basal machinery
PA2672	PA2672					Basal machinery
PA2673	PA2673					Basal machinery
PA2674	PA2674					Basal machinery
PA2675	PA2675					Basal machinery
PA2676	PA2676					Basal machinery
PA2677	PA2677					Basal machinery
PA2678	PA2678					Basal machinery
PA2692	PA2692					Basal machinery
PA2697	PA2697					Basal machinery
PA2698	PA2698					Basal machinery
PA2699	PA2699					Basal machinery
PA2701	PA2701					Basal machinery
PA2704	PA2704					Basal machinery
PA2705	PA2705					Basal machinery
PA2706	PA2706					Basal machinery
PA2708	PA2708					Basal machinery
PA2712	PA2712					Basal machinery
PA2723	PA2723					Basal machinery
PA2737	PA2737					Basal machinery
PA2746	PA2746					Basal machinery
PA2747	PA2747					Basal machinery
PA2751	PA2751					Basal machinery
PA2754	PA2754					Basal machinery
PA2759	PA2759					Basal machinery
PA2763	PA2763					Basal machinery
PA2764	PA2764					Basal machinery
PA2765	PA2765					Basal machinery
PA2769	PA2769					Basal machinery
PA2770	PA2770					Basal machinery
PA2774	PA2774					Basal machinery
PA2775	PA2775					Basal machinery
PA2776	PA2776					Basal machinery
PA2777	PA2777					Basal machinery
PA2779	PA2779					Basal machinery
PA2780	PA2780					M20.31
PA2788	PA2788					Basal machinery
PA2790	PA2790					Basal machinery
PA2793	PA2793					Basal machinery
PA2794	PA2794					Basal machinery
PA2797	PA2797					Basal machinery
PA2798	PA2798					Basal machinery
PA2799	PA2799					Basal machinery
PA2801	PA2801					Basal machinery
PA2811	PA2811					Basal machinery
PA2812	PA2812					Basal machinery
PA2813	PA2813					Basal machinery
PA2815	PA2815					Basal machinery
PA2820	PA2820					Basal machinery
PA2828	PA2828					Basal machinery
PA2829	PA2829					Basal machinery
PA2841	PA2841					Basal machinery
PA2842	PA2842					Basal machinery
PA2855	PA2855					Basal machinery
PA2860	PA2860					Basal machinery
PA2864	PA2864					Basal machinery
PA2867	PA2867					Basal machinery
PA2868	PA2868					Basal machinery
PA2869	PA2869					Basal machinery
PA2870	PA2870					Basal machinery
PA2871	PA2871					Basal machinery
PA2874	PA2874					Basal machinery
PA2877	PA2877					Basal machinery
PA2880	PA2880					Basal machinery
PA2881	PA2881					Basal machinery
PA2882	PA2882					Basal machinery
PA2883	PA2883					Basal machinery
PA2884	PA2884					Basal machinery
PA2894	PA2894					Basal machinery
PA2895	PA2895					M11
PA2896	PA2896					M11
PA2909	PA2909					Basal machinery
PA2912	PA2912					Basal machinery
PA2916	PA2916					Basal machinery
PA2917	PA2917					Basal machinery
PA2929	PA2929					Basal machinery
PA2933	PA2933					Basal machinery
PA2935	PA2935					Basal machinery
PA2940	PA2940					Basal machinery
PA2950	PA2950					Basal machinery
PA2953	PA2953					Basal machinery
PA2954	PA2954					Basal machinery
PA2955	PA2955					Basal machinery
PA2956	PA2956					Basal machinery
PA2958.1	PA2958.1	6965620		rgsA	RgsA	Basal machinery
PA2971	PA2971					Basal machinery
PA2972	PA2972					Basal machinery
PA2973	PA2973					Basal machinery
PA2974	PA2974					Basal machinery
PA2986	PA2986					Basal machinery
PA2988	PA2988					Basal machinery
PA2992	PA2992					Basal machinery
PA2993	PA2993					Basal machinery
PA3001	PA3001					Basal machinery
PA3003	PA3003					Basal machinery
PA3004	PA3004					Basal machinery
PA3012	PA3012					Basal machinery
PA3015	PA3015					Basal machinery
PA3017	PA3017					Basal machinery
PA3019	PA3019					Basal machinery
PA3023	PA3023					Basal machinery
PA3024	PA3024					Basal machinery
PA3025	PA3025					Basal machinery
PA3026	PA3026					Basal machinery
PA3031	PA3031					Basal machinery
PA3035	PA3035					Basal machinery
PA3036	PA3036					Basal machinery
PA3037	PA3037					Basal machinery
PA3039	PA3039					Basal machinery
PA3040	PA3040					Basal machinery
PA3041	PA3041					Basal machinery
PA3042	PA3042					Basal machinery
PA3044	PA3044					Basal machinery
PA3045	PA3045					Basal machinery
PA3047	PA3047					Basal machinery
PA3052	PA3052					Basal machinery
PA3057	PA3057					Basal machinery
PA3067	PA3067					Basal machinery
PA3069	PA3069					Basal machinery
PA3076	PA3076					Basal machinery
PA3077	PA3077					Basal machinery
PA3081	PA3081					Basal machinery
PA3093	PA3093					Basal machinery
PA3094	PA3094					Basal machinery
PA3106	PA3106					Basal machinery
PA3109	PA3109					Basal machinery
PA3110	PA3110					Basal machinery
PA3132	PA3132					Basal machinery
PA3133	PA3133					Basal machinery
PA3177	PA3177					Basal machinery
PA3187	PA3187					Basal machinery
PA3188	PA3188					Basal machinery
PA3189	PA3189					Basal machinery
PA3190	PA3190					Basal machinery
PA3203	PA3203					Basal machinery
PA3204	PA3204					M20.10
PA3205	PA3205					Basal machinery
PA3214	PA3214					Basal machinery
PA3225	PA3225					Basal machinery
PA3226	PA3226					Basal machinery
PA3229	PA3229					Basal machinery
PA3230	PA3230					Basal machinery
PA3234	PA3234					Basal machinery
PA3235	PA3235					Basal machinery
PA3249	PA3249					Basal machinery
PA3250	PA3250					Basal machinery
PA3251	PA3251					Basal machinery
PA3252	PA3252					Basal machinery
PA3253	PA3253					Basal machinery
PA3254	PA3254					Basal machinery
PA3255	PA3255					Basal machinery
PA3256	PA3256					Basal machinery
PA3261	PA3261					Basal machinery
PA3262	PA3262					Basal machinery
PA3267	PA3267					Basal machinery
PA3268	PA3268					Basal machinery
PA3270	PA3270					Basal machinery
PA3273	PA3273					Basal machinery
PA3274	PA3274					Basal machinery
PA3275	PA3275					Basal machinery
PA3276	PA3276					Basal machinery
PA3281	PA3281					Basal machinery
PA3282	PA3282					Basal machinery
PA3283	PA3283					Basal machinery
PA3284	PA3284					Basal machinery
PA3285	PA3285					Basal machinery
PA3286	PA3286					Basal machinery
PA3288	PA3288					Basal machinery
PA3289	PA3289					Basal machinery
PA3290	PA3290					Basal machinery
PA3291	PA3291					Basal machinery
PA3301	PA3301					Basal machinery
PA3302	PA3302					Basal machinery
PA3305	PA3305					Basal machinery
PA3305.1	PA3305.1	6965615		phrS	PhrS	Basal machinery
PA3306	PA3306					Basal machinery
PA3307	PA3307					Basal machinery
PA3309	PA3309					Basal machinery
PA3311	PA3311					Basal machinery
PA3313	PA3313					Basal machinery
PA3318	PA3318					Basal machinery
PA3325	PA3325					Basal machinery
PA3327	PA3327					Basal machinery
PA3328	PA3328					Basal machinery
PA3329	PA3329					Basal machinery
PA3330	PA3330					Basal machinery
PA3331	PA3331					Basal machinery
PA3332	PA3332					Basal machinery
PA3334	PA3334					Basal machinery
PA3336	PA3336					Basal machinery
PA3340	PA3340					Basal machinery
PA3341	PA3341					Basal machinery
PA3342	PA3342					M20.9
PA3343	PA3343					M20.2
PA3345	PA3345					M20.2
PA3346	PA3346					M20.2
PA3347	PA3347					M20.2
PA3349	PA3349					Basal machinery
PA3352	PA3352					Basal machinery
PA3353	PA3353					Basal machinery
PA3356	PA3356					Basal machinery
PA3358	PA3358					Basal machinery
PA3359	PA3359					Basal machinery
PA3360	PA3360					Basal machinery
PA3367	PA3367					Basal machinery
PA3369	PA3369					Basal machinery
PA3370	PA3370					Basal machinery
PA3371	PA3371					Basal machinery
PA3372	PA3372					Basal machinery
PA3374	PA3374					Basal machinery
PA3375	PA3375					Basal machinery
PA3376	PA3376					Basal machinery
PA3377	PA3377					Basal machinery
PA3378	PA3378					Basal machinery
PA3379	PA3379					Basal machinery
PA3380	PA3380					Basal machinery
PA3381	PA3381					Basal machinery
PA3383	PA3383					Basal machinery
PA3386	PA3386					Basal machinery
PA3390	PA3390					Basal machinery
PA3398	PA3398					M23
PA3400	PA3400					Basal machinery
PA3401	PA3401					Basal machinery
PA3402	PA3402					Basal machinery
PA3403	PA3403					Basal machinery
PA3410	PA3410					M20.1
PA3413	PA3413					Basal machinery
PA3422	PA3422					Basal machinery
PA3428	PA3428					Basal machinery
PA3429	PA3429					Basal machinery
PA3431	PA3431					Basal machinery
PA3432	PA3432					Basal machinery
PA3436	PA3436					Basal machinery
PA3440	PA3440					Basal machinery
PA3441	PA3441					Basal machinery
PA3443	PA3443					Basal machinery
PA3445	PA3445					Basal machinery
PA3446	PA3446					Basal machinery
PA3451	PA3451					Basal machinery
PA3455	PA3455					Basal machinery
PA3457	PA3457					Basal machinery
PA3458	PA3458					Basal machinery
PA3459	PA3459					Basal machinery
PA3460	PA3460					Basal machinery
PA3461	PA3461					Basal machinery
PA3465	PA3465					Basal machinery
PA3481	PA3481					Basal machinery
PA3488	PA3488					Basal machinery
PA3489	PA3489					Basal machinery
PA3510	PA3510					Basal machinery
PA3513	PA3513					M20.9
PA3514	PA3514					Basal machinery
PA3515	PA3515					Basal machinery
PA3516	PA3516					Basal machinery
PA3517	PA3517					Basal machinery
PA3518	PA3518					Basal machinery
PA3519	PA3519					Basal machinery
PA3520	PA3520					Basal machinery
PA3522	PA3522					Basal machinery
PA3523	PA3523					M14
PA3526	PA3526					Basal machinery
PA3529	PA3529					Basal machinery
PA3530	PA3530					Basal machinery
PA3533	PA3533					Basal machinery
PA3535	PA3535					Basal machinery
PA3535.1	PA3535.1					Basal machinery
PA3538	PA3538					Basal machinery
PA3559	PA3559					Intermodular
PA3564	PA3564					Basal machinery
PA3565	PA3565					Basal machinery
PA3567	PA3567					Basal machinery
PA3572	PA3572					Basal machinery
PA3573	PA3573					Basal machinery
PA3588	PA3588					Basal machinery
PA3589	PA3589					Basal machinery
PA3590	PA3590					Basal machinery
PA3591	PA3591					Basal machinery
PA3592	PA3592					Basal machinery
PA3593	PA3593					Basal machinery
PA3594	PA3594					Basal machinery
PA3595	PA3595					Basal machinery
PA3596	PA3596					Basal machinery
PA3597	PA3597					Basal machinery
PA3599	PA3599					Basal machinery
PA3602	PA3602					Basal machinery
PA3605	PA3605					Basal machinery
PA3611	PA3611					Basal machinery
PA3612	PA3612					Basal machinery
PA3631	PA3631					Basal machinery
PA3632	PA3632					Basal machinery
PA3641	PA3641					Basal machinery
PA3649	PA3649					Basal machinery
PA3662	PA3662					Basal machinery
PA3669	PA3669					M20.9
PA3670	PA3670					Basal machinery
PA3676	PA3676					Basal machinery
PA3677	PA3677					Basal machinery
PA3678	PA3678					Basal machinery
PA3688	PA3688					Basal machinery
PA3691	PA3691					Basal machinery
PA3710	PA3710					Basal machinery
PA3711	PA3711					Basal machinery
PA3717	PA3717					Basal machinery
PA3722	PA3722					M20.9
PA3729	PA3729					Basal machinery
PA3730	PA3730					Basal machinery
PA3731	PA3731					Basal machinery
PA3733	PA3733					Basal machinery
PA3734	PA3734					Basal machinery
PA3740	PA3740					Basal machinery
PA3747	PA3747					Basal machinery
PA3748	PA3748					Basal machinery
PA3749	PA3749					Basal machinery
PA3759	PA3759					Basal machinery
PA3761	PA3761					Basal machinery
PA3762	PA3762					Basal machinery
PA3771	PA3771					Basal machinery
PA3774	PA3774					M20.9
PA3782	PA3782					Basal machinery
PA3783	PA3783					Basal machinery
PA3786	PA3786					Basal machinery
PA3793	PA3793					Basal machinery
PA3794	PA3794					Basal machinery
PA3795	PA3795					Basal machinery
PA3798	PA3798					Basal machinery
PA3808	PA3808					M4
PA3819	PA3819					Basal machinery
PA3822	PA3822					Basal machinery
PA3826	PA3826					Basal machinery
PA3827	PA3827					Basal machinery
PA3828	PA3828					Basal machinery
PA3833	PA3833					Basal machinery
PA3835	PA3835					Basal machinery
PA3836	PA3836					Basal machinery
PA3843	PA3843					Basal machinery
PA3854	PA3854					M20.33
PA3856	PA3856					Basal machinery
PA3858	PA3858					Basal machinery
PA3865.1	PA3865.1					Basal machinery
PA3866	PA3866					Basal machinery
PA3867	PA3867					Basal machinery
PA3868	PA3868					Basal machinery
PA3869	PA3869					Basal machinery
PA3871	PA3871					Basal machinery
PA3880	PA3880					Basal machinery
PA3888	PA3888					Basal machinery
PA3889	PA3889					Basal machinery
PA3890	PA3890					Basal machinery
PA3891	PA3891					Basal machinery
PA3892	PA3892					Basal machinery
PA3898	PA3898					M20.17
PA3899	PA3899					Global regulator
PA3900	PA3900					Basal machinery
PA3907	PA3907					Basal machinery
PA3912	PA3912					Basal machinery
PA3919	PA3919					Basal machinery
PA3920	PA3920					Basal machinery
PA3921	PA3921					Basal machinery
PA3925	PA3925					Basal machinery
PA3931	PA3931					Basal machinery
PA3933	PA3933					Basal machinery
PA3934	PA3934					Basal machinery
PA3936	PA3936					Basal machinery
PA3939	PA3939					Basal machinery
PA3940	PA3940					Basal machinery
PA3945	PA3945					Basal machinery
PA3951	PA3951					Basal machinery
PA3952	PA3952					M21
PA3954	PA3954					Basal machinery
PA3956	PA3956					Basal machinery
PA3957	PA3957					Basal machinery
PA3959	PA3959					Basal machinery
PA3962	PA3962					Basal machinery
PA3965	PA3965					Basal machinery
PA3966	PA3966					Basal machinery
PA3971	PA3971					Basal machinery
PA3972	PA3972					Basal machinery
PA3973	PA3973					Basal machinery
PA3983	PA3983					Basal machinery
PA3992	PA3992					Basal machinery
PA3995	PA3995					Basal machinery
PA4009	PA4009					Basal machinery
PA4010	PA4010					Basal machinery
PA4011	PA4011					Basal machinery
PA4012	PA4012					Basal machinery
PA4013	PA4013					Basal machinery
PA4014	PA4014					Basal machinery
PA4015	PA4015					Basal machinery
PA4017	PA4017					Basal machinery
PA4019	PA4019					Basal machinery
PA4021	PA4021					Basal machinery
PA4022	PA4022					Basal machinery
PA4023	PA4023					Basal machinery
PA4030	PA4030					Basal machinery
PA4033	PA4033					Basal machinery
PA4037	PA4037					Basal machinery
PA4038	PA4038					Basal machinery
PA4039	PA4039					Basal machinery
PA4040	PA4040					Basal machinery
PA4045	PA4045					Basal machinery
PA4046	PA4046					Basal machinery
PA4068	PA4068					Basal machinery
PA4069	PA4069					Basal machinery
PA4070	PA4070					Basal machinery
PA4076	PA4076					Basal machinery
PA4077	PA4077					Basal machinery
PA4078	PA4078					Basal machinery
PA4079	PA4079					Basal machinery
PA4080	PA4080					Basal machinery
PA4087	PA4087					Basal machinery
PA4088	PA4088					Basal machinery
PA4089	PA4089					Basal machinery
PA4090	PA4090					Basal machinery
PA4112	PA4112					Basal machinery
PA4114	PA4114					Basal machinery
PA4115	PA4115					Basal machinery
PA4121	PA4121					Basal machinery
PA4122	PA4122					Basal machinery
PA4131	PA4131					Basal machinery
PA4132	PA4132					Basal machinery
PA4135	PA4135					Basal machinery
PA4137	PA4137					Basal machinery
PA4139	PA4139					Basal machinery
PA4141	PA4141					Basal machinery
PA4142	PA4142					Basal machinery
PA4143	PA4143					Basal machinery
PA4144	PA4144					M21
PA4148	PA4148					M17
PA4149	PA4149					M17
PA4150	PA4150					M17
PA4152	PA4152					M17
PA4153	PA4153					M17
PA4167	PA4167					Basal machinery
PA4170	PA4170					Basal machinery
PA4171	PA4171					Basal machinery
PA4172	PA4172					Basal machinery
PA4173	PA4173					Basal machinery
PA4177	PA4177					Basal machinery
PA4181	PA4181					M41
PA4182	PA4182					M41
PA4185	PA4185					Basal machinery
PA4188	PA4188					Basal machinery
PA4198	PA4198					Basal machinery
PA4199	PA4199					Basal machinery
PA4200	PA4200					Basal machinery
PA4202	PA4202					Basal machinery
PA4203	PA4203					Basal machinery
PA4218	PA4218					Basal machinery
PA4222	PA4222					Basal machinery
PA4223	PA4223					M21
PA4287	PA4287					M21
PA4289	PA4289					Basal machinery
PA4290	PA4290					Basal machinery
PA4291	PA4291					Basal machinery
PA4294	PA4294					Basal machinery
PA4298	PA4298					Basal machinery
PA4299	PA4299	PseudoCap:PA429	Q9HWA1	tadD	protein TadD	Basal machinery
PA4308	PA4308					Basal machinery
PA4311	PA4311					Basal machinery
PA4312	PA4312					Basal machinery
PA4313	PA4313					Basal machinery
PA4317	PA4317					Basal machinery
PA4318	PA4318					Basal machinery
PA4319	PA4319					Basal machinery
PA4320	PA4320					Basal machinery
PA4321	PA4321					Basal machinery
PA4322	PA4322					Basal machinery
PA4323	PA4323					Basal machinery
PA4324	PA4324					Basal machinery
PA4325	PA4325					Basal machinery
PA4326	PA4326					Basal machinery
PA4338	PA4338					Basal machinery
PA4340	PA4340					M20.33
PA4341	PA4341					Basal machinery
PA4343	PA4343					Basal machinery
PA4345	PA4345					Basal machinery
PA4350	PA4350					Basal machinery
PA4351	PA4351					Basal machinery
PA4352	PA4352					Basal machinery
PA4354	PA4354					M37
PA4355	PA4355					M37
PA4357	PA4357					Basal machinery
PA4362	PA4362					Basal machinery
PA4365	PA4365					M41
PA4368	PA4368					Basal machinery
PA4369	PA4369					Basal machinery
PA4374	PA4374					Basal machinery
PA4375	PA4375					Basal machinery
PA4387	PA4387					Basal machinery
PA4388	PA4388					Basal machinery
PA4390	PA4390					Basal machinery
PA4392	PA4392					Basal machinery
PA4394	PA4394					Basal machinery
PA4424	PA4424					Basal machinery
PA4429	PA4429					Basal machinery
PA4430	PA4430					Basal machinery
PA4431	PA4431					Basal machinery
PA4434	PA4434					Basal machinery
PA4437	PA4437					Basal machinery
PA4441	PA4441					Basal machinery
PA4452	PA4452					Basal machinery
PA4453	PA4453					Basal machinery
PA4454	PA4454					Basal machinery
PA4455	PA4455					Basal machinery
PA4456	PA4456					Basal machinery
PA4458	PA4458					Basal machinery
PA4463	PA4463					Basal machinery
PA4465	PA4465					Basal machinery
PA4467	PA4467					Basal machinery
PA4473	PA4473					Basal machinery
PA4475	PA4475					Basal machinery
PA4488	PA4488					Basal machinery
PA4496	PA4496					Basal machinery
PA4497	PA4497					Basal machinery
PA4498	PA4498					Basal machinery
PA4500	PA4500					Basal machinery
PA4502	PA4502					Basal machinery
PA4510	PA4510					Basal machinery
PA4520	PA4520					Basal machinery
PA4523	PA4523					Basal machinery
PA4540	PA4540					Basal machinery
PA4558	PA4558					Basal machinery
PA4564	PA4564					Basal machinery
PA4570	PA4570					Basal machinery
PA4573	PA4573					Basal machinery
PA4574	PA4574					Basal machinery
PA4575	PA4575					Basal machinery
PA4582	PA4582					Basal machinery
PA4584	PA4584					Basal machinery
PA4586	PA4586					Basal machinery
PA4591	PA4591					Basal machinery
PA4592	PA4592					Basal machinery
PA4593	PA4593					Basal machinery
PA4594	PA4594					Basal machinery
PA4595	PA4595					M20.7
PA4596	PA4596					M25
PA4607	PA4607					Basal machinery
PA4608	PA4608					Basal machinery
PA4611	PA4611					Basal machinery
PA4612	PA4612					Basal machinery
PA4615	PA4615					M4
PA4616	PA4616					Basal machinery
PA4620	PA4620					Basal machinery
PA4623	PA4623					Basal machinery
PA4624	PA4624					Basal machinery
PA4625	PA4625					Basal machinery
PA4631	PA4631					Basal machinery
PA4632	PA4632					Basal machinery
PA4633	PA4633					Basal machinery
PA4639	PA4639					Basal machinery
PA4643	PA4643					Basal machinery
PA4644	PA4644					Basal machinery
PA4645	PA4645					Basal machinery
PA4648	PA4648					Basal machinery
PA4649	PA4649					Basal machinery
PA4650	PA4650					Basal machinery
PA4651	PA4651					Basal machinery
PA4652	PA4652					Basal machinery
PA4653	PA4653					Basal machinery
PA4654	PA4654					Basal machinery
PA4656	PA4656					Basal machinery
PA4657	PA4657					Basal machinery
PA4667	PA4667					Basal machinery
PA4674	PA4674					Basal machinery
PA4675	PA4675					Basal machinery
PA4676	PA4676					M20.33
PA4677	PA4677					Basal machinery
PA4680	PA4680					Basal machinery
PA4681	PA4681					Basal machinery
PA4682	PA4682					Basal machinery
PA4683	PA4683					Basal machinery
PA4684	PA4684					Basal machinery
PA4685	PA4685					Basal machinery
PA4686	PA4686					Basal machinery
PA4697	PA4697					Basal machinery
PA4698	PA4698					Basal machinery
PA4699	PA4699					Basal machinery
PA4702	PA4702					Basal machinery
PA4703	PA4703					Basal machinery
PA4713	PA4713					Basal machinery
PA4714	PA4714					Basal machinery
PA4717	PA4717					Basal machinery
PA4726.11	PA4726.11	9793394		crcZ	CrcZ	M20.1
PA4734	PA4734					Basal machinery
PA4735	PA4735					Basal machinery
PA4738	PA4738					Basal machinery
PA4739	PA4739					Basal machinery
PA4754	PA4754					Basal machinery
PA4757	PA4757					Basal machinery
PA4772	PA4772					Basal machinery
PA4778	PA4778	881842	Q9HV30	cueR	protein CueR	M14
PA4781	PA4781					Basal machinery
PA4782	PA4782					Basal machinery
PA4783	PA4783					Basal machinery
PA4786	PA4786					Basal machinery
PA4788	PA4788					Basal machinery
PA4793	PA4793					Basal machinery
PA4794	PA4794					Basal machinery
PA4795	PA4795					Basal machinery
PA4796	PA4796					Basal machinery
PA4806	PA4806					Basal machinery
PA4821	PA4821					Basal machinery
PA4822	PA4822					Basal machinery
PA4823	PA4823					Basal machinery
PA4824	PA4824					Basal machinery
PA4826	PA4826					Basal machinery
PA4828	PA4828					Basal machinery
PA4832	PA4832					Basal machinery
PA4833	PA4833					Basal machinery
PA4834	PA4834					Basal machinery
PA4835	PA4835					Basal machinery
PA4836	PA4836					Basal machinery
PA4837	PA4837					Basal machinery
PA4838	PA4838					Basal machinery
PA4841	PA4841					Basal machinery
PA4842	PA4842					Basal machinery
PA4849	PA4849					Basal machinery
PA4853	PA4853	880045	Q9HUW0	fis	Fis family transcriptional regulator	M20.27
PA4858	PA4858					Basal machinery
PA4860	PA4860					Basal machinery
PA4861	PA4861					Basal machinery
PA4862	PA4862					Basal machinery
PA4863	PA4863					Basal machinery
PA4866	PA4866					Basal machinery
PA4870	PA4870					Basal machinery
PA4874	PA4874					Basal machinery
PA4875	PA4875					Basal machinery
PA4877	PA4877					Basal machinery
PA4878	PA4878					M20.6
PA4879	PA4879					Basal machinery
PA4880	PA4880					Basal machinery
PA4881	PA4881					Basal machinery
PA4894	PA4894					Basal machinery
PA4896	PA4896					M20.1
PA4899	PA4899					Basal machinery
PA4900	PA4900					Basal machinery
PA4902	PA4902					M21
PA4903	PA4903					Basal machinery
PA4908	PA4908					Basal machinery
PA4909	PA4909					Basal machinery
PA4913	PA4913					Basal machinery
PA4915	PA4915					Basal machinery
PA4923	PA4923					Basal machinery
PA4925	PA4925					Basal machinery
PA4926	PA4926					Basal machinery
PA4927	PA4927					Basal machinery
PA4928	PA4928					Basal machinery
PA4929	PA4929					Basal machinery
PA4933	PA4933					Basal machinery
PA4948	PA4948					Basal machinery
PA4949	PA4949					Basal machinery
PA4955	PA4955					Basal machinery
PA4958	PA4958					Basal machinery
PA4963	PA4963					Basal machinery
PA4980	PA4980					Basal machinery
PA4985	PA4985					Basal machinery
PA4986	PA4986					Basal machinery
PA4987	PA4987					Basal machinery
PA4992	PA4992					Basal machinery
PA5001	PA5001					Basal machinery
PA5017	PA5017					Basal machinery
PA5022	PA5022					Basal machinery
PA5023	PA5023					Basal machinery
PA5024	PA5024					Basal machinery
PA5029	PA5029					Basal machinery
PA5030	PA5030					Basal machinery
PA5037	PA5037					Basal machinery
PA5055	PA5055					Basal machinery
PA5059	PA5059					Basal machinery
PA5062	PA5062					Basal machinery
PA5071	PA5071					Basal machinery
PA5072	PA5072					Basal machinery
PA5074	PA5074					Basal machinery
PA5075	PA5075					Basal machinery
PA5076	PA5076					Basal machinery
PA5080	PA5080					Basal machinery
PA5082	PA5082					M39
PA5083	PA5083					M39
PA5085	PA5085					M39
PA5087	PA5087					Basal machinery
PA5088	PA5088					Basal machinery
PA5101	PA5101					Basal machinery
PA5102	PA5102					Basal machinery
PA5103	PA5103					Basal machinery
PA5106	PA5106					M21
PA5108	PA5108					Basal machinery
PA5109	PA5109					Basal machinery
PA5115	PA5115					Basal machinery
PA5121	PA5121					Basal machinery
PA5130	PA5130					Basal machinery
PA5132	PA5132					Basal machinery
PA5136	PA5136					Basal machinery
PA5137	PA5137					Basal machinery
PA5138	PA5138					Basal machinery
PA5139	PA5139					Basal machinery
PA5146	PA5146					Basal machinery
PA5148	PA5148					Basal machinery
PA5149.1	PA5149.1					Basal machinery
PA5150	PA5150					Basal machinery
PA5152	PA5152					Basal machinery
PA5153	PA5153					Basal machinery
PA5154	PA5154					Basal machinery
PA5155	PA5155					Basal machinery
PA5157	PA5157					Basal machinery
PA5158	PA5158					Basal machinery
PA5159	PA5159					Intermodular
PA5160	PA5160					Intermodular
PA5166	PA5166					M20.28
PA5167	PA5167					Basal machinery
PA5174	PA5174					Basal machinery
PA5181.1	PA5181.1					Basal machinery
PA5182	PA5182					Basal machinery
PA5183	PA5183					Basal machinery
PA5190	PA5190					Basal machinery
PA5195	PA5195					Basal machinery
PA5205	PA5205					Basal machinery
PA5207	PA5207					Basal machinery
PA5208	PA5208					Basal machinery
PA5210	PA5210					Basal machinery
PA5212	PA5212					Basal machinery
PA5216	PA5216					Basal machinery
PA5217	PA5217					Basal machinery
PA5218	PA5218					Basal machinery
PA5219	PA5219					Basal machinery
PA5220	PA5220					Basal machinery
PA5221	PA5221					Basal machinery
PA5222	PA5222					Basal machinery
PA5225	PA5225					Basal machinery
PA5226	PA5226					Basal machinery
PA5228	PA5228					Basal machinery
PA5229	PA5229					Basal machinery
PA5232	PA5232					Basal machinery
PA5236	PA5236					Basal machinery
PA5238	PA5238					Basal machinery
PA5244	PA5244					Basal machinery
PA5245	PA5245					Basal machinery
PA5246	PA5246					Basal machinery
PA5258	PA5258					Basal machinery
PA5273	PA5273					Basal machinery
PA5279	PA5279					Basal machinery
PA5281	PA5281					Basal machinery
PA5283	PA5283					Basal machinery
PA5284	PA5284					Basal machinery
PA5285	PA5285					Basal machinery
PA5286	PA5286					Basal machinery
PA5289	PA5289					Basal machinery
PA5290	PA5290					Basal machinery
PA5291	PA5291					Basal machinery
PA5293	PA5293					Basal machinery
PA5295	PA5295					M24
PA5301	PA5301					Basal machinery
PA5303	PA5303					Basal machinery
PA5307	PA5307					Basal machinery
PA5312	PA5312					Basal machinery
PA5313	PA5313					Basal machinery
PA5314	PA5314					Basal machinery
PA5319	PA5319	877886	Q9HTN5	radC	DNA repair protein RadC	Basal machinery
PA5324	PA5324					Global regulator
PA5342	PA5342					Basal machinery
PA5343	PA5343					Basal machinery
PA5359	PA5359					Basal machinery
PA5376	PA5376					Basal machinery
PA5382	PA5382					Basal machinery
PA5383	PA5383					Basal machinery
PA5384	PA5384					M35
PA5388	PA5388					M35
PA5397	PA5397					Basal machinery
PA5403	PA5403					M20.1
PA5412	PA5412					Basal machinery
PA5423	PA5423					Basal machinery
PA5428	PA5428					Basal machinery
PA5438	PA5438					M12
PA5440	PA5440					Basal machinery
PA5446	PA5446					Basal machinery
PA5460	PA5460					Basal machinery
PA5461	PA5461					Basal machinery
PA5462	PA5462					Basal machinery
PA5463	PA5463					Basal machinery
PA5464	PA5464					Basal machinery
PA5471	PA5471					M20.8
PA5472	PA5472					Basal machinery
PA5473	PA5473					Basal machinery
PA5477	PA5477					Basal machinery
PA5481	PA5481					Basal machinery
PA5482	PA5482					Basal machinery
PA5487	PA5487					Basal machinery
PA5488	PA5488					Basal machinery
PA5492.1	PA5492.1					Basal machinery
PA5504	PA5504					Basal machinery
PA5505	PA5505					Basal machinery
PA5506	PA5506					Basal machinery
PA5507	PA5507					Basal machinery
PA5508	PA5508					Basal machinery
PA5510	PA5510					Basal machinery
PA5514	PA5514					Basal machinery
PA5517	PA5517					M20.9
PA5518	PA5518					Basal machinery
PA5519	PA5519					Basal machinery
PA5522	PA5522					Basal machinery
PA5523	PA5523					Basal machinery
PA5524	PA5524					Basal machinery
PA5525	PA5525					Basal machinery
PA5526	PA5526					Basal machinery
PA5530	PA5530					Intermodular
PA5537	PA5537					Basal machinery
PA5543	PA5543					Basal machinery
PA5546	PA5546					Basal machinery
PA5566	PA5566					Basal machinery
PrrF1	PA4704.1	4179187		prrF1	regulatory RNA PrrF1	M21
PrrF2	PA4704.2	4179185		prrF2	regulatory RNA PrrF2	Basal machinery
accA	PA3639	880489	Q9HXZ2		acetyl-CoA carboxylase carboxyltransferase subunit alpha	Basal machinery
accB	PA4847	879557	P37799	fabE	acetyl-CoA carboxylase biotin carboxyl carrier protein subunit	Basal machinery
accC	PA4848	879558	P37798	fabG	acetyl-CoA carboxylase biotin carboxylase subunit	Basal machinery
aceE	PA5015	881326	Q59637	aceA	pyruvate dehydrogenase subunit E1	Basal machinery
acnA	PA1562	879412	Q9I3F5		aconitate hydratase	Basal machinery
acnB	PA1787	879984	Q9I2V5		bifunctional aconitate hydratase 2/2-methylisocitrate dehydratase	Basal machinery
acoB	PA4151	880055	Q9HWN0		acetoin catabolism protein AcoB	M17
acoR	PA4147	880118	Q9HWN4		transcriptional regulator AcoR	M17
acpP1	PA2966	879895	O54439	acpP	acyl carrier protein	M20.9
acpP2	PA1869	881955	O52658		acyl carrier protein	Basal machinery
acsA1	PA0887	879732	Q9I558	acsA	acetyl-CoA synthetase	Intermodular
acyP	PA0954	882022	Q9I504		acylphosphatase	Basal machinery
ada	PA2118	879834	Q9I1Z7		O6-methylguanine-DNA methyltransferase	Basal machinery
adcA	PA4843	879632	Q9HUW7	gcbA	two-component response regulator	Basal machinery
adhA	PA5427	877625	Q9HTD9		alcohol dehydrogenase	Basal machinery
aer	PA1561	879271	Q9I3F6		aerotaxis receptor Aer	Basal machinery
aer2	PA0176	882219	Q9I6V6		aerotaxis transducer Aer2	Basal machinery
agmR	PA1978	880879	P29369	erbR,glpR	response regulator ErbR	M24
aguA	PA0292	879730	Q9I6J9		agmatine deiminase	M29
aguB	PA0293	880699	Q9I6J8		N-carbamoylputrescine amidohydrolase	M29
aguR	PA0294	880857	Q9I6J7		transcriptional regulator AguR	M29
ahpC	PA0139	879431	Q9I6Z3		alkyl hydroperoxide reductase	Basal machinery
alc	PA1515	883130	Q9I3J8		allantoicase	Basal machinery
alg44	PA3542	878770	Q9HY69		alginate biosynthesis protein Alg44	Intermodular
alg8	PA3541	879005	Q52463		alginate biosynthesis protein Alg8	Intermodular
algA	PA3551	879142	P07874	pmi	phosphomannose isomerase / guanosine 5'-diphospho-D-mannose pyrophosphorylase	Intermodular
algB	PA5483	877696	P23747		two-component response regulator AlgB	M20.22
algC	PA5322	879406	P26276		phosphomannomutase	M20.18
algD	PA3540	879004	P11759		GDP-mannose 6-dehydrogenase AlgD	Intermodular
algE	PA3544	879838	P18895	alg76	Alginate production outer membrane protein AlgE	Intermodular
algF	PA3550	878717	Q06062		alginate o-acetyltransferase AlgF	Intermodular
algG	PA3545	879839	Q51371		alginate-c5-mannuronan-epimerase AlgG	Intermodular
algI	PA3548	877959	Q51392		alginate o-acetyltransferase AlgI	Intermodular
algJ	PA3549	878716	Q51393		alginate o-acetyltransferase AlgJ	Intermodular
algK	PA3543	878771	P96956		alginate biosynthetic protein AlgK	Intermodular
algL	PA3547	878552	Q06749		poly(beta-D-mannuronate) lyase	Intermodular
algP	PA5253	880806	P15276	algR3	alginate regulatory protein AlgP	Basal machinery
algQ	PA5255	879719	P15275	algR2	anti-RNA polymerase sigma 70 factor	Basal machinery
algR	PA5261	877674	P26275		alginate biosynthesis regulatory protein AlgR	Global regulator
algU	PA0762	882125	Q06198	algT	RNA polymerase sigma factor AlgU	Global regulator
algW	PA4446	880976	Q9HVX1		AlgW protein	M20.19
algX	PA3546	878551	Q51372		alginate biosynthesis protein AlgX	Intermodular
algZ	PA5262	879635	G3XCZ2		alginate biosynthesis protein AlgZ/FimS	M20.18
allA	PA1514	PseudoCap:PA151	Q9I3J9		ureidoglycolate hydrolase	Basal machinery
alr	PA4930	878646	Q9HUN4		biosynthetic alanine racemase	Basal machinery
amgR	PA5200	880301	Q9HTY9		osmolarity response regulator	M20.15
amgS	PA5199	880300	Q9HTZ0		protein AmgS	Basal machinery
amiB	PA4947	877799	Q51416		chaperone	Basal machinery
amiC	PA3364	877798	P27017		aliphatic amidase expression-regulating protein	Basal machinery
amiR	PA3363	880573	P10932		aliphatic amidase regulator	M20.33
amn	PA3970	878880	Q9HX46		AMP nucleosidase	Basal machinery
ampC	PA4110	878149	P24735		beta-lactamase	Basal machinery
ampD	PA4522	881105	G3XCW9		N-acetyl-anhydromuranmyl-L-alanine amidase	Basal machinery
ampDh2	PA5485	PseudoCap:PA548	Q9HT86		protein AmpDh2	Basal machinery
ampDh3	PA0807	PseudoCap:PA080	Q9I5D1		protein AmpDh3	Basal machinery
ampG	PA4393	881279	G3XCT7		AmpG protein	Basal machinery
ampR	PA4109	877983	P24734		transcriptional regulator AmpR	Global regulator
amrZ	PA3385	878714	G3XCY4		alginate and motility regulator Z	Global regulator
amtB	PA5287	879509	Q9HTR7		ammonium transporter	Basal machinery
anr	PA1544	883009	P23926		transcriptional regulator Anr	Global regulator
ansA	PA2253	878133	Q9I1L6		L-asparaginase I	M38
antA	PA2512	882892	Q9I0X0		anthranilate dioxygenase large subunit	M19
antB	PA2513	882978	Q9I0W9		anthranilate dioxygenase small subunit	M19
antC	PA2514	882979	Q9I0W8		anthranilate dioxygenase reductase	M19
aotJ	PA0888	879210	G3XD47		arginine/ornithine binding protein AotJ	Intermodular
aotM	PA0890	880652	G3XCZ5		arginine/ornithine transporter AotM	M20.1
aotO	PA0891	877572	G3XCZ4		hypothetical protein	Basal machinery
aotP	PA0892	882247	O30506		arginine/ornithine transporter AotP	M20.1
aotQ	PA0889	882205	Q9I557		arginine/ornithine transporter AotQ	M20.1
aprA	PA1249	881248	Q03023		alkaline metalloproteinase	M11
aprD	PA1246	881263	Q03024		alkaline protease secretion protein AprD	Basal machinery
aprE	PA1247	881276	Q03025		alkaline protease secretion protein AprE	Basal machinery
aprF	PA1248	881227	Q03027		alkaline protease secretion outer membrane protein AprF	Basal machinery
aprX	PA1245	881251	G3XCU0		hypothetical protein	Basal machinery
apt	PA1543	879394	Q04633		adenine phosphoribosyltransferase	Basal machinery
arcA	PA5171	881801	P13981		arginine deiminase	Basal machinery
arcB	PA5172	881792	P08308		ornithine carbamoyltransferase	Basal machinery
arcC	PA5173	881793	P13982		carbamate kinase	Basal machinery
arcD	PA5170	881800	P18275		arginine/ornithine antiporter	Basal machinery
argA	PA5204	879475	P22567		N-acetylglutamate synthase	Basal machinery
argB	PA5323	879620	Q9HTN2		acetylglutamate kinase	Basal machinery
argC	PA0662	882004	Q9I5Q9		N-acetyl-gamma-glutamyl-phosphate reductase	Basal machinery
argF	PA3537	878793	P11724		ornithine carbamoyltransferase	Basal machinery
argG	PA3525	878872	Q9HY84		argininosuccinate synthase	Basal machinery
argJ	PA4402	881305	Q9HW04		bifunctional ornithine acetyltransferase/N-acetylglutamate synthase	Basal machinery
argP	PA4363	881413	Q9HW38	iciA	chromosome replication initiation inhibitor protein	M41
argR	PA0893	879434	G3XCU2		transcriptional regulator ArgR	Global regulator
armR	PA3719	PseudoCap:PA3719	Q9HXS2		MexR antirepressor ArmR	M20.4
arnA	PA3554	PseudoCap:PA355	Q9HY63		bifunctional UDP-glucuronic acid decarboxylase/UDP-4-amino-4-deoxy-L-arabinose formyltransferase	Intermodular
arnB	PA3552	PseudoCap:PA355	Q9HY65		UDP-4-amino-4-deoxy-L-arabinose--oxoglutarate aminotransferase	Intermodular
arnC	PA3553	PseudoCap:PA355	Q9HY64		protein ArnC	Intermodular
arnD	PA3555	PseudoCap:PA355	Q9HY62		protein ArnD	Intermodular
arnE	PA3557	PseudoCap:PA355	Q9HY60		protein ArnE	Intermodular
arnF	PA3558	PseudoCap:PA355	Q9HY59		hypothetical protein	Intermodular
arnT	PA3556	879122	Q9HY61		4-amino-4-deoxy-L-arabinose transferase	Intermodular
aroB	PA5038	881253	P34002		3-dehydroquinate synthase	Basal machinery
aroE	PA0025	879716	Q9I6P4		shikimate 5-dehydrogenase	Basal machinery
aroP1	PA3000	880559	Q9HZK5		aromatic amino acid transporter AroP1	Basal machinery
aroQ	PA5184	881600	Q9HU05		chorismate mutase	Basal machinery
aroQ1	PA4846	878093	O30557	aroQ	3-dehydroquinate dehydratase	Basal machinery
aruC	PA0895	878207	O30508	astC,dapC,argD	bifunctional N-succinyldiaminopimelate-aminotransferase/acetylornithine transaminase protein	Basal machinery
aruG	PA0897	883082	P80358		arginine/ornithine succinyltransferase AII subunit	Basal machinery
aruH	PA4976	PseudoCap:PA497	Q9HUI9		arginine:pyruvate transaminase, AruH	Basal machinery
aruI	PA4977	PseudoCap:PA497	Q9HUI8		hypothetical protein	Basal machinery
asd	PA3117	882803	Q51344		aspartate-semialdehyde dehydrogenase	Basal machinery
aspA	PA5429	878603	Q9HTD7		aspartate ammonia-lyase	Basal machinery
aspC	PA3139	882671	P72173		aromatic amino acid aminotransferase	Basal machinery
astA	PA0896	879437	P80357	aruF	arginine/ornithine succinyltransferase AI subunit	Basal machinery
astB	PA0899	878588	O50175	aruB	succinylarginine dihydrolase	Basal machinery
astD	PA0898	883040	O50174	aruD	succinylglutamic semialdehyde dehydrogenase	Basal machinery
astE	PA0901	878165	O50177	aruE	succinylglutamate desuccinylase	Basal machinery
atpA	PA5556	877752	Q9HT18		ATP synthase F0F1 subunit alpha	Basal machinery
atpB	PA5560	880089	Q9HT14		ATP synthase F0F1 subunit A	Basal machinery
atpC	PA5553	878082	Q9HT21		ATP synthase F0F1 subunit epsilon	Basal machinery
atpD	PA5554	878083	Q9HT20		ATP synthase F0F1 subunit beta	Basal machinery
atpE	PA5559	880088	Q9HT15		ATP synthase F0F1 subunit C	Basal machinery
atpF	PA5558	878510	Q9HT16		ATP synthase F0F1 subunit B	Basal machinery
atpG	PA5555	877751	Q9HT19		ATP synthase F0F1 subunit gamma	Basal machinery
atpH	PA5557	878509	Q9HT17		ATP synthase F0F1 subunit delta	Basal machinery
atpI	PA5561	878128	Q9HT13		F0F1 ATP synthase subunit I	Basal machinery
atuA	PA2886	PseudoCap:PA288	Q9HZW1		hypothetical protein	M21
atuB	PA2887	PseudoCap:PA288	Q9HZW0		citronellol catabolism dehydrogenase	M21
atuC	PA2888	PseudoCap:PA288	Q9HZV9		geranyl-CoA carboxylase subunit beta	M21
atuD	PA2889	PseudoCap:PA288	Q9HZV8		citronellyl-CoA dehydrogenase	M21
atuE	PA2890	PseudoCap:PA289	Q9HZV7		isohexenylglutaconyl-CoA hydratase	M21
atuF	PA2891	PseudoCap:PA289	Q9HZV6		geranyl-CoA carboxylase subunit alpha	M21
atuG	PA2892	PseudoCap:PA289	Q9HZV5		short-chain dehydrogenase	M21
atuH	PA2893	PseudoCap:PA289	Q9HZV4		long-chain-acyl-CoA synthetase	M21
atuR	PA2885	PseudoCap:PA288	Q9HZW2		repressor of atu genes	M21
azoR1	PA0785	PseudoCap:PA078	Q9I5F3		FMN-dependent NADH-azoreductase AzoR	Basal machinery
azu	PA4922	878046	P00282		azurin	Basal machinery
bamD	PA4545	877897	P33641	comL	competence protein ComL	Basal machinery
bamE	PA4765	881781	O68562	oprX,omlA	outer membrane lipoprotein OmlA	Basal machinery
bauA	PA0132	879350	Q9I700		beta alanine--pyruvate transaminase	M32
bauB	PA0131	878383	Q9I701		hypothetical protein	M32
bauC	PA0130	880875	Q9I702		aldehyde dehydrogenase	M32
bauD	PA0129	880844	Q9I703	gabP	gamma-aminobutyrate permease	M32
bauR	PA0133	879432	Q9I6Z9		transcriptional regulator	M32
bcp	PA1008	878040	Q9I4W5		bacterioferritin comigratory protein	Basal machinery
bdlA	PA1423	PseudoCap:PA142	Q9I3S1		protein BdlA	Basal machinery
betA	PA5372	881124	Q9HTJ2		choline dehydrogenase	M3
betB	PA5373	881619	Q9HTJ1		betaine aldehyde dehydrogenase	M3
betI	PA5374	881620	Q9HTJ0		BetI family transcriptional regulator	M3
bexR	PA2432	882852	Q9I150		bistable expression regulator, BexR	M11
bfiR	PA4196	880470	Q9HWI5		protein BfiR	Basal machinery
bfiS	PA4197	880350	Q9HWI4		protein BfiS	M20.24
bfmR	PA4101	878752	Q9HWS7		protein BfmR	M26
bfrB	PA3531	879026	Q9HY79		bacterioferritin	Basal machinery
bifA	PA4367	PseudoCap:PA436	Q9HW35		protein BifA	Basal machinery
bioA	PA0420	878017	Q9I693		adenosylmethionine-8-amino-7-oxononanoate aminotransferase	Basal machinery
bioB	PA0500	877668	Q9I618		biotin synthase	Basal machinery
bioC	PA0503	878488	Q9I615		biotin synthesis protein BioC	Basal machinery
bioD	PA0504	878220	Q9I614		dithiobiotin synthetase	Basal machinery
bioF	PA0501	879619	Q9I617		8-amino-7-oxononanoate synthase	Basal machinery
bkdA1	PA2247	877901	Q9I1M2		2-oxoisovalerate dehydrogenase subunit alpha	Basal machinery
bkdA2	PA2248	879226	Q9I1M1		2-oxoisovalerate dehydrogenase subunit beta	Basal machinery
bkdB	PA2249	880679	Q9I1M0		branched-chain alpha-keto acid dehydrogenase subunit E2	Basal machinery
blc	PA5107	880704	Q9HU76		outer membrane lipoprotein Blc	Basal machinery
bolA	PA0857	880702	Q9I584		morphogene protein BolA	Basal machinery
bphO	PA4116	PseudoCap:PA4116	Q9HWR4		heme oxygenase BphO	Basal machinery
bphP	PA4117	PseudoCap:PA4117	Q9HWR3		phytochrome BphP	Basal machinery
braB	PA1590	882083	P19072		branched-chain amino acid transporter	Basal machinery
braZ	PA1971	879216	P25185		branched-chain amino acid ABC transporter	Basal machinery
cafA	PA4477	881046	Q9HVU4		cytoplasmic axial filament protein	M20.24
calB	PA0366	880299	Q9I6C8		aldehyde dehydrogenase	M30
carA	PA4758	881751	P38098		carbamoyl phosphate synthase small subunit	Basal machinery
carB	PA4756	881743	P38100		carbamoyl phosphate synthase large subunit	Basal machinery
cat	PA0706	878374	P26841	catB7	chloramphenicol acetyltransferase	Basal machinery
catA	PA2507	879147	Q9I0X5		catechol 1,2-dioxygenase	Basal machinery
catB	PA2509	882968	Q9I0X3		muconate cycloisomerase I	Basal machinery
catC	PA2508	882967	Q9I0X4		muconolactone delta-isomerase	Basal machinery
cbiD	PA2908	882679	Q9HZT9		cobalt-precorrin-6A synthase	Basal machinery
cbpD	PA0852	877771	Q9I589	lasD	chitin-binding protein CbpD	Basal machinery
cbrA	PA4725	881602	Q9HV74		two-component sensor CbrA	M20.1
cbrB	PA4726	881609	Q9HV73		two-component response regulator CbrB	M20.1
ccmB	PA1476	880948	Q9I3N6		heme exporter protein CcmB	Basal machinery
ccmC	PA1477	881087	Q9I3N5		heme exporter protein CcmC	Basal machinery
ccmD	PA1478	880954	Q9I3N4		hypothetical protein	Basal machinery
ccmE	PA1479	881024	Q9I3N3	cycJ	cytochrome C biogenesis protein CcmE	Basal machinery
ccmF	PA1480	881004	Q9I3N2		cytochrome C biogenesis protein CcmF	Basal machinery
ccmH	PA1482	881029	Q9I3N0		cytochrome C biogenesis protein CcmH	Basal machinery
ccoN1	PA1554	883001	Q9I3G3		cbb3-type cytochrome C oxidase subunit I	M22
ccoN2	PA1557	879347	Q9I3G0		cbb3-type cytochrome C oxidase subunit I	M22
ccoO1	PA1553	883010	Q9I3G4		cbb3-type cytochrome C oxidase subunit II	M22
ccoO2	PA1556	883049	Q9I3G1		cbb3-type cytochrome C oxidase subunit II	M22
ccoP1	PA1552	883043	Q9I3G5		cytochrome C oxidase cbb3-type subunit CcoP	M22
ccoP2	PA1555	883066	Q9I3G2		cytochrome C oxidase cbb3-type subunit CcoP	M22
ccoQ1	PA1552.1	9793392	E1JGJ6		cytochrome C oxidase cbb3-type subunit CcoQ	M22
ccoQ2	PA1555.1	9793391	E1JGJ7		cytochrome C oxidase cbb3-type subunit CcoQ	M22
cdhB	PA5385	PseudoCap:PA5385	Q9HTH9		carnitine dehydrogenase	M35
cdhC	PA5387	PseudoCap:PA5387	Q9HTH7		carnitine dehydrogenase	M35
cdhR	PA5389	PseudoCap:PA5389	Q9HTH5		CdhR family transcriptional regulator	M35
cdsA	PA3651	880465	Q59640	cds	phosphatidate cytidylyltransferase	Basal machinery
cheB1	PA1459	882084	O87125		chemotaxis-specific methylesterase	Basal machinery
cheB2	PA0173	882256	Q9I6V9		chemotaxis-specific methylesterase	Basal machinery
cheD	PA0174	877836	Q9I6V8		hypothetical protein	Basal machinery
cheR2	PA0175	882282	Q9I6V7		chemotaxis protein methyltransferase	Basal machinery
cheY	PA1456	882097	Q51455		chemotaxis protein CheY	Basal machinery
cif	PA2934	PseudoCap:PA2934	Q9HZR3		CFTR inhibitory factor	M34
cifR	PA2931	PseudoCap:PA2931	Q9HZR6		CifR protein	M34
cioA	PA3930	879045	G3XCW8		cyanide insensitive terminal oxidase	M22
cioB	PA3929	879044	G3XD05		cyanide insensitive terminal oxidase	M22
clpA	PA2620	882326	Q9I0L8		ATP-binding protease component ClpA	Basal machinery
clpB	PA4542	879457	Q9HVN5		ClpB protein	Basal machinery
clpP1	PA1801	878359	Q9I2U1	clpP	ATP-dependent Clp protease proteolytic subunit	Basal machinery
clpP2	PA3326	882491	Q9HYR9		ATP-dependent Clp protease proteolytic subunit	Basal machinery
clpS	PA2621	882327	Q9I0L7		hypothetical protein	Basal machinery
clpX	PA1802	878307	Q9I2U0		ATP-dependent protease ATP-binding subunit ClpX	Basal machinery
clsB	PA2155	881323	Q9I1W0		cardiolipin synthase 2	Basal machinery
cmpX	PA1775	877590	G3XCV6		hypothetical protein	M20.11
coIII	PA0108	882001	Q9I724		cytochrome C oxidase subunit III	M22
coaB	PA0723	880778	Q9I5K5		coat protein B of bacteriophage Pf1	Basal machinery
cobA	PA1778	877770	Q9I2W4		uroporphyrin-III C-methyltransferase	Basal machinery
cobB2	PA1197	879533	Q9I4E1		NAD-dependent deacetylase	Basal machinery
cobH	PA2905	882689	Q9HZU2		precorrin-8X methylmutase	Basal machinery
cobL	PA2907	882678	Q9HZU0		precorrin-6y-dependent methyltransferase CobL	Basal machinery
cobO	PA1272	881408	Q9I472		cob(I)yrinic acid a,c-diamide adenosyltransferase	Basal machinery
cobQ	PA1277	881421	Q9I467		cobyric acid synthase	Basal machinery
cobS	PA1281	881439	Q9I463	cobV	cobalamin synthase	Basal machinery
codA	PA0437	877586	Q9I680		cytosine deaminase	Basal machinery
codB	PA0438	877581	Q9I679		cytosine permease	Basal machinery
coxA	PA0106	881877	Q9I726		cytochrome C oxidase subunit I	M22
coxB	PA0105	881940	Q9I727		cytochrome C oxidase subunit II	M22
cpdA	PA4969	880028	Q9HUJ6		cAMP phosphodiesterase	Intermodular
crc	PA5332	878037	G3XDB0		catabolite repression control protein	M20.5
creD	PA0465	881586	Q9I653		hypothetical protein	Basal machinery
crfX	PA1774	878580	Q9I2W6		CrfX protein	Basal machinery
cspA	PA3266	882429	P95459	capB	cold acclimation protein B	Basal machinery
cspD	PA2622	882328	Q9I0L6		cold-shock protein CspD	Basal machinery
csrA	PA0905	878352	O69078	rsmA	carbon storage regulator	M20.1
ctpH	PA2561	882739	G3XDA3		chemotaxis transducer	Basal machinery
ctpL	PA4844	879569	Q9HUW6		chemotaxis transducer	Basal machinery
cttP	PA0180	879336	Q9I6V2		chemotactic transducer for trichloroethylene CttP	Basal machinery
cupA1	PA2128	880862	Q9I1Y7		fimbrial subunit CupA1	Intermodular
cupA4	PA2131	878544	Q9I1Y4		fimbrial subunit CupA4	Basal machinery
cupB1	PA4086	878758	Q9HWU2		fimbrial subunit CupB1	Intermodular
cupB2	PA4085	878725	Q9HWU3		chaperone CupB2	Basal machinery
cupB3	PA4084	878724	Q9HWU4		usher CupB3	Basal machinery
cupB4	PA4083	878709	Q9HWU5		chaperone CupB4	Basal machinery
cupB5	PA4082	878708	Q9HWU6		adhesive protein CupB5	Basal machinery
cupC1	PA0992	880617	Q9I4X7		fimbrial subunit CupC1	Intermodular
cupC3	PA0994	879339	Q9I4X5		usher CupC3	Basal machinery
cyaA	PA5272	877744	Q9HTS8		adenylate cyclase	Basal machinery
cyaB	PA3217	882555	Q9HZ23		protein CyaB	Basal machinery
cyaY	PA5275	877753	Q9HTS5		frataxin-like protein	Basal machinery
cycH	PA1483	881742	Q9I3M9		cytochrome C biogenesis protein	Basal machinery
cynR	PA2054	878112	Q9I261		DNA-binding transcriptional regulator CynR	Basal machinery
cyoA	PA1317	881513	Q9I427		cytochrome o ubiquinol oxidase subunit II	M22
cyoB	PA1318	881481	Q9I426		cytochrome o ubiquinol oxidase subunit I	M22
cyoC	PA1319	881595	Q9I425		cytochrome o ubiquinol oxidase subunit III	M22
cyoD	PA1320	881604	Q9I424		cytochrome o ubiquinol oxidase subunit IV	M22
cyoE1	PA0113	879395	Q9I719		protoheme IX farnesyltransferase	Basal machinery
cyoE2	PA1321	881575	Q9I423	cyoE	protoheme IX farnesyltransferase	M22
cysB	PA1754	883007	G3XCU6		transcriptional regulator CysB	M20.20
cysD	PA4443	880980	O50273		sulfate adenylyltransferase subunit 2	Basal machinery
cysG	PA2611	882317	Q9I0M7		siroheme synthase	Basal machinery
cysH	PA1756	878560	O05927		phosphoadenosine phosphosulfate reductase	M20.20
cysNC	PA4442	880979	O50274	cysN	bifunctional sulfate adenylyltransferase subunit 1/adenylylsulfate kinase	Basal machinery
czcA	PA2520	880332	Q9I0W2		resistance-nodulation-cell division (RND) divalent metal cation efflux transporter CzcA	M20.25
czcB	PA2521	880333	Q9I0W1		resistance-nodulation-cell division (RND) divalent metal cation efflux membrane fusion protein CzcB	M20.25
czcC	PA2522	882894	Q9I0W0		outer membrane protein CzcC	M20.25
dadA1	PA5304	878057	Q9HTQ0	dadA	D-amino acid dehydrogenase small subunit	M15
dadA2	PA5084	880266	Q9HU99		oxidoreductase	M39
dadX	PA5302	878055	Q9HTQ2		alanine racemase	M15
dapA	PA1010	879525	Q9I4W3		dihydrodipicolinate synthase	Basal machinery
dapB	PA4759	881759	P38103		dihydrodipicolinate reductase	Basal machinery
dapE	PA1162	877783	Q9I4H5		succinyl-diaminopimelate desuccinylase	Basal machinery
dapF	PA5278	877750	Q51564		diaminopimelate epimerase	Basal machinery
dauA	PA3863	879806	Q9HXE3		FAD-dependent catabolic D-arginine dehydrogenase DauA	M2
dauB	PA3862	879805	Q9HXE4		NAD(P)H-dependent anabolic L-arginine dehydrogenase DauB	M2
dauR	PA3864	879820	Q9HXE2		transcriptional regulator	M2
davD	PA0265	881913	Q9I6M5	gabD	succinate-semialdehyde dehydrogenase I	Basal machinery
dbpA	PA0455	881459	Q9I663		ATP-dependent RNA helicase DbpA	Basal machinery
dctA2	PA1183	880848	Q9I4F5	dctA	C4-dicarboxylate transporter DctA	Intermodular
ddlA	PA4201	879033	Q9HWI0		D-alanine--D-alanine ligase	Basal machinery
deaD	PA2840	882823	Q9I003		ATP-dependent RNA helicase	Basal machinery
def	PA0019	879306	Q9I7A8		peptide deformylase	Basal machinery
der	PA3799	878229	Q9HXJ8	engA	GTP-binding protein EngA	Basal machinery
desA	PA0286	PseudoCap:PA028	Q9I6K4		delta-9 fatty acid desaturase DesA	Basal machinery
desB	PA4888	PseudoCap:PA488	Q9HUS5		acyl-CoA desaturase	Basal machinery
dgcA	PA5398	PseudoCap:PA539	Q9HTG6		dimethylglycine catabolism protein DgcA	Basal machinery
dgcB	PA5399	PseudoCap:PA539	Q9HTG5		dimethylglycine catabolism protein DgcB	Basal machinery
dhcA	PA1999	PseudoCap:PA1999	Q9I2B0		dehydrocarnitine CoA transferase subunit A	M7
dhcB	PA2000	PseudoCap:PA2000	Q9I2A9		dehydrocarnitine CoA transferase subunit B	M7
dhcR	PA1998	PseudoCap:PA1998	Q9I2B1		transcriptional regulator DhcR	M7
dht	PA0441	882285	Q9I676		phenylhydantoinase	Basal machinery
dinB	PA0923	PseudoCap:PA092	Q9I534	dinP	DNA polymerase IV	Basal machinery
dksA	PA4723	881594	G3XD14		suppressor protein DksA	Basal machinery
dnaA	PA0001	878417	Q9I7C5		chromosome replication initiator DnaA	Basal machinery
dnaB	PA4931	879625	Q9HUN3		replicative DNA helicase	Basal machinery
dnaE	PA3640	880490	Q9HXZ1		DNA polymerase III subunit alpha	Basal machinery
dnaE2	PA0669	880686	Q9I5Q2		DNA polymerase subunit alpha	Basal machinery
dnaJ	PA4760	881760	Q9HV44		molecular chaperone DnaJ	Basal machinery
dnaK	PA4761	881765	Q9HV43		molecular chaperone DnaK	Basal machinery
dnaN	PA0002	879244	Q9I7C4		DNA polymerase III subunit beta	Basal machinery
dnr	PA0527	882180	G3XCW6		transcriptional regulator Dnr	Global regulator
dppB	PA4503	881080	Q9HVR8		ABC transporter permease	Basal machinery
dppC	PA4504	881081	Q9HVR7		ABC transporter permease	Basal machinery
dppD	PA4505	881158	Q9HVR6		ABC transporter ATP-binding protein	Basal machinery
dppF	PA4506	881159	Q9HVR5		peptide ABC transporter ATP-binding protein	Basal machinery
dsbA	PA5489	877731	P0C2B2		thiol:disulfide interchange protein DsbA	Basal machinery
dsbB2	PA0538	878500	P57701	dsbB	disulfide bond formation protein	Basal machinery
dsbD2	PA2478	882175	Q9I104		thiol:disulfide interchange protein	Basal machinery
dsbE	PA1481	881065	Q9I3N1	ccmG	cytochrome C biogenesis protein CcmG	Basal machinery
dsbG	PA2476	882549	Q9I106		disulfide isomerase/thiol-disulfide oxidase	Basal machinery
dsdA	PA3357	882524	Q9HYN9		D-serine dehydratase	Basal machinery
dtd	PA5079	880247	Q9HUA4		D-tyrosyl-tRNA(Tyr) deacylase	Basal machinery
dusA	PA2795	882754	Q9I048		tRNA-dihydrouridine synthase A	Basal machinery
edd	PA3194	882909	P31961		phosphogluconate dehydratase	M20.5
eddB	PA3909	878966	Q9HXA4		extracelullar DNA degradation protein EddB	Basal machinery
efp	PA2851	882605	Q9HZZ2		elongation factor P	Basal machinery
era	PA0771	879487	Q9XCX8		GTP-binding protein Era	Basal machinery
eraR	PA1980	880513	Q9I2C7	exaD,exaE	response regulator EraR	M24
eraS	PA1979	880447	Q9I2C8		sensor kinase EraS	M24
erdR	PA3604	880150	Q9HY22		response regulator ErdR	M20.30
erpA	PA0665	879482	Q9I5Q6		iron-sulfur cluster insertion protein ErpA	Basal machinery
estX	PA1771	878175	Q9I2W8		EstX protein	Basal machinery
eta	PA1148	877850	P11439	toxA,sodM	exotoxin A	Intermodular
etfA	PA2951	882932	Q9HZP7		electron transfer flavoprotein subunit alpha	Basal machinery
etfB	PA2952	880158	Q9HZP6		electron transfer flavoprotein subunit beta	Basal machinery
eutB	PA4024	879002	Q9HX03		ethanolamine ammonia-lyase large subunit	Basal machinery
eutC	PA4025	879003	Q9HX02		ethanolamine ammonia-lyase small subunit	Basal machinery
exaA	PA1982	880475	Q9Z4J7		quinoprotein ethanol dehydrogenase	M24
exaB	PA1983	880387	Q9I2C5		cytochrome C550	M24
exaC	PA1984	880413	Q9I2C4		NAD+ dependent aldehyde dehydrogenase ExaC	M24
exoS	PA3841	879837	G3XDA1		exoenzyme S	Intermodular
exoT	PA0044	878350	Q9I788		exoenzyme T	M20.2
exoY	PA2191	879421	Q9I1S4		adenylate cyclase	Intermodular
exsA	PA1713	879712	P26993		transcriptional regulator ExsA	Global regulator
exsB	PA1712	878557	P26994		exoenzyme S synthesis protein B	Intermodular
exsC	PA1710	878452	P26995		exoenzyme S synthesis protein C	M20.7
exsD	PA1714	880880	Q9I321		ExsD protein	M20.7
exsE	PA1711	880941	Q9I322		ExsE protein	M20.7
fabA	PA1610	881984	O33877		3-hydroxydecanoyl-ACP dehydratase	Basal machinery
fabB	PA1609	881925	Q9I3B2		3-oxoacyl-ACP synthase	Basal machinery
fabD	PA2968	880434	G3XCZ6		malonyl CoA-ACP transacylase	Basal machinery
fabG	PA2967	880433	O54438		3-ketoacyl-ACP reductase	Basal machinery
fabH	PA3333	882498	Q9HYR2	fabH2	3-oxoacyl-ACP synthase	Basal machinery
fabZ	PA3645	880494	Q9HXY7		(3R)-hydroxymyristoyl-ACP dehydratase	Basal machinery
fadA	PA3013	880523	Q9HZJ3	foaB	3-ketoacyl-CoA thiolase	Basal machinery
fadB	PA3014	878680	Q9HZJ2	faoA	multifunctional fatty acid oxidation complex subunit alpha	Basal machinery
fadD1	PA3299	882462	Q9HYU4		long-chain-fatty-acid--CoA ligase	Basal machinery
fadD2	PA3300	882465	Q9HYU3		long-chain-fatty-acid--CoA ligase	Basal machinery
fagA	PA4471	881034	G3XD99		hypothetical protein	Basal machinery
fbp	PA5110	882240	Q9HU73		fructose-1,6-bisphosphatase	Basal machinery
fdhA	PA5421	880053	Q9HTE3		glutathione-independent formaldehyde dehydrogenase	Basal machinery
fdx	PA3809	879944	Q51383	fdx2	(2Fe-2S) ferredoxin	M4
fdxA	PA3621	880230	Q9HY07		ferredoxin I	Basal machinery
femI	PA1912	878255	Q9I2J2		ECF sigma factor FemI	Intermodular
fepB	PA4159	880322	Q9HWM2		iron-enterobactin transporter periplasmic binding protein	Basal machinery
fepC	PA4158	880321	Q9HWM3		ferric enterobactin transporter FepC	Basal machinery
fepD	PA4160	880213	Q9HWM1		ferric enterobactin transporter FepD	Basal machinery
fepG	PA4161	880214	Q9HWM0		ferric enterobactin transporter FepG	Basal machinery
ffh	PA3746	880310	Q9HXP8		signal recognition particle protein Ffh	Basal machinery
fgtA	PA1091	PseudoCap:PA109	Q9I4N8		flagellar glycosyl transferase, FgtA	Basal machinery
fhpR	PA2665	882374	Q9I0H3		anaerobic nitric oxide reductase transcriptional regulator	M20.16
fimL	PA1822	881776	Q9I2S3		hypothetical protein	M20.5
fimU	PA4550	879606	G3XCZ0		type 4 fimbrial biogenesis protein FimU	Basal machinery
fimV	PA3115	879911	Q9HZA6		Motility protein FimV	Basal machinery
fimX	PA4959	PseudoCap:PA495	Q9HUK6		protein FimX	Basal machinery
fkl	PA5254	880807	P30417		FkbP-type peptidyl-prolyl cis-trans isomerase	Basal machinery
fleN	PA1454	881866	G3XD64		flagellar synthesis regulator FleN	M13
fleQ	PA1097	881960	G3XCV0		transcriptional regulator FleQ	Global regulator
fleR	PA1099	882087	Q9I4N3		two-component response regulator	Basal machinery
fleS	PA1098	878201	Q9I4N4		two-component sensor	Basal machinery
flgA	PA3350	882517	Q9HYP6		flagellar basal body P-ring biosynthesis protein FlgA	Basal machinery
flgB	PA1077	877603	Q9I4Q2		flagellar basal-body rod protein FlgB	Basal machinery
flgC	PA1078	879618	Q9I4Q1		flagellar basal body rod protein FlgC	Basal machinery
flgD	PA1079	878124	Q9I4Q0		flagellar basal body rod modification protein	Basal machinery
flgE	PA1080	878285	Q9I4P9		flagellar hook protein FlgE	Basal machinery
flgF	PA1081	878576	Q9I4P8		flagellar basal body rod protein FlgF	Basal machinery
flgG	PA1082	880935	Q9I4P7		flagellar basal body rod protein FlgG	Basal machinery
flgH	PA1083	879458	Q9I4P6		flagellar basal body L-ring protein	Basal machinery
flgI	PA1084	878536	Q9I4P5		flagellar basal body P-ring biosynthesis protein FlgA	Basal machinery
flgJ	PA1085	878578	Q9I4P4		flagellar rod assembly protein/muramidase FlgJ	Basal machinery
flgK	PA1086	878191	Q9I4P3		flagellar hook-associated protein FlgK	Basal machinery
flgL	PA1087	877768	Q9I4P2		flagellar hook-associated protein FlgL	Basal machinery
flgM	PA3351	PseudoCap:PA335	Q9HYP5		protein FlgM	M20.2
flhA	PA1452	881867	Q9I3P9		flagellar biosynthesis protein FlhA	Basal machinery
flhB	PA1449	881855	Q9I3Q2		flagellar biosynthesis protein FlhB	Basal machinery
flhF	PA1453	881865	Q9I3P8		flagellar biosynthesis regulator FlhF	Basal machinery
fliA	PA1455	881996	P29248	rpoF	flagellar biosynthesis sigma factor	Global regulator
fliC	PA1092	882052	P72151		flagellin type B	M20.2
fliD	PA1094	881775	Q9K3C5		flagellar capping protein FliD	Basal machinery
fliE	PA1100	882031	Q51462		flagellar hook-basal body protein FliE	Basal machinery
fliF	PA1101	881927	Q51463		flagellar MS-ring protein	Basal machinery
fliG	PA1102	882074	Q51464		flagellar motor switch protein G	Basal machinery
fliH	PA1103	880874	Q9I4N2		flagellar assembly protein H	Basal machinery
fliI	PA1104	882010	Q9I4N1		flagellum-specific ATP synthase	Basal machinery
fliJ	PA1105	879381	Q9I4N0		flagellar biosynthesis chaperone	Basal machinery
fliL	PA1442	881856	Q9I3Q5		flagellar basal body protein FliL	Basal machinery
fliM	PA1443	881860	Q51465		flagellar motor switch protein FliM	Basal machinery
fliN	PA1444	881851	Q51466		flagellar motor switch protein	Basal machinery
fliO	PA1445	881854	Q51467		flagellar protein FliO	Basal machinery
fliP	PA1446	881863	Q51468		flagellar biosynthesis protein FliP	Basal machinery
fliQ	PA1447	881853	Q9I3Q4		flagellar biosynthesis protein FliQ	Basal machinery
fliR	PA1448	881861	Q9I3Q3		flagellar biosynthesis protein FliR	Basal machinery
fliS	PA1095	881896	Q9I4N6		flagellar protein FliS	Basal machinery
flp	PA4306	PseudoCap:PA430	Q9HW94		type IVb pilin Flp	Basal machinery
folB	PA0582	880775	Q9I5V5		dihydroneopterin aldolase	Basal machinery
folC	PA3111	879056	Q9HZA8		folylpolyglutamate synthetase	Basal machinery
folD	PA1796	880636	Q9I2U6		bifunctional 5,10-methylene-tetrahydrofolate dehydrogenase/ 5,10-methylene-tetrahydrofolate cyclohydrolase	Basal machinery
folK	PA4728	881616	Q9HV71		2-amino-4-hydroxy-6- hydroxymethyldihydropteridine pyrophosphokinase	Basal machinery
folP	PA4750	881715	Q9HV49		dihydropteroate synthase	Basal machinery
foxA	PA2466	PseudoCap:PA246	Q9I116		Ferrioxamine receptor FoxA	M20.1
foxI	PA2468	PseudoCap:PA246	Q9I114		ECF sigma factor FoxI	M20.1
foxR	PA2467	PseudoCap:PA246	Q9I115		anti-sigma factor FoxR	M20.1
fpr	PA3397	879913	Q9HYK7		ferredoxin-NADP reductase	M23
fptA	PA4221	880419	P42512		Fe(III)-pyochelin outer membrane receptor	Basal machinery
fptB	PA4220	880418	P42513		hypothetical protein	Basal machinery
fpvA	PA2398	878605	P48632		ferripyoverdine receptor	M21
fpvI	PA2387	PseudoCap:PA2387	Q9I193		RNA polymerase sigma factor	M21
fpvR	PA2388	PseudoCap:PA2388	Q9I192		protein FpvR	M21
ftsE	PA0374	883078	Q9I6C0		cell division protein FtsE	Basal machinery
ftsH	PA4751	881716	Q9HV48		cell division protein FtsH	Basal machinery
ftsL	PA4419	881233	Q9HVZ6		cell division protein FtsL	Basal machinery
ftsX	PA0375	883092	Q9I6B9		cell division protein FtsX	Basal machinery
ftsY	PA0373	883018	Q9I6C1		signal recognition particle receptor FtsY	Basal machinery
ftsZ	PA4407	881296	P47204		cell division protein FtsZ	Basal machinery
fumC1	PA4470	881033	Q51404	fumC	fumarate hydratase	Basal machinery
fur	PA4764	881780	Q03456		ferric uptake regulation protein	Global regulator
gacA	PA2586	880582	Q51373		response regulator GacA	Global regulator
gacS	PA0928	880882	G3XD98		sensor/response regulator hybrid	Intermodular
galU	PA2023	879968	Q9I291		UTP-glucose-1-phosphate uridylyltransferase	Basal machinery
gbcA	PA5410	PseudoCap:PA541	Q9HTF4		protein GbcA	Basal machinery
gbcB	PA5411	PseudoCap:PA541	Q9HTF3		protein GbcB	Basal machinery
gbdR	PA5380	PseudoCap:PA538	Q9HTI4		protein GbdR	Global regulator
gbt	PA3082	882950	Q9HZC6		glycine betaine transmethylase	Basal machinery
gbuA	PA1421	881747	Q9I3S3		guanidinobutyrase	M24
gbuR	PA1422	881769	Q9I3S2		protein GbuR	M24
gcd	PA2290	877639	Q9I1I5		glucose dehydrogenase	Basal machinery
gcdH	PA0447	880534	Q9I671		glutaryl-CoA dehydrogenase	Basal machinery
gcvH1	PA2446	882928	Q9I136	gcvH2	glycine cleavage system protein H	M20.12
gcvP1	PA2445	882927	Q9I137	gcvP2	glycine dehydrogenase	M20.12
gcvP2	PA5213	880606	Q9HTX7	gcvP1	glycine dehydrogenase	Basal machinery
gcvT2	PA2442	882934	Q9I140		glycine cleavage system protein T2	M20.12
gdhA	PA4588	881027	Q9HVJ7		glutamate dehydrogenase	Basal machinery
gdhB	PA3068	878664	Q9HZE0		NAD-dependent glutamate dehydrogenase	Basal machinery
glgA	PA2165	881026	Q9I1V0		glycogen synthase	Basal machinery
glgB	PA2153	881350	Q9I1W2		glycogen branching protein	Basal machinery
glgE	PA2151	881366	Q9I1W4		hypothetical protein	Basal machinery
glgP	PA2144	881812	Q9I1X1		glycogen phosphorylase	Basal machinery
glk	PA3193	882908	Q9HZ46		glucokinase	M20.5
glmM	PA4749	881713	Q9HV50		phosphoglucosamine mutase	Basal machinery
glnA	PA5119	877688	Q9HU65		glutamine synthetase	Basal machinery
glnD	PA3658	880565	Q9Z9H0		PII uridylyl-transferase	Basal machinery
glnE	PA5014	881325	Q9HUF4		bifunctional glutamine-synthetase adenylyltransferase/deadenyltransferase	Basal machinery
glnK	PA5288	878342	Q9HTR6		nitrogen regulatory protein P-II 2	Basal machinery
gloA1	PA3524	PseudoCap:PA352	Q9HY85		lactoylglutathione lyase	Basal machinery
gloA2	PA0710	PseudoCap:PA071	Q9I5L8		lactoylglutathione lyase	Basal machinery
glpD	PA3584	880179	P52111		glycerol-3-phosphate dehydrogenase	M24
glpF	PA3581	880152	Q51389		glycerol uptake facilitator protein	M24
glpK2	PA3582	880162	Q51390	glpK,glpK1	glycerol kinase	Basal machinery
glpR	PA3583	880163	Q51391		glycerol-3-phosphate regulon repressor	M24
glpT	PA5235	880661	Q9HTV5		sn-glycerol-3-phosphate transporter	M24
gltA	PA1580	882117	P14165		type II citrate synthase	Basal machinery
gltB	PA5036	881222	Q9HUD5		glutamate synthase subunit alpha	Basal machinery
gltD	PA5035	881221	G3XD09		glutamate synthase subunit beta	Basal machinery
gltR	PA3192	882907	G3XCY6		two-component response regulator GltR	M20.5
gltX	PA3134	882647	Q9XCL6		glutamyl-tRNA synthetase	Basal machinery
glyA1	PA5415	880066	Q9HTE9		serine hydroxymethyltransferase	Basal machinery
glyA2	PA2444	881085	Q9HVI7	glyA3	serine hydroxymethyltransferase	Intermodular
glyQ	PA0009	878095	Q9I7B7		glycyl-tRNA synthetase subunit alpha	Basal machinery
glyS	PA0008	878214	Q9I7B8		glycyl-tRNA synthetase subunit beta	Basal machinery
gmhA	PA4425	PseudoCap:PA442	Q9HVZ0		phosphoheptose isomerase	Basal machinery
gmhB	PA0006	879245	Q9I7C0		D,D-heptose 1,7-bisphosphate phosphatase	Basal machinery
gntR	PA2320	883124	Q9I1F6		GntR family transcriptional regulator	M31
gnuT	PA2322	883019	Q9ZIJ1		gluconate permease	M31
gpmI	PA5131	878134	Q9HU53	pgm	phosphoglyceromutase	Basal machinery
gpsA	PA1614	881904	Q9I3A8		NAD(P)H-dependent glycerol-3-phosphate dehydrogenase	Basal machinery
gpuA	PA0288	880781	Q9I6K2		3-guanidinopropionase	M18
gpuP	PA0287	879633	Q9I6K3		3-guanidinopropionate transporter	M18
gpuR	PA0289	879727	Q9I6K1		transcriptional activator GpuR	M18
greA	PA4755	881736	Q9HV46		transcription elongation factor GreA	Basal machinery
greB	PA2859	879611	Q9HZY5		transcription elongation factor GreB	Basal machinery
groL	PA4385	881348	P30718	groEL,mopA	molecular chaperone GroEL	Basal machinery
groS	PA4386	881349	P30720	mopB,groES	co-chaperonin GroES	Basal machinery
grpE	PA4762	881766	Q9HV42		heat shock protein GrpE	Basal machinery
grx	PA5129	877828	Q9HU55		glutaredoxin	Basal machinery
gshA	PA5203	879474	Q9HTY6		glutamate--cysteine ligase	Basal machinery
guaA	PA3769	880552	Q9HXM6		GMP synthase	Basal machinery
guaB	PA3770	880535	Q9HXM5		inosine 5'-monophosphate dehydrogenase	Basal machinery
gyrA	PA3168	882800	P48372		DNA gyrase subunit A	M20.9
gyrB	PA0004	879230	Q9I7C2		DNA gyrase subunit B	Basal machinery
halS	PA1415	879391	Q9I3S9		hypothetical protein	Basal machinery
hasAp	PA3407	879854	G3XD33		heme acquisition protein HasAp	Basal machinery
hasE	PA3405	880019	Q9HYJ9		metalloprotease secretion protein	Basal machinery
hasR	PA3408	879855	Q9HYJ7		heme uptake outer membrane receptor HasR	M21
hchA	PA1135	879881	Q9I4K0		chaperone protein HchA	Basal machinery
hcnA	PA2193	882197	G3XD67		hydrogen cyanide synthase HcnA	Basal machinery
hcnB	PA2194	882182	Q9I1S2		hydrogen cyanide synthase HcnB	Basal machinery
hcnC	PA2195	882196	G3XD12		hydrogen cyanide synthase HcnC	Basal machinery
hcpA	PA5267		Q9HI36	PA0263,PA5267,hcpC,PA1512		Basal machinery
hemA	PA4666	881361	P42807		glutamyl-tRNA reductase	Basal machinery
hemB	PA5243	879701	Q59643		delta-aminolevulinic acid dehydratase	Basal machinery
hemE	PA5034	881202	P95458		uroporphyrinogen decarboxylase	Basal machinery
hemF	PA0024	880901	P43898		coproporphyrinogen III oxidase	Basal machinery
hemH	PA4655	881311	Q9HVD7		ferrochelatase	Basal machinery
hemN	PA1546	883053	P77915		coproporphyrinogen III oxidase	Basal machinery
hexR	PA3184	882618	O68281		HexR family transcriptional regulator	M5
hflX	PA4943	877756	Q9HUM1		GTP-binding protein	Basal machinery
hfq	PA4944	PseudoCap:PA494	Q9HUM0		RNA-binding protein Hfq	M20.1
hisC2	PA3165	882694	Q9HZ68		histidinol-phosphate aminotransferase	Basal machinery
hisF2	PA3151	882582	P72139		imidazole glycerol phosphate synthase subunit HisF	Basal machinery
hisH2	PA3152	882589	P72138	hisH	imidazole glycerol phosphate synthase subunit HisH	Basal machinery
hmgA	PA2009	877745	Q9X4G0		homogentisate 1,2-dioxygenase	M8
hmp	PA2664	882373	Q9I0H4	fhp	nitric oxide dioxygenase	Intermodular
hmuV	PA4706	881536	O68877	phuV	hemin importer ATP-binding subunit	Basal machinery
hpcC	PA4123	880100	Q9HWQ8		5-carboxy-2-hydroxymuconate semialdehyde dehydrogenase	Basal machinery
hscA	PA3810	879936	Q51382		chaperone protein HscA	M4
hscB	PA3811	879937	Q9HXJ1		co-chaperone HscB	M4
hslU	PA5054	881050	Q9HUC5		ATP-dependent protease ATP-binding subunit HslU	Basal machinery
hslV	PA5053	881049	Q9HUC6		ATP-dependent protease peptidase subunit	Basal machinery
htpG	PA1596	881933	Q9I3C5		heat shock protein 90	Basal machinery
hupB	PA1804	878308	P05384		DNA-binding protein HU	Basal machinery
hutH	PA5098	878368	Q9HU85		histidine ammonia-lyase	Basal machinery
hutU	PA5100	880890	Q9HU83		urocanate hydratase	M20.1
hvn	PA1914	878271	Q9I2J0		hypothetical protein	Basal machinery
ibpA	PA3126	882640	Q9HZ98		heat-shock protein IbpA	Basal machinery
icd	PA2623	882329	Q9I0L5		isocitrate dehydrogenase	Basal machinery
icmP	PA4370	881386	Q9HW32		Insulin-cleaving metalloproteinase outer membrane protein	Basal machinery
icp	PA0778	879252	Q9I5G0		inhibitor of cysteine peptidase	Basal machinery
idh	PA2624	882330	Q9I0L4		isocitrate dehydrogenase	Basal machinery
ihfA	PA2738	882954	Q51472	himA	integration host factor subunit alpha	Global regulator
ihfB	PA3161	882561	Q51473	himD	integration host factor subunit beta	Global regulator
ileS	PA4560	878194	Q9HVM4		isoleucyl-tRNA synthetase	Basal machinery
ilvC	PA4694	881483	Q9HVA2		ketol-acid reductoisomerase	Basal machinery
ilvH	PA4695	881490	Q9HVA1		acetolactate synthase 3 regulatory subunit	Basal machinery
ilvI	PA4696	881496	Q9HVA0		acetolactate synthase 3 catalytic subunit	Basal machinery
imm2	PA1151	879819	Q06579		pyocin S2 immunity protein	Basal machinery
infA	PA2619	882325	P65116		translation initiation factor IF-1	Basal machinery
infB	PA4744	881695	Q9HV55		translation initiation factor IF-2	Basal machinery
infC	PA2743	879427	Q9I0A0		translation initiation factor IF-3	Basal machinery
inh	PA1250	881261	Q03026	aprI	alkaline proteinase inhibitor AprI	Basal machinery
iscA	PA3812	879916	Q9HXJ0		iron-binding protein IscA	M4
iscR	PA3815	879919	Q9HXI7		IscR protein	M4
iscS	PA3814	879918	Q9HXI8		cysteine desulfurase	M4
iscU	PA3813	879917	Q9HXI9		scaffold protein	M4
ispB	PA4569	880946	Q9HVL5		octaprenyl-diphosphate synthase	Basal machinery
ispE	PA4669	881380	P42805	ipk	4-diphosphocytidyl-2-C-methyl-D-erythritol kinase	Basal machinery
ispF	PA3627	880484	P57708	ygbB	2-C-methyl-D-erythritol 2,4-cyclodiphosphate synthase	Basal machinery
ispH	PA4557	879669	Q9HVM7	lytB	4-hydroxy-3-methylbut-2-enyl diphosphate reductase	Basal machinery
ivy	PA3902	878927	Q9HXB1		hypothetical protein	Basal machinery
katB	PA4613	881120	Q59635		catalase	Basal machinery
katE	PA2147	881554	Q9I1W8		hydroperoxidase II	Basal machinery
kdpB	PA1634	883011	P57698		potassium-transporting ATPase subunit B	Basal machinery
kdpD	PA1636	883029	Q9I389		two-component sensor KdpD	Basal machinery
kdsD	PA4457	PseudoCap:PA445	Q9HVW0		arabinose-5-phosphate isomerase KdsD	Basal machinery
kefB	PA1207	881881	Q9I4D1		glutathione-regulated potassium-efflux system protein KefB	Basal machinery
kguD	PA2263	877698	Q9I1L0		2-hydroxyacid dehydrogenase	M20.3
kguE	PA2260	877758	Q9I1L3		hypothetical protein	M20.3
kguK	PA2261	877834	Q9I1L2		2-ketogluconate kinase	M20.3
kguT	PA2262	877717	Q9I1L1		2-ketogluconate transporter	M20.3
kinB	PA5484	880850	Q9HT87		two-component sensor	Basal machinery
ku	PA2150	881375	Q9I1W5		hypothetical protein	Basal machinery
kynA	PA2579	PseudoCap:PA257	Q9I0Q7		L-tryptophan:oxygen 2,3-oxidoreductase KynA	M28
kynB	PA2081	878591	Q9I234		kynurenine formamidase, KynB	M28
kynU	PA2080	PseudoCap:PA208	Q9I235		kynureninase KynU	M28
ladS	PA3974	878890	Q9HX42		Lost Adherence Sensor, LadS	M20.9
lap	PA2939	882792	Q9HZQ8		aminopeptidase	Basal machinery
lasA	PA1871	878260	P14789		LasA protease	Basal machinery
lasB	PA3724	880368	P14756		elastase LasB	Basal machinery
lasI	PA1432	881777	P33883		autoinducer synthesis protein LasI	M20.25
lasR	PA1430	881789	P25084		transcriptional regulator LasR	Global regulator
lcdH	PA5386	PseudoCap:PA5386	Q9HTH8	cdhA	3-hydroxybutyryl-CoA dehydrogenase	M35
ldcA	PA1818	PseudoCap:PA181	Q9I2S7		lysine-specific pyridoxal 5'-phosphate-dependent carboxylase LdcA	Basal machinery
ldh	PA3418	879877	Q9HYI7		leucine dehydrogenase	Basal machinery
lecA	PA2570	PseudoCap:PA257	Q05097	pa1L	LecA protein	Basal machinery
lecB	PA3361	882528	Q9HYN5		fucose-binding lectin PA-IIL	Basal machinery
lepA	PA0767	881998	Q9I5G8	le	GTP-binding protein LepA	Basal machinery
lepB	PA0768	882104	Q9I5G7		signal peptidase I	Basal machinery
leuB	PA3118	882812	Q51375		3-isopropylmalate dehydrogenase	Basal machinery
leuC	PA3121	882827	Q9HZA3		isopropylmalate isomerase large subunit	Basal machinery
leuD	PA3120	882818	Q9HZA4		isopropylmalate isomerase small subunit	Basal machinery
lhpD	PA1252	881290	Q9I492		L-malate dehydrogenase	Basal machinery
ligD	PA2138	880451	Q9I1X7		ATP-dependent DNA ligase	Basal machinery
lip	PA2862	882662	P26876	lipA	lactonizing lipase	M20.1
lipA	PA3996	878931	Q9HX25	lis	lipoyl synthase	Basal machinery
liuA	PA2015	PseudoCap:PA201	Q9I296		isovaleryl-CoA dehydrogenase	M16
liuB	PA2014	PseudoCap:PA201	Q9I297		methylcrotonyl-CoA carboxylase subunit beta	M16
liuC	PA2013	PseudoCap:PA201	Q9I298		gamma-carboxygeranoyl-CoA hydratase	M16
liuD	PA2012	PseudoCap:PA201	Q9I299		methylcrotonyl-CoA carboxylase subunit alpha	M16
liuE	PA2011	PseudoCap:PA201	Q9I2A0		hydroxymethylglutaryl-CoA lyase	M16
liuR	PA2016	PseudoCap:PA201	Q9I295		regulator of liu genes	M16
lldA	PA2382	880725	Q9I197		L-lactate dehydrogenase	Basal machinery
lldD	PA4771	881809	Q9HV37		L-lactate dehydrogenase	Basal machinery
lldP	PA4770	881808	Q9HV38		L-lactate permease	Basal machinery
lolB	PA4668	881371	P42812	hemM	molecular chaperone LolB	Basal machinery
lolD	PA2987	880597	Q9HZL7		ABC transporter ATP-binding protein	Basal machinery
lon	PA0779	877926	Q9I2T9		Lon protease	M20.1
lpd3	PA4829	882254	Q9HUY1		dihydrolipoamide dehydrogenase	Basal machinery
lpdV	PA2250	878470	Q9I1L9		dihydrolipoamide dehydrogenase	M20.33
lppL	PA5276	877754	P17323		Lipopeptide LppL	Basal machinery
lptA	PA0005	877576	Q9I7C1		lysophosphatidic acid acyltransferase, LptA	Basal machinery
lptB	PA4461	881018	Q9HVV6		ABC transporter ATP-binding protein	Basal machinery
lptC	PA4459	881006	Q9HVV8		hypothetical protein	Basal machinery
lptD	PA0595	880756	Q9I5U2	ostA,imp	organic solvent tolerance protein OstA	Basal machinery
lptF	PA3692	879104	Q9HXU8		lipotoxon F LptF	Basal machinery
lpxA	PA3644	880493	Q9X6P4		UDP-N-acetylglucosamine acyltransferase	Basal machinery
lpxB	PA3643	880521	Q9HXY8		lipid-A-disaccharide synthase	Basal machinery
lpxO1	PA4512	881155	Q9HVQ9		lipopolysaccharide biosynthetic protein LpxO1	Basal machinery
lpxO2	PA0936	878312	Q9I522		lipopolysaccharide biosynthetic protein LpxO2	Basal machinery
lrp	PA5308	878436	Q9HTP6		leucine-responsive regulatory protein	M15
lspA	PA4559	877620	Q9HVM5	ls	lipoprotein signal peptidase	Basal machinery
lysA	PA5277	877749	P19572		diaminopimelate decarboxylase	Basal machinery
lysC	PA0904	878315	O69077		aspartate kinase	Basal machinery
lysP	PA4628	881192	Q9HVG3		lysine-specific permease	Basal machinery
lysS	PA3700	880383	Q9HXU0		lysyl-tRNA synthetase	Basal machinery
macB	PA2390	882237	Q9I190	pvdT	protein PvdT	Basal machinery
maeA	PA3471	879925	Q9HYD5		malate dehydrogenase	Basal machinery
map	PA2748	882964	Q9I095		methionine aminopeptidase	Basal machinery
metH	PA1843	880631	Q9I2Q2		B12-dependent methionine synthase	M21
metN1	PA2350	878114	Q9I1C8		ABC transporter ATP-binding protein	Basal machinery
metN2	PA5503	877864	Q9HT70		ABC transporter ATP-binding protein	Basal machinery
metR	PA3587	880220	Q9HY39		transcriptional regulator MetR	M21
metX	PA0390	878549	P57714		homoserine O-acetyltransferase	Basal machinery
metZ	PA3107	880476	P55218		O-succinylhomoserine sulfhydrylase	Basal machinery
mexA	PA0425	877855	P52477		resistance-nodulation-cell division (RND) multidrug efflux membrane fusion protein MexA	Intermodular
mexB	PA0426	877852	P52002		resistance-nodulation-cell division (RND) multidrug efflux transporter MexB	Intermodular
mexC	PA4599	881078	G3XD25		resistance-nodulation-cell division (RND) multidrug efflux membrane fusion protein MexC	M25
mexD	PA4598	881071	Q9HVI9		resistance-nodulation-cell division (RND) multidrug efflux transporter MexD	M25
mexE	PA2493	880212	Q9I0Y9		resistance-nodulation-cell division (RND) multidrug efflux membrane fusion protein MexE	Intermodular
mexF	PA2494	882884	Q9I0Y8		resistance-nodulation-cell division (RND) multidrug efflux transporter MexF	Intermodular
mexG	PA4205	880449	Q9HWH6		hypothetical protein	Basal machinery
mexH	PA4206	880450	Q9HWH5		resistance-nodulation-cell division (RND) efflux membrane fusion protein	Basal machinery
mexI	PA4207	880346	Q9HWH4		resistance-nodulation-cell division (RND) efflux transporter	Basal machinery
mexR	PA0424	877857	P52003		multidrug resistance operon repressor MexR	M20.4
mexT	PA2492	880417	Q9I0Z0		transcriptional regulator MexT	Global regulator
mexX	PA2019	878839	G3XD21		periplasmic multidrug efflux lipoprotein	Intermodular
mexY	PA2018	878882	G3XCW2		multidrug efflux protein	Intermodular
mexZ	PA2020	880025	G3XCU9		transcriptional regulator	M20.8
mfd	PA3002	880415	Q9HZK3		transcription-repair coupling factor	Basal machinery
mgtE	PA0913	878306	Q9I544		Mg transporter MgtE	M20.34
miaA	PA4945	878016	Q9HUL9		tRNA delta(2)-isopentenylpyrophosphate transferase	Basal machinery
mifR	PA5511	878064	Q9HT62		MifR protein	M20.13
mifS	PA5512	877988	Q9HT61		MifS protein	Basal machinery
mnmC	PA3456	877843	Q9HYF0		5-methylaminomethyl-2-thiouridine methyltransferase	Basal machinery
moaA1	PA3870	879786	Q9HXD6	moaA	molybdenum cofactor biosynthesis protein A	Basal machinery
moaA2	PA1505	883031	Q9I3K7		molybdenum cofactor biosynthesis protein A	Basal machinery
moeB	PA4663	881352	Q9HVC9		molybdopterin biosynthesis protein MoeB	Basal machinery
morA	PA4601	881084	Q9HVI8		motility regulator	Basal machinery
morB	PA2932	878999	Q9HZR5		morphinone reductase	M34
motA	PA4954	879861	Q9HUL1		flagellar motor protein MotA	Basal machinery
motB	PA4953	878217	Q9HUL2		flagellar motor protein MotB	Basal machinery
motC	PA1460	882162	G3XD73		flagellar motor protein	Basal machinery
motD	PA1461	880913	G3XD90		flagellar motor protein MotD	Basal machinery
mqo1	PA3452	879029	Q9HYF4	mqoA	malate:quinone oxidoreductase	Basal machinery
mrcA	PA5045	881163	Q07806	ponA	penicillin-binding protein 1A	Basal machinery
mrcB	PA4700	881511	G3XD31		penicillin-binding protein 1B	Basal machinery
mreB	PA4481	881165	Q9HVU0		rod shape-determining protein MreB	Basal machinery
mreC	PA4480	881172	Q9HVU1		rod shape-determining protein MreC	Basal machinery
mreD	PA4479	881136	Q9HVU2		rod shape-determining protein MreD	Basal machinery
msrA	PA5018	881240	Q9HUF1		peptide methionine sulfoxide reductase	Basal machinery
msuC	PA2355	879208	Q9I1C3		FMNH2-dependent monooxygenase	M20.20
msuD	PA2356	879651	Q9I1C2		methanesulfonate sulfonatase MsuD	M20.20
msuE	PA2357	882283	O31038	slfA	NADH-dependent FMN reductase MsuE	M20.20
mucA	PA0763	879357	P38107		anti-sigma factor MucA	M20.19
mucB	PA0764	882064	P38108	algN	negative regulator for alginate biosynthesis MucB	Basal machinery
mucC	PA0765	877954	G3XCY1		positive regulator for alginate biosynthesis MucC	Basal machinery
mucD	PA0766	879207	G3XD20		serine protease MucD	Basal machinery
murI	PA4662	881345	Q9HVD0		glutamate racemase	Basal machinery
mutL	PA4946	878468	Q9HUL8		DNA mismatch repair protein	Basal machinery
mutM	PA0357	879307	Q9L7T2	fpg	formamidopyrimidine-DNA glycosylase	Basal machinery
mutY	PA5147	878753	Q9HU37		A / G specific adenine glycosylase	M20.33
mvaT	PA4315	881542	Q9HW86		transcriptional regulator MvaT	M20.3
mvfR	PA1003	PseudoCap:PA100	Q9I4X0		transcriptional regulator MvfR	Global regulator
nadA	PA1004	PseudoCap:PA100	Q9I4W9		quinolinate synthetase	Basal machinery
nadC	PA4524	878422	P30819		nicotinate-nucleotide pyrophosphorylase	Basal machinery
nagZ	PA3005	880216	Q9HZK0		beta-hexosaminidase	Basal machinery
nalC	PA3721	PseudoCap:PA3721	Q9HXS0		NalC protein	M20.4
nalD	PA3574	PseudoCap:PA3574	Q9HY46		NalD protein	Basal machinery
napA	PA1174	878409	Q9I4G3		nitrate reductase catalytic subunit	Basal machinery
napB	PA1173	878319	Q9I4G4		cytochrome C protein NapB	Basal machinery
napC	PA1172	880706	Q9I4G5		cytochrome C protein NapC	Basal machinery
napD	PA1175	879211	Q9I4G2		NapD protein of periplasmic nitrate reductase	Basal machinery
napE	PA1177	878584	Q9I4G0		periplasmic nitrate reductase protein NapE	Basal machinery
napF	PA1176	878505	Q9I4G1		ferredoxin protein NapF	Basal machinery
narG	PA3875	879780	G3XCX1		respiratory nitrate reductase subunit alpha	Basal machinery
narH	PA3874	879783	G3XD87		respiratory nitrate reductase subunit beta	Basal machinery
narI	PA3872	878884	G3XD18		respiratory nitrate reductase subunit gamma	Basal machinery
narJ	PA3873	879782	G3XCY9		respiratory nitrate reductase subunit delta	Basal machinery
narK1	PA3877	878320	G3XD60	nark2	nitrite extrusion protein 1	Basal machinery
narK2	PA3876	879781	Q9HXD4	nark1	nitrite extrusion protein 2	Basal machinery
narL	PA3879	878838	Q9HXD3		transcriptional regulator NarL	Basal machinery
narX	PA3878	878321	G3XD66		two-component sensor NarX	Basal machinery
nasA	PA1783	877748	Q9I2V9		nitrate transporter	Basal machinery
ndvB	PA1163	877810	Q9I4H4		NdvB protein	Basal machinery
nfuA	PA1847	880675	Q9I2P8		hypothetical protein	M4
nhaB	PA1820	877826	Q9I2S5		sodium/proton antiporter	Basal machinery
nhaP	PA3887	878773	G3XD29		Na+/H+ antiporter NhaP	Basal machinery
nhaP2	PA5021	881272	Q9HUE8	cvrA	sodium/hydrogen antiporter	Basal machinery
nirB	PA1781	877714	Q9I2W1		assimilatory nitrite reductase large subunit	Basal machinery
nirC	PA0517	879462	Q51479		cytochrome C	Basal machinery
nirD	PA0515	878289	Q9I2W2		assimilatory nitrite reductase small subunit	Basal machinery
nirE	PA0510	881871	G3XD80		uroporphyrin-III C-methyltransferase	Basal machinery
nirF	PA0516	882198	Q51480		heme d1 biosynthesis protein NirF	Basal machinery
nirG	PA0513	877708	P95414		transcriptional regulator	Basal machinery
nirH	PA0512	877584	P95415		hypothetical protein	Basal machinery
nirJ	PA0511	879503	G3XD10		heme d1 biosynthesis protein NirJ	Basal machinery
nirL	PA0514	879762	P95413		heme d1 biosynthesis protein NirL	Basal machinery
nirM	PA0518	882220	P00099		cytochrome C-551	Basal machinery
nirN	PA0509	878428	Q9I609		cytochrome C	Basal machinery
nirQ	PA0520	882214	Q51481		regulatory protein NirQ	Basal machinery
nirS	PA0519	882217	P24474		nitrite reductase	M20.5
norB	PA0524	882193	Q59647		nitric-oxide reductase subunit B	Basal machinery
norC	PA0523	882200	Q59646		nitric-oxide reductase subunit C	Basal machinery
nosD	PA3393	880013	Q9HYL1		NosD protein	Basal machinery
nosF	PA3394	879977	Q9HYL0		NosF protein	Basal machinery
nosL	PA3396	879912	Q9HYK8		NosL protein	Basal machinery
nosR	PA3391	879823	Q9HYL3		regulatory protein NosR	Basal machinery
nosY	PA3395	879978	Q9HYK9		NosY protein	Basal machinery
nosZ	PA3392	879824	Q9HYL2		nitrous-oxide reductase	Basal machinery
nqrA	PA2999	880558	Q9HZK6		Na(+)-translocating NADH-quinone reductase subunit A	Basal machinery
nqrB	PA2998	880205	Q9HZK7		Na(+)-translocating NADH-quinone reductase subunit B	Basal machinery
nqrC	PA2997	880204	Q9HZK8		Na(+)-translocating NADH-quinone reductase subunit C	Basal machinery
nqrD	PA2996	880457	Q9HZK9		Na(+)-translocating NADH-quinone reductase subunit D	Basal machinery
nqrE	PA2995	880456	Q9HZL0		Na(+)-translocating NADH-quinone reductase subunit E	Basal machinery
nqrF	PA2994	878840	Q9HZL1		Na(+)-translocating NADH-quinone reductase subunit F	Basal machinery
nrdA	PA1156	PseudoCap:PA115	Q9I4I1		ribonucleotide-diphosphate reductase subunit alpha	Basal machinery
nrdB	PA1155	PseudoCap:PA115	Q9I4I2		ribonucleotide-diphosphate reductase subunit beta	Basal machinery
nrdJb	PA5496	PseudoCap:PA549	Q9HT77		NrdJb protein	Basal machinery
ntrB	PA5124	877971	Q9HU60		two-component sensor NtrB	Basal machinery
ntrC	PA5125	877699	Q9HU59		two-component response regulator NtrC	M21
nuh	PA0143	879451	Q9I6Y9		nonspecific ribonucleoside hydrolase	Basal machinery
nuoA2	PA2637	882344	Q9I0K1	nuoA	NADH dehydrogenase subunit A	Basal machinery
nuoB	PA2638	882345	Q9I0K0		NADH dehydrogenase subunit B	Basal machinery
nuoC	PA2639	882346	Q9I0J9	nuoD,nuoCD	bifunctional NADH:ubiquinone oxidoreductase subunit C/D	Basal machinery
nuoE	PA2640	882347	Q9I0J8		NADH dehydrogenase subunit E	Basal machinery
nuoF	PA2641	882348	Q9I0J7		NADH dehydrogenase I subunit F	Basal machinery
nuoG	PA2642	882349	Q9I0J6		NADH dehydrogenase subunit G	Basal machinery
nuoH	PA2643	882350	Q9I0J5		NADH dehydrogenase subunit H	Basal machinery
nuoI	PA2644	882353	Q9I0J4		NADH dehydrogenase subunit I	Basal machinery
nuoJ	PA2645	882354	Q9I0J3		NADH dehydrogenase subunit J	Basal machinery
nuoK	PA2646	882355	Q9I0J2		NADH dehydrogenase subunit K	Basal machinery
nuoL	PA2647	882356	Q9I0J1		NADH dehydrogenase subunit L	Basal machinery
nuoM	PA2648	882357	Q9I0J0		NADH dehydrogenase subunit M	Basal machinery
nuoN	PA2649	882358	Q9I0I9		NADH dehydrogenase subunit N	Basal machinery
nusG	PA4275	881693	Q9HWC4		transcription antitermination protein NusG	Basal machinery
obg	PA4566	880877	Q9HVL8		GTPase ObgE	Basal machinery
ohrR	PA2849	882621	Q9HZZ4		OhrR protein	Basal machinery
opdB	PA2700	PseudoCap:PA270	Q9I0E2		OpdB proline porin	Basal machinery
opdC	PA0162	PseudoCap:PA016	Q9I6X0		histidine porin OpdC	Basal machinery
opdP	PA4501	PseudoCap:PA450	Q9HVS0		glycine-glutamate dipeptide porin OpdP	Basal machinery
opgG	PA5078	879629	Q9HUA5		glucan biosynthesis protein G	Basal machinery
opmD	PA4208	880347	Q9HWH3		hypothetical protein	Basal machinery
opmQ	PA2391	882223	Q9I189		hypothetical protein	Basal machinery
opr86	PA3648	PseudoCap:PA3648	Q9HXY4	bamA	outer membrane protein Opr86	Basal machinery
oprB	PA3186	882788	Q51485		glucose/carbohydrate outer membrane porin OprB	M20.5
oprD	PA0958	881970	P32722		porin	Intermodular
oprE	PA0291	879473	G3XDA5		anaerobically-induced outer membrane porin OprE	Basal machinery
oprF	PA1777	878442	P13794		porin	M20.11
oprG	PA4067	879793	Q9HWW1		outer membrane protein OprG	Basal machinery
oprH	PA1178	878005	G3XD11		PhoP/Q and low Mg2+ inducible outer membrane protein H1	M20.6
oprI	PA2853	879851	P11221		outer membrane lipoprotein OprI	Basal machinery
oprJ	PA4597	881070	Q51397		Multidrug efflux outer membrane protein OprJ	M25
oprM	PA0427	877851	Q51487	oprK	multidrug ABC transporter	Intermodular
oprN	PA2495	882885	Q9I0Y7		Multidrug efflux outer membrane protein OprN	Intermodular
oprP	PA3279	882442	P05695		phosphate-specific outer membrane porin OprP	Basal machinery
orf1	PA3842	879848	G3XD93		chaperone	M20.3
oruR	PA0831	878384	P72171		transcriptional regulator OruR	Basal machinery
osmC	PA0059	878070	Q9I773		osmotically inducible protein OsmC	Basal machinery
osmE	PA4876	879707	Q9HUT7		OsmE family transcriptional regulator	Basal machinery
oxyR	PA5344	878254	Q9HTL4		OxyR protein	Basal machinery
pabB	PA1758	879428	Q9I2Y1		para-aminobenzoate synthase component I	Basal machinery
pal	PA0973	882991	Q9I4Z4	oprL	peptidoglycan associated lipoprotein OprL	M20.3
pauA	PA1017	879355	Q9I4V6		pimeloyl-CoA synthetase	Basal machinery
pcaC	PA0232	882116	Q9I6Q6		gamma-carboxymuconolactone decarboxylase	Basal machinery
pcaG	PA0154	882145	Q9I6X8		protocatechuate 3,4-dioxygenase subunit alpha	Basal machinery
pcaH	PA0153	878130	Q9I6X9		protocatechuate 3,4-dioxygenase subunit beta	Basal machinery
pchA	PA4231	881821	Q51508		salicylate biosynthesis isochorismate synthase	Basal machinery
pchB	PA4230	881846	Q51507		isochorismate-pyruvate lyase	Basal machinery
pchC	PA4229	881845	Q9HWG2		pyochelin biosynthetic protein PchC	Basal machinery
pchD	PA4228	880566	Q9HWG3		pyochelin biosynthesis protein PchD	Basal machinery
pchE	PA4226	880048	G3XCV2		dihydroaeruginoic acid synthetase	Basal machinery
pchF	PA4225	880083	Q9HWG4		pyochelin synthetase	Basal machinery
pchG	PA4224	880082	Q9HWG5		pyochelin biosynthetic protein PchG	Basal machinery
pchP	PA5292	877730	Q9HTR2		phosphorylcholine phosphatase	Basal machinery
pchR	PA4227	880049	P40883		transcriptional regulator PchR	Global regulator
pckA	PA5192	879312	Q9HTZ7		phosphoenolpyruvate carboxykinase	Basal machinery
pcnB	PA4727	881610	Q9HV72		poly(A) polymerase	Basal machinery
pcrD	PA1703	878081	Q9I327		type III secretory apparatus protein PcrD	Basal machinery
pcrG	PA1705	879383	Q9I326		regulator in type III secretion	Basal machinery
pcrH	PA1707	879267	Q9I325		regulatory protein PcrH	Basal machinery
pcrR	PA1704	879260	G3XCW4		transcriptional regulator PcrR	Basal machinery
pcrV	PA1706	882997	G3XD49		type III secretion protein PcrV	Basal machinery
pctA	PA4309	881565	G3XD24		chemotactic transducer PctA	Basal machinery
pctB	PA4310	881566	Q9HW91		chemotactic transducer PctB	Basal machinery
pctC	PA4307	881576	Q9HW93		chemotactic transducer PctC	Basal machinery
pdxA1	PA0593	880733	Q9I5U4	pdxA	4-hydroxythreonine-4-phosphate dehydrogenase	Basal machinery
pdxA2	PA2212	881915	Q9I1Q5		4-hydroxythreonine-4-phosphate dehydrogenase	Basal machinery
pdxH	PA1049	881467	Q9I4S5		pyridoxamine 5'-phosphate oxidase	Basal machinery
pdxJ	PA0773	878131	Q9I5G5		pyridoxine 5'-phosphate synthase	Basal machinery
pdxY	PA5516	878628	Q9HT57		pyridoxamine kinase	Basal machinery
pelA	PA3064	PseudoCap:PA306	Q9HZE4		PelA protein	M24
pelB	PA3063	PseudoCap:PA306	Q9HZE5		protein PelB	M24
pelC	PA3062	PseudoCap:PA306	Q9HZE6		protein PelC	Basal machinery
pelD	PA3061	PseudoCap:PA306	Q9HZE7		protein PelD	Basal machinery
pelE	PA3060	PseudoCap:PA306	Q9HZE8		protein PelE	Basal machinery
pelF	PA3059	PseudoCap:PA305	Q9HZE9		protein PelF	Basal machinery
pelG	PA3058	PseudoCap:PA305	Q9HZF0		protein PelG	Basal machinery
pepP	PA5224	882288	Q9HTW6		aminopeptidase	Basal machinery
pfeR	PA2686	882764	Q04803		two-component response regulator PfeR	Basal machinery
pfpI	PA0355	879351	Q9I6D8		protease PfpI	Basal machinery
pgk	PA0552	879198	Q9I5Y4		phosphoglycerate kinase	Basal machinery
phaC1	PA5056	881076	G3XCV5		poly(3-hydroxyalkanoic acid) synthase 1	Basal machinery
phaC2	PA5058	881185	G3XCZ9		poly(3-hydroxyalkanoic acid) synthase 2	Basal machinery
phaD	PA5057	881171	G3XD91		poly(3-hydroxyalkanoic acid) depolymerase	Basal machinery
pheC	PA3475	878976	Q01269		cyclohexadienyl dehydratase	Basal machinery
pheS	PA2740	882970	Q9I0A3		phenylalanyl-tRNA synthetase subunit alpha	Basal machinery
pheT	PA2739	882969	Q9I0A4		phenylalanyl-tRNA synthetase subunit beta	Basal machinery
phhA	PA0872	879709	P43334		phenylalanine 4-monooxygenase	Basal machinery
phnA	PA1001	878421	P09785		anthranilate synthase component I	M6
phnB	PA1002	880689	P09786		anthranilate synthase component II	Basal machinery
phnC1	PA3314	882479	Q9HYT0		ABC transporter ATP-binding protein	Basal machinery
phnC2	PA3384	880003	Q9HYL7	phnC	phosphonate ABC transporter ATP-binding protein	Basal machinery
phnE	PA3382	878143	Q9HYL9		phosphonate transporter PhnE	Basal machinery
phnN	PA3373	877998	Q9HYM8		hypothetical protein	Basal machinery
phnX	PA1311	881484	Q9I433		phosphonoacetaldehyde hydrolase	Basal machinery
phoA2	PA0688	880790	P35482	phoA,pstS	ABC transporter	M13
phoB	PA5360	878438	P23620		two-component response regulator PhoB	Global regulator
phoP	PA1179	879194	Q9I4F9		two-component response regulator PhoP	M20.6
phoQ	PA1180	879187	Q9I4F8		two-component sensor PhoQ	M20.6
phuR	PA4710	881550	Q9HV88		heme/hemoglobin uptake outer membrane receptor PhuR	Basal machinery
phuS	PA4709	881544	Q9HV89		hemin degrading factor	Basal machinery
phuT	PA4708	PseudoCap:PA470	Q9HV90		Heme-transporter, PhuT	Basal machinery
phuU	PA4707	881537	Q9HV91		ABC transporter permease	Basal machinery
phuW	PA4705	881531	Q9HV92		hypothetical protein	Basal machinery
phzA1	PA4210	880515	Q9HWH1		phenazine biosynthesis protein	M20.25
phzB1	PA4211	880518	O69753		phenazine biosynthesis protein	Basal machinery
phzB2	PA1900	878211	Q9S508		phenazine biosynthesis protein	Basal machinery
phzC1	PA4212	882061	Q7DC82	PA4212,phzC2	phenazine biosynthesis protein PhzC	Basal machinery
phzD1	PA4213	881873	Q7DC80	phzD2,PA4213	phenazine biosynthesis protein PhzD	Basal machinery
phzE1	PA4214	882029	Q7DC81	phzE2,PA4214	phenazine biosynthesis protein PhzE	Basal machinery
phzF1	PA1904	879183	O69754	phzF2	phenazine biosynthesis protein	Basal machinery
phzF2	PA4215	880481	O69754	phzF1,phzF	phenazine biosynthesis protein	Basal machinery
phzG1	PA4216	881835	G3XCV4		pyridoxamine 5'-phosphate oxidase	Basal machinery
phzG2	PA1905	880482	Q820A5		pyridoxamine 5'-phosphate oxidase	Basal machinery
phzH	PA0051	878637	Q9I781		phenazine-modifying protein	Basal machinery
phzM	PA4209	880514	Q9HWH2		phenazine-specific methyltransferase	Basal machinery
pilA	PA4525	878423	P04739	fimA	type 4 fimbrial PilA	Basal machinery
pilM	PA5044	881162	G3XD28		type 4 fimbrial biogenesis protein PilM	Basal machinery
pilN	PA5043	881025	G3XD30		type 4 fimbrial biogenesis protein PilN	Basal machinery
pilO	PA5042	880985	G3XD51		type 4 fimbrial biogenesis protein PilO	Basal machinery
pilP	PA5041	880984	G3XCX7		type 4 fimbrial biogenesis protein PilP	Basal machinery
pilQ	PA5040	880962	P34750		type 4 fimbrial biogenesis outer membrane protein PilQ	Basal machinery
pilV	PA4551	879607	G3XD84		type 4 fimbrial biogenesis protein PilV	Basal machinery
pilW	PA4552	879456	G3XD15		type 4 fimbrial biogenesis protein PilW	Basal machinery
pilX	PA4553	877858	Q9HVM9		type 4 fimbrial biogenesis protein PilX	Basal machinery
pilZ	PA2960	880378	G3XCZ3		type 4 fimbrial biogenesis protein PilZ	Basal machinery
piuC	PA4515	881121	Q9HVQ7		hydroxylase	Basal machinery
plcB	PA0026	880904	Q9I7A4		phospholipase C, PlcB	Basal machinery
plcH	PA0844	879296	P06200		hemolytic phospholipase C	Basal machinery
plcN	PA3319	882484	P15713		non-hemolytic phospholipase C	Basal machinery
plsX	PA2969	880143	Q9HZN5		glycerol-3-phosphate acyltransferase PlsX	Basal machinery
pmbA	PA4472	881037	Q9HVU9		PmbA protein	Basal machinery
pmrA	PA4776	881834	Q9HV32		two-component regulator system response regulator PmrA	M20.1
pmrB	PA4777	881841	Q9HV31		two-component regulator system signal sensor kinase PmrB	M20.1
pmtA	PA0798	881992	Q9I5E0		phospholipid methyltransferase	Basal machinery
pncB1	PA4919	882212	Q9HUP4		nicotinate phosphoribosyltransferase	Basal machinery
pntAB	PA0195.1	PseudoCap:PA0195.1	Q14T73		NAD(P) transhydrogenase subunit alpha	Basal machinery
pntB	PA0196	878146	Q9I6T9		pyridine nucleotide transhydrogenase subunit beta	Basal machinery
popB	PA1708	880867	Q9I324		translocator protein PopB	Basal machinery
popD	PA1709	879358	Q9I323		translocator outer membrane protein PopD	Basal machinery
popN	PA1698	879266	G3XCX6		type III secretion outer membrane protein PopN	Basal machinery
potA2	PA3607	880429	Q9HY19	potA	polyamine transporter PotA	Basal machinery
potB	PA3608	880430	Q9HY18		polyamine transporter PotB	Basal machinery
potC	PA3609	880131	Q9HY17		polyamine transporter PotC	Basal machinery
potD	PA3610	880132	Q9HY16		polyamine transporter PotD	Basal machinery
poxB	PA5297	881392	Q9HTQ7		pyruvate dehydrogenase (cytochrome)	Basal machinery
ppc	PA3687	879083	Q9HXV3		phosphoenolpyruvate carboxylase	Basal machinery
ppgL	PA4204	PseudoCap:PA4204	Q9HWH7		periplasmic gluconolactonase, PpgL	Basal machinery
ppiC1	PA1996	878481	Q9I2B3		peptidyl-prolyl cis-trans isomerase C1	Basal machinery
ppiD	PA1805	878369	Q9I2T8		peptidyl-prolyl cis-trans isomerase D	Basal machinery
ppk	PA5242	879700	Q9S646		polyphosphate kinase	Basal machinery
pprA	PA4293	PseudoCap:PA429	Q9HWA7		two-component sensor PprA	Basal machinery
pprB	PA4296	PseudoCap:PA429	Q9HWA4		two-component response regulator, PprB	Global regulator
ppx	PA5241	877947	Q9ZN70		exopolyphosphatase	Basal machinery
ppyR	PA2663	882372	Q9I0H5		psl and pyoverdine operon regulator, PpyR	Basal machinery
pqqA	PA1985	880480	Q9ZAA0		coenzyme PQQ synthesis protein PqqA	M24
pqqB	PA1986	880354	Q9I2C3		pyrroloquinoline quinone biosynthesis protein PqqB	M24
pqqC	PA1987	879112	Q9I2C2		pyrroloquinoline quinone biosynthesis protein PqqC	M24
pqqD	PA1988	879085	Q9I2C1		pyrroloquinoline quinone biosynthesis protein PqqD	M24
pqqE	PA1989	880128	Q9I2C0		pyrroloquinoline quinone biosynthesis protein PqqE	M24
pqqH	PA1990	880121	Q9I2B9		PqqH protein	M24
pqsA	PA0996	880760	Q9I4X3		coenzyme A ligase	M6
pqsB	PA0997	883098	Q9I4X2		PqsB protein	Basal machinery
pqsC	PA0998	880660	Q9I4X1		PqsC protein	Basal machinery
pqsD	PA0999	880625	P20582		3-oxoacyl-ACP synthase	Basal machinery
pqsE	PA1000	880721	P20581		quinolone signal response protein	Basal machinery
pqsH	PA2587	879540	Q9I0Q0		FAD-dependent monooxygenase	M20.9
pra	PA4590	881035	G3XDA9		protein activator	Basal machinery
prfA	PA4665	881360	P42806	prf1	peptide chain release factor 1	Basal machinery
prlC	PA0067	878482	Q9I765		oligopeptidase A	Basal machinery
prmC	PA4664	881353	Q9HVC8	hemK	methyl transferase	Basal machinery
proB	PA4565	880909	Q9HVL9		gamma-glutamyl kinase	Basal machinery
prpB	PA0796	882026	Q9I5E2		2-methylisocitrate lyase	Basal machinery
prpC	PA0795	880674	Q9I5E3		methylcitrate synthase	M20.5
prpL	PA4175	PseudoCap:PA417	Q9HWK6	piv	endopeptidase IV	Basal machinery
prtN	PA0610	877720	Q06552		transcriptional regulator PrtN	Basal machinery
prtR	PA0611	879679	Q06553		transcriptional regulator PrtR	Basal machinery
pruR	PA0780	880836	Q9I5F8		proline utilization regulator	M1
pscB	PA1715	879568	Q9I320		type III export apparatus protein	M20.7
pscC	PA1716	881978	Q9I319		type III secretion outer membrane protein PscC	M20.7
pscD	PA1717	877924	Q9I318		type III export protein PscD	M20.7
pscE	PA1718	881908	Q9I317		type III export protein PscE	M20.7
pscF	PA1719	879634	P95434		type III export protein PscF	M20.7
pscG	PA1720	881982	P95435		type III export protein PscG	M20.7
pscH	PA1721	880612	Q9I316		type III export protein PscH	M20.7
pscI	PA1722	879567	Q9I315		type III export protein PscI	M20.7
pscJ	PA1723	881901	Q9I314		type III export protein PscJ	M20.7
pscK	PA1724	880809	Q9I313		type III export protein PscK	Basal machinery
pscL	PA1725	880738	Q9I312		type III secretion system protein	M20.7
pscO	PA1696	878091	Q9I331		translocation protein in type III secretion	Basal machinery
pscR	PA1693	879755	Q9I334		type III secretion system protein	Basal machinery
pscU	PA1690	879536	Q9I337		translocation protein in type III secretion	Basal machinery
psd	PA4957	879173	Q9HUK8		phosphatidylserine decarboxylase	Basal machinery
psdR	PA4499	881061	Q9HVS2		transcriptional regulator	Basal machinery
pslA	PA2231	PseudoCap:PA223	Q9I1N8	psIA	protein PslA	M24
pslB	PA2232	880925	Q9I1N7	psIB	protein PslB	Basal machinery
pslC	PA2233	878103	Q9I1N6	psIC	protein PslC	Basal machinery
pslD	PA2234	PseudoCap:PA223	Q9I1N5	psID	protein PslD	Basal machinery
pslE	PA2235	878490	Q9I1N4	psIE	protein PslE	Basal machinery
pslF	PA2236	878020	Q9I1N3	psIF	protein PslF	Basal machinery
pslG	PA2237	879704	Q9I1N2	psIG	protein PslG	Basal machinery
pslH	PA2238	883079	Q9I1N1	psIH	protein PslH	Basal machinery
pslI	PA2239	882276	Q9I1N0	psII	protein PslI	Basal machinery
pslJ	PA2240	882251	Q9I1M9	psIJ	protein PslJ	Basal machinery
pslK	PA2241	880828	Q9I1M8	psIK	protein PslL	Basal machinery
pslL	PA2242	880701	Q9I1M7	psIL	hypothetical protein	Basal machinery
pslN	PA2244	880773	Q9I1M5		hypothetical protein	Basal machinery
pslO	PA2245		Q9I1M4			M24
psrA	PA3006	879874	Q9HZJ9		transcriptional regulator PsrA	Basal machinery
pssA	PA4693	881482	Q9HVA3		phosphatidylserine synthase	Basal machinery
pstC	PA5368	880527	G3XD02		phosphate ABC transporter membrane protein	Basal machinery
pth	PA4672	881396	Q9HVC3		peptidyl-tRNA hydrolase	Basal machinery
ptrB	PA0612	PseudoCap:PA061	G3XDA6		repressor PtrB	M20.5
ptsH	PA4466	881011	Q9HVV2		phosphoryl carrier protein	Basal machinery
ptsN	PA4464	880997	Q9HVV4		nitrogen regulatory IIA protein	Basal machinery
ptsP	PA0337	882232	G3XD36		phosphoenolpyruvate-protein phosphotransferase PtsP	Basal machinery
ptxR	PA2258	878030	P72131		transcriptional regulator PtxR	M20.3
ptxS	PA2259	877811	G3XD97		transcriptional regulator PtxS	M20.3
purC	PA1013	881642	Q9I4W0		phosphoribosylaminoimidazole-succinocarboxamide synthase	Basal machinery
purD	PA4855	878236	Q9HUV8		phosphoribosylamine--glycine ligase	Basal machinery
purF	PA3108	880477	Q51342		amidophosphoribosyltransferase	Basal machinery
purH	PA4854	880046	Q9HUV9		bifunctional phosphoribosylaminoimidazolecarboxamide formyltransferase/IMP cyclohydrolase	Basal machinery
purN	PA0944	878144	Q9I514		phosphoribosylglycinamide formyltransferase	Basal machinery
purU1	PA4314	881557	Q9HW87	purU	formyltetrahydrofolate deformylase	Basal machinery
putA	PA0782	878503	Q9I5F6		bifunctional proline dehydrogenase/pyrroline-5-carboxylate dehydrogenase	M1
putP	PA0783	877927	Q9I5F5		sodium/proline symporter PutP	Basal machinery
pvcA	PA2254	878099	Q9I1L5		paerucumarin biosynthesis protein PvcA	M20.3
pvcB	PA2255	878457	Q9I1L4		paerucumarin biosynthesis protein PvcB	M20.3
pvcC	PA2256	878263	O30372		paerucumarin biosynthesis protein PvcC	M20.3
pvcD	PA2257	878068	G3XCY7		paerucumarin biosynthesis protein PvcD	M20.3
pvdA	PA2386	882167	Q51548	pvd-1	L-ornithine N5-oxygenase	M21
pvdD	PA2399	879750	Q9I182		pyoverdine synthetase D	M21
pvdE	PA2397	877645	Q9I183		pyoverdine biosynthesis protein PvdE	Basal machinery
pvdF	PA2396	878624	Q9I184		pyoverdine synthetase F	Basal machinery
pvdG	PA2425	882840	Q9I156		protein PvdG	Basal machinery
pvdH	PA2413	882857	Q9I168		diaminobutyrate--2-oxoglutarate aminotransferase	M21
pvdJ	PA2400	878178	Q9I181		protein PvdJ	M21
pvdL	PA2424	882838	Q9I157		peptide synthase	Basal machinery
pvdN	PA2394	882202	G3XCY5		protein PvdN	Basal machinery
pvdO	PA2395	882188	Q9I185		protein PvdO	Basal machinery
pvdP	PA2392	882224	Q9I188		protein PvdP	Basal machinery
pvdQ	PA2385	PseudoCap:PA238	Q9I194	qsc112	3-oxo-C12-homoserine lactone acylase PvdQ	Basal machinery
pvdR	PA2389	882270	Q9I191		protein PvdR	Basal machinery
pvdS	PA2426	882839	G3XCV1		extracytoplasmic-function sigma-70 factor	Global regulator
pykF	PA1498	881682	Q9I3L4		pyruvate kinase	Basal machinery
pyrC	PA0401	878275	Q51551	pyrX	dihydroorotase	Basal machinery
pyrE	PA5331	878227	P50587		orotate phosphoribosyltransferase	Basal machinery
pyrF	PA2876	882585	Q59654		orotidine 5'-phosphate decarboxylase	Basal machinery
pyrG	PA3637	880546	Q9HXZ4		CTP synthetase	Basal machinery
pyrR	PA0403	878259	Q9X6W6		bifunctional pyrimidine regulatory protein PyrR/uracil phosphoribosyltransferase	Basal machinery
pys2	PA1150	878080	Q06584		pyocin S2	Basal machinery
qscR	PA1898	880650	G3XD77		quorum-sensing control repressor	M20.29
queC	PA0976	878060	Q9I4Z2		hypothetical protein	Basal machinery
queE	PA0975	877667	Q9I4Z3		radical activating enzyme	Basal machinery
rapA	PA3308	882473	Q9HYT6	hepA	ATP-dependent helicase HepA	Basal machinery
ratA	PA4767	881791	O68560		hypothetical protein	M20.9
rbfA	PA4743	881688	Q9HV56		ribosome-binding factor A	Basal machinery
rbsA	PA1947	880680	Q9I2F7		ribose transporter RbsA	Basal machinery
rbsB	PA1946	878276	Q9I2F8		ribose ABC transporter substrate-binding protein	Basal machinery
rbsC	PA1948	880795	Q9I2F6		ribose ABC transporter membrane protein	Basal machinery
rbsK	PA1950	880829	Q9I2F4		ribokinase	Basal machinery
rbsR	PA1949	877981	Q9I2F5		ribose operon repressor RbsR	Basal machinery
rcpA	PA4304	PseudoCap:PA430	Q9HW96		protein RcpA	Basal machinery
rcpC	PA4305	PseudoCap:PA430	Q9HW95		RcpC protein	Basal machinery
rdgC	PA3263	882426	Q9HYX7		recombination associated protein	Basal machinery
recD	PA4283	881652	Q9HWB7		exodeoxyribonuclease V subunit alpha	Basal machinery
recF	PA0003	879229	Q9I7C3		recombination protein F	Basal machinery
recG	PA5345	880937	Q9HTL3		ATP-dependent DNA helicase RecG	Basal machinery
recO	PA0772	878213	Q9XCX7		DNA repair protein RecO	Basal machinery
retS	PA4856	877881	Q9HUV7		RetS protein	Intermodular
rhdA	PA4956	PseudoCap:PA495	Q9HUK9		thiosulfate:cyanide sulfurtransferase	Basal machinery
rhlA	PA3479	PseudoCap:PA347	Q51559		rhamnosyltransferase subunit A	M6
rhlB	PA3478	878954	Q9HYD1		rhamnosyltransferase subunit B	M6
rhlC	PA1130	877665	Q9I4K5		rhamnosyltransferase 2	Basal machinery
rhlE	PA0428	877822	Q9I689		ATP-dependent RNA helicase	Basal machinery
rhlG	PA3387	880033	Q9RPT1		beta-ketoacyl reductase	Basal machinery
rhlI	PA3476	878967	P54291	vsmI	autoinducer synthesis protein RhlI	Basal machinery
rhlR	PA3477	878968	P54292	vsmR,lasM	transcriptional regulator RhlR	Global regulator
rho	PA5239	880855	Q9HTV1		transcription termination factor Rho	Basal machinery
ribF	PA4561	878195	Q9HVM3		bifunctional riboflavin kinase/FMN adenylyltransferase	Basal machinery
rimM	PA3744	880358	Q9HXQ0		16S rRNA-processing protein RimM	Basal machinery
rlmF	PA3840	879836	Q9HXG4		SAM-dependent methyltransferase	Basal machinery
rlmJ	PA5019	881241	Q9HUF0		hypothetical protein	Basal machinery
rlmM	PA1563	879379	Q9I3F4		RNA 2'-O-ribose methyltransferase	Basal machinery
rluB	PA3179	882705	Q9HZ55		hypothetical protein	Basal machinery
rluC	PA2975	880474	Q9HZM9		ribosomal large subunit pseudouridine synthase C	Basal machinery
rmf	PA3049	882866	Q9HZF9		ribosome modulation factor	Basal machinery
rmlA	PA5163	879990	Q9HU22		glucose-1-phosphate thymidylyltransferase	Basal machinery
rmlB	PA5161	879982	Q9HU24		dTDP-D-glucose 4,6-dehydratase	Basal machinery
rmlC	PA5164	879991	Q9HU21		dTDP-4-dehydrorhamnose 3,5-epimerase	Basal machinery
rmlD	PA5162	879983	Q9HU23		dTDP-4-dehydrorhamnose reductase	Basal machinery
rnc	PA0770	882139	Q9XCX9		ribonuclease III	Basal machinery
rnd	PA1294	881579	Q9I450		ribonuclease D	Basal machinery
rnhB	PA3642	880498	Q9HXY9		ribonuclease HII	Basal machinery
rocA1	PA3948	PseudoCap:PA394	Q9HX68		two-component response regulator RocA1	M20.32
rocS1	PA3946	PseudoCap:PA394	Q9HX70		two-component sensor	Basal machinery
roxR	PA4493	881056	Q9HVS8		RoxR protein	M22
roxS	PA4494	881057	Q9HVS7		RoxS protein	M22
rplA	PA4273	881704	Q9HWC6		50S ribosomal protein L1	Basal machinery
rplB	PA4260	881749	Q9HWD8		50S ribosomal protein L2	Basal machinery
rplC	PA4263	881728	Q9HWD5		50S ribosomal protein L3	Basal machinery
rplD	PA4262	881754	Q9HWD6		50S ribosomal protein L4	Basal machinery
rplE	PA4251	881779	Q9HWE7		50S ribosomal protein L5	Basal machinery
rplI	PA4932	879626	Q9HUN2		50S ribosomal protein L9	Basal machinery
rplJ	PA4272	881702	Q9HWC7		50S ribosomal protein L10	Basal machinery
rplL	PA4271	881701	Q9HWC8		50S ribosomal protein L7/L12	Basal machinery
rplM	PA4433	881275	Q9HVY2		50S ribosomal protein L13	Basal machinery
rplN	PA4253	881811	Q9HWE5		50S ribosomal protein L14	Basal machinery
rplO	PA4244	881805	Q9HWF4		50S ribosomal protein L15	Basal machinery
rplP	PA4256	881758	Q9HWE2		50S ribosomal protein L16	Basal machinery
rplQ	PA4237	881767	O52761		50S ribosomal protein L17	Basal machinery
rplR	PA4247	881795	Q9HWF1		50S ribosomal protein L18	Basal machinery
rplS	PA3742	880339	Q9HXQ2		50S ribosomal protein L19	Basal machinery
rplT	PA2741	882982	Q9I0A2		50S ribosomal protein L20	Basal machinery
rplU	PA4568	881148	Q9HVL6		50S ribosomal protein L21	Basal machinery
rplV	PA4258	881762	Q9HWE0		50S ribosomal protein L22	Basal machinery
rplW	PA4261	881753	Q9HWD7		50S ribosomal protein L23	Basal machinery
rplX	PA4252	881810	Q9HWE6		50S ribosomal protein L24	Basal machinery
rpmA	PA4567	880878	Q9HVL7		50S ribosomal protein L27	Basal machinery
rpmC	PA4255	881771	Q9HWE3		50S ribosomal protein L29	Basal machinery
rpmD	PA4245	881787	Q9HWF3		50S ribosomal protein L30	Basal machinery
rpmF	PA2970	880144	Q9HZN4		50S ribosomal protein L32	Basal machinery
rpmI	PA2742	879426	Q9I0A1		50S ribosomal protein L35	Basal machinery
rpoA	PA4238	881813	O52760		DNA-directed RNA polymerase subunit alpha	Basal machinery
rpoC	PA4269	881710	Q9HWC9		DNA-directed RNA polymerase subunit beta'	Basal machinery
rpoD	PA0576	882038	P26480	rpoDA	RNA polymerase sigma factor RpoD	Global regulator
rpoH	PA0376	883126	P42378		RNA polymerase factor sigma-32	Global regulator
rpoN	PA4462	881022	P49988		RNA polymerase factor sigma-54	Global regulator
rpoS	PA3622	880421	P45684		RNA polymerase sigma factor RpoS	Global regulator
rppH	PA0336	882290	Q9X4P2	ygdP,nudH	dinucleoside polyphosphate hydrolase	Basal machinery
rpsA	PA3162	882562	Q9HZ71		30S ribosomal protein S1	Basal machinery
rpsC	PA4257	881761	Q9HWE1		30S ribosomal protein S3	Basal machinery
rpsD	PA4239	881814	O52759		30S ribosomal protein S4	Basal machinery
rpsE	PA4246	881788	Q9HWF2		30S ribosomal protein S5	Basal machinery
rpsF	PA4935	877646	Q9HUM9		30S ribosomal protein S6	Basal machinery
rpsG	PA4267	881745	Q9HWD1		30S ribosomal protein S7	Basal machinery
rpsI	PA4432	881274	Q9HVY3		30S ribosomal protein S9	Basal machinery
rpsJ	PA4264	881717	Q9HWD4		30S ribosomal protein S10	Basal machinery
rpsL	PA4268	881709	Q9HWD0		30S ribosomal protein S12	Basal machinery
rpsO	PA4741	881675	Q9HV58		30S ribosomal protein S15	Basal machinery
rpsP	PA3745	880510	Q9HXP9		30S ribosomal protein S16	Basal machinery
rpsQ	PA4254	881770	Q9HWE4		30S ribosomal protein S17	Basal machinery
rpsR	PA4934	878035	Q9HUN0		30S ribosomal protein S18	Basal machinery
rpsS	PA4259	881748	Q9HWD9		30S ribosomal protein S19	Basal machinery
rpsU	PA0579	880307	Q9I5V8		30S ribosomal protein S21	Basal machinery
rrmA	PA1161	877757	Q9I4H6		rRNA methyltransferase	Basal machinery
rsaL	PA1431	881782	G3XD78		regulatory protein RsaL	M20.9
rsgA	PA4952	878216	Q9HUL3		ribosome-associated GTPase	Basal machinery
rsmY	PA0527.1	4179186		RsmY	regulatory RNA RsmY	Intermodular
rsmZ	PA3621.1	4179184		RsmZ	regulatory RNA RsmZ	Intermodular
rtcA	PA4585	881010	Q9HVJ9		RNA 3'-terminal-phosphate cyclase	Basal machinery
rtcB	PA4583	881003	Q9HVK1		hypothetical protein	Basal machinery
rtcR	PA4581	880996	Q9HVK3		transcriptional regulator RtcR	Basal machinery
ruvB	PA0967	882028	Q51426		Holliday junction DNA helicase RuvB	Basal machinery
sbcC	PA4282	881690	Q9HWB8		exonuclease	Basal machinery
sbcD	PA4281	881611	Q9HWB9		exonuclease SbcD	Basal machinery
sbp	PA0283	881922	Q9I6K7		sulfate-binding protein	Basal machinery
sdaA	PA2443	882930	Q9I139		L-serine dehydratase	M20.12
sdaB	PA5379	878445	Q9HTI5		L-serine dehydratase	Basal machinery
sdhA	PA1583	881934	Q9I3D5		succinate dehydrogenase flavoprotein subunit	Basal machinery
sdhB	PA1584	882034	Q9I3D4		succinate dehydrogenase iron-sulfur subunit	Basal machinery
sdhC	PA1581	881880	Q9I3D7		succinate dehydrogenase subunit C	Basal machinery
sdhD	PA1582	881923	Q9I3D6		succinate dehydrogenase subunit D	Basal machinery
sdsA1	PA0740	PseudoCap:PA074	Q9I5I9		SDS hydrolase SdsA1	M9
secB	PA5128	878569	Q9HU56		preprotein translocase subunit SecB	Basal machinery
secD	PA3821	878279	Q9HXI1		preprotein translocase subunit SecD	Basal machinery
secE	PA4276	881694	Q9HWC3		preprotein translocase subunit SecE	Basal machinery
secF	PA3820	879904	Q9HXI2		preprotein translocase subunit SecF	Basal machinery
secG	PA4747	881707	Q9HV52		preprotein translocase subunit SecG	Basal machinery
secY	PA4243	881804	Q9HWF5		preprotein translocase subunit SecY	Basal machinery
selD	PA1642	877775	Q9I383		selenophosphate synthetase	Basal machinery
selU	PA1643	878548	Q9I382		tRNA 2-selenouridine synthase	Basal machinery
senC	PA0114	879388	Q9I718		SenC protein	Basal machinery
sigX	PA1776	878527	Q9I2W5		RNA polymerase sigma factor SigX	Global regulator
sltB1	PA4001	878946	Q9HX24		soluble lytic transglycosylase B	Basal machinery
slyD	PA0837	880885	Q9I5A3		peptidyl-prolyl cis-trans isomerase SlyD	Basal machinery
slyX	PA0960	882073	Q9I4Z9		hypothetical protein	Basal machinery
smpB	PA4768	881797	Q9HV40		SsrA-binding protein	Basal machinery
snr1	PA3032	878993	Q9HZH6		cytochrome C Snr1	Basal machinery
sodA	PA4468	881040	P53652	sodM,slyB	superoxide dismutase	Basal machinery
sodB	PA4366	881397	P53641		superoxide dismutase	Basal machinery
sotB	PA4113	880871	Q9HWR7		sugar efflux transporter	Basal machinery
soxA	PA5418	PseudoCap:PA541	Q9HTE6		sarcosine oxidase subunit alpha	Basal machinery
soxB	PA5416	PseudoCap:PA541	Q9HTE8		sarcosine oxidase subunit beta	Basal machinery
soxD	PA5417	PseudoCap:PA541	Q9HTE7		sarcosine oxidase subunit delta	Basal machinery
soxG	PA5419	PseudoCap:PA541	Q9HTE5		sarcosine oxidase subunit gamma	Basal machinery
soxR	PA2273	882298	Q51506		SoxR protein	Global regulator
spdH	PA3713	PseudoCap:PA371	Q9HXS8		spermidine dehydrogenase SpdH	Basal machinery
speA	PA4389	879594	Q9HUX1		arginine decarboxylase	Basal machinery
speH	PA4773	881823	Q9HV35		hypothetical protein	Basal machinery
spuA	PA0297	880604	Q9I6J4		glutamine amidotransferase	M20.1
spuB	PA0298	880835	Q9I6J3		glutamine synthetase	M20.1
spuC	PA0299	878357	Q9I6J2		aminotransferase	M20.1
spuD	PA0300	880655	Q9I6J1		polyamine transporter	M20.1
spuE	PA0301	877626	Q9I6J0		polyamine transporter	M20.1
spuF	PA0302	877636	Q9I6I9		polyamine transporter PotG	M20.1
spuG	PA0303	880687	Q9I6I8		polyamine transporter PotH	M20.1
spuH	PA0304	878265	Q9I6I7		polyamine transporter PotI	M20.1
spuI	PA0296	PseudoCap:PA029	Q9I6J5		glutamine synthetase	M20.1
sspA	PA4428	881209	Q9HVY7		stringent starvation protein A	Basal machinery
sspB	PA4427	881226	Q9HVY8		ClpXP protease specificity-enhancing factor	Basal machinery
sstT	PA2042	878429	Q9I273		serine/threonine transporter SstT	Basal machinery
ssuB1	PA3442	879100	Q9HYG4		aliphatic sulfonates transport ATP-binding subunit	Basal machinery
ssuD	PA3444	879163	Q9HYG2		alkanesulfonate monooxygenase	Basal machinery
surA	PA0594	879552	Q9I5U3		peptidyl-prolyl cis-trans isomerase SurA	Basal machinery
tadA	PA4302	880561	Q9HXM8		hypothetical protein	Basal machinery
tadB	PA4301	PseudoCap:PA430	Q9HW99		protein TadB	Basal machinery
tadC	PA4300	PseudoCap:PA430	Q9HWA0		protein TadC	Basal machinery
tadG	PA4297	PseudoCap:PA429	Q9HWA3		protein TadG	Basal machinery
tadZ	PA4303	PseudoCap:PA430	Q9HW97		protein TadZ	Basal machinery
tal	PA2796	882755	Q9I047		transaldolase B	Basal machinery
tam	PA2564	882722	Q9I0S1		hypothetical protein	Basal machinery
tatB	PA5069	879670	Q9HUB4		sec-independent translocase	Basal machinery
tatC	PA5070	879671	Q9HUB3		transporter TatC	Basal machinery
tesA	PA2856	878554	Q9HZY8		acyl-CoA thioesterase	Basal machinery
tgt	PA3823	879886	Q9HXH9		queuine tRNA-ribosyltransferase	Basal machinery
thiG	PA0381	879802	Q9I6B4		thiazole synthase	Basal machinery
thiI	PA5118	877687	Q9HU66		thiamine biosynthesis protein ThiI	Basal machinery
tilS	PA3638	880547	Q9HXZ3		hypothetical protein	Intermodular
tolA	PA0971	882033	P50600		TolA protein	M20.3
tolB	PA0972	881864	P50601		translocation protein TolB	M20.3
tolQ	PA0969	882055	P50598		TolQ protein	M20.3
tolR	PA0970	882113	P50599		TolR protein	M20.3
tonB	PA5531	878138	Q51368	tonB1	protein TonB1	Basal machinery
toxR	PA0707	880684	P09852	regA	transcriptional regulator ToxR	M20.3
tpbA	PA3885	878776	Q9HXC7		protein tyrosine phosphatase TpbA	Basal machinery
tpbB	PA1120	881684	Q9I4L5		diguanylate cyclase	Basal machinery
tpiA	PA4748	881712	Q9HV51		triosephosphate isomerase	Basal machinery
treA	PA2416	882861	Q9I165		trehalase	Basal machinery
trkA	PA0016	879255	Q9I7B0		potassium transporter peripheral membrane protein	Basal machinery
trkH	PA3210	882536	Q9HZ30		potassium uptake protein TrkH	Basal machinery
trmB	PA0382	879787	Q9I6B3	micA	tRNA (guanine-N(7)-)-methyltransferase	Basal machinery
trmD	PA3743	880357	Q9HXQ1		tRNA (guanine-N(1)-)-methyltransferase	Basal machinery
trmL	PA5127	878568	Q9HU57		rRNA methylase	Basal machinery
trpA	PA0035	879479	P07344		tryptophan synthase subunit alpha	M36
trpB	PA0036	879212	P07345		tryptophan synthase subunit beta	M36
trpC	PA0651	882120	P20577		indole-3-glycerol phosphate synthase	Basal machinery
trpD	PA0650	880665	P20574		anthranilate phosphoribosyltransferase	Basal machinery
trpG	PA0649	878400	P20576		anthranilate synthase component II	Basal machinery
trpI	PA0037	883090	P11720		transcriptional regulator TrpI	M36
truB	PA4742	881676	P72154	orp	tRNA pseudouridine synthase B	Basal machinery
trxA	PA5240	877946	Q9X2T1	trx	thioredoxin	Basal machinery
tsaC	PA0022	880711	Q9I7A5	rimN	hypothetical protein	Basal machinery
tsaD	PA0580	882271	Q9I5V7	gcp	DNA-binding/iron metalloprotein/AP endonuclease	Basal machinery
tsf	PA3655	880592	O82851		elongation factor Ts	Basal machinery
typA	PA5117	879601	Q9HU67		regulatory protein TypA	Basal machinery
tyrS2	PA0668	880817	Q9I5Q3	tyrZ	tyrosyl-tRNA synthetase	Basal machinery
ubiD	PA5237	880853	Q9HTV3		hypothetical protein	Basal machinery
ubiH	PA5223	882287	Q9HTW7		2-octaprenyl-6-methoxyphenyl hydroxylase	Basal machinery
uppP	PA1959	877690	Q9I2E5	upk,bacA	undecaprenyl pyrophosphate phosphatase	Basal machinery
uraA	PA4647	881278	Q9HVE5		uracil permease	Basal machinery
ureA	PA4865	882210	Q9HUU8		urease subunit gamma	Basal machinery
ureB	PA4867	882185	Q9HUU6		urease subunit beta	Basal machinery
ureC	PA4868	878240	Q9HUU5		urease subunit alpha	Basal machinery
ureD	PA4864	879776	Q9HUU9		urease accessory protein	Basal machinery
ureE	PA4891	882294	Q9HUS2		urease accessory protein UreE	Basal machinery
ureF	PA4892	882295	Q9HUS1		urease accessory protein UreF	Basal machinery
ureG	PA4893	878632	Q9HUS0		urease accessory protein UreG	Basal machinery
uvrB	PA3138	882670	P72174		excinuclease ABC subunit B	Basal machinery
vfr	PA0652	880744	P55222		cAMP-regulatory protein	M20.3
vqsM	PA2227	PseudoCap:PA222	Q9I1P2		AraC family transcriptional regulator	Global regulator
vqsR	PA2591	878740	Q9I0P6		transcriptional regulator	Global regulator
vreA	PA0674	879213	G3XD45		VreA protein	Basal machinery
vreI	PA0675	878410	Q9I5P9		ECF sigma factor VreI	M20.1
vreR	PA0676	878456	G3XCU5		sigma factor regulator VreR	M20.1
waaC	PA5011	881533	Q9HUF5		heptosyltransferase I	Basal machinery
wapR	PA5000	PseudoCap:PA500	Q9HUG5		alpha-1,3-rhamnosyltransferase WapR	Basal machinery
wbpA	PA3159	879921	G3XD94		UDP-N-acetyl-d-glucosamine 6-dehydrogenase	Basal machinery
wbpE	PA3155	882653	Q9HZ76		UDP-2-acetamido-2-dideoxy-d-ribo-hex-3-uluronic acid transaminase WbpE	Basal machinery
wbpG	PA3150	882581	Q9HZ78		LPS biosynthesis protein WbpG	Basal machinery
wbpH	PA3149	882607	G3XD85		glycosyltransferase WbpH	Basal machinery
wbpI	PA3148	882693	G3XD61		UDP-N-acetylglucosamine 2-epimerase	Basal machinery
wbpJ	PA3147	882692	Q9HZ80		glycosyl transferase WbpJ	Basal machinery
wbpM	PA3141	882583	Q9HZ86		nucleotide sugar epimerase/dehydratase WbpM	Basal machinery
wzy	PA3154	882652	G3XCW3		B-band O-antigen polymerase	Basal machinery
wzz	PA3160	879922	G3XCY2		O-antigen chain length regulator	Basal machinery
xcpP	PA3104	877805	Q51575		secretion protein XcpP	Basal machinery
xcpQ	PA3105	880114	P35818		general secretion pathway protein D	Basal machinery
xcpR	PA3103	877804	Q00512		general secretion pathway protein E	Basal machinery
xcpS	PA3102	878732	Q00513		general secretion pathway protein F	Basal machinery
xcpT	PA3101	878731	Q00514	pddA	general secretion pathway protein G	Basal machinery
xcpU	PA3100	882756	Q00515	pddB	general secretion pathway outer membrane protein H	Basal machinery
xcpV	PA3099	882777	Q00516	pddC	general secretion pathway protein I	Basal machinery
xcpW	PA3098	882776	Q00517	pddD	general secretion pathway protein J	Basal machinery
xcpX	PA3097	882779	Q00518		general secretion pathway protein K	Basal machinery
xcpY	PA3096	882778	P25060		general secretion pathway protein L	Basal machinery
xcpZ	PA3095	882766	P25061		general secretion pathway protein M	Basal machinery
xenB	PA4356	881382	Q9HW45		xenobiotic reductase	M37
xerC	PA5280	878328	Q51566	sss	site-specific tyrosine recombinase XerC	Basal machinery
ychF	PA4673	881404	Q9HVC2		GTP-dependent nucleic acid-binding protein EngD	Basal machinery
yfiB	PA1119	881938	Q9I4L6		hypothetical protein	Basal machinery
yfiR	PA1121	877671	Q9I4L4		hypothetical protein	Basal machinery
zapA	PA5227	878641	Q9HTW3		hypothetical protein	Basal machinery
zapE	PA4438	880957	Q9HVX7		hypothetical protein	Basal machinery
zwf	PA3183	878525	Q9HTC7		glucose-6-phosphate 1-dehydrogenase	M5
