MAN_Code,Topology_Class,Circuit,Motif_Size,Level_String,Num_Input_Nodes,Num_Middle_Nodes,Num_Output_Nodes,NDA_String,Num_Unique_NDAs,Team_String,Num_Unique_Teams,TF_String,Num_TFs,Count
010,Feed-Forward,010-N0,2,Input_Output,1,0,1,Global regulator : Basal machinery,2,3_1,2,TF_NonTF,1,59
010,Feed-Forward,010-N0,2,Input_Output,1,0,1,Global regulator : Basal machinery,2,2_1,2,NonTF_NonTF,0,37
010,Feed-Forward,010-N0,2,Middle_Output,0,1,1,Global regulator : Basal machinery,2,1_2,2,TF_NonTF,1,29
010,Feed-Forward,010-N0,2,Input_Output,1,0,1,Global regulator : Basal machinery,2,1_2,2,TF_NonTF,1,28
010,Feed-Forward,010-N0,2,Middle_Output,0,1,1,Global regulator : Basal machinery,2,2_1,2,TF_NonTF,1,25
010,Feed-Forward,010-N0,2,Middle_Output,0,1,1,Global regulator : Basal machinery,2,1_2,2,NonTF_NonTF,0,23
010,Feed-Forward,010-N0,2,Middle_Output,0,1,1,Global regulator : Basal machinery,2,4_1,2,TF_NonTF,1,23
010,Feed-Forward,010-N0,2,Middle_Output,0,1,1,Global regulator : Basal machinery,2,3_1,2,TF_NonTF,1,20
010,Feed-Forward,010-N0,2,Input_Output,1,0,1,Global regulator : Basal machinery,2,3_1,2,NonTF_NonTF,0,8
010,Feed-Forward,010-N0,2,Middle_Output,0,1,1,Global regulator : Basal machinery,2,2_3,2,TF_NonTF,1,7
010,Feed-Forward,010-N0,2,Input_Output,1,0,1,Global regulator : Basal machinery,2,2_3,2,NonTF_NonTF,0,4
010,Feed-Forward,010-N0,2,Input_Output,1,0,1,Global regulator : Intermodular,2,2_1,2,NonTF_NonTF,0,4
010,Feed-Forward,010-N0,2,Input_Output,1,0,1,Global regulator : Basal machinery,2,1_3,2,TF_NonTF,1,3
010,Feed-Forward,010-N0,2,Input_Output,1,0,1,M14 : M14,2,2_1,2,TF_NonTF,1,3
010,Feed-Forward,010-N0,2,Middle_Output,0,1,1,Global regulator : Basal machinery,2,2_1,2,NonTF_NonTF,0,3
010,Feed-Forward,010-N0,2,Middle_Output,0,1,1,Global regulator : Basal machinery,2,4_2,2,TF_NonTF,1,3
010,Feed-Forward,010-N0,2,Middle_Output,0,1,1,Global regulator : Intermodular,2,4_1,2,TF_NonTF,1,3
010,Feed-Forward,010-N0,2,Input_Output,1,0,1,Global regulator : Basal machinery,2,2_1,2,TF_NonTF,1,2
010,Feed-Forward,010-N0,2,Input_Output,1,0,1,M1.1 : M1.1,2,3_1,2,NonTF_NonTF,0,2
010,Feed-Forward,010-N0,2,Input_Output,1,0,1,M14 : M14,2,2_3,2,TF_NonTF,1,2
010,Feed-Forward,010-N0,2,Middle_Middle,0,2,0,Global regulator : Global regulator,2,1_2,2,TF_NonTF,1,2
010,Feed-Forward,010-N0,2,Middle_Output,0,1,1,Global regulator : Basal machinery,2,1_3,2,TF_NonTF,1,2
010,Feed-Forward,010-N0,2,Middle_Output,0,1,1,Global regulator : Basal machinery,2,3_2,2,TF_NonTF,1,2
010,Feed-Forward,010-N0,2,Middle_Output,0,1,1,Global regulator : Basal machinery,2,3_4,2,TF_NonTF,1,2
010,Feed-Forward,010-N0,2,Middle_Output,0,1,1,Global regulator : Basal machinery,2,5_4,2,TF_NonTF,1,2
010,Feed-Forward,010-N0,2,Middle_Output,0,1,1,Global regulator : M1.1,2,4_1,2,TF_NonTF,1,2
010,Feed-Forward,010-N0,2,Middle_Output,0,1,1,Global regulator : M1.27,2,2_1,2,TF_NonTF,1,2
010,Feed-Forward,010-N0,2,Middle_Output,0,1,1,Global regulator : M3,2,1_2,2,TF_NonTF,1,2
010,Feed-Forward,010-N0,2,Middle_Output,0,1,1,M1.18 : M1.18,2,1_2,2,TF_NonTF,1,2
010,Feed-Forward,010-N0,2,Middle_Output,0,1,1,M3 : M3,2,2_1,2,TF_NonTF,1,2
010,Feed-Forward,010-N0,2,Input_Middle,1,1,0,Global regulator : Global regulator,2,1_3,2,TF_NonTF,1,1
010,Feed-Forward,010-N0,2,Input_Middle,1,1,0,Global regulator : Global regulator,2,1_4,2,TF_TF,2,1
010,Feed-Forward,010-N0,2,Input_Middle,1,1,0,Global regulator : M1.3,2,2_6,2,NonTF_NonTF,0,1
010,Feed-Forward,010-N0,2,Input_Middle,1,1,0,Global regulator : M1.39,2,1_2,2,TF_NonTF,1,1
010,Feed-Forward,010-N0,2,Input_Middle,1,1,0,M1.1 : M1.1,2,3_1,2,NonTF_TF,1,1
010,Feed-Forward,010-N0,2,Input_Output,1,0,1,Global regulator : Basal machinery,2,1_2,2,NonTF_NonTF,0,1
010,Feed-Forward,010-N0,2,Input_Output,1,0,1,Global regulator : Basal machinery,2,1_3,2,TF_TF,2,1
010,Feed-Forward,010-N0,2,Input_Output,1,0,1,Global regulator : Basal machinery,2,1_6,2,TF_NonTF,1,1
010,Feed-Forward,010-N0,2,Input_Output,1,0,1,Global regulator : Basal machinery,2,2_1,2,NonTF_TF,1,1
010,Feed-Forward,010-N0,2,Input_Output,1,0,1,Global regulator : Basal machinery,2,2_3,2,NonTF_TF,1,1
010,Feed-Forward,010-N0,2,Input_Output,1,0,1,Global regulator : Basal machinery,2,2_4,2,NonTF_NonTF,0,1
010,Feed-Forward,010-N0,2,Input_Output,1,0,1,Global regulator : Basal machinery,2,3_1,2,TF_TF,2,1
010,Feed-Forward,010-N0,2,Input_Output,1,0,1,Global regulator : Basal machinery,2,3_2,2,TF_NonTF,1,1
010,Feed-Forward,010-N0,2,Input_Output,1,0,1,Global regulator : Global regulator,2,1_2,2,TF_NonTF,1,1
010,Feed-Forward,010-N0,2,Input_Output,1,0,1,Global regulator : Intermodular,2,1_2,2,TF_NonTF,1,1
010,Feed-Forward,010-N0,2,Input_Output,1,0,1,Global regulator : Intermodular,2,1_3,2,TF_NonTF,1,1
010,Feed-Forward,010-N0,2,Input_Output,1,0,1,Global regulator : Intermodular,2,3_1,2,NonTF_NonTF,0,1
010,Feed-Forward,010-N0,2,Input_Output,1,0,1,Global regulator : Intermodular,2,3_1,2,TF_NonTF,1,1
010,Feed-Forward,010-N0,2,Input_Output,1,0,1,Global regulator : M1.16,2,1_2,2,TF_NonTF,1,1
010,Feed-Forward,010-N0,2,Input_Output,1,0,1,Global regulator : M1.22,2,1_2,2,TF_NonTF,1,1
010,Feed-Forward,010-N0,2,Input_Output,1,0,1,Global regulator : M1.39,2,1_2,2,TF_NonTF,1,1
010,Feed-Forward,010-N0,2,Input_Output,1,0,1,Global regulator : M1.39,2,2_4,2,NonTF_NonTF,0,1
010,Feed-Forward,010-N0,2,Input_Output,1,0,1,Global regulator : M1.7,2,1_2,2,TF_NonTF,1,1
010,Feed-Forward,010-N0,2,Input_Output,1,0,1,Global regulator : M1.7,2,2_1,2,NonTF_NonTF,0,1
010,Feed-Forward,010-N0,2,Input_Output,1,0,1,Global regulator : M19,2,1_2,2,TF_NonTF,1,1
010,Feed-Forward,010-N0,2,Input_Output,1,0,1,Global regulator : M2,2,2_1,2,NonTF_NonTF,0,1
010,Feed-Forward,010-N0,2,Input_Output,1,0,1,Global regulator : M3,2,3_2,2,TF_NonTF,1,1
010,Feed-Forward,010-N0,2,Input_Output,1,0,1,Global regulator : M5,2,2_1,2,NonTF_NonTF,0,1
010,Feed-Forward,010-N0,2,Input_Output,1,0,1,M1.22 : Intermodular,2,1_2,2,TF_NonTF,1,1
010,Feed-Forward,010-N0,2,Input_Output,1,0,1,M1.38 : Intermodular,2,2_1,2,NonTF_NonTF,0,1
010,Feed-Forward,010-N0,2,Input_Output,1,0,1,M1.7 : Intermodular,2,2_1,2,TF_NonTF,1,1
010,Feed-Forward,010-N0,2,Input_Output,1,0,1,M18 : M18,2,1_2,2,TF_NonTF,1,1
010,Feed-Forward,010-N0,2,Input_Output,1,0,1,M25 : M25,2,1_2,2,NonTF_NonTF,0,1
010,Feed-Forward,010-N0,2,Input_Output,1,0,1,M6 : M6,2,1_2,2,NonTF_NonTF,0,1
010,Feed-Forward,010-N0,2,Middle_Middle,0,2,0,Global regulator : Basal machinery,2,3_1,2,TF_NonTF,1,1
010,Feed-Forward,010-N0,2,Middle_Middle,0,2,0,Global regulator : Global regulator,2,1_3,2,NonTF_NonTF,0,1
010,Feed-Forward,010-N0,2,Middle_Middle,0,2,0,Global regulator : Global regulator,2,1_3,2,TF_NonTF,1,1
010,Feed-Forward,010-N0,2,Middle_Middle,0,2,0,Global regulator : Global regulator,2,3_2,2,TF_NonTF,1,1
010,Feed-Forward,010-N0,2,Middle_Middle,0,2,0,Global regulator : Global regulator,2,4_1,2,TF_NonTF,1,1
010,Feed-Forward,010-N0,2,Middle_Middle,0,2,0,Global regulator : Global regulator,2,4_1,2,TF_TF,2,1
010,Feed-Forward,010-N0,2,Middle_Middle,0,2,0,Global regulator : Global regulator,2,4_3,2,TF_NonTF,1,1
010,Feed-Forward,010-N0,2,Middle_Middle,0,2,0,Global regulator : Global regulator,2,4_5,2,TF_TF,2,1
010,Feed-Forward,010-N0,2,Middle_Middle,0,2,0,Global regulator : Global regulator,2,5_3,2,TF_NonTF,1,1
010,Feed-Forward,010-N0,2,Middle_Middle,0,2,0,Global regulator : M1.16,2,2_3,2,TF_TF,2,1
010,Feed-Forward,010-N0,2,Middle_Middle,0,2,0,M7 : Global regulator,2,1_2,2,NonTF_NonTF,0,1
010,Feed-Forward,010-N0,2,Middle_Output,0,1,1,Global regulator : Basal machinery,2,1_6,2,TF_NonTF,1,1
010,Feed-Forward,010-N0,2,Middle_Output,0,1,1,Global regulator : Basal machinery,2,2_1,2,TF_TF,2,1
010,Feed-Forward,010-N0,2,Middle_Output,0,1,1,Global regulator : Basal machinery,2,2_3,2,NonTF_NonTF,0,1
010,Feed-Forward,010-N0,2,Middle_Output,0,1,1,Global regulator : Basal machinery,2,2_4,2,NonTF_NonTF,0,1
010,Feed-Forward,010-N0,2,Middle_Output,0,1,1,Global regulator : Basal machinery,2,3_1,2,NonTF_NonTF,0,1
010,Feed-Forward,010-N0,2,Middle_Output,0,1,1,Global regulator : Basal machinery,2,3_1,2,TF_TF,2,1
010,Feed-Forward,010-N0,2,Middle_Output,0,1,1,Global regulator : Basal machinery,2,3_6,2,TF_NonTF,1,1
010,Feed-Forward,010-N0,2,Middle_Output,0,1,1,Global regulator : Basal machinery,2,4_1,2,TF_TF,2,1
010,Feed-Forward,010-N0,2,Middle_Output,0,1,1,Global regulator : Basal machinery,2,4_6,2,TF_NonTF,1,1
010,Feed-Forward,010-N0,2,Middle_Output,0,1,1,Global regulator : Basal machinery,2,5_6,2,TF_NonTF,1,1
010,Feed-Forward,010-N0,2,Middle_Output,0,1,1,Global regulator : Global regulator,2,4_2,2,TF_NonTF,1,1
010,Feed-Forward,010-N0,2,Middle_Output,0,1,1,Global regulator : Intermodular,2,2_1,2,NonTF_NonTF,0,1
010,Feed-Forward,010-N0,2,Middle_Output,0,1,1,Global regulator : Intermodular,2,2_1,2,TF_NonTF,1,1
010,Feed-Forward,010-N0,2,Middle_Output,0,1,1,Global regulator : Intermodular,2,2_3,2,TF_NonTF,1,1
010,Feed-Forward,010-N0,2,Middle_Output,0,1,1,Global regulator : Intermodular,2,3_1,2,TF_TF,2,1
010,Feed-Forward,010-N0,2,Middle_Output,0,1,1,Global regulator : Intermodular,2,3_2,2,TF_NonTF,1,1
010,Feed-Forward,010-N0,2,Middle_Output,0,1,1,Global regulator : M1.1,2,1_2,2,NonTF_NonTF,0,1
010,Feed-Forward,010-N0,2,Middle_Output,0,1,1,Global regulator : M1.1,2,2_1,2,TF_NonTF,1,1
010,Feed-Forward,010-N0,2,Middle_Output,0,1,1,Global regulator : M1.11,2,2_4,2,TF_NonTF,1,1
010,Feed-Forward,010-N0,2,Middle_Output,0,1,1,Global regulator : M1.16,2,2_1,2,TF_NonTF,1,1
010,Feed-Forward,010-N0,2,Middle_Output,0,1,1,Global regulator : M1.19,2,4_1,2,TF_NonTF,1,1
010,Feed-Forward,010-N0,2,Middle_Output,0,1,1,Global regulator : M1.2,2,2_3,2,TF_NonTF,1,1
010,Feed-Forward,010-N0,2,Middle_Output,0,1,1,Global regulator : M1.2,2,2_3,2,TF_TF,2,1
010,Feed-Forward,010-N0,2,Middle_Output,0,1,1,Global regulator : M1.20,2,3_2,2,TF_NonTF,1,1
010,Feed-Forward,010-N0,2,Middle_Output,0,1,1,Global regulator : M1.23,2,1_2,2,TF_NonTF,1,1
010,Feed-Forward,010-N0,2,Middle_Output,0,1,1,Global regulator : M1.28,2,4_1,2,TF_NonTF,1,1
010,Feed-Forward,010-N0,2,Middle_Output,0,1,1,Global regulator : M1.29,2,2_1,2,TF_NonTF,1,1
010,Feed-Forward,010-N0,2,Middle_Output,0,1,1,Global regulator : M1.39,2,1_4,2,TF_NonTF,1,1
010,Feed-Forward,010-N0,2,Middle_Output,0,1,1,Global regulator : M1.39,2,3_2,2,TF_NonTF,1,1
010,Feed-Forward,010-N0,2,Middle_Output,0,1,1,Global regulator : M1.7,2,2_1,2,TF_NonTF,1,1
010,Feed-Forward,010-N0,2,Middle_Output,0,1,1,Global regulator : M10,2,3_1,2,TF_NonTF,1,1
010,Feed-Forward,010-N0,2,Middle_Output,0,1,1,Global regulator : M11,2,3_1,2,TF_TF,2,1
010,Feed-Forward,010-N0,2,Middle_Output,0,1,1,Global regulator : M11,2,4_1,2,TF_TF,2,1
010,Feed-Forward,010-N0,2,Middle_Output,0,1,1,Global regulator : M14,2,2_3,2,TF_NonTF,1,1
010,Feed-Forward,010-N0,2,Middle_Output,0,1,1,Global regulator : M14,2,3_1,2,TF_NonTF,1,1
010,Feed-Forward,010-N0,2,Middle_Output,0,1,1,Global regulator : M2,2,4_1,2,TF_NonTF,1,1
010,Feed-Forward,010-N0,2,Middle_Output,0,1,1,Global regulator : M23,2,2_1,2,NonTF_NonTF,0,1
010,Feed-Forward,010-N0,2,Middle_Output,0,1,1,Global regulator : M24,2,4_1,2,TF_NonTF,1,1
010,Feed-Forward,010-N0,2,Middle_Output,0,1,1,Global regulator : M27,2,1_2,2,NonTF_NonTF,0,1
010,Feed-Forward,010-N0,2,Middle_Output,0,1,1,Global regulator : M27,2,1_2,2,TF_NonTF,1,1
010,Feed-Forward,010-N0,2,Middle_Output,0,1,1,Global regulator : M27,2,2_1,2,TF_NonTF,1,1
010,Feed-Forward,010-N0,2,Middle_Output,0,1,1,Global regulator : M3,2,2_1,2,TF_NonTF,1,1
010,Feed-Forward,010-N0,2,Middle_Output,0,1,1,Global regulator : M5,2,1_2,2,NonTF_NonTF,0,1
010,Feed-Forward,010-N0,2,Middle_Output,0,1,1,Global regulator : M8,2,2_1,2,TF_NonTF,1,1
010,Feed-Forward,010-N0,2,Middle_Output,0,1,1,M1.11 : M1.11,2,1_2,2,NonTF_NonTF,0,1
010,Feed-Forward,010-N0,2,Middle_Output,0,1,1,M1.16 : M1.16,2,3_1,2,TF_NonTF,1,1
010,Feed-Forward,010-N0,2,Middle_Output,0,1,1,M1.16 : M1.16,2,3_2,2,TF_NonTF,1,1
010,Feed-Forward,010-N0,2,Middle_Output,0,1,1,M1.18 : Intermodular,2,1_2,2,TF_NonTF,1,1
010,Feed-Forward,010-N0,2,Middle_Output,0,1,1,M1.21 : M1.21,2,1_2,2,TF_NonTF,1,1
010,Feed-Forward,010-N0,2,Middle_Output,0,1,1,M1.5 : M1.5,2,1_2,2,TF_NonTF,1,1
010,Feed-Forward,010-N0,2,Middle_Output,0,1,1,M24 : M24,2,1_2,2,TF_NonTF,1,1
010,Feed-Forward,010-P0,2,Input_Output,1,0,1,Global regulator : Basal machinery,2,1_1,1,TF_NonTF,1,59
010,Feed-Forward,010-P0,2,Input_Output,1,0,1,Global regulator : Basal machinery,2,2_2,1,NonTF_NonTF,0,12
010,Feed-Forward,010-P0,2,Middle_Output,0,1,1,Global regulator : Basal machinery,2,4_2,2,TF_NonTF,1,11
010,Feed-Forward,010-P0,2,Input_Output,1,0,1,Global regulator : Basal machinery,2,3_5,2,TF_NonTF,1,8
010,Feed-Forward,010-P0,2,Middle_Middle,0,2,0,M1.1 : M1.1,2,1_1,1,TF_TF,2,8
010,Feed-Forward,010-P0,2,Middle_Output,0,1,1,Global regulator : Basal machinery,2,2_2,1,TF_NonTF,1,6
010,Feed-Forward,010-P0,2,Middle_Output,0,1,1,Global regulator : Basal machinery,2,1_1,1,NonTF_NonTF,0,5
010,Feed-Forward,010-P0,2,Middle_Output,0,1,1,Global regulator : Basal machinery,2,2_2,1,NonTF_NonTF,0,5
010,Feed-Forward,010-P0,2,Middle_Output,0,1,1,Global regulator : Basal machinery,2,4_1,2,TF_NonTF,1,5
010,Feed-Forward,010-P0,2,Input_Middle,1,1,0,Global regulator : Global regulator,2,1_1,1,TF_TF,2,4
010,Feed-Forward,010-P0,2,Input_Output,1,0,1,Global regulator : Basal machinery,2,1_1,1,TF_TF,2,4
010,Feed-Forward,010-P0,2,Input_Output,1,0,1,Global regulator : Basal machinery,2,1_2,2,TF_NonTF,1,4
010,Feed-Forward,010-P0,2,Input_Output,1,0,1,Global regulator : Basal machinery,2,2_1,2,NonTF_NonTF,0,4
010,Feed-Forward,010-P0,2,Input_Output,1,0,1,Global regulator : Basal machinery,2,3_3,1,TF_NonTF,1,4
010,Feed-Forward,010-P0,2,Input_Output,1,0,1,Global regulator : Intermodular,2,1_1,1,TF_NonTF,1,4
010,Feed-Forward,010-P0,2,Input_Output,1,0,1,Global regulator : M1.1,2,1_1,1,TF_NonTF,1,3
010,Feed-Forward,010-P0,2,Input_Output,1,0,1,Global regulator : M17,2,1_1,1,TF_NonTF,1,3
010,Feed-Forward,010-P0,2,Input_Output,1,0,1,Global regulator : Basal machinery,2,2_1,2,TF_NonTF,1,2
010,Feed-Forward,010-P0,2,Input_Output,1,0,1,Global regulator : Basal machinery,2,2_2,1,TF_NonTF,1,2
010,Feed-Forward,010-P0,2,Input_Output,1,0,1,Global regulator : Basal machinery,2,2_6,2,NonTF_NonTF,0,2
010,Feed-Forward,010-P0,2,Input_Output,1,0,1,Global regulator : Basal machinery,2,3_2,2,TF_NonTF,1,2
010,Feed-Forward,010-P0,2,Input_Output,1,0,1,Global regulator : M1.27,2,1_1,1,TF_NonTF,1,2
010,Feed-Forward,010-P0,2,Input_Output,1,0,1,Global regulator : M2,2,1_1,1,TF_NonTF,1,2
010,Feed-Forward,010-P0,2,Middle_Middle,0,2,0,M1.1 : Global regulator,2,1_1,1,TF_TF,2,2
010,Feed-Forward,010-P0,2,Middle_Output,0,1,1,Global regulator : Basal machinery,2,1_1,1,TF_NonTF,1,2
010,Feed-Forward,010-P0,2,Input_Middle,1,1,0,Global regulator : Global regulator,2,1_1,1,TF_NonTF,1,1
010,Feed-Forward,010-P0,2,Input_Middle,1,1,0,Global regulator : Global regulator,2,1_2,2,TF_TF,2,1
010,Feed-Forward,010-P0,2,Input_Middle,1,1,0,Global regulator : Global regulator,2,1_5,2,TF_TF,2,1
010,Feed-Forward,010-P0,2,Input_Middle,1,1,0,Global regulator : Global regulator,2,2_1,2,NonTF_TF,1,1
010,Feed-Forward,010-P0,2,Input_Middle,1,1,0,Global regulator : Global regulator,2,2_2,1,NonTF_TF,1,1
010,Feed-Forward,010-P0,2,Input_Middle,1,1,0,Global regulator : Global regulator,2,2_5,2,NonTF_TF,1,1
010,Feed-Forward,010-P0,2,Input_Middle,1,1,0,Global regulator : M1.1,2,1_1,1,TF_TF,2,1
010,Feed-Forward,010-P0,2,Input_Middle,1,1,0,Global regulator : M1.1,2,2_1,2,NonTF_TF,1,1
010,Feed-Forward,010-P0,2,Input_Middle,1,1,0,Global regulator : M1.13,2,1_1,1,TF_TF,2,1
010,Feed-Forward,010-P0,2,Input_Middle,1,1,0,Global regulator : M1.36,2,1_1,1,TF_NonTF,1,1
010,Feed-Forward,010-P0,2,Input_Middle,1,1,0,Global regulator : M16,2,2_2,1,NonTF_TF,1,1
010,Feed-Forward,010-P0,2,Input_Middle,1,1,0,Global regulator : M2,2,1_3,2,TF_TF,2,1
010,Feed-Forward,010-P0,2,Input_Middle,1,1,0,Global regulator : M7,2,1_1,1,TF_NonTF,1,1
010,Feed-Forward,010-P0,2,Input_Output,1,0,1,Global regulator : Basal machinery,2,2_1,2,NonTF_TF,1,1
010,Feed-Forward,010-P0,2,Input_Output,1,0,1,Global regulator : Basal machinery,2,3_1,2,TF_TF,2,1
010,Feed-Forward,010-P0,2,Input_Output,1,0,1,Global regulator : Intermodular,2,1_1,1,TF_TF,2,1
010,Feed-Forward,010-P0,2,Input_Output,1,0,1,Global regulator : Intermodular,2,2_1,2,NonTF_NonTF,0,1
010,Feed-Forward,010-P0,2,Input_Output,1,0,1,Global regulator : Intermodular,2,2_1,2,NonTF_TF,1,1
010,Feed-Forward,010-P0,2,Input_Output,1,0,1,Global regulator : M1.1,2,1_3,2,TF_NonTF,1,1
010,Feed-Forward,010-P0,2,Input_Output,1,0,1,Global regulator : M1.1,2,2_1,2,NonTF_NonTF,0,1
010,Feed-Forward,010-P0,2,Input_Output,1,0,1,Global regulator : M1.1,2,2_3,2,TF_NonTF,1,1
010,Feed-Forward,010-P0,2,Input_Output,1,0,1,Global regulator : M1.11,2,1_1,1,TF_NonTF,1,1
010,Feed-Forward,010-P0,2,Input_Output,1,0,1,Global regulator : M1.14,2,2_2,1,NonTF_NonTF,0,1
010,Feed-Forward,010-P0,2,Input_Output,1,0,1,Global regulator : M1.16,2,1_1,1,TF_NonTF,1,1
010,Feed-Forward,010-P0,2,Input_Output,1,0,1,Global regulator : M1.18,2,3_3,1,TF_NonTF,1,1
010,Feed-Forward,010-P0,2,Input_Output,1,0,1,Global regulator : M1.19,2,1_1,1,TF_NonTF,1,1
010,Feed-Forward,010-P0,2,Input_Output,1,0,1,Global regulator : M1.2,2,2_2,1,NonTF_NonTF,0,1
010,Feed-Forward,010-P0,2,Input_Output,1,0,1,Global regulator : M1.26,2,2_2,1,NonTF_TF,1,1
010,Feed-Forward,010-P0,2,Input_Output,1,0,1,Global regulator : M1.28,2,1_1,1,TF_NonTF,1,1
010,Feed-Forward,010-P0,2,Input_Output,1,0,1,Global regulator : M1.33,2,1_1,1,TF_NonTF,1,1
010,Feed-Forward,010-P0,2,Input_Output,1,0,1,Global regulator : M1.7,2,1_1,1,TF_NonTF,1,1
010,Feed-Forward,010-P0,2,Input_Output,1,0,1,Global regulator : M1.8,2,3_3,1,TF_NonTF,1,1
010,Feed-Forward,010-P0,2,Input_Output,1,0,1,Global regulator : M14,2,1_1,1,TF_NonTF,1,1
010,Feed-Forward,010-P0,2,Input_Output,1,0,1,Global regulator : M16,2,1_1,1,TF_NonTF,1,1
010,Feed-Forward,010-P0,2,Input_Output,1,0,1,Global regulator : M16,2,2_1,2,NonTF_NonTF,0,1
010,Feed-Forward,010-P0,2,Input_Output,1,0,1,Global regulator : M17,2,3_1,2,TF_NonTF,1,1
010,Feed-Forward,010-P0,2,Input_Output,1,0,1,Global regulator : M17,2,3_3,1,TF_NonTF,1,1
010,Feed-Forward,010-P0,2,Input_Output,1,0,1,Global regulator : M24,2,2_1,2,NonTF_NonTF,0,1
010,Feed-Forward,010-P0,2,Input_Output,1,0,1,Global regulator : M27,2,2_2,1,NonTF_NonTF,0,1
010,Feed-Forward,010-P0,2,Input_Output,1,0,1,Global regulator : M28,2,2_6,2,NonTF_NonTF,0,1
010,Feed-Forward,010-P0,2,Input_Output,1,0,1,Global regulator : M5,2,2_2,1,NonTF_NonTF,0,1
010,Feed-Forward,010-P0,2,Input_Output,1,0,1,Global regulator : nan,2,1_1,1,TF_NonTF,1,1
010,Feed-Forward,010-P0,2,Input_Output,1,0,1,M1.14 : Intermodular,2,7_7,1,TF_NonTF,1,1
010,Feed-Forward,010-P0,2,Input_Output,1,0,1,M1.25 : Intermodular,2,1_1,1,TF_NonTF,1,1
010,Feed-Forward,010-P0,2,Input_Output,1,0,1,M1.33 : M1.33,2,11_11,1,NonTF_NonTF,0,1
010,Feed-Forward,010-P0,2,Input_Output,1,0,1,M17 : M17,2,1_1,1,TF_NonTF,1,1
010,Feed-Forward,010-P0,2,Input_Output,1,0,1,M4 : M4,2,9_9,1,TF_NonTF,1,1
010,Feed-Forward,010-P0,2,Middle_Middle,0,2,0,Global regulator : Global regulator,2,2_2,1,TF_NonTF,1,1
010,Feed-Forward,010-P0,2,Middle_Middle,0,2,0,Global regulator : Global regulator,2,3_2,2,NonTF_NonTF,0,1
010,Feed-Forward,010-P0,2,Middle_Middle,0,2,0,Global regulator : Global regulator,2,4_2,2,TF_TF,2,1
010,Feed-Forward,010-P0,2,Middle_Middle,0,2,0,Global regulator : M1.1,2,1_1,1,TF_TF,2,1
010,Feed-Forward,010-P0,2,Middle_Output,0,1,1,Global regulator : Basal machinery,2,2_18,2,TF_NonTF,1,1
010,Feed-Forward,010-P0,2,Middle_Output,0,1,1,Global regulator : Basal machinery,2,2_19,2,TF_NonTF,1,1
010,Feed-Forward,010-P0,2,Middle_Output,0,1,1,Global regulator : Basal machinery,2,2_25,2,TF_NonTF,1,1
010,Feed-Forward,010-P0,2,Middle_Output,0,1,1,Global regulator : Basal machinery,2,3_2,2,TF_NonTF,1,1
010,Feed-Forward,010-P0,2,Middle_Output,0,1,1,Global regulator : Basal machinery,2,4_4,1,TF_NonTF,1,1
010,Feed-Forward,010-P0,2,Middle_Output,0,1,1,Global regulator : Intermodular,2,2_2,1,NonTF_NonTF,0,1
010,Feed-Forward,010-P0,2,Middle_Output,0,1,1,Global regulator : Intermodular,2,4_1,2,TF_NonTF,1,1
010,Feed-Forward,010-P0,2,Middle_Output,0,1,1,Global regulator : M1.1,2,1_1,1,TF_NonTF,1,1
010,Feed-Forward,010-P0,2,Middle_Output,0,1,1,Global regulator : M1.16,2,1_2,2,TF_NonTF,1,1
010,Feed-Forward,010-P0,2,Middle_Output,0,1,1,Global regulator : M1.20,2,2_2,1,TF_NonTF,1,1
010,Feed-Forward,010-P0,2,Middle_Output,0,1,1,Global regulator : M1.3,2,4_2,2,TF_NonTF,1,1
010,Feed-Forward,010-P0,2,Middle_Output,0,1,1,Global regulator : M1.35,2,2_2,1,NonTF_NonTF,0,1
010,Feed-Forward,010-P0,2,Middle_Output,0,1,1,Global regulator : M1.6,2,4_2,2,TF_NonTF,1,1
010,Feed-Forward,010-P0,2,Middle_Output,0,1,1,Global regulator : M10,2,2_2,1,TF_NonTF,1,1
010,Feed-Forward,010-P0,2,Middle_Output,0,1,1,Global regulator : nan,2,1_1,1,TF_NonTF,1,1
010,Feed-Forward,010-P0,2,Middle_Output,0,1,1,M1.11 : M1.11,2,1_1,1,NonTF_NonTF,0,1
021C,Cyclic,021C-0NN000,3,Middle_Middle_Output,0,2,1,Global regulator : M2 : Basal machinery,3,4_3_1,3,TF_TF_NonTF,2,18
021C,Cyclic,021C-0NN000,3,Middle_Middle_Output,0,2,1,Global regulator : M2 : Intermodular,3,4_3_1,3,TF_TF_NonTF,2,3
021C,Cyclic,021C-0NN000,3,Middle_Middle_Output,0,2,1,Global regulator : Global regulator : Basal machinery,3,2_1_1,2,TF_NonTF_NonTF,1,2
021C,Cyclic,021C-0NN000,3,Middle_Middle_Output,0,2,1,Global regulator : M2 : Basal machinery,3,4_3_2,3,TF_TF_NonTF,2,2
021C,Cyclic,021C-0NN000,3,Middle_Middle_Output,0,2,1,Global regulator : M2 : M1.1,3,4_3_1,3,TF_TF_NonTF,2,2
021C,Cyclic,021C-0NN000,3,Middle_Middle_Output,0,2,1,M1.18 : Global regulator : M1.18,3,1_3_2,3,TF_TF_NonTF,2,2
021C,Cyclic,021C-0NN000,3,Middle_Input_Middle,1,2,0,Global regulator : Global regulator : Basal machinery,3,3_2_1,3,TF_TF_NonTF,2,1
021C,Cyclic,021C-0NN000,3,Middle_Input_Output,1,1,1,Global regulator : Global regulator : Basal machinery,3,3_2_1,3,TF_TF_NonTF,2,1
021C,Cyclic,021C-0NN000,3,Middle_Input_Output,1,1,1,Global regulator : Global regulator : Intermodular,3,3_2_1,3,TF_TF_TF,3,1
021C,Cyclic,021C-0NN000,3,Middle_Input_Output,1,1,1,Global regulator : Global regulator : M1.20,3,3_2_2,2,TF_TF_NonTF,2,1
021C,Cyclic,021C-0NN000,3,Middle_Middle_Middle,0,3,0,Global regulator : M2 : Global regulator,3,4_3_1,3,TF_TF_NonTF,2,1
021C,Cyclic,021C-0NN000,3,Middle_Middle_Middle,0,3,0,Global regulator : M2 : Global regulator,3,4_3_1,3,TF_TF_TF,3,1
021C,Cyclic,021C-0NN000,3,Middle_Middle_Middle,0,3,0,Global regulator : M2 : Global regulator,3,4_3_3,2,TF_TF_NonTF,2,1
021C,Cyclic,021C-0NN000,3,Middle_Middle_Middle,0,3,0,Global regulator : M2 : Global regulator,3,4_3_5,3,TF_TF_TF,3,1
021C,Cyclic,021C-0NN000,3,Middle_Middle_Output,0,2,1,Global regulator : Global regulator : Basal machinery,3,1_5_2,3,TF_TF_NonTF,2,1
021C,Cyclic,021C-0NN000,3,Middle_Middle_Output,0,2,1,Global regulator : Global regulator : Basal machinery,3,2_1_1,2,TF_NonTF_TF,2,1
021C,Cyclic,021C-0NN000,3,Middle_Middle_Output,0,2,1,Global regulator : Global regulator : M1.11,3,2_1_4,3,TF_NonTF_NonTF,1,1
021C,Cyclic,021C-0NN000,3,Middle_Middle_Output,0,2,1,Global regulator : M2 : Basal machinery,3,4_3_1,3,TF_TF_TF,3,1
021C,Cyclic,021C-0NN000,3,Middle_Middle_Output,0,2,1,Global regulator : M2 : Basal machinery,3,4_3_6,3,TF_TF_NonTF,2,1
021C,Cyclic,021C-0NN000,3,Middle_Middle_Output,0,2,1,Global regulator : M2 : Global regulator,3,4_3_2,3,TF_TF_NonTF,2,1
021C,Cyclic,021C-0NN000,3,Middle_Middle_Output,0,2,1,Global regulator : M2 : M1.28,3,4_3_1,3,TF_TF_NonTF,2,1
021C,Cyclic,021C-0NN000,3,Middle_Middle_Output,0,2,1,Global regulator : M2 : M11,3,4_3_1,3,TF_TF_TF,3,1
021C,Cyclic,021C-0NN000,3,Middle_Middle_Output,0,2,1,Global regulator : M2 : M2,3,4_3_1,3,TF_TF_NonTF,2,1
021C,Cyclic,021C-0NN000,3,Middle_Middle_Output,0,2,1,Global regulator : M2 : M24,3,4_3_1,3,TF_TF_NonTF,2,1
021C,Cyclic,021C-0NN000,3,Middle_Middle_Output,0,2,1,M1.18 : Global regulator : Intermodular,3,1_3_2,3,TF_TF_NonTF,2,1
021C,Cyclic,021C-0NP000,3,Middle_Middle_Output,0,2,1,Global regulator : M2 : Basal machinery,3,4_3_2,3,TF_TF_NonTF,2,10
021C,Cyclic,021C-0NP000,3,Middle_Middle_Output,0,2,1,Global regulator : M2 : Basal machinery,3,4_3_1,3,TF_TF_NonTF,2,5
021C,Cyclic,021C-0NP000,3,Middle_Middle_Middle,0,3,0,Global regulator : M2 : Global regulator,3,4_3_2,3,TF_TF_TF,3,1
021C,Cyclic,021C-0NP000,3,Middle_Middle_Output,0,2,1,Global regulator : Global regulator : Basal machinery,3,2_1_2,2,TF_NonTF_NonTF,1,1
021C,Cyclic,021C-0NP000,3,Middle_Middle_Output,0,2,1,Global regulator : Global regulator : M1.20,3,2_1_2,2,TF_NonTF_NonTF,1,1
021C,Cyclic,021C-0NP000,3,Middle_Middle_Output,0,2,1,Global regulator : M2 : Basal machinery,3,4_3_4,2,TF_TF_NonTF,2,1
021C,Cyclic,021C-0NP000,3,Middle_Middle_Output,0,2,1,Global regulator : M2 : Intermodular,3,4_3_1,3,TF_TF_NonTF,2,1
021C,Cyclic,021C-0NP000,3,Middle_Middle_Output,0,2,1,Global regulator : M2 : M1.6,3,4_3_2,3,TF_TF_NonTF,2,1
021C,Cyclic,021C-0PN000,3,Middle_Middle_Output,0,2,1,Global regulator : Global regulator : Basal machinery,3,2_2_1,2,NonTF_NonTF_NonTF,0,1
021C,Cyclic,021C-0PN000,3,Middle_Middle_Output,0,2,1,Global regulator : Global regulator : Intermodular,3,2_2_1,2,NonTF_NonTF_NonTF,0,1
021C,Cyclic,021C-0PP000,3,Middle_Middle_Middle,0,3,0,M1.1 : M1.1 : M1.1,3,1_1_1,1,TF_TF_TF,3,5
021C,Cyclic,021C-0PP000,3,Middle_Middle_Middle,0,3,0,M1.1 : Global regulator : M1.1,3,1_1_1,1,TF_TF_TF,3,3
021C,Cyclic,021C-0PP000,3,Middle_Middle_Middle,0,3,0,M1.1 : M1.1 : Global regulator,3,1_1_1,1,TF_TF_TF,3,1
021D,Feed-Forward,021D-N0N000,3,Input_Output_Output,1,0,2,Global regulator : Basal machinery : Basal machinery,3,3_1_1,2,TF_NonTF_NonTF,1,1091
021D,Feed-Forward,021D-N0N000,3,Input_Output_Output,1,0,2,Global regulator : Basal machinery : Basal machinery,3,2_1_1,2,NonTF_NonTF_NonTF,0,396
021D,Feed-Forward,021D-N0N000,3,Middle_Output_Output,0,1,2,Global regulator : Basal machinery : Basal machinery,3,4_1_1,2,TF_NonTF_NonTF,1,253
021D,Feed-Forward,021D-N0N000,3,Input_Output_Output,1,0,2,Global regulator : Basal machinery : Basal machinery,3,1_2_2,2,TF_NonTF_NonTF,1,217
021D,Feed-Forward,021D-N0N000,3,Middle_Output_Output,0,1,2,Global regulator : Basal machinery : Basal machinery,3,1_2_2,2,NonTF_NonTF_NonTF,0,143
021D,Feed-Forward,021D-N0N000,3,Middle_Output_Output,0,1,2,Global regulator : Basal machinery : Basal machinery,3,1_2_2,2,TF_NonTF_NonTF,1,102
021D,Feed-Forward,021D-N0N000,3,Middle_Output_Output,0,1,2,Global regulator : Basal machinery : Basal machinery,3,3_1_1,2,TF_NonTF_NonTF,1,89
021D,Feed-Forward,021D-N0N000,3,Input_Output_Output,1,0,2,Global regulator : Basal machinery : Basal machinery,3,2_1_3,3,NonTF_NonTF_NonTF,0,76
021D,Feed-Forward,021D-N0N000,3,Input_Output_Output,1,0,2,Global regulator : Basal machinery : Intermodular,3,2_1_1,2,NonTF_NonTF_NonTF,0,58
021D,Feed-Forward,021D-N0N000,3,Middle_Output_Output,0,1,2,Global regulator : Basal machinery : Intermodular,3,4_1_1,2,TF_NonTF_NonTF,1,58
021D,Feed-Forward,021D-N0N000,3,Input_Output_Output,1,0,2,Global regulator : Intermodular : Basal machinery,3,2_1_1,2,NonTF_NonTF_NonTF,0,54
021D,Feed-Forward,021D-N0N000,3,Input_Output_Output,1,0,2,Global regulator : Basal machinery : Basal machinery,3,1_2_3,3,TF_NonTF_NonTF,1,51
021D,Feed-Forward,021D-N0N000,3,Middle_Output_Output,0,1,2,Global regulator : Basal machinery : Basal machinery,3,2_1_1,2,TF_NonTF_NonTF,1,47
021D,Feed-Forward,021D-N0N000,3,Middle_Output_Output,0,1,2,Global regulator : Basal machinery : Basal machinery,3,4_2_1,3,TF_NonTF_NonTF,1,41
021D,Feed-Forward,021D-N0N000,3,Input_Output_Output,1,0,2,Global regulator : Basal machinery : Basal machinery,3,2_3_1,3,NonTF_NonTF_NonTF,0,36
021D,Feed-Forward,021D-N0N000,3,Input_Output_Output,1,0,2,Global regulator : M3 : Basal machinery,3,3_2_1,3,TF_NonTF_NonTF,1,33
021D,Feed-Forward,021D-N0N000,3,Input_Output_Output,1,0,2,Global regulator : Basal machinery : Basal machinery,3,3_1_1,2,NonTF_NonTF_NonTF,0,28
021D,Feed-Forward,021D-N0N000,3,Middle_Output_Output,0,1,2,Global regulator : Basal machinery : Basal machinery,3,4_1_2,3,TF_NonTF_NonTF,1,28
021D,Feed-Forward,021D-N0N000,3,Input_Output_Output,1,0,2,Global regulator : Basal machinery : Basal machinery,3,2_3_1,3,NonTF_TF_NonTF,1,25
021D,Feed-Forward,021D-N0N000,3,Input_Output_Output,1,0,2,Global regulator : Basal machinery : Basal machinery,3,2_1_1,2,NonTF_TF_NonTF,1,24
021D,Feed-Forward,021D-N0N000,3,Input_Output_Output,1,0,2,Global regulator : Basal machinery : M1.7,3,2_1_1,2,NonTF_NonTF_NonTF,0,24
021D,Feed-Forward,021D-N0N000,3,Middle_Output_Output,0,1,2,Global regulator : M1.1 : Basal machinery,3,4_1_1,2,TF_NonTF_NonTF,1,24
021D,Feed-Forward,021D-N0N000,3,Middle_Output_Output,0,1,2,Global regulator : M1.19 : Basal machinery,3,4_1_1,2,TF_NonTF_NonTF,1,23
021D,Feed-Forward,021D-N0N000,3,Input_Output_Output,1,0,2,Global regulator : M2 : Basal machinery,3,2_1_1,2,NonTF_NonTF_NonTF,0,22
021D,Feed-Forward,021D-N0N000,3,Middle_Output_Output,0,1,2,Global regulator : Basal machinery : Global regulator,3,4_1_2,3,TF_NonTF_NonTF,1,22
021D,Feed-Forward,021D-N0N000,3,Middle_Output_Output,0,1,2,Global regulator : Basal machinery : M1.1,3,4_1_1,2,TF_NonTF_NonTF,1,22
021D,Feed-Forward,021D-N0N000,3,Input_Output_Middle,1,1,1,Global regulator : Basal machinery : Global regulator,3,1_2_3,3,TF_NonTF_NonTF,1,21
021D,Feed-Forward,021D-N0N000,3,Input_Output_Middle,1,1,1,Global regulator : Basal machinery : M1.39,3,1_2_2,2,TF_NonTF_NonTF,1,21
021D,Feed-Forward,021D-N0N000,3,Input_Output_Output,1,0,2,Global regulator : Basal machinery : Global regulator,3,1_2_2,2,TF_NonTF_NonTF,1,21
021D,Feed-Forward,021D-N0N000,3,Middle_Output_Output,0,1,2,Global regulator : Basal machinery : Basal machinery,3,2_3_3,2,TF_NonTF_NonTF,1,21
021D,Feed-Forward,021D-N0N000,3,Input_Output_Output,1,0,2,Global regulator : Basal machinery : M1.39,3,2_1_4,3,NonTF_NonTF_NonTF,0,20
021D,Feed-Forward,021D-N0N000,3,Input_Output_Output,1,0,2,Global regulator : Intermodular : Basal machinery,3,1_2_2,2,TF_NonTF_NonTF,1,20
021D,Feed-Forward,021D-N0N000,3,Input_Middle_Output,1,1,1,Global regulator : M1.3 : Basal machinery,3,2_6_1,3,NonTF_NonTF_NonTF,0,19
021D,Feed-Forward,021D-N0N000,3,Input_Output_Output,1,0,2,Global regulator : M5 : Basal machinery,3,2_1_1,2,NonTF_NonTF_NonTF,0,19
021D,Feed-Forward,021D-N0N000,3,Middle_Output_Output,0,1,2,Global regulator : Basal machinery : Basal machinery,3,3_1_4,3,TF_NonTF_NonTF,1,19
021D,Feed-Forward,021D-N0N000,3,Middle_Output_Output,0,1,2,Global regulator : Basal machinery : Basal machinery,3,4_1_6,3,TF_NonTF_NonTF,1,19
021D,Feed-Forward,021D-N0N000,3,Middle_Output_Output,0,1,2,Global regulator : Basal machinery : M1.28,3,4_1_1,2,TF_NonTF_NonTF,1,19
021D,Feed-Forward,021D-N0N000,3,Input_Middle_Output,1,1,1,Global regulator : Global regulator : Basal machinery,3,1_4_2,3,TF_TF_NonTF,2,18
021D,Feed-Forward,021D-N0N000,3,Input_Output_Output,1,0,2,Global regulator : Basal machinery : Basal machinery,3,1_2_6,3,TF_NonTF_NonTF,1,18
021D,Feed-Forward,021D-N0N000,3,Input_Output_Output,1,0,2,Global regulator : Basal machinery : Basal machinery,3,2_4_1,3,NonTF_NonTF_NonTF,0,18
021D,Feed-Forward,021D-N0N000,3,Input_Output_Output,1,0,2,Global regulator : Basal machinery : Intermodular,3,1_2_3,3,TF_NonTF_NonTF,1,18
021D,Feed-Forward,021D-N0N000,3,Middle_Output_Middle,0,2,1,Global regulator : Basal machinery : Global regulator,3,4_1_1,2,TF_NonTF_NonTF,1,18
021D,Feed-Forward,021D-N0N000,3,Middle_Output_Middle,0,2,1,Global regulator : Basal machinery : Global regulator,3,4_1_3,3,TF_NonTF_NonTF,1,18
021D,Feed-Forward,021D-N0N000,3,Input_Output_Output,1,0,2,Global regulator : Basal machinery : Basal machinery,3,1_3_2,3,TF_TF_NonTF,2,17
021D,Feed-Forward,021D-N0N000,3,Input_Output_Output,1,0,2,Global regulator : M1.7 : Basal machinery,3,1_2_2,2,TF_NonTF_NonTF,1,17
021D,Feed-Forward,021D-N0N000,3,Middle_Middle_Output,0,2,1,Global regulator : Global regulator : Basal machinery,3,4_1_1,2,TF_TF_NonTF,2,17
021D,Feed-Forward,021D-N0N000,3,Middle_Output_Output,0,1,2,Global regulator : Basal machinery : Basal machinery,3,4_1_1,2,TF_TF_NonTF,2,17
021D,Feed-Forward,021D-N0N000,3,Middle_Output_Output,0,1,2,Global regulator : M2 : Basal machinery,3,4_1_1,2,TF_NonTF_NonTF,1,17
021D,Feed-Forward,021D-N0N000,3,Middle_Output_Middle,0,2,1,Global regulator : Basal machinery : Global regulator,3,1_2_2,2,TF_NonTF_NonTF,1,16
021D,Feed-Forward,021D-N0N000,3,Middle_Output_Output,0,1,2,Global regulator : M11 : Basal machinery,3,4_1_1,2,TF_TF_NonTF,2,15
021D,Feed-Forward,021D-N0N000,3,Input_Output_Output,1,0,2,Global regulator : Basal machinery : M19,3,1_2_2,2,TF_NonTF_NonTF,1,14
021D,Feed-Forward,021D-N0N000,3,Input_Output_Output,1,0,2,Global regulator : M1.39 : Basal machinery,3,1_2_2,2,TF_NonTF_NonTF,1,14
021D,Feed-Forward,021D-N0N000,3,Middle_Output_Output,0,1,2,Global regulator : Basal machinery : Basal machinery,3,3_2_1,3,TF_NonTF_NonTF,1,14
021D,Feed-Forward,021D-N0N000,3,Middle_Output_Output,0,1,2,Global regulator : M5 : Basal machinery,3,1_2_2,2,NonTF_NonTF_NonTF,0,14
021D,Feed-Forward,021D-N0N000,3,Input_Output_Output,1,0,2,Global regulator : Basal machinery : M1.16,3,1_2_2,2,TF_NonTF_NonTF,1,13
021D,Feed-Forward,021D-N0N000,3,Input_Output_Output,1,0,2,Global regulator : Basal machinery : M1.22,3,1_2_2,2,TF_NonTF_NonTF,1,13
021D,Feed-Forward,021D-N0N000,3,Input_Output_Output,1,0,2,Global regulator : Basal machinery : M3,3,3_1_2,3,TF_NonTF_NonTF,1,13
021D,Feed-Forward,021D-N0N000,3,Middle_Output_Output,0,1,2,Global regulator : M24 : Basal machinery,3,4_1_1,2,TF_NonTF_NonTF,1,13
021D,Feed-Forward,021D-N0N000,3,Input_Output_Output,1,0,2,Global regulator : Basal machinery : Basal machinery,3,1_3_2,3,TF_NonTF_NonTF,1,12
021D,Feed-Forward,021D-N0N000,3,Middle_Middle_Output,0,2,1,Global regulator : Global regulator : Basal machinery,3,4_5_1,3,TF_TF_NonTF,2,12
021D,Feed-Forward,021D-N0N000,3,Middle_Output_Middle,0,2,1,Global regulator : Basal machinery : Global regulator,3,3_1_2,3,TF_NonTF_NonTF,1,12
021D,Feed-Forward,021D-N0N000,3,Middle_Output_Output,0,1,2,Global regulator : Basal machinery : M27,3,1_2_2,2,NonTF_NonTF_NonTF,0,12
021D,Feed-Forward,021D-N0N000,3,Middle_Output_Middle,0,2,1,Global regulator : Basal machinery : Global regulator,3,4_1_5,3,TF_NonTF_TF,2,11
021D,Feed-Forward,021D-N0N000,3,Middle_Output_Output,0,1,2,Global regulator : Basal machinery : Basal machinery,3,1_3_2,3,TF_NonTF_NonTF,1,11
021D,Feed-Forward,021D-N0N000,3,Middle_Output_Output,0,1,2,Global regulator : Basal machinery : Basal machinery,3,3_1_6,3,TF_NonTF_NonTF,1,11
021D,Feed-Forward,021D-N0N000,3,Middle_Output_Output,0,1,2,Global regulator : Intermodular : Basal machinery,3,4_1_1,2,TF_NonTF_NonTF,1,11
021D,Feed-Forward,021D-N0N000,3,Input_Output_Output,1,0,2,Global regulator : Basal machinery : Basal machinery,3,2_1_4,3,NonTF_NonTF_NonTF,0,10
021D,Feed-Forward,021D-N0N000,3,Input_Output_Output,1,0,2,Global regulator : Intermodular : Basal machinery,3,2_1_3,3,NonTF_NonTF_NonTF,0,10
021D,Feed-Forward,021D-N0N000,3,Middle_Output_Output,0,1,2,Global regulator : Basal machinery : Basal machinery,3,1_2_6,3,TF_NonTF_NonTF,1,10
021D,Feed-Forward,021D-N0N000,3,Middle_Output_Output,0,1,2,Global regulator : Basal machinery : M10,3,3_1_1,2,TF_NonTF_NonTF,1,10
021D,Feed-Forward,021D-N0N000,3,Middle_Output_Output,0,1,2,Global regulator : Basal machinery : M24,3,4_1_1,2,TF_NonTF_NonTF,1,10
021D,Feed-Forward,021D-N0N000,3,Middle_Output_Output,0,1,2,Global regulator : Basal machinery : M27,3,1_2_2,2,TF_NonTF_NonTF,1,10
021D,Feed-Forward,021D-N0N000,3,Middle_Output_Output,0,1,2,Global regulator : M11 : Basal machinery,3,3_1_1,2,TF_TF_NonTF,2,10
021D,Feed-Forward,021D-N0N000,3,Input_Output_Middle,1,1,1,Global regulator : Basal machinery : M1.3,3,2_1_6,3,NonTF_NonTF_NonTF,0,9
021D,Feed-Forward,021D-N0N000,3,Input_Output_Output,1,0,2,Global regulator : Basal machinery : M5,3,2_1_1,2,NonTF_NonTF_NonTF,0,9
021D,Feed-Forward,021D-N0N000,3,Input_Output_Output,1,0,2,Global regulator : Basal machinery : Intermodular,3,3_1_1,2,NonTF_NonTF_NonTF,0,8
021D,Feed-Forward,021D-N0N000,3,Input_Output_Output,1,0,2,Global regulator : M1.16 : Basal machinery,3,1_2_2,2,TF_NonTF_NonTF,1,8
021D,Feed-Forward,021D-N0N000,3,Input_Output_Output,1,0,2,Global regulator : M1.22 : Basal machinery,3,1_2_2,2,TF_NonTF_NonTF,1,8
021D,Feed-Forward,021D-N0N000,3,Input_Output_Output,1,0,2,Global regulator : M1.39 : Basal machinery,3,2_4_1,3,NonTF_NonTF_NonTF,0,8
021D,Feed-Forward,021D-N0N000,3,Middle_Output_Output,0,1,2,Global regulator : Basal machinery : M1.39,3,1_2_4,3,TF_NonTF_NonTF,1,8
021D,Feed-Forward,021D-N0N000,3,Middle_Output_Output,0,1,2,Global regulator : Basal machinery : M11,3,4_1_1,2,TF_NonTF_TF,2,8
021D,Feed-Forward,021D-N0N000,3,Input_Output_Output,1,0,2,Global regulator : Basal machinery : M1.39,3,1_2_2,2,TF_NonTF_NonTF,1,7
021D,Feed-Forward,021D-N0N000,3,Input_Output_Output,1,0,2,Global regulator : M19 : Basal machinery,3,1_2_2,2,TF_NonTF_NonTF,1,7
021D,Feed-Forward,021D-N0N000,3,Middle_Middle_Output,0,2,1,Global regulator : M1.16 : Basal machinery,3,2_3_3,2,TF_TF_NonTF,2,7
021D,Feed-Forward,021D-N0N000,3,Middle_Output_Output,0,1,2,Global regulator : Basal machinery : Basal machinery,3,3_4_1,3,TF_NonTF_NonTF,1,7
021D,Feed-Forward,021D-N0N000,3,Middle_Output_Output,0,1,2,Global regulator : Basal machinery : Intermodular,3,4_2_1,3,TF_NonTF_NonTF,1,7
021D,Feed-Forward,021D-N0N000,3,Middle_Output_Output,0,1,2,Global regulator : M1.2 : Basal machinery,3,2_3_3,2,TF_NonTF_NonTF,1,7
021D,Feed-Forward,021D-N0N000,3,Middle_Output_Output,0,1,2,Global regulator : M1.2 : Basal machinery,3,2_3_3,2,TF_TF_NonTF,2,7
021D,Feed-Forward,021D-N0N000,3,Middle_Output_Output,0,1,2,Global regulator : M14 : Basal machinery,3,2_3_3,2,TF_NonTF_NonTF,1,7
021D,Feed-Forward,021D-N0N000,3,Input_Output_Output,1,0,2,Global regulator : Basal machinery : Basal machinery,3,2_3_3,2,NonTF_NonTF_NonTF,0,6
021D,Feed-Forward,021D-N0N000,3,Input_Output_Output,1,0,2,Global regulator : Basal machinery : Basal machinery,3,3_1_1,2,TF_TF_NonTF,2,6
021D,Feed-Forward,021D-N0N000,3,Input_Output_Output,1,0,2,Global regulator : Basal machinery : Basal machinery,3,3_2_1,3,TF_NonTF_NonTF,1,6
021D,Feed-Forward,021D-N0N000,3,Input_Output_Output,1,0,2,Global regulator : Basal machinery : Intermodular,3,2_3_1,3,NonTF_NonTF_NonTF,0,6
021D,Feed-Forward,021D-N0N000,3,Input_Output_Output,1,0,2,Global regulator : Basal machinery : M2,3,2_1_1,2,NonTF_NonTF_NonTF,0,6
021D,Feed-Forward,021D-N0N000,3,Input_Output_Output,1,0,2,Global regulator : Intermodular : Intermodular,3,2_1_1,2,NonTF_NonTF_NonTF,0,6
021D,Feed-Forward,021D-N0N000,3,Middle_Output_Middle,0,2,1,Global regulator : Basal machinery : Global regulator,3,4_1_1,2,TF_NonTF_TF,2,6
021D,Feed-Forward,021D-N0N000,3,Middle_Output_Output,0,1,2,Global regulator : Basal machinery : Basal machinery,3,4_1_1,2,TF_NonTF_TF,2,6
021D,Feed-Forward,021D-N0N000,3,Middle_Output_Output,0,1,2,Global regulator : Basal machinery : M2,3,4_1_1,2,TF_NonTF_NonTF,1,6
021D,Feed-Forward,021D-N0N000,3,Middle_Output_Output,0,1,2,Global regulator : Basal machinery : M3,3,1_2_2,2,TF_NonTF_NonTF,1,6
021D,Feed-Forward,021D-N0N000,3,Middle_Output_Output,0,1,2,Global regulator : M1.1 : Intermodular,3,4_1_1,2,TF_NonTF_NonTF,1,6
021D,Feed-Forward,021D-N0N000,3,Middle_Output_Output,0,1,2,Global regulator : M1.16 : Basal machinery,3,2_1_3,3,TF_NonTF_NonTF,1,6
021D,Feed-Forward,021D-N0N000,3,Middle_Output_Output,0,1,2,Global regulator : M3 : Basal machinery,3,1_2_2,2,TF_NonTF_NonTF,1,6
021D,Feed-Forward,021D-N0N000,3,Middle_Output_Output,0,1,2,Global regulator : M3 : Basal machinery,3,2_1_1,2,TF_NonTF_NonTF,1,6
021D,Feed-Forward,021D-N0N000,3,Input_Output_Output,1,0,2,Global regulator : Basal machinery : Basal machinery,3,3_1_1,2,TF_NonTF_TF,2,5
021D,Feed-Forward,021D-N0N000,3,Input_Output_Output,1,0,2,Global regulator : Basal machinery : Basal machinery,3,3_1_2,3,TF_NonTF_NonTF,1,5
021D,Feed-Forward,021D-N0N000,3,Middle_Middle_Output,0,2,1,Global regulator : Global regulator : Basal machinery,3,4_1_1,2,TF_NonTF_NonTF,1,5
021D,Feed-Forward,021D-N0N000,3,Middle_Output_Output,0,1,2,Global regulator : Basal machinery : Basal machinery,3,1_2_3,3,TF_NonTF_NonTF,1,5
021D,Feed-Forward,021D-N0N000,3,Middle_Output_Output,0,1,2,Global regulator : Basal machinery : M1.29,3,2_1_1,2,TF_NonTF_NonTF,1,5
021D,Feed-Forward,021D-N0N000,3,Middle_Output_Output,0,1,2,Global regulator : M1.39 : Basal machinery,3,1_4_2,3,TF_NonTF_NonTF,1,5
021D,Feed-Forward,021D-N0N000,3,Middle_Output_Output,0,1,2,Global regulator : M27 : Basal machinery,3,1_2_2,2,NonTF_NonTF_NonTF,0,5
021D,Feed-Forward,021D-N0N000,3,Input_Middle_Output,1,1,1,Global regulator : M1.3 : Basal machinery,3,2_6_3,3,NonTF_NonTF_NonTF,0,4
021D,Feed-Forward,021D-N0N000,3,Input_Output_Output,1,0,2,Global regulator : Basal machinery : Basal machinery,3,1_2_3,3,TF_NonTF_TF,2,4
021D,Feed-Forward,021D-N0N000,3,Input_Output_Output,1,0,2,Global regulator : Basal machinery : Basal machinery,3,2_1_1,2,NonTF_NonTF_TF,1,4
021D,Feed-Forward,021D-N0N000,3,Input_Output_Output,1,0,2,Global regulator : Basal machinery : Basal machinery,3,2_1_3,3,NonTF_TF_NonTF,1,4
021D,Feed-Forward,021D-N0N000,3,Input_Output_Output,1,0,2,Global regulator : Basal machinery : Basal machinery,3,2_3_3,2,NonTF_TF_NonTF,1,4
021D,Feed-Forward,021D-N0N000,3,Input_Output_Output,1,0,2,Global regulator : Basal machinery : Intermodular,3,2_3_1,3,NonTF_TF_NonTF,1,4
021D,Feed-Forward,021D-N0N000,3,Input_Output_Output,1,0,2,Global regulator : Basal machinery : M1.7,3,1_2_2,2,TF_NonTF_NonTF,1,4
021D,Feed-Forward,021D-N0N000,3,Input_Output_Output,1,0,2,Global regulator : Basal machinery : M1.7,3,2_3_1,3,NonTF_NonTF_NonTF,0,4
021D,Feed-Forward,021D-N0N000,3,Input_Output_Output,1,0,2,Global regulator : M1.7 : Basal machinery,3,2_1_1,2,NonTF_NonTF_NonTF,0,4
021D,Feed-Forward,021D-N0N000,3,Input_Output_Output,1,0,2,Global regulator : M2 : Basal machinery,3,2_1_3,3,NonTF_NonTF_NonTF,0,4
021D,Feed-Forward,021D-N0N000,3,Input_Output_Output,1,0,2,Global regulator : M5 : Basal machinery,3,2_1_3,3,NonTF_NonTF_NonTF,0,4
021D,Feed-Forward,021D-N0N000,3,Middle_Output_Middle,0,2,1,Global regulator : Basal machinery : Global regulator,3,1_2_3,3,NonTF_NonTF_NonTF,0,4
021D,Feed-Forward,021D-N0N000,3,Middle_Output_Output,0,1,2,Global regulator : Basal machinery : Basal machinery,3,3_1_2,3,TF_NonTF_NonTF,1,4
021D,Feed-Forward,021D-N0N000,3,Middle_Output_Output,0,1,2,Global regulator : Basal machinery : Basal machinery,3,4_6_1,3,TF_NonTF_NonTF,1,4
021D,Feed-Forward,021D-N0N000,3,Middle_Output_Output,0,1,2,Global regulator : Basal machinery : Intermodular,3,2_1_3,3,TF_NonTF_NonTF,1,4
021D,Feed-Forward,021D-N0N000,3,Middle_Output_Output,0,1,2,Global regulator : Basal machinery : M1.1,3,4_2_1,3,TF_NonTF_NonTF,1,4
021D,Feed-Forward,021D-N0N000,3,Middle_Output_Output,0,1,2,Global regulator : Basal machinery : M1.27,3,2_1_1,2,TF_NonTF_NonTF,1,4
021D,Feed-Forward,021D-N0N000,3,Middle_Output_Output,0,1,2,Global regulator : Basal machinery : M1.7,3,2_1_1,2,TF_NonTF_NonTF,1,4
021D,Feed-Forward,021D-N0N000,3,Middle_Output_Output,0,1,2,Global regulator : M1.28 : Basal machinery,3,4_1_1,2,TF_NonTF_NonTF,1,4
021D,Feed-Forward,021D-N0N000,3,Input_Middle_Output,1,1,1,Global regulator : Global regulator : Basal machinery,3,1_4_3,3,TF_TF_NonTF,2,3
021D,Feed-Forward,021D-N0N000,3,Input_Output_Middle,1,1,1,Global regulator : Basal machinery : Global regulator,3,1_3_3,2,TF_NonTF_NonTF,1,3
021D,Feed-Forward,021D-N0N000,3,Input_Output_Middle,1,1,1,Global regulator : Basal machinery : M1.39,3,1_3_2,3,TF_NonTF_NonTF,1,3
021D,Feed-Forward,021D-N0N000,3,Input_Output_Output,1,0,2,Global regulator : Basal machinery : Basal machinery,3,1_3_3,2,TF_NonTF_NonTF,1,3
021D,Feed-Forward,021D-N0N000,3,Input_Output_Output,1,0,2,Global regulator : Basal machinery : Basal machinery,3,1_3_3,2,TF_TF_NonTF,2,3
021D,Feed-Forward,021D-N0N000,3,Input_Output_Output,1,0,2,Global regulator : Basal machinery : Basal machinery,3,1_3_6,3,TF_NonTF_NonTF,1,3
021D,Feed-Forward,021D-N0N000,3,Input_Output_Output,1,0,2,Global regulator : Basal machinery : Basal machinery,3,1_6_2,3,TF_NonTF_NonTF,1,3
021D,Feed-Forward,021D-N0N000,3,Input_Output_Output,1,0,2,Global regulator : Basal machinery : Basal machinery,3,2_1_3,3,NonTF_NonTF_TF,1,3
021D,Feed-Forward,021D-N0N000,3,Input_Output_Output,1,0,2,Global regulator : Basal machinery : Basal machinery,3,2_4_3,3,NonTF_NonTF_NonTF,0,3
021D,Feed-Forward,021D-N0N000,3,Input_Output_Output,1,0,2,Global regulator : Basal machinery : Global regulator,3,1_3_2,3,TF_NonTF_NonTF,1,3
021D,Feed-Forward,021D-N0N000,3,Input_Output_Output,1,0,2,Global regulator : Basal machinery : Intermodular,3,1_3_3,2,TF_NonTF_NonTF,1,3
021D,Feed-Forward,021D-N0N000,3,Input_Output_Output,1,0,2,Global regulator : Basal machinery : Intermodular,3,2_1_1,2,NonTF_TF_NonTF,1,3
021D,Feed-Forward,021D-N0N000,3,Input_Output_Output,1,0,2,Global regulator : Intermodular : Basal machinery,3,1_2_3,3,TF_NonTF_NonTF,1,3
021D,Feed-Forward,021D-N0N000,3,Input_Output_Output,1,0,2,Global regulator : Intermodular : Basal machinery,3,1_3_2,3,TF_NonTF_NonTF,1,3
021D,Feed-Forward,021D-N0N000,3,Input_Output_Output,1,0,2,Global regulator : Intermodular : M1.7,3,2_1_1,2,NonTF_NonTF_NonTF,0,3
021D,Feed-Forward,021D-N0N000,3,Input_Output_Output,1,0,2,Global regulator : M1.16 : Basal machinery,3,1_2_3,3,TF_NonTF_NonTF,1,3
021D,Feed-Forward,021D-N0N000,3,Input_Output_Output,1,0,2,Global regulator : M1.22 : Basal machinery,3,1_2_3,3,TF_NonTF_NonTF,1,3
021D,Feed-Forward,021D-N0N000,3,Input_Output_Output,1,0,2,Global regulator : M1.39 : Basal machinery,3,1_2_3,3,TF_NonTF_NonTF,1,3
021D,Feed-Forward,021D-N0N000,3,Input_Output_Output,1,0,2,Global regulator : M1.7 : Basal machinery,3,1_2_3,3,TF_NonTF_NonTF,1,3
021D,Feed-Forward,021D-N0N000,3,Input_Output_Output,1,0,2,Global regulator : M19 : Basal machinery,3,1_2_3,3,TF_NonTF_NonTF,1,3
021D,Feed-Forward,021D-N0N000,3,Input_Output_Output,1,0,2,Global regulator : M2 : Intermodular,3,2_1_1,2,NonTF_NonTF_NonTF,0,3
021D,Feed-Forward,021D-N0N000,3,Input_Output_Output,1,0,2,M14 : M14 : M14,3,2_1_1,2,TF_NonTF_NonTF,1,3
021D,Feed-Forward,021D-N0N000,3,Input_Output_Output,1,0,2,M14 : M14 : M14,3,2_1_3,3,TF_NonTF_NonTF,1,3
021D,Feed-Forward,021D-N0N000,3,Input_Output_Output,1,0,2,M14 : M14 : M14,3,2_3_1,3,TF_NonTF_NonTF,1,3
021D,Feed-Forward,021D-N0N000,3,Middle_Middle_Output,0,2,1,Global regulator : Global regulator : Basal machinery,3,4_3_1,3,TF_NonTF_NonTF,1,3
021D,Feed-Forward,021D-N0N000,3,Middle_Middle_Output,0,2,1,Global regulator : Global regulator : Intermodular,3,4_1_1,2,TF_TF_NonTF,2,3
021D,Feed-Forward,021D-N0N000,3,Middle_Middle_Output,0,2,1,Global regulator : Global regulator : Intermodular,3,4_5_1,3,TF_TF_NonTF,2,3
021D,Feed-Forward,021D-N0N000,3,Middle_Output_Middle,0,2,1,Global regulator : Basal machinery : Global regulator,3,4_2_3,3,TF_NonTF_NonTF,1,3
021D,Feed-Forward,021D-N0N000,3,Middle_Output_Output,0,1,2,Global regulator : Basal machinery : Basal machinery,3,1_6_2,3,TF_NonTF_NonTF,1,3
021D,Feed-Forward,021D-N0N000,3,Middle_Output_Output,0,1,2,Global regulator : Basal machinery : Basal machinery,3,3_1_1,2,TF_NonTF_TF,2,3
021D,Feed-Forward,021D-N0N000,3,Middle_Output_Output,0,1,2,Global regulator : Basal machinery : Basal machinery,3,4_2_2,2,TF_NonTF_NonTF,1,3
021D,Feed-Forward,021D-N0N000,3,Middle_Output_Output,0,1,2,Global regulator : Basal machinery : Basal machinery,3,4_2_6,3,TF_NonTF_NonTF,1,3
021D,Feed-Forward,021D-N0N000,3,Middle_Output_Output,0,1,2,Global regulator : Basal machinery : Global regulator,3,4_2_2,2,TF_NonTF_NonTF,1,3
021D,Feed-Forward,021D-N0N000,3,Middle_Output_Output,0,1,2,Global regulator : Basal machinery : Intermodular,3,2_1_1,2,TF_NonTF_NonTF,1,3
021D,Feed-Forward,021D-N0N000,3,Middle_Output_Output,0,1,2,Global regulator : Basal machinery : Intermodular,3,3_1_2,3,TF_NonTF_NonTF,1,3
021D,Feed-Forward,021D-N0N000,3,Middle_Output_Output,0,1,2,Global regulator : Basal machinery : Intermodular,3,4_1_1,2,TF_TF_NonTF,2,3
021D,Feed-Forward,021D-N0N000,3,Middle_Output_Output,0,1,2,Global regulator : Basal machinery : M1.1,3,2_1_1,2,TF_NonTF_NonTF,1,3
021D,Feed-Forward,021D-N0N000,3,Middle_Output_Output,0,1,2,Global regulator : Basal machinery : M1.39,3,3_1_2,3,TF_NonTF_NonTF,1,3
021D,Feed-Forward,021D-N0N000,3,Middle_Output_Output,0,1,2,Global regulator : Basal machinery : M11,3,3_1_1,2,TF_NonTF_TF,2,3
021D,Feed-Forward,021D-N0N000,3,Middle_Output_Output,0,1,2,Global regulator : Basal machinery : M14,3,3_1_1,2,TF_NonTF_NonTF,1,3
021D,Feed-Forward,021D-N0N000,3,Middle_Output_Output,0,1,2,Global regulator : Basal machinery : M27,3,2_1_1,2,TF_NonTF_NonTF,1,3
021D,Feed-Forward,021D-N0N000,3,Middle_Output_Output,0,1,2,Global regulator : Basal machinery : M5,3,1_2_2,2,NonTF_NonTF_NonTF,0,3
021D,Feed-Forward,021D-N0N000,3,Middle_Output_Output,0,1,2,Global regulator : Intermodular : Basal machinery,3,2_1_1,2,TF_NonTF_NonTF,1,3
021D,Feed-Forward,021D-N0N000,3,Middle_Output_Output,0,1,2,Global regulator : Intermodular : Basal machinery,3,2_3_1,3,TF_NonTF_NonTF,1,3
021D,Feed-Forward,021D-N0N000,3,Middle_Output_Output,0,1,2,Global regulator : Intermodular : Global regulator,3,4_1_2,3,TF_NonTF_NonTF,1,3
021D,Feed-Forward,021D-N0N000,3,Middle_Output_Output,0,1,2,Global regulator : Intermodular : Intermodular,3,4_1_1,2,TF_NonTF_NonTF,1,3
021D,Feed-Forward,021D-N0N000,3,Middle_Output_Output,0,1,2,Global regulator : M1.1 : Basal machinery,3,2_1_1,2,TF_NonTF_NonTF,1,3
021D,Feed-Forward,021D-N0N000,3,Middle_Output_Output,0,1,2,Global regulator : M1.19 : Basal machinery,3,4_1_2,3,TF_NonTF_NonTF,1,3
021D,Feed-Forward,021D-N0N000,3,Middle_Output_Output,0,1,2,Global regulator : M1.19 : Intermodular,3,4_1_1,2,TF_NonTF_NonTF,1,3
021D,Feed-Forward,021D-N0N000,3,Middle_Output_Output,0,1,2,Global regulator : M1.7 : Basal machinery,3,2_1_1,2,TF_NonTF_NonTF,1,3
021D,Feed-Forward,021D-N0N000,3,Middle_Output_Output,0,1,2,Global regulator : M10 : Basal machinery,3,3_1_1,2,TF_NonTF_NonTF,1,3
021D,Feed-Forward,021D-N0N000,3,Middle_Output_Output,0,1,2,Global regulator : M11 : Intermodular,3,4_1_1,2,TF_TF_NonTF,2,3
021D,Feed-Forward,021D-N0N000,3,Middle_Output_Output,0,1,2,Global regulator : M2 : Intermodular,3,4_1_1,2,TF_NonTF_NonTF,1,3
021D,Feed-Forward,021D-N0N000,3,Middle_Output_Output,0,1,2,Global regulator : M24 : Intermodular,3,4_1_1,2,TF_NonTF_NonTF,1,3
021D,Feed-Forward,021D-N0N000,3,Middle_Output_Output,0,1,2,Global regulator : M27 : Basal machinery,3,1_2_2,2,TF_NonTF_NonTF,1,3
021D,Feed-Forward,021D-N0N000,3,Input_Middle_Output,1,1,1,Global regulator : M1.3 : Intermodular,3,2_6_1,3,NonTF_NonTF_NonTF,0,2
021D,Feed-Forward,021D-N0N000,3,Input_Output_Middle,1,1,1,Global regulator : Basal machinery : Global regulator,3,1_2_4,3,TF_NonTF_TF,2,2
021D,Feed-Forward,021D-N0N000,3,Input_Output_Middle,1,1,1,Global regulator : Intermodular : M1.3,3,2_1_6,3,NonTF_NonTF_NonTF,0,2
021D,Feed-Forward,021D-N0N000,3,Input_Output_Middle,1,1,1,M1.1 : M1.1 : M1.1,3,3_1_1,2,NonTF_NonTF_TF,1,2
021D,Feed-Forward,021D-N0N000,3,Input_Output_Output,1,0,2,Global regulator : Basal machinery : Intermodular,3,2_4_1,3,NonTF_NonTF_NonTF,0,2
021D,Feed-Forward,021D-N0N000,3,Input_Output_Output,1,0,2,Global regulator : Basal machinery : M1.39,3,2_3_4,3,NonTF_NonTF_NonTF,0,2
021D,Feed-Forward,021D-N0N000,3,Input_Output_Output,1,0,2,Global regulator : Intermodular : Basal machinery,3,2_1_4,3,NonTF_NonTF_NonTF,0,2
021D,Feed-Forward,021D-N0N000,3,Input_Output_Output,1,0,2,Global regulator : Intermodular : M1.39,3,2_1_4,3,NonTF_NonTF_NonTF,0,2
021D,Feed-Forward,021D-N0N000,3,Input_Output_Output,1,0,2,Global regulator : Intermodular : M5,3,2_1_1,2,NonTF_NonTF_NonTF,0,2
021D,Feed-Forward,021D-N0N000,3,Input_Output_Output,1,0,2,Global regulator : M1.39 : Basal machinery,3,2_4_3,3,NonTF_NonTF_NonTF,0,2
021D,Feed-Forward,021D-N0N000,3,Input_Output_Output,1,0,2,Global regulator : M1.39 : Intermodular,3,2_4_1,3,NonTF_NonTF_NonTF,0,2
021D,Feed-Forward,021D-N0N000,3,Input_Output_Output,1,0,2,Global regulator : M5 : Intermodular,3,2_1_1,2,NonTF_NonTF_NonTF,0,2
021D,Feed-Forward,021D-N0N000,3,Middle_Middle_Output,0,2,1,Global regulator : Global regulator : Basal machinery,3,1_2_2,2,TF_NonTF_NonTF,1,2
021D,Feed-Forward,021D-N0N000,3,Middle_Middle_Output,0,2,1,Global regulator : Global regulator : Basal machinery,3,4_1_2,3,TF_TF_NonTF,2,2
021D,Feed-Forward,021D-N0N000,3,Middle_Middle_Output,0,2,1,Global regulator : Global regulator : Intermodular,3,4_1_1,2,TF_NonTF_NonTF,1,2
021D,Feed-Forward,021D-N0N000,3,Middle_Middle_Output,0,2,1,Global regulator : Global regulator : M1.1,3,4_1_1,2,TF_TF_NonTF,2,2
021D,Feed-Forward,021D-N0N000,3,Middle_Output_Middle,0,2,1,Global regulator : Basal machinery : Global regulator,3,3_4_2,3,TF_NonTF_NonTF,1,2
021D,Feed-Forward,021D-N0N000,3,Middle_Output_Middle,0,2,1,Global regulator : Basal machinery : Global regulator,3,4_2_1,3,TF_NonTF_NonTF,1,2
021D,Feed-Forward,021D-N0N000,3,Middle_Output_Middle,0,2,1,Global regulator : Basal machinery : Global regulator,3,5_4_3,3,TF_NonTF_NonTF,1,2
021D,Feed-Forward,021D-N0N000,3,Middle_Output_Middle,0,2,1,Global regulator : Intermodular : Global regulator,3,4_1_3,3,TF_NonTF_NonTF,1,2
021D,Feed-Forward,021D-N0N000,3,Middle_Output_Middle,0,2,1,Global regulator : M1.1 : Global regulator,3,4_1_1,2,TF_NonTF_NonTF,1,2
021D,Feed-Forward,021D-N0N000,3,Middle_Output_Middle,0,2,1,Global regulator : M1.1 : Global regulator,3,4_1_3,3,TF_NonTF_NonTF,1,2
021D,Feed-Forward,021D-N0N000,3,Middle_Output_Middle,0,2,1,Global regulator : M3 : Global regulator,3,1_2_2,2,TF_NonTF_NonTF,1,2
021D,Feed-Forward,021D-N0N000,3,Middle_Output_Output,0,1,2,Global regulator : Basal machinery : Basal machinery,3,3_1_1,2,TF_TF_NonTF,2,2
021D,Feed-Forward,021D-N0N000,3,Middle_Output_Output,0,1,2,Global regulator : Basal machinery : Basal machinery,3,3_2_4,3,TF_NonTF_NonTF,1,2
021D,Feed-Forward,021D-N0N000,3,Middle_Output_Output,0,1,2,Global regulator : Basal machinery : Basal machinery,3,3_4_6,3,TF_NonTF_NonTF,1,2
021D,Feed-Forward,021D-N0N000,3,Middle_Output_Output,0,1,2,Global regulator : Basal machinery : Basal machinery,3,3_6_1,3,TF_NonTF_NonTF,1,2
021D,Feed-Forward,021D-N0N000,3,Middle_Output_Output,0,1,2,Global regulator : Basal machinery : Basal machinery,3,4_1_2,3,TF_TF_NonTF,2,2
021D,Feed-Forward,021D-N0N000,3,Middle_Output_Output,0,1,2,Global regulator : Basal machinery : M1.1,3,1_2_2,2,NonTF_NonTF_NonTF,0,2
021D,Feed-Forward,021D-N0N000,3,Middle_Output_Output,0,1,2,Global regulator : Basal machinery : M1.1,3,4_1_1,2,TF_TF_NonTF,2,2
021D,Feed-Forward,021D-N0N000,3,Middle_Output_Output,0,1,2,Global regulator : Basal machinery : M1.28,3,4_2_1,3,TF_NonTF_NonTF,1,2
021D,Feed-Forward,021D-N0N000,3,Middle_Output_Output,0,1,2,Global regulator : Basal machinery : M10,3,3_4_1,3,TF_NonTF_NonTF,1,2
021D,Feed-Forward,021D-N0N000,3,Middle_Output_Output,0,1,2,Global regulator : Basal machinery : M11,3,4_2_1,3,TF_NonTF_TF,2,2
021D,Feed-Forward,021D-N0N000,3,Middle_Output_Output,0,1,2,Global regulator : Basal machinery : M2,3,4_2_1,3,TF_NonTF_NonTF,1,2
021D,Feed-Forward,021D-N0N000,3,Middle_Output_Output,0,1,2,Global regulator : Basal machinery : M24,3,4_2_1,3,TF_NonTF_NonTF,1,2
021D,Feed-Forward,021D-N0N000,3,Middle_Output_Output,0,1,2,Global regulator : Intermodular : Basal machinery,3,3_2_1,3,TF_NonTF_NonTF,1,2
021D,Feed-Forward,021D-N0N000,3,Middle_Output_Output,0,1,2,Global regulator : Intermodular : Basal machinery,3,4_1_2,3,TF_NonTF_NonTF,1,2
021D,Feed-Forward,021D-N0N000,3,Middle_Output_Output,0,1,2,Global regulator : Intermodular : Basal machinery,3,4_1_6,3,TF_NonTF_NonTF,1,2
021D,Feed-Forward,021D-N0N000,3,Middle_Output_Output,0,1,2,Global regulator : Intermodular : M1.28,3,4_1_1,2,TF_NonTF_NonTF,1,2
021D,Feed-Forward,021D-N0N000,3,Middle_Output_Output,0,1,2,Global regulator : M1.1 : Basal machinery,3,4_1_2,3,TF_NonTF_NonTF,1,2
021D,Feed-Forward,021D-N0N000,3,Middle_Output_Output,0,1,2,Global regulator : M1.1 : Basal machinery,3,4_1_6,3,TF_NonTF_NonTF,1,2
021D,Feed-Forward,021D-N0N000,3,Middle_Output_Output,0,1,2,Global regulator : M1.1 : Global regulator,3,4_1_2,3,TF_NonTF_NonTF,1,2
021D,Feed-Forward,021D-N0N000,3,Middle_Output_Output,0,1,2,Global regulator : M1.1 : M1.28,3,4_1_1,2,TF_NonTF_NonTF,1,2
021D,Feed-Forward,021D-N0N000,3,Middle_Output_Output,0,1,2,Global regulator : M1.19 : M1.1,3,4_1_1,2,TF_NonTF_NonTF,1,2
021D,Feed-Forward,021D-N0N000,3,Middle_Output_Output,0,1,2,Global regulator : M1.39 : Basal machinery,3,3_2_1,3,TF_NonTF_NonTF,1,2
021D,Feed-Forward,021D-N0N000,3,Middle_Output_Output,0,1,2,Global regulator : M11 : Basal machinery,3,3_1_4,3,TF_TF_NonTF,2,2
021D,Feed-Forward,021D-N0N000,3,Middle_Output_Output,0,1,2,Global regulator : M14 : Basal machinery,3,3_1_1,2,TF_NonTF_NonTF,1,2
021D,Feed-Forward,021D-N0N000,3,Middle_Output_Output,0,1,2,Global regulator : M23 : Basal machinery,3,2_1_1,2,NonTF_NonTF_NonTF,0,2
021D,Feed-Forward,021D-N0N000,3,Middle_Output_Output,0,1,2,Global regulator : M8 : Basal machinery,3,2_1_1,2,TF_NonTF_NonTF,1,2
021D,Feed-Forward,021D-N0N000,3,Middle_Output_Output,0,1,2,M1.18 : M1.18 : Intermodular,3,1_2_2,2,TF_NonTF_NonTF,1,2
021D,Feed-Forward,021D-N0N000,3,Input_Middle_Middle,1,2,0,Global regulator : Global regulator : M1.39,3,1_3_2,3,TF_NonTF_NonTF,1,1
021D,Feed-Forward,021D-N0N000,3,Input_Middle_Middle,1,2,0,Global regulator : Global regulator : M1.39,3,1_4_2,3,TF_TF_NonTF,2,1
021D,Feed-Forward,021D-N0N000,3,Input_Middle_Output,1,1,1,Global regulator : Global regulator : Basal machinery,3,1_4_3,3,TF_TF_TF,3,1
021D,Feed-Forward,021D-N0N000,3,Input_Middle_Output,1,1,1,Global regulator : Global regulator : Global regulator,3,1_3_2,3,TF_NonTF_NonTF,1,1
021D,Feed-Forward,021D-N0N000,3,Input_Middle_Output,1,1,1,Global regulator : Global regulator : Intermodular,3,1_4_3,3,TF_TF_NonTF,2,1
021D,Feed-Forward,021D-N0N000,3,Input_Middle_Output,1,1,1,Global regulator : Global regulator : M1.16,3,1_4_2,3,TF_TF_NonTF,2,1
021D,Feed-Forward,021D-N0N000,3,Input_Middle_Output,1,1,1,Global regulator : Global regulator : M1.22,3,1_4_2,3,TF_TF_NonTF,2,1
021D,Feed-Forward,021D-N0N000,3,Input_Middle_Output,1,1,1,Global regulator : Global regulator : M1.39,3,1_4_2,3,TF_TF_NonTF,2,1
021D,Feed-Forward,021D-N0N000,3,Input_Middle_Output,1,1,1,Global regulator : Global regulator : M1.7,3,1_4_2,3,TF_TF_NonTF,2,1
021D,Feed-Forward,021D-N0N000,3,Input_Middle_Output,1,1,1,Global regulator : Global regulator : M19,3,1_4_2,3,TF_TF_NonTF,2,1
021D,Feed-Forward,021D-N0N000,3,Input_Middle_Output,1,1,1,Global regulator : M1.3 : Basal machinery,3,2_6_4,3,NonTF_NonTF_NonTF,0,1
021D,Feed-Forward,021D-N0N000,3,Input_Middle_Output,1,1,1,Global regulator : M1.3 : M1.39,3,2_6_4,3,NonTF_NonTF_NonTF,0,1
021D,Feed-Forward,021D-N0N000,3,Input_Middle_Output,1,1,1,Global regulator : M1.3 : M1.7,3,2_6_1,3,NonTF_NonTF_NonTF,0,1
021D,Feed-Forward,021D-N0N000,3,Input_Middle_Output,1,1,1,Global regulator : M1.3 : M5,3,2_6_1,3,NonTF_NonTF_NonTF,0,1
021D,Feed-Forward,021D-N0N000,3,Input_Output_Middle,1,1,1,Global regulator : Basal machinery : Global regulator,3,1_3_3,2,TF_TF_NonTF,2,1
021D,Feed-Forward,021D-N0N000,3,Input_Output_Middle,1,1,1,Global regulator : Basal machinery : Global regulator,3,1_6_3,3,TF_NonTF_NonTF,1,1
021D,Feed-Forward,021D-N0N000,3,Input_Output_Middle,1,1,1,Global regulator : Basal machinery : M1.3,3,2_1_6,3,NonTF_TF_NonTF,1,1
021D,Feed-Forward,021D-N0N000,3,Input_Output_Middle,1,1,1,Global regulator : Basal machinery : M1.3,3,2_3_6,3,NonTF_TF_NonTF,1,1
021D,Feed-Forward,021D-N0N000,3,Input_Output_Middle,1,1,1,Global regulator : Basal machinery : M1.39,3,1_3_2,3,TF_TF_NonTF,2,1
021D,Feed-Forward,021D-N0N000,3,Input_Output_Middle,1,1,1,Global regulator : Basal machinery : M1.39,3,1_6_2,3,TF_NonTF_NonTF,1,1
021D,Feed-Forward,021D-N0N000,3,Input_Output_Middle,1,1,1,Global regulator : Global regulator : M1.39,3,1_2_2,2,TF_NonTF_NonTF,1,1
021D,Feed-Forward,021D-N0N000,3,Input_Output_Middle,1,1,1,Global regulator : Intermodular : Global regulator,3,1_2_3,3,TF_NonTF_NonTF,1,1
021D,Feed-Forward,021D-N0N000,3,Input_Output_Middle,1,1,1,Global regulator : Intermodular : Global regulator,3,1_2_4,3,TF_NonTF_TF,2,1
021D,Feed-Forward,021D-N0N000,3,Input_Output_Middle,1,1,1,Global regulator : Intermodular : Global regulator,3,1_3_3,2,TF_NonTF_NonTF,1,1
021D,Feed-Forward,021D-N0N000,3,Input_Output_Middle,1,1,1,Global regulator : Intermodular : M1.39,3,1_2_2,2,TF_NonTF_NonTF,1,1
021D,Feed-Forward,021D-N0N000,3,Input_Output_Middle,1,1,1,Global regulator : Intermodular : M1.39,3,1_3_2,3,TF_NonTF_NonTF,1,1
021D,Feed-Forward,021D-N0N000,3,Input_Output_Middle,1,1,1,Global regulator : M1.16 : Global regulator,3,1_2_3,3,TF_NonTF_NonTF,1,1
021D,Feed-Forward,021D-N0N000,3,Input_Output_Middle,1,1,1,Global regulator : M1.16 : M1.39,3,1_2_2,2,TF_NonTF_NonTF,1,1
021D,Feed-Forward,021D-N0N000,3,Input_Output_Middle,1,1,1,Global regulator : M1.22 : Global regulator,3,1_2_3,3,TF_NonTF_NonTF,1,1
021D,Feed-Forward,021D-N0N000,3,Input_Output_Middle,1,1,1,Global regulator : M1.22 : M1.39,3,1_2_2,2,TF_NonTF_NonTF,1,1
021D,Feed-Forward,021D-N0N000,3,Input_Output_Middle,1,1,1,Global regulator : M1.39 : Global regulator,3,1_2_3,3,TF_NonTF_NonTF,1,1
021D,Feed-Forward,021D-N0N000,3,Input_Output_Middle,1,1,1,Global regulator : M1.39 : M1.39,3,1_2_2,2,TF_NonTF_NonTF,1,1
021D,Feed-Forward,021D-N0N000,3,Input_Output_Middle,1,1,1,Global regulator : M1.7 : M1.39,3,1_2_2,2,TF_NonTF_NonTF,1,1
021D,Feed-Forward,021D-N0N000,3,Input_Output_Middle,1,1,1,Global regulator : M19 : Global regulator,3,1_2_3,3,TF_NonTF_NonTF,1,1
021D,Feed-Forward,021D-N0N000,3,Input_Output_Middle,1,1,1,Global regulator : M19 : M1.39,3,1_2_2,2,TF_NonTF_NonTF,1,1
021D,Feed-Forward,021D-N0N000,3,Input_Output_Middle,1,1,1,Global regulator : M2 : M1.3,3,2_1_6,3,NonTF_NonTF_NonTF,0,1
021D,Feed-Forward,021D-N0N000,3,Input_Output_Output,1,0,2,Global regulator : Basal machinery : Basal machinery,3,1_3_6,3,TF_TF_NonTF,2,1
021D,Feed-Forward,021D-N0N000,3,Input_Output_Output,1,0,2,Global regulator : Basal machinery : Basal machinery,3,2_1_1,2,TF_NonTF_NonTF,1,1
021D,Feed-Forward,021D-N0N000,3,Input_Output_Output,1,0,2,Global regulator : Basal machinery : Basal machinery,3,2_1_4,3,NonTF_TF_NonTF,1,1
021D,Feed-Forward,021D-N0N000,3,Input_Output_Output,1,0,2,Global regulator : Basal machinery : Basal machinery,3,2_3_1,3,NonTF_TF_TF,2,1
021D,Feed-Forward,021D-N0N000,3,Input_Output_Output,1,0,2,Global regulator : Basal machinery : Basal machinery,3,2_3_4,3,NonTF_NonTF_NonTF,0,1
021D,Feed-Forward,021D-N0N000,3,Input_Output_Output,1,0,2,Global regulator : Basal machinery : Basal machinery,3,2_3_4,3,NonTF_TF_NonTF,1,1
021D,Feed-Forward,021D-N0N000,3,Input_Output_Output,1,0,2,Global regulator : Basal machinery : Basal machinery,3,3_1_2,3,TF_TF_NonTF,2,1
021D,Feed-Forward,021D-N0N000,3,Input_Output_Output,1,0,2,Global regulator : Basal machinery : Global regulator,3,1_3_2,3,TF_TF_NonTF,2,1
021D,Feed-Forward,021D-N0N000,3,Input_Output_Output,1,0,2,Global regulator : Basal machinery : Global regulator,3,1_6_2,3,TF_NonTF_NonTF,1,1
021D,Feed-Forward,021D-N0N000,3,Input_Output_Output,1,0,2,Global regulator : Basal machinery : Intermodular,3,1_2_2,2,TF_NonTF_NonTF,1,1
021D,Feed-Forward,021D-N0N000,3,Input_Output_Output,1,0,2,Global regulator : Basal machinery : Intermodular,3,1_3_3,2,TF_TF_NonTF,2,1
021D,Feed-Forward,021D-N0N000,3,Input_Output_Output,1,0,2,Global regulator : Basal machinery : Intermodular,3,1_6_3,3,TF_NonTF_NonTF,1,1
021D,Feed-Forward,021D-N0N000,3,Input_Output_Output,1,0,2,Global regulator : Basal machinery : Intermodular,3,3_1_1,2,TF_NonTF_NonTF,1,1
021D,Feed-Forward,021D-N0N000,3,Input_Output_Output,1,0,2,Global regulator : Basal machinery : M1.16,3,1_3_2,3,TF_TF_NonTF,2,1
021D,Feed-Forward,021D-N0N000,3,Input_Output_Output,1,0,2,Global regulator : Basal machinery : M1.22,3,1_3_2,3,TF_TF_NonTF,2,1
021D,Feed-Forward,021D-N0N000,3,Input_Output_Output,1,0,2,Global regulator : Basal machinery : M1.39,3,1_3_2,3,TF_TF_NonTF,2,1
021D,Feed-Forward,021D-N0N000,3,Input_Output_Output,1,0,2,Global regulator : Basal machinery : M1.39,3,2_1_4,3,NonTF_TF_NonTF,1,1
021D,Feed-Forward,021D-N0N000,3,Input_Output_Output,1,0,2,Global regulator : Basal machinery : M1.39,3,2_3_4,3,NonTF_TF_NonTF,1,1
021D,Feed-Forward,021D-N0N000,3,Input_Output_Output,1,0,2,Global regulator : Basal machinery : M1.39,3,2_4_4,2,NonTF_NonTF_NonTF,0,1
021D,Feed-Forward,021D-N0N000,3,Input_Output_Output,1,0,2,Global regulator : Basal machinery : M1.7,3,2_1_1,2,NonTF_TF_NonTF,1,1
021D,Feed-Forward,021D-N0N000,3,Input_Output_Output,1,0,2,Global regulator : Basal machinery : M1.7,3,2_3_1,3,NonTF_TF_NonTF,1,1
021D,Feed-Forward,021D-N0N000,3,Input_Output_Output,1,0,2,Global regulator : Basal machinery : M1.7,3,2_4_1,3,NonTF_NonTF_NonTF,0,1
021D,Feed-Forward,021D-N0N000,3,Input_Output_Output,1,0,2,Global regulator : Basal machinery : M19,3,1_3_2,3,TF_TF_NonTF,2,1
021D,Feed-Forward,021D-N0N000,3,Input_Output_Output,1,0,2,Global regulator : Basal machinery : M2,3,2_1_1,2,NonTF_TF_NonTF,1,1
021D,Feed-Forward,021D-N0N000,3,Input_Output_Output,1,0,2,Global regulator : Basal machinery : M2,3,2_3_1,3,NonTF_TF_NonTF,1,1
021D,Feed-Forward,021D-N0N000,3,Input_Output_Output,1,0,2,Global regulator : Basal machinery : M5,3,2_1_1,2,NonTF_TF_NonTF,1,1
021D,Feed-Forward,021D-N0N000,3,Input_Output_Output,1,0,2,Global regulator : Basal machinery : M5,3,2_3_1,3,NonTF_TF_NonTF,1,1
021D,Feed-Forward,021D-N0N000,3,Input_Output_Output,1,0,2,Global regulator : Intermodular : Basal machinery,3,1_2_3,3,TF_NonTF_TF,2,1
021D,Feed-Forward,021D-N0N000,3,Input_Output_Output,1,0,2,Global regulator : Intermodular : Basal machinery,3,1_2_6,3,TF_NonTF_NonTF,1,1
021D,Feed-Forward,021D-N0N000,3,Input_Output_Output,1,0,2,Global regulator : Intermodular : Basal machinery,3,2_1_1,2,NonTF_NonTF_TF,1,1
021D,Feed-Forward,021D-N0N000,3,Input_Output_Output,1,0,2,Global regulator : Intermodular : Basal machinery,3,3_1_1,2,TF_NonTF_NonTF,1,1
021D,Feed-Forward,021D-N0N000,3,Input_Output_Output,1,0,2,Global regulator : Intermodular : Global regulator,3,1_2_2,2,TF_NonTF_NonTF,1,1
021D,Feed-Forward,021D-N0N000,3,Input_Output_Output,1,0,2,Global regulator : Intermodular : Global regulator,3,1_3_2,3,TF_NonTF_NonTF,1,1
021D,Feed-Forward,021D-N0N000,3,Input_Output_Output,1,0,2,Global regulator : Intermodular : Intermodular,3,1_2_3,3,TF_NonTF_NonTF,1,1
021D,Feed-Forward,021D-N0N000,3,Input_Output_Output,1,0,2,Global regulator : Intermodular : M1.16,3,1_2_2,2,TF_NonTF_NonTF,1,1
021D,Feed-Forward,021D-N0N000,3,Input_Output_Output,1,0,2,Global regulator : Intermodular : M1.22,3,1_2_2,2,TF_NonTF_NonTF,1,1
021D,Feed-Forward,021D-N0N000,3,Input_Output_Output,1,0,2,Global regulator : Intermodular : M1.39,3,1_2_2,2,TF_NonTF_NonTF,1,1
021D,Feed-Forward,021D-N0N000,3,Input_Output_Output,1,0,2,Global regulator : Intermodular : M1.7,3,1_2_2,2,TF_NonTF_NonTF,1,1
021D,Feed-Forward,021D-N0N000,3,Input_Output_Output,1,0,2,Global regulator : Intermodular : M19,3,1_2_2,2,TF_NonTF_NonTF,1,1
021D,Feed-Forward,021D-N0N000,3,Input_Output_Output,1,0,2,Global regulator : Intermodular : M2,3,2_1_1,2,NonTF_NonTF_NonTF,0,1
021D,Feed-Forward,021D-N0N000,3,Input_Output_Output,1,0,2,Global regulator : M1.16 : Basal machinery,3,1_2_6,3,TF_NonTF_NonTF,1,1
021D,Feed-Forward,021D-N0N000,3,Input_Output_Output,1,0,2,Global regulator : M1.16 : Global regulator,3,1_2_2,2,TF_NonTF_NonTF,1,1
021D,Feed-Forward,021D-N0N000,3,Input_Output_Output,1,0,2,Global regulator : M1.16 : Intermodular,3,1_2_3,3,TF_NonTF_NonTF,1,1
021D,Feed-Forward,021D-N0N000,3,Input_Output_Output,1,0,2,Global regulator : M1.16 : M1.22,3,1_2_2,2,TF_NonTF_NonTF,1,1
021D,Feed-Forward,021D-N0N000,3,Input_Output_Output,1,0,2,Global regulator : M1.16 : M19,3,1_2_2,2,TF_NonTF_NonTF,1,1
021D,Feed-Forward,021D-N0N000,3,Input_Output_Output,1,0,2,Global regulator : M1.22 : Basal machinery,3,1_2_6,3,TF_NonTF_NonTF,1,1
021D,Feed-Forward,021D-N0N000,3,Input_Output_Output,1,0,2,Global regulator : M1.22 : Global regulator,3,1_2_2,2,TF_NonTF_NonTF,1,1
021D,Feed-Forward,021D-N0N000,3,Input_Output_Output,1,0,2,Global regulator : M1.22 : Intermodular,3,1_2_3,3,TF_NonTF_NonTF,1,1
021D,Feed-Forward,021D-N0N000,3,Input_Output_Output,1,0,2,Global regulator : M1.22 : M19,3,1_2_2,2,TF_NonTF_NonTF,1,1
021D,Feed-Forward,021D-N0N000,3,Input_Output_Output,1,0,2,Global regulator : M1.39 : Basal machinery,3,1_2_6,3,TF_NonTF_NonTF,1,1
021D,Feed-Forward,021D-N0N000,3,Input_Output_Output,1,0,2,Global regulator : M1.39 : Global regulator,3,1_2_2,2,TF_NonTF_NonTF,1,1
021D,Feed-Forward,021D-N0N000,3,Input_Output_Output,1,0,2,Global regulator : M1.39 : Intermodular,3,1_2_3,3,TF_NonTF_NonTF,1,1
021D,Feed-Forward,021D-N0N000,3,Input_Output_Output,1,0,2,Global regulator : M1.39 : M1.16,3,1_2_2,2,TF_NonTF_NonTF,1,1
021D,Feed-Forward,021D-N0N000,3,Input_Output_Output,1,0,2,Global regulator : M1.39 : M1.22,3,1_2_2,2,TF_NonTF_NonTF,1,1
021D,Feed-Forward,021D-N0N000,3,Input_Output_Output,1,0,2,Global regulator : M1.39 : M1.7,3,2_4_1,3,NonTF_NonTF_NonTF,0,1
021D,Feed-Forward,021D-N0N000,3,Input_Output_Output,1,0,2,Global regulator : M1.39 : M19,3,1_2_2,2,TF_NonTF_NonTF,1,1
021D,Feed-Forward,021D-N0N000,3,Input_Output_Output,1,0,2,Global regulator : M1.7 : Basal machinery,3,1_2_3,3,TF_NonTF_TF,2,1
021D,Feed-Forward,021D-N0N000,3,Input_Output_Output,1,0,2,Global regulator : M1.7 : Basal machinery,3,1_2_6,3,TF_NonTF_NonTF,1,1
021D,Feed-Forward,021D-N0N000,3,Input_Output_Output,1,0,2,Global regulator : M1.7 : Global regulator,3,1_2_2,2,TF_NonTF_NonTF,1,1
021D,Feed-Forward,021D-N0N000,3,Input_Output_Output,1,0,2,Global regulator : M1.7 : Intermodular,3,1_2_3,3,TF_NonTF_NonTF,1,1
021D,Feed-Forward,021D-N0N000,3,Input_Output_Output,1,0,2,Global regulator : M1.7 : Intermodular,3,2_1_1,2,NonTF_NonTF_NonTF,0,1
021D,Feed-Forward,021D-N0N000,3,Input_Output_Output,1,0,2,Global regulator : M1.7 : M1.16,3,1_2_2,2,TF_NonTF_NonTF,1,1
021D,Feed-Forward,021D-N0N000,3,Input_Output_Output,1,0,2,Global regulator : M1.7 : M1.22,3,1_2_2,2,TF_NonTF_NonTF,1,1
021D,Feed-Forward,021D-N0N000,3,Input_Output_Output,1,0,2,Global regulator : M1.7 : M1.39,3,1_2_2,2,TF_NonTF_NonTF,1,1
021D,Feed-Forward,021D-N0N000,3,Input_Output_Output,1,0,2,Global regulator : M1.7 : M19,3,1_2_2,2,TF_NonTF_NonTF,1,1
021D,Feed-Forward,021D-N0N000,3,Input_Output_Output,1,0,2,Global regulator : M19 : Basal machinery,3,1_2_6,3,TF_NonTF_NonTF,1,1
021D,Feed-Forward,021D-N0N000,3,Input_Output_Output,1,0,2,Global regulator : M19 : Global regulator,3,1_2_2,2,TF_NonTF_NonTF,1,1
021D,Feed-Forward,021D-N0N000,3,Input_Output_Output,1,0,2,Global regulator : M19 : Intermodular,3,1_2_3,3,TF_NonTF_NonTF,1,1
021D,Feed-Forward,021D-N0N000,3,Input_Output_Output,1,0,2,Global regulator : M2 : Basal machinery,3,2_1_4,3,NonTF_NonTF_NonTF,0,1
021D,Feed-Forward,021D-N0N000,3,Input_Output_Output,1,0,2,Global regulator : M2 : M1.39,3,2_1_4,3,NonTF_NonTF_NonTF,0,1
021D,Feed-Forward,021D-N0N000,3,Input_Output_Output,1,0,2,Global regulator : M2 : M1.7,3,2_1_1,2,NonTF_NonTF_NonTF,0,1
021D,Feed-Forward,021D-N0N000,3,Input_Output_Output,1,0,2,Global regulator : M2 : M5,3,2_1_1,2,NonTF_NonTF_NonTF,0,1
021D,Feed-Forward,021D-N0N000,3,Input_Output_Output,1,0,2,Global regulator : M5 : Basal machinery,3,2_1_4,3,NonTF_NonTF_NonTF,0,1
021D,Feed-Forward,021D-N0N000,3,Input_Output_Output,1,0,2,Global regulator : M5 : M1.39,3,2_1_4,3,NonTF_NonTF_NonTF,0,1
021D,Feed-Forward,021D-N0N000,3,Input_Output_Output,1,0,2,Global regulator : M5 : M1.7,3,2_1_1,2,NonTF_NonTF_NonTF,0,1
021D,Feed-Forward,021D-N0N000,3,Input_Output_Output,1,0,2,M1.1 : M1.1 : M1.1,3,3_1_1,2,NonTF_NonTF_NonTF,0,1
021D,Feed-Forward,021D-N0N000,3,Input_Output_Output,1,0,2,M14 : M14 : M14,3,2_3_3,2,TF_NonTF_NonTF,1,1
021D,Feed-Forward,021D-N0N000,3,Middle_Middle_Middle,0,3,0,Global regulator : Global regulator : Global regulator,3,4_1_1,2,TF_TF_NonTF,2,1
021D,Feed-Forward,021D-N0N000,3,Middle_Middle_Middle,0,3,0,Global regulator : Global regulator : Global regulator,3,4_1_3,3,TF_NonTF_NonTF,1,1
021D,Feed-Forward,021D-N0N000,3,Middle_Middle_Middle,0,3,0,Global regulator : Global regulator : Global regulator,3,4_5_1,3,TF_TF_NonTF,2,1
021D,Feed-Forward,021D-N0N000,3,Middle_Middle_Output,0,2,1,Global regulator : Basal machinery : Basal machinery,3,3_1_1,2,TF_NonTF_NonTF,1,1
021D,Feed-Forward,021D-N0N000,3,Middle_Middle_Output,0,2,1,Global regulator : Global regulator : Basal machinery,3,3_2_1,3,TF_NonTF_NonTF,1,1
021D,Feed-Forward,021D-N0N000,3,Middle_Middle_Output,0,2,1,Global regulator : Global regulator : Basal machinery,3,4_1_2,3,TF_NonTF_NonTF,1,1
021D,Feed-Forward,021D-N0N000,3,Middle_Middle_Output,0,2,1,Global regulator : Global regulator : Basal machinery,3,4_1_6,3,TF_NonTF_NonTF,1,1
021D,Feed-Forward,021D-N0N000,3,Middle_Middle_Output,0,2,1,Global regulator : Global regulator : Basal machinery,3,4_1_6,3,TF_TF_NonTF,2,1
021D,Feed-Forward,021D-N0N000,3,Middle_Middle_Output,0,2,1,Global regulator : Global regulator : Basal machinery,3,4_5_2,3,TF_TF_NonTF,2,1
021D,Feed-Forward,021D-N0N000,3,Middle_Middle_Output,0,2,1,Global regulator : Global regulator : Global regulator,3,4_1_2,3,TF_NonTF_NonTF,1,1
021D,Feed-Forward,021D-N0N000,3,Middle_Middle_Output,0,2,1,Global regulator : Global regulator : Global regulator,3,4_1_2,3,TF_TF_NonTF,2,1
021D,Feed-Forward,021D-N0N000,3,Middle_Middle_Output,0,2,1,Global regulator : Global regulator : Global regulator,3,4_3_2,3,TF_NonTF_NonTF,1,1
021D,Feed-Forward,021D-N0N000,3,Middle_Middle_Output,0,2,1,Global regulator : Global regulator : Global regulator,3,4_5_2,3,TF_TF_NonTF,2,1
021D,Feed-Forward,021D-N0N000,3,Middle_Middle_Output,0,2,1,Global regulator : Global regulator : Intermodular,3,4_3_1,3,TF_NonTF_NonTF,1,1
021D,Feed-Forward,021D-N0N000,3,Middle_Middle_Output,0,2,1,Global regulator : Global regulator : M1.1,3,4_5_1,3,TF_TF_NonTF,2,1
021D,Feed-Forward,021D-N0N000,3,Middle_Middle_Output,0,2,1,Global regulator : Global regulator : M1.28,3,4_1_1,2,TF_NonTF_NonTF,1,1
021D,Feed-Forward,021D-N0N000,3,Middle_Middle_Output,0,2,1,Global regulator : Global regulator : M1.28,3,4_1_1,2,TF_TF_NonTF,2,1
021D,Feed-Forward,021D-N0N000,3,Middle_Middle_Output,0,2,1,Global regulator : Global regulator : M1.28,3,4_5_1,3,TF_TF_NonTF,2,1
021D,Feed-Forward,021D-N0N000,3,Middle_Middle_Output,0,2,1,Global regulator : Global regulator : M11,3,4_1_1,2,TF_TF_TF,3,1
021D,Feed-Forward,021D-N0N000,3,Middle_Middle_Output,0,2,1,Global regulator : Global regulator : M2,3,4_1_1,2,TF_TF_NonTF,2,1
021D,Feed-Forward,021D-N0N000,3,Middle_Middle_Output,0,2,1,Global regulator : Global regulator : M24,3,4_1_1,2,TF_TF_NonTF,2,1
021D,Feed-Forward,021D-N0N000,3,Middle_Middle_Output,0,2,1,Global regulator : M1.16 : M1.2,3,2_3_3,2,TF_TF_NonTF,2,1
021D,Feed-Forward,021D-N0N000,3,Middle_Middle_Output,0,2,1,Global regulator : M1.16 : M1.2,3,2_3_3,2,TF_TF_TF,3,1
021D,Feed-Forward,021D-N0N000,3,Middle_Middle_Output,0,2,1,Global regulator : M1.16 : M14,3,2_3_3,2,TF_TF_NonTF,2,1
021D,Feed-Forward,021D-N0N000,3,Middle_Output_Middle,0,2,1,Global regulator : Basal machinery : Basal machinery,3,3_1_1,2,TF_NonTF_NonTF,1,1
021D,Feed-Forward,021D-N0N000,3,Middle_Output_Middle,0,2,1,Global regulator : Basal machinery : Global regulator,3,1_2_3,3,TF_NonTF_NonTF,1,1
021D,Feed-Forward,021D-N0N000,3,Middle_Output_Middle,0,2,1,Global regulator : Basal machinery : Global regulator,3,1_3_2,3,TF_NonTF_NonTF,1,1
021D,Feed-Forward,021D-N0N000,3,Middle_Output_Middle,0,2,1,Global regulator : Basal machinery : Global regulator,3,1_6_2,3,TF_NonTF_NonTF,1,1
021D,Feed-Forward,021D-N0N000,3,Middle_Output_Middle,0,2,1,Global regulator : Basal machinery : Global regulator,3,3_2_2,2,TF_NonTF_NonTF,1,1
021D,Feed-Forward,021D-N0N000,3,Middle_Output_Middle,0,2,1,Global regulator : Basal machinery : Global regulator,3,3_6_2,3,TF_NonTF_NonTF,1,1
021D,Feed-Forward,021D-N0N000,3,Middle_Output_Middle,0,2,1,Global regulator : Basal machinery : Global regulator,3,4_1_1,2,TF_TF_NonTF,2,1
021D,Feed-Forward,021D-N0N000,3,Middle_Output_Middle,0,2,1,Global regulator : Basal machinery : Global regulator,3,4_1_1,2,TF_TF_TF,3,1
021D,Feed-Forward,021D-N0N000,3,Middle_Output_Middle,0,2,1,Global regulator : Basal machinery : Global regulator,3,4_1_3,3,TF_TF_NonTF,2,1
021D,Feed-Forward,021D-N0N000,3,Middle_Output_Middle,0,2,1,Global regulator : Basal machinery : Global regulator,3,4_1_5,3,TF_TF_TF,3,1
021D,Feed-Forward,021D-N0N000,3,Middle_Output_Middle,0,2,1,Global regulator : Basal machinery : Global regulator,3,4_2_1,3,TF_NonTF_TF,2,1
021D,Feed-Forward,021D-N0N000,3,Middle_Output_Middle,0,2,1,Global regulator : Basal machinery : Global regulator,3,4_2_5,3,TF_NonTF_TF,2,1
021D,Feed-Forward,021D-N0N000,3,Middle_Output_Middle,0,2,1,Global regulator : Basal machinery : Global regulator,3,4_6_3,3,TF_NonTF_NonTF,1,1
021D,Feed-Forward,021D-N0N000,3,Middle_Output_Middle,0,2,1,Global regulator : Basal machinery : Global regulator,3,5_6_3,3,TF_NonTF_NonTF,1,1
021D,Feed-Forward,021D-N0N000,3,Middle_Output_Middle,0,2,1,Global regulator : Intermodular : Basal machinery,3,3_1_1,2,TF_TF_NonTF,2,1
021D,Feed-Forward,021D-N0N000,3,Middle_Output_Middle,0,2,1,Global regulator : Intermodular : Global regulator,3,4_1_1,2,TF_NonTF_NonTF,1,1
021D,Feed-Forward,021D-N0N000,3,Middle_Output_Middle,0,2,1,Global regulator : M1.1 : Global regulator,3,4_1_5,3,TF_NonTF_TF,2,1
021D,Feed-Forward,021D-N0N000,3,Middle_Output_Middle,0,2,1,Global regulator : M1.19 : Global regulator,3,4_1_1,2,TF_NonTF_NonTF,1,1
021D,Feed-Forward,021D-N0N000,3,Middle_Output_Middle,0,2,1,Global regulator : M1.19 : Global regulator,3,4_1_1,2,TF_NonTF_TF,2,1
021D,Feed-Forward,021D-N0N000,3,Middle_Output_Middle,0,2,1,Global regulator : M1.19 : Global regulator,3,4_1_3,3,TF_NonTF_NonTF,1,1
021D,Feed-Forward,021D-N0N000,3,Middle_Output_Middle,0,2,1,Global regulator : M1.19 : Global regulator,3,4_1_5,3,TF_NonTF_TF,2,1
021D,Feed-Forward,021D-N0N000,3,Middle_Output_Middle,0,2,1,Global regulator : M1.20 : Basal machinery,3,3_2_1,3,TF_NonTF_NonTF,1,1
021D,Feed-Forward,021D-N0N000,3,Middle_Output_Middle,0,2,1,Global regulator : M1.28 : Global regulator,3,4_1_3,3,TF_NonTF_NonTF,1,1
021D,Feed-Forward,021D-N0N000,3,Middle_Output_Middle,0,2,1,Global regulator : M10 : Global regulator,3,3_1_2,3,TF_NonTF_NonTF,1,1
021D,Feed-Forward,021D-N0N000,3,Middle_Output_Middle,0,2,1,Global regulator : M11 : Global regulator,3,3_1_2,3,TF_TF_NonTF,2,1
021D,Feed-Forward,021D-N0N000,3,Middle_Output_Middle,0,2,1,Global regulator : M11 : Global regulator,3,4_1_1,2,TF_TF_NonTF,2,1
021D,Feed-Forward,021D-N0N000,3,Middle_Output_Middle,0,2,1,Global regulator : M11 : Global regulator,3,4_1_3,3,TF_TF_NonTF,2,1
021D,Feed-Forward,021D-N0N000,3,Middle_Output_Middle,0,2,1,Global regulator : M11 : Global regulator,3,4_1_5,3,TF_TF_TF,3,1
021D,Feed-Forward,021D-N0N000,3,Middle_Output_Middle,0,2,1,Global regulator : M2 : Global regulator,3,4_1_1,2,TF_NonTF_NonTF,1,1
021D,Feed-Forward,021D-N0N000,3,Middle_Output_Middle,0,2,1,Global regulator : M2 : Global regulator,3,4_1_3,3,TF_NonTF_NonTF,1,1
021D,Feed-Forward,021D-N0N000,3,Middle_Output_Middle,0,2,1,Global regulator : M2 : Global regulator,3,4_1_5,3,TF_NonTF_TF,2,1
021D,Feed-Forward,021D-N0N000,3,Middle_Output_Middle,0,2,1,Global regulator : M24 : Global regulator,3,4_1_1,2,TF_NonTF_NonTF,1,1
021D,Feed-Forward,021D-N0N000,3,Middle_Output_Middle,0,2,1,Global regulator : M24 : Global regulator,3,4_1_3,3,TF_NonTF_NonTF,1,1
021D,Feed-Forward,021D-N0N000,3,Middle_Output_Middle,0,2,1,Global regulator : M24 : Global regulator,3,4_1_5,3,TF_NonTF_TF,2,1
021D,Feed-Forward,021D-N0N000,3,Middle_Output_Output,0,1,2,Global regulator : Basal machinery : Basal machinery,3,1_3_6,3,TF_NonTF_NonTF,1,1
021D,Feed-Forward,021D-N0N000,3,Middle_Output_Output,0,1,2,Global regulator : Basal machinery : Basal machinery,3,2_1_1,2,NonTF_NonTF_NonTF,0,1
021D,Feed-Forward,021D-N0N000,3,Middle_Output_Output,0,1,2,Global regulator : Basal machinery : Basal machinery,3,2_1_1,2,TF_NonTF_TF,2,1
021D,Feed-Forward,021D-N0N000,3,Middle_Output_Output,0,1,2,Global regulator : Basal machinery : Basal machinery,3,2_1_1,2,TF_TF_NonTF,2,1
021D,Feed-Forward,021D-N0N000,3,Middle_Output_Output,0,1,2,Global regulator : Basal machinery : Basal machinery,3,2_3_1,3,NonTF_NonTF_NonTF,0,1
021D,Feed-Forward,021D-N0N000,3,Middle_Output_Output,0,1,2,Global regulator : Basal machinery : Basal machinery,3,2_3_4,3,NonTF_NonTF_NonTF,0,1
021D,Feed-Forward,021D-N0N000,3,Middle_Output_Output,0,1,2,Global regulator : Basal machinery : Basal machinery,3,2_4_1,3,NonTF_NonTF_NonTF,0,1
021D,Feed-Forward,021D-N0N000,3,Middle_Output_Output,0,1,2,Global regulator : Basal machinery : Basal machinery,3,3_2_1,3,TF_NonTF_TF,2,1
021D,Feed-Forward,021D-N0N000,3,Middle_Output_Output,0,1,2,Global regulator : Basal machinery : Basal machinery,3,3_2_6,3,TF_NonTF_NonTF,1,1
021D,Feed-Forward,021D-N0N000,3,Middle_Output_Output,0,1,2,Global regulator : Basal machinery : Basal machinery,3,3_4_4,2,TF_NonTF_NonTF,1,1
021D,Feed-Forward,021D-N0N000,3,Middle_Output_Output,0,1,2,Global regulator : Basal machinery : Basal machinery,3,4_1_6,3,TF_TF_NonTF,2,1
021D,Feed-Forward,021D-N0N000,3,Middle_Output_Output,0,1,2,Global regulator : Basal machinery : Basal machinery,3,4_2_1,3,TF_NonTF_TF,2,1
021D,Feed-Forward,021D-N0N000,3,Middle_Output_Output,0,1,2,Global regulator : Basal machinery : Basal machinery,3,5_4_4,2,TF_NonTF_NonTF,1,1
021D,Feed-Forward,021D-N0N000,3,Middle_Output_Output,0,1,2,Global regulator : Basal machinery : Basal machinery,3,5_4_6,3,TF_NonTF_NonTF,1,1
021D,Feed-Forward,021D-N0N000,3,Middle_Output_Output,0,1,2,Global regulator : Basal machinery : Basal machinery,3,5_6_4,3,TF_NonTF_NonTF,1,1
021D,Feed-Forward,021D-N0N000,3,Middle_Output_Output,0,1,2,Global regulator : Basal machinery : Global regulator,3,4_1_2,3,TF_TF_NonTF,2,1
021D,Feed-Forward,021D-N0N000,3,Middle_Output_Output,0,1,2,Global regulator : Basal machinery : Global regulator,3,4_6_2,3,TF_NonTF_NonTF,1,1
021D,Feed-Forward,021D-N0N000,3,Middle_Output_Output,0,1,2,Global regulator : Basal machinery : Intermodular,3,2_1_1,2,NonTF_NonTF_NonTF,0,1
021D,Feed-Forward,021D-N0N000,3,Middle_Output_Output,0,1,2,Global regulator : Basal machinery : Intermodular,3,3_1_1,2,TF_NonTF_TF,2,1
021D,Feed-Forward,021D-N0N000,3,Middle_Output_Output,0,1,2,Global regulator : Basal machinery : Intermodular,3,3_2_2,2,TF_NonTF_NonTF,1,1
021D,Feed-Forward,021D-N0N000,3,Middle_Output_Output,0,1,2,Global regulator : Basal machinery : Intermodular,3,4_6_1,3,TF_NonTF_NonTF,1,1
021D,Feed-Forward,021D-N0N000,3,Middle_Output_Output,0,1,2,Global regulator : Basal machinery : M1.11,3,2_1_4,3,TF_NonTF_NonTF,1,1
021D,Feed-Forward,021D-N0N000,3,Middle_Output_Output,0,1,2,Global regulator : Basal machinery : M1.11,3,2_1_4,3,TF_TF_NonTF,2,1
021D,Feed-Forward,021D-N0N000,3,Middle_Output_Output,0,1,2,Global regulator : Basal machinery : M1.16,3,2_3_1,3,TF_NonTF_NonTF,1,1
021D,Feed-Forward,021D-N0N000,3,Middle_Output_Output,0,1,2,Global regulator : Basal machinery : M1.20,3,3_1_2,3,TF_NonTF_NonTF,1,1
021D,Feed-Forward,021D-N0N000,3,Middle_Output_Output,0,1,2,Global regulator : Basal machinery : M1.23,3,1_2_2,2,TF_NonTF_NonTF,1,1
021D,Feed-Forward,021D-N0N000,3,Middle_Output_Output,0,1,2,Global regulator : Basal machinery : M1.28,3,4_1_1,2,TF_TF_NonTF,2,1
021D,Feed-Forward,021D-N0N000,3,Middle_Output_Output,0,1,2,Global regulator : Basal machinery : M1.39,3,1_3_4,3,TF_NonTF_NonTF,1,1
021D,Feed-Forward,021D-N0N000,3,Middle_Output_Output,0,1,2,Global regulator : Basal machinery : M1.39,3,3_1_2,3,TF_TF_NonTF,2,1
021D,Feed-Forward,021D-N0N000,3,Middle_Output_Output,0,1,2,Global regulator : Basal machinery : M1.39,3,3_2_2,2,TF_NonTF_NonTF,1,1
021D,Feed-Forward,021D-N0N000,3,Middle_Output_Output,0,1,2,Global regulator : Basal machinery : M10,3,3_2_1,3,TF_NonTF_NonTF,1,1
021D,Feed-Forward,021D-N0N000,3,Middle_Output_Output,0,1,2,Global regulator : Basal machinery : M11,3,4_1_1,2,TF_TF_TF,3,1
021D,Feed-Forward,021D-N0N000,3,Middle_Output_Output,0,1,2,Global regulator : Basal machinery : M14,3,3_2_1,3,TF_NonTF_NonTF,1,1
021D,Feed-Forward,021D-N0N000,3,Middle_Output_Output,0,1,2,Global regulator : Basal machinery : M2,3,4_1_1,2,TF_TF_NonTF,2,1
021D,Feed-Forward,021D-N0N000,3,Middle_Output_Output,0,1,2,Global regulator : Basal machinery : M24,3,4_1_1,2,TF_TF_NonTF,2,1
021D,Feed-Forward,021D-N0N000,3,Middle_Output_Output,0,1,2,Global regulator : Basal machinery : M27,3,1_3_2,3,TF_NonTF_NonTF,1,1
021D,Feed-Forward,021D-N0N000,3,Middle_Output_Output,0,1,2,Global regulator : Basal machinery : M8,3,2_1_1,2,TF_NonTF_NonTF,1,1
021D,Feed-Forward,021D-N0N000,3,Middle_Output_Output,0,1,2,Global regulator : Global regulator : Basal machinery,3,4_2_1,3,TF_NonTF_NonTF,1,1
021D,Feed-Forward,021D-N0N000,3,Middle_Output_Output,0,1,2,Global regulator : Intermodular : Basal machinery,3,2_1_1,2,NonTF_NonTF_NonTF,0,1
021D,Feed-Forward,021D-N0N000,3,Middle_Output_Output,0,1,2,Global regulator : Intermodular : Basal machinery,3,3_1_1,2,TF_TF_NonTF,2,1
021D,Feed-Forward,021D-N0N000,3,Middle_Output_Output,0,1,2,Global regulator : Intermodular : Basal machinery,3,3_2_1,3,TF_NonTF_TF,2,1
021D,Feed-Forward,021D-N0N000,3,Middle_Output_Output,0,1,2,Global regulator : Intermodular : M1.20,3,3_1_2,3,TF_TF_NonTF,2,1
021D,Feed-Forward,021D-N0N000,3,Middle_Output_Output,0,1,2,Global regulator : Intermodular : M1.29,3,2_1_1,2,TF_NonTF_NonTF,1,1
021D,Feed-Forward,021D-N0N000,3,Middle_Output_Output,0,1,2,Global regulator : Intermodular : M1.39,3,3_2_2,2,TF_NonTF_NonTF,1,1
021D,Feed-Forward,021D-N0N000,3,Middle_Output_Output,0,1,2,Global regulator : M1.1 : Intermodular,3,2_1_1,2,TF_NonTF_NonTF,1,1
021D,Feed-Forward,021D-N0N000,3,Middle_Output_Output,0,1,2,Global regulator : M1.1 : M1.1,3,4_1_1,2,TF_NonTF_NonTF,1,1
021D,Feed-Forward,021D-N0N000,3,Middle_Output_Output,0,1,2,Global regulator : M1.1 : M1.29,3,2_1_1,2,TF_NonTF_NonTF,1,1
021D,Feed-Forward,021D-N0N000,3,Middle_Output_Output,0,1,2,Global regulator : M1.1 : M11,3,4_1_1,2,TF_NonTF_TF,2,1
021D,Feed-Forward,021D-N0N000,3,Middle_Output_Output,0,1,2,Global regulator : M1.1 : M2,3,4_1_1,2,TF_NonTF_NonTF,1,1
021D,Feed-Forward,021D-N0N000,3,Middle_Output_Output,0,1,2,Global regulator : M1.1 : M24,3,4_1_1,2,TF_NonTF_NonTF,1,1
021D,Feed-Forward,021D-N0N000,3,Middle_Output_Output,0,1,2,Global regulator : M1.11 : Basal machinery,3,2_4_1,3,TF_NonTF_NonTF,1,1
021D,Feed-Forward,021D-N0N000,3,Middle_Output_Output,0,1,2,Global regulator : M1.19 : Basal machinery,3,4_1_1,2,TF_NonTF_TF,2,1
021D,Feed-Forward,021D-N0N000,3,Middle_Output_Output,0,1,2,Global regulator : M1.19 : Basal machinery,3,4_1_6,3,TF_NonTF_NonTF,1,1
021D,Feed-Forward,021D-N0N000,3,Middle_Output_Output,0,1,2,Global regulator : M1.19 : Global regulator,3,4_1_2,3,TF_NonTF_NonTF,1,1
021D,Feed-Forward,021D-N0N000,3,Middle_Output_Output,0,1,2,Global regulator : M1.19 : M1.28,3,4_1_1,2,TF_NonTF_NonTF,1,1
021D,Feed-Forward,021D-N0N000,3,Middle_Output_Output,0,1,2,Global regulator : M1.19 : M11,3,4_1_1,2,TF_NonTF_TF,2,1
021D,Feed-Forward,021D-N0N000,3,Middle_Output_Output,0,1,2,Global regulator : M1.19 : M2,3,4_1_1,2,TF_NonTF_NonTF,1,1
021D,Feed-Forward,021D-N0N000,3,Middle_Output_Output,0,1,2,Global regulator : M1.19 : M24,3,4_1_1,2,TF_NonTF_NonTF,1,1
021D,Feed-Forward,021D-N0N000,3,Middle_Output_Output,0,1,2,Global regulator : M1.2 : M1.16,3,2_3_1,3,TF_NonTF_NonTF,1,1
021D,Feed-Forward,021D-N0N000,3,Middle_Output_Output,0,1,2,Global regulator : M1.2 : M1.16,3,2_3_1,3,TF_TF_NonTF,2,1
021D,Feed-Forward,021D-N0N000,3,Middle_Output_Output,0,1,2,Global regulator : M1.2 : M1.2,3,2_3_3,2,TF_TF_NonTF,2,1
021D,Feed-Forward,021D-N0N000,3,Middle_Output_Output,0,1,2,Global regulator : M1.2 : M14,3,2_3_3,2,TF_NonTF_NonTF,1,1
021D,Feed-Forward,021D-N0N000,3,Middle_Output_Output,0,1,2,Global regulator : M1.2 : M14,3,2_3_3,2,TF_TF_NonTF,2,1
021D,Feed-Forward,021D-N0N000,3,Middle_Output_Output,0,1,2,Global regulator : M1.20 : Basal machinery,3,3_2_1,3,TF_NonTF_NonTF,1,1
021D,Feed-Forward,021D-N0N000,3,Middle_Output_Output,0,1,2,Global regulator : M1.27 : M1.27,3,2_1_1,2,TF_NonTF_NonTF,1,1
021D,Feed-Forward,021D-N0N000,3,Middle_Output_Output,0,1,2,Global regulator : M1.28 : Basal machinery,3,4_1_2,3,TF_NonTF_NonTF,1,1
021D,Feed-Forward,021D-N0N000,3,Middle_Output_Output,0,1,2,Global regulator : M1.28 : Basal machinery,3,4_1_6,3,TF_NonTF_NonTF,1,1
021D,Feed-Forward,021D-N0N000,3,Middle_Output_Output,0,1,2,Global regulator : M1.28 : Global regulator,3,4_1_2,3,TF_NonTF_NonTF,1,1
021D,Feed-Forward,021D-N0N000,3,Middle_Output_Output,0,1,2,Global regulator : M1.28 : Intermodular,3,4_1_1,2,TF_NonTF_NonTF,1,1
021D,Feed-Forward,021D-N0N000,3,Middle_Output_Output,0,1,2,Global regulator : M1.29 : Basal machinery,3,2_1_1,2,TF_NonTF_NonTF,1,1
021D,Feed-Forward,021D-N0N000,3,Middle_Output_Output,0,1,2,Global regulator : M1.39 : Basal machinery,3,1_4_6,3,TF_NonTF_NonTF,1,1
021D,Feed-Forward,021D-N0N000,3,Middle_Output_Output,0,1,2,Global regulator : M1.39 : M27,3,1_4_2,3,TF_NonTF_NonTF,1,1
021D,Feed-Forward,021D-N0N000,3,Middle_Output_Output,0,1,2,Global regulator : M1.7 : Intermodular,3,2_1_3,3,TF_NonTF_NonTF,1,1
021D,Feed-Forward,021D-N0N000,3,Middle_Output_Output,0,1,2,Global regulator : M10 : Basal machinery,3,3_1_6,3,TF_NonTF_NonTF,1,1
021D,Feed-Forward,021D-N0N000,3,Middle_Output_Output,0,1,2,Global regulator : M11 : Basal machinery,3,3_1_2,3,TF_TF_NonTF,2,1
021D,Feed-Forward,021D-N0N000,3,Middle_Output_Output,0,1,2,Global regulator : M11 : Basal machinery,3,3_1_6,3,TF_TF_NonTF,2,1
021D,Feed-Forward,021D-N0N000,3,Middle_Output_Output,0,1,2,Global regulator : M11 : Basal machinery,3,4_1_2,3,TF_TF_NonTF,2,1
021D,Feed-Forward,021D-N0N000,3,Middle_Output_Output,0,1,2,Global regulator : M11 : Basal machinery,3,4_1_6,3,TF_TF_NonTF,2,1
021D,Feed-Forward,021D-N0N000,3,Middle_Output_Output,0,1,2,Global regulator : M11 : Global regulator,3,4_1_2,3,TF_TF_NonTF,2,1
021D,Feed-Forward,021D-N0N000,3,Middle_Output_Output,0,1,2,Global regulator : M11 : M1.1,3,4_1_1,2,TF_TF_NonTF,2,1
021D,Feed-Forward,021D-N0N000,3,Middle_Output_Output,0,1,2,Global regulator : M11 : M1.28,3,4_1_1,2,TF_TF_NonTF,2,1
021D,Feed-Forward,021D-N0N000,3,Middle_Output_Output,0,1,2,Global regulator : M11 : M10,3,3_1_1,2,TF_TF_NonTF,2,1
021D,Feed-Forward,021D-N0N000,3,Middle_Output_Output,0,1,2,Global regulator : M11 : M24,3,4_1_1,2,TF_TF_NonTF,2,1
021D,Feed-Forward,021D-N0N000,3,Middle_Output_Output,0,1,2,Global regulator : M14 : Basal machinery,3,3_1_1,2,TF_NonTF_TF,2,1
021D,Feed-Forward,021D-N0N000,3,Middle_Output_Output,0,1,2,Global regulator : M14 : Intermodular,3,3_1_2,3,TF_NonTF_NonTF,1,1
021D,Feed-Forward,021D-N0N000,3,Middle_Output_Output,0,1,2,Global regulator : M14 : M1.16,3,2_3_1,3,TF_NonTF_NonTF,1,1
021D,Feed-Forward,021D-N0N000,3,Middle_Output_Output,0,1,2,Global regulator : M14 : M1.39,3,3_1_2,3,TF_NonTF_NonTF,1,1
021D,Feed-Forward,021D-N0N000,3,Middle_Output_Output,0,1,2,Global regulator : M2 : Basal machinery,3,4_1_2,3,TF_NonTF_NonTF,1,1
021D,Feed-Forward,021D-N0N000,3,Middle_Output_Output,0,1,2,Global regulator : M2 : Basal machinery,3,4_1_6,3,TF_NonTF_NonTF,1,1
021D,Feed-Forward,021D-N0N000,3,Middle_Output_Output,0,1,2,Global regulator : M2 : Global regulator,3,4_1_2,3,TF_NonTF_NonTF,1,1
021D,Feed-Forward,021D-N0N000,3,Middle_Output_Output,0,1,2,Global regulator : M2 : M1.1,3,4_1_1,2,TF_NonTF_NonTF,1,1
021D,Feed-Forward,021D-N0N000,3,Middle_Output_Output,0,1,2,Global regulator : M2 : M1.28,3,4_1_1,2,TF_NonTF_NonTF,1,1
021D,Feed-Forward,021D-N0N000,3,Middle_Output_Output,0,1,2,Global regulator : M2 : M11,3,4_1_1,2,TF_NonTF_TF,2,1
021D,Feed-Forward,021D-N0N000,3,Middle_Output_Output,0,1,2,Global regulator : M2 : M24,3,4_1_1,2,TF_NonTF_NonTF,1,1
021D,Feed-Forward,021D-N0N000,3,Middle_Output_Output,0,1,2,Global regulator : M23 : Intermodular,3,2_1_1,2,NonTF_NonTF_NonTF,0,1
021D,Feed-Forward,021D-N0N000,3,Middle_Output_Output,0,1,2,Global regulator : M24 : Basal machinery,3,4_1_2,3,TF_NonTF_NonTF,1,1
021D,Feed-Forward,021D-N0N000,3,Middle_Output_Output,0,1,2,Global regulator : M24 : Basal machinery,3,4_1_6,3,TF_NonTF_NonTF,1,1
021D,Feed-Forward,021D-N0N000,3,Middle_Output_Output,0,1,2,Global regulator : M24 : Global regulator,3,4_1_2,3,TF_NonTF_NonTF,1,1
021D,Feed-Forward,021D-N0N000,3,Middle_Output_Output,0,1,2,Global regulator : M24 : M1.1,3,4_1_1,2,TF_NonTF_NonTF,1,1
021D,Feed-Forward,021D-N0N000,3,Middle_Output_Output,0,1,2,Global regulator : M24 : M1.28,3,4_1_1,2,TF_NonTF_NonTF,1,1
021D,Feed-Forward,021D-N0N000,3,Middle_Output_Output,0,1,2,Global regulator : M27 : Basal machinery,3,1_2_6,3,TF_NonTF_NonTF,1,1
021D,Feed-Forward,021D-N0N000,3,Middle_Output_Output,0,1,2,Global regulator : M27 : Basal machinery,3,2_1_1,2,TF_NonTF_NonTF,1,1
021D,Feed-Forward,021D-N0N000,3,Middle_Output_Output,0,1,2,Global regulator : M3 : Intermodular,3,2_1_1,2,TF_NonTF_NonTF,1,1
021D,Feed-Forward,021D-N0N000,3,Middle_Output_Output,0,1,2,Global regulator : M3 : M1.1,3,2_1_1,2,TF_NonTF_NonTF,1,1
021D,Feed-Forward,021D-N0N000,3,Middle_Output_Output,0,1,2,Global regulator : M3 : M1.29,3,2_1_1,2,TF_NonTF_NonTF,1,1
021D,Feed-Forward,021D-N0N000,3,Middle_Output_Output,0,1,2,Global regulator : M3 : M3,3,1_2_2,2,TF_NonTF_NonTF,1,1
021D,Feed-Forward,021D-N0N000,3,Middle_Output_Output,0,1,2,Global regulator : M5 : M27,3,1_2_2,2,NonTF_NonTF_NonTF,0,1
021D,Feed-Forward,021D-N0N000,3,Middle_Output_Output,0,1,2,M1.16 : M1.16 : M1.16,3,3_1_2,3,TF_NonTF_NonTF,1,1
021D,Feed-Forward,021D-N0N000,3,Middle_Output_Output,0,1,2,M1.18 : M1.18 : M1.18,3,1_2_2,2,TF_NonTF_NonTF,1,1
021D,Feed-Forward,021D-N0N000,3,Middle_Output_Output,0,1,2,M3 : M3 : M3,3,2_1_1,2,TF_NonTF_NonTF,1,1
021D,Feed-Forward,021D-N0P000,3,Input_Output_Output,1,0,2,Global regulator : Basal machinery : Basal machinery,3,1_2_1,2,TF_NonTF_NonTF,1,667
021D,Feed-Forward,021D-N0P000,3,Input_Output_Output,1,0,2,Global regulator : Basal machinery : Basal machinery,3,3_1_5,3,TF_NonTF_NonTF,1,228
021D,Feed-Forward,021D-N0P000,3,Middle_Output_Output,0,1,2,Global regulator : Basal machinery : Basal machinery,3,4_1_2,3,TF_NonTF_NonTF,1,110
021D,Feed-Forward,021D-N0P000,3,Input_Output_Output,1,0,2,Global regulator : Basal machinery : Basal machinery,3,2_1_2,2,NonTF_NonTF_NonTF,0,87
021D,Feed-Forward,021D-N0P000,3,Input_Output_Output,1,0,2,Global regulator : Basal machinery : Basal machinery,3,1_2_1,2,TF_NonTF_TF,2,62
021D,Feed-Forward,021D-N0P000,3,Input_Output_Output,1,0,2,Global regulator : Intermodular : Basal machinery,3,1_2_1,2,TF_NonTF_NonTF,1,58
021D,Feed-Forward,021D-N0P000,3,Input_Output_Output,1,0,2,Global regulator : Basal machinery : Basal machinery,3,1_2_2,2,TF_NonTF_NonTF,1,57
021D,Feed-Forward,021D-N0P000,3,Input_Output_Output,1,0,2,Global regulator : Basal machinery : Intermodular,3,1_2_1,2,TF_NonTF_NonTF,1,53
021D,Feed-Forward,021D-N0P000,3,Input_Output_Output,1,0,2,Global regulator : M1.7 : Basal machinery,3,1_2_1,2,TF_NonTF_NonTF,1,51
021D,Feed-Forward,021D-N0P000,3,Input_Middle_Output,1,1,1,Global regulator : Global regulator : Basal machinery,3,1_4_1,2,TF_TF_NonTF,2,49
021D,Feed-Forward,021D-N0P000,3,Input_Output_Output,1,0,2,Global regulator : Basal machinery : Basal machinery,3,1_3_1,2,TF_TF_NonTF,2,49
021D,Feed-Forward,021D-N0P000,3,Input_Output_Output,1,0,2,Global regulator : Basal machinery : Basal machinery,3,2_1_1,2,NonTF_NonTF_NonTF,0,48
021D,Feed-Forward,021D-N0P000,3,Middle_Output_Output,0,1,2,Global regulator : Basal machinery : Basal machinery,3,4_1_1,2,TF_NonTF_NonTF,1,45
021D,Feed-Forward,021D-N0P000,3,Input_Output_Output,1,0,2,Global regulator : Basal machinery : M1.27,3,1_2_1,2,TF_NonTF_NonTF,1,42
021D,Feed-Forward,021D-N0P000,3,Input_Output_Output,1,0,2,Global regulator : Basal machinery : M17,3,1_2_1,2,TF_NonTF_NonTF,1,42
021D,Feed-Forward,021D-N0P000,3,Input_Output_Output,1,0,2,Global regulator : Basal machinery : Basal machinery,3,1_3_1,2,TF_NonTF_NonTF,1,41
021D,Feed-Forward,021D-N0P000,3,Input_Output_Output,1,0,2,Global regulator : Basal machinery : Basal machinery,3,3_1_2,3,TF_NonTF_NonTF,1,40
021D,Feed-Forward,021D-N0P000,3,Input_Output_Output,1,0,2,Global regulator : M1.39 : Basal machinery,3,1_2_1,2,TF_NonTF_NonTF,1,39
021D,Feed-Forward,021D-N0P000,3,Input_Output_Middle,1,1,1,Global regulator : Basal machinery : Global regulator,3,1_2_1,2,TF_NonTF_TF,2,36
021D,Feed-Forward,021D-N0P000,3,Input_Output_Output,1,0,2,Global regulator : Basal machinery : M1.1,3,1_2_1,2,TF_NonTF_NonTF,1,30
021D,Feed-Forward,021D-N0P000,3,Input_Output_Output,1,0,2,Global regulator : Basal machinery : M17,3,3_1_3,2,TF_NonTF_NonTF,1,30
021D,Feed-Forward,021D-N0P000,3,Input_Output_Output,1,0,2,Global regulator : M1.16 : Basal machinery,3,1_2_1,2,TF_NonTF_NonTF,1,28
021D,Feed-Forward,021D-N0P000,3,Input_Output_Output,1,0,2,Global regulator : M1.22 : Basal machinery,3,1_2_1,2,TF_NonTF_NonTF,1,28
021D,Feed-Forward,021D-N0P000,3,Input_Output_Middle,1,1,1,Global regulator : Basal machinery : M1.1,3,2_1_1,2,NonTF_NonTF_TF,1,26
021D,Feed-Forward,021D-N0P000,3,Input_Output_Middle,1,1,1,Global regulator : Basal machinery : Global regulator,3,2_1_1,2,NonTF_NonTF_TF,1,23
021D,Feed-Forward,021D-N0P000,3,Input_Output_Middle,1,1,1,Global regulator : Basal machinery : M16,3,2_1_2,2,NonTF_NonTF_TF,1,23
021D,Feed-Forward,021D-N0P000,3,Input_Output_Output,1,0,2,Global regulator : Basal machinery : Intermodular,3,2_1_1,2,NonTF_NonTF_TF,1,22
021D,Feed-Forward,021D-N0P000,3,Input_Output_Middle,1,1,1,Global regulator : Basal machinery : M1.1,3,1_2_1,2,TF_NonTF_TF,2,21
021D,Feed-Forward,021D-N0P000,3,Input_Output_Middle,1,1,1,Global regulator : Basal machinery : M1.36,3,1_2_1,2,TF_NonTF_NonTF,1,21
021D,Feed-Forward,021D-N0P000,3,Input_Output_Output,1,0,2,Global regulator : Basal machinery : M1.14,3,2_1_2,2,NonTF_NonTF_NonTF,0,20
021D,Feed-Forward,021D-N0P000,3,Middle_Output_Output,0,1,2,Global regulator : Basal machinery : Basal machinery,3,4_2_2,2,TF_NonTF_NonTF,1,20
021D,Feed-Forward,021D-N0P000,3,Input_Output_Output,1,0,2,Global regulator : Basal machinery : Intermodular,3,2_1_1,2,NonTF_NonTF_NonTF,0,19
021D,Feed-Forward,021D-N0P000,3,Input_Output_Output,1,0,2,Global regulator : M19 : Basal machinery,3,1_2_1,2,TF_NonTF_NonTF,1,19
021D,Feed-Forward,021D-N0P000,3,Middle_Output_Middle,0,2,1,Global regulator : Basal machinery : Global regulator,3,4_1_2,3,TF_NonTF_TF,2,18
021D,Feed-Forward,021D-N0P000,3,Input_Output_Output,1,0,2,Global regulator : Basal machinery : Intermodular,3,1_2_1,2,TF_NonTF_TF,2,15
021D,Feed-Forward,021D-N0P000,3,Input_Output_Output,1,0,2,Global regulator : Basal machinery : M1.11,3,1_2_1,2,TF_NonTF_NonTF,1,15
021D,Feed-Forward,021D-N0P000,3,Input_Output_Output,1,0,2,Global regulator : Basal machinery : M1.16,3,1_2_1,2,TF_NonTF_NonTF,1,14
021D,Feed-Forward,021D-N0P000,3,Input_Output_Output,1,0,2,Global regulator : Basal machinery : M1.33,3,1_2_1,2,TF_NonTF_NonTF,1,14
021D,Feed-Forward,021D-N0P000,3,Input_Output_Output,1,0,2,Global regulator : Basal machinery : M14,3,1_2_1,2,TF_NonTF_NonTF,1,14
021D,Feed-Forward,021D-N0P000,3,Input_Output_Middle,1,1,1,Global regulator : Basal machinery : Global regulator,3,1_2_5,3,TF_NonTF_TF,2,13
021D,Feed-Forward,021D-N0P000,3,Input_Output_Output,1,0,2,Global regulator : Basal machinery : M1.1,3,1_2_3,3,TF_NonTF_NonTF,1,13
021D,Feed-Forward,021D-N0P000,3,Input_Output_Output,1,0,2,Global regulator : Basal machinery : M1.28,3,1_2_1,2,TF_NonTF_NonTF,1,13
021D,Feed-Forward,021D-N0P000,3,Input_Output_Output,1,0,2,Global regulator : Basal machinery : M16,3,1_2_1,2,TF_NonTF_NonTF,1,13
021D,Feed-Forward,021D-N0P000,3,Input_Output_Output,1,0,2,Global regulator : Basal machinery : nan,3,1_2_1,2,TF_NonTF_NonTF,1,13
021D,Feed-Forward,021D-N0P000,3,Input_Output_Output,1,0,2,Global regulator : Intermodular : Basal machinery,3,2_1_2,2,NonTF_NonTF_NonTF,0,13
021D,Feed-Forward,021D-N0P000,3,Input_Output_Output,1,0,2,Global regulator : Basal machinery : Basal machinery,3,1_6_1,2,TF_NonTF_NonTF,1,12
021D,Feed-Forward,021D-N0P000,3,Input_Output_Output,1,0,2,Global regulator : Basal machinery : M1.7,3,1_2_1,2,TF_NonTF_NonTF,1,12
021D,Feed-Forward,021D-N0P000,3,Middle_Output_Output,0,1,2,Global regulator : Basal machinery : M1.16,3,1_2_2,2,TF_NonTF_NonTF,1,12
021D,Feed-Forward,021D-N0P000,3,Input_Output_Output,1,0,2,Global regulator : Intermodular : Basal machinery,3,1_3_1,2,TF_NonTF_NonTF,1,11
021D,Feed-Forward,021D-N0P000,3,Middle_Output_Output,0,1,2,Global regulator : Basal machinery : Basal machinery,3,2_3_2,2,TF_NonTF_NonTF,1,11
021D,Feed-Forward,021D-N0P000,3,Middle_Output_Output,0,1,2,Global regulator : Basal machinery : Basal machinery,3,4_1_4,2,TF_NonTF_NonTF,1,11
021D,Feed-Forward,021D-N0P000,3,Middle_Output_Output,0,1,2,Global regulator : M1.19 : Basal machinery,3,4_1_2,3,TF_NonTF_NonTF,1,11
021D,Feed-Forward,021D-N0P000,3,Input_Output_Middle,1,1,1,Global regulator : Basal machinery : Global regulator,3,2_1_5,3,NonTF_NonTF_TF,1,10
021D,Feed-Forward,021D-N0P000,3,Input_Output_Output,1,0,2,Global regulator : Basal machinery : M16,3,2_1_1,2,NonTF_NonTF_NonTF,0,10
021D,Feed-Forward,021D-N0P000,3,Input_Output_Output,1,0,2,Global regulator : Basal machinery : M24,3,2_1_1,2,NonTF_NonTF_NonTF,0,10
021D,Feed-Forward,021D-N0P000,3,Middle_Output_Output,0,1,2,Global regulator : Basal machinery : Basal machinery,3,4_1_2,3,TF_TF_NonTF,2,10
021D,Feed-Forward,021D-N0P000,3,Middle_Output_Output,0,1,2,Global regulator : Basal machinery : M1.6,3,4_1_2,3,TF_NonTF_NonTF,1,10
021D,Feed-Forward,021D-N0P000,3,Input_Output_Middle,1,1,1,Global regulator : Basal machinery : M7,3,1_2_1,2,TF_NonTF_NonTF,1,9
021D,Feed-Forward,021D-N0P000,3,Input_Output_Output,1,0,2,Global regulator : Basal machinery : M2,3,1_2_1,2,TF_NonTF_NonTF,1,9
021D,Feed-Forward,021D-N0P000,3,Input_Output_Output,1,0,2,Global regulator : Basal machinery : M5,3,2_1_2,2,NonTF_NonTF_NonTF,0,9
021D,Feed-Forward,021D-N0P000,3,Middle_Output_Output,0,1,2,Global regulator : M1.1 : Basal machinery,3,4_1_2,3,TF_NonTF_NonTF,1,9
021D,Feed-Forward,021D-N0P000,3,Input_Output_Output,1,0,2,Global regulator : Basal machinery : Basal machinery,3,2_1_2,2,NonTF_TF_NonTF,1,8
021D,Feed-Forward,021D-N0P000,3,Input_Output_Output,1,0,2,Global regulator : Basal machinery : Basal machinery,3,2_3_2,2,NonTF_TF_NonTF,1,8
021D,Feed-Forward,021D-N0P000,3,Middle_Middle_Output,0,2,1,Global regulator : Global regulator : Basal machinery,3,4_1_2,3,TF_TF_NonTF,2,8
021D,Feed-Forward,021D-N0P000,3,Middle_Output_Output,0,1,2,Global regulator : Basal machinery : Basal machinery,3,4_2_1,3,TF_NonTF_NonTF,1,8
021D,Feed-Forward,021D-N0P000,3,Input_Output_Middle,1,1,1,Global regulator : Basal machinery : Global regulator,3,1_2_1,2,TF_NonTF_NonTF,1,7
021D,Feed-Forward,021D-N0P000,3,Input_Output_Middle,1,1,1,Global regulator : Basal machinery : Global regulator,3,1_2_2,2,TF_NonTF_TF,2,7
021D,Feed-Forward,021D-N0P000,3,Input_Output_Middle,1,1,1,Global regulator : Basal machinery : M2,3,1_2_3,3,TF_NonTF_TF,2,7
021D,Feed-Forward,021D-N0P000,3,Input_Output_Output,1,0,2,Global regulator : Basal machinery : M1.26,3,2_1_2,2,NonTF_NonTF_TF,1,7
021D,Feed-Forward,021D-N0P000,3,Middle_Output_Output,0,1,2,Global regulator : Basal machinery : Intermodular,3,4_1_1,2,TF_NonTF_NonTF,1,7
021D,Feed-Forward,021D-N0P000,3,Middle_Output_Output,0,1,2,Global regulator : M2 : Basal machinery,3,4_1_2,3,TF_NonTF_NonTF,1,7
021D,Feed-Forward,021D-N0P000,3,Input_Output_Middle,1,1,1,Global regulator : Basal machinery : Global regulator,3,2_1_2,2,NonTF_NonTF_TF,1,6
021D,Feed-Forward,021D-N0P000,3,Input_Output_Output,1,0,2,Global regulator : Basal machinery : Basal machinery,3,1_3_1,2,TF_NonTF_TF,2,6
021D,Feed-Forward,021D-N0P000,3,Input_Output_Output,1,0,2,Global regulator : Basal machinery : Basal machinery,3,1_3_2,3,TF_NonTF_NonTF,1,6
021D,Feed-Forward,021D-N0P000,3,Input_Output_Output,1,0,2,Global regulator : Basal machinery : Basal machinery,3,2_1_6,3,NonTF_NonTF_NonTF,0,6
021D,Feed-Forward,021D-N0P000,3,Input_Output_Output,1,0,2,Global regulator : Basal machinery : Basal machinery,3,2_3_2,2,NonTF_NonTF_NonTF,0,6
021D,Feed-Forward,021D-N0P000,3,Input_Output_Output,1,0,2,Global regulator : Basal machinery : M1.27,3,1_3_1,2,TF_NonTF_NonTF,1,6
021D,Feed-Forward,021D-N0P000,3,Input_Output_Output,1,0,2,Global regulator : Intermodular : Basal machinery,3,2_1_1,2,NonTF_NonTF_NonTF,0,6
021D,Feed-Forward,021D-N0P000,3,Input_Output_Output,1,0,2,Global regulator : M3 : Basal machinery,3,3_2_5,3,TF_NonTF_NonTF,1,6
021D,Feed-Forward,021D-N0P000,3,Middle_Output_Output,0,1,2,Global regulator : Basal machinery : Basal machinery,3,1_2_1,2,NonTF_NonTF_NonTF,0,6
021D,Feed-Forward,021D-N0P000,3,Input_Middle_Output,1,1,1,Global regulator : Global regulator : Basal machinery,3,1_3_1,2,TF_NonTF_NonTF,1,5
021D,Feed-Forward,021D-N0P000,3,Input_Output_Output,1,0,2,Global regulator : Basal machinery : M1.1,3,2_1_1,2,NonTF_NonTF_NonTF,0,5
021D,Feed-Forward,021D-N0P000,3,Input_Output_Output,1,0,2,Global regulator : Basal machinery : M1.2,3,2_1_2,2,NonTF_NonTF_NonTF,0,5
021D,Feed-Forward,021D-N0P000,3,Middle_Middle_Output,0,2,1,Global regulator : M1.16 : Basal machinery,3,2_3_2,2,TF_TF_NonTF,2,5
021D,Feed-Forward,021D-N0P000,3,Middle_Output_Output,0,1,2,Global regulator : Basal machinery : Basal machinery,3,4_1_1,2,TF_TF_NonTF,2,5
021D,Feed-Forward,021D-N0P000,3,Middle_Output_Output,0,1,2,Global regulator : Basal machinery : M1.3,3,4_1_2,3,TF_NonTF_NonTF,1,5
021D,Feed-Forward,021D-N0P000,3,Middle_Output_Output,0,1,2,Global regulator : M1.19 : Basal machinery,3,4_1_1,2,TF_NonTF_NonTF,1,5
021D,Feed-Forward,021D-N0P000,3,Middle_Output_Output,0,1,2,Global regulator : M1.2 : Basal machinery,3,2_3_2,2,TF_NonTF_NonTF,1,5
021D,Feed-Forward,021D-N0P000,3,Middle_Output_Output,0,1,2,Global regulator : M1.2 : Basal machinery,3,2_3_2,2,TF_TF_NonTF,2,5
021D,Feed-Forward,021D-N0P000,3,Middle_Output_Output,0,1,2,Global regulator : M11 : Basal machinery,3,4_1_2,3,TF_TF_NonTF,2,5
021D,Feed-Forward,021D-N0P000,3,Middle_Output_Output,0,1,2,Global regulator : M24 : Basal machinery,3,4_1_2,3,TF_NonTF_NonTF,1,5
021D,Feed-Forward,021D-N0P000,3,Input_Middle_Output,1,1,1,Global regulator : Global regulator : Basal machinery,3,1_4_1,2,TF_TF_TF,3,4
021D,Feed-Forward,021D-N0P000,3,Input_Middle_Output,1,1,1,Global regulator : M1.3 : Basal machinery,3,2_6_2,2,NonTF_NonTF_NonTF,0,4
021D,Feed-Forward,021D-N0P000,3,Input_Output_Middle,1,1,1,Global regulator : Basal machinery : M1.1,3,2_3_1,3,NonTF_NonTF_TF,1,4
021D,Feed-Forward,021D-N0P000,3,Input_Output_Middle,1,1,1,Global regulator : Intermodular : Global regulator,3,1_2_1,2,TF_NonTF_TF,2,4
021D,Feed-Forward,021D-N0P000,3,Input_Output_Output,1,0,2,Global regulator : Basal machinery : Basal machinery,3,1_3_1,2,TF_TF_TF,3,4
021D,Feed-Forward,021D-N0P000,3,Input_Output_Output,1,0,2,Global regulator : Basal machinery : Basal machinery,3,3_1_3,2,TF_NonTF_NonTF,1,4
021D,Feed-Forward,021D-N0P000,3,Input_Output_Output,1,0,2,Global regulator : Basal machinery : Intermodular,3,1_3_1,2,TF_TF_NonTF,2,4
021D,Feed-Forward,021D-N0P000,3,Input_Output_Output,1,0,2,Global regulator : Intermodular : Basal machinery,3,1_2_1,2,TF_NonTF_TF,2,4
021D,Feed-Forward,021D-N0P000,3,Input_Output_Output,1,0,2,Global regulator : Intermodular : Intermodular,3,1_2_1,2,TF_NonTF_NonTF,1,4
021D,Feed-Forward,021D-N0P000,3,Input_Output_Output,1,0,2,Global regulator : M1.39 : Basal machinery,3,1_2_1,2,TF_NonTF_TF,2,4
021D,Feed-Forward,021D-N0P000,3,Input_Output_Output,1,0,2,Global regulator : M1.39 : Intermodular,3,1_2_1,2,TF_NonTF_NonTF,1,4
021D,Feed-Forward,021D-N0P000,3,Input_Output_Output,1,0,2,Global regulator : M1.7 : Basal machinery,3,1_2_1,2,TF_NonTF_TF,2,4
021D,Feed-Forward,021D-N0P000,3,Input_Output_Output,1,0,2,Global regulator : M1.7 : Intermodular,3,1_2_1,2,TF_NonTF_NonTF,1,4
021D,Feed-Forward,021D-N0P000,3,Input_Output_Output,1,0,2,Global regulator : M2 : Basal machinery,3,2_1_2,2,NonTF_NonTF_NonTF,0,4
021D,Feed-Forward,021D-N0P000,3,Input_Output_Output,1,0,2,Global regulator : M5 : Basal machinery,3,2_1_2,2,NonTF_NonTF_NonTF,0,4
021D,Feed-Forward,021D-N0P000,3,Middle_Output_Output,0,1,2,Global regulator : Intermodular : Basal machinery,3,4_1_2,3,TF_NonTF_NonTF,1,4
021D,Feed-Forward,021D-N0P000,3,Middle_Output_Output,0,1,2,Global regulator : M1.1 : Basal machinery,3,4_1_1,2,TF_NonTF_NonTF,1,4
021D,Feed-Forward,021D-N0P000,3,Middle_Output_Output,0,1,2,Global regulator : M14 : Basal machinery,3,2_3_2,2,TF_NonTF_NonTF,1,4
021D,Feed-Forward,021D-N0P000,3,Input_Middle_Middle,1,2,0,Global regulator : Global regulator : Global regulator,3,1_4_1,2,TF_TF_TF,3,3
021D,Feed-Forward,021D-N0P000,3,Input_Middle_Output,1,1,1,Global regulator : Global regulator : Basal machinery,3,1_4_2,3,TF_TF_NonTF,2,3
021D,Feed-Forward,021D-N0P000,3,Input_Middle_Output,1,1,1,Global regulator : Global regulator : M17,3,1_4_1,2,TF_TF_NonTF,2,3
021D,Feed-Forward,021D-N0P000,3,Input_Middle_Output,1,1,1,Global regulator : M1.3 : Basal machinery,3,2_6_1,3,NonTF_NonTF_NonTF,0,3
021D,Feed-Forward,021D-N0P000,3,Input_Output_Middle,1,1,1,Global regulator : Basal machinery : Global regulator,3,1_3_1,2,TF_TF_TF,3,3
021D,Feed-Forward,021D-N0P000,3,Input_Output_Middle,1,1,1,Global regulator : Basal machinery : M1.1,3,1_3_1,2,TF_NonTF_TF,2,3
021D,Feed-Forward,021D-N0P000,3,Input_Output_Middle,1,1,1,Global regulator : Basal machinery : M1.13,3,1_2_1,2,TF_NonTF_TF,2,3
021D,Feed-Forward,021D-N0P000,3,Input_Output_Middle,1,1,1,Global regulator : Basal machinery : M1.36,3,1_3_1,2,TF_NonTF_NonTF,1,3
021D,Feed-Forward,021D-N0P000,3,Input_Output_Middle,1,1,1,Global regulator : Intermodular : Global regulator,3,2_1_1,2,NonTF_NonTF_TF,1,3
021D,Feed-Forward,021D-N0P000,3,Input_Output_Middle,1,1,1,Global regulator : Intermodular : M1.1,3,2_1_1,2,NonTF_NonTF_TF,1,3
021D,Feed-Forward,021D-N0P000,3,Input_Output_Middle,1,1,1,Global regulator : Intermodular : M16,3,2_1_2,2,NonTF_NonTF_TF,1,3
021D,Feed-Forward,021D-N0P000,3,Input_Output_Middle,1,1,1,Global regulator : M1.7 : Global regulator,3,1_2_1,2,TF_NonTF_TF,2,3
021D,Feed-Forward,021D-N0P000,3,Input_Output_Output,1,0,2,Global regulator : Basal machinery : Basal machinery,3,1_3_2,3,TF_TF_NonTF,2,3
021D,Feed-Forward,021D-N0P000,3,Input_Output_Output,1,0,2,Global regulator : Basal machinery : Basal machinery,3,2_1_1,2,NonTF_TF_NonTF,1,3
021D,Feed-Forward,021D-N0P000,3,Input_Output_Output,1,0,2,Global regulator : Basal machinery : Basal machinery,3,2_1_1,2,TF_NonTF_NonTF,1,3
021D,Feed-Forward,021D-N0P000,3,Input_Output_Output,1,0,2,Global regulator : Basal machinery : Basal machinery,3,2_3_1,3,NonTF_NonTF_NonTF,0,3
021D,Feed-Forward,021D-N0P000,3,Input_Output_Output,1,0,2,Global regulator : Basal machinery : Basal machinery,3,2_3_1,3,NonTF_TF_NonTF,1,3
021D,Feed-Forward,021D-N0P000,3,Input_Output_Output,1,0,2,Global regulator : Basal machinery : Basal machinery,3,2_4_2,2,NonTF_NonTF_NonTF,0,3
021D,Feed-Forward,021D-N0P000,3,Input_Output_Output,1,0,2,Global regulator : Basal machinery : M1.1,3,1_3_1,2,TF_TF_NonTF,2,3
021D,Feed-Forward,021D-N0P000,3,Input_Output_Output,1,0,2,Global regulator : Basal machinery : M17,3,1_3_1,2,TF_TF_NonTF,2,3
021D,Feed-Forward,021D-N0P000,3,Input_Output_Output,1,0,2,Global regulator : Basal machinery : M27,3,2_1_2,2,NonTF_NonTF_NonTF,0,3
021D,Feed-Forward,021D-N0P000,3,Input_Output_Output,1,0,2,Global regulator : Intermodular : Basal machinery,3,1_2_2,2,TF_NonTF_NonTF,1,3
021D,Feed-Forward,021D-N0P000,3,Input_Output_Output,1,0,2,Global regulator : Intermodular : Intermodular,3,2_1_1,2,NonTF_NonTF_TF,1,3
021D,Feed-Forward,021D-N0P000,3,Input_Output_Output,1,0,2,Global regulator : Intermodular : M1.1,3,1_2_1,2,TF_NonTF_NonTF,1,3
021D,Feed-Forward,021D-N0P000,3,Input_Output_Output,1,0,2,Global regulator : Intermodular : M17,3,1_2_1,2,TF_NonTF_NonTF,1,3
021D,Feed-Forward,021D-N0P000,3,Input_Output_Output,1,0,2,Global regulator : M1.16 : Basal machinery,3,1_2_1,2,TF_NonTF_TF,2,3
021D,Feed-Forward,021D-N0P000,3,Input_Output_Output,1,0,2,Global regulator : M1.16 : Basal machinery,3,1_2_2,2,TF_NonTF_NonTF,1,3
021D,Feed-Forward,021D-N0P000,3,Input_Output_Output,1,0,2,Global regulator : M1.16 : Intermodular,3,1_2_1,2,TF_NonTF_NonTF,1,3
021D,Feed-Forward,021D-N0P000,3,Input_Output_Output,1,0,2,Global regulator : M1.16 : M17,3,1_2_1,2,TF_NonTF_NonTF,1,3
021D,Feed-Forward,021D-N0P000,3,Input_Output_Output,1,0,2,Global regulator : M1.22 : Basal machinery,3,1_2_1,2,TF_NonTF_TF,2,3
021D,Feed-Forward,021D-N0P000,3,Input_Output_Output,1,0,2,Global regulator : M1.22 : Basal machinery,3,1_2_2,2,TF_NonTF_NonTF,1,3
021D,Feed-Forward,021D-N0P000,3,Input_Output_Output,1,0,2,Global regulator : M1.22 : Intermodular,3,1_2_1,2,TF_NonTF_NonTF,1,3
021D,Feed-Forward,021D-N0P000,3,Input_Output_Output,1,0,2,Global regulator : M1.22 : M17,3,1_2_1,2,TF_NonTF_NonTF,1,3
021D,Feed-Forward,021D-N0P000,3,Input_Output_Output,1,0,2,Global regulator : M1.39 : Basal machinery,3,1_2_2,2,TF_NonTF_NonTF,1,3
021D,Feed-Forward,021D-N0P000,3,Input_Output_Output,1,0,2,Global regulator : M1.39 : M17,3,1_2_1,2,TF_NonTF_NonTF,1,3
021D,Feed-Forward,021D-N0P000,3,Input_Output_Output,1,0,2,Global regulator : M1.7 : Basal machinery,3,1_2_2,2,TF_NonTF_NonTF,1,3
021D,Feed-Forward,021D-N0P000,3,Input_Output_Output,1,0,2,Global regulator : M1.7 : M1.1,3,1_2_1,2,TF_NonTF_NonTF,1,3
021D,Feed-Forward,021D-N0P000,3,Input_Output_Output,1,0,2,Global regulator : M1.7 : M17,3,1_2_1,2,TF_NonTF_NonTF,1,3
021D,Feed-Forward,021D-N0P000,3,Input_Output_Output,1,0,2,Global regulator : M19 : Intermodular,3,1_2_1,2,TF_NonTF_NonTF,1,3
021D,Feed-Forward,021D-N0P000,3,Input_Output_Output,1,0,2,Global regulator : M2 : Basal machinery,3,2_1_1,2,NonTF_NonTF_NonTF,0,3
021D,Feed-Forward,021D-N0P000,3,Input_Output_Output,1,0,2,Global regulator : M5 : Basal machinery,3,2_1_1,2,NonTF_NonTF_NonTF,0,3
021D,Feed-Forward,021D-N0P000,3,Middle_Middle_Output,0,2,1,Global regulator : Global regulator : Basal machinery,3,4_1_1,2,TF_TF_NonTF,2,3
021D,Feed-Forward,021D-N0P000,3,Middle_Middle_Output,0,2,1,Global regulator : Global regulator : Basal machinery,3,4_5_2,3,TF_TF_NonTF,2,3
021D,Feed-Forward,021D-N0P000,3,Middle_Output_Output,0,1,2,Global regulator : Basal machinery : Basal machinery,3,2_1_25,3,TF_NonTF_NonTF,1,3
021D,Feed-Forward,021D-N0P000,3,Middle_Output_Output,0,1,2,Global regulator : Basal machinery : Basal machinery,3,3_1_2,3,TF_NonTF_NonTF,1,3
021D,Feed-Forward,021D-N0P000,3,Middle_Output_Output,0,1,2,Global regulator : M2 : Basal machinery,3,4_1_1,2,TF_NonTF_NonTF,1,3
021D,Feed-Forward,021D-N0P000,3,Input_Middle_Output,1,1,1,Global regulator : Global regulator : Basal machinery,3,1_3_2,3,TF_NonTF_NonTF,1,2
021D,Feed-Forward,021D-N0P000,3,Input_Middle_Output,1,1,1,Global regulator : Global regulator : Intermodular,3,1_4_1,2,TF_TF_NonTF,2,2
021D,Feed-Forward,021D-N0P000,3,Input_Middle_Output,1,1,1,Global regulator : Global regulator : M1.1,3,1_4_1,2,TF_TF_NonTF,2,2
021D,Feed-Forward,021D-N0P000,3,Input_Middle_Output,1,1,1,Global regulator : Global regulator : M1.27,3,1_3_1,2,TF_NonTF_NonTF,1,2
021D,Feed-Forward,021D-N0P000,3,Input_Middle_Output,1,1,1,Global regulator : Global regulator : M1.27,3,1_4_1,2,TF_TF_NonTF,2,2
021D,Feed-Forward,021D-N0P000,3,Input_Output_Middle,1,1,1,Global regulator : Basal machinery : Global regulator,3,2_3_1,3,NonTF_NonTF_TF,1,2
021D,Feed-Forward,021D-N0P000,3,Input_Output_Middle,1,1,1,Global regulator : Basal machinery : M16,3,2_3_2,2,NonTF_NonTF_TF,1,2
021D,Feed-Forward,021D-N0P000,3,Input_Output_Middle,1,1,1,Global regulator : Intermodular : Global regulator,3,2_1_5,3,NonTF_NonTF_TF,1,2
021D,Feed-Forward,021D-N0P000,3,Input_Output_Middle,1,1,1,Global regulator : M1.16 : Global regulator,3,1_2_1,2,TF_NonTF_TF,2,2
021D,Feed-Forward,021D-N0P000,3,Input_Output_Middle,1,1,1,Global regulator : M1.22 : Global regulator,3,1_2_1,2,TF_NonTF_TF,2,2
021D,Feed-Forward,021D-N0P000,3,Input_Output_Middle,1,1,1,Global regulator : M1.39 : Global regulator,3,1_2_1,2,TF_NonTF_TF,2,2
021D,Feed-Forward,021D-N0P000,3,Input_Output_Output,1,0,2,Global regulator : Basal machinery : Basal machinery,3,1_6_1,2,TF_NonTF_TF,2,2
021D,Feed-Forward,021D-N0P000,3,Input_Output_Output,1,0,2,Global regulator : Basal machinery : Basal machinery,3,1_6_2,3,TF_NonTF_NonTF,1,2
021D,Feed-Forward,021D-N0P000,3,Input_Output_Output,1,0,2,Global regulator : Basal machinery : Basal machinery,3,2_1_2,2,TF_NonTF_NonTF,1,2
021D,Feed-Forward,021D-N0P000,3,Input_Output_Output,1,0,2,Global regulator : Basal machinery : Basal machinery,3,2_4_1,3,NonTF_NonTF_NonTF,0,2
021D,Feed-Forward,021D-N0P000,3,Input_Output_Output,1,0,2,Global regulator : Basal machinery : Basal machinery,3,3_1_1,2,TF_NonTF_TF,2,2
021D,Feed-Forward,021D-N0P000,3,Input_Output_Output,1,0,2,Global regulator : Basal machinery : Intermodular,3,2_3_1,3,NonTF_NonTF_TF,1,2
021D,Feed-Forward,021D-N0P000,3,Input_Output_Output,1,0,2,Global regulator : Basal machinery : M1.14,3,2_3_2,2,NonTF_NonTF_NonTF,0,2
021D,Feed-Forward,021D-N0P000,3,Input_Output_Output,1,0,2,Global regulator : Basal machinery : M1.18,3,3_1_3,2,TF_NonTF_NonTF,1,2
021D,Feed-Forward,021D-N0P000,3,Input_Output_Output,1,0,2,Global regulator : Basal machinery : M1.19,3,1_2_1,2,TF_NonTF_NonTF,1,2
021D,Feed-Forward,021D-N0P000,3,Input_Output_Output,1,0,2,Global regulator : Basal machinery : M1.27,3,1_3_1,2,TF_TF_NonTF,2,2
021D,Feed-Forward,021D-N0P000,3,Input_Output_Output,1,0,2,Global regulator : Basal machinery : M1.27,3,1_6_1,2,TF_NonTF_NonTF,1,2
021D,Feed-Forward,021D-N0P000,3,Input_Output_Output,1,0,2,Global regulator : Basal machinery : M28,3,2_1_6,3,NonTF_NonTF_NonTF,0,2
021D,Feed-Forward,021D-N0P000,3,Input_Output_Output,1,0,2,Global regulator : Intermodular : Basal machinery,3,1_3_1,2,TF_NonTF_TF,2,2
021D,Feed-Forward,021D-N0P000,3,Input_Output_Output,1,0,2,Global regulator : Intermodular : Basal machinery,3,1_3_2,3,TF_NonTF_NonTF,1,2
021D,Feed-Forward,021D-N0P000,3,Input_Output_Output,1,0,2,Global regulator : Intermodular : Basal machinery,3,3_1_3,2,TF_NonTF_NonTF,1,2
021D,Feed-Forward,021D-N0P000,3,Input_Output_Output,1,0,2,Global regulator : Intermodular : Intermodular,3,2_1_1,2,NonTF_NonTF_NonTF,0,2
021D,Feed-Forward,021D-N0P000,3,Input_Output_Output,1,0,2,Global regulator : Intermodular : M1.14,3,2_1_2,2,NonTF_NonTF_NonTF,0,2
021D,Feed-Forward,021D-N0P000,3,Input_Output_Output,1,0,2,Global regulator : Intermodular : M1.26,3,2_1_2,2,NonTF_NonTF_TF,1,2
021D,Feed-Forward,021D-N0P000,3,Input_Output_Output,1,0,2,Global regulator : Intermodular : M1.27,3,1_2_1,2,TF_NonTF_NonTF,1,2
021D,Feed-Forward,021D-N0P000,3,Input_Output_Output,1,0,2,Global regulator : Intermodular : M1.27,3,1_3_1,2,TF_NonTF_NonTF,1,2
021D,Feed-Forward,021D-N0P000,3,Input_Output_Output,1,0,2,Global regulator : Intermodular : M16,3,2_1_1,2,NonTF_NonTF_NonTF,0,2
021D,Feed-Forward,021D-N0P000,3,Input_Output_Output,1,0,2,Global regulator : Intermodular : M24,3,2_1_1,2,NonTF_NonTF_NonTF,0,2
021D,Feed-Forward,021D-N0P000,3,Input_Output_Output,1,0,2,Global regulator : Intermodular : M5,3,2_1_2,2,NonTF_NonTF_NonTF,0,2
021D,Feed-Forward,021D-N0P000,3,Input_Output_Output,1,0,2,Global regulator : M1.16 : M1.27,3,1_2_1,2,TF_NonTF_NonTF,1,2
021D,Feed-Forward,021D-N0P000,3,Input_Output_Output,1,0,2,Global regulator : M1.22 : M1.27,3,1_2_1,2,TF_NonTF_NonTF,1,2
021D,Feed-Forward,021D-N0P000,3,Input_Output_Output,1,0,2,Global regulator : M1.39 : M1.27,3,1_2_1,2,TF_NonTF_NonTF,1,2
021D,Feed-Forward,021D-N0P000,3,Input_Output_Output,1,0,2,Global regulator : M1.7 : M1.27,3,1_2_1,2,TF_NonTF_NonTF,1,2
021D,Feed-Forward,021D-N0P000,3,Input_Output_Output,1,0,2,Global regulator : M19 : Basal machinery,3,1_2_1,2,TF_NonTF_TF,2,2
021D,Feed-Forward,021D-N0P000,3,Input_Output_Output,1,0,2,Global regulator : M19 : Basal machinery,3,1_2_2,2,TF_NonTF_NonTF,1,2
021D,Feed-Forward,021D-N0P000,3,Input_Output_Output,1,0,2,Global regulator : M19 : M1.27,3,1_2_1,2,TF_NonTF_NonTF,1,2
021D,Feed-Forward,021D-N0P000,3,Middle_Middle_Output,0,2,1,Global regulator : Global regulator : Basal machinery,3,4_1_2,3,TF_NonTF_NonTF,1,2
021D,Feed-Forward,021D-N0P000,3,Middle_Output_Middle,0,2,1,Global regulator : Basal machinery : Global regulator,3,4_2_2,2,TF_NonTF_TF,2,2
021D,Feed-Forward,021D-N0P000,3,Middle_Output_Middle,0,2,1,Global regulator : M1.1 : Global regulator,3,4_1_2,3,TF_NonTF_TF,2,2
021D,Feed-Forward,021D-N0P000,3,Middle_Output_Output,0,1,2,Global regulator : Basal machinery : Basal machinery,3,4_2_4,2,TF_NonTF_NonTF,1,2
021D,Feed-Forward,021D-N0P000,3,Middle_Output_Output,0,1,2,Global regulator : Basal machinery : Basal machinery,3,4_6_2,3,TF_NonTF_NonTF,1,2
021D,Feed-Forward,021D-N0P000,3,Middle_Output_Output,0,1,2,Global regulator : Basal machinery : Intermodular,3,4_2_1,3,TF_NonTF_NonTF,1,2
021D,Feed-Forward,021D-N0P000,3,Middle_Output_Output,0,1,2,Global regulator : Basal machinery : M1.20,3,2_1_2,2,TF_NonTF_NonTF,1,2
021D,Feed-Forward,021D-N0P000,3,Middle_Output_Output,0,1,2,Global regulator : Basal machinery : M1.6,3,4_2_2,2,TF_NonTF_NonTF,1,2
021D,Feed-Forward,021D-N0P000,3,Middle_Output_Output,0,1,2,Global regulator : Basal machinery : nan,3,1_2_1,2,TF_NonTF_NonTF,1,2
021D,Feed-Forward,021D-N0P000,3,Middle_Output_Output,0,1,2,Global regulator : Intermodular : Basal machinery,3,4_1_1,2,TF_NonTF_NonTF,1,2
021D,Feed-Forward,021D-N0P000,3,Middle_Output_Output,0,1,2,Global regulator : M1.16 : Basal machinery,3,2_1_2,2,TF_NonTF_NonTF,1,2
021D,Feed-Forward,021D-N0P000,3,Middle_Output_Output,0,1,2,Global regulator : M1.28 : Basal machinery,3,4_1_2,3,TF_NonTF_NonTF,1,2
021D,Feed-Forward,021D-N0P000,3,Middle_Output_Output,0,1,2,Global regulator : M23 : Basal machinery,3,2_1_2,2,NonTF_NonTF_NonTF,0,2
021D,Feed-Forward,021D-N0P000,3,Input_Middle_Middle,1,2,0,Global regulator : Global regulator : Global regulator,3,1_4_1,2,TF_TF_NonTF,2,1
021D,Feed-Forward,021D-N0P000,3,Input_Middle_Middle,1,2,0,Global regulator : Global regulator : Global regulator,3,1_4_2,3,TF_TF_TF,3,1
021D,Feed-Forward,021D-N0P000,3,Input_Middle_Middle,1,2,0,Global regulator : Global regulator : M1.1,3,1_4_1,2,TF_TF_TF,3,1
021D,Feed-Forward,021D-N0P000,3,Input_Middle_Middle,1,2,0,Global regulator : Global regulator : M1.13,3,1_4_1,2,TF_TF_TF,3,1
021D,Feed-Forward,021D-N0P000,3,Input_Middle_Middle,1,2,0,Global regulator : Global regulator : M1.36,3,1_3_1,2,TF_NonTF_NonTF,1,1
021D,Feed-Forward,021D-N0P000,3,Input_Middle_Middle,1,2,0,Global regulator : Global regulator : M1.36,3,1_4_1,2,TF_TF_NonTF,2,1
021D,Feed-Forward,021D-N0P000,3,Input_Middle_Middle,1,2,0,Global regulator : Global regulator : M7,3,1_4_1,2,TF_TF_NonTF,2,1
021D,Feed-Forward,021D-N0P000,3,Input_Middle_Middle,1,2,0,Global regulator : M1.3 : Global regulator,3,2_6_1,3,NonTF_NonTF_TF,1,1
021D,Feed-Forward,021D-N0P000,3,Input_Middle_Middle,1,2,0,Global regulator : M1.3 : Global regulator,3,2_6_5,3,NonTF_NonTF_TF,1,1
021D,Feed-Forward,021D-N0P000,3,Input_Middle_Middle,1,2,0,Global regulator : M1.3 : M1.1,3,2_6_1,3,NonTF_NonTF_TF,1,1
021D,Feed-Forward,021D-N0P000,3,Input_Middle_Middle,1,2,0,Global regulator : M1.3 : M16,3,2_6_2,2,NonTF_NonTF_TF,1,1
021D,Feed-Forward,021D-N0P000,3,Input_Middle_Middle,1,2,0,Global regulator : M1.39 : M1.36,3,1_2_1,2,TF_NonTF_NonTF,1,1
021D,Feed-Forward,021D-N0P000,3,Input_Middle_Output,1,1,1,Global regulator : Global regulator : Intermodular,3,1_4_1,2,TF_TF_TF,3,1
021D,Feed-Forward,021D-N0P000,3,Input_Middle_Output,1,1,1,Global regulator : Global regulator : M1.1,3,1_4_3,3,TF_TF_NonTF,2,1
021D,Feed-Forward,021D-N0P000,3,Input_Middle_Output,1,1,1,Global regulator : Global regulator : M1.11,3,1_4_1,2,TF_TF_NonTF,2,1
021D,Feed-Forward,021D-N0P000,3,Input_Middle_Output,1,1,1,Global regulator : Global regulator : M1.16,3,1_4_1,2,TF_TF_NonTF,2,1
021D,Feed-Forward,021D-N0P000,3,Input_Middle_Output,1,1,1,Global regulator : Global regulator : M1.28,3,1_4_1,2,TF_TF_NonTF,2,1
021D,Feed-Forward,021D-N0P000,3,Input_Middle_Output,1,1,1,Global regulator : Global regulator : M1.33,3,1_4_1,2,TF_TF_NonTF,2,1
021D,Feed-Forward,021D-N0P000,3,Input_Middle_Output,1,1,1,Global regulator : Global regulator : M1.7,3,1_4_1,2,TF_TF_NonTF,2,1
021D,Feed-Forward,021D-N0P000,3,Input_Middle_Output,1,1,1,Global regulator : Global regulator : M14,3,1_4_1,2,TF_TF_NonTF,2,1
021D,Feed-Forward,021D-N0P000,3,Input_Middle_Output,1,1,1,Global regulator : Global regulator : M16,3,1_4_1,2,TF_TF_NonTF,2,1
021D,Feed-Forward,021D-N0P000,3,Input_Middle_Output,1,1,1,Global regulator : Global regulator : nan,3,1_4_1,2,TF_TF_NonTF,2,1
021D,Feed-Forward,021D-N0P000,3,Input_Middle_Output,1,1,1,Global regulator : M1.3 : Intermodular,3,2_6_1,3,NonTF_NonTF_NonTF,0,1
021D,Feed-Forward,021D-N0P000,3,Input_Middle_Output,1,1,1,Global regulator : M1.3 : Intermodular,3,2_6_1,3,NonTF_NonTF_TF,1,1
021D,Feed-Forward,021D-N0P000,3,Input_Middle_Output,1,1,1,Global regulator : M1.3 : M1.14,3,2_6_2,2,NonTF_NonTF_NonTF,0,1
021D,Feed-Forward,021D-N0P000,3,Input_Middle_Output,1,1,1,Global regulator : M1.3 : M16,3,2_6_1,3,NonTF_NonTF_NonTF,0,1
021D,Feed-Forward,021D-N0P000,3,Input_Middle_Output,1,1,1,Global regulator : M1.3 : M24,3,2_6_1,3,NonTF_NonTF_NonTF,0,1
021D,Feed-Forward,021D-N0P000,3,Input_Middle_Output,1,1,1,Global regulator : M1.3 : M5,3,2_6_2,2,NonTF_NonTF_NonTF,0,1
021D,Feed-Forward,021D-N0P000,3,Input_Middle_Output,1,1,1,Global regulator : M1.39 : Basal machinery,3,1_2_1,2,TF_NonTF_NonTF,1,1
021D,Feed-Forward,021D-N0P000,3,Input_Output_Middle,1,1,1,Global regulator : Basal machinery : Global regulator,3,1_3_1,2,TF_TF_NonTF,2,1
021D,Feed-Forward,021D-N0P000,3,Input_Output_Middle,1,1,1,Global regulator : Basal machinery : Global regulator,3,1_3_2,3,TF_TF_TF,3,1
021D,Feed-Forward,021D-N0P000,3,Input_Output_Middle,1,1,1,Global regulator : Basal machinery : Global regulator,3,1_3_5,3,TF_TF_TF,3,1
021D,Feed-Forward,021D-N0P000,3,Input_Output_Middle,1,1,1,Global regulator : Basal machinery : Global regulator,3,2_1_1,2,NonTF_TF_TF,2,1
021D,Feed-Forward,021D-N0P000,3,Input_Output_Middle,1,1,1,Global regulator : Basal machinery : Global regulator,3,2_1_2,2,NonTF_TF_TF,2,1
021D,Feed-Forward,021D-N0P000,3,Input_Output_Middle,1,1,1,Global regulator : Basal machinery : Global regulator,3,2_1_5,3,NonTF_TF_TF,2,1
021D,Feed-Forward,021D-N0P000,3,Input_Output_Middle,1,1,1,Global regulator : Basal machinery : Global regulator,3,2_3_1,3,NonTF_TF_TF,2,1
021D,Feed-Forward,021D-N0P000,3,Input_Output_Middle,1,1,1,Global regulator : Basal machinery : Global regulator,3,2_3_2,2,NonTF_TF_TF,2,1
021D,Feed-Forward,021D-N0P000,3,Input_Output_Middle,1,1,1,Global regulator : Basal machinery : Global regulator,3,2_3_5,3,NonTF_NonTF_TF,1,1
021D,Feed-Forward,021D-N0P000,3,Input_Output_Middle,1,1,1,Global regulator : Basal machinery : Global regulator,3,2_3_5,3,NonTF_TF_TF,2,1
021D,Feed-Forward,021D-N0P000,3,Input_Output_Middle,1,1,1,Global regulator : Basal machinery : Global regulator,3,2_4_1,3,NonTF_NonTF_TF,1,1
021D,Feed-Forward,021D-N0P000,3,Input_Output_Middle,1,1,1,Global regulator : Basal machinery : Global regulator,3,2_4_5,3,NonTF_NonTF_TF,1,1
021D,Feed-Forward,021D-N0P000,3,Input_Output_Middle,1,1,1,Global regulator : Basal machinery : M1.1,3,1_3_1,2,TF_TF_TF,3,1
021D,Feed-Forward,021D-N0P000,3,Input_Output_Middle,1,1,1,Global regulator : Basal machinery : M1.1,3,1_6_1,2,TF_NonTF_TF,2,1
021D,Feed-Forward,021D-N0P000,3,Input_Output_Middle,1,1,1,Global regulator : Basal machinery : M1.1,3,2_1_1,2,NonTF_TF_TF,2,1
021D,Feed-Forward,021D-N0P000,3,Input_Output_Middle,1,1,1,Global regulator : Basal machinery : M1.1,3,2_3_1,3,NonTF_TF_TF,2,1
021D,Feed-Forward,021D-N0P000,3,Input_Output_Middle,1,1,1,Global regulator : Basal machinery : M1.1,3,2_4_1,3,NonTF_NonTF_TF,1,1
021D,Feed-Forward,021D-N0P000,3,Input_Output_Middle,1,1,1,Global regulator : Basal machinery : M1.36,3,1_3_1,2,TF_TF_NonTF,2,1
021D,Feed-Forward,021D-N0P000,3,Input_Output_Middle,1,1,1,Global regulator : Basal machinery : M1.36,3,1_6_1,2,TF_NonTF_NonTF,1,1
021D,Feed-Forward,021D-N0P000,3,Input_Output_Middle,1,1,1,Global regulator : Basal machinery : M16,3,2_1_2,2,NonTF_TF_TF,2,1
021D,Feed-Forward,021D-N0P000,3,Input_Output_Middle,1,1,1,Global regulator : Basal machinery : M16,3,2_3_2,2,NonTF_TF_TF,2,1
021D,Feed-Forward,021D-N0P000,3,Input_Output_Middle,1,1,1,Global regulator : Basal machinery : M16,3,2_4_2,2,NonTF_NonTF_TF,1,1
021D,Feed-Forward,021D-N0P000,3,Input_Output_Middle,1,1,1,Global regulator : Basal machinery : M2,3,1_3_3,2,TF_TF_TF,3,1
021D,Feed-Forward,021D-N0P000,3,Input_Output_Middle,1,1,1,Global regulator : Basal machinery : M7,3,1_3_1,2,TF_TF_NonTF,2,1
021D,Feed-Forward,021D-N0P000,3,Input_Output_Middle,1,1,1,Global regulator : Global regulator : M1.36,3,1_2_1,2,TF_NonTF_NonTF,1,1
021D,Feed-Forward,021D-N0P000,3,Input_Output_Middle,1,1,1,Global regulator : Intermodular : Global regulator,3,1_2_1,2,TF_NonTF_NonTF,1,1
021D,Feed-Forward,021D-N0P000,3,Input_Output_Middle,1,1,1,Global regulator : Intermodular : Global regulator,3,1_2_2,2,TF_NonTF_TF,2,1
021D,Feed-Forward,021D-N0P000,3,Input_Output_Middle,1,1,1,Global regulator : Intermodular : Global regulator,3,1_2_5,3,TF_NonTF_TF,2,1
021D,Feed-Forward,021D-N0P000,3,Input_Output_Middle,1,1,1,Global regulator : Intermodular : Global regulator,3,2_1_2,2,NonTF_NonTF_TF,1,1
021D,Feed-Forward,021D-N0P000,3,Input_Output_Middle,1,1,1,Global regulator : Intermodular : M1.1,3,1_2_1,2,TF_NonTF_TF,2,1
021D,Feed-Forward,021D-N0P000,3,Input_Output_Middle,1,1,1,Global regulator : Intermodular : M1.1,3,1_3_1,2,TF_NonTF_TF,2,1
021D,Feed-Forward,021D-N0P000,3,Input_Output_Middle,1,1,1,Global regulator : Intermodular : M1.13,3,1_2_1,2,TF_NonTF_TF,2,1
021D,Feed-Forward,021D-N0P000,3,Input_Output_Middle,1,1,1,Global regulator : Intermodular : M1.36,3,1_2_1,2,TF_NonTF_NonTF,1,1
021D,Feed-Forward,021D-N0P000,3,Input_Output_Middle,1,1,1,Global regulator : Intermodular : M1.36,3,1_3_1,2,TF_NonTF_NonTF,1,1
021D,Feed-Forward,021D-N0P000,3,Input_Output_Middle,1,1,1,Global regulator : Intermodular : M2,3,1_2_3,3,TF_NonTF_TF,2,1
021D,Feed-Forward,021D-N0P000,3,Input_Output_Middle,1,1,1,Global regulator : Intermodular : M7,3,1_2_1,2,TF_NonTF_NonTF,1,1
021D,Feed-Forward,021D-N0P000,3,Input_Output_Middle,1,1,1,Global regulator : M1.16 : Global regulator,3,1_2_5,3,TF_NonTF_TF,2,1
021D,Feed-Forward,021D-N0P000,3,Input_Output_Middle,1,1,1,Global regulator : M1.16 : M1.1,3,1_2_1,2,TF_NonTF_TF,2,1
021D,Feed-Forward,021D-N0P000,3,Input_Output_Middle,1,1,1,Global regulator : M1.16 : M1.36,3,1_2_1,2,TF_NonTF_NonTF,1,1
021D,Feed-Forward,021D-N0P000,3,Input_Output_Middle,1,1,1,Global regulator : M1.22 : Global regulator,3,1_2_5,3,TF_NonTF_TF,2,1
021D,Feed-Forward,021D-N0P000,3,Input_Output_Middle,1,1,1,Global regulator : M1.22 : M1.1,3,1_2_1,2,TF_NonTF_TF,2,1
021D,Feed-Forward,021D-N0P000,3,Input_Output_Middle,1,1,1,Global regulator : M1.22 : M1.36,3,1_2_1,2,TF_NonTF_NonTF,1,1
021D,Feed-Forward,021D-N0P000,3,Input_Output_Middle,1,1,1,Global regulator : M1.39 : Global regulator,3,1_2_5,3,TF_NonTF_TF,2,1
021D,Feed-Forward,021D-N0P000,3,Input_Output_Middle,1,1,1,Global regulator : M1.39 : Global regulator,3,2_4_1,3,NonTF_NonTF_TF,1,1
021D,Feed-Forward,021D-N0P000,3,Input_Output_Middle,1,1,1,Global regulator : M1.39 : M1.1,3,1_2_1,2,TF_NonTF_TF,2,1
021D,Feed-Forward,021D-N0P000,3,Input_Output_Middle,1,1,1,Global regulator : M1.39 : M1.1,3,2_4_1,3,NonTF_NonTF_TF,1,1
021D,Feed-Forward,021D-N0P000,3,Input_Output_Middle,1,1,1,Global regulator : M1.39 : M1.36,3,1_2_1,2,TF_NonTF_NonTF,1,1
021D,Feed-Forward,021D-N0P000,3,Input_Output_Middle,1,1,1,Global regulator : M1.39 : M16,3,2_4_2,2,NonTF_NonTF_TF,1,1
021D,Feed-Forward,021D-N0P000,3,Input_Output_Middle,1,1,1,Global regulator : M1.39 : M7,3,1_2_1,2,TF_NonTF_NonTF,1,1
021D,Feed-Forward,021D-N0P000,3,Input_Output_Middle,1,1,1,Global regulator : M1.7 : Global regulator,3,1_2_1,2,TF_NonTF_NonTF,1,1
021D,Feed-Forward,021D-N0P000,3,Input_Output_Middle,1,1,1,Global regulator : M1.7 : Global regulator,3,1_2_2,2,TF_NonTF_TF,2,1
021D,Feed-Forward,021D-N0P000,3,Input_Output_Middle,1,1,1,Global regulator : M1.7 : Global regulator,3,1_2_5,3,TF_NonTF_TF,2,1
021D,Feed-Forward,021D-N0P000,3,Input_Output_Middle,1,1,1,Global regulator : M1.7 : M1.1,3,1_2_1,2,TF_NonTF_TF,2,1
021D,Feed-Forward,021D-N0P000,3,Input_Output_Middle,1,1,1,Global regulator : M1.7 : M1.1,3,2_1_1,2,NonTF_NonTF_TF,1,1
021D,Feed-Forward,021D-N0P000,3,Input_Output_Middle,1,1,1,Global regulator : M1.7 : M1.36,3,1_2_1,2,TF_NonTF_NonTF,1,1
021D,Feed-Forward,021D-N0P000,3,Input_Output_Middle,1,1,1,Global regulator : M1.7 : M2,3,1_2_3,3,TF_NonTF_TF,2,1
021D,Feed-Forward,021D-N0P000,3,Input_Output_Middle,1,1,1,Global regulator : M1.7 : M7,3,1_2_1,2,TF_NonTF_NonTF,1,1
021D,Feed-Forward,021D-N0P000,3,Input_Output_Middle,1,1,1,Global regulator : M19 : M1.1,3,1_2_1,2,TF_NonTF_TF,2,1
021D,Feed-Forward,021D-N0P000,3,Input_Output_Middle,1,1,1,Global regulator : M19 : M1.36,3,1_2_1,2,TF_NonTF_NonTF,1,1
021D,Feed-Forward,021D-N0P000,3,Input_Output_Middle,1,1,1,Global regulator : M2 : Global regulator,3,2_1_1,2,NonTF_NonTF_TF,1,1
021D,Feed-Forward,021D-N0P000,3,Input_Output_Middle,1,1,1,Global regulator : M2 : Global regulator,3,2_1_5,3,NonTF_NonTF_TF,1,1
021D,Feed-Forward,021D-N0P000,3,Input_Output_Middle,1,1,1,Global regulator : M2 : M1.1,3,2_1_1,2,NonTF_NonTF_TF,1,1
021D,Feed-Forward,021D-N0P000,3,Input_Output_Middle,1,1,1,Global regulator : M2 : M16,3,2_1_2,2,NonTF_NonTF_TF,1,1
021D,Feed-Forward,021D-N0P000,3,Input_Output_Middle,1,1,1,Global regulator : M5 : Global regulator,3,2_1_1,2,NonTF_NonTF_TF,1,1
021D,Feed-Forward,021D-N0P000,3,Input_Output_Middle,1,1,1,Global regulator : M5 : Global regulator,3,2_1_5,3,NonTF_NonTF_TF,1,1
021D,Feed-Forward,021D-N0P000,3,Input_Output_Middle,1,1,1,Global regulator : M5 : M1.1,3,2_1_1,2,NonTF_NonTF_TF,1,1
021D,Feed-Forward,021D-N0P000,3,Input_Output_Middle,1,1,1,Global regulator : M5 : M16,3,2_1_2,2,NonTF_NonTF_TF,1,1
021D,Feed-Forward,021D-N0P000,3,Input_Output_Output,1,0,2,Global regulator : Basal machinery : Intermodular,3,1_3_1,2,TF_NonTF_NonTF,1,1
021D,Feed-Forward,021D-N0P000,3,Input_Output_Output,1,0,2,Global regulator : Basal machinery : Intermodular,3,1_3_1,2,TF_NonTF_TF,2,1
021D,Feed-Forward,021D-N0P000,3,Input_Output_Output,1,0,2,Global regulator : Basal machinery : Intermodular,3,1_3_1,2,TF_TF_TF,3,1
021D,Feed-Forward,021D-N0P000,3,Input_Output_Output,1,0,2,Global regulator : Basal machinery : Intermodular,3,2_1_1,2,NonTF_TF_NonTF,1,1
021D,Feed-Forward,021D-N0P000,3,Input_Output_Output,1,0,2,Global regulator : Basal machinery : Intermodular,3,2_1_1,2,NonTF_TF_TF,2,1
021D,Feed-Forward,021D-N0P000,3,Input_Output_Output,1,0,2,Global regulator : Basal machinery : Intermodular,3,2_3_1,3,NonTF_NonTF_NonTF,0,1
021D,Feed-Forward,021D-N0P000,3,Input_Output_Output,1,0,2,Global regulator : Basal machinery : Intermodular,3,2_3_1,3,NonTF_TF_NonTF,1,1
021D,Feed-Forward,021D-N0P000,3,Input_Output_Output,1,0,2,Global regulator : Basal machinery : Intermodular,3,2_3_1,3,NonTF_TF_TF,2,1
021D,Feed-Forward,021D-N0P000,3,Input_Output_Output,1,0,2,Global regulator : Basal machinery : Intermodular,3,2_4_1,3,NonTF_NonTF_NonTF,0,1
021D,Feed-Forward,021D-N0P000,3,Input_Output_Output,1,0,2,Global regulator : Basal machinery : Intermodular,3,2_4_1,3,NonTF_NonTF_TF,1,1
021D,Feed-Forward,021D-N0P000,3,Input_Output_Output,1,0,2,Global regulator : Basal machinery : M1.1,3,1_3_1,2,TF_NonTF_NonTF,1,1
021D,Feed-Forward,021D-N0P000,3,Input_Output_Output,1,0,2,Global regulator : Basal machinery : M1.1,3,1_3_3,2,TF_TF_NonTF,2,1
021D,Feed-Forward,021D-N0P000,3,Input_Output_Output,1,0,2,Global regulator : Basal machinery : M1.1,3,2_1_1,2,NonTF_TF_NonTF,1,1
021D,Feed-Forward,021D-N0P000,3,Input_Output_Output,1,0,2,Global regulator : Basal machinery : M1.1,3,2_1_3,3,TF_NonTF_NonTF,1,1
021D,Feed-Forward,021D-N0P000,3,Input_Output_Output,1,0,2,Global regulator : Basal machinery : M1.1,3,2_3_1,3,NonTF_TF_NonTF,1,1
021D,Feed-Forward,021D-N0P000,3,Input_Output_Output,1,0,2,Global regulator : Basal machinery : M1.11,3,1_3_1,2,TF_TF_NonTF,2,1
021D,Feed-Forward,021D-N0P000,3,Input_Output_Output,1,0,2,Global regulator : Basal machinery : M1.14,3,2_1_2,2,NonTF_TF_NonTF,1,1
021D,Feed-Forward,021D-N0P000,3,Input_Output_Output,1,0,2,Global regulator : Basal machinery : M1.14,3,2_3_2,2,NonTF_TF_NonTF,1,1
021D,Feed-Forward,021D-N0P000,3,Input_Output_Output,1,0,2,Global regulator : Basal machinery : M1.14,3,2_4_2,2,NonTF_NonTF_NonTF,0,1
021D,Feed-Forward,021D-N0P000,3,Input_Output_Output,1,0,2,Global regulator : Basal machinery : M1.16,3,1_3_1,2,TF_TF_NonTF,2,1
021D,Feed-Forward,021D-N0P000,3,Input_Output_Output,1,0,2,Global regulator : Basal machinery : M1.2,3,2_1_2,2,NonTF_TF_NonTF,1,1
021D,Feed-Forward,021D-N0P000,3,Input_Output_Output,1,0,2,Global regulator : Basal machinery : M1.2,3,2_3_2,2,NonTF_TF_NonTF,1,1
021D,Feed-Forward,021D-N0P000,3,Input_Output_Output,1,0,2,Global regulator : Basal machinery : M1.26,3,2_1_2,2,NonTF_TF_TF,2,1
021D,Feed-Forward,021D-N0P000,3,Input_Output_Output,1,0,2,Global regulator : Basal machinery : M1.26,3,2_3_2,2,NonTF_TF_TF,2,1
021D,Feed-Forward,021D-N0P000,3,Input_Output_Output,1,0,2,Global regulator : Basal machinery : M1.28,3,1_3_1,2,TF_TF_NonTF,2,1
021D,Feed-Forward,021D-N0P000,3,Input_Output_Output,1,0,2,Global regulator : Basal machinery : M1.33,3,1_3_1,2,TF_TF_NonTF,2,1
021D,Feed-Forward,021D-N0P000,3,Input_Output_Output,1,0,2,Global regulator : Basal machinery : M1.7,3,1_3_1,2,TF_TF_NonTF,2,1
021D,Feed-Forward,021D-N0P000,3,Input_Output_Output,1,0,2,Global regulator : Basal machinery : M14,3,1_3_1,2,TF_TF_NonTF,2,1
021D,Feed-Forward,021D-N0P000,3,Input_Output_Output,1,0,2,Global regulator : Basal machinery : M16,3,1_3_1,2,TF_TF_NonTF,2,1
021D,Feed-Forward,021D-N0P000,3,Input_Output_Output,1,0,2,Global regulator : Basal machinery : M16,3,2_1_1,2,NonTF_TF_NonTF,1,1
021D,Feed-Forward,021D-N0P000,3,Input_Output_Output,1,0,2,Global regulator : Basal machinery : M16,3,2_3_1,3,NonTF_NonTF_NonTF,0,1
021D,Feed-Forward,021D-N0P000,3,Input_Output_Output,1,0,2,Global regulator : Basal machinery : M16,3,2_3_1,3,NonTF_TF_NonTF,1,1
021D,Feed-Forward,021D-N0P000,3,Input_Output_Output,1,0,2,Global regulator : Basal machinery : M16,3,2_4_1,3,NonTF_NonTF_NonTF,0,1
021D,Feed-Forward,021D-N0P000,3,Input_Output_Output,1,0,2,Global regulator : Basal machinery : M2,3,1_3_1,2,TF_TF_NonTF,2,1
021D,Feed-Forward,021D-N0P000,3,Input_Output_Output,1,0,2,Global regulator : Basal machinery : M24,3,2_1_1,2,NonTF_TF_NonTF,1,1
021D,Feed-Forward,021D-N0P000,3,Input_Output_Output,1,0,2,Global regulator : Basal machinery : M24,3,2_3_1,3,NonTF_TF_NonTF,1,1
021D,Feed-Forward,021D-N0P000,3,Input_Output_Output,1,0,2,Global regulator : Basal machinery : M5,3,2_1_2,2,NonTF_TF_NonTF,1,1
021D,Feed-Forward,021D-N0P000,3,Input_Output_Output,1,0,2,Global regulator : Basal machinery : M5,3,2_3_2,2,NonTF_TF_NonTF,1,1
021D,Feed-Forward,021D-N0P000,3,Input_Output_Output,1,0,2,Global regulator : Basal machinery : nan,3,1_3_1,2,TF_TF_NonTF,2,1
021D,Feed-Forward,021D-N0P000,3,Input_Output_Output,1,0,2,Global regulator : Global regulator : Basal machinery,3,1_2_1,2,TF_NonTF_NonTF,1,1
021D,Feed-Forward,021D-N0P000,3,Input_Output_Output,1,0,2,Global regulator : Intermodular : Basal machinery,3,3_1_1,2,TF_NonTF_TF,2,1
021D,Feed-Forward,021D-N0P000,3,Input_Output_Output,1,0,2,Global regulator : Intermodular : Basal machinery,3,3_1_2,3,TF_NonTF_NonTF,1,1
021D,Feed-Forward,021D-N0P000,3,Input_Output_Output,1,0,2,Global regulator : Intermodular : Intermodular,3,1_2_1,2,TF_NonTF_TF,2,1
021D,Feed-Forward,021D-N0P000,3,Input_Output_Output,1,0,2,Global regulator : Intermodular : M1.1,3,1_2_3,3,TF_NonTF_NonTF,1,1
021D,Feed-Forward,021D-N0P000,3,Input_Output_Output,1,0,2,Global regulator : Intermodular : M1.1,3,2_1_1,2,NonTF_NonTF_NonTF,0,1
021D,Feed-Forward,021D-N0P000,3,Input_Output_Output,1,0,2,Global regulator : Intermodular : M1.11,3,1_2_1,2,TF_NonTF_NonTF,1,1
021D,Feed-Forward,021D-N0P000,3,Input_Output_Output,1,0,2,Global regulator : Intermodular : M1.16,3,1_2_1,2,TF_NonTF_NonTF,1,1
021D,Feed-Forward,021D-N0P000,3,Input_Output_Output,1,0,2,Global regulator : Intermodular : M1.18,3,3_1_3,2,TF_NonTF_NonTF,1,1
021D,Feed-Forward,021D-N0P000,3,Input_Output_Output,1,0,2,Global regulator : Intermodular : M1.19,3,1_2_1,2,TF_NonTF_NonTF,1,1
021D,Feed-Forward,021D-N0P000,3,Input_Output_Output,1,0,2,Global regulator : Intermodular : M1.2,3,2_1_2,2,NonTF_NonTF_NonTF,0,1
021D,Feed-Forward,021D-N0P000,3,Input_Output_Output,1,0,2,Global regulator : Intermodular : M1.28,3,1_2_1,2,TF_NonTF_NonTF,1,1
021D,Feed-Forward,021D-N0P000,3,Input_Output_Output,1,0,2,Global regulator : Intermodular : M1.33,3,1_2_1,2,TF_NonTF_NonTF,1,1
021D,Feed-Forward,021D-N0P000,3,Input_Output_Output,1,0,2,Global regulator : Intermodular : M1.7,3,1_2_1,2,TF_NonTF_NonTF,1,1
021D,Feed-Forward,021D-N0P000,3,Input_Output_Output,1,0,2,Global regulator : Intermodular : M14,3,1_2_1,2,TF_NonTF_NonTF,1,1
021D,Feed-Forward,021D-N0P000,3,Input_Output_Output,1,0,2,Global regulator : Intermodular : M16,3,1_2_1,2,TF_NonTF_NonTF,1,1
021D,Feed-Forward,021D-N0P000,3,Input_Output_Output,1,0,2,Global regulator : Intermodular : M2,3,1_2_1,2,TF_NonTF_NonTF,1,1
021D,Feed-Forward,021D-N0P000,3,Input_Output_Output,1,0,2,Global regulator : Intermodular : nan,3,1_2_1,2,TF_NonTF_NonTF,1,1
021D,Feed-Forward,021D-N0P000,3,Input_Output_Output,1,0,2,Global regulator : M1.16 : Intermodular,3,1_2_1,2,TF_NonTF_TF,2,1
021D,Feed-Forward,021D-N0P000,3,Input_Output_Output,1,0,2,Global regulator : M1.16 : M1.1,3,1_2_1,2,TF_NonTF_NonTF,1,1
021D,Feed-Forward,021D-N0P000,3,Input_Output_Output,1,0,2,Global regulator : M1.16 : M1.1,3,1_2_3,3,TF_NonTF_NonTF,1,1
021D,Feed-Forward,021D-N0P000,3,Input_Output_Output,1,0,2,Global regulator : M1.16 : M1.11,3,1_2_1,2,TF_NonTF_NonTF,1,1
021D,Feed-Forward,021D-N0P000,3,Input_Output_Output,1,0,2,Global regulator : M1.16 : M1.16,3,1_2_1,2,TF_NonTF_NonTF,1,1
021D,Feed-Forward,021D-N0P000,3,Input_Output_Output,1,0,2,Global regulator : M1.16 : M1.28,3,1_2_1,2,TF_NonTF_NonTF,1,1
021D,Feed-Forward,021D-N0P000,3,Input_Output_Output,1,0,2,Global regulator : M1.16 : M1.33,3,1_2_1,2,TF_NonTF_NonTF,1,1
021D,Feed-Forward,021D-N0P000,3,Input_Output_Output,1,0,2,Global regulator : M1.16 : M14,3,1_2_1,2,TF_NonTF_NonTF,1,1
021D,Feed-Forward,021D-N0P000,3,Input_Output_Output,1,0,2,Global regulator : M1.16 : M16,3,1_2_1,2,TF_NonTF_NonTF,1,1
021D,Feed-Forward,021D-N0P000,3,Input_Output_Output,1,0,2,Global regulator : M1.16 : nan,3,1_2_1,2,TF_NonTF_NonTF,1,1
021D,Feed-Forward,021D-N0P000,3,Input_Output_Output,1,0,2,Global regulator : M1.22 : Intermodular,3,1_2_1,2,TF_NonTF_TF,2,1
021D,Feed-Forward,021D-N0P000,3,Input_Output_Output,1,0,2,Global regulator : M1.22 : M1.1,3,1_2_1,2,TF_NonTF_NonTF,1,1
021D,Feed-Forward,021D-N0P000,3,Input_Output_Output,1,0,2,Global regulator : M1.22 : M1.1,3,1_2_3,3,TF_NonTF_NonTF,1,1
021D,Feed-Forward,021D-N0P000,3,Input_Output_Output,1,0,2,Global regulator : M1.22 : M1.11,3,1_2_1,2,TF_NonTF_NonTF,1,1
021D,Feed-Forward,021D-N0P000,3,Input_Output_Output,1,0,2,Global regulator : M1.22 : M1.16,3,1_2_1,2,TF_NonTF_NonTF,1,1
021D,Feed-Forward,021D-N0P000,3,Input_Output_Output,1,0,2,Global regulator : M1.22 : M1.28,3,1_2_1,2,TF_NonTF_NonTF,1,1
021D,Feed-Forward,021D-N0P000,3,Input_Output_Output,1,0,2,Global regulator : M1.22 : M1.33,3,1_2_1,2,TF_NonTF_NonTF,1,1
021D,Feed-Forward,021D-N0P000,3,Input_Output_Output,1,0,2,Global regulator : M1.22 : M14,3,1_2_1,2,TF_NonTF_NonTF,1,1
021D,Feed-Forward,021D-N0P000,3,Input_Output_Output,1,0,2,Global regulator : M1.22 : M16,3,1_2_1,2,TF_NonTF_NonTF,1,1
021D,Feed-Forward,021D-N0P000,3,Input_Output_Output,1,0,2,Global regulator : M1.22 : nan,3,1_2_1,2,TF_NonTF_NonTF,1,1
021D,Feed-Forward,021D-N0P000,3,Input_Output_Output,1,0,2,Global regulator : M1.39 : Basal machinery,3,2_4_2,2,NonTF_NonTF_NonTF,0,1
021D,Feed-Forward,021D-N0P000,3,Input_Output_Output,1,0,2,Global regulator : M1.39 : Intermodular,3,1_2_1,2,TF_NonTF_TF,2,1
021D,Feed-Forward,021D-N0P000,3,Input_Output_Output,1,0,2,Global regulator : M1.39 : Intermodular,3,2_4_1,3,NonTF_NonTF_TF,1,1
021D,Feed-Forward,021D-N0P000,3,Input_Output_Output,1,0,2,Global regulator : M1.39 : M1.1,3,1_2_1,2,TF_NonTF_NonTF,1,1
021D,Feed-Forward,021D-N0P000,3,Input_Output_Output,1,0,2,Global regulator : M1.39 : M1.1,3,1_2_3,3,TF_NonTF_NonTF,1,1
021D,Feed-Forward,021D-N0P000,3,Input_Output_Output,1,0,2,Global regulator : M1.39 : M1.11,3,1_2_1,2,TF_NonTF_NonTF,1,1
021D,Feed-Forward,021D-N0P000,3,Input_Output_Output,1,0,2,Global regulator : M1.39 : M1.16,3,1_2_1,2,TF_NonTF_NonTF,1,1
021D,Feed-Forward,021D-N0P000,3,Input_Output_Output,1,0,2,Global regulator : M1.39 : M1.28,3,1_2_1,2,TF_NonTF_NonTF,1,1
021D,Feed-Forward,021D-N0P000,3,Input_Output_Output,1,0,2,Global regulator : M1.39 : M1.33,3,1_2_1,2,TF_NonTF_NonTF,1,1
021D,Feed-Forward,021D-N0P000,3,Input_Output_Output,1,0,2,Global regulator : M1.39 : M1.7,3,1_2_1,2,TF_NonTF_NonTF,1,1
021D,Feed-Forward,021D-N0P000,3,Input_Output_Output,1,0,2,Global regulator : M1.39 : M14,3,1_2_1,2,TF_NonTF_NonTF,1,1
021D,Feed-Forward,021D-N0P000,3,Input_Output_Output,1,0,2,Global regulator : M1.39 : M16,3,1_2_1,2,TF_NonTF_NonTF,1,1
021D,Feed-Forward,021D-N0P000,3,Input_Output_Output,1,0,2,Global regulator : M1.39 : M2,3,1_2_1,2,TF_NonTF_NonTF,1,1
021D,Feed-Forward,021D-N0P000,3,Input_Output_Output,1,0,2,Global regulator : M1.39 : nan,3,1_2_1,2,TF_NonTF_NonTF,1,1
021D,Feed-Forward,021D-N0P000,3,Input_Output_Output,1,0,2,Global regulator : M1.7 : Basal machinery,3,2_1_2,2,NonTF_NonTF_NonTF,0,1
021D,Feed-Forward,021D-N0P000,3,Input_Output_Output,1,0,2,Global regulator : M1.7 : Intermodular,3,1_2_1,2,TF_NonTF_TF,2,1
021D,Feed-Forward,021D-N0P000,3,Input_Output_Output,1,0,2,Global regulator : M1.7 : M1.1,3,1_2_3,3,TF_NonTF_NonTF,1,1
021D,Feed-Forward,021D-N0P000,3,Input_Output_Output,1,0,2,Global regulator : M1.7 : M1.11,3,1_2_1,2,TF_NonTF_NonTF,1,1
021D,Feed-Forward,021D-N0P000,3,Input_Output_Output,1,0,2,Global regulator : M1.7 : M1.16,3,1_2_1,2,TF_NonTF_NonTF,1,1
021D,Feed-Forward,021D-N0P000,3,Input_Output_Output,1,0,2,Global regulator : M1.7 : M1.28,3,1_2_1,2,TF_NonTF_NonTF,1,1
021D,Feed-Forward,021D-N0P000,3,Input_Output_Output,1,0,2,Global regulator : M1.7 : M1.33,3,1_2_1,2,TF_NonTF_NonTF,1,1
021D,Feed-Forward,021D-N0P000,3,Input_Output_Output,1,0,2,Global regulator : M1.7 : M1.7,3,1_2_1,2,TF_NonTF_NonTF,1,1
021D,Feed-Forward,021D-N0P000,3,Input_Output_Output,1,0,2,Global regulator : M1.7 : M14,3,1_2_1,2,TF_NonTF_NonTF,1,1
021D,Feed-Forward,021D-N0P000,3,Input_Output_Output,1,0,2,Global regulator : M1.7 : M16,3,1_2_1,2,TF_NonTF_NonTF,1,1
021D,Feed-Forward,021D-N0P000,3,Input_Output_Output,1,0,2,Global regulator : M1.7 : M2,3,1_2_1,2,TF_NonTF_NonTF,1,1
021D,Feed-Forward,021D-N0P000,3,Input_Output_Output,1,0,2,Global regulator : M1.7 : nan,3,1_2_1,2,TF_NonTF_NonTF,1,1
021D,Feed-Forward,021D-N0P000,3,Input_Output_Output,1,0,2,Global regulator : M19 : Intermodular,3,1_2_1,2,TF_NonTF_TF,2,1
021D,Feed-Forward,021D-N0P000,3,Input_Output_Output,1,0,2,Global regulator : M19 : M1.1,3,1_2_1,2,TF_NonTF_NonTF,1,1
021D,Feed-Forward,021D-N0P000,3,Input_Output_Output,1,0,2,Global regulator : M19 : M1.11,3,1_2_1,2,TF_NonTF_NonTF,1,1
021D,Feed-Forward,021D-N0P000,3,Input_Output_Output,1,0,2,Global regulator : M19 : M17,3,1_2_1,2,TF_NonTF_NonTF,1,1
021D,Feed-Forward,021D-N0P000,3,Input_Output_Output,1,0,2,Global regulator : M2 : Intermodular,3,2_1_1,2,NonTF_NonTF_NonTF,0,1
021D,Feed-Forward,021D-N0P000,3,Input_Output_Output,1,0,2,Global regulator : M2 : Intermodular,3,2_1_1,2,NonTF_NonTF_TF,1,1
021D,Feed-Forward,021D-N0P000,3,Input_Output_Output,1,0,2,Global regulator : M2 : M1.14,3,2_1_2,2,NonTF_NonTF_NonTF,0,1
021D,Feed-Forward,021D-N0P000,3,Input_Output_Output,1,0,2,Global regulator : M2 : M1.26,3,2_1_2,2,NonTF_NonTF_TF,1,1
021D,Feed-Forward,021D-N0P000,3,Input_Output_Output,1,0,2,Global regulator : M2 : M16,3,2_1_1,2,NonTF_NonTF_NonTF,0,1
021D,Feed-Forward,021D-N0P000,3,Input_Output_Output,1,0,2,Global regulator : M2 : M24,3,2_1_1,2,NonTF_NonTF_NonTF,0,1
021D,Feed-Forward,021D-N0P000,3,Input_Output_Output,1,0,2,Global regulator : M2 : M5,3,2_1_2,2,NonTF_NonTF_NonTF,0,1
021D,Feed-Forward,021D-N0P000,3,Input_Output_Output,1,0,2,Global regulator : M3 : Basal machinery,3,3_2_2,2,TF_NonTF_NonTF,1,1
021D,Feed-Forward,021D-N0P000,3,Input_Output_Output,1,0,2,Global regulator : M3 : M17,3,3_2_3,2,TF_NonTF_NonTF,1,1
021D,Feed-Forward,021D-N0P000,3,Input_Output_Output,1,0,2,Global regulator : M5 : Intermodular,3,2_1_1,2,NonTF_NonTF_NonTF,0,1
021D,Feed-Forward,021D-N0P000,3,Input_Output_Output,1,0,2,Global regulator : M5 : Intermodular,3,2_1_1,2,NonTF_NonTF_TF,1,1
021D,Feed-Forward,021D-N0P000,3,Input_Output_Output,1,0,2,Global regulator : M5 : M1.14,3,2_1_2,2,NonTF_NonTF_NonTF,0,1
021D,Feed-Forward,021D-N0P000,3,Input_Output_Output,1,0,2,Global regulator : M5 : M16,3,2_1_1,2,NonTF_NonTF_NonTF,0,1
021D,Feed-Forward,021D-N0P000,3,Input_Output_Output,1,0,2,Global regulator : M5 : M24,3,2_1_1,2,NonTF_NonTF_NonTF,0,1
021D,Feed-Forward,021D-N0P000,3,Input_Output_Output,1,0,2,Global regulator : M5 : M5,3,2_1_2,2,NonTF_NonTF_NonTF,0,1
021D,Feed-Forward,021D-N0P000,3,Middle_Middle_Middle,0,3,0,Global regulator : Global regulator : Global regulator,3,4_1_2,3,TF_TF_TF,3,1
021D,Feed-Forward,021D-N0P000,3,Middle_Middle_Middle,0,3,0,Global regulator : Global regulator : Global regulator,3,4_5_2,3,TF_TF_TF,3,1
021D,Feed-Forward,021D-N0P000,3,Middle_Middle_Middle,0,3,0,Global regulator : M1.16 : Global regulator,3,2_3_2,2,TF_TF_NonTF,2,1
021D,Feed-Forward,021D-N0P000,3,Middle_Middle_Output,0,2,1,Global regulator : Global regulator : Basal machinery,3,4_1_4,2,TF_TF_NonTF,2,1
021D,Feed-Forward,021D-N0P000,3,Middle_Middle_Output,0,2,1,Global regulator : Global regulator : Basal machinery,3,4_5_1,3,TF_TF_NonTF,2,1
021D,Feed-Forward,021D-N0P000,3,Middle_Middle_Output,0,2,1,Global regulator : Global regulator : Intermodular,3,4_1_1,2,TF_TF_NonTF,2,1
021D,Feed-Forward,021D-N0P000,3,Middle_Middle_Output,0,2,1,Global regulator : Global regulator : M1.16,3,1_2_2,2,TF_NonTF_NonTF,1,1
021D,Feed-Forward,021D-N0P000,3,Middle_Middle_Output,0,2,1,Global regulator : Global regulator : M1.6,3,4_1_2,3,TF_TF_NonTF,2,1
021D,Feed-Forward,021D-N0P000,3,Middle_Output_Middle,0,2,1,Global regulator : Basal machinery : Global regulator,3,3_1_2,3,NonTF_NonTF_NonTF,0,1
021D,Feed-Forward,021D-N0P000,3,Middle_Output_Middle,0,2,1,Global regulator : Basal machinery : Global regulator,3,4_1_2,3,TF_TF_TF,3,1
021D,Feed-Forward,021D-N0P000,3,Middle_Output_Middle,0,2,1,Global regulator : M1.19 : Global regulator,3,4_1_2,3,TF_NonTF_TF,2,1
021D,Feed-Forward,021D-N0P000,3,Middle_Output_Middle,0,2,1,Global regulator : M1.2 : Global regulator,3,2_3_2,2,TF_NonTF_NonTF,1,1
021D,Feed-Forward,021D-N0P000,3,Middle_Output_Middle,0,2,1,Global regulator : M1.2 : Global regulator,3,2_3_2,2,TF_TF_NonTF,2,1
021D,Feed-Forward,021D-N0P000,3,Middle_Output_Middle,0,2,1,Global regulator : M11 : Global regulator,3,4_1_2,3,TF_TF_TF,3,1
021D,Feed-Forward,021D-N0P000,3,Middle_Output_Middle,0,2,1,Global regulator : M14 : Global regulator,3,2_3_2,2,TF_NonTF_NonTF,1,1
021D,Feed-Forward,021D-N0P000,3,Middle_Output_Middle,0,2,1,Global regulator : M2 : Global regulator,3,4_1_2,3,TF_NonTF_TF,2,1
021D,Feed-Forward,021D-N0P000,3,Middle_Output_Middle,0,2,1,Global regulator : M24 : Global regulator,3,4_1_2,3,TF_NonTF_TF,2,1
021D,Feed-Forward,021D-N0P000,3,Middle_Output_Output,0,1,2,Global regulator : Basal machinery : Basal machinery,3,1_2_1,2,TF_NonTF_NonTF,1,1
021D,Feed-Forward,021D-N0P000,3,Middle_Output_Output,0,1,2,Global regulator : Basal machinery : Basal machinery,3,2_1_18,3,TF_NonTF_NonTF,1,1
021D,Feed-Forward,021D-N0P000,3,Middle_Output_Output,0,1,2,Global regulator : Basal machinery : Basal machinery,3,2_1_2,2,NonTF_NonTF_NonTF,0,1
021D,Feed-Forward,021D-N0P000,3,Middle_Output_Output,0,1,2,Global regulator : Basal machinery : Basal machinery,3,2_1_2,2,TF_NonTF_NonTF,1,1
021D,Feed-Forward,021D-N0P000,3,Middle_Output_Output,0,1,2,Global regulator : Basal machinery : Basal machinery,3,2_1_2,2,TF_TF_NonTF,2,1
021D,Feed-Forward,021D-N0P000,3,Middle_Output_Output,0,1,2,Global regulator : Basal machinery : Basal machinery,3,3_2_2,2,TF_NonTF_NonTF,1,1
021D,Feed-Forward,021D-N0P000,3,Middle_Output_Output,0,1,2,Global regulator : Basal machinery : Basal machinery,3,4_1_4,2,TF_TF_NonTF,2,1
021D,Feed-Forward,021D-N0P000,3,Middle_Output_Output,0,1,2,Global regulator : Basal machinery : Intermodular,3,4_1_1,2,TF_TF_NonTF,2,1
021D,Feed-Forward,021D-N0P000,3,Middle_Output_Output,0,1,2,Global regulator : Basal machinery : M1.16,3,1_3_2,3,TF_NonTF_NonTF,1,1
021D,Feed-Forward,021D-N0P000,3,Middle_Output_Output,0,1,2,Global regulator : Basal machinery : M1.16,3,1_6_2,3,TF_NonTF_NonTF,1,1
021D,Feed-Forward,021D-N0P000,3,Middle_Output_Output,0,1,2,Global regulator : Basal machinery : M1.20,3,2_1_2,2,TF_TF_NonTF,2,1
021D,Feed-Forward,021D-N0P000,3,Middle_Output_Output,0,1,2,Global regulator : Basal machinery : M1.3,3,4_2_2,2,TF_NonTF_NonTF,1,1
021D,Feed-Forward,021D-N0P000,3,Middle_Output_Output,0,1,2,Global regulator : Basal machinery : M1.6,3,4_1_2,3,TF_TF_NonTF,2,1
021D,Feed-Forward,021D-N0P000,3,Middle_Output_Output,0,1,2,Global regulator : M1.1 : Basal machinery,3,1_2_1,2,NonTF_NonTF_NonTF,0,1
021D,Feed-Forward,021D-N0P000,3,Middle_Output_Output,0,1,2,Global regulator : M1.1 : Basal machinery,3,4_1_4,2,TF_NonTF_NonTF,1,1
021D,Feed-Forward,021D-N0P000,3,Middle_Output_Output,0,1,2,Global regulator : M1.1 : Intermodular,3,4_1_1,2,TF_NonTF_NonTF,1,1
021D,Feed-Forward,021D-N0P000,3,Middle_Output_Output,0,1,2,Global regulator : M1.1 : M1.6,3,4_1_2,3,TF_NonTF_NonTF,1,1
021D,Feed-Forward,021D-N0P000,3,Middle_Output_Output,0,1,2,Global regulator : M1.11 : Basal machinery,3,2_4_2,2,TF_NonTF_NonTF,1,1
021D,Feed-Forward,021D-N0P000,3,Middle_Output_Output,0,1,2,Global regulator : M1.11 : M1.20,3,2_4_2,2,TF_NonTF_NonTF,1,1
021D,Feed-Forward,021D-N0P000,3,Middle_Output_Output,0,1,2,Global regulator : M1.19 : Basal machinery,3,4_1_4,2,TF_NonTF_NonTF,1,1
021D,Feed-Forward,021D-N0P000,3,Middle_Output_Output,0,1,2,Global regulator : M1.19 : Intermodular,3,4_1_1,2,TF_NonTF_NonTF,1,1
021D,Feed-Forward,021D-N0P000,3,Middle_Output_Output,0,1,2,Global regulator : M1.19 : M1.3,3,4_1_2,3,TF_NonTF_NonTF,1,1
021D,Feed-Forward,021D-N0P000,3,Middle_Output_Output,0,1,2,Global regulator : M1.19 : M1.6,3,4_1_2,3,TF_NonTF_NonTF,1,1
021D,Feed-Forward,021D-N0P000,3,Middle_Output_Output,0,1,2,Global regulator : M1.39 : M1.16,3,1_4_2,3,TF_NonTF_NonTF,1,1
021D,Feed-Forward,021D-N0P000,3,Middle_Output_Output,0,1,2,Global regulator : M11 : Basal machinery,3,4_1_1,2,TF_TF_NonTF,2,1
021D,Feed-Forward,021D-N0P000,3,Middle_Output_Output,0,1,2,Global regulator : M11 : Basal machinery,3,4_1_4,2,TF_TF_NonTF,2,1
021D,Feed-Forward,021D-N0P000,3,Middle_Output_Output,0,1,2,Global regulator : M11 : M1.6,3,4_1_2,3,TF_TF_NonTF,2,1
021D,Feed-Forward,021D-N0P000,3,Middle_Output_Output,0,1,2,Global regulator : M2 : Basal machinery,3,4_1_4,2,TF_NonTF_NonTF,1,1
021D,Feed-Forward,021D-N0P000,3,Middle_Output_Output,0,1,2,Global regulator : M2 : Intermodular,3,4_1_1,2,TF_NonTF_NonTF,1,1
021D,Feed-Forward,021D-N0P000,3,Middle_Output_Output,0,1,2,Global regulator : M2 : M1.6,3,4_1_2,3,TF_NonTF_NonTF,1,1
021D,Feed-Forward,021D-N0P000,3,Middle_Output_Output,0,1,2,Global regulator : M23 : Intermodular,3,2_1_2,2,NonTF_NonTF_NonTF,0,1
021D,Feed-Forward,021D-N0P000,3,Middle_Output_Output,0,1,2,Global regulator : M24 : Basal machinery,3,4_1_1,2,TF_NonTF_NonTF,1,1
021D,Feed-Forward,021D-N0P000,3,Middle_Output_Output,0,1,2,Global regulator : M24 : Basal machinery,3,4_1_4,2,TF_NonTF_NonTF,1,1
021D,Feed-Forward,021D-N0P000,3,Middle_Output_Output,0,1,2,Global regulator : M24 : M1.6,3,4_1_2,3,TF_NonTF_NonTF,1,1
021D,Feed-Forward,021D-N0P000,3,Middle_Output_Output,0,1,2,Global regulator : M27 : M1.16,3,1_2_2,2,TF_NonTF_NonTF,1,1
021D,Feed-Forward,021D-P0P000,3,Input_Output_Output,1,0,2,Global regulator : Basal machinery : Basal machinery,3,1_1_1,1,TF_NonTF_NonTF,1,1711
021D,Feed-Forward,021D-P0P000,3,Input_Output_Output,1,0,2,Global regulator : Basal machinery : Basal machinery,3,1_1_1,1,TF_NonTF_TF,2,158
021D,Feed-Forward,021D-P0P000,3,Input_Output_Output,1,0,2,Global regulator : Basal machinery : Intermodular,3,1_1_1,1,TF_NonTF_NonTF,1,151
021D,Feed-Forward,021D-P0P000,3,Input_Middle_Output,1,1,1,Global regulator : Global regulator : Basal machinery,3,1_1_1,1,TF_TF_NonTF,2,150
021D,Feed-Forward,021D-P0P000,3,Input_Output_Output,1,0,2,Global regulator : Basal machinery : Basal machinery,3,1_1_2,2,TF_NonTF_NonTF,1,149
021D,Feed-Forward,021D-P0P000,3,Input_Output_Output,1,0,2,Global regulator : Basal machinery : M17,3,1_1_1,1,TF_NonTF_NonTF,1,113
021D,Feed-Forward,021D-P0P000,3,Input_Output_Output,1,0,2,Global regulator : Basal machinery : M1.27,3,1_1_1,1,TF_NonTF_NonTF,1,111
021D,Feed-Forward,021D-P0P000,3,Input_Output_Output,1,0,2,Global regulator : M2 : Basal machinery,3,1_1_1,1,TF_NonTF_NonTF,1,95
021D,Feed-Forward,021D-P0P000,3,Input_Output_Output,1,0,2,Global regulator : M1.1 : Basal machinery,3,1_1_1,1,TF_NonTF_NonTF,1,94
021D,Feed-Forward,021D-P0P000,3,Input_Output_Output,1,0,2,Global regulator : Basal machinery : Basal machinery,3,1_2_1,2,TF_NonTF_NonTF,1,87
021D,Feed-Forward,021D-P0P000,3,Input_Output_Middle,1,1,1,Global regulator : Basal machinery : Global regulator,3,1_1_1,1,TF_NonTF_TF,2,86
021D,Feed-Forward,021D-P0P000,3,Input_Output_Output,1,0,2,Global regulator : Intermodular : Basal machinery,3,1_1_1,1,TF_NonTF_NonTF,1,85
021D,Feed-Forward,021D-P0P000,3,Input_Output_Output,1,0,2,Global regulator : Basal machinery : M1.1,3,1_1_1,1,TF_NonTF_NonTF,1,83
021D,Feed-Forward,021D-P0P000,3,Input_Output_Output,1,0,2,Global regulator : Basal machinery : Basal machinery,3,1_1_1,1,TF_TF_NonTF,2,78
021D,Feed-Forward,021D-P0P000,3,Input_Output_Output,1,0,2,Global regulator : Basal machinery : Basal machinery,3,2_2_2,1,NonTF_NonTF_NonTF,0,66
021D,Feed-Forward,021D-P0P000,3,Input_Output_Output,1,0,2,Global regulator : M17 : Basal machinery,3,1_1_1,1,TF_NonTF_NonTF,1,64
021D,Feed-Forward,021D-P0P000,3,Input_Middle_Output,1,1,1,Global regulator : M1.13 : Basal machinery,3,1_1_1,1,TF_TF_NonTF,2,58
021D,Feed-Forward,021D-P0P000,3,Input_Output_Middle,1,1,1,Global regulator : Basal machinery : M1.36,3,1_1_1,1,TF_NonTF_NonTF,1,58
021D,Feed-Forward,021D-P0P000,3,Input_Output_Output,1,0,2,Global regulator : M1.19 : Basal machinery,3,1_1_1,1,TF_NonTF_NonTF,1,58
021D,Feed-Forward,021D-P0P000,3,Middle_Output_Output,0,1,2,Global regulator : Basal machinery : Basal machinery,3,4_2_2,2,TF_NonTF_NonTF,1,55
021D,Feed-Forward,021D-P0P000,3,Input_Output_Middle,1,1,1,Global regulator : Basal machinery : M1.1,3,1_1_1,1,TF_NonTF_TF,2,50
021D,Feed-Forward,021D-P0P000,3,Input_Middle_Output,1,1,1,Global regulator : M2 : Basal machinery,3,1_3_1,2,TF_TF_NonTF,2,45
021D,Feed-Forward,021D-P0P000,3,Input_Output_Output,1,0,2,Global regulator : Basal machinery : Intermodular,3,1_1_1,1,TF_NonTF_TF,2,44
021D,Feed-Forward,021D-P0P000,3,Input_Output_Output,1,0,2,Global regulator : Basal machinery : M1.11,3,1_1_1,1,TF_NonTF_NonTF,1,42
021D,Feed-Forward,021D-P0P000,3,Input_Middle_Output,1,1,1,Global regulator : Global regulator : Basal machinery,3,1_1_1,1,TF_NonTF_NonTF,1,40
021D,Feed-Forward,021D-P0P000,3,Input_Middle_Output,1,1,1,Global regulator : Global regulator : Basal machinery,3,1_2_1,2,TF_TF_NonTF,2,40
021D,Feed-Forward,021D-P0P000,3,Input_Output_Output,1,0,2,Global regulator : Basal machinery : M1.33,3,1_1_1,1,TF_NonTF_NonTF,1,39
021D,Feed-Forward,021D-P0P000,3,Input_Output_Output,1,0,2,Global regulator : Basal machinery : M1.16,3,1_1_1,1,TF_NonTF_NonTF,1,38
021D,Feed-Forward,021D-P0P000,3,Input_Output_Output,1,0,2,Global regulator : Basal machinery : M14,3,1_1_1,1,TF_NonTF_NonTF,1,38
021D,Feed-Forward,021D-P0P000,3,Input_Output_Middle,1,1,1,Global regulator : Basal machinery : Global regulator,3,1_1_5,2,TF_NonTF_TF,2,34
021D,Feed-Forward,021D-P0P000,3,Input_Output_Output,1,0,2,Global regulator : Basal machinery : M16,3,1_1_1,1,TF_NonTF_NonTF,1,34
021D,Feed-Forward,021D-P0P000,3,Input_Output_Output,1,0,2,Global regulator : Basal machinery : M1.1,3,1_1_3,2,TF_NonTF_NonTF,1,33
021D,Feed-Forward,021D-P0P000,3,Input_Middle_Output,1,1,1,Global regulator : M7 : Basal machinery,3,1_1_1,1,TF_NonTF_NonTF,1,32
021D,Feed-Forward,021D-P0P000,3,Input_Output_Output,1,0,2,Global regulator : Basal machinery : M1.28,3,1_1_1,1,TF_NonTF_NonTF,1,32
021D,Feed-Forward,021D-P0P000,3,Input_Output_Output,1,0,2,Global regulator : Basal machinery : nan,3,1_1_1,1,TF_NonTF_NonTF,1,32
021D,Feed-Forward,021D-P0P000,3,Input_Output_Output,1,0,2,Global regulator : M1.7 : Basal machinery,3,1_1_1,1,TF_NonTF_NonTF,1,31
021D,Feed-Forward,021D-P0P000,3,Input_Output_Output,1,0,2,Global regulator : Basal machinery : Basal machinery,3,2_2_1,2,NonTF_NonTF_NonTF,0,30
021D,Feed-Forward,021D-P0P000,3,Middle_Output_Output,0,1,2,Global regulator : Basal machinery : Basal machinery,3,4_1_2,3,TF_NonTF_NonTF,1,30
021D,Feed-Forward,021D-P0P000,3,Input_Output_Output,1,0,2,Global regulator : Basal machinery : Basal machinery,3,3_5_5,2,TF_NonTF_NonTF,1,28
021D,Feed-Forward,021D-P0P000,3,Input_Output_Output,1,0,2,Global regulator : Basal machinery : M1.7,3,1_1_1,1,TF_NonTF_NonTF,1,28
021D,Feed-Forward,021D-P0P000,3,Input_Output_Middle,1,1,1,Global regulator : Basal machinery : M7,3,1_1_1,1,TF_NonTF_NonTF,1,27
021D,Feed-Forward,021D-P0P000,3,Input_Output_Output,1,0,2,Global regulator : M1.28 : Basal machinery,3,1_1_1,1,TF_NonTF_NonTF,1,27
021D,Feed-Forward,021D-P0P000,3,Input_Output_Output,1,0,2,Global regulator : nan : Basal machinery,3,1_1_1,1,TF_NonTF_NonTF,1,27
021D,Feed-Forward,021D-P0P000,3,Input_Output_Output,1,0,2,Global regulator : M1.1 : Basal machinery,3,1_3_1,2,TF_NonTF_NonTF,1,26
021D,Feed-Forward,021D-P0P000,3,Input_Middle_Output,1,1,1,Global regulator : Global regulator : Basal machinery,3,1_5_1,2,TF_TF_NonTF,2,25
021D,Feed-Forward,021D-P0P000,3,Input_Output_Output,1,0,2,Global regulator : M16 : Basal machinery,3,1_1_1,1,TF_NonTF_NonTF,1,25
021D,Feed-Forward,021D-P0P000,3,Middle_Output_Output,0,1,2,Global regulator : Basal machinery : Basal machinery,3,4_2_1,3,TF_NonTF_NonTF,1,25
021D,Feed-Forward,021D-P0P000,3,Input_Output_Output,1,0,2,Global regulator : Basal machinery : M2,3,1_1_1,1,TF_NonTF_NonTF,1,23
021D,Feed-Forward,021D-P0P000,3,Input_Output_Output,1,0,2,Global regulator : M1.16 : Basal machinery,3,1_1_1,1,TF_NonTF_NonTF,1,21
021D,Feed-Forward,021D-P0P000,3,Input_Output_Output,1,0,2,Global regulator : M14 : Basal machinery,3,1_1_1,1,TF_NonTF_NonTF,1,21
021D,Feed-Forward,021D-P0P000,3,Input_Output_Output,1,0,2,Global regulator : M1.33 : Basal machinery,3,1_1_1,1,TF_NonTF_NonTF,1,20
021D,Feed-Forward,021D-P0P000,3,Input_Output_Middle,1,1,1,Global regulator : Basal machinery : Global regulator,3,1_1_1,1,TF_NonTF_NonTF,1,19
021D,Feed-Forward,021D-P0P000,3,Input_Output_Middle,1,1,1,Global regulator : Basal machinery : Global regulator,3,1_1_2,2,TF_NonTF_TF,2,18
021D,Feed-Forward,021D-P0P000,3,Input_Output_Output,1,0,2,Global regulator : M1.11 : Basal machinery,3,1_1_1,1,TF_NonTF_NonTF,1,17
021D,Feed-Forward,021D-P0P000,3,Input_Output_Output,1,0,2,Global regulator : Intermodular : Basal machinery,3,1_1_1,1,TF_TF_NonTF,2,15
021D,Feed-Forward,021D-P0P000,3,Input_Middle_Output,1,1,1,Global regulator : Global regulator : Intermodular,3,1_1_1,1,TF_TF_NonTF,2,14
021D,Feed-Forward,021D-P0P000,3,Input_Output_Middle,1,1,1,Global regulator : Basal machinery : M2,3,1_1_3,2,TF_NonTF_TF,2,14
021D,Feed-Forward,021D-P0P000,3,Input_Middle_Output,1,1,1,Global regulator : Global regulator : Basal machinery,3,1_1_1,1,TF_TF_TF,3,13
021D,Feed-Forward,021D-P0P000,3,Input_Middle_Output,1,1,1,Global regulator : Global regulator : Basal machinery,3,1_1_2,2,TF_TF_NonTF,2,12
021D,Feed-Forward,021D-P0P000,3,Input_Middle_Output,1,1,1,Global regulator : Global regulator : M17,3,1_1_1,1,TF_TF_NonTF,2,12
021D,Feed-Forward,021D-P0P000,3,Input_Output_Middle,1,1,1,Global regulator : Basal machinery : M1.1,3,2_2_1,2,NonTF_NonTF_TF,1,12
021D,Feed-Forward,021D-P0P000,3,Input_Output_Middle,1,1,1,Global regulator : Basal machinery : Global regulator,3,2_2_1,2,NonTF_NonTF_TF,1,11
021D,Feed-Forward,021D-P0P000,3,Input_Output_Middle,1,1,1,Global regulator : Basal machinery : M16,3,2_2_2,1,NonTF_NonTF_TF,1,11
021D,Feed-Forward,021D-P0P000,3,Input_Output_Output,1,0,2,Global regulator : Basal machinery : Intermodular,3,2_2_1,2,NonTF_NonTF_NonTF,0,11
021D,Feed-Forward,021D-P0P000,3,Input_Output_Output,1,0,2,Global regulator : Basal machinery : Intermodular,3,2_2_1,2,NonTF_NonTF_TF,1,11
021D,Feed-Forward,021D-P0P000,3,Input_Output_Output,1,0,2,Global regulator : Basal machinery : M1.14,3,2_2_2,1,NonTF_NonTF_NonTF,0,11
021D,Feed-Forward,021D-P0P000,3,Input_Output_Output,1,0,2,Global regulator : Basal machinery : Basal machinery,3,1_1_2,2,TF_TF_NonTF,2,10
021D,Feed-Forward,021D-P0P000,3,Input_Output_Output,1,0,2,Global regulator : Basal machinery : Basal machinery,3,2_1_2,2,NonTF_TF_NonTF,1,10
021D,Feed-Forward,021D-P0P000,3,Input_Output_Output,1,0,2,Global regulator : Intermodular : Basal machinery,3,1_1_1,1,TF_NonTF_TF,2,10
021D,Feed-Forward,021D-P0P000,3,Input_Output_Output,1,0,2,Global regulator : M1.1 : Basal machinery,3,1_1_1,1,TF_NonTF_TF,2,10
021D,Feed-Forward,021D-P0P000,3,Middle_Output_Output,0,1,2,Global regulator : Basal machinery : Basal machinery,3,2_2_2,1,TF_NonTF_NonTF,1,10
021D,Feed-Forward,021D-P0P000,3,Middle_Output_Output,0,1,2,Global regulator : Basal machinery : Basal machinery,3,4_1_1,2,TF_NonTF_NonTF,1,10
021D,Feed-Forward,021D-P0P000,3,Middle_Output_Output,0,1,2,Global regulator : M1.3 : Basal machinery,3,4_2_2,2,TF_NonTF_NonTF,1,10
021D,Feed-Forward,021D-P0P000,3,Input_Middle_Output,1,1,1,Global regulator : M1.1 : Basal machinery,3,1_1_1,1,TF_TF_NonTF,2,9
021D,Feed-Forward,021D-P0P000,3,Input_Output_Output,1,0,2,Global regulator : Basal machinery : M16,3,2_2_1,2,NonTF_NonTF_NonTF,0,9
021D,Feed-Forward,021D-P0P000,3,Input_Output_Output,1,0,2,Global regulator : Intermodular : Basal machinery,3,1_1_2,2,TF_NonTF_NonTF,1,9
021D,Feed-Forward,021D-P0P000,3,Middle_Output_Middle,0,2,1,Global regulator : Basal machinery : Global regulator,3,4_2_2,2,TF_NonTF_TF,2,9
021D,Feed-Forward,021D-P0P000,3,Input_Middle_Output,1,1,1,Global regulator : Global regulator : M1.27,3,1_1_1,1,TF_TF_NonTF,2,8
021D,Feed-Forward,021D-P0P000,3,Input_Output_Middle,1,1,1,Global regulator : Basal machinery : Global regulator,3,2_2_5,2,NonTF_NonTF_TF,1,8
021D,Feed-Forward,021D-P0P000,3,Input_Output_Output,1,0,2,Global regulator : Basal machinery : M1.26,3,2_2_2,1,NonTF_NonTF_TF,1,8
021D,Feed-Forward,021D-P0P000,3,Input_Output_Output,1,0,2,Global regulator : Basal machinery : M1.27,3,1_1_1,1,TF_TF_NonTF,2,8
021D,Feed-Forward,021D-P0P000,3,Input_Output_Output,1,0,2,Global regulator : Basal machinery : M24,3,2_2_1,2,NonTF_NonTF_NonTF,0,8
021D,Feed-Forward,021D-P0P000,3,Input_Output_Output,1,0,2,Global regulator : Basal machinery : M5,3,2_2_2,1,NonTF_NonTF_NonTF,0,8
021D,Feed-Forward,021D-P0P000,3,Input_Output_Output,1,0,2,Global regulator : Intermodular : M1.27,3,1_1_1,1,TF_NonTF_NonTF,1,8
021D,Feed-Forward,021D-P0P000,3,Input_Output_Output,1,0,2,Global regulator : M1.1 : Basal machinery,3,1_1_2,2,TF_NonTF_NonTF,1,8
021D,Feed-Forward,021D-P0P000,3,Input_Output_Output,1,0,2,Global regulator : M1.1 : Intermodular,3,1_1_1,1,TF_NonTF_NonTF,1,8
021D,Feed-Forward,021D-P0P000,3,Input_Output_Output,1,0,2,Global regulator : M17 : Basal machinery,3,1_1_2,2,TF_NonTF_NonTF,1,8
021D,Feed-Forward,021D-P0P000,3,Input_Output_Output,1,0,2,Global regulator : M17 : Intermodular,3,1_1_1,1,TF_NonTF_NonTF,1,8
021D,Feed-Forward,021D-P0P000,3,Input_Output_Output,1,0,2,Global regulator : M2 : Basal machinery,3,1_1_1,1,TF_NonTF_TF,2,8
021D,Feed-Forward,021D-P0P000,3,Input_Output_Output,1,0,2,Global regulator : M2 : Intermodular,3,1_1_1,1,TF_NonTF_NonTF,1,8
021D,Feed-Forward,021D-P0P000,3,Middle_Output_Output,0,1,2,Global regulator : Basal machinery : Basal machinery,3,4_2_4,2,TF_NonTF_NonTF,1,8
021D,Feed-Forward,021D-P0P000,3,Input_Middle_Output,1,1,1,Global regulator : Global regulator : M1.1,3,1_1_1,1,TF_TF_NonTF,2,7
021D,Feed-Forward,021D-P0P000,3,Input_Output_Middle,1,1,1,Global regulator : Basal machinery : Global regulator,3,2_2_2,1,NonTF_NonTF_TF,1,7
021D,Feed-Forward,021D-P0P000,3,Input_Output_Output,1,0,2,Global regulator : Basal machinery : Intermodular,3,1_2_1,2,TF_NonTF_NonTF,1,7
021D,Feed-Forward,021D-P0P000,3,Input_Output_Output,1,0,2,Global regulator : M1.1 : Basal machinery,3,2_1_2,2,NonTF_NonTF_NonTF,0,7
021D,Feed-Forward,021D-P0P000,3,Input_Output_Output,1,0,2,Global regulator : M1.2 : Basal machinery,3,2_2_2,1,NonTF_NonTF_NonTF,0,7
021D,Feed-Forward,021D-P0P000,3,Input_Output_Output,1,0,2,Global regulator : M1.27 : Basal machinery,3,1_1_1,1,TF_NonTF_NonTF,1,7
021D,Feed-Forward,021D-P0P000,3,Input_Output_Output,1,0,2,Global regulator : M2 : Basal machinery,3,1_1_2,2,TF_NonTF_NonTF,1,7
021D,Feed-Forward,021D-P0P000,3,Input_Middle_Middle,1,2,0,Global regulator : Global regulator : Global regulator,3,1_1_1,1,TF_TF_TF,3,6
021D,Feed-Forward,021D-P0P000,3,Input_Output_Middle,1,1,1,Global regulator : M2 : Global regulator,3,1_1_1,1,TF_NonTF_TF,2,6
021D,Feed-Forward,021D-P0P000,3,Input_Output_Output,1,0,2,Global regulator : Basal machinery : Basal machinery,3,1_1_1,1,TF_TF_TF,3,6
021D,Feed-Forward,021D-P0P000,3,Input_Output_Output,1,0,2,Global regulator : Basal machinery : Basal machinery,3,1_2_1,2,TF_NonTF_TF,2,6
021D,Feed-Forward,021D-P0P000,3,Input_Output_Output,1,0,2,Global regulator : Basal machinery : Basal machinery,3,1_2_2,2,TF_NonTF_NonTF,1,6
021D,Feed-Forward,021D-P0P000,3,Input_Output_Output,1,0,2,Global regulator : Basal machinery : Basal machinery,3,2_1_2,2,NonTF_NonTF_NonTF,0,6
021D,Feed-Forward,021D-P0P000,3,Input_Output_Output,1,0,2,Global regulator : Basal machinery : Basal machinery,3,3_3_3,1,TF_NonTF_NonTF,1,6
021D,Feed-Forward,021D-P0P000,3,Input_Output_Output,1,0,2,Global regulator : Basal machinery : Intermodular,3,1_1_1,1,TF_TF_NonTF,2,6
021D,Feed-Forward,021D-P0P000,3,Input_Output_Output,1,0,2,Global regulator : Basal machinery : M1.27,3,1_2_1,2,TF_NonTF_NonTF,1,6
021D,Feed-Forward,021D-P0P000,3,Input_Output_Output,1,0,2,Global regulator : Basal machinery : M17,3,1_1_1,1,TF_TF_NonTF,2,6
021D,Feed-Forward,021D-P0P000,3,Input_Output_Output,1,0,2,Global regulator : Intermodular : Intermodular,3,1_1_1,1,TF_NonTF_NonTF,1,6
021D,Feed-Forward,021D-P0P000,3,Input_Output_Output,1,0,2,Global regulator : M1.1 : M1.27,3,1_1_1,1,TF_NonTF_NonTF,1,6
021D,Feed-Forward,021D-P0P000,3,Input_Output_Output,1,0,2,Global regulator : M1.1 : M17,3,1_1_1,1,TF_NonTF_NonTF,1,6
021D,Feed-Forward,021D-P0P000,3,Input_Output_Output,1,0,2,Global regulator : M17 : Basal machinery,3,1_1_1,1,TF_NonTF_TF,2,6
021D,Feed-Forward,021D-P0P000,3,Input_Output_Output,1,0,2,Global regulator : M17 : M1.27,3,1_1_1,1,TF_NonTF_NonTF,1,6
021D,Feed-Forward,021D-P0P000,3,Input_Output_Output,1,0,2,Global regulator : M2 : M17,3,1_1_1,1,TF_NonTF_NonTF,1,6
021D,Feed-Forward,021D-P0P000,3,Middle_Output_Output,0,1,2,Global regulator : Basal machinery : Basal machinery,3,2_2_2,1,NonTF_NonTF_NonTF,0,6
021D,Feed-Forward,021D-P0P000,3,Middle_Output_Output,0,1,2,Global regulator : Basal machinery : M1.6,3,4_2_2,2,TF_NonTF_NonTF,1,6
021D,Feed-Forward,021D-P0P000,3,Middle_Output_Output,0,1,2,Global regulator : Intermodular : Basal machinery,3,4_1_2,3,TF_NonTF_NonTF,1,6
021D,Feed-Forward,021D-P0P000,3,Input_Middle_Output,1,1,1,Global regulator : Global regulator : Basal machinery,3,2_2_2,1,NonTF_TF_NonTF,1,5
021D,Feed-Forward,021D-P0P000,3,Input_Output_Middle,1,1,1,Global regulator : M1.1 : Global regulator,3,1_1_1,1,TF_NonTF_TF,2,5
021D,Feed-Forward,021D-P0P000,3,Input_Output_Output,1,0,2,Global regulator : Basal machinery : Basal machinery,3,3_5_2,3,TF_NonTF_NonTF,1,5
021D,Feed-Forward,021D-P0P000,3,Input_Output_Output,1,0,2,Global regulator : Basal machinery : M1.1,3,2_2_1,2,NonTF_NonTF_NonTF,0,5
021D,Feed-Forward,021D-P0P000,3,Input_Output_Output,1,0,2,Global regulator : Basal machinery : M1.2,3,2_2_2,1,NonTF_NonTF_NonTF,0,5
021D,Feed-Forward,021D-P0P000,3,Input_Output_Output,1,0,2,Global regulator : M17 : Basal machinery,3,3_3_5,2,TF_NonTF_NonTF,1,5
021D,Feed-Forward,021D-P0P000,3,Middle_Output_Output,0,1,2,Global regulator : Basal machinery : Intermodular,3,4_2_1,3,TF_NonTF_NonTF,1,5
021D,Feed-Forward,021D-P0P000,3,Middle_Output_Output,0,1,2,Global regulator : M1.3 : Basal machinery,3,4_2_1,3,TF_NonTF_NonTF,1,5
021D,Feed-Forward,021D-P0P000,3,Middle_Output_Output,0,1,2,Global regulator : M1.6 : Basal machinery,3,4_2_2,2,TF_NonTF_NonTF,1,5
021D,Feed-Forward,021D-P0P000,3,Middle_Output_Output,0,1,2,Global regulator : M10 : Basal machinery,3,2_2_2,1,TF_NonTF_NonTF,1,5
021D,Feed-Forward,021D-P0P000,3,Input_Middle_Middle,1,2,0,Global regulator : Global regulator : M1.1,3,1_1_1,1,TF_TF_TF,3,4
021D,Feed-Forward,021D-P0P000,3,Input_Middle_Middle,1,2,0,Global regulator : Global regulator : M1.36,3,1_1_1,1,TF_TF_NonTF,2,4
021D,Feed-Forward,021D-P0P000,3,Input_Middle_Middle,1,2,0,Global regulator : M1.13 : Global regulator,3,1_1_1,1,TF_TF_TF,3,4
021D,Feed-Forward,021D-P0P000,3,Input_Middle_Output,1,1,1,Global regulator : Global regulator : Basal machinery,3,1_1_1,1,TF_NonTF_TF,2,4
021D,Feed-Forward,021D-P0P000,3,Input_Middle_Output,1,1,1,Global regulator : Global regulator : Basal machinery,3,1_2_1,2,TF_TF_TF,3,4
021D,Feed-Forward,021D-P0P000,3,Input_Middle_Output,1,1,1,Global regulator : Global regulator : Intermodular,3,1_1_1,1,TF_NonTF_NonTF,1,4
021D,Feed-Forward,021D-P0P000,3,Input_Middle_Output,1,1,1,Global regulator : Global regulator : Intermodular,3,1_1_1,1,TF_TF_TF,3,4
021D,Feed-Forward,021D-P0P000,3,Input_Middle_Output,1,1,1,Global regulator : Global regulator : Intermodular,3,1_2_1,2,TF_TF_NonTF,2,4
021D,Feed-Forward,021D-P0P000,3,Input_Middle_Output,1,1,1,Global regulator : Global regulator : M1.11,3,1_1_1,1,TF_TF_NonTF,2,4
021D,Feed-Forward,021D-P0P000,3,Input_Middle_Output,1,1,1,Global regulator : Global regulator : M1.16,3,1_1_1,1,TF_TF_NonTF,2,4
021D,Feed-Forward,021D-P0P000,3,Input_Middle_Output,1,1,1,Global regulator : Global regulator : M1.33,3,1_1_1,1,TF_TF_NonTF,2,4
021D,Feed-Forward,021D-P0P000,3,Input_Middle_Output,1,1,1,Global regulator : Global regulator : M14,3,1_1_1,1,TF_TF_NonTF,2,4
021D,Feed-Forward,021D-P0P000,3,Input_Middle_Output,1,1,1,Global regulator : Global regulator : M16,3,1_1_1,1,TF_TF_NonTF,2,4
021D,Feed-Forward,021D-P0P000,3,Input_Middle_Output,1,1,1,Global regulator : M1.13 : Basal machinery,3,1_1_1,1,TF_TF_TF,3,4
021D,Feed-Forward,021D-P0P000,3,Input_Middle_Output,1,1,1,Global regulator : M1.13 : Intermodular,3,1_1_1,1,TF_TF_NonTF,2,4
021D,Feed-Forward,021D-P0P000,3,Input_Middle_Output,1,1,1,Global regulator : M2 : Basal machinery,3,1_3_1,2,TF_TF_TF,3,4
021D,Feed-Forward,021D-P0P000,3,Input_Middle_Output,1,1,1,Global regulator : M2 : Intermodular,3,1_3_1,2,TF_TF_NonTF,2,4
021D,Feed-Forward,021D-P0P000,3,Input_Middle_Output,1,1,1,Global regulator : M7 : Basal machinery,3,1_1_1,1,TF_NonTF_TF,2,4
021D,Feed-Forward,021D-P0P000,3,Input_Output_Middle,1,1,1,Global regulator : Basal machinery : Global regulator,3,1_2_1,2,TF_NonTF_TF,2,4
021D,Feed-Forward,021D-P0P000,3,Input_Output_Middle,1,1,1,Global regulator : Basal machinery : M1.36,3,1_1_1,1,TF_TF_NonTF,2,4
021D,Feed-Forward,021D-P0P000,3,Input_Output_Middle,1,1,1,Global regulator : Basal machinery : M1.36,3,1_2_1,2,TF_NonTF_NonTF,1,4
021D,Feed-Forward,021D-P0P000,3,Input_Output_Middle,1,1,1,Global regulator : Intermodular : M1.1,3,1_1_1,1,TF_NonTF_TF,2,4
021D,Feed-Forward,021D-P0P000,3,Input_Output_Middle,1,1,1,Global regulator : Intermodular : M1.36,3,1_1_1,1,TF_NonTF_NonTF,1,4
021D,Feed-Forward,021D-P0P000,3,Input_Output_Middle,1,1,1,Global regulator : M1.19 : Global regulator,3,1_1_1,1,TF_NonTF_TF,2,4
021D,Feed-Forward,021D-P0P000,3,Input_Output_Output,1,0,2,Global regulator : Basal machinery : Basal machinery,3,3_3_1,2,TF_NonTF_TF,2,4
021D,Feed-Forward,021D-P0P000,3,Input_Output_Output,1,0,2,Global regulator : Basal machinery : Basal machinery,3,3_3_2,2,TF_NonTF_NonTF,1,4
021D,Feed-Forward,021D-P0P000,3,Input_Output_Output,1,0,2,Global regulator : Basal machinery : M1.1,3,1_2_1,2,TF_NonTF_NonTF,1,4
021D,Feed-Forward,021D-P0P000,3,Input_Output_Output,1,0,2,Global regulator : Basal machinery : M1.18,3,3_3_3,1,TF_NonTF_NonTF,1,4
021D,Feed-Forward,021D-P0P000,3,Input_Output_Output,1,0,2,Global regulator : Basal machinery : M17,3,1_2_1,2,TF_NonTF_NonTF,1,4
021D,Feed-Forward,021D-P0P000,3,Input_Output_Output,1,0,2,Global regulator : Intermodular : M1.1,3,1_1_1,1,TF_NonTF_NonTF,1,4
021D,Feed-Forward,021D-P0P000,3,Input_Output_Output,1,0,2,Global regulator : Intermodular : M17,3,1_1_1,1,TF_NonTF_NonTF,1,4
021D,Feed-Forward,021D-P0P000,3,Input_Output_Output,1,0,2,Global regulator : M1.19 : Basal machinery,3,1_1_1,1,TF_NonTF_TF,2,4
021D,Feed-Forward,021D-P0P000,3,Input_Output_Output,1,0,2,Global regulator : M1.19 : Intermodular,3,1_1_1,1,TF_NonTF_NonTF,1,4
021D,Feed-Forward,021D-P0P000,3,Input_Output_Output,1,0,2,Global regulator : M1.26 : Basal machinery,3,2_2_2,1,NonTF_TF_NonTF,1,4
021D,Feed-Forward,021D-P0P000,3,Input_Output_Output,1,0,2,Global regulator : M17 : Basal machinery,3,3_1_3,2,TF_NonTF_NonTF,1,4
021D,Feed-Forward,021D-P0P000,3,Input_Output_Output,1,0,2,Global regulator : M2 : M1.1,3,1_1_1,1,TF_NonTF_NonTF,1,4
021D,Feed-Forward,021D-P0P000,3,Input_Output_Output,1,0,2,Global regulator : M2 : M1.27,3,1_1_1,1,TF_NonTF_NonTF,1,4
021D,Feed-Forward,021D-P0P000,3,Input_Output_Output,1,0,2,Global regulator : M24 : Basal machinery,3,2_1_2,2,NonTF_NonTF_NonTF,0,4
021D,Feed-Forward,021D-P0P000,3,Input_Output_Output,1,0,2,Global regulator : M5 : Basal machinery,3,2_2_2,1,NonTF_NonTF_NonTF,0,4
021D,Feed-Forward,021D-P0P000,3,Middle_Middle_Middle,0,3,0,M1.1 : M1.1 : M1.1,3,1_1_1,1,TF_TF_TF,3,4
021D,Feed-Forward,021D-P0P000,3,Middle_Middle_Output,0,2,1,Global regulator : Global regulator : Basal machinery,3,2_2_2,1,TF_NonTF_NonTF,1,4
021D,Feed-Forward,021D-P0P000,3,Middle_Output_Middle,0,2,1,Global regulator : Basal machinery : Global regulator,3,4_1_2,3,TF_NonTF_TF,2,4
021D,Feed-Forward,021D-P0P000,3,Middle_Output_Output,0,1,2,Global regulator : Basal machinery : Basal machinery,3,4_1_4,2,TF_NonTF_NonTF,1,4
021D,Feed-Forward,021D-P0P000,3,Middle_Output_Output,0,1,2,Global regulator : Basal machinery : M1.6,3,4_1_2,3,TF_NonTF_NonTF,1,4
021D,Feed-Forward,021D-P0P000,3,Input_Middle_Middle,1,2,0,Global regulator : M2 : Global regulator,3,1_3_1,2,TF_TF_TF,3,3
021D,Feed-Forward,021D-P0P000,3,Input_Middle_Output,1,1,1,Global regulator : Global regulator : Basal machinery,3,1_2_2,2,TF_TF_NonTF,2,3
021D,Feed-Forward,021D-P0P000,3,Input_Middle_Output,1,1,1,Global regulator : Global regulator : Basal machinery,3,1_5_2,3,TF_TF_NonTF,2,3
021D,Feed-Forward,021D-P0P000,3,Input_Middle_Output,1,1,1,Global regulator : Global regulator : Basal machinery,3,2_2_1,2,NonTF_TF_NonTF,1,3
021D,Feed-Forward,021D-P0P000,3,Input_Middle_Output,1,1,1,Global regulator : Global regulator : Basal machinery,3,2_5_2,2,NonTF_TF_NonTF,1,3
021D,Feed-Forward,021D-P0P000,3,Input_Middle_Output,1,1,1,Global regulator : Global regulator : Intermodular,3,1_5_1,2,TF_TF_NonTF,2,3
021D,Feed-Forward,021D-P0P000,3,Input_Middle_Output,1,1,1,Global regulator : Global regulator : M1.1,3,1_1_3,2,TF_TF_NonTF,2,3
021D,Feed-Forward,021D-P0P000,3,Input_Middle_Output,1,1,1,Global regulator : Global regulator : M1.28,3,1_1_1,1,TF_TF_NonTF,2,3
021D,Feed-Forward,021D-P0P000,3,Input_Middle_Output,1,1,1,Global regulator : Global regulator : M17,3,1_1_1,1,TF_NonTF_NonTF,1,3
021D,Feed-Forward,021D-P0P000,3,Input_Middle_Output,1,1,1,Global regulator : Global regulator : M17,3,1_2_1,2,TF_TF_NonTF,2,3
021D,Feed-Forward,021D-P0P000,3,Input_Middle_Output,1,1,1,Global regulator : Global regulator : M17,3,1_5_1,2,TF_TF_NonTF,2,3
021D,Feed-Forward,021D-P0P000,3,Input_Middle_Output,1,1,1,Global regulator : Global regulator : nan,3,1_1_1,1,TF_TF_NonTF,2,3
021D,Feed-Forward,021D-P0P000,3,Input_Middle_Output,1,1,1,Global regulator : M1.13 : Basal machinery,3,1_1_2,2,TF_TF_NonTF,2,3
021D,Feed-Forward,021D-P0P000,3,Input_Middle_Output,1,1,1,Global regulator : M1.13 : M1.1,3,1_1_1,1,TF_TF_NonTF,2,3
021D,Feed-Forward,021D-P0P000,3,Input_Middle_Output,1,1,1,Global regulator : M1.13 : M17,3,1_1_1,1,TF_TF_NonTF,2,3
021D,Feed-Forward,021D-P0P000,3,Input_Middle_Output,1,1,1,Global regulator : M2 : Basal machinery,3,1_3_2,3,TF_TF_NonTF,2,3
021D,Feed-Forward,021D-P0P000,3,Input_Middle_Output,1,1,1,Global regulator : M2 : M1.1,3,1_3_1,2,TF_TF_NonTF,2,3
021D,Feed-Forward,021D-P0P000,3,Input_Middle_Output,1,1,1,Global regulator : M2 : M17,3,1_3_1,2,TF_TF_NonTF,2,3
021D,Feed-Forward,021D-P0P000,3,Input_Middle_Output,1,1,1,Global regulator : M7 : Basal machinery,3,1_1_2,2,TF_NonTF_NonTF,1,3
021D,Feed-Forward,021D-P0P000,3,Input_Middle_Output,1,1,1,Global regulator : M7 : Intermodular,3,1_1_1,1,TF_NonTF_NonTF,1,3
021D,Feed-Forward,021D-P0P000,3,Input_Middle_Output,1,1,1,Global regulator : M7 : M17,3,1_1_1,1,TF_NonTF_NonTF,1,3
021D,Feed-Forward,021D-P0P000,3,Input_Output_Middle,1,1,1,Global regulator : Basal machinery : Global regulator,3,1_1_1,1,TF_TF_TF,3,3
021D,Feed-Forward,021D-P0P000,3,Input_Output_Middle,1,1,1,Global regulator : Basal machinery : Global regulator,3,2_1_1,2,NonTF_NonTF_TF,1,3
021D,Feed-Forward,021D-P0P000,3,Input_Output_Middle,1,1,1,Global regulator : Basal machinery : M1.1,3,1_1_1,1,TF_TF_TF,3,3
021D,Feed-Forward,021D-P0P000,3,Input_Output_Middle,1,1,1,Global regulator : Basal machinery : M1.1,3,2_1_1,2,NonTF_NonTF_TF,1,3
021D,Feed-Forward,021D-P0P000,3,Input_Output_Middle,1,1,1,Global regulator : Basal machinery : M16,3,2_1_2,2,NonTF_NonTF_TF,1,3
021D,Feed-Forward,021D-P0P000,3,Input_Output_Middle,1,1,1,Global regulator : M1.1 : M1.1,3,1_1_1,1,TF_NonTF_TF,2,3
021D,Feed-Forward,021D-P0P000,3,Input_Output_Middle,1,1,1,Global regulator : M1.1 : M1.36,3,1_1_1,1,TF_NonTF_NonTF,1,3
021D,Feed-Forward,021D-P0P000,3,Input_Output_Middle,1,1,1,Global regulator : M17 : M1.1,3,1_1_1,1,TF_NonTF_TF,2,3
021D,Feed-Forward,021D-P0P000,3,Input_Output_Middle,1,1,1,Global regulator : M17 : M1.36,3,1_1_1,1,TF_NonTF_NonTF,1,3
021D,Feed-Forward,021D-P0P000,3,Input_Output_Output,1,0,2,Global regulator : Basal machinery : Basal machinery,3,2_1_1,2,NonTF_NonTF_NonTF,0,3
021D,Feed-Forward,021D-P0P000,3,Input_Output_Output,1,0,2,Global regulator : Basal machinery : Basal machinery,3,2_1_1,2,NonTF_TF_NonTF,1,3
021D,Feed-Forward,021D-P0P000,3,Input_Output_Output,1,0,2,Global regulator : Basal machinery : Basal machinery,3,2_2_1,2,TF_NonTF_NonTF,1,3
021D,Feed-Forward,021D-P0P000,3,Input_Output_Output,1,0,2,Global regulator : Basal machinery : Basal machinery,3,3_2_5,3,TF_NonTF_NonTF,1,3
021D,Feed-Forward,021D-P0P000,3,Input_Output_Output,1,0,2,Global regulator : Basal machinery : Intermodular,3,2_1_1,2,NonTF_NonTF_NonTF,0,3
021D,Feed-Forward,021D-P0P000,3,Input_Output_Output,1,0,2,Global regulator : Basal machinery : Intermodular,3,2_1_1,2,NonTF_NonTF_TF,1,3
021D,Feed-Forward,021D-P0P000,3,Input_Output_Output,1,0,2,Global regulator : Basal machinery : M1.14,3,2_1_2,2,NonTF_NonTF_NonTF,0,3
021D,Feed-Forward,021D-P0P000,3,Input_Output_Output,1,0,2,Global regulator : Basal machinery : M17,3,3_5_3,2,TF_NonTF_NonTF,1,3
021D,Feed-Forward,021D-P0P000,3,Input_Output_Output,1,0,2,Global regulator : Intermodular : Intermodular,3,1_1_1,1,TF_NonTF_TF,2,3
021D,Feed-Forward,021D-P0P000,3,Input_Output_Output,1,0,2,Global regulator : M1.1 : Basal machinery,3,1_3_2,3,TF_NonTF_NonTF,1,3
021D,Feed-Forward,021D-P0P000,3,Input_Output_Output,1,0,2,Global regulator : M1.1 : Basal machinery,3,2_1_1,2,NonTF_NonTF_NonTF,0,3
021D,Feed-Forward,021D-P0P000,3,Input_Output_Output,1,0,2,Global regulator : M1.1 : Intermodular,3,1_3_1,2,TF_NonTF_NonTF,1,3
021D,Feed-Forward,021D-P0P000,3,Input_Output_Output,1,0,2,Global regulator : M1.1 : M1.1,3,1_1_1,1,TF_NonTF_NonTF,1,3
021D,Feed-Forward,021D-P0P000,3,Input_Output_Output,1,0,2,Global regulator : M1.1 : M17,3,1_3_1,2,TF_NonTF_NonTF,1,3
021D,Feed-Forward,021D-P0P000,3,Input_Output_Output,1,0,2,Global regulator : M1.16 : Basal machinery,3,1_1_2,2,TF_NonTF_NonTF,1,3
021D,Feed-Forward,021D-P0P000,3,Input_Output_Output,1,0,2,Global regulator : M1.16 : Intermodular,3,1_1_1,1,TF_NonTF_NonTF,1,3
021D,Feed-Forward,021D-P0P000,3,Input_Output_Output,1,0,2,Global regulator : M1.19 : Basal machinery,3,1_1_2,2,TF_NonTF_NonTF,1,3
021D,Feed-Forward,021D-P0P000,3,Input_Output_Output,1,0,2,Global regulator : M1.19 : M1.1,3,1_1_1,1,TF_NonTF_NonTF,1,3
021D,Feed-Forward,021D-P0P000,3,Input_Output_Output,1,0,2,Global regulator : M1.19 : M17,3,1_1_1,1,TF_NonTF_NonTF,1,3
021D,Feed-Forward,021D-P0P000,3,Input_Output_Output,1,0,2,Global regulator : M1.2 : Basal machinery,3,2_2_1,2,NonTF_NonTF_NonTF,0,3
021D,Feed-Forward,021D-P0P000,3,Input_Output_Output,1,0,2,Global regulator : M1.26 : Basal machinery,3,2_2_1,2,NonTF_TF_NonTF,1,3
021D,Feed-Forward,021D-P0P000,3,Input_Output_Output,1,0,2,Global regulator : M1.28 : Basal machinery,3,1_1_1,1,TF_NonTF_TF,2,3
021D,Feed-Forward,021D-P0P000,3,Input_Output_Output,1,0,2,Global regulator : M1.28 : Basal machinery,3,1_1_2,2,TF_NonTF_NonTF,1,3
021D,Feed-Forward,021D-P0P000,3,Input_Output_Output,1,0,2,Global regulator : M1.28 : Intermodular,3,1_1_1,1,TF_NonTF_NonTF,1,3
021D,Feed-Forward,021D-P0P000,3,Input_Output_Output,1,0,2,Global regulator : M1.28 : M17,3,1_1_1,1,TF_NonTF_NonTF,1,3
021D,Feed-Forward,021D-P0P000,3,Input_Output_Output,1,0,2,Global regulator : M1.33 : Intermodular,3,1_1_1,1,TF_NonTF_NonTF,1,3
021D,Feed-Forward,021D-P0P000,3,Input_Output_Output,1,0,2,Global regulator : M1.7 : Basal machinery,3,1_1_1,1,TF_NonTF_TF,2,3
021D,Feed-Forward,021D-P0P000,3,Input_Output_Output,1,0,2,Global regulator : M1.7 : Basal machinery,3,1_1_2,2,TF_NonTF_NonTF,1,3
021D,Feed-Forward,021D-P0P000,3,Input_Output_Output,1,0,2,Global regulator : M1.7 : Intermodular,3,1_1_1,1,TF_NonTF_NonTF,1,3
021D,Feed-Forward,021D-P0P000,3,Input_Output_Output,1,0,2,Global regulator : M1.7 : M17,3,1_1_1,1,TF_NonTF_NonTF,1,3
021D,Feed-Forward,021D-P0P000,3,Input_Output_Output,1,0,2,Global regulator : M14 : Basal machinery,3,1_1_2,2,TF_NonTF_NonTF,1,3
021D,Feed-Forward,021D-P0P000,3,Input_Output_Output,1,0,2,Global regulator : M14 : Intermodular,3,1_1_1,1,TF_NonTF_NonTF,1,3
021D,Feed-Forward,021D-P0P000,3,Input_Output_Output,1,0,2,Global regulator : M16 : Basal machinery,3,1_1_2,2,TF_NonTF_NonTF,1,3
021D,Feed-Forward,021D-P0P000,3,Input_Output_Output,1,0,2,Global regulator : M16 : Basal machinery,3,2_1_2,2,NonTF_NonTF_NonTF,0,3
021D,Feed-Forward,021D-P0P000,3,Input_Output_Output,1,0,2,Global regulator : M16 : Intermodular,3,1_1_1,1,TF_NonTF_NonTF,1,3
021D,Feed-Forward,021D-P0P000,3,Input_Output_Output,1,0,2,Global regulator : M16 : M17,3,1_1_1,1,TF_NonTF_NonTF,1,3
021D,Feed-Forward,021D-P0P000,3,Input_Output_Output,1,0,2,Global regulator : M17 : Intermodular,3,1_1_1,1,TF_NonTF_TF,2,3
021D,Feed-Forward,021D-P0P000,3,Input_Output_Output,1,0,2,Global regulator : M17 : M1.1,3,1_1_1,1,TF_NonTF_NonTF,1,3
021D,Feed-Forward,021D-P0P000,3,Input_Output_Output,1,0,2,Global regulator : M17 : M1.11,3,1_1_1,1,TF_NonTF_NonTF,1,3
021D,Feed-Forward,021D-P0P000,3,Input_Output_Output,1,0,2,Global regulator : M17 : M17,3,1_1_1,1,TF_NonTF_NonTF,1,3
021D,Feed-Forward,021D-P0P000,3,Input_Output_Output,1,0,2,Global regulator : M24 : Basal machinery,3,2_1_1,2,NonTF_NonTF_NonTF,0,3
021D,Feed-Forward,021D-P0P000,3,Input_Output_Output,1,0,2,Global regulator : M5 : Basal machinery,3,2_2_1,2,NonTF_NonTF_NonTF,0,3
021D,Feed-Forward,021D-P0P000,3,Input_Output_Output,1,0,2,Global regulator : nan : Basal machinery,3,1_1_1,1,TF_NonTF_TF,2,3
021D,Feed-Forward,021D-P0P000,3,Input_Output_Output,1,0,2,Global regulator : nan : Basal machinery,3,1_1_2,2,TF_NonTF_NonTF,1,3
021D,Feed-Forward,021D-P0P000,3,Input_Output_Output,1,0,2,Global regulator : nan : Intermodular,3,1_1_1,1,TF_NonTF_NonTF,1,3
021D,Feed-Forward,021D-P0P000,3,Input_Output_Output,1,0,2,Global regulator : nan : M17,3,1_1_1,1,TF_NonTF_NonTF,1,3
021D,Feed-Forward,021D-P0P000,3,Middle_Output_Output,0,1,2,Global regulator : Basal machinery : Basal machinery,3,4_4_2,2,TF_NonTF_NonTF,1,3
021D,Feed-Forward,021D-P0P000,3,Middle_Output_Output,0,1,2,Global regulator : Basal machinery : Intermodular,3,2_2_2,1,NonTF_NonTF_NonTF,0,3
021D,Feed-Forward,021D-P0P000,3,Middle_Output_Output,0,1,2,Global regulator : Intermodular : Basal machinery,3,4_1_1,2,TF_NonTF_NonTF,1,3
021D,Feed-Forward,021D-P0P000,3,Input_Middle_Middle,1,2,0,Global regulator : Global regulator : Global regulator,3,1_1_1,1,TF_NonTF_TF,2,2
021D,Feed-Forward,021D-P0P000,3,Input_Middle_Middle,1,2,0,Global regulator : Global regulator : Global regulator,3,1_1_1,1,TF_TF_NonTF,2,2
021D,Feed-Forward,021D-P0P000,3,Input_Middle_Middle,1,2,0,Global regulator : Global regulator : Global regulator,3,1_1_5,2,TF_TF_TF,3,2
021D,Feed-Forward,021D-P0P000,3,Input_Middle_Middle,1,2,0,Global regulator : Global regulator : Global regulator,3,1_2_1,2,TF_TF_TF,3,2
021D,Feed-Forward,021D-P0P000,3,Input_Middle_Middle,1,2,0,Global regulator : Global regulator : M7,3,1_1_1,1,TF_TF_NonTF,2,2
021D,Feed-Forward,021D-P0P000,3,Input_Middle_Middle,1,2,0,Global regulator : M7 : Global regulator,3,1_1_1,1,TF_NonTF_TF,2,2
021D,Feed-Forward,021D-P0P000,3,Input_Middle_Output,1,1,1,Global regulator : Global regulator : Basal machinery,3,1_1_2,2,TF_NonTF_NonTF,1,2
021D,Feed-Forward,021D-P0P000,3,Input_Middle_Output,1,1,1,Global regulator : Global regulator : Basal machinery,3,1_5_1,2,TF_TF_TF,3,2
021D,Feed-Forward,021D-P0P000,3,Input_Middle_Output,1,1,1,Global regulator : Global regulator : Basal machinery,3,2_5_1,3,NonTF_TF_NonTF,1,2
021D,Feed-Forward,021D-P0P000,3,Input_Middle_Output,1,1,1,Global regulator : Global regulator : M1.1,3,1_1_1,1,TF_NonTF_NonTF,1,2
021D,Feed-Forward,021D-P0P000,3,Input_Middle_Output,1,1,1,Global regulator : Global regulator : M1.1,3,1_2_1,2,TF_TF_NonTF,2,2
021D,Feed-Forward,021D-P0P000,3,Input_Middle_Output,1,1,1,Global regulator : Global regulator : M1.27,3,1_1_1,1,TF_NonTF_NonTF,1,2
021D,Feed-Forward,021D-P0P000,3,Input_Middle_Output,1,1,1,Global regulator : Global regulator : M1.27,3,1_2_1,2,TF_TF_NonTF,2,2
021D,Feed-Forward,021D-P0P000,3,Input_Middle_Output,1,1,1,Global regulator : Global regulator : M1.27,3,1_5_1,2,TF_TF_NonTF,2,2
021D,Feed-Forward,021D-P0P000,3,Input_Middle_Output,1,1,1,Global regulator : Global regulator : M1.7,3,1_1_1,1,TF_TF_NonTF,2,2
021D,Feed-Forward,021D-P0P000,3,Input_Middle_Output,1,1,1,Global regulator : Global regulator : M2,3,1_1_1,1,TF_TF_NonTF,2,2
021D,Feed-Forward,021D-P0P000,3,Input_Middle_Output,1,1,1,Global regulator : M1.1 : Basal machinery,3,1_1_2,2,TF_TF_NonTF,2,2
021D,Feed-Forward,021D-P0P000,3,Input_Middle_Output,1,1,1,Global regulator : M1.1 : M1.27,3,1_1_1,1,TF_TF_NonTF,2,2
021D,Feed-Forward,021D-P0P000,3,Input_Middle_Output,1,1,1,Global regulator : M1.13 : M1.27,3,1_1_1,1,TF_TF_NonTF,2,2
021D,Feed-Forward,021D-P0P000,3,Input_Middle_Output,1,1,1,Global regulator : M2 : M1.27,3,1_3_1,2,TF_TF_NonTF,2,2
021D,Feed-Forward,021D-P0P000,3,Input_Middle_Output,1,1,1,Global regulator : M7 : M1.27,3,1_1_1,1,TF_NonTF_NonTF,1,2
021D,Feed-Forward,021D-P0P000,3,Input_Output_Middle,1,1,1,Global regulator : Basal machinery : Global regulator,3,1_1_5,2,TF_TF_TF,3,2
021D,Feed-Forward,021D-P0P000,3,Input_Output_Middle,1,1,1,Global regulator : Basal machinery : M1.1,3,1_2_1,2,TF_NonTF_TF,2,2
021D,Feed-Forward,021D-P0P000,3,Input_Output_Middle,1,1,1,Global regulator : Intermodular : Global regulator,3,1_1_1,1,TF_NonTF_TF,2,2
021D,Feed-Forward,021D-P0P000,3,Input_Output_Middle,1,1,1,Global regulator : M1.1 : Global regulator,3,1_1_5,2,TF_NonTF_TF,2,2
021D,Feed-Forward,021D-P0P000,3,Input_Output_Middle,1,1,1,Global regulator : M1.1 : M7,3,1_1_1,1,TF_NonTF_NonTF,1,2
021D,Feed-Forward,021D-P0P000,3,Input_Output_Middle,1,1,1,Global regulator : M1.27 : M1.36,3,1_1_1,1,TF_NonTF_NonTF,1,2
021D,Feed-Forward,021D-P0P000,3,Input_Output_Middle,1,1,1,Global regulator : M1.7 : Global regulator,3,1_1_1,1,TF_NonTF_TF,2,2
021D,Feed-Forward,021D-P0P000,3,Input_Output_Middle,1,1,1,Global regulator : M2 : Global regulator,3,1_1_5,2,TF_NonTF_TF,2,2
021D,Feed-Forward,021D-P0P000,3,Input_Output_Middle,1,1,1,Global regulator : M2 : M1.1,3,1_1_1,1,TF_NonTF_TF,2,2
021D,Feed-Forward,021D-P0P000,3,Input_Output_Middle,1,1,1,Global regulator : M2 : M1.36,3,1_1_1,1,TF_NonTF_NonTF,1,2
021D,Feed-Forward,021D-P0P000,3,Input_Output_Middle,1,1,1,Global regulator : M2 : M7,3,1_1_1,1,TF_NonTF_NonTF,1,2
021D,Feed-Forward,021D-P0P000,3,Input_Output_Output,1,0,2,Global regulator : Basal machinery : Basal machinery,3,2_2_1,2,NonTF_NonTF_TF,1,2
021D,Feed-Forward,021D-P0P000,3,Input_Output_Output,1,0,2,Global regulator : Basal machinery : Intermodular,3,1_1_1,1,TF_TF_TF,3,2
021D,Feed-Forward,021D-P0P000,3,Input_Output_Output,1,0,2,Global regulator : Basal machinery : Intermodular,3,1_2_1,2,TF_NonTF_TF,2,2
021D,Feed-Forward,021D-P0P000,3,Input_Output_Output,1,0,2,Global regulator : Basal machinery : M1.1,3,1_1_1,1,TF_TF_NonTF,2,2
021D,Feed-Forward,021D-P0P000,3,Input_Output_Output,1,0,2,Global regulator : Basal machinery : M1.1,3,1_1_3,2,TF_TF_NonTF,2,2
021D,Feed-Forward,021D-P0P000,3,Input_Output_Output,1,0,2,Global regulator : Basal machinery : M1.11,3,1_1_1,1,TF_TF_NonTF,2,2
021D,Feed-Forward,021D-P0P000,3,Input_Output_Output,1,0,2,Global regulator : Basal machinery : M1.11,3,1_2_1,2,TF_NonTF_NonTF,1,2
021D,Feed-Forward,021D-P0P000,3,Input_Output_Output,1,0,2,Global regulator : Basal machinery : M1.16,3,1_1_1,1,TF_TF_NonTF,2,2
021D,Feed-Forward,021D-P0P000,3,Input_Output_Output,1,0,2,Global regulator : Basal machinery : M1.33,3,1_1_1,1,TF_TF_NonTF,2,2
021D,Feed-Forward,021D-P0P000,3,Input_Output_Output,1,0,2,Global regulator : Basal machinery : M1.33,3,1_2_1,2,TF_NonTF_NonTF,1,2
021D,Feed-Forward,021D-P0P000,3,Input_Output_Output,1,0,2,Global regulator : Basal machinery : M1.8,3,3_3_3,1,TF_NonTF_NonTF,1,2
021D,Feed-Forward,021D-P0P000,3,Input_Output_Output,1,0,2,Global regulator : Basal machinery : M14,3,1_1_1,1,TF_TF_NonTF,2,2
021D,Feed-Forward,021D-P0P000,3,Input_Output_Output,1,0,2,Global regulator : Basal machinery : M16,3,1_1_1,1,TF_TF_NonTF,2,2
021D,Feed-Forward,021D-P0P000,3,Input_Output_Output,1,0,2,Global regulator : Intermodular : Basal machinery,3,1_1_1,1,TF_TF_TF,3,2
021D,Feed-Forward,021D-P0P000,3,Input_Output_Output,1,0,2,Global regulator : Intermodular : Basal machinery,3,1_1_2,2,TF_TF_NonTF,2,2
021D,Feed-Forward,021D-P0P000,3,Input_Output_Output,1,0,2,Global regulator : Intermodular : M1.11,3,1_1_1,1,TF_NonTF_NonTF,1,2
021D,Feed-Forward,021D-P0P000,3,Input_Output_Output,1,0,2,Global regulator : Intermodular : M1.27,3,1_1_1,1,TF_TF_NonTF,2,2
021D,Feed-Forward,021D-P0P000,3,Input_Output_Output,1,0,2,Global regulator : M1.1 : Basal machinery,3,1_3_1,2,TF_NonTF_TF,2,2
021D,Feed-Forward,021D-P0P000,3,Input_Output_Output,1,0,2,Global regulator : M1.1 : Basal machinery,3,2_3_1,3,TF_NonTF_NonTF,1,2
021D,Feed-Forward,021D-P0P000,3,Input_Output_Output,1,0,2,Global regulator : M1.1 : Basal machinery,3,2_3_2,2,TF_NonTF_NonTF,1,2
021D,Feed-Forward,021D-P0P000,3,Input_Output_Output,1,0,2,Global regulator : M1.1 : Intermodular,3,1_1_1,1,TF_NonTF_TF,2,2
021D,Feed-Forward,021D-P0P000,3,Input_Output_Output,1,0,2,Global regulator : M1.1 : M1.1,3,1_1_3,2,TF_NonTF_NonTF,1,2
021D,Feed-Forward,021D-P0P000,3,Input_Output_Output,1,0,2,Global regulator : M1.1 : M1.11,3,1_1_1,1,TF_NonTF_NonTF,1,2
021D,Feed-Forward,021D-P0P000,3,Input_Output_Output,1,0,2,Global regulator : M1.1 : M1.16,3,1_1_1,1,TF_NonTF_NonTF,1,2
021D,Feed-Forward,021D-P0P000,3,Input_Output_Output,1,0,2,Global regulator : M1.1 : M1.27,3,1_3_1,2,TF_NonTF_NonTF,1,2
021D,Feed-Forward,021D-P0P000,3,Input_Output_Output,1,0,2,Global regulator : M1.1 : M1.28,3,1_1_1,1,TF_NonTF_NonTF,1,2
021D,Feed-Forward,021D-P0P000,3,Input_Output_Output,1,0,2,Global regulator : M1.1 : M1.33,3,1_1_1,1,TF_NonTF_NonTF,1,2
021D,Feed-Forward,021D-P0P000,3,Input_Output_Output,1,0,2,Global regulator : M1.1 : M1.7,3,1_1_1,1,TF_NonTF_NonTF,1,2
021D,Feed-Forward,021D-P0P000,3,Input_Output_Output,1,0,2,Global regulator : M1.1 : M14,3,1_1_1,1,TF_NonTF_NonTF,1,2
021D,Feed-Forward,021D-P0P000,3,Input_Output_Output,1,0,2,Global regulator : M1.1 : M16,3,1_1_1,1,TF_NonTF_NonTF,1,2
021D,Feed-Forward,021D-P0P000,3,Input_Output_Output,1,0,2,Global regulator : M1.1 : M2,3,1_1_1,1,TF_NonTF_NonTF,1,2
021D,Feed-Forward,021D-P0P000,3,Input_Output_Output,1,0,2,Global regulator : M1.1 : nan,3,1_1_1,1,TF_NonTF_NonTF,1,2
021D,Feed-Forward,021D-P0P000,3,Input_Output_Output,1,0,2,Global regulator : M1.11 : Basal machinery,3,1_1_1,1,TF_NonTF_TF,2,2
021D,Feed-Forward,021D-P0P000,3,Input_Output_Output,1,0,2,Global regulator : M1.11 : Basal machinery,3,1_1_2,2,TF_NonTF_NonTF,1,2
021D,Feed-Forward,021D-P0P000,3,Input_Output_Output,1,0,2,Global regulator : M1.11 : Intermodular,3,1_1_1,1,TF_NonTF_NonTF,1,2
021D,Feed-Forward,021D-P0P000,3,Input_Output_Output,1,0,2,Global regulator : M1.11 : M1.27,3,1_1_1,1,TF_NonTF_NonTF,1,2
021D,Feed-Forward,021D-P0P000,3,Input_Output_Output,1,0,2,Global regulator : M1.16 : Basal machinery,3,1_1_1,1,TF_NonTF_TF,2,2
021D,Feed-Forward,021D-P0P000,3,Input_Output_Output,1,0,2,Global regulator : M1.16 : M1.27,3,1_1_1,1,TF_NonTF_NonTF,1,2
021D,Feed-Forward,021D-P0P000,3,Input_Output_Output,1,0,2,Global regulator : M1.19 : M1.27,3,1_1_1,1,TF_NonTF_NonTF,1,2
021D,Feed-Forward,021D-P0P000,3,Input_Output_Output,1,0,2,Global regulator : M1.27 : Basal machinery,3,1_1_2,2,TF_NonTF_NonTF,1,2
021D,Feed-Forward,021D-P0P000,3,Input_Output_Output,1,0,2,Global regulator : M1.28 : M1.27,3,1_1_1,1,TF_NonTF_NonTF,1,2
021D,Feed-Forward,021D-P0P000,3,Input_Output_Output,1,0,2,Global regulator : M1.33 : Basal machinery,3,1_1_1,1,TF_NonTF_TF,2,2
021D,Feed-Forward,021D-P0P000,3,Input_Output_Output,1,0,2,Global regulator : M1.33 : Basal machinery,3,1_1_2,2,TF_NonTF_NonTF,1,2
021D,Feed-Forward,021D-P0P000,3,Input_Output_Output,1,0,2,Global regulator : M1.33 : M1.27,3,1_1_1,1,TF_NonTF_NonTF,1,2
021D,Feed-Forward,021D-P0P000,3,Input_Output_Output,1,0,2,Global regulator : M1.7 : M1.27,3,1_1_1,1,TF_NonTF_NonTF,1,2
021D,Feed-Forward,021D-P0P000,3,Input_Output_Output,1,0,2,Global regulator : M1.8 : Basal machinery,3,3_3_3,1,TF_NonTF_NonTF,1,2
021D,Feed-Forward,021D-P0P000,3,Input_Output_Output,1,0,2,Global regulator : M14 : Basal machinery,3,1_1_1,1,TF_NonTF_TF,2,2
021D,Feed-Forward,021D-P0P000,3,Input_Output_Output,1,0,2,Global regulator : M14 : M1.27,3,1_1_1,1,TF_NonTF_NonTF,1,2
021D,Feed-Forward,021D-P0P000,3,Input_Output_Output,1,0,2,Global regulator : M14 : M17,3,1_1_1,1,TF_NonTF_NonTF,1,2
021D,Feed-Forward,021D-P0P000,3,Input_Output_Output,1,0,2,Global regulator : M16 : Basal machinery,3,1_1_1,1,TF_NonTF_TF,2,2
021D,Feed-Forward,021D-P0P000,3,Input_Output_Output,1,0,2,Global regulator : M16 : Basal machinery,3,2_1_1,2,NonTF_NonTF_NonTF,0,2
021D,Feed-Forward,021D-P0P000,3,Input_Output_Output,1,0,2,Global regulator : M16 : M1.27,3,1_1_1,1,TF_NonTF_NonTF,1,2
021D,Feed-Forward,021D-P0P000,3,Input_Output_Output,1,0,2,Global regulator : M17 : M1.16,3,1_1_1,1,TF_NonTF_NonTF,1,2
021D,Feed-Forward,021D-P0P000,3,Input_Output_Output,1,0,2,Global regulator : M17 : M1.33,3,1_1_1,1,TF_NonTF_NonTF,1,2
021D,Feed-Forward,021D-P0P000,3,Input_Output_Output,1,0,2,Global regulator : M2 : Intermodular,3,1_1_1,1,TF_NonTF_TF,2,2
021D,Feed-Forward,021D-P0P000,3,Input_Output_Output,1,0,2,Global regulator : M2 : M1.1,3,1_1_3,2,TF_NonTF_NonTF,1,2
021D,Feed-Forward,021D-P0P000,3,Input_Output_Output,1,0,2,Global regulator : M2 : M1.11,3,1_1_1,1,TF_NonTF_NonTF,1,2
021D,Feed-Forward,021D-P0P000,3,Input_Output_Output,1,0,2,Global regulator : M2 : M1.16,3,1_1_1,1,TF_NonTF_NonTF,1,2
021D,Feed-Forward,021D-P0P000,3,Input_Output_Output,1,0,2,Global regulator : M2 : M1.28,3,1_1_1,1,TF_NonTF_NonTF,1,2
021D,Feed-Forward,021D-P0P000,3,Input_Output_Output,1,0,2,Global regulator : M2 : M1.33,3,1_1_1,1,TF_NonTF_NonTF,1,2
021D,Feed-Forward,021D-P0P000,3,Input_Output_Output,1,0,2,Global regulator : M2 : M1.7,3,1_1_1,1,TF_NonTF_NonTF,1,2
021D,Feed-Forward,021D-P0P000,3,Input_Output_Output,1,0,2,Global regulator : M2 : M14,3,1_1_1,1,TF_NonTF_NonTF,1,2
021D,Feed-Forward,021D-P0P000,3,Input_Output_Output,1,0,2,Global regulator : M2 : M16,3,1_1_1,1,TF_NonTF_NonTF,1,2
021D,Feed-Forward,021D-P0P000,3,Input_Output_Output,1,0,2,Global regulator : M2 : nan,3,1_1_1,1,TF_NonTF_NonTF,1,2
021D,Feed-Forward,021D-P0P000,3,Input_Output_Output,1,0,2,Global regulator : M28 : Basal machinery,3,2_6_6,2,NonTF_NonTF_NonTF,0,2
021D,Feed-Forward,021D-P0P000,3,Input_Output_Output,1,0,2,Global regulator : nan : M1.27,3,1_1_1,1,TF_NonTF_NonTF,1,2
021D,Feed-Forward,021D-P0P000,3,Middle_Middle_Output,0,2,1,Global regulator : Global regulator : Basal machinery,3,4_2_2,2,TF_TF_NonTF,2,2
021D,Feed-Forward,021D-P0P000,3,Middle_Output_Output,0,1,2,Global regulator : Basal machinery : Basal machinery,3,1_1_1,1,NonTF_NonTF_NonTF,0,2
021D,Feed-Forward,021D-P0P000,3,Middle_Output_Output,0,1,2,Global regulator : Basal machinery : Intermodular,3,4_1_1,2,TF_NonTF_NonTF,1,2
021D,Feed-Forward,021D-P0P000,3,Middle_Output_Output,0,1,2,Global regulator : Basal machinery : M1.35,3,2_2_2,1,NonTF_NonTF_NonTF,0,2
021D,Feed-Forward,021D-P0P000,3,Middle_Output_Output,0,1,2,Global regulator : M1.35 : Basal machinery,3,2_2_2,1,NonTF_NonTF_NonTF,0,2
021D,Feed-Forward,021D-P0P000,3,Input_Middle_Middle,1,2,0,Global regulator : Global regulator : Global regulator,3,1_1_2,2,TF_NonTF_TF,2,1
021D,Feed-Forward,021D-P0P000,3,Input_Middle_Middle,1,2,0,Global regulator : Global regulator : Global regulator,3,1_1_2,2,TF_TF_TF,3,1
021D,Feed-Forward,021D-P0P000,3,Input_Middle_Middle,1,2,0,Global regulator : Global regulator : Global regulator,3,1_1_5,2,TF_NonTF_TF,2,1
021D,Feed-Forward,021D-P0P000,3,Input_Middle_Middle,1,2,0,Global regulator : Global regulator : Global regulator,3,1_2_5,3,TF_TF_TF,3,1
021D,Feed-Forward,021D-P0P000,3,Input_Middle_Middle,1,2,0,Global regulator : Global regulator : Global regulator,3,1_5_1,2,TF_TF_TF,3,1
021D,Feed-Forward,021D-P0P000,3,Input_Middle_Middle,1,2,0,Global regulator : Global regulator : Global regulator,3,2_2_1,2,NonTF_TF_TF,2,1
021D,Feed-Forward,021D-P0P000,3,Input_Middle_Middle,1,2,0,Global regulator : Global regulator : Global regulator,3,2_2_5,2,NonTF_TF_TF,2,1
021D,Feed-Forward,021D-P0P000,3,Input_Middle_Middle,1,2,0,Global regulator : Global regulator : Global regulator,3,2_5_1,3,NonTF_TF_TF,2,1
021D,Feed-Forward,021D-P0P000,3,Input_Middle_Middle,1,2,0,Global regulator : Global regulator : M1.1,3,1_1_1,1,TF_NonTF_TF,2,1
021D,Feed-Forward,021D-P0P000,3,Input_Middle_Middle,1,2,0,Global regulator : Global regulator : M1.1,3,1_2_1,2,TF_TF_TF,3,1
021D,Feed-Forward,021D-P0P000,3,Input_Middle_Middle,1,2,0,Global regulator : Global regulator : M1.1,3,1_5_1,2,TF_TF_TF,3,1
021D,Feed-Forward,021D-P0P000,3,Input_Middle_Middle,1,2,0,Global regulator : Global regulator : M1.1,3,2_1_1,2,NonTF_TF_TF,2,1
021D,Feed-Forward,021D-P0P000,3,Input_Middle_Middle,1,2,0,Global regulator : Global regulator : M1.1,3,2_2_1,2,NonTF_TF_TF,2,1
021D,Feed-Forward,021D-P0P000,3,Input_Middle_Middle,1,2,0,Global regulator : Global regulator : M1.1,3,2_5_1,3,NonTF_TF_TF,2,1
021D,Feed-Forward,021D-P0P000,3,Input_Middle_Middle,1,2,0,Global regulator : Global regulator : M1.36,3,1_1_1,1,TF_NonTF_NonTF,1,1
021D,Feed-Forward,021D-P0P000,3,Input_Middle_Middle,1,2,0,Global regulator : Global regulator : M1.36,3,1_2_1,2,TF_TF_NonTF,2,1
021D,Feed-Forward,021D-P0P000,3,Input_Middle_Middle,1,2,0,Global regulator : Global regulator : M1.36,3,1_5_1,2,TF_TF_NonTF,2,1
021D,Feed-Forward,021D-P0P000,3,Input_Middle_Middle,1,2,0,Global regulator : Global regulator : M16,3,2_1_2,2,NonTF_TF_TF,2,1
021D,Feed-Forward,021D-P0P000,3,Input_Middle_Middle,1,2,0,Global regulator : Global regulator : M16,3,2_2_2,1,NonTF_TF_TF,2,1
021D,Feed-Forward,021D-P0P000,3,Input_Middle_Middle,1,2,0,Global regulator : Global regulator : M16,3,2_5_2,2,NonTF_TF_TF,2,1
021D,Feed-Forward,021D-P0P000,3,Input_Middle_Middle,1,2,0,Global regulator : Global regulator : M2,3,1_1_3,2,TF_TF_TF,3,1
021D,Feed-Forward,021D-P0P000,3,Input_Middle_Middle,1,2,0,Global regulator : Global regulator : M7,3,1_1_1,1,TF_NonTF_NonTF,1,1
021D,Feed-Forward,021D-P0P000,3,Input_Middle_Middle,1,2,0,Global regulator : Global regulator : M7,3,1_2_1,2,TF_TF_NonTF,2,1
021D,Feed-Forward,021D-P0P000,3,Input_Middle_Middle,1,2,0,Global regulator : M1.1 : M1.36,3,1_1_1,1,TF_TF_NonTF,2,1
021D,Feed-Forward,021D-P0P000,3,Input_Middle_Middle,1,2,0,Global regulator : M1.13 : Global regulator,3,1_1_1,1,TF_TF_NonTF,2,1
021D,Feed-Forward,021D-P0P000,3,Input_Middle_Middle,1,2,0,Global regulator : M1.13 : Global regulator,3,1_1_2,2,TF_TF_TF,3,1
021D,Feed-Forward,021D-P0P000,3,Input_Middle_Middle,1,2,0,Global regulator : M1.13 : Global regulator,3,1_1_5,2,TF_TF_TF,3,1
021D,Feed-Forward,021D-P0P000,3,Input_Middle_Middle,1,2,0,Global regulator : M1.13 : M1.1,3,1_1_1,1,TF_TF_TF,3,1
021D,Feed-Forward,021D-P0P000,3,Input_Middle_Middle,1,2,0,Global regulator : M1.13 : M1.36,3,1_1_1,1,TF_TF_NonTF,2,1
021D,Feed-Forward,021D-P0P000,3,Input_Middle_Middle,1,2,0,Global regulator : M1.13 : M2,3,1_1_3,2,TF_TF_TF,3,1
021D,Feed-Forward,021D-P0P000,3,Input_Middle_Middle,1,2,0,Global regulator : M1.13 : M7,3,1_1_1,1,TF_TF_NonTF,2,1
021D,Feed-Forward,021D-P0P000,3,Input_Middle_Middle,1,2,0,Global regulator : M16 : M1.1,3,2_2_1,2,NonTF_TF_TF,2,1
021D,Feed-Forward,021D-P0P000,3,Input_Middle_Middle,1,2,0,Global regulator : M2 : Global regulator,3,1_3_1,2,TF_TF_NonTF,2,1
021D,Feed-Forward,021D-P0P000,3,Input_Middle_Middle,1,2,0,Global regulator : M2 : Global regulator,3,1_3_2,3,TF_TF_TF,3,1
021D,Feed-Forward,021D-P0P000,3,Input_Middle_Middle,1,2,0,Global regulator : M2 : Global regulator,3,1_3_5,3,TF_TF_TF,3,1
021D,Feed-Forward,021D-P0P000,3,Input_Middle_Middle,1,2,0,Global regulator : M2 : M1.1,3,1_3_1,2,TF_TF_TF,3,1
021D,Feed-Forward,021D-P0P000,3,Input_Middle_Middle,1,2,0,Global regulator : M2 : M1.36,3,1_3_1,2,TF_TF_NonTF,2,1
021D,Feed-Forward,021D-P0P000,3,Input_Middle_Middle,1,2,0,Global regulator : M2 : M7,3,1_3_1,2,TF_TF_NonTF,2,1
021D,Feed-Forward,021D-P0P000,3,Input_Middle_Middle,1,2,0,Global regulator : M7 : Global regulator,3,1_1_5,2,TF_NonTF_TF,2,1
021D,Feed-Forward,021D-P0P000,3,Input_Middle_Middle,1,2,0,Global regulator : M7 : M1.1,3,1_1_1,1,TF_NonTF_TF,2,1
021D,Feed-Forward,021D-P0P000,3,Input_Middle_Middle,1,2,0,Global regulator : M7 : M1.36,3,1_1_1,1,TF_NonTF_NonTF,1,1
021D,Feed-Forward,021D-P0P000,3,Input_Middle_Output,1,1,1,Global regulator : Global regulator : Basal machinery,3,2_1_2,2,NonTF_TF_NonTF,1,1
021D,Feed-Forward,021D-P0P000,3,Input_Middle_Output,1,1,1,Global regulator : Global regulator : Intermodular,3,1_1_1,1,TF_NonTF_TF,2,1
021D,Feed-Forward,021D-P0P000,3,Input_Middle_Output,1,1,1,Global regulator : Global regulator : Intermodular,3,1_2_1,2,TF_TF_TF,3,1
021D,Feed-Forward,021D-P0P000,3,Input_Middle_Output,1,1,1,Global regulator : Global regulator : Intermodular,3,1_5_1,2,TF_TF_TF,3,1
021D,Feed-Forward,021D-P0P000,3,Input_Middle_Output,1,1,1,Global regulator : Global regulator : Intermodular,3,2_2_1,2,NonTF_TF_NonTF,1,1
021D,Feed-Forward,021D-P0P000,3,Input_Middle_Output,1,1,1,Global regulator : Global regulator : Intermodular,3,2_2_1,2,NonTF_TF_TF,2,1
021D,Feed-Forward,021D-P0P000,3,Input_Middle_Output,1,1,1,Global regulator : Global regulator : Intermodular,3,2_5_1,3,NonTF_TF_NonTF,1,1
021D,Feed-Forward,021D-P0P000,3,Input_Middle_Output,1,1,1,Global regulator : Global regulator : Intermodular,3,2_5_1,3,NonTF_TF_TF,2,1
021D,Feed-Forward,021D-P0P000,3,Input_Middle_Output,1,1,1,Global regulator : Global regulator : M1.1,3,1_1_3,2,TF_NonTF_NonTF,1,1
021D,Feed-Forward,021D-P0P000,3,Input_Middle_Output,1,1,1,Global regulator : Global regulator : M1.1,3,1_2_3,3,TF_TF_NonTF,2,1
021D,Feed-Forward,021D-P0P000,3,Input_Middle_Output,1,1,1,Global regulator : Global regulator : M1.1,3,1_5_1,2,TF_TF_NonTF,2,1
021D,Feed-Forward,021D-P0P000,3,Input_Middle_Output,1,1,1,Global regulator : Global regulator : M1.11,3,1_1_1,1,TF_NonTF_NonTF,1,1
021D,Feed-Forward,021D-P0P000,3,Input_Middle_Output,1,1,1,Global regulator : Global regulator : M1.11,3,1_2_1,2,TF_TF_NonTF,2,1
021D,Feed-Forward,021D-P0P000,3,Input_Middle_Output,1,1,1,Global regulator : Global regulator : M1.11,3,1_5_1,2,TF_TF_NonTF,2,1
021D,Feed-Forward,021D-P0P000,3,Input_Middle_Output,1,1,1,Global regulator : Global regulator : M1.14,3,2_2_2,1,NonTF_TF_NonTF,1,1
021D,Feed-Forward,021D-P0P000,3,Input_Middle_Output,1,1,1,Global regulator : Global regulator : M1.14,3,2_5_2,2,NonTF_TF_NonTF,1,1
021D,Feed-Forward,021D-P0P000,3,Input_Middle_Output,1,1,1,Global regulator : Global regulator : M1.16,3,1_1_1,1,TF_NonTF_NonTF,1,1
021D,Feed-Forward,021D-P0P000,3,Input_Middle_Output,1,1,1,Global regulator : Global regulator : M1.16,3,1_5_1,2,TF_TF_NonTF,2,1
021D,Feed-Forward,021D-P0P000,3,Input_Middle_Output,1,1,1,Global regulator : Global regulator : M1.26,3,2_2_2,1,NonTF_TF_TF,2,1
021D,Feed-Forward,021D-P0P000,3,Input_Middle_Output,1,1,1,Global regulator : Global regulator : M1.28,3,1_1_1,1,TF_NonTF_NonTF,1,1
021D,Feed-Forward,021D-P0P000,3,Input_Middle_Output,1,1,1,Global regulator : Global regulator : M1.28,3,1_2_1,2,TF_TF_NonTF,2,1
021D,Feed-Forward,021D-P0P000,3,Input_Middle_Output,1,1,1,Global regulator : Global regulator : M1.33,3,1_1_1,1,TF_NonTF_NonTF,1,1
021D,Feed-Forward,021D-P0P000,3,Input_Middle_Output,1,1,1,Global regulator : Global regulator : M1.33,3,1_2_1,2,TF_TF_NonTF,2,1
021D,Feed-Forward,021D-P0P000,3,Input_Middle_Output,1,1,1,Global regulator : Global regulator : M1.33,3,1_5_1,2,TF_TF_NonTF,2,1
021D,Feed-Forward,021D-P0P000,3,Input_Middle_Output,1,1,1,Global regulator : Global regulator : M1.7,3,1_1_1,1,TF_NonTF_NonTF,1,1
021D,Feed-Forward,021D-P0P000,3,Input_Middle_Output,1,1,1,Global regulator : Global regulator : M1.7,3,1_2_1,2,TF_TF_NonTF,2,1
021D,Feed-Forward,021D-P0P000,3,Input_Middle_Output,1,1,1,Global regulator : Global regulator : M14,3,1_1_1,1,TF_NonTF_NonTF,1,1
021D,Feed-Forward,021D-P0P000,3,Input_Middle_Output,1,1,1,Global regulator : Global regulator : M14,3,1_2_1,2,TF_TF_NonTF,2,1
021D,Feed-Forward,021D-P0P000,3,Input_Middle_Output,1,1,1,Global regulator : Global regulator : M14,3,1_5_1,2,TF_TF_NonTF,2,1
021D,Feed-Forward,021D-P0P000,3,Input_Middle_Output,1,1,1,Global regulator : Global regulator : M16,3,1_1_1,1,TF_NonTF_NonTF,1,1
021D,Feed-Forward,021D-P0P000,3,Input_Middle_Output,1,1,1,Global regulator : Global regulator : M16,3,1_2_1,2,TF_TF_NonTF,2,1
021D,Feed-Forward,021D-P0P000,3,Input_Middle_Output,1,1,1,Global regulator : Global regulator : M16,3,1_5_1,2,TF_TF_NonTF,2,1
021D,Feed-Forward,021D-P0P000,3,Input_Middle_Output,1,1,1,Global regulator : Global regulator : M16,3,2_2_1,2,NonTF_TF_NonTF,1,1
021D,Feed-Forward,021D-P0P000,3,Input_Middle_Output,1,1,1,Global regulator : Global regulator : M16,3,2_5_1,3,NonTF_TF_NonTF,1,1
021D,Feed-Forward,021D-P0P000,3,Input_Middle_Output,1,1,1,Global regulator : Global regulator : M2,3,1_1_1,1,TF_NonTF_NonTF,1,1
021D,Feed-Forward,021D-P0P000,3,Input_Middle_Output,1,1,1,Global regulator : Global regulator : M2,3,1_2_1,2,TF_TF_NonTF,2,1
021D,Feed-Forward,021D-P0P000,3,Input_Middle_Output,1,1,1,Global regulator : Global regulator : M24,3,2_2_1,2,NonTF_TF_NonTF,1,1
021D,Feed-Forward,021D-P0P000,3,Input_Middle_Output,1,1,1,Global regulator : Global regulator : M5,3,2_2_2,1,NonTF_TF_NonTF,1,1
021D,Feed-Forward,021D-P0P000,3,Input_Middle_Output,1,1,1,Global regulator : Global regulator : nan,3,1_1_1,1,TF_NonTF_NonTF,1,1
021D,Feed-Forward,021D-P0P000,3,Input_Middle_Output,1,1,1,Global regulator : Global regulator : nan,3,1_2_1,2,TF_TF_NonTF,2,1
021D,Feed-Forward,021D-P0P000,3,Input_Middle_Output,1,1,1,Global regulator : M1.1 : Basal machinery,3,1_1_1,1,TF_TF_TF,3,1
021D,Feed-Forward,021D-P0P000,3,Input_Middle_Output,1,1,1,Global regulator : M1.13 : Intermodular,3,1_1_1,1,TF_TF_TF,3,1
021D,Feed-Forward,021D-P0P000,3,Input_Middle_Output,1,1,1,Global regulator : M1.13 : M1.1,3,1_1_3,2,TF_TF_NonTF,2,1
021D,Feed-Forward,021D-P0P000,3,Input_Middle_Output,1,1,1,Global regulator : M1.13 : M1.11,3,1_1_1,1,TF_TF_NonTF,2,1
021D,Feed-Forward,021D-P0P000,3,Input_Middle_Output,1,1,1,Global regulator : M1.13 : M1.16,3,1_1_1,1,TF_TF_NonTF,2,1
021D,Feed-Forward,021D-P0P000,3,Input_Middle_Output,1,1,1,Global regulator : M1.13 : M1.28,3,1_1_1,1,TF_TF_NonTF,2,1
021D,Feed-Forward,021D-P0P000,3,Input_Middle_Output,1,1,1,Global regulator : M1.13 : M1.33,3,1_1_1,1,TF_TF_NonTF,2,1
021D,Feed-Forward,021D-P0P000,3,Input_Middle_Output,1,1,1,Global regulator : M1.13 : M1.7,3,1_1_1,1,TF_TF_NonTF,2,1
021D,Feed-Forward,021D-P0P000,3,Input_Middle_Output,1,1,1,Global regulator : M1.13 : M14,3,1_1_1,1,TF_TF_NonTF,2,1
021D,Feed-Forward,021D-P0P000,3,Input_Middle_Output,1,1,1,Global regulator : M1.13 : M16,3,1_1_1,1,TF_TF_NonTF,2,1
021D,Feed-Forward,021D-P0P000,3,Input_Middle_Output,1,1,1,Global regulator : M1.13 : M2,3,1_1_1,1,TF_TF_NonTF,2,1
021D,Feed-Forward,021D-P0P000,3,Input_Middle_Output,1,1,1,Global regulator : M1.13 : nan,3,1_1_1,1,TF_TF_NonTF,2,1
021D,Feed-Forward,021D-P0P000,3,Input_Middle_Output,1,1,1,Global regulator : M1.36 : Basal machinery,3,1_1_1,1,TF_NonTF_NonTF,1,1
021D,Feed-Forward,021D-P0P000,3,Input_Middle_Output,1,1,1,Global regulator : M16 : Basal machinery,3,2_2_2,1,NonTF_TF_NonTF,1,1
021D,Feed-Forward,021D-P0P000,3,Input_Middle_Output,1,1,1,Global regulator : M2 : Intermodular,3,1_3_1,2,TF_TF_TF,3,1
021D,Feed-Forward,021D-P0P000,3,Input_Middle_Output,1,1,1,Global regulator : M2 : M1.1,3,1_3_3,2,TF_TF_NonTF,2,1
021D,Feed-Forward,021D-P0P000,3,Input_Middle_Output,1,1,1,Global regulator : M2 : M1.11,3,1_3_1,2,TF_TF_NonTF,2,1
021D,Feed-Forward,021D-P0P000,3,Input_Middle_Output,1,1,1,Global regulator : M2 : M1.16,3,1_3_1,2,TF_TF_NonTF,2,1
021D,Feed-Forward,021D-P0P000,3,Input_Middle_Output,1,1,1,Global regulator : M2 : M1.28,3,1_3_1,2,TF_TF_NonTF,2,1
021D,Feed-Forward,021D-P0P000,3,Input_Middle_Output,1,1,1,Global regulator : M2 : M1.33,3,1_3_1,2,TF_TF_NonTF,2,1
021D,Feed-Forward,021D-P0P000,3,Input_Middle_Output,1,1,1,Global regulator : M2 : M1.7,3,1_3_1,2,TF_TF_NonTF,2,1
021D,Feed-Forward,021D-P0P000,3,Input_Middle_Output,1,1,1,Global regulator : M2 : M14,3,1_3_1,2,TF_TF_NonTF,2,1
021D,Feed-Forward,021D-P0P000,3,Input_Middle_Output,1,1,1,Global regulator : M2 : M16,3,1_3_1,2,TF_TF_NonTF,2,1
021D,Feed-Forward,021D-P0P000,3,Input_Middle_Output,1,1,1,Global regulator : M2 : M2,3,1_3_1,2,TF_TF_NonTF,2,1
021D,Feed-Forward,021D-P0P000,3,Input_Middle_Output,1,1,1,Global regulator : M2 : nan,3,1_3_1,2,TF_TF_NonTF,2,1
021D,Feed-Forward,021D-P0P000,3,Input_Middle_Output,1,1,1,Global regulator : M7 : Intermodular,3,1_1_1,1,TF_NonTF_TF,2,1
021D,Feed-Forward,021D-P0P000,3,Input_Middle_Output,1,1,1,Global regulator : M7 : M1.1,3,1_1_1,1,TF_NonTF_NonTF,1,1
021D,Feed-Forward,021D-P0P000,3,Input_Middle_Output,1,1,1,Global regulator : M7 : M1.1,3,1_1_3,2,TF_NonTF_NonTF,1,1
021D,Feed-Forward,021D-P0P000,3,Input_Middle_Output,1,1,1,Global regulator : M7 : M1.11,3,1_1_1,1,TF_NonTF_NonTF,1,1
021D,Feed-Forward,021D-P0P000,3,Input_Middle_Output,1,1,1,Global regulator : M7 : M1.16,3,1_1_1,1,TF_NonTF_NonTF,1,1
021D,Feed-Forward,021D-P0P000,3,Input_Middle_Output,1,1,1,Global regulator : M7 : M1.28,3,1_1_1,1,TF_NonTF_NonTF,1,1
021D,Feed-Forward,021D-P0P000,3,Input_Middle_Output,1,1,1,Global regulator : M7 : M1.33,3,1_1_1,1,TF_NonTF_NonTF,1,1
021D,Feed-Forward,021D-P0P000,3,Input_Middle_Output,1,1,1,Global regulator : M7 : M1.7,3,1_1_1,1,TF_NonTF_NonTF,1,1
021D,Feed-Forward,021D-P0P000,3,Input_Middle_Output,1,1,1,Global regulator : M7 : M14,3,1_1_1,1,TF_NonTF_NonTF,1,1
021D,Feed-Forward,021D-P0P000,3,Input_Middle_Output,1,1,1,Global regulator : M7 : M16,3,1_1_1,1,TF_NonTF_NonTF,1,1
021D,Feed-Forward,021D-P0P000,3,Input_Middle_Output,1,1,1,Global regulator : M7 : nan,3,1_1_1,1,TF_NonTF_NonTF,1,1
021D,Feed-Forward,021D-P0P000,3,Input_Output_Middle,1,1,1,Global regulator : Basal machinery : Global regulator,3,1_2_1,2,TF_NonTF_NonTF,1,1
021D,Feed-Forward,021D-P0P000,3,Input_Output_Middle,1,1,1,Global regulator : Basal machinery : Global regulator,3,1_2_2,2,TF_NonTF_TF,2,1
021D,Feed-Forward,021D-P0P000,3,Input_Output_Middle,1,1,1,Global regulator : Basal machinery : Global regulator,3,1_2_5,3,TF_NonTF_TF,2,1
021D,Feed-Forward,021D-P0P000,3,Input_Output_Middle,1,1,1,Global regulator : Basal machinery : Global regulator,3,2_1_1,2,NonTF_TF_TF,2,1
021D,Feed-Forward,021D-P0P000,3,Input_Output_Middle,1,1,1,Global regulator : Basal machinery : Global regulator,3,2_1_2,2,NonTF_TF_TF,2,1
021D,Feed-Forward,021D-P0P000,3,Input_Output_Middle,1,1,1,Global regulator : Basal machinery : Global regulator,3,2_1_5,3,NonTF_NonTF_TF,1,1
021D,Feed-Forward,021D-P0P000,3,Input_Output_Middle,1,1,1,Global regulator : Basal machinery : Global regulator,3,2_1_5,3,NonTF_TF_TF,2,1
021D,Feed-Forward,021D-P0P000,3,Input_Output_Middle,1,1,1,Global regulator : Basal machinery : M1.1,3,2_1_1,2,NonTF_TF_TF,2,1
021D,Feed-Forward,021D-P0P000,3,Input_Output_Middle,1,1,1,Global regulator : Basal machinery : M1.13,3,1_1_1,1,TF_NonTF_TF,2,1
021D,Feed-Forward,021D-P0P000,3,Input_Output_Middle,1,1,1,Global regulator : Basal machinery : M1.13,3,1_2_1,2,TF_NonTF_TF,2,1
021D,Feed-Forward,021D-P0P000,3,Input_Output_Middle,1,1,1,Global regulator : Basal machinery : M16,3,2_1_2,2,NonTF_TF_TF,2,1
021D,Feed-Forward,021D-P0P000,3,Input_Output_Middle,1,1,1,Global regulator : Basal machinery : M2,3,1_2_3,3,TF_NonTF_TF,2,1
021D,Feed-Forward,021D-P0P000,3,Input_Output_Middle,1,1,1,Global regulator : Basal machinery : M7,3,1_2_1,2,TF_NonTF_NonTF,1,1
021D,Feed-Forward,021D-P0P000,3,Input_Output_Middle,1,1,1,Global regulator : Intermodular : Global regulator,3,1_1_5,2,TF_NonTF_TF,2,1
021D,Feed-Forward,021D-P0P000,3,Input_Output_Middle,1,1,1,Global regulator : Intermodular : Global regulator,3,2_1_1,2,NonTF_NonTF_TF,1,1
021D,Feed-Forward,021D-P0P000,3,Input_Output_Middle,1,1,1,Global regulator : Intermodular : Global regulator,3,2_1_1,2,NonTF_TF_TF,2,1
021D,Feed-Forward,021D-P0P000,3,Input_Output_Middle,1,1,1,Global regulator : Intermodular : M1.1,3,1_1_1,1,TF_TF_TF,3,1
021D,Feed-Forward,021D-P0P000,3,Input_Output_Middle,1,1,1,Global regulator : Intermodular : M1.1,3,2_1_1,2,NonTF_NonTF_TF,1,1
021D,Feed-Forward,021D-P0P000,3,Input_Output_Middle,1,1,1,Global regulator : Intermodular : M1.1,3,2_1_1,2,NonTF_TF_TF,2,1
021D,Feed-Forward,021D-P0P000,3,Input_Output_Middle,1,1,1,Global regulator : Intermodular : M1.36,3,1_1_1,1,TF_TF_NonTF,2,1
021D,Feed-Forward,021D-P0P000,3,Input_Output_Middle,1,1,1,Global regulator : Intermodular : M16,3,2_1_2,2,NonTF_NonTF_TF,1,1
021D,Feed-Forward,021D-P0P000,3,Input_Output_Middle,1,1,1,Global regulator : Intermodular : M16,3,2_1_2,2,NonTF_TF_TF,2,1
021D,Feed-Forward,021D-P0P000,3,Input_Output_Middle,1,1,1,Global regulator : Intermodular : M7,3,1_1_1,1,TF_NonTF_NonTF,1,1
021D,Feed-Forward,021D-P0P000,3,Input_Output_Middle,1,1,1,Global regulator : M1.1 : Global regulator,3,1_1_1,1,TF_NonTF_NonTF,1,1
021D,Feed-Forward,021D-P0P000,3,Input_Output_Middle,1,1,1,Global regulator : M1.1 : Global regulator,3,1_1_2,2,TF_NonTF_TF,2,1
021D,Feed-Forward,021D-P0P000,3,Input_Output_Middle,1,1,1,Global regulator : M1.1 : Global regulator,3,1_3_1,2,TF_NonTF_TF,2,1
021D,Feed-Forward,021D-P0P000,3,Input_Output_Middle,1,1,1,Global regulator : M1.1 : Global regulator,3,1_3_5,3,TF_NonTF_TF,2,1
021D,Feed-Forward,021D-P0P000,3,Input_Output_Middle,1,1,1,Global regulator : M1.1 : Global regulator,3,2_1_1,2,NonTF_NonTF_TF,1,1
021D,Feed-Forward,021D-P0P000,3,Input_Output_Middle,1,1,1,Global regulator : M1.1 : Global regulator,3,2_1_2,2,NonTF_NonTF_TF,1,1
021D,Feed-Forward,021D-P0P000,3,Input_Output_Middle,1,1,1,Global regulator : M1.1 : Global regulator,3,2_1_5,3,NonTF_NonTF_TF,1,1
021D,Feed-Forward,021D-P0P000,3,Input_Output_Middle,1,1,1,Global regulator : M1.1 : M1.1,3,1_3_1,2,TF_NonTF_TF,2,1
021D,Feed-Forward,021D-P0P000,3,Input_Output_Middle,1,1,1,Global regulator : M1.1 : M1.1,3,2_1_1,2,NonTF_NonTF_TF,1,1
021D,Feed-Forward,021D-P0P000,3,Input_Output_Middle,1,1,1,Global regulator : M1.1 : M1.36,3,1_3_1,2,TF_NonTF_NonTF,1,1
021D,Feed-Forward,021D-P0P000,3,Input_Output_Middle,1,1,1,Global regulator : M1.1 : M16,3,2_1_2,2,NonTF_NonTF_TF,1,1
021D,Feed-Forward,021D-P0P000,3,Input_Output_Middle,1,1,1,Global regulator : M1.11 : M1.1,3,1_1_1,1,TF_NonTF_TF,2,1
021D,Feed-Forward,021D-P0P000,3,Input_Output_Middle,1,1,1,Global regulator : M1.11 : M1.36,3,1_1_1,1,TF_NonTF_NonTF,1,1
021D,Feed-Forward,021D-P0P000,3,Input_Output_Middle,1,1,1,Global regulator : M1.14 : Global regulator,3,2_2_1,2,NonTF_NonTF_TF,1,1
021D,Feed-Forward,021D-P0P000,3,Input_Output_Middle,1,1,1,Global regulator : M1.14 : M1.1,3,2_2_1,2,NonTF_NonTF_TF,1,1
021D,Feed-Forward,021D-P0P000,3,Input_Output_Middle,1,1,1,Global regulator : M1.14 : M16,3,2_2_2,1,NonTF_NonTF_TF,1,1
021D,Feed-Forward,021D-P0P000,3,Input_Output_Middle,1,1,1,Global regulator : M1.16 : M1.1,3,1_1_1,1,TF_NonTF_TF,2,1
021D,Feed-Forward,021D-P0P000,3,Input_Output_Middle,1,1,1,Global regulator : M1.16 : M1.36,3,1_1_1,1,TF_NonTF_NonTF,1,1
021D,Feed-Forward,021D-P0P000,3,Input_Output_Middle,1,1,1,Global regulator : M1.19 : Global regulator,3,1_1_1,1,TF_NonTF_NonTF,1,1
021D,Feed-Forward,021D-P0P000,3,Input_Output_Middle,1,1,1,Global regulator : M1.19 : Global regulator,3,1_1_2,2,TF_NonTF_TF,2,1
021D,Feed-Forward,021D-P0P000,3,Input_Output_Middle,1,1,1,Global regulator : M1.19 : Global regulator,3,1_1_5,2,TF_NonTF_TF,2,1
021D,Feed-Forward,021D-P0P000,3,Input_Output_Middle,1,1,1,Global regulator : M1.19 : M1.1,3,1_1_1,1,TF_NonTF_TF,2,1
021D,Feed-Forward,021D-P0P000,3,Input_Output_Middle,1,1,1,Global regulator : M1.19 : M1.13,3,1_1_1,1,TF_NonTF_TF,2,1
021D,Feed-Forward,021D-P0P000,3,Input_Output_Middle,1,1,1,Global regulator : M1.19 : M1.36,3,1_1_1,1,TF_NonTF_NonTF,1,1
021D,Feed-Forward,021D-P0P000,3,Input_Output_Middle,1,1,1,Global regulator : M1.19 : M2,3,1_1_3,2,TF_NonTF_TF,2,1
021D,Feed-Forward,021D-P0P000,3,Input_Output_Middle,1,1,1,Global regulator : M1.19 : M7,3,1_1_1,1,TF_NonTF_NonTF,1,1
021D,Feed-Forward,021D-P0P000,3,Input_Output_Middle,1,1,1,Global regulator : M1.2 : Global regulator,3,2_2_1,2,NonTF_NonTF_TF,1,1
021D,Feed-Forward,021D-P0P000,3,Input_Output_Middle,1,1,1,Global regulator : M1.2 : Global regulator,3,2_2_2,1,NonTF_NonTF_TF,1,1
021D,Feed-Forward,021D-P0P000,3,Input_Output_Middle,1,1,1,Global regulator : M1.2 : Global regulator,3,2_2_5,2,NonTF_NonTF_TF,1,1
021D,Feed-Forward,021D-P0P000,3,Input_Output_Middle,1,1,1,Global regulator : M1.2 : M1.1,3,2_2_1,2,NonTF_NonTF_TF,1,1
021D,Feed-Forward,021D-P0P000,3,Input_Output_Middle,1,1,1,Global regulator : M1.2 : M16,3,2_2_2,1,NonTF_NonTF_TF,1,1
021D,Feed-Forward,021D-P0P000,3,Input_Output_Middle,1,1,1,Global regulator : M1.26 : Global regulator,3,2_2_1,2,NonTF_TF_TF,2,1
021D,Feed-Forward,021D-P0P000,3,Input_Output_Middle,1,1,1,Global regulator : M1.26 : Global regulator,3,2_2_5,2,NonTF_TF_TF,2,1
021D,Feed-Forward,021D-P0P000,3,Input_Output_Middle,1,1,1,Global regulator : M1.26 : M1.1,3,2_2_1,2,NonTF_TF_TF,2,1
021D,Feed-Forward,021D-P0P000,3,Input_Output_Middle,1,1,1,Global regulator : M1.26 : M16,3,2_2_2,1,NonTF_TF_TF,2,1
021D,Feed-Forward,021D-P0P000,3,Input_Output_Middle,1,1,1,Global regulator : M1.28 : Global regulator,3,1_1_1,1,TF_NonTF_TF,2,1
021D,Feed-Forward,021D-P0P000,3,Input_Output_Middle,1,1,1,Global regulator : M1.28 : Global regulator,3,1_1_5,2,TF_NonTF_TF,2,1
021D,Feed-Forward,021D-P0P000,3,Input_Output_Middle,1,1,1,Global regulator : M1.28 : M1.1,3,1_1_1,1,TF_NonTF_TF,2,1
021D,Feed-Forward,021D-P0P000,3,Input_Output_Middle,1,1,1,Global regulator : M1.28 : M1.36,3,1_1_1,1,TF_NonTF_NonTF,1,1
021D,Feed-Forward,021D-P0P000,3,Input_Output_Middle,1,1,1,Global regulator : M1.33 : M1.1,3,1_1_1,1,TF_NonTF_TF,2,1
021D,Feed-Forward,021D-P0P000,3,Input_Output_Middle,1,1,1,Global regulator : M1.33 : M1.36,3,1_1_1,1,TF_NonTF_NonTF,1,1
021D,Feed-Forward,021D-P0P000,3,Input_Output_Middle,1,1,1,Global regulator : M1.7 : M1.1,3,1_1_1,1,TF_NonTF_TF,2,1
021D,Feed-Forward,021D-P0P000,3,Input_Output_Middle,1,1,1,Global regulator : M1.7 : M1.36,3,1_1_1,1,TF_NonTF_NonTF,1,1
021D,Feed-Forward,021D-P0P000,3,Input_Output_Middle,1,1,1,Global regulator : M14 : M1.1,3,1_1_1,1,TF_NonTF_TF,2,1
021D,Feed-Forward,021D-P0P000,3,Input_Output_Middle,1,1,1,Global regulator : M14 : M1.36,3,1_1_1,1,TF_NonTF_NonTF,1,1
021D,Feed-Forward,021D-P0P000,3,Input_Output_Middle,1,1,1,Global regulator : M16 : Global regulator,3,2_1_1,2,NonTF_NonTF_TF,1,1
021D,Feed-Forward,021D-P0P000,3,Input_Output_Middle,1,1,1,Global regulator : M16 : M1.1,3,1_1_1,1,TF_NonTF_TF,2,1
021D,Feed-Forward,021D-P0P000,3,Input_Output_Middle,1,1,1,Global regulator : M16 : M1.1,3,2_1_1,2,NonTF_NonTF_TF,1,1
021D,Feed-Forward,021D-P0P000,3,Input_Output_Middle,1,1,1,Global regulator : M16 : M1.36,3,1_1_1,1,TF_NonTF_NonTF,1,1
021D,Feed-Forward,021D-P0P000,3,Input_Output_Middle,1,1,1,Global regulator : M16 : M16,3,2_1_2,2,NonTF_NonTF_TF,1,1
021D,Feed-Forward,021D-P0P000,3,Input_Output_Middle,1,1,1,Global regulator : M2 : Global regulator,3,1_1_1,1,TF_NonTF_NonTF,1,1
021D,Feed-Forward,021D-P0P000,3,Input_Output_Middle,1,1,1,Global regulator : M2 : Global regulator,3,1_1_2,2,TF_NonTF_TF,2,1
021D,Feed-Forward,021D-P0P000,3,Input_Output_Middle,1,1,1,Global regulator : M2 : M1.13,3,1_1_1,1,TF_NonTF_TF,2,1
021D,Feed-Forward,021D-P0P000,3,Input_Output_Middle,1,1,1,Global regulator : M2 : M2,3,1_1_3,2,TF_NonTF_TF,2,1
021D,Feed-Forward,021D-P0P000,3,Input_Output_Middle,1,1,1,Global regulator : M24 : Global regulator,3,2_1_1,2,NonTF_NonTF_TF,1,1
021D,Feed-Forward,021D-P0P000,3,Input_Output_Middle,1,1,1,Global regulator : M24 : Global regulator,3,2_1_5,3,NonTF_NonTF_TF,1,1
021D,Feed-Forward,021D-P0P000,3,Input_Output_Middle,1,1,1,Global regulator : M24 : M1.1,3,2_1_1,2,NonTF_NonTF_TF,1,1
021D,Feed-Forward,021D-P0P000,3,Input_Output_Middle,1,1,1,Global regulator : M24 : M16,3,2_1_2,2,NonTF_NonTF_TF,1,1
021D,Feed-Forward,021D-P0P000,3,Input_Output_Middle,1,1,1,Global regulator : M5 : Global regulator,3,2_2_1,2,NonTF_NonTF_TF,1,1
021D,Feed-Forward,021D-P0P000,3,Input_Output_Middle,1,1,1,Global regulator : M5 : Global regulator,3,2_2_5,2,NonTF_NonTF_TF,1,1
021D,Feed-Forward,021D-P0P000,3,Input_Output_Middle,1,1,1,Global regulator : M5 : M1.1,3,2_2_1,2,NonTF_NonTF_TF,1,1
021D,Feed-Forward,021D-P0P000,3,Input_Output_Middle,1,1,1,Global regulator : M5 : M16,3,2_2_2,1,NonTF_NonTF_TF,1,1
021D,Feed-Forward,021D-P0P000,3,Input_Output_Middle,1,1,1,Global regulator : nan : Global regulator,3,1_1_1,1,TF_NonTF_TF,2,1
021D,Feed-Forward,021D-P0P000,3,Input_Output_Middle,1,1,1,Global regulator : nan : Global regulator,3,1_1_5,2,TF_NonTF_TF,2,1
021D,Feed-Forward,021D-P0P000,3,Input_Output_Middle,1,1,1,Global regulator : nan : M1.1,3,1_1_1,1,TF_NonTF_TF,2,1
021D,Feed-Forward,021D-P0P000,3,Input_Output_Middle,1,1,1,Global regulator : nan : M1.36,3,1_1_1,1,TF_NonTF_NonTF,1,1
021D,Feed-Forward,021D-P0P000,3,Input_Output_Output,1,0,2,Global regulator : Basal machinery : Basal machinery,3,2_1_1,2,TF_NonTF_NonTF,1,1
021D,Feed-Forward,021D-P0P000,3,Input_Output_Output,1,0,2,Global regulator : Basal machinery : Basal machinery,3,2_1_2,2,TF_NonTF_NonTF,1,1
021D,Feed-Forward,021D-P0P000,3,Input_Output_Output,1,0,2,Global regulator : Basal machinery : Basal machinery,3,2_1_6,3,NonTF_NonTF_NonTF,0,1
021D,Feed-Forward,021D-P0P000,3,Input_Output_Output,1,0,2,Global regulator : Basal machinery : Basal machinery,3,2_2_2,1,TF_NonTF_NonTF,1,1
021D,Feed-Forward,021D-P0P000,3,Input_Output_Output,1,0,2,Global regulator : Basal machinery : Basal machinery,3,2_6_1,3,NonTF_NonTF_NonTF,0,1
021D,Feed-Forward,021D-P0P000,3,Input_Output_Output,1,0,2,Global regulator : Basal machinery : Basal machinery,3,2_6_6,2,NonTF_NonTF_NonTF,0,1
021D,Feed-Forward,021D-P0P000,3,Input_Output_Output,1,0,2,Global regulator : Basal machinery : Basal machinery,3,3_2_1,3,TF_NonTF_TF,2,1
021D,Feed-Forward,021D-P0P000,3,Input_Output_Output,1,0,2,Global regulator : Basal machinery : Intermodular,3,2_1_1,2,NonTF_TF_NonTF,1,1
021D,Feed-Forward,021D-P0P000,3,Input_Output_Output,1,0,2,Global regulator : Basal machinery : Intermodular,3,2_1_1,2,NonTF_TF_TF,2,1
021D,Feed-Forward,021D-P0P000,3,Input_Output_Output,1,0,2,Global regulator : Basal machinery : M1.1,3,1_2_3,3,TF_NonTF_NonTF,1,1
021D,Feed-Forward,021D-P0P000,3,Input_Output_Output,1,0,2,Global regulator : Basal machinery : M1.1,3,2_1_1,2,NonTF_TF_NonTF,1,1
021D,Feed-Forward,021D-P0P000,3,Input_Output_Output,1,0,2,Global regulator : Basal machinery : M1.14,3,2_1_2,2,NonTF_TF_NonTF,1,1
021D,Feed-Forward,021D-P0P000,3,Input_Output_Output,1,0,2,Global regulator : Basal machinery : M1.16,3,1_2_1,2,TF_NonTF_NonTF,1,1
021D,Feed-Forward,021D-P0P000,3,Input_Output_Output,1,0,2,Global regulator : Basal machinery : M1.18,3,3_1_3,2,TF_TF_NonTF,2,1
021D,Feed-Forward,021D-P0P000,3,Input_Output_Output,1,0,2,Global regulator : Basal machinery : M1.18,3,3_2_3,2,TF_NonTF_NonTF,1,1
021D,Feed-Forward,021D-P0P000,3,Input_Output_Output,1,0,2,Global regulator : Basal machinery : M1.19,3,1_1_1,1,TF_NonTF_NonTF,1,1
021D,Feed-Forward,021D-P0P000,3,Input_Output_Output,1,0,2,Global regulator : Basal machinery : M1.19,3,1_2_1,2,TF_NonTF_NonTF,1,1
021D,Feed-Forward,021D-P0P000,3,Input_Output_Output,1,0,2,Global regulator : Basal machinery : M1.2,3,2_1_2,2,NonTF_TF_NonTF,1,1
021D,Feed-Forward,021D-P0P000,3,Input_Output_Output,1,0,2,Global regulator : Basal machinery : M1.26,3,2_1_2,2,NonTF_TF_TF,2,1
021D,Feed-Forward,021D-P0P000,3,Input_Output_Output,1,0,2,Global regulator : Basal machinery : M1.28,3,1_1_1,1,TF_TF_NonTF,2,1
021D,Feed-Forward,021D-P0P000,3,Input_Output_Output,1,0,2,Global regulator : Basal machinery : M1.28,3,1_2_1,2,TF_NonTF_NonTF,1,1
021D,Feed-Forward,021D-P0P000,3,Input_Output_Output,1,0,2,Global regulator : Basal machinery : M1.7,3,1_1_1,1,TF_TF_NonTF,2,1
021D,Feed-Forward,021D-P0P000,3,Input_Output_Output,1,0,2,Global regulator : Basal machinery : M1.7,3,1_2_1,2,TF_NonTF_NonTF,1,1
021D,Feed-Forward,021D-P0P000,3,Input_Output_Output,1,0,2,Global regulator : Basal machinery : M14,3,1_2_1,2,TF_NonTF_NonTF,1,1
021D,Feed-Forward,021D-P0P000,3,Input_Output_Output,1,0,2,Global regulator : Basal machinery : M16,3,1_2_1,2,TF_NonTF_NonTF,1,1
021D,Feed-Forward,021D-P0P000,3,Input_Output_Output,1,0,2,Global regulator : Basal machinery : M16,3,2_1_1,2,NonTF_NonTF_NonTF,0,1
021D,Feed-Forward,021D-P0P000,3,Input_Output_Output,1,0,2,Global regulator : Basal machinery : M16,3,2_1_1,2,NonTF_TF_NonTF,1,1
021D,Feed-Forward,021D-P0P000,3,Input_Output_Output,1,0,2,Global regulator : Basal machinery : M2,3,1_2_1,2,TF_NonTF_NonTF,1,1
021D,Feed-Forward,021D-P0P000,3,Input_Output_Output,1,0,2,Global regulator : Basal machinery : M24,3,2_1_1,2,NonTF_TF_NonTF,1,1
021D,Feed-Forward,021D-P0P000,3,Input_Output_Output,1,0,2,Global regulator : Basal machinery : M27,3,2_6_2,2,NonTF_NonTF_NonTF,0,1
021D,Feed-Forward,021D-P0P000,3,Input_Output_Output,1,0,2,Global regulator : Basal machinery : M5,3,2_1_2,2,NonTF_TF_NonTF,1,1
021D,Feed-Forward,021D-P0P000,3,Input_Output_Output,1,0,2,Global regulator : Basal machinery : nan,3,1_1_1,1,TF_TF_NonTF,2,1
021D,Feed-Forward,021D-P0P000,3,Input_Output_Output,1,0,2,Global regulator : Basal machinery : nan,3,1_2_1,2,TF_NonTF_NonTF,1,1
021D,Feed-Forward,021D-P0P000,3,Input_Output_Output,1,0,2,Global regulator : Intermodular : Basal machinery,3,2_1_2,2,NonTF_NonTF_NonTF,0,1
021D,Feed-Forward,021D-P0P000,3,Input_Output_Output,1,0,2,Global regulator : Intermodular : Basal machinery,3,2_1_2,2,NonTF_TF_NonTF,1,1
021D,Feed-Forward,021D-P0P000,3,Input_Output_Output,1,0,2,Global regulator : Intermodular : Intermodular,3,1_1_1,1,TF_TF_NonTF,2,1
021D,Feed-Forward,021D-P0P000,3,Input_Output_Output,1,0,2,Global regulator : Intermodular : Intermodular,3,2_1_1,2,NonTF_NonTF_TF,1,1
021D,Feed-Forward,021D-P0P000,3,Input_Output_Output,1,0,2,Global regulator : Intermodular : M1.1,3,1_1_1,1,TF_TF_NonTF,2,1
021D,Feed-Forward,021D-P0P000,3,Input_Output_Output,1,0,2,Global regulator : Intermodular : M1.1,3,1_1_3,2,TF_NonTF_NonTF,1,1
021D,Feed-Forward,021D-P0P000,3,Input_Output_Output,1,0,2,Global regulator : Intermodular : M1.14,3,2_1_2,2,NonTF_NonTF_NonTF,0,1
021D,Feed-Forward,021D-P0P000,3,Input_Output_Output,1,0,2,Global regulator : Intermodular : M1.16,3,1_1_1,1,TF_NonTF_NonTF,1,1
021D,Feed-Forward,021D-P0P000,3,Input_Output_Output,1,0,2,Global regulator : Intermodular : M1.28,3,1_1_1,1,TF_NonTF_NonTF,1,1
021D,Feed-Forward,021D-P0P000,3,Input_Output_Output,1,0,2,Global regulator : Intermodular : M1.33,3,1_1_1,1,TF_NonTF_NonTF,1,1
021D,Feed-Forward,021D-P0P000,3,Input_Output_Output,1,0,2,Global regulator : Intermodular : M1.7,3,1_1_1,1,TF_NonTF_NonTF,1,1
021D,Feed-Forward,021D-P0P000,3,Input_Output_Output,1,0,2,Global regulator : Intermodular : M14,3,1_1_1,1,TF_NonTF_NonTF,1,1
021D,Feed-Forward,021D-P0P000,3,Input_Output_Output,1,0,2,Global regulator : Intermodular : M16,3,1_1_1,1,TF_NonTF_NonTF,1,1
021D,Feed-Forward,021D-P0P000,3,Input_Output_Output,1,0,2,Global regulator : Intermodular : nan,3,1_1_1,1,TF_NonTF_NonTF,1,1
021D,Feed-Forward,021D-P0P000,3,Input_Output_Output,1,0,2,Global regulator : M1.1 : Intermodular,3,1_3_1,2,TF_NonTF_TF,2,1
021D,Feed-Forward,021D-P0P000,3,Input_Output_Output,1,0,2,Global regulator : M1.1 : Intermodular,3,2_1_1,2,NonTF_NonTF_NonTF,0,1
021D,Feed-Forward,021D-P0P000,3,Input_Output_Output,1,0,2,Global regulator : M1.1 : Intermodular,3,2_1_1,2,NonTF_NonTF_TF,1,1
021D,Feed-Forward,021D-P0P000,3,Input_Output_Output,1,0,2,Global regulator : M1.1 : M1.1,3,1_3_1,2,TF_NonTF_NonTF,1,1
021D,Feed-Forward,021D-P0P000,3,Input_Output_Output,1,0,2,Global regulator : M1.1 : M1.11,3,1_3_1,2,TF_NonTF_NonTF,1,1
021D,Feed-Forward,021D-P0P000,3,Input_Output_Output,1,0,2,Global regulator : M1.1 : M1.14,3,2_1_2,2,NonTF_NonTF_NonTF,0,1
021D,Feed-Forward,021D-P0P000,3,Input_Output_Output,1,0,2,Global regulator : M1.1 : M1.16,3,1_3_1,2,TF_NonTF_NonTF,1,1
021D,Feed-Forward,021D-P0P000,3,Input_Output_Output,1,0,2,Global regulator : M1.1 : M1.2,3,2_1_2,2,NonTF_NonTF_NonTF,0,1
021D,Feed-Forward,021D-P0P000,3,Input_Output_Output,1,0,2,Global regulator : M1.1 : M1.26,3,2_1_2,2,NonTF_NonTF_TF,1,1
021D,Feed-Forward,021D-P0P000,3,Input_Output_Output,1,0,2,Global regulator : M1.1 : M1.33,3,1_3_1,2,TF_NonTF_NonTF,1,1
021D,Feed-Forward,021D-P0P000,3,Input_Output_Output,1,0,2,Global regulator : M1.1 : M14,3,1_3_1,2,TF_NonTF_NonTF,1,1
021D,Feed-Forward,021D-P0P000,3,Input_Output_Output,1,0,2,Global regulator : M1.1 : M16,3,1_3_1,2,TF_NonTF_NonTF,1,1
021D,Feed-Forward,021D-P0P000,3,Input_Output_Output,1,0,2,Global regulator : M1.1 : M16,3,2_1_1,2,NonTF_NonTF_NonTF,0,1
021D,Feed-Forward,021D-P0P000,3,Input_Output_Output,1,0,2,Global regulator : M1.1 : M24,3,2_1_1,2,NonTF_NonTF_NonTF,0,1
021D,Feed-Forward,021D-P0P000,3,Input_Output_Output,1,0,2,Global regulator : M1.1 : M5,3,2_1_2,2,NonTF_NonTF_NonTF,0,1
021D,Feed-Forward,021D-P0P000,3,Input_Output_Output,1,0,2,Global regulator : M1.11 : Intermodular,3,1_1_1,1,TF_NonTF_TF,2,1
021D,Feed-Forward,021D-P0P000,3,Input_Output_Output,1,0,2,Global regulator : M1.11 : M1.1,3,1_1_1,1,TF_NonTF_NonTF,1,1
021D,Feed-Forward,021D-P0P000,3,Input_Output_Output,1,0,2,Global regulator : M1.14 : Basal machinery,3,2_2_2,1,NonTF_NonTF_NonTF,0,1
021D,Feed-Forward,021D-P0P000,3,Input_Output_Output,1,0,2,Global regulator : M1.14 : Intermodular,3,2_2_1,2,NonTF_NonTF_TF,1,1
021D,Feed-Forward,021D-P0P000,3,Input_Output_Output,1,0,2,Global regulator : M1.16 : Intermodular,3,1_1_1,1,TF_NonTF_TF,2,1
021D,Feed-Forward,021D-P0P000,3,Input_Output_Output,1,0,2,Global regulator : M1.16 : M1.1,3,1_1_1,1,TF_NonTF_NonTF,1,1
021D,Feed-Forward,021D-P0P000,3,Input_Output_Output,1,0,2,Global regulator : M1.16 : M1.11,3,1_1_1,1,TF_NonTF_NonTF,1,1
021D,Feed-Forward,021D-P0P000,3,Input_Output_Output,1,0,2,Global regulator : M1.16 : M1.33,3,1_1_1,1,TF_NonTF_NonTF,1,1
021D,Feed-Forward,021D-P0P000,3,Input_Output_Output,1,0,2,Global regulator : M1.16 : M17,3,1_1_1,1,TF_NonTF_NonTF,1,1
021D,Feed-Forward,021D-P0P000,3,Input_Output_Output,1,0,2,Global regulator : M1.19 : Intermodular,3,1_1_1,1,TF_NonTF_TF,2,1
021D,Feed-Forward,021D-P0P000,3,Input_Output_Output,1,0,2,Global regulator : M1.19 : M1.1,3,1_1_3,2,TF_NonTF_NonTF,1,1
021D,Feed-Forward,021D-P0P000,3,Input_Output_Output,1,0,2,Global regulator : M1.19 : M1.11,3,1_1_1,1,TF_NonTF_NonTF,1,1
021D,Feed-Forward,021D-P0P000,3,Input_Output_Output,1,0,2,Global regulator : M1.19 : M1.16,3,1_1_1,1,TF_NonTF_NonTF,1,1
021D,Feed-Forward,021D-P0P000,3,Input_Output_Output,1,0,2,Global regulator : M1.19 : M1.28,3,1_1_1,1,TF_NonTF_NonTF,1,1
021D,Feed-Forward,021D-P0P000,3,Input_Output_Output,1,0,2,Global regulator : M1.19 : M1.33,3,1_1_1,1,TF_NonTF_NonTF,1,1
021D,Feed-Forward,021D-P0P000,3,Input_Output_Output,1,0,2,Global regulator : M1.19 : M1.7,3,1_1_1,1,TF_NonTF_NonTF,1,1
021D,Feed-Forward,021D-P0P000,3,Input_Output_Output,1,0,2,Global regulator : M1.19 : M14,3,1_1_1,1,TF_NonTF_NonTF,1,1
021D,Feed-Forward,021D-P0P000,3,Input_Output_Output,1,0,2,Global regulator : M1.19 : M16,3,1_1_1,1,TF_NonTF_NonTF,1,1
021D,Feed-Forward,021D-P0P000,3,Input_Output_Output,1,0,2,Global regulator : M1.19 : M2,3,1_1_1,1,TF_NonTF_NonTF,1,1
021D,Feed-Forward,021D-P0P000,3,Input_Output_Output,1,0,2,Global regulator : M1.19 : nan,3,1_1_1,1,TF_NonTF_NonTF,1,1
021D,Feed-Forward,021D-P0P000,3,Input_Output_Output,1,0,2,Global regulator : M1.2 : Intermodular,3,2_2_1,2,NonTF_NonTF_NonTF,0,1
021D,Feed-Forward,021D-P0P000,3,Input_Output_Output,1,0,2,Global regulator : M1.2 : Intermodular,3,2_2_1,2,NonTF_NonTF_TF,1,1
021D,Feed-Forward,021D-P0P000,3,Input_Output_Output,1,0,2,Global regulator : M1.2 : M1.14,3,2_2_2,1,NonTF_NonTF_NonTF,0,1
021D,Feed-Forward,021D-P0P000,3,Input_Output_Output,1,0,2,Global regulator : M1.2 : M1.26,3,2_2_2,1,NonTF_NonTF_TF,1,1
021D,Feed-Forward,021D-P0P000,3,Input_Output_Output,1,0,2,Global regulator : M1.2 : M16,3,2_2_1,2,NonTF_NonTF_NonTF,0,1
021D,Feed-Forward,021D-P0P000,3,Input_Output_Output,1,0,2,Global regulator : M1.2 : M24,3,2_2_1,2,NonTF_NonTF_NonTF,0,1
021D,Feed-Forward,021D-P0P000,3,Input_Output_Output,1,0,2,Global regulator : M1.2 : M5,3,2_2_2,1,NonTF_NonTF_NonTF,0,1
021D,Feed-Forward,021D-P0P000,3,Input_Output_Output,1,0,2,Global regulator : M1.26 : Intermodular,3,2_2_1,2,NonTF_TF_NonTF,1,1
021D,Feed-Forward,021D-P0P000,3,Input_Output_Output,1,0,2,Global regulator : M1.26 : Intermodular,3,2_2_1,2,NonTF_TF_TF,2,1
021D,Feed-Forward,021D-P0P000,3,Input_Output_Output,1,0,2,Global regulator : M1.26 : M1.14,3,2_2_2,1,NonTF_TF_NonTF,1,1
021D,Feed-Forward,021D-P0P000,3,Input_Output_Output,1,0,2,Global regulator : M1.26 : M16,3,2_2_1,2,NonTF_TF_NonTF,1,1
021D,Feed-Forward,021D-P0P000,3,Input_Output_Output,1,0,2,Global regulator : M1.26 : M24,3,2_2_1,2,NonTF_TF_NonTF,1,1
021D,Feed-Forward,021D-P0P000,3,Input_Output_Output,1,0,2,Global regulator : M1.26 : M5,3,2_2_2,1,NonTF_TF_NonTF,1,1
021D,Feed-Forward,021D-P0P000,3,Input_Output_Output,1,0,2,Global regulator : M1.27 : M1.27,3,1_1_1,1,TF_NonTF_NonTF,1,1
021D,Feed-Forward,021D-P0P000,3,Input_Output_Output,1,0,2,Global regulator : M1.28 : Intermodular,3,1_1_1,1,TF_NonTF_TF,2,1
021D,Feed-Forward,021D-P0P000,3,Input_Output_Output,1,0,2,Global regulator : M1.28 : M1.1,3,1_1_1,1,TF_NonTF_NonTF,1,1
021D,Feed-Forward,021D-P0P000,3,Input_Output_Output,1,0,2,Global regulator : M1.28 : M1.1,3,1_1_3,2,TF_NonTF_NonTF,1,1
021D,Feed-Forward,021D-P0P000,3,Input_Output_Output,1,0,2,Global regulator : M1.28 : M1.11,3,1_1_1,1,TF_NonTF_NonTF,1,1
021D,Feed-Forward,021D-P0P000,3,Input_Output_Output,1,0,2,Global regulator : M1.28 : M1.16,3,1_1_1,1,TF_NonTF_NonTF,1,1
021D,Feed-Forward,021D-P0P000,3,Input_Output_Output,1,0,2,Global regulator : M1.28 : M1.33,3,1_1_1,1,TF_NonTF_NonTF,1,1
021D,Feed-Forward,021D-P0P000,3,Input_Output_Output,1,0,2,Global regulator : M1.28 : M14,3,1_1_1,1,TF_NonTF_NonTF,1,1
021D,Feed-Forward,021D-P0P000,3,Input_Output_Output,1,0,2,Global regulator : M1.28 : M16,3,1_1_1,1,TF_NonTF_NonTF,1,1
021D,Feed-Forward,021D-P0P000,3,Input_Output_Output,1,0,2,Global regulator : M1.33 : Intermodular,3,1_1_1,1,TF_NonTF_TF,2,1
021D,Feed-Forward,021D-P0P000,3,Input_Output_Output,1,0,2,Global regulator : M1.33 : M1.1,3,1_1_1,1,TF_NonTF_NonTF,1,1
021D,Feed-Forward,021D-P0P000,3,Input_Output_Output,1,0,2,Global regulator : M1.33 : M1.11,3,1_1_1,1,TF_NonTF_NonTF,1,1
021D,Feed-Forward,021D-P0P000,3,Input_Output_Output,1,0,2,Global regulator : M1.33 : M17,3,1_1_1,1,TF_NonTF_NonTF,1,1
021D,Feed-Forward,021D-P0P000,3,Input_Output_Output,1,0,2,Global regulator : M1.7 : Intermodular,3,1_1_1,1,TF_NonTF_TF,2,1
021D,Feed-Forward,021D-P0P000,3,Input_Output_Output,1,0,2,Global regulator : M1.7 : M1.1,3,1_1_1,1,TF_NonTF_NonTF,1,1
021D,Feed-Forward,021D-P0P000,3,Input_Output_Output,1,0,2,Global regulator : M1.7 : M1.1,3,1_1_3,2,TF_NonTF_NonTF,1,1
021D,Feed-Forward,021D-P0P000,3,Input_Output_Output,1,0,2,Global regulator : M1.7 : M1.11,3,1_1_1,1,TF_NonTF_NonTF,1,1
021D,Feed-Forward,021D-P0P000,3,Input_Output_Output,1,0,2,Global regulator : M1.7 : M1.16,3,1_1_1,1,TF_NonTF_NonTF,1,1
021D,Feed-Forward,021D-P0P000,3,Input_Output_Output,1,0,2,Global regulator : M1.7 : M1.28,3,1_1_1,1,TF_NonTF_NonTF,1,1
021D,Feed-Forward,021D-P0P000,3,Input_Output_Output,1,0,2,Global regulator : M1.7 : M1.33,3,1_1_1,1,TF_NonTF_NonTF,1,1
021D,Feed-Forward,021D-P0P000,3,Input_Output_Output,1,0,2,Global regulator : M1.7 : M14,3,1_1_1,1,TF_NonTF_NonTF,1,1
021D,Feed-Forward,021D-P0P000,3,Input_Output_Output,1,0,2,Global regulator : M1.7 : M16,3,1_1_1,1,TF_NonTF_NonTF,1,1
021D,Feed-Forward,021D-P0P000,3,Input_Output_Output,1,0,2,Global regulator : M1.7 : nan,3,1_1_1,1,TF_NonTF_NonTF,1,1
021D,Feed-Forward,021D-P0P000,3,Input_Output_Output,1,0,2,Global regulator : M1.8 : Basal machinery,3,3_3_1,2,TF_NonTF_TF,2,1
021D,Feed-Forward,021D-P0P000,3,Input_Output_Output,1,0,2,Global regulator : M1.8 : Basal machinery,3,3_3_2,2,TF_NonTF_NonTF,1,1
021D,Feed-Forward,021D-P0P000,3,Input_Output_Output,1,0,2,Global regulator : M1.8 : M1.18,3,3_3_3,1,TF_NonTF_NonTF,1,1
021D,Feed-Forward,021D-P0P000,3,Input_Output_Output,1,0,2,Global regulator : M14 : Intermodular,3,1_1_1,1,TF_NonTF_TF,2,1
021D,Feed-Forward,021D-P0P000,3,Input_Output_Output,1,0,2,Global regulator : M14 : M1.1,3,1_1_1,1,TF_NonTF_NonTF,1,1
021D,Feed-Forward,021D-P0P000,3,Input_Output_Output,1,0,2,Global regulator : M14 : M1.11,3,1_1_1,1,TF_NonTF_NonTF,1,1
021D,Feed-Forward,021D-P0P000,3,Input_Output_Output,1,0,2,Global regulator : M14 : M1.16,3,1_1_1,1,TF_NonTF_NonTF,1,1
021D,Feed-Forward,021D-P0P000,3,Input_Output_Output,1,0,2,Global regulator : M14 : M1.33,3,1_1_1,1,TF_NonTF_NonTF,1,1
021D,Feed-Forward,021D-P0P000,3,Input_Output_Output,1,0,2,Global regulator : M16 : Intermodular,3,1_1_1,1,TF_NonTF_TF,2,1
021D,Feed-Forward,021D-P0P000,3,Input_Output_Output,1,0,2,Global regulator : M16 : Intermodular,3,2_1_1,2,NonTF_NonTF_NonTF,0,1
021D,Feed-Forward,021D-P0P000,3,Input_Output_Output,1,0,2,Global regulator : M16 : Intermodular,3,2_1_1,2,NonTF_NonTF_TF,1,1
021D,Feed-Forward,021D-P0P000,3,Input_Output_Output,1,0,2,Global regulator : M16 : M1.1,3,1_1_1,1,TF_NonTF_NonTF,1,1
021D,Feed-Forward,021D-P0P000,3,Input_Output_Output,1,0,2,Global regulator : M16 : M1.11,3,1_1_1,1,TF_NonTF_NonTF,1,1
021D,Feed-Forward,021D-P0P000,3,Input_Output_Output,1,0,2,Global regulator : M16 : M1.14,3,2_1_2,2,NonTF_NonTF_NonTF,0,1
021D,Feed-Forward,021D-P0P000,3,Input_Output_Output,1,0,2,Global regulator : M16 : M1.16,3,1_1_1,1,TF_NonTF_NonTF,1,1
021D,Feed-Forward,021D-P0P000,3,Input_Output_Output,1,0,2,Global regulator : M16 : M1.33,3,1_1_1,1,TF_NonTF_NonTF,1,1
021D,Feed-Forward,021D-P0P000,3,Input_Output_Output,1,0,2,Global regulator : M16 : M14,3,1_1_1,1,TF_NonTF_NonTF,1,1
021D,Feed-Forward,021D-P0P000,3,Input_Output_Output,1,0,2,Global regulator : M17 : Basal machinery,3,3_1_1,2,TF_NonTF_TF,2,1
021D,Feed-Forward,021D-P0P000,3,Input_Output_Output,1,0,2,Global regulator : M17 : Basal machinery,3,3_1_2,3,TF_NonTF_NonTF,1,1
021D,Feed-Forward,021D-P0P000,3,Input_Output_Output,1,0,2,Global regulator : M17 : Basal machinery,3,3_3_2,2,TF_NonTF_NonTF,1,1
021D,Feed-Forward,021D-P0P000,3,Input_Output_Output,1,0,2,Global regulator : M17 : M1.18,3,3_1_3,2,TF_NonTF_NonTF,1,1
021D,Feed-Forward,021D-P0P000,3,Input_Output_Output,1,0,2,Global regulator : M17 : M1.8,3,3_1_3,2,TF_NonTF_NonTF,1,1
021D,Feed-Forward,021D-P0P000,3,Input_Output_Output,1,0,2,Global regulator : M17 : M14,3,1_1_1,1,TF_NonTF_NonTF,1,1
021D,Feed-Forward,021D-P0P000,3,Input_Output_Output,1,0,2,Global regulator : M2 : M1.19,3,1_1_1,1,TF_NonTF_NonTF,1,1
021D,Feed-Forward,021D-P0P000,3,Input_Output_Output,1,0,2,Global regulator : M2 : M2,3,1_1_1,1,TF_NonTF_NonTF,1,1
021D,Feed-Forward,021D-P0P000,3,Input_Output_Output,1,0,2,Global regulator : M24 : Intermodular,3,2_1_1,2,NonTF_NonTF_NonTF,0,1
021D,Feed-Forward,021D-P0P000,3,Input_Output_Output,1,0,2,Global regulator : M24 : Intermodular,3,2_1_1,2,NonTF_NonTF_TF,1,1
021D,Feed-Forward,021D-P0P000,3,Input_Output_Output,1,0,2,Global regulator : M24 : M1.14,3,2_1_2,2,NonTF_NonTF_NonTF,0,1
021D,Feed-Forward,021D-P0P000,3,Input_Output_Output,1,0,2,Global regulator : M24 : M16,3,2_1_1,2,NonTF_NonTF_NonTF,0,1
021D,Feed-Forward,021D-P0P000,3,Input_Output_Output,1,0,2,Global regulator : M27 : Basal machinery,3,2_2_1,2,NonTF_NonTF_NonTF,0,1
021D,Feed-Forward,021D-P0P000,3,Input_Output_Output,1,0,2,Global regulator : M27 : Basal machinery,3,2_2_6,2,NonTF_NonTF_NonTF,0,1
021D,Feed-Forward,021D-P0P000,3,Input_Output_Output,1,0,2,Global regulator : M28 : Basal machinery,3,2_6_1,3,NonTF_NonTF_NonTF,0,1
021D,Feed-Forward,021D-P0P000,3,Input_Output_Output,1,0,2,Global regulator : M28 : M27,3,2_6_2,2,NonTF_NonTF_NonTF,0,1
021D,Feed-Forward,021D-P0P000,3,Input_Output_Output,1,0,2,Global regulator : M5 : Intermodular,3,2_2_1,2,NonTF_NonTF_NonTF,0,1
021D,Feed-Forward,021D-P0P000,3,Input_Output_Output,1,0,2,Global regulator : M5 : Intermodular,3,2_2_1,2,NonTF_NonTF_TF,1,1
021D,Feed-Forward,021D-P0P000,3,Input_Output_Output,1,0,2,Global regulator : M5 : M1.14,3,2_2_2,1,NonTF_NonTF_NonTF,0,1
021D,Feed-Forward,021D-P0P000,3,Input_Output_Output,1,0,2,Global regulator : M5 : M16,3,2_2_1,2,NonTF_NonTF_NonTF,0,1
021D,Feed-Forward,021D-P0P000,3,Input_Output_Output,1,0,2,Global regulator : M5 : M24,3,2_2_1,2,NonTF_NonTF_NonTF,0,1
021D,Feed-Forward,021D-P0P000,3,Input_Output_Output,1,0,2,Global regulator : nan : Intermodular,3,1_1_1,1,TF_NonTF_TF,2,1
021D,Feed-Forward,021D-P0P000,3,Input_Output_Output,1,0,2,Global regulator : nan : M1.1,3,1_1_1,1,TF_NonTF_NonTF,1,1
021D,Feed-Forward,021D-P0P000,3,Input_Output_Output,1,0,2,Global regulator : nan : M1.1,3,1_1_3,2,TF_NonTF_NonTF,1,1
021D,Feed-Forward,021D-P0P000,3,Input_Output_Output,1,0,2,Global regulator : nan : M1.11,3,1_1_1,1,TF_NonTF_NonTF,1,1
021D,Feed-Forward,021D-P0P000,3,Input_Output_Output,1,0,2,Global regulator : nan : M1.16,3,1_1_1,1,TF_NonTF_NonTF,1,1
021D,Feed-Forward,021D-P0P000,3,Input_Output_Output,1,0,2,Global regulator : nan : M1.28,3,1_1_1,1,TF_NonTF_NonTF,1,1
021D,Feed-Forward,021D-P0P000,3,Input_Output_Output,1,0,2,Global regulator : nan : M1.33,3,1_1_1,1,TF_NonTF_NonTF,1,1
021D,Feed-Forward,021D-P0P000,3,Input_Output_Output,1,0,2,Global regulator : nan : M14,3,1_1_1,1,TF_NonTF_NonTF,1,1
021D,Feed-Forward,021D-P0P000,3,Input_Output_Output,1,0,2,Global regulator : nan : M16,3,1_1_1,1,TF_NonTF_NonTF,1,1
021D,Feed-Forward,021D-P0P000,3,Middle_Middle_Middle,0,3,0,M1.1 : M1.1 : Global regulator,3,1_1_1,1,TF_TF_TF,3,1
021D,Feed-Forward,021D-P0P000,3,Middle_Middle_Output,0,2,1,Global regulator : Global regulator : Basal machinery,3,4_2_1,3,TF_TF_NonTF,2,1
021D,Feed-Forward,021D-P0P000,3,Middle_Middle_Output,0,2,1,Global regulator : M1.1 : Basal machinery,3,1_1_1,1,TF_TF_NonTF,2,1
021D,Feed-Forward,021D-P0P000,3,Middle_Middle_Output,0,2,1,Global regulator : M1.1 : M1.1,3,1_1_1,1,TF_TF_NonTF,2,1
021D,Feed-Forward,021D-P0P000,3,Middle_Output_Middle,0,2,1,Global regulator : Basal machinery : Global regulator,3,2_2_2,1,TF_NonTF_NonTF,1,1
021D,Feed-Forward,021D-P0P000,3,Middle_Output_Middle,0,2,1,Global regulator : Basal machinery : Global regulator,3,4_4_2,2,TF_NonTF_TF,2,1
021D,Feed-Forward,021D-P0P000,3,Middle_Output_Middle,0,2,1,Global regulator : Intermodular : Global regulator,3,4_1_2,3,TF_NonTF_TF,2,1
021D,Feed-Forward,021D-P0P000,3,Middle_Output_Middle,0,2,1,Global regulator : M1.3 : Global regulator,3,4_2_2,2,TF_NonTF_TF,2,1
021D,Feed-Forward,021D-P0P000,3,Middle_Output_Middle,0,2,1,Global regulator : M1.6 : Global regulator,3,4_2_2,2,TF_NonTF_TF,2,1
021D,Feed-Forward,021D-P0P000,3,Middle_Output_Middle,0,2,1,Global regulator : M10 : Global regulator,3,2_2_2,1,TF_NonTF_NonTF,1,1
021D,Feed-Forward,021D-P0P000,3,Middle_Output_Output,0,1,2,Global regulator : Basal machinery : Basal machinery,3,4_4_1,2,TF_NonTF_NonTF,1,1
021D,Feed-Forward,021D-P0P000,3,Middle_Output_Output,0,1,2,Global regulator : Basal machinery : M1.1,3,1_1_1,1,TF_NonTF_NonTF,1,1
021D,Feed-Forward,021D-P0P000,3,Middle_Output_Output,0,1,2,Global regulator : Basal machinery : M1.16,3,1_1_2,2,TF_NonTF_NonTF,1,1
021D,Feed-Forward,021D-P0P000,3,Middle_Output_Output,0,1,2,Global regulator : Basal machinery : M1.20,3,2_2_2,1,TF_NonTF_NonTF,1,1
021D,Feed-Forward,021D-P0P000,3,Middle_Output_Output,0,1,2,Global regulator : Basal machinery : M1.3,3,4_2_2,2,TF_NonTF_NonTF,1,1
021D,Feed-Forward,021D-P0P000,3,Middle_Output_Output,0,1,2,Global regulator : Basal machinery : nan,3,1_1_1,1,TF_NonTF_NonTF,1,1
021D,Feed-Forward,021D-P0P000,3,Middle_Output_Output,0,1,2,Global regulator : Intermodular : Basal machinery,3,2_2_2,1,NonTF_NonTF_NonTF,0,1
021D,Feed-Forward,021D-P0P000,3,Middle_Output_Output,0,1,2,Global regulator : Intermodular : Basal machinery,3,4_1_4,2,TF_NonTF_NonTF,1,1
021D,Feed-Forward,021D-P0P000,3,Middle_Output_Output,0,1,2,Global regulator : Intermodular : M1.6,3,4_1_2,3,TF_NonTF_NonTF,1,1
021D,Feed-Forward,021D-P0P000,3,Middle_Output_Output,0,1,2,Global regulator : M1.3 : Basal machinery,3,4_2_4,2,TF_NonTF_NonTF,1,1
021D,Feed-Forward,021D-P0P000,3,Middle_Output_Output,0,1,2,Global regulator : M1.3 : Intermodular,3,4_2_1,3,TF_NonTF_NonTF,1,1
021D,Feed-Forward,021D-P0P000,3,Middle_Output_Output,0,1,2,Global regulator : M1.3 : M1.6,3,4_2_2,2,TF_NonTF_NonTF,1,1
021D,Feed-Forward,021D-P0P000,3,Middle_Output_Output,0,1,2,Global regulator : M1.35 : Intermodular,3,2_2_2,1,NonTF_NonTF_NonTF,0,1
021D,Feed-Forward,021D-P0P000,3,Middle_Output_Output,0,1,2,Global regulator : M1.6 : Basal machinery,3,4_2_1,3,TF_NonTF_NonTF,1,1
021D,Feed-Forward,021D-P0P000,3,Middle_Output_Output,0,1,2,Global regulator : M1.6 : Basal machinery,3,4_2_4,2,TF_NonTF_NonTF,1,1
021D,Feed-Forward,021D-P0P000,3,Middle_Output_Output,0,1,2,Global regulator : nan : M1.16,3,1_1_2,2,TF_NonTF_NonTF,1,1
021U,Feed-Forward,021U-0N0N00,3,Output_Middle_Middle,0,2,1,Basal machinery : Global regulator : Global regulator,3,1_2_3,3,NonTF_TF_NonTF,1,2
021U,Feed-Forward,021U-0N0N00,3,Output_Input_Input,2,0,1,Basal machinery : Global regulator : Global regulator,3,1_3_3,2,NonTF_TF_NonTF,1,1
021U,Feed-Forward,021U-0N0N00,3,Output_Input_Input,2,0,1,Basal machinery : Global regulator : Global regulator,3,3_1_2,3,NonTF_TF_NonTF,1,1
021U,Feed-Forward,021U-0N0N00,3,Output_Input_Input,2,0,1,Basal machinery : Global regulator : Global regulator,3,4_1_2,3,NonTF_TF_NonTF,1,1
021U,Feed-Forward,021U-0N0N00,3,Output_Input_Input,2,0,1,Basal machinery : Global regulator : Global regulator,3,4_1_3,3,NonTF_TF_NonTF,1,1
021U,Feed-Forward,021U-0N0N00,3,Output_Input_Input,2,0,1,Basal machinery : Global regulator : Global regulator,3,4_2_3,3,NonTF_NonTF_NonTF,0,1
021U,Feed-Forward,021U-0N0N00,3,Output_Input_Input,2,0,1,M1.1 : M1.1 : Global regulator,3,1_3_3,2,NonTF_NonTF_NonTF,0,1
021U,Feed-Forward,021U-0N0N00,3,Output_Input_Input,2,0,1,M3 : Global regulator : Global regulator,3,3_1_2,3,NonTF_TF_NonTF,1,1
021U,Feed-Forward,021U-0N0N00,3,Output_Input_Input,2,0,1,M5 : Global regulator : M5,3,1_2_2,2,NonTF_NonTF_TF,1,1
021U,Feed-Forward,021U-0N0N00,3,Output_Input_Middle,1,1,1,Basal machinery : Global regulator : Global regulator,3,2_3_1,3,NonTF_TF_NonTF,1,1
021U,Feed-Forward,021U-0N0N00,3,Output_Input_Middle,1,1,1,Basal machinery : Global regulator : Global regulator,3,3_1_2,3,NonTF_TF_TF,2,1
021U,Feed-Forward,021U-0N0N00,3,Output_Input_Middle,1,1,1,Basal machinery : Global regulator : Global regulator,3,4_1_1,2,NonTF_TF_TF,2,1
021U,Feed-Forward,021U-0N0N00,3,Output_Input_Middle,1,1,1,Basal machinery : Global regulator : Global regulator,3,4_2_1,3,NonTF_NonTF_TF,1,1
021U,Feed-Forward,021U-0N0N00,3,Output_Input_Middle,1,1,1,Basal machinery : Global regulator : Global regulator,3,4_3_1,3,NonTF_NonTF_TF,1,1
021U,Feed-Forward,021U-0N0N00,3,Output_Input_Middle,1,1,1,Basal machinery : Global regulator : Global regulator,3,4_3_1,3,NonTF_TF_TF,2,1
021U,Feed-Forward,021U-0N0N00,3,Output_Input_Middle,1,1,1,Basal machinery : Global regulator : Global regulator,3,4_3_2,3,NonTF_TF_TF,2,1
021U,Feed-Forward,021U-0N0N00,3,Output_Input_Middle,1,1,1,M5 : Global regulator : Global regulator,3,1_2_2,2,NonTF_NonTF_TF,1,1
021U,Feed-Forward,021U-0N0N00,3,Output_Input_Middle,1,1,1,M5 : Global regulator : Global regulator,3,1_2_3,3,NonTF_NonTF_NonTF,0,1
021U,Feed-Forward,021U-0N0N00,3,Output_Middle_Input,1,1,1,Basal machinery : Global regulator : Global regulator,3,1_2_2,2,NonTF_TF_TF,2,1
021U,Feed-Forward,021U-0N0N00,3,Output_Middle_Input,1,1,1,Basal machinery : Global regulator : Global regulator,3,1_2_3,3,NonTF_NonTF_NonTF,0,1
021U,Feed-Forward,021U-0N0N00,3,Output_Middle_Input,1,1,1,Basal machinery : Global regulator : Global regulator,3,1_2_3,3,NonTF_TF_TF,2,1
021U,Feed-Forward,021U-0N0N00,3,Output_Middle_Input,1,1,1,Basal machinery : Global regulator : Global regulator,3,2_1_3,3,NonTF_NonTF_NonTF,0,1
021U,Feed-Forward,021U-0N0N00,3,Output_Middle_Input,1,1,1,Basal machinery : Global regulator : Global regulator,3,3_4_2,3,NonTF_TF_NonTF,1,1
021U,Feed-Forward,021U-0N0N00,3,Output_Middle_Input,1,1,1,M5 : Global regulator : M5,3,1_2_2,2,NonTF_TF_TF,2,1
021U,Feed-Forward,021U-0N0N00,3,Output_Middle_Input,1,1,1,M5 : Global regulator : M5,3,1_3_2,3,NonTF_NonTF_TF,1,1
021U,Feed-Forward,021U-0N0N00,3,Output_Middle_Middle,0,2,1,Basal machinery : Global regulator : Global regulator,3,2_1_1,2,NonTF_NonTF_TF,1,1
021U,Feed-Forward,021U-0N0N00,3,Output_Middle_Middle,0,2,1,Basal machinery : Global regulator : Global regulator,3,4_1_5,3,NonTF_TF_TF,2,1
021U,Feed-Forward,021U-0N0N00,3,Output_Middle_Middle,0,2,1,Basal machinery : Global regulator : Global regulator,3,4_2_1,3,NonTF_TF_TF,2,1
021U,Feed-Forward,021U-0N0N00,3,Output_Middle_Middle,0,2,1,M1.36 : Global regulator : M1.36,3,4_2_1,3,NonTF_NonTF_NonTF,0,1
021U,Feed-Forward,021U-0N0N00,3,Output_Middle_Middle,0,2,1,M17 : Global regulator : Global regulator,3,3_2_1,3,NonTF_TF_NonTF,1,1
021U,Feed-Forward,021U-0N0N00,3,Output_Middle_Middle,0,2,1,M5 : Global regulator : Global regulator,3,1_2_3,3,NonTF_TF_NonTF,1,1
021U,Feed-Forward,021U-0N0P00,3,Output_Input_Middle,1,1,1,Basal machinery : Global regulator : Global regulator,3,4_1_1,2,NonTF_TF_NonTF,1,1
021U,Feed-Forward,021U-0N0P00,3,Output_Input_Middle,1,1,1,Basal machinery : Global regulator : Global regulator,3,4_2_1,3,NonTF_NonTF_NonTF,0,1
021U,Feed-Forward,021U-0N0P00,3,Output_Input_Middle,1,1,1,Basal machinery : Global regulator : Global regulator,3,4_3_1,3,NonTF_NonTF_NonTF,0,1
021U,Feed-Forward,021U-0N0P00,3,Output_Input_Middle,1,1,1,M1.20 : M1.20 : Global regulator,3,1_2_1,2,NonTF_TF_NonTF,1,1
021U,Feed-Forward,021U-0N0P00,3,Output_Input_Middle,1,1,1,M1.39 : Global regulator : M1.39,3,2_3_2,2,NonTF_NonTF_NonTF,0,1
021U,Feed-Forward,021U-0N0P00,3,Output_Middle_Input,1,1,1,Basal machinery : Global regulator : Global regulator,3,1_2_1,2,NonTF_TF_NonTF,1,1
021U,Feed-Forward,021U-0N0P00,3,Output_Middle_Input,1,1,1,M1.38 : Global regulator : M1.38,3,1_2_2,2,NonTF_TF_NonTF,1,1
021U,Feed-Forward,021U-0N0P00,3,Output_Middle_Middle,0,2,1,Basal machinery : Global regulator : Global regulator,3,2_5_1,3,NonTF_TF_NonTF,1,1
021U,Feed-Forward,021U-0N0P00,3,Output_Middle_Middle,0,2,1,Basal machinery : Global regulator : Global regulator,3,4_1_1,2,NonTF_TF_NonTF,1,1
021U,Feed-Forward,021U-0N0P00,3,Output_Middle_Middle,0,2,1,M1.11 : Global regulator : Global regulator,3,4_1_1,2,NonTF_NonTF_NonTF,0,1
021U,Feed-Forward,021U-0N0P00,3,Output_Middle_Middle,0,2,1,M1.39 : Global regulator : Global regulator,3,4_1_2,3,NonTF_NonTF_NonTF,0,1
021U,Feed-Forward,021U-0P0P00,3,Middle_Middle_Middle,0,3,0,M1.1 : M1.1 : M1.1,3,1_1_1,1,TF_TF_TF,3,2
021U,Feed-Forward,021U-0P0P00,3,Middle_Middle_Middle,0,3,0,M1.1 : Global regulator : M1.1,3,1_1_1,1,TF_TF_TF,3,1
021U,Feed-Forward,021U-0P0P00,3,Output_Input_Input,2,0,1,Intermodular : Global regulator : Global regulator,3,2_1_2,2,NonTF_TF_TF,2,1
021U,Feed-Forward,021U-0P0P00,3,Output_Input_Input,2,0,1,Intermodular : Global regulator : Global regulator,3,2_2_1,2,NonTF_NonTF_TF,1,1
021U,Feed-Forward,021U-0P0P00,3,Output_Input_Input,2,0,1,Intermodular : Global regulator : Global regulator,3,2_2_2,1,NonTF_NonTF_TF,1,1
021U,Feed-Forward,021U-0P0P00,3,Output_Input_Input,2,0,1,M1.25 : Global regulator : M1.25,3,1_1_1,1,NonTF_TF_TF,2,1
021U,Feed-Forward,021U-0P0P00,3,Output_Input_Middle,1,1,1,Intermodular : Global regulator : Global regulator,3,2_2_3,2,NonTF_NonTF_NonTF,0,1
021U,Feed-Forward,021U-0P0P00,3,Output_Input_Middle,1,1,1,Intermodular : Global regulator : Global regulator,3,2_2_3,2,NonTF_TF_NonTF,1,1
021U,Feed-Forward,021U-0P0P00,3,Output_Input_Middle,1,1,1,M1.1 : Global regulator : M1.1,3,2_2_1,2,NonTF_TF_TF,2,1
021U,Feed-Forward,021U-0P0P00,3,Output_Middle_Input,1,1,1,Basal machinery : Global regulator : Global regulator,3,1_1_1,1,NonTF_TF_NonTF,1,1
021U,Feed-Forward,021U-0P0P00,3,Output_Middle_Input,1,1,1,M1.1 : Global regulator : Global regulator,3,2_4_2,2,NonTF_TF_TF,2,1
021U,Feed-Forward,021U-0P0P00,3,Output_Middle_Middle,0,2,1,Basal machinery : Global regulator : Global regulator,3,1_5_1,2,NonTF_TF_NonTF,1,1
021U,Feed-Forward,021U-0P0P00,3,Output_Middle_Middle,0,2,1,M1.1 : Global regulator : M1.1,3,2_4_1,3,NonTF_TF_TF,2,1
021U,Feed-Forward,021U-0P0P00,3,Output_Middle_Middle,0,2,1,M1.39 : Global regulator : M1.39,3,2_2_2,1,NonTF_NonTF_NonTF,0,1
030T,Feed-Forward,030T-0N0NN0,3,Output_Input_Middle,1,1,1,Basal machinery : Global regulator : Global regulator,3,2_1_4,3,NonTF_TF_TF,2,1
030T,Feed-Forward,030T-0N0NN0,3,Output_Input_Middle,1,1,1,Basal machinery : Global regulator : Global regulator,3,3_1_4,3,NonTF_TF_TF,2,1
030T,Feed-Forward,030T-0N0NN0,3,Output_Middle_Middle,0,2,1,M1.11 : Global regulator : Global regulator,3,4_1_3,3,NonTF_NonTF_NonTF,0,1
030T,Feed-Forward,030T-0N0NN0,3,Output_Middle_Middle,0,2,1,M1.39 : Global regulator : Global regulator,3,4_1_3,3,NonTF_NonTF_NonTF,0,1
030T,Feed-Forward,030T-0P0PN0,3,Output_Input_Middle,1,1,1,Intermodular : Global regulator : Global regulator,3,2_1_3,3,NonTF_TF_NonTF,1,1
030T,Feed-Forward,030T-0P0PP0,3,Middle_Middle_Middle,0,3,0,M1.1 : Global regulator : M1.1,3,1_1_1,1,TF_TF_TF,3,1
030T,Feed-Forward,030T-0P0PP0,3,Middle_Middle_Middle,0,3,0,M1.1 : M1.1 : Global regulator,3,1_1_1,1,TF_TF_TF,3,1
100,Complete,100-NN,2,Middle_Middle,0,2,0,Global regulator : Global regulator,2,1_2,2,TF_TF,2,1
100,Complete,100-PP,2,Middle_Middle,0,2,0,M1.1 : M1.1,2,1_1,1,TF_TF,2,2
100,Complete,100-PP,2,Middle_Middle,0,2,0,Global regulator : M1.1,2,1_1,1,TF_TF,2,1
111D,Feed-Forward,111D-P000PP,3,Middle_Middle_Middle,0,3,0,M1.1 : Global regulator : M1.1,3,1_1_1,1,TF_TF_TF,3,1
111U,Feed-Forward,111U-0N00NN,3,Output_Middle_Middle,0,2,1,Basal machinery : Global regulator : Global regulator,3,2_1_2,2,NonTF_TF_TF,2,1
111U,Feed-Forward,111U-0N00PP,3,Output_Middle_Middle,0,2,1,Basal machinery : Global regulator : M1.1,3,3_1_1,2,NonTF_TF_TF,2,1
111U,Feed-Forward,111U-0P00PP,3,Output_Middle_Middle,0,2,1,M1.1 : Global regulator : M1.1,3,1_1_1,1,NonTF_TF_TF,2,4
111U,Feed-Forward,111U-0P00PP,3,Middle_Middle_Middle,0,3,0,M1.1 : Global regulator : M1.1,3,1_1_1,1,TF_TF_TF,3,2
111U,Feed-Forward,111U-0P00PP,3,Middle_Middle_Middle,0,3,0,M1.1 : M1.1 : M1.1,3,1_1_1,1,TF_TF_TF,3,1
111U,Feed-Forward,111U-0P00PP,3,Output_Middle_Middle,0,2,1,Basal machinery : Global regulator : M1.1,3,1_1_1,1,NonTF_TF_TF,2,1
111U,Feed-Forward,111U-0P00PP,3,Output_Middle_Middle,0,2,1,M1.11 : Global regulator : M1.1,3,1_1_1,1,NonTF_TF_TF,2,1
111U,Feed-Forward,111U-0P00PP,3,Output_Middle_Middle,0,2,1,M1.29 : Global regulator : M1.1,3,1_1_1,1,NonTF_TF_TF,2,1
120C,Cyclic,120C-0PP0PP,3,Middle_Middle_Middle,0,3,0,M1.1 : M1.1 : M1.1,3,1_1_1,1,TF_TF_TF,3,1
120D,Feed-Forward,120D-P0P0NN,3,Input_Middle_Middle,1,2,0,Global regulator : Global regulator : Global regulator,3,1_1_2,2,TF_TF_TF,3,1
