id,source,target,Effect,Evidence
clgR-cg2873,clgR,cg2873,+,Strong
clgR-cg0892,clgR,cg0892,+,Strong
clgR-clpP2,clgR,clpP2,+,Strong
clgR-clpP1,clgR,clpP1,+,Strong
clgR-cg0297,clgR,cg0297,+,Strong
clgR-recR,clgR,recR,+,Strong
clgR-clpC,clgR,clpC,+,Strong
clgR-cg2126,clgR,cg2126,+,Strong
crtR-cg0718,crtR,cg0718,-,Strong
crtR-cg0719,crtR,cg0719,-,Strong
crtR-crtR,crtR,crtR,-,Strong
crtR-cg0722,crtR,cg0722,-,Strong
crtR-cg0721,crtR,cg0721,-,Strong
crtR-cg0720,crtR,cg0720,-,Strong
crtR-cg0723,crtR,cg0723,-,Strong
crtR-cg0717,crtR,cg0717,-,Strong
sugR-fruR,sugR,fruR,-,Strong
sugR-ldh,sugR,ldh,-,Strong
sugR-pgi,sugR,pgi,-,Weak
sugR-fba,sugR,fba,-,Strong
sugR-cg0639,sugR,cg0639,-,Weak
sugR-alr,sugR,alr,-,Weak
sugR-cg0642,sugR,cg0642,-,Weak
sugR-cg0641,sugR,cg0641,-,Weak
sugR-ctaB,sugR,ctaB,-,Weak
sugR-cg0680,sugR,cg0680,-,Weak
sugR-cg0644,sugR,cg0644,-,Weak
sugR-cg0645,sugR,cg0645,-,Weak
sugR-eno,sugR,eno,-,Strong
sugR-cg1778,sugR,cg1778,-,Weak
sugR-opcA,sugR,opcA,-,Weak
sugR-cg2796,sugR,cg2796,-,Weak
sugR-cg1774,sugR,cg1774,-,Weak
sugR-cg2795,sugR,cg2795,-,Weak
sugR-cg1285,sugR,cg1285,-,Weak
sugR-cg1284,sugR,cg1284,-,Weak
sugR-cg1283,sugR,cg1283,-,Weak
sugR-ptsS,sugR,ptsS,-,Strong
sugR-gap,sugR,gap,-,Strong
sugR-ptsI,sugR,ptsI,-,Strong
sugR-ptsH,sugR,ptsH,-,Strong
sugR-cg1408,sugR,cg1408,-,Weak
sugR-ptsM,sugR,ptsM,-,Strong
sugR-cg2833,sugR,cg2833,-,Weak
sugR-ramA,sugR,ramA,-,Strong
sugR-pfkA,sugR,pfkA,-,Strong
sugR-cg0637,sugR,cg0637,-,Weak
sugR-cg2262,sugR,cg2262,-,Weak
sugR-cg3366,sugR,cg3366,-,Weak
sugR-cg2157,sugR,cg2157,-,Weak
sugR-pfkB,sugR,pfkB,-,Strong
sugR-cg0638,sugR,cg0638,-,Weak
sugR-cg1776,sugR,cg1776,-,Weak
sugR-pyk,sugR,pyk,-,Strong
sugR-cg3365,sugR,cg3365,-,Weak
sugR-cg2120,sugR,cg2120,-,Strong
sugR-lpd,sugR,lpd,-,Weak
sugR-cg2116,sugR,cg2116,-,Weak
sugR-sugR,sugR,sugR,-,Weak
glnK-amtR,glnK,amtR,-,Weak
cg2737-cg0957,cg2737,cg0957,-,Strong
cg2737-cg0802,cg2737,cg0802,-,Strong
cg2737-dtsR1,cg2737,dtsR1,-,Strong
cg2737-cg2743,cg2737,cg2743,-,Strong
ftsR-ftsZ,ftsR,ftsZ,+,Strong
whiA-cg2363,whiA,cg2363,+,Strong
whiA-WhcD-WhiA,whiA,WhcD-WhiA,+,Strong
whiA-dtsR1,whiA,dtsR1,+,Strong
whiA-ftsZ,whiA,ftsZ,+,Strong
gntR2-pgi,gntR2,pgi,-,Strong
gntR2-cg0291,gntR2,cg0291,-,Weak
gntR2-cg2616,gntR2,cg2616,-,Weak
gntR2-gntR1,gntR2,gntR1,+,Weak
gntR2-siaI,gntR2,siaI,+,Weak
gntR2-cg2733,gntR2,cg2733,-,Weak
gntR2-prpD1,gntR2,prpD1,-,Weak
gntR2-cg2399,gntR2,cg2399,+,Weak
gntR2-cg1642,gntR2,cg1642,-,Weak
gntR2-cg1778,gntR2,cg1778,-,Strong
gntR2-prpB1,gntR2,prpB1,-,Weak
gntR2-cg0385,gntR2,cg0385,-,Weak
gntR2-ddl,gntR2,ddl,+,Weak
gntR2-cg0211,gntR2,cg0211,+,Weak
gntR2-opcA,gntR2,opcA,-,Strong
gntR2-rplA,gntR2,rplA,+,Weak
gntR2-cg1774,gntR2,cg1774,-,Strong
gntR2-cg2691,gntR2,cg2691,+,Weak
gntR2-cg1776,gntR2,cg1776,-,Strong
gntR2-gntR2,gntR2,gntR2,+,Weak
gntR2-leuD,gntR2,leuD,+,Weak
gntR2-cg1589,gntR2,cg1589,-,Weak
gntR2-tsaD,gntR2,tsaD,+,Weak
gntR2-leuC,gntR2,leuC,+,Weak
gntR2-sutR,gntR2,sutR,-,Weak
gntR2-ptsS,gntR2,ptsS,+,Strong
gntR2-prpC1,gntR2,prpC1,-,Weak
gntR2-cg3399,gntR2,cg3399,-,Weak
gntR2-cg1002,gntR2,cg1002,+,Weak
gntR2-cg0658,gntR2,cg0658,+,Weak
gntR2-cg0286,gntR2,cg0286,+,Weak
gntR2-pckG,gntR2,pckG,+,Strong
gntR2-serA,gntR2,serA,+,Weak
gntR2-atpC,gntR2,atpC,-,Weak
gntR2-cg2725,gntR2,cg2725,+,Weak
gntR2-cg0770,gntR2,cg0770,+,Weak
gntR2-gntP,gntR2,gntP,-,Strong
gntR2-cg1255,gntR2,cg1255,-,Weak
gntR2-cg0144,gntR2,cg0144,-,Weak
gntR2-cg0751,gntR2,cg0751,+,Weak
gntR2-cg0143,gntR2,cg0143,-,Weak
gntR2-gntV,gntR2,gntV,-,Strong
gntR2-cg0082,gntR2,cg0082,+,Weak
gntR2-sucD,gntR2,sucD,-,Weak
gntR2-cg1643,gntR2,cg1643,-,Strong
gntR2-uraA,gntR2,uraA,+,Weak
gntR2-ptsM,gntR2,ptsM,+,Strong
gntR2-cg1454,gntR2,cg1454,-,Weak
gntR2-cg2810,gntR2,cg2810,-,Weak
gntR1-cg1069,gntR1,cg1069,+,Strong
gntR1-cg1642,gntR1,cg1642,-,Weak
gntR1-pgi,gntR1,pgi,-,Strong
gntR1-cg0291,gntR1,cg0291,-,Weak
gntR1-cg2616,gntR1,cg2616,-,Weak
gntR1-gntR1,gntR1,gntR1,+,Weak
gntR1-cg0658,gntR1,cg0658,+,Weak
gntR1-siaI,gntR1,siaI,+,Weak
gntR1-cg2733,gntR1,cg2733,-,Weak
gntR1-cg3335,gntR1,cg3335,+,Strong
gntR1-prpD1,gntR1,prpD1,-,Weak
gntR1-cg2399,gntR1,cg2399,+,Weak
gntR1-icd,gntR1,icd,+,Strong
gntR1-cg1778,gntR1,cg1778,-,Strong
gntR1-prpB1,gntR1,prpB1,-,Weak
gntR1-cg0385,gntR1,cg0385,-,Weak
gntR1-ddl,gntR1,ddl,+,Weak
gntR1-cg0211,gntR1,cg0211,+,Weak
gntR1-opcA,gntR1,opcA,-,Strong
gntR1-rplA,gntR1,rplA,+,Weak
gntR1-cg1774,gntR1,cg1774,-,Strong
gntR1-cg2691,gntR1,cg2691,+,Weak
gntR1-cg1776,gntR1,cg1776,-,Strong
gntR1-gntR2,gntR1,gntR2,+,Weak
gntR1-leuD,gntR1,leuD,+,Weak
gntR1-cg1589,gntR1,cg1589,-,Weak
gntR1-tsaD,gntR1,tsaD,+,Weak
gntR1-leuC,gntR1,leuC,+,Weak
gntR1-sutR,gntR1,sutR,-,Weak
gntR1-ptsS,gntR1,ptsS,+,Strong
gntR1-prpC1,gntR1,prpC1,-,Weak
gntR1-cg3399,gntR1,cg3399,-,Weak
gntR1-cg1002,gntR1,cg1002,+,Weak
gntR1-pyk,gntR1,pyk,-,Strong
gntR1-cg0286,gntR1,cg0286,+,Weak
gntR1-pckG,gntR1,pckG,+,Strong
gntR1-serA,gntR1,serA,+,Weak
gntR1-atpC,gntR1,atpC,-,Weak
gntR1-cg2725,gntR1,cg2725,+,Weak
gntR1-cg0770,gntR1,cg0770,+,Weak
gntR1-gntP,gntR1,gntP,-,Strong
gntR1-cg1255,gntR1,cg1255,-,Weak
gntR1-cg0144,gntR1,cg0144,-,Weak
gntR1-cg0751,gntR1,cg0751,+,Weak
gntR1-cg0143,gntR1,cg0143,-,Weak
gntR1-gntV,gntR1,gntV,-,Strong
gntR1-cg0082,gntR1,cg0082,+,Weak
gntR1-sucD,gntR1,sucD,-,Weak
gntR1-cg1643,gntR1,cg1643,-,Strong
gntR1-uraA,gntR1,uraA,+,Weak
gntR1-ptsM,gntR1,ptsM,+,Strong
gntR1-cg1454,gntR1,cg1454,-,Weak
gntR1-cg2810,gntR1,cg2810,-,Weak
glyR-glyA,glyR,glyA,+,Strong
rhcR-cg1311,rhcR,cg1311,-,Strong
rhcR-cg1310,rhcR,cg1310,-,Strong
rhcR-rhcR,rhcR,rhcR,-,Strong
rhcR-cg1309,rhcR,cg1309,-,Strong
WhcD-WhiA-cg2363,WhcD-WhiA,cg2363,+,Strong
WhcD-WhiA-dtsR1,WhcD-WhiA,dtsR1,+,Strong
WhcD-WhiA-ftsZ,WhcD-WhiA,ftsZ,+,Strong
ipsA-glyR,ipsA,glyR,-,Weak
ipsA-rpsC,ipsA,rpsC,+,Weak
ipsA-ino1,ipsA,ino1,+,Strong
ipsA-rplV,ipsA,rplV,+,Weak
ipsA-cg3286,ipsA,cg3286,-,Weak
ipsA-rpsJ,ipsA,rpsJ,+,Weak
ipsA-pta,ipsA,pta,+,Weak
ipsA-htaD,ipsA,htaD,-,Weak
ipsA-cg0044,ipsA,cg0044,+,Strong
ipsA-rpsS,ipsA,rpsS,+,Weak
ipsA-sdhC,ipsA,sdhC,+,Weak
ipsA-rplB,ipsA,rplB,+,Weak
ipsA-rplC,ipsA,rplC,+,Weak
ipsA-cg3390,ipsA,cg3390,-,Weak
ipsA-cg1421,ipsA,cg1421,-,Strong
ipsA-ppmA,ipsA,ppmA,+,Weak
ipsA-cg1918,ipsA,cg1918,+,Weak
ipsA-cg3139,ipsA,cg3139,+,Weak
ipsA-ripA,ipsA,ripA,-,Weak
ipsA-cg2061,ipsA,cg2061,+,Weak
ipsA-htaC,ipsA,htaC,-,Weak
ipsA-adhA,ipsA,adhA,+,Weak
ipsA-cg0533,ipsA,cg0533,-,Strong
ipsA-cg0534,ipsA,cg0534,-,Strong
ipsA-cg2311,ipsA,cg2311,-,Weak
ipsA-cg3195,ipsA,cg3195,+,Strong
ipsA-htaB,ipsA,htaB,-,Weak
ipsA-cg3210,ipsA,cg3210,+,Strong
ipsA-cg0621,ipsA,cg0621,+,Weak
ipsA-cg0622,ipsA,cg0622,+,Weak
ipsA-cg0623,ipsA,cg0623,+,Weak
ipsA-cg0624,ipsA,cg0624,+,Weak
ipsA-cg2797,ipsA,cg2797,-,Weak
ipsA-cg0446,ipsA,cg0446,+,Weak
ipsA-cg0447,ipsA,cg0447,+,Weak
ipsA-cg2870,ipsA,cg2870,-,Weak
ipsA-cg3391,ipsA,cg3391,-,Weak
ipsA-leuC,ipsA,leuC,+,Weak
ipsA-cg2896,ipsA,cg2896,+,Weak
ipsA-metE,ipsA,metE,+,Weak
ipsA-oppA,ipsA,oppA,+,Weak
ipsA-oppB,ipsA,oppB,+,Weak
ipsA-rplP,ipsA,rplP,+,Weak
ipsA-thiC,ipsA,thiC,-,Weak
ipsA-cg0045,ipsA,cg0045,+,Strong
ipsA-cg0046,ipsA,cg0046,+,Strong
ipsA-cg3389,ipsA,cg3389,-,Weak
ipsA-argC,ipsA,argC,-,Weak
ipsA-cg2796,ipsA,cg2796,-,Weak
ipsA-cg0998,ipsA,cg0998,-,Weak
ipsA-cg0753,ipsA,cg0753,-,Weak
ipsA-ipsA,ipsA,ipsA,+,Weak
ipsA-catA1,ipsA,catA1,+,Weak
ipsA-rpf1,ipsA,rpf1,+,Weak
acnR-gat,acnR,gat,-,Weak
acnR-acnR,acnR,acnR,-,Strong
acnR-acn,acnR,acn,-,Strong
phdR-cg0347,phdR,cg0347,-,Strong
phdR-cg0346,phdR,cg0346,-,Strong
phdR-cg0345,phdR,cg0345,-,Strong
phdR-cg0344,phdR,cg0344,-,Strong
phdR-cg0341,phdR,cg0341,-,Strong
phdR-cg0340,phdR,cg0340,-,Strong
cg3239-cg3240,cg3239,cg3240,+,Weak
cg3239-cg3239,cg3239,cg3239,-,Weak
cg3230-butA,cg3230,butA,-,Strong
cg3230-cg0404,cg3230,cg0404,-,Strong
cg3230-cysD,cg3230,cysD,-,Strong
cg3230-ldh,cg3230,ldh,-,Strong
cg3230-trxB,cg3230,trxB,-,Strong
cg3230-ahpD,cg3230,ahpD,-,Strong
cg3230-sodA,cg3230,sodA,-,Strong
cg3230-ftn,cg3230,ftn,-,Strong
spiA-SpiA-WhcA,spiA,SpiA-WhcA,+,Strong
spiE-SpiE-WhcE,spiE,SpiE-WhcE,+,Strong
cg0039-ohr,cg0039,ohr,+,Strong
glxR-rsmA,glxR,rsmA,+,Weak
glxR-cg1139,glxR,cg1139,-,Weak
glxR-cg0791,glxR,cg0791,-,Weak
glxR-whcA,glxR,whcA,-,Weak
glxR-rpf2,glxR,rpf2,+,Strong
glxR-ldh,glxR,ldh,+,Weak
glxR-whcE,glxR,whcE,+,Weak
glxR-pta,glxR,pta,-,Weak
glxR-pstB,glxR,pstB,+,Strong
glxR-cg2824,glxR,cg2824,+,Strong
glxR-gdh,glxR,gdh,-,Weak
glxR-acnR,glxR,acnR,-,Strong
glxR-ctaF,glxR,ctaF,+,Weak
glxR-ctaD,glxR,ctaD,+,Weak
glxR-ctaE,glxR,ctaE,+,Weak
glxR-ctaC,glxR,ctaC,+,Weak
glxR-cg2637,glxR,cg2637,-,Weak
glxR-cg3250,glxR,cg3250,-,Weak
glxR-cg3251,glxR,cg3251,-,Weak
glxR-fumC,glxR,fumC,-,Strong
glxR-cg1735,glxR,cg1735,+,Weak
glxR-cg1041,glxR,cg1041,+,Weak
glxR-cg0199,glxR,cg0199,-,Strong
glxR-prpB1,glxR,prpB1,-,Weak
glxR-prpB2,glxR,prpB2,-,Strong
glxR-gluD,glxR,gluD,-,Weak
glxR-gluB,glxR,gluB,-,Weak
glxR-gluC,glxR,gluC,-,Weak
glxR-cg0446,glxR,cg0446,-,Strong
glxR-cg0447,glxR,cg0447,-,Strong
glxR-cg0448,glxR,cg0448,-,Weak
glxR-cg1142,glxR,cg1142,-,Weak
glxR-cg1143,glxR,cg1143,-,Weak
glxR-cg1140,glxR,cg1140,-,Weak
glxR-cg1141,glxR,cg1141,-,Weak
glxR-cg1144,glxR,cg1144,-,Weak
glxR-ptsI,glxR,ptsI,-,Weak
glxR-ptsM,glxR,ptsM,-,Weak
glxR-cg3126,glxR,cg3126,-,Weak
glxR-pfkB,glxR,pfkB,-,Weak
glxR-pfkA,glxR,pfkA,+,Weak
glxR-cg1436,glxR,cg1436,-,Weak
glxR-cg3127,glxR,cg3127,-,Weak
glxR-cg3125,glxR,cg3125,-,Weak
glxR-cg1309,glxR,cg1309,-,Weak
glxR-prpC2,glxR,prpC2,-,Strong
glxR-prpC1,glxR,prpC1,-,Weak
glxR-cg0347,glxR,cg0347,-,Weak
glxR-cg0346,glxR,cg0346,-,Weak
glxR-cg0345,glxR,cg0345,-,Weak
glxR-cg0344,glxR,cg0344,-,Weak
glxR-rpf1,glxR,rpf1,+,Weak
glxR-cg0836,glxR,cg0836,-,Strong
glxR-fruR,glxR,fruR,-,Weak
glxR-benK3,glxR,benK3,-,Weak
glxR-cg2617,glxR,cg2617,-,Weak
glxR-cg2616,glxR,cg2616,-,Weak
glxR-cg2610,glxR,cg2610,-,Strong
glxR-birA,glxR,birA,-,Weak
glxR-cg2840,glxR,cg2840,+,Weak
glxR-cg2846,glxR,cg2846,+,Strong
glxR-cg2844,glxR,cg2844,+,Strong
glxR-cg2618,glxR,cg2618,-,Weak
glxR-cg1226,glxR,cg1226,-,Weak
glxR-cg0968,glxR,cg0968,-,Strong
glxR-cg1656,glxR,cg1656,+,Weak
glxR-ald,glxR,ald,-,Weak
glxR-cg1307,glxR,cg1307,-,Strong
glxR-cg2120,glxR,cg2120,-,Weak
glxR-nlpC,glxR,nlpC,+,Weak
glxR-cg1086,glxR,cg1086,-,Weak
glxR-genR,glxR,genR,-,Strong
glxR-genK,glxR,genK,-,Strong
glxR-amtB,glxR,amtB,-,Weak
glxR-ramA,glxR,ramA,+,Strong
glxR-ramB,glxR,ramB,-,Strong
glxR-urtB,glxR,urtB,-,Weak
glxR-catA1,glxR,catA1,-,Weak
glxR-pcaH,glxR,pcaH,-,Weak
glxR-pcaG,glxR,pcaG,-,Weak
glxR-acn,glxR,acn,-,Strong
glxR-cg2743,glxR,cg2743,+,Weak
glxR-pcaC,glxR,pcaC,-,Weak
glxR-cg0246,glxR,cg0246,-,Weak
glxR-cg0247,glxR,cg0247,-,Weak
glxR-cg1311,glxR,cg1311,-,Weak
glxR-cg1310,glxR,cg1310,-,Weak
glxR-cg1314,glxR,cg1314,-,Weak
glxR-cg0088,glxR,cg0088,-,Strong
glxR-ispE,glxR,ispE,+,Weak
glxR-cg3227,glxR,cg3227,-,Weak
glxR-gltB,glxR,gltB,+,Weak
glxR-cg3221,glxR,cg3221,-,Weak
glxR-cg1767,glxR,cg1767,+,Weak
glxR-glcB,glxR,glcB,-,Strong
glxR-ppc,glxR,ppc,-,Weak
glxR-cg0957,glxR,cg0957,-,Weak
glxR-cg0951,glxR,cg0951,-,Weak
glxR-pgk,glxR,pgk,-,Weak
glxR-cg3351,glxR,cg3351,-,Strong
glxR-cg3350,glxR,cg3350,-,Strong
glxR-cg1840,glxR,cg1840,-,Weak
glxR-cg3354,glxR,cg3354,-,Strong
glxR-urtA,glxR,urtA,-,Weak
glxR-cg0198,glxR,cg0198,-,Strong
glxR-dtsR1,glxR,dtsR1,-,Weak
glxR-cg1568,glxR,cg1568,-,Weak
glxR-cg1569,glxR,cg1569,-,Weak
glxR-cg1040,glxR,cg1040,+,Weak
glxR-urtC,glxR,urtC,-,Weak
glxR-cg3195,glxR,cg3195,-,Strong
glxR-gntP,glxR,gntP,-,Strong
glxR-gntV,glxR,gntV,-,Strong
glxR-arnR,glxR,arnR,-,Strong
glxR-tpiA,glxR,tpiA,-,Weak
glxR-cg1344,glxR,cg1344,+,Strong
glxR-cg1345,glxR,cg1345,+,Strong
glxR-cg0875,glxR,cg0875,-,Strong
glxR-gat,glxR,gat,-,Strong
glxR-cg1065,glxR,cg1065,-,Weak
glxR-cg0948,glxR,cg0948,+,Weak
glxR-cg1066,glxR,cg1066,-,Weak
glxR-pckG,glxR,pckG,-,Strong
glxR-cg2640,glxR,cg2640,-,Weak
glxR-cg2642,glxR,cg2642,-,Weak
glxR-cg2643,glxR,cg2643,-,Weak
glxR-cg2361,glxR,cg2361,+,Weak
glxR-cg1571,glxR,cg1571,-,Weak
glxR-cg1570,glxR,cg1570,-,Weak
glxR-iolG,glxR,iolG,-,Strong
glxR-cg0197,glxR,cg0197,-,Strong
glxR-mptB,glxR,mptB,+,Weak
glxR-gluA,glxR,gluA,-,Weak
glxR-cg0202,glxR,cg0202,-,Strong
glxR-cg0879,glxR,cg0879,+,Weak
glxR-cg3349,glxR,cg3349,-,Strong
glxR-cg3382,glxR,cg3382,+,Weak
glxR-cg1956,glxR,cg1956,-,Weak
glxR-cg1595,glxR,cg1595,-,Weak
glxR-cg1342,glxR,cg1342,+,Strong
glxR-cg3388,glxR,cg3388,-,Weak
glxR-cg3389,glxR,cg3389,-,Strong
glxR-pcaB,glxR,pcaB,-,Weak
glxR-narI,glxR,narI,+,Strong
glxR-narH,glxR,narH,+,Strong
glxR-cg0205,glxR,cg0205,-,Strong
glxR-sdhC,glxR,sdhC,-,Strong
glxR-cg2966,glxR,cg2966,-,Weak
glxR-glnK,glxR,glnK,-,Weak
glxR-qcrC,glxR,qcrC,+,Weak
glxR-qcrA,glxR,qcrA,+,Weak
glxR-prpD2,glxR,prpD2,-,Strong
glxR-prpD1,glxR,prpD1,-,Weak
glxR-pheR,glxR,pheR,-,Weak
glxR-aceA,glxR,aceA,-,Strong
glxR-cg1768,glxR,cg1768,+,Weak
glxR-glnD,glxR,glnD,-,Weak
glxR-benC,glxR,benC,-,Weak
glxR-cg1769,glxR,cg1769,+,Weak
glxR-cg2410,glxR,cg2410,+,Weak
glxR-cg2845,glxR,cg2845,+,Strong
glxR-cg3170,glxR,cg3170,-,Weak
glxR-cg1753,glxR,cg1753,-,Weak
glxR-qcrB,glxR,qcrB,+,Weak
glxR-ackA,glxR,ackA,-,Weak
glxR-cg3390,glxR,cg3390,-,Strong
glxR-cg2953,glxR,cg2953,-,Weak
glxR-benB,glxR,benB,-,Weak
glxR-cg0961,glxR,cg0961,-,Weak
glxR-glxR,glxR,glxR,-,Strong
glxR-gltA,glxR,gltA,-,Strong
glxR-cg3220,glxR,cg3220,-,Weak
glxR-cg2708,glxR,cg2708,-,Weak
glxR-gap,glxR,gap,-,Strong
glxR-coaA,glxR,coaA,-,Weak
glxR-ilvC,glxR,ilvC,-,Weak
glxR-ilvB,glxR,ilvB,-,Weak
glxR-cg3226,glxR,cg3226,-,Weak
glxR-cg0567,glxR,cg0567,-,Strong
glxR-cg0566,glxR,cg0566,-,Strong
glxR-cg0568,glxR,cg0568,-,Strong
glxR-gltD,glxR,gltD,+,Weak
glxR-sucC,glxR,sucC,-,Strong
glxR-sucD,glxR,sucD,-,Weak
glxR-cg2781,glxR,cg2781,-,Weak
glxR-cg0203,glxR,cg0203,-,Strong
glxR-cg0201,glxR,cg0201,-,Strong
glxR-glnA,glxR,glnA,-,Weak
glxR-adhA,glxR,adhA,-,Weak
fruR-ptsI,fruR,ptsI,-,Strong
fruR-fruR,fruR,fruR,-,Strong
fruR-cg2120,fruR,cg2120,-,Strong
fruR-pfkB,fruR,pfkB,-,Strong
fruR-ptsH,fruR,ptsH,-,Strong
zur-cg1447,zur,cg1447,-,Strong
zur-cg1670,zur,cg1670,-,Weak
zur-cg0793,zur,cg0793,-,Weak
zur-cg0794,zur,cg0794,-,Strong
zur-cg0795,zur,cg0795,-,Strong
zur-prpD1,zur,prpD1,-,Weak
zur-cg0042,zur,cg0042,-,Strong
zur-ald,zur,ald,-,Weak
zur-cg1332,zur,cg1332,-,Weak
zur-oppA,zur,oppA,-,Weak
zur-cg2911,zur,cg2911,-,Strong
zur-cg2912,zur,cg2912,-,Strong
zur-cg2913,zur,cg2913,-,Strong
zur-porB,zur,porB,-,Weak
zur-cg3195,zur,cg3195,-,Weak
zur-cg0041,zur,cg0041,-,Strong
zur-ohr,zur,ohr,-,Strong
zur-cg0043,zur,cg0043,-,Strong
relA-cseE,relA,cseE,+,Weak
relA-cg2942,relA,cg2942,-,Weak
relA-sigB,relA,sigB,+,Weak
relA-sigE,relA,sigE,+,Weak
relA-sigH,relA,sigH,+,Weak
relA-sigM,relA,sigM,+,Weak
relA-cg0877,relA,cg0877,+,Weak
relA-lexA,relA,lexA,+,Weak
cg2268-cg2269,cg2268,cg2269,+,Weak
mtrA-rsmA,mtrA,rsmA,-,Strong
mtrA-rpf2,mtrA,rpf2,-,Strong
mtrA-cg2096,mtrA,cg2096,+,Strong
mtrA-cg0134,mtrA,cg0134,+,Strong
mtrA-cg0133,mtrA,cg0133,+,Strong
mtrA-cg0980,mtrA,cg0980,+,Strong
mtrA-ppmA,mtrA,ppmA,-,Strong
mtrA-cg3139,mtrA,cg3139,-,Strong
mtrA-nrdI,mtrA,nrdI,+,Strong
mtrA-cg2777,mtrA,cg2777,+,Strong
mtrA-cg1041,mtrA,cg1041,-,Strong
mtrA-cg1040,mtrA,cg1040,-,Strong
mtrA-cg1612,mtrA,cg1612,+,Strong
mtrA-cg3395,mtrA,cg3395,+,Strong
mtrA-nlpC,mtrA,nlpC,-,Strong
mtrA-cg1942,mtrA,cg1942,+,Strong
mtrA-cg1943,mtrA,cg1943,+,Strong
mtrA-betP,mtrA,betP,+,Strong
mtrA-cg1665,mtrA,cg1665,+,Strong
mtrA-cg0896,mtrA,cg0896,+,Strong
mtrA-cg2052,mtrA,cg2052,+,Strong
mtrA-cg1517,mtrA,cg1517,+,Strong
mtrA-cg2747,mtrA,cg2747,-,Strong
mtrA-cg2789,mtrA,cg2789,+,Strong
mtrA-cg3254,mtrA,cg3254,+,Strong
mtrA-cg0282,mtrA,cg0282,+,Strong
mtrA-ispE,mtrA,ispE,-,Strong
mtrA-cg0859,mtrA,cg0859,+,Strong
mtrA-cg0858,mtrA,cg0858,-,Strong
mtrA-cg0715,mtrA,cg0715,+,Strong
mtrA-cg2786,mtrA,cg2786,+,Strong
qsuR-aroQ,qsuR,aroQ,+,Strong
qsuR-qsuD,qsuR,qsuD,+,Strong
qsuR-cg0501,qsuR,cg0501,+,Strong
qsuR-qsuR,qsuR,qsuR,+,Weak
qsuR-cg0502,qsuR,cg0502,+,Strong
cg1032-cg1032,cg1032,cg1032,-,Strong
cg1032-cg1033,cg1032,cg1033,-,Strong
lrp-lrp,lrp,lrp,+,Strong
lrp-brnF,lrp,brnF,+,Strong
lrp-brnE,lrp,brnE,+,Strong
sigA-pafA,sigA,pafA,+,Strong
sigA-cg2149,sigA,cg2149,+,Strong
sigA-cg2148,sigA,cg2148,+,Strong
sigA-cg2147,sigA,cg2147,+,Strong
sigA-cg2146,sigA,cg2146,+,Strong
sigA-cg2145,sigA,cg2145,+,Strong
sigA-crtR,sigA,crtR,+,Strong
sigA-dnaJ2,sigA,dnaJ2,+,Strong
sigA-pknB,sigA,pknB,+,Strong
sigA-cg2036,sigA,cg2036,+,Strong
sigA-cg2034,sigA,cg2034,+,Strong
sigA-cmk,sigA,cmk,+,Strong
sigA-cg2030,sigA,cg2030,+,Strong
sigA-cg2529,sigA,cg2529,+,Strong
sigA-cg1906,sigA,cg1906,+,Strong
sigA-cg3032,sigA,cg3032,+,Strong
sigA-cg3033,sigA,cg3033,+,Strong
sigA-cg3035,sigA,cg3035,+,Strong
sigA-cg3036,sigA,cg3036,+,Strong
sigA-cg3037,sigA,cg3037,+,Strong
sigA-cg2521,sigA,cg2521,+,Strong
sigA-cg3039,sigA,cg3039,+,Strong
sigA-cg2523,sigA,cg2523,+,Strong
sigA-cg1904,sigA,cg1904,+,Strong
sigA-cg2527,sigA,cg2527,+,Strong
sigA-cg2526,sigA,cg2526,+,Strong
sigA-cg1905,sigA,cg1905,+,Strong
sigA-cg1270,sigA,cg1270,+,Strong
sigA-cg1951,sigA,cg1951,+,Strong
sigA-cg1421,sigA,cg1421,+,Strong
sigA-cg1423,sigA,cg1423,+,Strong
sigA-cg1426,sigA,cg1426,+,Strong
sigA-cg1429,sigA,cg1429,+,Strong
sigA-kup,sigA,kup,+,Strong
sigA-cg2457,sigA,cg2457,+,Strong
sigA-cg2451,sigA,cg2451,+,Strong
sigA-cg2453,sigA,cg2453,+,Strong
sigA-cg2452,sigA,cg2452,+,Strong
sigA-cg2459,sigA,cg2459,+,Strong
sigA-cg2458,sigA,cg2458,+,Strong
sigA-cg2859,sigA,cg2859,+,Strong
sigA-cg2851,sigA,cg2851,+,Strong
sigA-cg2850,sigA,cg2850,+,Strong
sigA-cg2853,sigA,cg2853,+,Strong
sigA-cg2852,sigA,cg2852,+,Strong
sigA-cg2856,sigA,cg2856,+,Strong
sigA-gltX,sigA,gltX,+,Strong
sigA-cg1398,sigA,cg1398,+,Strong
sigA-cg1393,sigA,cg1393,+,Strong
sigA-cg1392,sigA,cg1392,+,Strong
sigA-cg1396,sigA,cg1396,+,Strong
sigA-cg1394,sigA,cg1394,+,Strong
sigA-gpsA,sigA,gpsA,+,Strong
sigA-cg1559,sigA,cg1559,+,Strong
sigA-cg1888,sigA,cg1888,+,Strong
sigA-gltA,sigA,gltA,+,Strong
sigA-cg1556,sigA,cg1556,+,Strong
sigA-cg1551,sigA,cg1551,+,Strong
sigA-cg1550,sigA,cg1550,+,Strong
sigA-cg1553,sigA,cg1553,+,Strong
sigA-sugR,sigA,sugR,+,Strong
sigA-cg1375,sigA,cg1375,+,Strong
sigA-cg1374,sigA,cg1374,+,Strong
sigA-cg1373,sigA,cg1373,+,Strong
sigA-cg1372,sigA,cg1372,+,Strong
sigA-clgR,sigA,clgR,+,Strong
sigA-cg1087,sigA,cg1087,+,Strong
sigA-cg1086,sigA,cg1086,+,Strong
sigA-cg1085,sigA,cg1085,+,Strong
sigA-cg1082,sigA,cg1082,+,Strong
sigA-cg1081,sigA,cg1081,+,Strong
sigA-cg1080,sigA,cg1080,+,Strong
sigA-cg1089,sigA,cg1089,+,Strong
sigA-cg1088,sigA,cg1088,+,Strong
sigA-cg1778,sigA,cg1778,+,Strong
sigA-cg1771,sigA,cg1771,+,Strong
sigA-cg0840,sigA,cg0840,+,Strong
sigA-cg1774,sigA,cg1774,+,Strong
sigA-cg3318,sigA,cg3318,+,Strong
sigA-lpqB,sigA,lpqB,+,Strong
sigA-disA,sigA,disA,+,Strong
sigA-uppP,sigA,uppP,+,Strong
sigA-cg1173,sigA,cg1173,+,Strong
sigA-cg1172,sigA,cg1172,+,Strong
sigA-cg1171,sigA,cg1171,+,Strong
sigA-era,sigA,era,+,Strong
sigA-cg1174,sigA,cg1174,+,Strong
sigA-cg1179,sigA,cg1179,+,Strong
sigA-cgtR6,sigA,cgtR6,+,Strong
sigA-mnmA,sigA,mnmA,+,Strong
sigA-gatA,sigA,gatA,+,Strong
sigA-gatB,sigA,gatB,+,Strong
sigA-gatC,sigA,gatC,+,Strong
sigA-cg0178,sigA,cg0178,+,Strong
sigA-cg0171,sigA,cg0171,+,Strong
sigA-cg0173,sigA,cg0173,+,Strong
sigA-cg0175,sigA,cg0175,+,Strong
sigA-cg0176,sigA,cg0176,+,Strong
sigA-cg0177,sigA,cg0177,+,Strong
sigA-cg1753,sigA,cg1753,+,Strong
sigA-cg0282,sigA,cg0282,+,Strong
sigA-cg0283,sigA,cg0283,+,Strong
sigA-cg0280,sigA,cg0280,+,Strong
sigA-cg0281,sigA,cg0281,+,Strong
sigA-cg0286,sigA,cg0286,+,Strong
sigA-cg0284,sigA,cg0284,+,Strong
sigA-cg0285,sigA,cg0285,+,Strong
sigA-cg0772,sigA,cg0772,+,Strong
sigA-cg0773,sigA,cg0773,+,Strong
sigA-cg0770,sigA,cg0770,+,Strong
sigA-argC,sigA,argC,+,Strong
sigA-cg0774,sigA,cg0774,+,Strong
sigA-cg0775,sigA,cg0775,+,Strong
sigA-cg0778,sigA,cg0778,+,Strong
sigA-clpP2,sigA,clpP2,+,Strong
sigA-clpP1,sigA,clpP1,+,Strong
sigA-cg0918,sigA,cg0918,+,Strong
sigA-cg1158,sigA,cg1158,+,Strong
sigA-cg0911,sigA,cg0911,+,Strong
sigA-cg0914,sigA,cg0914,+,Strong
sigA-cg0915,sigA,cg0915,+,Strong
sigA-cg2739,sigA,cg2739,+,Strong
sigA-cg2734,sigA,cg2734,+,Strong
sigA-cg2735,sigA,cg2735,+,Strong
sigA-cg2736,sigA,cg2736,+,Strong
sigA-cg2737,sigA,cg2737,+,Strong
sigA-cg3157,sigA,cg3157,+,Strong
sigA-cg3153,sigA,cg3153,+,Strong
sigA-cg3159,sigA,cg3159,+,Strong
sigA-cg0591,sigA,cg0591,+,Strong
sigA-cg0352,sigA,cg0352,+,Strong
sigA-cg0353,sigA,cg0353,+,Strong
sigA-cg0354,sigA,cg0354,+,Strong
sigA-cg0355,sigA,cg0355,+,Strong
sigA-cg0356,sigA,cg0356,+,Strong
sigA-cg0359,sigA,cg0359,+,Strong
sigA-cg0826,sigA,cg0826,+,Strong
sigA-cg0822,sigA,cg0822,+,Strong
sigA-cg0823,sigA,cg0823,+,Strong
sigA-cg0820,sigA,cg0820,+,Strong
sigA-cg0821,sigA,cg0821,+,Strong
sigA-cg0828,sigA,cg0828,+,Strong
sigA-cg0829,sigA,cg0829,+,Strong
sigA-cg2608,sigA,cg2608,+,Strong
sigA-cg2604,sigA,cg2604,+,Strong
sigA-cg2605,sigA,cg2605,+,Strong
sigA-cg2606,sigA,cg2606,+,Strong
sigA-ftsH,sigA,ftsH,+,Strong
sigA-ftsR,sigA,ftsR,+,Strong
sigA-ftsQ,sigA,ftsQ,+,Strong
sigA-ftsZ,sigA,ftsZ,+,Strong
sigA-cg2190,sigA,cg2190,+,Strong
sigA-cg2191,sigA,cg2191,+,Strong
sigA-mdh,sigA,mdh,+,Strong
sigA-cg2193,sigA,cg2193,+,Strong
sigA-cg2195,sigA,cg2195,+,Strong
sigA-cg2196,sigA,cg2196,+,Strong
sigA-cg2197,sigA,cg2197,+,Strong
sigA-cg2198,sigA,cg2198,+,Strong
sigA-cg2199,sigA,cg2199,+,Strong
sigA-cg2043,sigA,cg2043,+,Strong
sigA-cg2040,sigA,cg2040,+,Strong
sigA-cg2041,sigA,cg2041,+,Strong
sigA-cg2046,sigA,cg2046,+,Strong
sigA-cg2047,sigA,cg2047,+,Strong
sigA-cg2044,sigA,cg2044,+,Strong
sigA-cg2518,sigA,cg2518,+,Strong
sigA-cg2519,sigA,cg2519,+,Strong
sigA-cg2285,sigA,cg2285,+,Strong
sigA-hemY,sigA,hemY,+,Strong
sigA-cg3029,sigA,cg3029,+,Strong
sigA-cg2283,sigA,cg2283,+,Strong
sigA-cg3027,sigA,cg3027,+,Strong
sigA-cg3026,sigA,cg3026,+,Strong
sigA-cg3025,sigA,cg3025,+,Strong
sigA-cg3024,sigA,cg3024,+,Strong
sigA-cg3022,sigA,cg3022,+,Strong
sigA-cg3021,sigA,cg3021,+,Strong
sigA-cg3020,sigA,cg3020,+,Strong
sigA-gntR2,sigA,gntR2,+,Strong
sigA-cg2999,sigA,cg2999,+,Strong
sigA-gntR1,sigA,gntR1,+,Strong
sigA-prfA,sigA,prfA,+,Strong
sigA-prfB,sigA,prfB,+,Strong
sigA-cg2994,sigA,cg2994,+,Strong
sigA-sodA,sigA,sodA,+,Strong
sigA-cg0310,sigA,cg0310,+,Strong
sigA-cg1966,sigA,cg1966,+,Strong
sigA-cg1418,sigA,cg1418,+,Strong
sigA-cg1419,sigA,cg1419,+,Strong
sigA-cg1413,sigA,cg1413,+,Strong
sigA-cg2460,sigA,cg2460,+,Strong
sigA-cg2462,sigA,cg2462,+,Strong
sigA-cg2463,sigA,cg2463,+,Strong
sigA-cg2464,sigA,cg2464,+,Strong
sigA-upp,sigA,upp,+,Strong
sigA-glyR,sigA,glyR,+,Strong
sigA-cg2865,sigA,cg2865,+,Strong
sigA-cg2860,sigA,cg2860,+,Strong
sigA-cg2861,sigA,cg2861,+,Strong
sigA-cg2868,sigA,cg2868,+,Strong
sigA-glyA,sigA,glyA,+,Strong
sigA-cg1568,sigA,cg1568,+,Strong
sigA-cg1569,sigA,cg1569,+,Strong
sigA-cg1560,sigA,cg1560,+,Strong
sigA-cg1562,sigA,cg1562,+,Strong
sigA-cg1342,sigA,cg1342,+,Strong
sigA-cg1344,sigA,cg1344,+,Strong
sigA-cg1345,sigA,cg1345,+,Strong
sigA-cg1346,sigA,cg1346,+,Strong
sigA-cg1349,sigA,cg1349,+,Strong
sigA-msrA,sigA,msrA,+,Strong
sigA-cg1744,sigA,cg1744,+,Strong
sigA-cg1746,sigA,cg1746,+,Strong
sigA-cg1740,sigA,cg1740,+,Strong
sigA-cg1741,sigA,cg1741,+,Strong
sigA-cg1742,sigA,cg1742,+,Strong
sigA-cg1743,sigA,cg1743,+,Strong
sigA-cg0091,sigA,cg0091,+,Strong
sigA-rhcR,sigA,rhcR,+,Strong
sigA-cg1727,sigA,cg1727,+,Strong
sigA-adhA,sigA,adhA,+,Strong
sigA-cg1189,sigA,cg1189,+,Strong
sigA-cg1182,sigA,cg1182,+,Strong
sigA-murB2,sigA,murB2,+,Strong
sigA-cg1180,sigA,cg1180,+,Strong
sigA-cg1181,sigA,cg1181,+,Strong
sigA-cg1776,sigA,cg1776,+,Strong
sigA-cg0167,sigA,cg0167,+,Strong
sigA-cg0166,sigA,cg0166,+,Strong
sigA-cg0165,sigA,cg0165,+,Strong
sigA-cg0163,sigA,cg0163,+,Strong
sigA-cg0162,sigA,cg0162,+,Strong
sigA-cg0161,sigA,cg0161,+,Strong
sigA-cg0160,sigA,cg0160,+,Strong
sigA-cg0168,sigA,cg0168,+,Strong
sigA-ipsA,sigA,ipsA,+,Strong
sigA-lpd,sigA,lpd,+,Strong
sigA-rpf1,sigA,rpf1,+,Strong
sigA-rpf2,sigA,rpf2,+,Strong
sigA-cg0293,sigA,cg0293,+,Strong
sigA-cg0295,sigA,cg0295,+,Strong
sigA-cg0294,sigA,cg0294,+,Strong
sigA-cg0297,sigA,cg0297,+,Strong
sigA-cg0296,sigA,cg0296,+,Strong
sigA-menG,sigA,menG,+,Strong
sigA-acnR,sigA,acnR,+,Strong
sigA-cg0765,sigA,cg0765,+,Strong
sigA-cg0764,sigA,cg0764,+,Strong
sigA-cg0767,sigA,cg0767,+,Strong
sigA-cg0769,sigA,cg0769,+,Strong
sigA-cg0768,sigA,cg0768,+,Strong
sigA-cg1945,sigA,cg1945,+,Strong
sigA-cg0909,sigA,cg0909,+,Strong
sigA-cg0908,sigA,cg0908,+,Strong
sigA-cg0901,sigA,cg0901,+,Strong
sigA-cg0905,sigA,cg0905,+,Strong
sigA-cg0907,sigA,cg0907,+,Strong
sigA-cg0906,sigA,cg0906,+,Strong
sigA-cg2722,sigA,cg2722,+,Strong
sigA-cg2725,sigA,cg2725,+,Strong
sigA-cg0892,sigA,cg0892,+,Strong
sigA-cg3120,sigA,cg3120,+,Strong
sigA-cg3121,sigA,cg3121,+,Strong
sigA-cg3126,sigA,cg3126,+,Strong
sigA-cg0588,sigA,cg0588,+,Strong
sigA-cg3124,sigA,cg3124,+,Strong
sigA-cg3125,sigA,cg3125,+,Strong
sigA-cg3129,sigA,cg3129,+,Strong
sigA-cg0580,sigA,cg0580,+,Strong
sigA-cg0618,sigA,cg0618,+,Strong
sigA-cg0349,sigA,cg0349,+,Strong
sigA-cg0612,sigA,cg0612,+,Strong
sigA-cg0835,sigA,cg0835,+,Strong
sigA-cg0834,sigA,cg0834,+,Strong
sigA-cg0830,sigA,cg0830,+,Strong
sigA-cg0833,sigA,cg0833,+,Strong
sigA-htaC,sigA,htaC,+,Strong
sigA-htaB,sigA,htaB,+,Strong
sigA-cg0839,sigA,cg0839,+,Strong
sigA-cg2617,sigA,cg2617,+,Strong
sigA-cg2616,sigA,cg2616,+,Strong
sigA-cg2614,sigA,cg2614,+,Strong
sigA-cg2612,sigA,cg2612,+,Strong
sigA-cg2611,sigA,cg2611,+,Strong
sigA-cg2618,sigA,cg2618,+,Strong
sigA-tyrS,sigA,tyrS,+,Strong
sigA-cg0263,sigA,cg0263,+,Strong
sigA-cg3239,sigA,cg3239,+,Strong
sigA-cg3233,sigA,cg3233,+,Strong
sigA-cg3230,sigA,cg3230,+,Strong
sigA-cg2189,sigA,cg2189,+,Strong
sigA-cg2188,sigA,cg2188,+,Strong
sigA-cg2186,sigA,cg2186,+,Strong
sigA-cg2180,sigA,cg2180,+,Strong
sigA-cg3164,sigA,cg3164,+,Strong
sigA-cg2051,sigA,cg2051,+,Strong
sigA-cg2053,sigA,cg2053,+,Strong
sigA-cg2052,sigA,cg2052,+,Strong
sigA-rimP,sigA,rimP,+,Strong
sigA-cg2504,sigA,cg2504,+,Strong
sigA-cg2293,sigA,cg2293,+,Strong
sigA-cg3058,sigA,cg3058,+,Strong
sigA-cg3059,sigA,cg3059,+,Strong
sigA-cg2294,sigA,cg2294,+,Strong
sigA-cg3052,sigA,cg3052,+,Strong
sigA-rimM,sigA,rimM,+,Strong
sigA-cg3050,sigA,cg3050,+,Strong
sigA-cg2298,sigA,cg2298,+,Strong
sigA-cg3057,sigA,cg3057,+,Strong
sigA-cg0893,sigA,cg0893,+,Strong
sigA-cg1408,sigA,cg1408,+,Strong
sigA-cg1402,sigA,cg1402,+,Strong
sigA-cg1400,sigA,cg1400,+,Strong
sigA-cg1405,sigA,cg1405,+,Strong
sigA-frr,sigA,frr,+,Strong
sigA-cg2478,sigA,cg2478,+,Strong
sigA-cg2477,sigA,cg2477,+,Strong
sigA-cg2475,sigA,cg2475,+,Strong
sigA-cg2474,sigA,cg2474,+,Strong
sigA-cg2473,sigA,cg2473,+,Strong
sigA-cg2472,sigA,cg2472,+,Strong
sigA-cg2471,sigA,cg2471,+,Strong
sigA-cg2470,sigA,cg2470,+,Strong
sigA-cg2873,sigA,cg2873,+,Strong
sigA-cg2877,sigA,cg2877,+,Strong
sigA-cg2876,sigA,cg2876,+,Strong
sigA-cg2875,sigA,cg2875,+,Strong
sigA-cg1577,sigA,cg1577,+,Strong
sigA-cg1573,sigA,cg1573,+,Strong
sigA-cg1571,sigA,cg1571,+,Strong
sigA-cg1570,sigA,cg1570,+,Strong
sigA-cg1579,sigA,cg1579,+,Strong
sigA-cg1578,sigA,cg1578,+,Strong
sigA-cg2987,sigA,cg2987,+,Strong
sigA-cg2985,sigA,cg2985,+,Strong
sigA-spiA,sigA,spiA,+,Strong
sigA-cg2982,sigA,cg2982,+,Strong
sigA-cg2981,sigA,cg2981,+,Strong
sigA-spiE,sigA,spiE,+,Strong
sigA-lepA,sigA,lepA,+,Strong
sigA-cg1359,sigA,cg1359,+,Strong
sigA-cg1358,sigA,cg1358,+,Strong
sigA-cg1354,sigA,cg1354,+,Strong
sigA-cg1353,sigA,cg1353,+,Strong
sigA-glnK,sigA,glnK,+,Strong
sigA-gpmA,sigA,gpmA,+,Strong
sigA-cg1757,sigA,cg1757,+,Strong
sigA-glnA,sigA,glnA,+,Strong
sigA-cg1997,sigA,cg1997,+,Strong
sigA-cg1996,sigA,cg1996,+,Strong
sigA-cg1992,sigA,cg1992,+,Strong
sigA-cg1998,sigA,cg1998,+,Strong
sigA-cgtS10,sigA,cgtS10,+,Strong
sigA-dadA,sigA,dadA,+,Strong
sigA-glxR,sigA,glxR,+,Strong
sigA-gltB,sigA,gltB,+,Strong
sigA-cg2169,sigA,cg2169,+,Strong
sigA-fusA,sigA,fusA,+,Strong
sigA-cg1195,sigA,cg1195,+,Strong
sigA-cg1191,sigA,cg1191,+,Strong
sigA-cg1190,sigA,cg1190,+,Strong
sigA-cg1192,sigA,cg1192,+,Strong
sigA-rsmA,sigA,rsmA,+,Strong
sigA-rsmG,sigA,rsmG,+,Strong
sigA-rsmH,sigA,rsmH,+,Strong
sigA-adk,sigA,adk,+,Strong
sigA-rnj,sigA,rnj,+,Strong
sigA-cg2244,sigA,cg2244,+,Strong
sigA-cg0756,sigA,cg0756,+,Strong
sigA-cg0757,sigA,cg0757,+,Strong
sigA-cg0751,sigA,cg0751,+,Strong
sigA-cg0752,sigA,cg0752,+,Strong
sigA-cg0021,sigA,cg0021,+,Strong
sigA-cg2247,sigA,cg2247,+,Strong
sigA-fruR,sigA,fruR,+,Strong
sigA-cg0753,sigA,cg0753,+,Strong
sigA-cg3130,sigA,cg3130,+,Strong
sigA-cg3132,sigA,cg3132,+,Strong
sigA-cg3135,sigA,cg3135,+,Strong
sigA-cg3136,sigA,cg3136,+,Strong
sigA-cg3139,sigA,cg3139,+,Strong
sigA-icd,sigA,icd,+,Strong
sigA-cg0338,sigA,cg0338,+,Strong
sigA-cg0339,sigA,cg0339,+,Strong
sigA-cg0336,sigA,cg0336,+,Strong
sigA-cg0625,sigA,cg0625,+,Strong
sigA-cg0334,sigA,cg0334,+,Strong
sigA-cg0335,sigA,cg0335,+,Strong
sigA-cg0802,sigA,cg0802,+,Strong
sigA-cg0806,sigA,cg0806,+,Strong
sigA-cg0807,sigA,cg0807,+,Strong
sigA-cg2662,sigA,cg2662,+,Strong
sigA-cg2661,sigA,cg2661,+,Strong
sigA-cg2666,sigA,cg2666,+,Strong
sigA-cg2667,sigA,cg2667,+,Strong
sigA-zur,sigA,zur,+,Strong
sigA-pheA,sigA,pheA,+,Strong
sigA-obg,sigA,obg,+,Strong
sigA-cg0246,sigA,cg0246,+,Strong
sigA-cg0935,sigA,cg0935,+,Strong
sigA-cg0244,sigA,cg0244,+,Strong
sigA-cg0245,sigA,cg0245,+,Strong
sigA-cg0242,sigA,cg0242,+,Strong
sigA-cg0243,sigA,cg0243,+,Strong
sigA-cg0240,sigA,cg0240,+,Strong
sigA-cg0933,sigA,cg0933,+,Strong
sigA-cg3225,sigA,cg3225,+,Strong
sigA-cg3227,sigA,cg3227,+,Strong
sigA-cg3226,sigA,cg3226,+,Strong
sigA-cg0938,sigA,cg0938,+,Strong
sigA-cg3220,sigA,cg3220,+,Strong
sigA-cg3223,sigA,cg3223,+,Strong
sigA-cg0249,sigA,cg0249,+,Strong
sigA-ppc,sigA,ppc,+,Strong
sigA-ppa,sigA,ppa,+,Strong
sigA-relA,sigA,relA,+,Strong
sigA-cg2068,sigA,cg2068,+,Strong
sigA-cg2069,sigA,cg2069,+,Strong
sigA-cg1671,sigA,cg1671,+,Strong
sigA-cg2066,sigA,cg2066,+,Strong
sigA-cg2067,sigA,cg2067,+,Strong
sigA-cg2060,sigA,cg2060,+,Strong
sigA-cg2061,sigA,cg2061,+,Strong
sigA-cg3049,sigA,cg3049,+,Strong
sigA-cg2267,sigA,cg2267,+,Strong
sigA-cg3043,sigA,cg3043,+,Strong
sigA-cg3042,sigA,cg3042,+,Strong
sigA-cg3045,sigA,cg3045,+,Strong
sigA-cg3044,sigA,cg3044,+,Strong
sigA-cg3046,sigA,cg3046,+,Strong
sigA-cg2084,sigA,cg2084,+,Strong
sigA-cg2085,sigA,cg2085,+,Strong
sigA-mtrA,sigA,mtrA,+,Strong
sigA-cg2080,sigA,cg2080,+,Strong
sigA-mtrB,sigA,mtrB,+,Strong
sigA-cg2088,sigA,cg2088,+,Strong
sigA-cg2089,sigA,cg2089,+,Strong
sigA-brnQ,sigA,brnQ,+,Strong
sigA-pckG,sigA,pckG,+,Strong
sigA-cg1770,sigA,cg1770,+,Strong
sigA-mptB,sigA,mptB,+,Strong
sigA-mptA,sigA,mptA,+,Strong
sigA-cg2401,sigA,cg2401,+,Strong
sigA-qsuD,sigA,qsuD,+,Strong
sigA-phnB1,sigA,phnB1,+,Strong
sigA-phnB2,sigA,phnB2,+,Strong
sigA-cg2884,sigA,cg2884,+,Strong
sigA-cg2883,sigA,cg2883,+,Strong
sigA-cg2880,sigA,cg2880,+,Strong
sigA-cg1693,sigA,cg1693,+,Strong
sigA-cg1690,sigA,cg1690,+,Strong
sigA-cg2383,sigA,cg2383,+,Strong
sigA-cg1694,sigA,cg1694,+,Strong
sigA-cg1695,sigA,cg1695,+,Strong
sigA-nnr,sigA,nnr,+,Strong
sigA-cg1500,sigA,cg1500,+,Strong
sigA-cg1506,sigA,cg1506,+,Strong
sigA-cg1504,sigA,cg1504,+,Strong
sigA-cg1505,sigA,cg1505,+,Strong
sigA-cg0141,sigA,cg0141,+,Strong
sigA-cg1509,sigA,cg1509,+,Strong
sigA-cg2314,sigA,cg2314,+,Strong
sigA-cg2310,sigA,cg2310,+,Strong
sigA-cg2311,sigA,cg2311,+,Strong
sigA-tig,sigA,tig,+,Strong
sigA-cg2318,sigA,cg2318,+,Strong
sigA-cg0233,sigA,cg0233,+,Strong
sigA-cg1328,sigA,cg1328,+,Strong
sigA-cg1322,sigA,cg1322,+,Strong
sigA-cg1326,sigA,cg1326,+,Strong
sigA-cg1327,sigA,cg1327,+,Strong
sigA-cg1325,sigA,cg1325,+,Strong
sigA-cg0982,sigA,cg0982,+,Strong
sigA-cg0237,sigA,cg0237,+,Strong
sigA-cg0235,sigA,cg0235,+,Strong
sigA-cg1210,sigA,cg1210,+,Strong
sigA-cg1035,sigA,cg1035,+,Strong
sigA-cg1032,sigA,cg1032,+,Strong
sigA-aspA,sigA,aspA,+,Strong
sigA-cg1030,sigA,cg1030,+,Strong
sigA-cg1031,sigA,cg1031,+,Strong
sigA-aspS,sigA,aspS,+,Strong
sigA-lrp,sigA,lrp,+,Strong
sigA-cg0104,sigA,cg0104,+,Strong
sigA-cg0107,sigA,cg0107,+,Strong
sigA-cg0109,sigA,cg0109,+,Strong
sigA-cg0108,sigA,cg0108,+,Strong
sigA-glmU,sigA,glmU,+,Strong
sigA-glmS,sigA,glmS,+,Strong
sigA-pstB,sigA,pstB,+,Strong
sigA-glmM,sigA,glmM,+,Strong
sigA-pmt,sigA,pmt,+,Strong
sigA-cg2126,sigA,cg2126,+,Strong
sigA-acpS,sigA,acpS,+,Strong
sigA-cg4021,sigA,cg4021,+,Strong
sigA-cg4027,sigA,cg4027,+,Strong
sigA-sigA,sigA,sigA,+,Strong
sigA-cg0749,sigA,cg0749,+,Strong
sigA-cg0748,sigA,cg0748,+,Strong
sigA-cg0039,sigA,cg0039,+,Strong
sigA-cg0038,sigA,cg0038,+,Strong
sigA-sigH,sigA,sigH,+,Strong
sigA-cg0740,sigA,cg0740,+,Strong
sigA-cg0747,sigA,cg0747,+,Strong
sigA-cosR,sigA,cosR,+,Strong
sigA-nlpC,sigA,nlpC,+,Strong
sigA-cysN,sigA,cysN,+,Strong
sigA-cysI,sigA,cysI,+,Strong
sigA-cysJ,sigA,cysJ,+,Strong
sigA-cysD,sigA,cysD,+,Strong
sigA-cysY,sigA,cysY,+,Strong
sigA-cysZ,sigA,cysZ,+,Strong
sigA-cysS,sigA,cysS,+,Strong
sigA-cysR,sigA,cysR,+,Strong
sigA-cg3106,sigA,cg3106,+,Strong
sigA-cg3101,sigA,cg3101,+,Strong
sigA-cg3102,sigA,cg3102,+,Strong
sigA-cg1524,sigA,cg1524,+,Strong
sigA-cg0327,sigA,cg0327,+,Strong
sigA-cg0326,sigA,cg0326,+,Strong
sigA-cg0819,sigA,cg0819,+,Strong
sigA-cg0816,sigA,cg0816,+,Strong
sigA-cg0815,sigA,cg0815,+,Strong
sigA-thrB,sigA,thrB,+,Strong
sigA-thrC,sigA,thrC,+,Strong
sigA-cg0811,sigA,cg0811,+,Strong
sigA-fba,sigA,fba,+,Strong
sigA-cg2679,sigA,cg2679,+,Strong
sigA-cg2678,sigA,cg2678,+,Strong
sigA-cg1831,sigA,cg1831,+,Strong
sigA-thrS,sigA,thrS,+,Strong
sigA-cg0923,sigA,cg0923,+,Strong
sigA-cg0922,sigA,cg0922,+,Strong
sigA-cg0921,sigA,cg0921,+,Strong
sigA-cg0251,sigA,cg0251,+,Strong
sigA-cg0250,sigA,cg0250,+,Strong
sigA-cg0253,sigA,cg0253,+,Strong
sigA-cg0924,sigA,cg0924,+,Strong
sigA-cg3210,sigA,cg3210,+,Strong
sigA-cg3211,sigA,cg3211,+,Strong
sigA-cg3212,sigA,cg3212,+,Strong
sigA-cg0928,sigA,cg0928,+,Strong
sigA-cg3214,sigA,cg3214,+,Strong
sigA-cg3215,sigA,cg3215,+,Strong
sigA-xerD,sigA,xerD,+,Strong
sigA-cg2748,sigA,cg2748,+,Strong
sigA-cg3075,sigA,cg3075,+,Strong
sigA-cg2078,sigA,cg2078,+,Strong
sigA-cg3070,sigA,cg3070,+,Strong
sigA-cg3072,sigA,cg3072,+,Strong
sigA-cg3073,sigA,cg3073,+,Strong
sigA-cg2071,sigA,cg2071,+,Strong
sigA-cg3078,sigA,cg3078,+,Strong
sigA-cg2076,sigA,cg2076,+,Strong
sigA-cg2213,sigA,cg2213,+,Strong
sigA-cg0958,sigA,cg0958,+,Strong
sigA-cg2275,sigA,cg2275,+,Strong
sigA-cg2274,sigA,cg2274,+,Strong
sigA-cg2211,sigA,cg2211,+,Strong
sigA-purQ,sigA,purQ,+,Strong
sigA-cg2096,sigA,cg2096,+,Strong
sigA-cg2091,sigA,cg2091,+,Strong
sigA-cg2090,sigA,cg2090,+,Strong
sigA-purT,sigA,purT,+,Strong
sigA-cg2099,sigA,cg2099,+,Strong
sigA-dxr,sigA,dxr,+,Strong
sigA-purC,sigA,purC,+,Strong
sigA-purA,sigA,purA,+,Strong
sigA-purF,sigA,purF,+,Strong
sigA-purD,sigA,purD,+,Strong
sigA-purH,sigA,purH,+,Strong
sigA-purL,sigA,purL,+,Strong
sigA-pheS,sigA,pheS,+,Strong
sigA-prpD2,sigA,prpD2,+,Strong
sigA-prpD1,sigA,prpD1,+,Strong
sigA-cg0247,sigA,cg0247,+,Strong
sigA-cg2418,sigA,cg2418,+,Strong
sigA-cg2411,sigA,cg2411,+,Strong
sigA-cg2412,sigA,cg2412,+,Strong
sigA-cg2417,sigA,cg2417,+,Strong
sigA-cg0931,sigA,cg0931,+,Strong
sigA-cg2899,sigA,cg2899,+,Strong
sigA-cg2895,sigA,cg2895,+,Strong
sigA-ileS,sigA,ileS,+,Strong
sigA-cg2891,sigA,cg2891,+,Strong
sigA-cg2890,sigA,cg2890,+,Strong
sigA-cg1681,sigA,cg1681,+,Strong
sigA-znR,sigA,znR,+,Strong
sigA-cg1683,sigA,cg1683,+,Strong
sigA-cg1682,sigA,cg1682,+,Strong
sigA-cg1684,sigA,cg1684,+,Strong
sigA-cg1687,sigA,cg1687,+,Strong
sigA-cg1686,sigA,cg1686,+,Strong
sigA-cg1511,sigA,cg1511,+,Strong
sigA-cg1510,sigA,cg1510,+,Strong
sigA-cg1512,sigA,cg1512,+,Strong
sigA-cg1514,sigA,cg1514,+,Strong
sigA-cg1517,sigA,cg1517,+,Strong
sigA-cg1519,sigA,cg1519,+,Strong
sigA-cg3221,sigA,cg3221,+,Strong
sigA-cg0939,sigA,cg0939,+,Strong
sigA-sucC,sigA,sucC,+,Strong
sigA-sucD,sigA,sucD,+,Strong
sigA-groS,sigA,groS,+,Strong
sigA-cg2308,sigA,cg2308,+,Strong
sigA-hom,sigA,hom,+,Strong
sigA-cg1332,sigA,cg1332,+,Strong
sigA-cg1336,sigA,cg1336,+,Strong
sigA-ribBA,sigA,ribBA,+,Strong
sigA-eno,sigA,eno,+,Strong
sigA-cg1209,sigA,cg1209,+,Strong
sigA-cg1205,sigA,cg1205,+,Strong
sigA-cg1204,sigA,cg1204,+,Strong
sigA-cg1207,sigA,cg1207,+,Strong
sigA-cg1206,sigA,cg1206,+,Strong
sigA-cg1203,sigA,cg1203,+,Strong
sigA-cg1202,sigA,cg1202,+,Strong
sigA-cg1027,sigA,cg1027,+,Strong
sigA-cg1022,sigA,cg1022,+,Strong
sigA-cobT,sigA,cobT,+,Strong
sigA-cobU,sigA,cobU,+,Strong
sigA-cobS,sigA,cobS,+,Strong
sigA-cg0138,sigA,cg0138,+,Strong
sigA-cg0139,sigA,cg0139,+,Strong
sigA-cobB,sigA,cobB,+,Strong
sigA-cg0134,sigA,cg0134,+,Strong
sigA-cg0135,sigA,cg0135,+,Strong
sigA-cg0136,sigA,cg0136,+,Strong
sigA-cg0131,sigA,cg0131,+,Strong
sigA-cg0133,sigA,cg0133,+,Strong
sigA-nrdI,sigA,nrdI,+,Strong
sigA-rbfA,sigA,rbfA,+,Strong
sigA-nrdR,sigA,nrdR,+,Strong
sigA-cg2106,sigA,cg2106,+,Strong
sigA-orn,sigA,orn,+,Strong
sigA-cg0008,sigA,cg0008,+,Strong
sigA-hspR,sigA,hspR,+,Strong
sigA-argR,sigA,argR,+,Strong
sigA-argS,sigA,argS,+,Strong
sigA-cg0004,sigA,cg0004,+,Strong
sigA-cg0006,sigA,cg0006,+,Strong
sigA-cg0007,sigA,cg0007,+,Strong
sigA-argH,sigA,argH,+,Strong
sigA-argJ,sigA,argJ,+,Strong
sigA-carB,sigA,carB,+,Strong
sigA-argB,sigA,argB,+,Strong
sigA-carA,sigA,carA,+,Strong
sigA-argD,sigA,argD,+,Strong
sigA-argF,sigA,argF,+,Strong
sigA-argG,sigA,argG,+,Strong
sigA-cg0790,sigA,cg0790,+,Strong
sigA-cg0791,sigA,cg0791,+,Strong
sigA-cg0792,sigA,cg0792,+,Strong
sigA-cg0793,sigA,cg0793,+,Strong
sigA-cg0794,sigA,cg0794,+,Strong
sigA-cg0795,sigA,cg0795,+,Strong
sigA-cg1011,sigA,cg1011,+,Strong
sigA-hisF,sigA,hisF,+,Strong
sigA-coaE,sigA,coaE,+,Strong
sigA-cop1,sigA,cop1,+,Strong
sigA-ilvD,sigA,ilvD,+,Strong
sigA-citB,sigA,citB,+,Strong
sigA-uriR,sigA,uriR,+,Strong
sigA-cg1015,sigA,cg1015,+,Strong
sigA-cg0316,sigA,cg0316,+,Strong
sigA-cg0646,sigA,cg0646,+,Strong
sigA-coaA,sigA,coaA,+,Strong
sigA-cg3117,sigA,cg3117,+,Strong
sigA-cg3116,sigA,cg3116,+,Strong
sigA-cg0486,sigA,cg0486,+,Strong
sigA-cg0487,sigA,cg0487,+,Strong
sigA-cg0480,sigA,cg0480,+,Strong
sigA-cg0489,sigA,cg0489,+,Strong
sigA-mrx1,sigA,mrx1,+,Strong
sigA-smpB,sigA,smpB,+,Strong
sigA-serS,sigA,serS,+,Strong
sigA-pnp,sigA,pnp,+,Strong
sigA-cg0861,sigA,cg0861,+,Strong
sigA-cg0866,sigA,cg0866,+,Strong
sigA-cg0867,sigA,cg0867,+,Strong
sigA-cg2648,sigA,cg2648,+,Strong
sigA-serA,sigA,serA,+,Strong
sigA-butA,sigA,butA,+,Strong
sigA-cg3204,sigA,cg3204,+,Strong
sigA-cg3203,sigA,cg3203,+,Strong
sigA-cg2262,sigA,cg2262,+,Strong
sigA-copO,sigA,copO,+,Strong
sigA-cg3209,sigA,cg3209,+,Strong
sigA-cg3208,sigA,cg3208,+,Strong
sigA-alaS,sigA,alaS,+,Strong
sigA-cg0264,sigA,cg0264,+,Strong
sigA-ppx1,sigA,ppx1,+,Strong
sigA-sigE,sigA,sigE,+,Strong
sigA-prs,sigA,prs,+,Strong
sigA-sigD,sigA,sigD,+,Strong
sigA-cg3067,sigA,cg3067,+,Strong
sigA-cg3066,sigA,cg3066,+,Strong
sigA-cg3065,sigA,cg3065,+,Strong
sigA-cg3069,sigA,cg3069,+,Strong
sigA-cg2081,sigA,cg2081,+,Strong
sigA-cg2799,sigA,cg2799,+,Strong
sigA-cg2240,sigA,cg2240,+,Strong
sigA-cg2241,sigA,cg2241,+,Strong
sigA-cg2796,sigA,cg2796,+,Strong
sigA-cg2797,sigA,cg2797,+,Strong
sigA-cg2794,sigA,cg2794,+,Strong
sigA-cg2795,sigA,cg2795,+,Strong
sigA-cg2424,sigA,cg2424,+,Strong
sigA-cg2425,sigA,cg2425,+,Strong
sigA-betP,sigA,betP,+,Strong
sigA-cg2420,sigA,cg2420,+,Strong
sigA-cg1860,sigA,cg1860,+,Strong
sigA-cg2428,sigA,cg2428,+,Strong
sigA-brnF,sigA,brnF,+,Strong
sigA-brnE,sigA,brnE,+,Strong
sigA-whcA,sigA,whcA,+,Strong
sigA-whcD,sigA,whcD,+,Strong
sigA-whcE,sigA,whcE,+,Strong
sigA-cg1656,sigA,cg1656,+,Strong
sigA-cg1839,sigA,cg1839,+,Strong
sigA-cg1836,sigA,cg1836,+,Strong
sigA-cg1525,sigA,cg1525,+,Strong
sigA-cg1522,sigA,cg1522,+,Strong
sigA-cg1523,sigA,cg1523,+,Strong
sigA-cg2331,sigA,cg2331,+,Strong
sigA-cg2332,sigA,cg2332,+,Strong
sigA-cg2333,sigA,cg2333,+,Strong
sigA-cg2336,sigA,cg2336,+,Strong
sigA-cg2337,sigA,cg2337,+,Strong
sigA-cg2338,sigA,cg2338,+,Strong
sigA-cg2339,sigA,cg2339,+,Strong
sigA-leuD,sigA,leuD,+,Strong
sigA-leuB,sigA,leuB,+,Strong
sigA-leuC,sigA,leuC,+,Strong
sigA-leuA,sigA,leuA,+,Strong
sigA-tpiA,sigA,tpiA,+,Strong
sigA-cg2937,sigA,cg2937,+,Strong
sigA-pimB,sigA,pimB,+,Strong
sigA-leuS,sigA,leuS,+,Strong
sigA-cg2263,sigA,cg2263,+,Strong
sigA-cg1783,sigA,cg1783,+,Strong
sigA-cg1784,sigA,cg1784,+,Strong
sigA-cg1238,sigA,cg1238,+,Strong
sigA-cg1239,sigA,cg1239,+,Strong
sigA-cg1230,sigA,cg1230,+,Strong
sigA-cg1231,sigA,cg1231,+,Strong
sigA-cg1232,sigA,cg1232,+,Strong
sigA-cg1233,sigA,cg1233,+,Strong
sigA-cg1234,sigA,cg1234,+,Strong
sigA-cg1237,sigA,cg1237,+,Strong
sigA-cg1010,sigA,cg1010,+,Strong
sigA-hisE,sigA,hisE,+,Strong
sigA-cg1012,sigA,cg1012,+,Strong
sigA-hisG,sigA,hisG,+,Strong
sigA-hisA,sigA,hisA,+,Strong
sigA-hisB,sigA,hisB,+,Strong
sigA-cg1018,sigA,cg1018,+,Strong
sigA-hisN,sigA,hisN,+,Strong
sigA-hisH,sigA,hisH,+,Strong
sigA-hisI,sigA,hisI,+,Strong
sigA-hisS,sigA,hisS,+,Strong
sigA-cg1304,sigA,cg1304,+,Strong
sigA-cg1657,sigA,cg1657,+,Strong
sigA-cg1307,sigA,cg1307,+,Strong
sigA-cg1303,sigA,cg1303,+,Strong
sigA-cg1658,sigA,cg1658,+,Strong
sigA-cg1659,sigA,cg1659,+,Strong
sigA-cgtR10,sigA,cgtR10,+,Strong
sigA-cg0129,sigA,cg0129,+,Strong
sigA-cg0128,sigA,cg0128,+,Strong
sigA-cg0123,sigA,cg0123,+,Strong
sigA-cg0122,sigA,cg0122,+,Strong
sigA-cg0121,sigA,cg0121,+,Strong
sigA-ssuD1,sigA,ssuD1,+,Strong
sigA-dtsR1,sigA,dtsR1,+,Strong
sigA-tuf,sigA,tuf,+,Strong
sigA-cg0124,sigA,cg0124,+,Strong
sigA-truB,sigA,truB,+,Strong
sigA-glcB,sigA,glcB,+,Strong
sigA-cg0016,sigA,cg0016,+,Strong
sigA-cg0015,sigA,cg0015,+,Strong
sigA-cg4009,sigA,cg4009,+,Strong
sigA-cg0010,sigA,cg0010,+,Strong
sigA-cg4004,sigA,cg4004,+,Strong
sigA-cg4006,sigA,cg4006,+,Strong
sigA-cg3158,sigA,cg3158,+,Strong
sigA-cg4001,sigA,cg4001,+,Strong
sigA-cg0019,sigA,cg0019,+,Strong
sigA-cg0018,sigA,cg0018,+,Strong
sigA-panB,sigA,panB,+,Strong
sigA-cgtS4,sigA,cgtS4,+,Strong
sigA-iolG,sigA,iolG,+,Strong
sigA-cg0789,sigA,cg0789,+,Strong
sigA-cg0788,sigA,cg0788,+,Strong
sigA-cg0787,sigA,cg0787,+,Strong
sigA-cg0783,sigA,cg0783,+,Strong
sigA-cg0782,sigA,cg0782,+,Strong
sigA-cg0781,sigA,cg0781,+,Strong
sigA-cg0780,sigA,cg0780,+,Strong
sigA-cg0607,sigA,cg0607,+,Strong
sigA-cg0302,sigA,cg0302,+,Strong
sigA-cg0300,sigA,cg0300,+,Strong
sigA-cg0304,sigA,cg0304,+,Strong
sigA-cg0658,sigA,cg0658,+,Strong
sigA-cg0308,sigA,cg0308,+,Strong
sigA-cg0493,sigA,cg0493,+,Strong
sigA-cg0492,sigA,cg0492,+,Strong
sigA-cg0491,sigA,cg0491,+,Strong
sigA-cg0496,sigA,cg0496,+,Strong
sigA-cg0495,sigA,cg0495,+,Strong
sigA-cg0494,sigA,cg0494,+,Strong
sigA-cg0499,sigA,cg0499,+,Strong
sigA-cg0879,sigA,cg0879,+,Strong
sigA-def2,sigA,def2,+,Strong
sigA-def1,sigA,def1,+,Strong
sigA-cg0871,sigA,cg0871,+,Strong
sigA-cg0870,sigA,cg0870,+,Strong
sigA-cg0874,sigA,cg0874,+,Strong
sigA-cg0877,sigA,cg0877,+,Strong
sigA-ureD1,sigA,ureD1,+,Strong
sigA-cg2651,sigA,cg2651,+,Strong
sigA-cg2657,sigA,cg2657,+,Strong
sigA-cg3272,sigA,cg3272,+,Strong
sigA-yidC,sigA,yidC,+,Strong
sigA-cg3270,sigA,cg3270,+,Strong
sigA-cg3271,sigA,cg3271,+,Strong
sigA-pat,sigA,pat,+,Strong
sigA-cg3277,sigA,cg3277,+,Strong
sigA-cg0279,sigA,cg0279,+,Strong
sigA-cg0277,sigA,cg0277,+,Strong
sigA-cg0275,sigA,cg0275,+,Strong
sigA-cg0273,sigA,cg0273,+,Strong
sigA-cg0272,sigA,cg0272,+,Strong
sigA-cg2257,sigA,cg2257,+,Strong
sigA-cg2256,sigA,cg2256,+,Strong
sigA-cg2254,sigA,cg2254,+,Strong
sigA-ssuA,sigA,ssuA,+,Strong
sigA-ssuC,sigA,ssuC,+,Strong
sigA-ssuB,sigA,ssuB,+,Strong
sigA-cg3092,sigA,cg3092,+,Strong
sigA-cg3093,sigA,cg3093,+,Strong
sigA-cg3090,sigA,cg3090,+,Strong
sigA-cg3091,sigA,cg3091,+,Strong
sigA-cg2789,sigA,cg2789,+,Strong
sigA-ssuR,sigA,ssuR,+,Strong
sigA-cg2781,sigA,cg2781,+,Strong
sigA-cg3304,sigA,cg3304,+,Strong
sigA-cg3303,sigA,cg3303,+,Strong
sigA-cg3300,sigA,cg3300,+,Strong
sigA-cg3301,sigA,cg3301,+,Strong
sigA-cg1911,sigA,cg1911,+,Strong
sigA-gdh,sigA,gdh,+,Strong
sigA-rosR,sigA,rosR,+,Strong
sigA-cg2432,sigA,cg2432,+,Strong
sigA-cg2430,sigA,cg2430,+,Strong
sigA-cg2435,sigA,cg2435,+,Strong
sigA-cg2434,sigA,cg2434,+,Strong
sigA-cg2438,sigA,cg2438,+,Strong
sigA-fumC,sigA,fumC,+,Strong
sigA-amt,sigA,amt,+,Strong
sigA-cg1531,sigA,cg1531,+,Strong
sigA-cg1826,sigA,cg1826,+,Strong
sigA-cg1821,sigA,cg1821,+,Strong
sigA-cg1823,sigA,cg1823,+,Strong
sigA-cg1822,sigA,cg1822,+,Strong
sigA-cg2329,sigA,cg2329,+,Strong
sigA-cg2328,sigA,cg2328,+,Strong
sigA-secA1,sigA,secA1,+,Strong
sigA-cg2326,sigA,cg2326,+,Strong
sigA-cg2325,sigA,cg2325,+,Strong
sigA-cg2324,sigA,cg2324,+,Strong
sigA-cg2323,sigA,cg2323,+,Strong
sigA-cg2322,sigA,cg2322,+,Strong
sigA-cg2321,sigA,cg2321,+,Strong
sigA-cg2320,sigA,cg2320,+,Strong
sigA-ftsK,sigA,ftsK,+,Strong
sigA-cg1796,sigA,cg1796,+,Strong
sigA-cg2927,sigA,cg2927,+,Strong
sigA-cg1794,sigA,cg1794,+,Strong
sigA-cg2923,sigA,cg2923,+,Strong
sigA-cg2922,sigA,cg2922,+,Strong
sigA-cg2607,sigA,cg2607,+,Strong
sigA-cg2929,sigA,cg2929,+,Strong
sigA-ccsB,sigA,ccsB,+,Strong
sigA-cg1227,sigA,cg1227,+,Strong
sigA-cg3328,sigA,cg3328,+,Strong
sigA-cg1222,sigA,cg1222,+,Strong
sigA-cg1220,sigA,cg1220,+,Strong
sigA-cg1229,sigA,cg1229,+,Strong
sigA-cg1228,sigA,cg1228,+,Strong
sigA-ddh,sigA,ddh,+,Strong
sigA-ddl,sigA,ddl,+,Strong
sigA-cydA,sigA,cydA,+,Strong
sigA-cg1009,sigA,cg1009,+,Strong
sigA-cg1007,sigA,cg1007,+,Strong
sigA-cg1006,sigA,cg1006,+,Strong
sigA-cg1005,sigA,cg1005,+,Strong
sigA-cg1004,sigA,cg1004,+,Strong
sigA-cg1003,sigA,cg1003,+,Strong
sigA-cg1001,sigA,cg1001,+,Strong
sigA-cg1000,sigA,cg1000,+,Strong
sigA-acn,sigA,acn,+,Strong
sigA-cg1645,sigA,cg1645,+,Strong
sigA-cg1644,sigA,cg1644,+,Strong
sigA-cg1647,sigA,cg1647,+,Strong
sigA-cg1646,sigA,cg1646,+,Strong
sigA-cg1641,sigA,cg1641,+,Strong
sigA-cg1640,sigA,cg1640,+,Strong
sigA-cg1643,sigA,cg1643,+,Strong
sigA-cg1319,sigA,cg1319,+,Strong
sigA-cg1318,sigA,cg1318,+,Strong
sigA-cg1648,sigA,cg1648,+,Strong
sigA-cg0407,sigA,cg0407,+,Strong
sigA-cg0400,sigA,cg0400,+,Strong
sigA-cg2812,sigA,cg2812,+,Strong
sigA-cg0401,sigA,cg0401,+,Strong
sigA-ino1,sigA,ino1,+,Strong
sigA-cg1305,sigA,cg1305,+,Strong
sigA-nrtR,sigA,nrtR,+,Strong
sigA-cg4019,sigA,cg4019,+,Strong
sigA-cg4018,sigA,cg4018,+,Strong
sigA-cg0066,sigA,cg0066,+,Strong
sigA-cg0067,sigA,cg0067,+,Strong
sigA-cg0064,sigA,cg0064,+,Strong
sigA-cg4013,sigA,cg4013,+,Strong
sigA-cg4012,sigA,cg4012,+,Strong
sigA-cg4017,sigA,cg4017,+,Strong
sigA-cmt1,sigA,cmt1,+,Strong
sigA-cg4015,sigA,cg4015,+,Strong
sigA-cg4014,sigA,cg4014,+,Strong
sigA-cg0664,sigA,cg0664,+,Strong
sigA-aceA,sigA,aceA,+,Strong
sigA-cg0660,sigA,cg0660,+,Strong
sigA-aceF,sigA,aceF,+,Strong
sigA-aceE,sigA,aceE,+,Strong
sigA-cg0663,sigA,cg0663,+,Strong
sigA-cg0468,sigA,cg0468,+,Strong
sigA-cg0466,sigA,cg0466,+,Strong
sigA-opcA,sigA,opcA,+,Strong
sigA-cg0464,sigA,cg0464,+,Strong
sigA-cg0461,sigA,cg0461,+,Strong
sigA-cg0686,sigA,cg0686,+,Strong
sigA-lysI,sigA,lysI,+,Strong
sigA-cg0684,sigA,cg0684,+,Strong
sigA-cg0685,sigA,cg0685,+,Strong
sigA-cg0682,sigA,cg0682,+,Strong
sigA-cg0683,sigA,cg0683,+,Strong
sigA-cg0680,sigA,cg0680,+,Strong
sigA-lysA,sigA,lysA,+,Strong
sigA-ispE,sigA,ispE,+,Strong
sigA-lysE,sigA,lysE,+,Strong
sigA-cg0689,sigA,cg0689,+,Strong
sigA-cg2517,sigA,cg2517,+,Strong
sigA-ligA,sigA,ligA,+,Strong
sigA-cg3261,sigA,cg3261,+,Strong
sigA-cg3263,sigA,cg3263,+,Strong
sigA-cg3264,sigA,cg3264,+,Strong
sigA-cg0208,sigA,cg0208,+,Strong
sigA-cg0209,sigA,cg0209,+,Strong
sigA-glpK,sigA,glpK,+,Strong
sigA-cg0202,sigA,cg0202,+,Strong
sigA-cg0203,sigA,cg0203,+,Strong
sigA-cg0201,sigA,cg0201,+,Strong
sigA-cg0205,sigA,cg0205,+,Strong
sigA-ispG,sigA,ispG,+,Strong
sigA-dnaJ1,sigA,dnaJ1,+,Strong
sigA-ald,sigA,ald,+,Strong
sigA-pta,sigA,pta,+,Strong
sigA-alr,sigA,alr,+,Strong
sigA-cg1033,sigA,cg1033,+,Strong
sigA-cg3088,sigA,cg3088,+,Strong
sigA-cg3085,sigA,cg3085,+,Strong
sigA-cg3087,sigA,cg3087,+,Strong
sigA-cg2229,sigA,cg2229,+,Strong
sigA-cg3083,sigA,cg3083,+,Strong
sigA-cg3082,sigA,cg3082,+,Strong
sigA-cg0845,sigA,cg0845,+,Strong
sigA-cg0514,sigA,cg0514,+,Strong
sigA-cg0515,sigA,cg0515,+,Strong
sigA-cg3319,sigA,cg3319,+,Strong
sigA-cg0841,sigA,cg0841,+,Strong
sigA-cg0510,sigA,cg0510,+,Strong
sigA-cg0511,sigA,cg0511,+,Strong
sigA-cg3314,sigA,cg3314,+,Strong
sigA-cg3317,sigA,cg3317,+,Strong
sigA-cg3316,sigA,cg3316,+,Strong
sigA-cg0848,sigA,cg0848,+,Strong
sigA-cg0849,sigA,cg0849,+,Strong
sigA-cg0519,sigA,cg0519,+,Strong
sigA-cg2282,sigA,cg2282,+,Strong
sigA-cg0650,sigA,cg0650,+,Strong
sigA-cg3028,sigA,cg3028,+,Strong
sigA-atpH,sigA,atpH,+,Strong
sigA-atpC,sigA,atpC,+,Strong
sigA-gluA,sigA,gluA,+,Strong
sigA-atpA,sigA,atpA,+,Strong
sigA-atpG,sigA,atpG,+,Strong
sigA-cg2127,sigA,cg2127,+,Strong
sigA-mpx,sigA,mpx,+,Strong
sigA-atpD,sigA,atpD,+,Strong
sigA-ureB,sigA,ureB,+,Strong
sigA-ureC,sigA,ureC,+,Strong
sigA-hemH,sigA,hemH,+,Strong
sigA-ureA,sigA,ureA,+,Strong
sigA-ureF,sigA,ureF,+,Strong
sigA-ureG,sigA,ureG,+,Strong
sigA-hemL,sigA,hemL,+,Strong
sigA-ureE,sigA,ureE,+,Strong
sigA-hemC,sigA,hemC,+,Strong
sigA-hemA,sigA,hemA,+,Strong
sigA-hemE,sigA,hemE,+,Strong
sigA-cg2680,sigA,cg2680,+,Strong
sigA-cg2683,sigA,cg2683,+,Strong
sigA-cg2684,sigA,cg2684,+,Strong
sigA-cg2685,sigA,cg2685,+,Strong
sigA-cg2686,sigA,cg2686,+,Strong
sigA-cg2688,sigA,cg2688,+,Strong
sigA-cg2689,sigA,cg2689,+,Strong
sigA-cg2134,sigA,cg2134,+,Strong
sigA-hemQ,sigA,hemQ,+,Strong
sigA-cg2132,sigA,cg2132,+,Strong
sigA-cg2133,sigA,cg2133,+,Strong
sigA-cg2131,sigA,cg2131,+,Strong
sigA-gntR3,sigA,gntR3,+,Strong
sigA-nanR,sigA,nanR,+,Strong
sigA-cg1819,sigA,cg1819,+,Strong
sigA-cg1811,sigA,cg1811,+,Strong
sigA-glsA,sigA,glsA,+,Strong
sigA-trmB,sigA,trmB,+,Strong
sigA-trmD,sigA,trmD,+,Strong
sigA-cg2352,sigA,cg2352,+,Strong
sigA-cg2353,sigA,cg2353,+,Strong
sigA-cg2350,sigA,cg2350,+,Strong
sigA-cg2357,sigA,cg2357,+,Strong
sigA-cg2911,sigA,cg2911,+,Strong
sigA-cg2912,sigA,cg2912,+,Strong
sigA-cg2913,sigA,cg2913,+,Strong
sigA-mshA,sigA,mshA,+,Strong
sigA-mshB,sigA,mshB,+,Strong
sigA-mshC,sigA,mshC,+,Strong
sigA-mshD,sigA,mshD,+,Strong
sigA-cg1252,sigA,cg1252,+,Strong
sigA-cg1253,sigA,cg1253,+,Strong
sigA-cg1251,sigA,cg1251,+,Strong
sigA-cg1254,sigA,cg1254,+,Strong
sigA-cg1259,sigA,cg1259,+,Strong
sigA-cg1494,sigA,cg1494,+,Strong
sigA-cg1497,sigA,cg1497,+,Strong
sigA-cg1490,sigA,cg1490,+,Strong
sigA-valS,sigA,valS,+,Strong
sigA-cg1498,sigA,cg1498,+,Strong
sigA-cg1499,sigA,cg1499,+,Strong
sigA-ltbR,sigA,ltbR,+,Strong
sigA-cg1073,sigA,cg1073,+,Strong
sigA-cg1070,sigA,cg1070,+,Strong
sigA-nucS,sigA,nucS,+,Strong
sigA-esrR,sigA,esrR,+,Strong
sigA-cg1670,sigA,cg1670,+,Strong
sigA-pepA,sigA,pepA,+,Strong
sigA-cg1672,sigA,cg1672,+,Strong
sigA-cg1736,sigA,cg1736,+,Strong
sigA-cg1675,sigA,cg1675,+,Strong
sigA-cg1676,sigA,cg1676,+,Strong
sigA-cg1677,sigA,cg1677,+,Strong
sigA-cg1678,sigA,cg1678,+,Strong
sigA-cg1106,sigA,cg1106,+,Strong
sigA-cg1107,sigA,cg1107,+,Strong
sigA-cg1104,sigA,cg1104,+,Strong
sigA-cg1732,sigA,cg1732,+,Strong
sigA-malR,sigA,malR,+,Strong
sigA-mqo,sigA,mqo,+,Strong
sigA-oxyR,sigA,oxyR,+,Strong
sigA-der,sigA,der,+,Strong
sigA-cg0075,sigA,cg0075,+,Strong
sigA-uppS1,sigA,uppS1,+,Strong
sigA-uppS2,sigA,uppS2,+,Strong
sigA-aftA,sigA,aftA,+,Strong
sigA-aftC,sigA,aftC,+,Strong
sigA-aftB,sigA,aftB,+,Strong
sigA-mgtA,sigA,mgtA,+,Strong
sigA-mntR,sigA,mntR,+,Strong
sigA-qorR,sigA,qorR,+,Strong
sigA-secG,sigA,secG,+,Strong
sigA-cg3273,sigA,cg3273,+,Strong
sigA-cg2341,sigA,cg2341,+,Strong
sigA-cg3410,sigA,cg3410,+,Strong
sigA-cg3411,sigA,cg3411,+,Strong
sigA-cg3417,sigA,cg3417,+,Strong
sigA-cg3415,sigA,cg3415,+,Strong
sigA-secY,sigA,secY,+,Strong
sigA-coaD,sigA,coaD,+,Strong
sigA-cg3418,sigA,cg3418,+,Strong
sigA-ilvA,sigA,ilvA,+,Strong
sigA-ilvC,sigA,ilvC,+,Strong
sigA-ilvB,sigA,ilvB,+,Strong
sigA-cg0679,sigA,cg0679,+,Strong
sigA-cg0678,sigA,cg0678,+,Strong
sigA-cg0676,sigA,cg0676,+,Strong
sigA-cg0475,sigA,cg0475,+,Strong
sigA-cg0477,sigA,cg0477,+,Strong
sigA-cg0472,sigA,cg0472,+,Strong
sigA-cg0697,sigA,cg0697,+,Strong
sigA-cg0691,sigA,cg0691,+,Strong
sigA-cg0699,sigA,cg0699,+,Strong
sigA-cg0698,sigA,cg0698,+,Strong
sigA-ppmA,sigA,ppmA,+,Strong
sigA-cg3258,sigA,cg3258,+,Strong
sigA-cg3254,sigA,cg3254,+,Strong
sigA-cg3255,sigA,cg3255,+,Strong
sigA-cg3256,sigA,cg3256,+,Strong
sigA-cg3257,sigA,cg3257,+,Strong
sigA-cg3251,sigA,cg3251,+,Strong
sigA-cg0219,sigA,cg0219,+,Strong
sigA-cg0218,sigA,cg0218,+,Strong
sigA-cg0211,sigA,cg0211,+,Strong
sigA-cg0215,sigA,cg0215,+,Strong
sigA-cg0214,sigA,cg0214,+,Strong
sigA-cg0373,sigA,cg0373,+,Strong
sigA-rbsA,sigA,rbsA,+,Strong
sigA-rbsC,sigA,rbsC,+,Strong
sigA-rbsD,sigA,rbsD,+,Strong
sigA-rbsR,sigA,rbsR,+,Strong
sigA-cg2232,sigA,cg2232,+,Strong
sigA-cg2234,sigA,cg2234,+,Strong
sigA-cg2237,sigA,cg2237,+,Strong
sigA-cg2236,sigA,cg2236,+,Strong
sigA-cg2238,sigA,cg2238,+,Strong
sigA-hisD,sigA,hisD,+,Strong
sigA-cg0853,sigA,cg0853,+,Strong
sigA-cg0852,sigA,cg0852,+,Strong
sigA-cg0856,sigA,cg0856,+,Strong
sigA-cg0855,sigA,cg0855,+,Strong
sigA-cg0854,sigA,cg0854,+,Strong
sigA-cg0858,sigA,cg0858,+,Strong
sigA-cg3324,sigA,cg3324,+,Strong
sigA-cg3325,sigA,cg3325,+,Strong
sigA-cg3327,sigA,cg3327,+,Strong
sigA-dapA,sigA,dapA,+,Strong
sigA-dapB,sigA,dapB,+,Strong
sigA-dapE,sigA,dapE,+,Strong
sigA-dapD,sigA,dapD,+,Strong
sigA-dapF,sigA,dapF,+,Strong
sigA-cg2128,sigA,cg2128,+,Strong
sigA-cg2699,sigA,cg2699,+,Strong
sigA-cg2124,sigA,cg2124,+,Strong
sigA-cg2695,sigA,cg2695,+,Strong
sigA-cg2694,sigA,cg2694,+,Strong
sigA-cg2120,sigA,cg2120,+,Strong
sigA-ftn,sigA,ftn,+,Strong
sigA-cg1807,sigA,cg1807,+,Strong
sigA-cg1801,sigA,cg1801,+,Strong
sigA-asd,sigA,asd,+,Strong
sigA-pup,sigA,pup,+,Strong
sigA-cg1244,sigA,cg1244,+,Strong
sigA-guaA,sigA,guaA,+,Strong
sigA-recA,sigA,recA,+,Strong
sigA-recF,sigA,recF,+,Strong
sigA-cg2349,sigA,cg2349,+,Strong
sigA-cg2348,sigA,cg2348,+,Strong
sigA-recX,sigA,recX,+,Strong
sigA-ispH,sigA,ispH,+,Strong
sigA-recR,sigA,recR,+,Strong
sigA-cg2340,sigA,cg2340,+,Strong
sigA-cg2343,sigA,cg2343,+,Strong
sigA-cg2342,sigA,cg2342,+,Strong
sigA-cg2344,sigA,cg2344,+,Strong
sigA-cg2347,sigA,cg2347,+,Strong
sigA-tatA,sigA,tatA,+,Strong
sigA-tatB,sigA,tatB,+,Strong
sigA-cg2909,sigA,cg2909,+,Strong
sigA-cg2908,sigA,cg2908,+,Strong
sigA-cg2907,sigA,cg2907,+,Strong
sigA-cg2906,sigA,cg2906,+,Strong
sigA-cg2905,sigA,cg2905,+,Strong
sigA-cg2903,sigA,cg2903,+,Strong
sigA-cg2902,sigA,cg2902,+,Strong
sigA-cg2901,sigA,cg2901,+,Strong
sigA-cg1241,sigA,cg1241,+,Strong
sigA-cg1240,sigA,cg1240,+,Strong
sigA-cg1243,sigA,cg1243,+,Strong
sigA-cg1245,sigA,cg1245,+,Strong
sigA-dinB,sigA,dinB,+,Strong
sigA-cg1247,sigA,cg1247,+,Strong
sigA-cg1249,sigA,cg1249,+,Strong
sigA-cg1248,sigA,cg1248,+,Strong
sigA-cg1484,sigA,cg1484,+,Strong
sigA-gntP,sigA,gntP,+,Strong
sigA-gntV,sigA,gntV,+,Strong
sigA-cg1069,sigA,cg1069,+,Strong
sigA-cg1060,sigA,cg1060,+,Strong
sigA-idi,sigA,idi,+,Strong
sigA-cg0522,sigA,cg0522,+,Strong
sigA-cg2250,sigA,cg2250,+,Strong
sigA-dtd,sigA,dtd,+,Strong
sigA-nagB,sigA,nagB,+,Strong
sigA-cg1665,sigA,cg1665,+,Strong
sigA-cg1664,sigA,cg1664,+,Strong
sigA-cg1663,sigA,cg1663,+,Strong
sigA-cg1662,sigA,cg1662,+,Strong
sigA-cg1115,sigA,cg1115,+,Strong
sigA-cg1117,sigA,cg1117,+,Strong
sigA-cg1110,sigA,cg1110,+,Strong
sigA-cg1113,sigA,cg1113,+,Strong
sigA-miaB,sigA,miaB,+,Strong
sigA-cg3423,sigA,cg3423,+,Strong
sigA-efp,sigA,efp,+,Strong
sigA-galE,sigA,galE,+,Strong
sigA-cg3309,sigA,cg3309,+,Strong
sigA-gabR,sigA,gabR,+,Strong
sigA-sigB,sigA,sigB,+,Strong
sigA-cg0048,sigA,cg0048,+,Strong
sigA-cg0044,sigA,cg0044,+,Strong
sigA-cg0045,sigA,cg0045,+,Strong
sigA-cg0046,sigA,cg0046,+,Strong
sigA-cg0047,sigA,cg0047,+,Strong
sigA-cg0041,sigA,cg0041,+,Strong
sigA-cg0042,sigA,cg0042,+,Strong
sigA-cg0043,sigA,cg0043,+,Strong
sigA-tpx,sigA,tpx,+,Strong
sigA-cg3402,sigA,cg3402,+,Strong
sigA-prpR,sigA,prpR,+,Strong
sigA-cg3404,sigA,cg3404,+,Strong
sigA-cg3407,sigA,cg3407,+,Strong
sigA-cg3409,sigA,cg3409,+,Strong
sigA-cg3408,sigA,cg3408,+,Strong
sigA-clpX,sigA,clpX,+,Strong
sigA-ctaD,sigA,ctaD,+,Strong
sigA-ctaE,sigA,ctaE,+,Strong
sigA-ctaB,sigA,ctaB,+,Strong
sigA-ctaC,sigA,ctaC,+,Strong
sigA-clpS,sigA,clpS,+,Strong
sigA-cg0448,sigA,cg0448,+,Strong
sigA-cg0198,sigA,cg0198,+,Strong
sigA-cg0199,sigA,cg0199,+,Strong
sigA-odhI,sigA,odhI,+,Strong
sigA-cg0192,sigA,cg0192,+,Strong
sigA-cg0193,sigA,cg0193,+,Strong
sigA-cg0442,sigA,cg0442,+,Strong
sigA-cg0443,sigA,cg0443,+,Strong
sigA-odhA,sigA,odhA,+,Strong
sigA-cg0197,sigA,cg0197,+,Strong
sigA-cg0446,sigA,cg0446,+,Strong
sigA-cg0447,sigA,cg0447,+,Strong
sigA-cg3249,sigA,cg3249,+,Strong
sigA-cg3248,sigA,cg3248,+,Strong
sigA-cg0996,sigA,cg0996,+,Strong
sigA-cg0221,sigA,cg0221,+,Strong
sigA-cg0222,sigA,cg0222,+,Strong
sigA-cg3243,sigA,cg3243,+,Strong
sigA-cg0998,sigA,cg0998,+,Strong
sigA-cg0999,sigA,cg0999,+,Strong
sigA-cg3246,sigA,cg3246,+,Strong
sigA-cg3244,sigA,cg3244,+,Strong
sigA-hmuO,sigA,hmuO,+,Strong
sigA-arc,sigA,arc,+,Strong
sigA-cg2598,sigA,cg2598,+,Strong
sigA-cg2599,sigA,cg2599,+,Strong
sigA-cg2597,sigA,cg2597,+,Strong
sigA-cg2591,sigA,cg2591,+,Strong
sigA-cg2592,sigA,cg2592,+,Strong
sigA-cg2593,sigA,cg2593,+,Strong
sigA-cg3337,sigA,cg3337,+,Strong
sigA-cg3335,sigA,cg3335,+,Strong
sigA-cg3332,sigA,cg3332,+,Strong
sigA-cg2759,sigA,cg2759,+,Strong
sigA-cg2757,sigA,cg2757,+,Strong
sigA-thyA,sigA,thyA,+,Strong
sigA-atlR,sigA,atlR,+,Strong
sigA-cg2750,sigA,cg2750,+,Strong
sigA-cg0530,sigA,cg0530,+,Strong
sigA-cg0531,sigA,cg0531,+,Strong
sigA-cg0532,sigA,cg0532,+,Strong
sigA-cg0533,sigA,cg0533,+,Strong
sigA-cg0536,sigA,cg0536,+,Strong
sigA-cg0538,sigA,cg0538,+,Strong
sigA-pcaI,sigA,pcaI,+,Strong
sigA-pcaD,sigA,pcaD,+,Strong
sigA-pcaF,sigA,pcaF,+,Strong
sigA-cg2110,sigA,cg2110,+,Strong
sigA-cg2111,sigA,cg2111,+,Strong
sigA-cg2113,sigA,cg2113,+,Strong
sigA-pcaR,sigA,pcaR,+,Strong
sigA-cg1872,sigA,cg1872,+,Strong
sigA-cg1873,sigA,cg1873,+,Strong
sigA-cg1874,sigA,cg1874,+,Strong
sigA-sufR,sigA,sufR,+,Strong
sigA-cg2370,sigA,cg2370,+,Strong
sigA-cg2371,sigA,cg2371,+,Strong
sigA-cg2373,sigA,cg2373,+,Strong
sigA-cg1112,sigA,cg1112,+,Strong
sigA-cg2538,sigA,cg2538,+,Strong
sigA-cg2576,sigA,cg2576,+,Strong
sigA-cg2575,sigA,cg2575,+,Strong
sigA-dut,sigA,dut,+,Strong
sigA-cg2579,sigA,cg2579,+,Strong
sigA-cg1589,sigA,cg1589,+,Strong
sigA-gat,sigA,gat,+,Strong
sigA-gap,sigA,gap,+,Strong
sigA-cg2978,sigA,cg2978,+,Strong
sigA-cg2979,sigA,cg2979,+,Strong
sigA-cg2970,sigA,cg2970,+,Strong
sigA-cg2976,sigA,cg2976,+,Strong
sigA-cg2977,sigA,cg2977,+,Strong
sigA-cg2974,sigA,cg2974,+,Strong
sigA-cg2975,sigA,cg2975,+,Strong
sigA-vanR,sigA,vanR,+,Strong
sigA-cg1278,sigA,cg1278,+,Strong
sigA-cg1279,sigA,cg1279,+,Strong
sigA-cg1908,sigA,cg1908,+,Strong
sigA-cg1274,sigA,cg1274,+,Strong
sigA-cg1907,sigA,cg1907,+,Strong
sigA-cg1276,sigA,cg1276,+,Strong
sigA-cg1277,sigA,cg1277,+,Strong
sigA-cg1902,sigA,cg1902,+,Strong
sigA-cg1903,sigA,cg1903,+,Strong
sigA-gluC,sigA,gluC,+,Strong
sigA-cg1478,sigA,cg1478,+,Strong
sigA-cg1479,sigA,cg1479,+,Strong
sigA-cg1474,sigA,cg1474,+,Strong
sigA-cg1475,sigA,cg1475,+,Strong
sigA-cseE,sigA,cseE,+,Strong
sigA-cg1294,sigA,cg1294,+,Strong
sigA-glgC,sigA,glgC,+,Strong
sigA-glgE,sigA,glgE,+,Strong
sigA-cg1291,sigA,cg1291,+,Strong
sigA-cg2806,sigA,cg2806,+,Strong
sigA-cg2804,sigA,cg2804,+,Strong
sigA-cg2805,sigA,cg2805,+,Strong
sigA-cg2803,sigA,cg2803,+,Strong
sigA-cg2800,sigA,cg2800,+,Strong
sigA-cg2809,sigA,cg2809,+,Strong
sigA-hrcA,sigA,hrcA,+,Strong
sigA-cg1619,sigA,cg1619,+,Strong
sigA-cg1612,sigA,cg1612,+,Strong
sigA-cg1613,sigA,cg1613,+,Strong
sigA-cg1610,sigA,cg1610,+,Strong
sigA-cg1611,sigA,cg1611,+,Strong
sigA-cg1614,sigA,cg1614,+,Strong
sigA-cg1615,sigA,cg1615,+,Strong
sigA-cg1121,sigA,cg1121,+,Strong
sigA-cg1123,sigA,cg1123,+,Strong
sigA-cg1125,sigA,cg1125,+,Strong
sigA-cg1127,sigA,cg1127,+,Strong
sigA-cg1128,sigA,cg1128,+,Strong
sigA-cg0087,sigA,cg0087,+,Strong
sigA-dgt,sigA,dgt,+,Strong
sigA-cg1726,sigA,cg1726,+,Strong
sigA-cg1055,sigA,cg1055,+,Strong
sigA-cg1056,sigA,cg1056,+,Strong
sigA-cg1722,sigA,cg1722,+,Strong
sigA-cg1051,sigA,cg1051,+,Strong
sigA-cg1053,sigA,cg1053,+,Strong
sigA-cg1059,sigA,cg1059,+,Strong
sigA-cg1728,sigA,cg1728,+,Strong
sigA-dtxR,sigA,dtxR,+,Strong
sigA-cg0957,sigA,cg0957,+,Strong
sigA-ldh,sigA,ldh,+,Strong
sigA-cg0954,sigA,cg0954,+,Strong
sigA-cg0955,sigA,cg0955,+,Strong
sigA-cg0952,sigA,cg0952,+,Strong
sigA-cg0953,sigA,cg0953,+,Strong
sigA-ptsS,sigA,ptsS,+,Strong
sigA-cg3282,sigA,cg3282,+,Strong
sigA-ptsI,sigA,ptsI,+,Strong
sigA-ptsH,sigA,ptsH,+,Strong
sigA-ptsM,sigA,ptsM,+,Strong
sigA-apt,sigA,apt,+,Strong
sigA-cg3434,sigA,cg3434,+,Strong
sigA-cg0457,sigA,cg0457,+,Strong
sigA-cg0453,sigA,cg0453,+,Strong
sigA-cg0452,sigA,cg0452,+,Strong
sigA-cg0451,sigA,cg0451,+,Strong
sigA-cg0450,sigA,cg0450,+,Strong
sigA-atpF,sigA,atpF,+,Strong
sigA-cg1183,sigA,cg1183,+,Strong
sigA-cg0188,sigA,cg0188,+,Strong
sigA-murB1,sigA,murB1,+,Strong
sigA-cg0180,sigA,cg0180,+,Strong
sigA-cg0185,sigA,cg0185,+,Strong
sigA-cg0184,sigA,cg0184,+,Strong
sigA-cg0187,sigA,cg0187,+,Strong
sigA-cg0186,sigA,cg0186,+,Strong
sigA-cg1530,sigA,cg1530,+,Strong
sigA-proS,sigA,proS,+,Strong
sigA-proC,sigA,proC,+,Strong
sigA-proB,sigA,proB,+,Strong
sigA-proA,sigA,proA,+,Strong
sigA-lipA,sigA,lipA,+,Strong
sigA-cg0980,sigA,cg0980,+,Strong
sigA-cg0983,sigA,cg0983,+,Strong
sigA-lipB,sigA,lipB,+,Strong
sigA-cg0985,sigA,cg0985,+,Strong
sigA-cg0987,sigA,cg0987,+,Strong
sigA-cg0239,sigA,cg0239,+,Strong
sigA-cg0238,sigA,cg0238,+,Strong
sigA-cg2524,sigA,cg2524,+,Strong
sigA-cg0505,sigA,cg0505,+,Strong
sigA-cg0394,sigA,cg0394,+,Strong
sigA-cg3290,sigA,cg3290,+,Strong
sigA-cg3292,sigA,cg3292,+,Strong
sigA-cg3299,sigA,cg3299,+,Strong
sigA-cg2441,sigA,cg2441,+,Strong
sigA-cg2583,sigA,cg2583,+,Strong
sigA-cg2582,sigA,cg2582,+,Strong
sigA-cg2587,sigA,cg2587,+,Strong
sigA-cg2585,sigA,cg2585,+,Strong
sigA-cg3343,sigA,cg3343,+,Strong
sigA-secA2,sigA,secA2,+,Strong
sigA-pbpS,sigA,pbpS,+,Strong
sigA-cg3344,sigA,cg3344,+,Strong
sigA-cg2745,sigA,cg2745,+,Strong
sigA-cg2747,sigA,cg2747,+,Strong
sigA-cg2746,sigA,cg2746,+,Strong
sigA-cg2741,sigA,cg2741,+,Strong
sigA-cg2743,sigA,cg2743,+,Strong
sigA-cg3180,sigA,cg3180,+,Strong
sigA-cg0528,sigA,cg0528,+,Strong
sigA-cg0523,sigA,cg0523,+,Strong
sigA-cg3189,sigA,cg3189,+,Strong
sigA-cg0520,sigA,cg0520,+,Strong
sigA-bioB,sigA,bioB,+,Strong
sigA-lldR,sigA,lldR,+,Strong
sigA-bioA,sigA,bioA,+,Strong
sigA-bioD,sigA,bioD,+,Strong
sigA-bioQ,sigA,bioQ,+,Strong
sigA-lexA,sigA,lexA,+,Strong
sigA-cg2107,sigA,cg2107,+,Strong
sigA-cg3218,sigA,cg3218,+,Strong
sigA-cg2100,sigA,cg2100,+,Strong
sigA-cg0927,sigA,cg0927,+,Strong
sigA-cg0926,sigA,cg0926,+,Strong
sigA-rlmN,sigA,rlmN,+,Strong
sigA-infC,sigA,infC,+,Strong
sigA-infB,sigA,infB,+,Strong
sigA-infA,sigA,infA,+,Strong
sigA-xerC,sigA,xerC,+,Strong
sigA-cg1865,sigA,cg1865,+,Strong
sigA-cg1864,sigA,cg1864,+,Strong
sigA-cg1867,sigA,cg1867,+,Strong
sigA-cg0553,sigA,cg0553,+,Strong
sigA-cg1868,sigA,cg1868,+,Strong
sigA-cg0550,sigA,cg0550,+,Strong
sigA-cg2363,sigA,cg2363,+,Strong
sigA-cg2362,sigA,cg2362,+,Strong
sigA-cg2361,sigA,cg2361,+,Strong
sigA-cg0551,sigA,cg0551,+,Strong
sigA-cg2365,sigA,cg2365,+,Strong
sigA-cg2364,sigA,cg2364,+,Strong
sigA-cg0259,sigA,cg0259,+,Strong
sigA-cg0557,sigA,cg0557,+,Strong
sigA-cg2565,sigA,cg2565,+,Strong
sigA-cg2564,sigA,cg2564,+,Strong
sigA-cg2566,sigA,cg2566,+,Strong
sigA-cg2562,sigA,cg2562,+,Strong
sigA-cg0555,sigA,cg0555,+,Strong
sigA-cg1599,sigA,cg1599,+,Strong
sigA-cg1598,sigA,cg1598,+,Strong
sigA-cspA2,sigA,cspA2,+,Strong
sigA-cg1591,sigA,cg1591,+,Strong
sigA-cg1590,sigA,cg1590,+,Strong
sigA-cg1592,sigA,cg1592,+,Strong
sigA-cg1595,sigA,cg1595,+,Strong
sigA-cg1597,sigA,cg1597,+,Strong
sigA-cg2969,sigA,cg2969,+,Strong
sigA-cg2968,sigA,cg2968,+,Strong
sigA-thiX,sigA,thiX,+,Strong
sigA-cg2960,sigA,cg2960,+,Strong
sigA-cg2962,sigA,cg2962,+,Strong
sigA-cg2964,sigA,cg2964,+,Strong
sigA-cg1268,sigA,cg1268,+,Strong
sigA-cg1263,sigA,cg1263,+,Strong
sigA-cg1262,sigA,cg1262,+,Strong
sigA-cg1917,sigA,cg1917,+,Strong
sigA-cg1916,sigA,cg1916,+,Strong
sigA-cg1267,sigA,cg1267,+,Strong
sigA-cg1266,sigA,cg1266,+,Strong
sigA-cg1265,sigA,cg1265,+,Strong
sigA-cg1264,sigA,cg1264,+,Strong
sigA-cg1467,sigA,cg1467,+,Strong
sigA-cg1466,sigA,cg1466,+,Strong
sigA-cg1462,sigA,cg1462,+,Strong
sigA-cg1285,sigA,cg1285,+,Strong
sigA-cg1284,sigA,cg1284,+,Strong
sigA-cg1287,sigA,cg1287,+,Strong
sigA-cg1286,sigA,cg1286,+,Strong
sigA-cg1281,sigA,cg1281,+,Strong
sigA-cg1283,sigA,cg1283,+,Strong
sigA-cg1282,sigA,cg1282,+,Strong
sigA-pyrR,sigA,pyrR,+,Strong
sigA-cg2810,sigA,cg2810,+,Strong
sigA-pyrH,sigA,pyrH,+,Strong
sigA-pyrG,sigA,pyrG,+,Strong
sigA-pyrF,sigA,pyrF,+,Strong
sigA-pyrE,sigA,pyrE,+,Strong
sigA-pyrD,sigA,pyrD,+,Strong
sigA-glpX,sigA,glpX,+,Strong
sigA-cg1600,sigA,cg1600,+,Strong
sigA-cg1603,sigA,cg1603,+,Strong
sigA-cg1602,sigA,cg1602,+,Strong
sigA-cg1604,sigA,cg1604,+,Strong
sigA-cg1607,sigA,cg1607,+,Strong
sigA-cg1387,sigA,cg1387,+,Strong
sigA-cg2484,sigA,cg2484,+,Strong
sigA-cg1138,sigA,cg1138,+,Strong
sigA-cg1137,sigA,cg1137,+,Strong
sigA-cg1136,sigA,cg1136,+,Strong
sigA-cg2485,sigA,cg2485,+,Strong
sigA-cg0254,sigA,cg0254,+,Strong
sigA-cg1131,sigA,cg1131,+,Strong
sigA-cg1383,sigA,cg1383,+,Strong
sigA-cg0395,sigA,cg0395,+,Strong
sigA-cg1735,sigA,cg1735,+,Strong
sigA-cg1041,sigA,cg1041,+,Strong
sigA-cg1040,sigA,cg1040,+,Strong
sigA-cg1731,sigA,cg1731,+,Strong
sigA-cg1046,sigA,cg1046,+,Strong
sigA-cg1045,sigA,cg1045,+,Strong
sigA-cg1044,sigA,cg1044,+,Strong
sigA-cg1049,sigA,cg1049,+,Strong
sigA-cg1048,sigA,cg1048,+,Strong
sigA-cg3077,sigA,cg3077,+,Strong
sigA-glyQS,sigA,glyQS,+,Strong
sigA-cg3429,sigA,cg3429,+,Strong
sigA-birA,sigA,birA,+,Strong
sigA-cg3427,sigA,cg3427,+,Strong
sigA-cg3426,sigA,cg3426,+,Strong
sigA-cg3424,sigA,cg3424,+,Strong
sigA-cg0420,sigA,cg0420,+,Strong
sigA-cg0427,sigA,cg0427,+,Strong
sigA-cg0424,sigA,cg0424,+,Strong
sigA-folE,sigA,folE,+,Strong
sigA-folD,sigA,folD,+,Strong
sigA-cg2530,sigA,cg2530,+,Strong
sigA-rpoZ,sigA,rpoZ,+,Strong
sigA-rpoC,sigA,rpoC,+,Strong
sigA-rpoB,sigA,rpoB,+,Strong
sigA-rpoA,sigA,rpoA,+,Strong
sigA-hkm,sigA,hkm,+,Strong
sigA-wzx,sigA,wzx,+,Strong
sigA-cg1159,sigA,cg1159,+,Strong
sigA-cg0081,sigA,cg0081,+,Strong
sigA-cg0082,sigA,cg0082,+,Strong
sigA-cg0083,sigA,cg0083,+,Strong
sigA-cg0739,sigA,cg0739,+,Strong
sigA-cg0088,sigA,cg0088,+,Strong
sigA-cg0730,sigA,cg0730,+,Strong
sigA-cg2536,sigA,cg2536,+,Strong
sigA-rpsG,sigA,rpsG,+,Strong
sigA-rpsF,sigA,rpsF,+,Strong
sigA-rpsE,sigA,rpsE,+,Strong
sigA-rpsD,sigA,rpsD,+,Strong
sigA-rpsC,sigA,rpsC,+,Strong
sigA-rpsB,sigA,rpsB,+,Strong
sigA-cg0950,sigA,cg0950,+,Strong
sigA-cg0951,sigA,cg0951,+,Strong
sigA-rpsO,sigA,rpsO,+,Strong
sigA-cg3286,sigA,cg3286,+,Strong
sigA-rpsM,sigA,rpsM,+,Strong
sigA-rpsL,sigA,rpsL,+,Strong
sigA-rpsK,sigA,rpsK,+,Strong
sigA-rpsJ,sigA,rpsJ,+,Strong
sigA-rpsI,sigA,rpsI,+,Strong
sigA-rpsH,sigA,rpsH,+,Strong
sigA-rpsT,sigA,rpsT,+,Strong
sigA-rpsS,sigA,rpsS,+,Strong
sigA-rpsQ,sigA,rpsQ,+,Strong
sigA-rpsP,sigA,rpsP,+,Strong
sigA-deoC,sigA,deoC,+,Strong
sigA-cg2779,sigA,cg2779,+,Strong
sigA-cg3357,sigA,cg3357,+,Strong
sigA-cg3356,sigA,cg3356,+,Strong
sigA-cg2773,sigA,cg2773,+,Strong
sigA-cg2774,sigA,cg2774,+,Strong
sigA-cg2775,sigA,cg2775,+,Strong
sigA-cg2776,sigA,cg2776,+,Strong
sigA-cg2777,sigA,cg2777,+,Strong
sigA-cg0888,sigA,cg0888,+,Strong
sigA-cg3192,sigA,cg3192,+,Strong
sigA-cg3191,sigA,cg3191,+,Strong
sigA-cg0559,sigA,cg0559,+,Strong
sigA-cg3197,sigA,cg3197,+,Strong
sigA-cg3196,sigA,cg3196,+,Strong
sigA-cg3194,sigA,cg3194,+,Strong
sigA-cg0552,sigA,cg0552,+,Strong
sigA-cg0881,sigA,cg0881,+,Strong
sigA-cg0882,sigA,cg0882,+,Strong
sigA-cg0883,sigA,cg0883,+,Strong
sigA-cg0884,sigA,cg0884,+,Strong
sigA-cg0885,sigA,cg0885,+,Strong
sigA-cg0886,sigA,cg0886,+,Strong
sigA-cg0887,sigA,cg0887,+,Strong
sigA-phoS,sigA,phoS,+,Strong
sigA-phoR,sigA,phoR,+,Strong
sigA-cg0517,sigA,cg0517,+,Strong
sigA-dxs,sigA,dxs,+,Strong
sigA-cg2098,sigA,cg2098,+,Strong
sigA-cg2480,sigA,cg2480,+,Strong
sigA-cg2487,sigA,cg2487,+,Strong
sigA-thiM,sigA,thiM,+,Strong
sigA-thiL,sigA,thiL,+,Strong
sigA-thiC,sigA,thiC,+,Strong
sigA-cg2535,sigA,cg2535,+,Strong
sigA-cg2488,sigA,cg2488,+,Strong
sigA-cg2489,sigA,cg2489,+,Strong
sigA-thiG,sigA,thiG,+,Strong
sigA-clpC,sigA,clpC,+,Strong
sigA-trxB,sigA,trxB,+,Strong
sigA-cg0191,sigA,cg0191,+,Strong
sigA-cg2177,sigA,cg2177,+,Strong
sigA-cg2178,sigA,cg2178,+,Strong
sigA-cg0194,sigA,cg0194,+,Strong
sigA-cg0195,sigA,cg0195,+,Strong
sigA-cg1859,sigA,cg1859,+,Strong
sigA-narI,sigA,narI,+,Strong
sigA-narH,sigA,narH,+,Strong
sigA-cg1856,sigA,cg1856,+,Strong
sigA-cg1857,sigA,cg1857,+,Strong
sigA-cg1852,sigA,cg1852,+,Strong
sigA-cg0512,sigA,cg0512,+,Strong
sigA-cg2215,sigA,cg2215,+,Strong
sigA-benR,sigA,benR,+,Strong
sigA-cg2398,sigA,cg2398,+,Strong
sigA-cg1312,sigA,cg1312,+,Strong
sigA-cg2397,sigA,cg2397,+,Strong
sigA-cg2395,sigA,cg2395,+,Strong
sigA-cg2392,sigA,cg2392,+,Strong
sigA-cg2393,sigA,cg2393,+,Strong
sigA-cg1261,sigA,cg1261,+,Strong
sigA-cg2550,sigA,cg2550,+,Strong
sigA-cg2551,sigA,cg2551,+,Strong
sigA-cg2552,sigA,cg2552,+,Strong
sigA-cg2553,sigA,cg2553,+,Strong
sigA-cg2554,sigA,cg2554,+,Strong
sigA-cg2006,sigA,cg2006,+,Strong
sigA-irp1,sigA,irp1,+,Strong
sigA-cg2004,sigA,cg2004,+,Strong
sigA-cg1853,sigA,cg1853,+,Strong
sigA-cg0513,sigA,cg0513,+,Strong
sigA-cg2955,sigA,cg2955,+,Strong
sigA-cg2956,sigA,cg2956,+,Strong
sigA-cg2957,sigA,cg2957,+,Strong
sigA-cg2950,sigA,cg2950,+,Strong
sigA-cg2952,sigA,cg2952,+,Strong
sigA-cg2953,sigA,cg2953,+,Strong
sigA-ahcY,sigA,ahcY,+,Strong
sigA-cg2399,sigA,cg2399,+,Strong
sigA-cg1925,sigA,cg1925,+,Strong
sigA-cg1095,sigA,cg1095,+,Strong
sigA-cg1458,sigA,cg1458,+,Strong
sigA-cg1459,sigA,cg1459,+,Strong
sigA-cg1764,sigA,cg1764,+,Strong
sigA-farR,sigA,farR,+,Strong
sigA-cg1454,sigA,cg1454,+,Strong
sigA-cg1456,sigA,cg1456,+,Strong
sigA-cg1457,sigA,cg1457,+,Strong
sigA-groL2,sigA,groL2,+,Strong
sigA-groL1,sigA,groL1,+,Strong
sigA-ruvA,sigA,ruvA,+,Strong
sigA-ruvC,sigA,ruvC,+,Strong
sigA-ruvB,sigA,ruvB,+,Strong
sigA-cg1635,sigA,cg1635,+,Strong
sigA-cg1632,sigA,cg1632,+,Strong
sigA-cg1633,sigA,cg1633,+,Strong
sigA-tsf,sigA,tsf,+,Strong
sigA-pheT,sigA,pheT,+,Strong
sigA-cg1143,sigA,cg1143,+,Strong
sigA-cg1147,sigA,cg1147,+,Strong
sigA-cg1144,sigA,cg1144,+,Strong
sigA-cg2558,sigA,cg2558,+,Strong
sigA-cg0997,sigA,cg0997,+,Strong
sigA-nadK,sigA,nadK,+,Strong
sigA-cg2005,sigA,cg2005,+,Strong
sigA-nadA,sigA,nadA,+,Strong
sigA-grpE,sigA,grpE,+,Strong
sigA-nadD,sigA,nadD,+,Strong
sigA-cg1700,sigA,cg1700,+,Strong
sigA-cg1701,sigA,cg1701,+,Strong
sigA-cg1702,sigA,cg1702,+,Strong
sigA-cg1704,sigA,cg1704,+,Strong
sigA-cg1708,sigA,cg1708,+,Strong
sigA-cg3240,sigA,cg3240,+,Strong
sigA-rplX,sigA,rplX,+,Strong
sigA-rplY,sigA,rplY,+,Strong
sigA-rplV,sigA,rplV,+,Strong
sigA-rplW,sigA,rplW,+,Strong
sigA-rplT,sigA,rplT,+,Strong
sigA-rplU,sigA,rplU,+,Strong
sigA-rplR,sigA,rplR,+,Strong
sigA-rplS,sigA,rplS,+,Strong
sigA-rplP,sigA,rplP,+,Strong
sigA-rplQ,sigA,rplQ,+,Strong
sigA-rplN,sigA,rplN,+,Strong
sigA-rplO,sigA,rplO,+,Strong
sigA-rplL,sigA,rplL,+,Strong
sigA-cg3347,sigA,cg3347,+,Strong
sigA-rplJ,sigA,rplJ,+,Strong
sigA-rplK,sigA,rplK,+,Strong
sigA-rplF,sigA,rplF,+,Strong
sigA-rplD,sigA,rplD,+,Strong
sigA-rplE,sigA,rplE,+,Strong
sigA-rplB,sigA,rplB,+,Strong
sigA-rplC,sigA,rplC,+,Strong
sigA-rplA,sigA,rplA,+,Strong
sigA-metQ,sigA,metQ,+,Strong
sigA-metX,sigA,metX,+,Strong
sigA-metY,sigA,metY,+,Strong
sigA-metB,sigA,metB,+,Strong
sigA-cpdA,sigA,cpdA,+,Strong
sigA-metG,sigA,metG,+,Strong
sigA-metE,sigA,metE,+,Strong
sigA-metK,sigA,metK,+,Strong
sigA-metN,sigA,metN,+,Strong
sigA-cg2896,sigA,cg2896,+,Strong
sigA-cg0431,sigA,cg0431,+,Strong
sigA-cg0432,sigA,cg0432,+,Strong
sigA-cg0435,sigA,cg0435,+,Strong
sigA-cg0436,sigA,cg0436,+,Strong
sigA-cg0439,sigA,cg0439,+,Strong
sigA-cg0438,sigA,cg0438,+,Strong
sigA-cg3009,sigA,cg3009,+,Strong
sigA-mag,sigA,mag,+,Strong
sigA-pgk,sigA,pgk,+,Strong
sigA-pgi,sigA,pgi,+,Strong
sigA-atpE,sigA,atpE,+,Strong
sigA-prmC,sigA,prmC,+,Strong
sigA-cg3348,sigA,cg3348,+,Strong
sigA-cg0241,sigA,cg0241,+,Strong
sigA-ahpD,sigA,ahpD,+,Strong
sigA-cg0728,sigA,cg0728,+,Strong
sigA-cg0096,sigA,cg0096,+,Strong
sigA-cg0727,sigA,cg0727,+,Strong
sigA-cg0092,sigA,cg0092,+,Strong
sigA-cg0723,sigA,cg0723,+,Strong
sigA-cg0945,sigA,cg0945,+,Strong
sigA-cg0944,sigA,cg0944,+,Strong
sigA-cg0947,sigA,cg0947,+,Strong
sigA-cg0941,sigA,cg0941,+,Strong
sigA-cg0940,sigA,cg0940,+,Strong
sigA-cg0948,sigA,cg0948,+,Strong
sigA-cg2767,sigA,cg2767,+,Strong
sigA-cg2766,sigA,cg2766,+,Strong
sigA-cg2765,sigA,cg2765,+,Strong
sigA-cg0895,sigA,cg0895,+,Strong
sigA-cg3368,sigA,cg3368,+,Strong
sigA-cg3369,sigA,cg3369,+,Strong
sigA-cg3366,sigA,cg3366,+,Strong
sigA-cg3367,sigA,cg3367,+,Strong
sigA-cg0549,sigA,cg0549,+,Strong
sigA-cg0548,sigA,cg0548,+,Strong
sigA-cg3168,sigA,cg3168,+,Strong
sigA-cg3166,sigA,cg3166,+,Strong
sigA-cg3167,sigA,cg3167,+,Strong
sigA-dnaK,sigA,dnaK,+,Strong
sigA-cg3165,sigA,cg3165,+,Strong
sigA-cg0545,sigA,cg0545,+,Strong
sigA-cg3160,sigA,cg3160,+,Strong
sigA-cg3386,sigA,cg3386,+,Strong
sigA-cg3384,sigA,cg3384,+,Strong
sigA-cg3382,sigA,cg3382,+,Strong
sigA-cg3380,sigA,cg3380,+,Strong
sigA-cg3381,sigA,cg3381,+,Strong
sigA-cg0889,sigA,cg0889,+,Strong
sigA-cg3389,sigA,cg3389,+,Strong
sigA-cg2491,sigA,cg2491,+,Strong
sigA-cg2490,sigA,cg2490,+,Strong
sigA-cg2495,sigA,cg2495,+,Strong
sigA-cg2496,sigA,cg2496,+,Strong
sigA-cg2498,sigA,cg2498,+,Strong
sigA-sdhC,sigA,sdhC,+,Strong
sigA-cg2165,sigA,cg2165,+,Strong
sigA-trpB,sigA,trpB,+,Strong
sigA-trpC,sigA,trpC,+,Strong
sigA-trpA,sigA,trpA,+,Strong
sigA-trpG,sigA,trpG,+,Strong
sigA-trpD,sigA,trpD,+,Strong
sigA-trpE,sigA,trpE,+,Strong
sigA-RegX3,sigA,RegX3,+,Strong
sigA-trpS,sigA,trpS,+,Strong
sigA-pyk,sigA,pyk,+,Strong
sigA-cg1843,sigA,cg1843,+,Strong
sigA-cg1842,sigA,cg1842,+,Strong
sigA-cg1840,sigA,cg1840,+,Strong
sigA-cg1847,sigA,cg1847,+,Strong
sigA-cg1846,sigA,cg1846,+,Strong
sigA-cg1845,sigA,cg1845,+,Strong
sigA-cg2389,sigA,cg2389,+,Strong
sigA-cg2388,sigA,cg2388,+,Strong
sigA-cg2384,sigA,cg2384,+,Strong
sigA-cg2386,sigA,cg2386,+,Strong
sigA-cg2381,sigA,cg2381,+,Strong
sigA-cg2380,sigA,cg2380,+,Strong
sigA-thtR,sigA,thtR,+,Strong
sigA-cg2382,sigA,cg2382,+,Strong
sigA-cg3016,sigA,cg3016,+,Strong
sigA-cg3017,sigA,cg3017,+,Strong
sigA-cg3014,sigA,cg3014,+,Strong
sigA-cg3015,sigA,cg3015,+,Strong
sigA-cg3012,sigA,cg3012,+,Strong
sigA-cg3013,sigA,cg3013,+,Strong
sigA-cg2549,sigA,cg2549,+,Strong
sigA-cg2546,sigA,cg2546,+,Strong
sigA-cg2542,sigA,cg2542,+,Strong
sigA-cg3018,sigA,cg3018,+,Strong
sigA-cg2943,sigA,cg2943,+,Strong
sigA-cg2946,sigA,cg2946,+,Strong
sigA-cg2949,sigA,cg2949,+,Strong
sigA-cmt4,sigA,cmt4,+,Strong
sigA-asgR,sigA,asgR,+,Strong
sigA-cg3339,sigA,cg3339,+,Strong
sigA-cg1931,sigA,cg1931,+,Strong
sigA-cg1930,sigA,cg1930,+,Strong
sigA-cg1939,sigA,cg1939,+,Strong
sigA-cg1447,sigA,cg1447,+,Strong
sigA-cg1444,sigA,cg1444,+,Strong
sigA-cg1449,sigA,cg1449,+,Strong
sigA-cg1448,sigA,cg1448,+,Strong
sigA-thyX,sigA,thyX,+,Weak
sigA-prpB1,sigA,prpB1,+,Strong
sigA-cmt2,sigA,cmt2,+,Strong
sigA-prpB2,sigA,prpB2,+,Strong
sigA-cmt3,sigA,cmt3,+,Strong
sigA-cg2839,sigA,cg2839,+,Strong
sigA-cg2838,sigA,cg2838,+,Strong
sigA-cg2835,sigA,cg2835,+,Strong
sigA-cg2834,sigA,cg2834,+,Strong
sigA-cg2833,sigA,cg2833,+,Strong
sigA-cg2830,sigA,cg2830,+,Strong
sigA-cg1620,sigA,cg1620,+,Strong
sigA-cg1624,sigA,cg1624,+,Strong
sigA-cg1628,sigA,cg1628,+,Strong
sigA-cg0411,sigA,cg0411,+,Strong
sigA-aroP,sigA,aroP,+,Strong
sigA-aroQ,sigA,aroQ,+,Strong
sigA-cg1151,sigA,cg1151,+,Strong
sigA-cg1150,sigA,cg1150,+,Strong
sigA-cg1153,sigA,cg1153,+,Strong
sigA-cg1152,sigA,cg1152,+,Strong
sigA-tsaD,sigA,tsaD,+,Strong
sigA-cg1156,sigA,cg1156,+,Strong
sigA-aroA,sigA,aroA,+,Strong
sigA-aroC,sigA,aroC,+,Strong
sigA-cg0415,sigA,cg0415,+,Strong
sigA-aroG,sigA,aroG,+,Strong
sigA-cg0142,sigA,cg0142,+,Strong
sigA-cg1718,sigA,cg1718,+,Strong
sigA-cg1717,sigA,cg1717,+,Strong
sigA-cg1716,sigA,cg1716,+,Strong
sigA-cg1715,sigA,cg1715,+,Strong
sigA-cg1712,sigA,cg1712,+,Strong
sigA-cg1711,sigA,cg1711,+,Strong
sigA-cg2692,sigA,cg2692,+,Strong
sigA-OasR,sigA,OasR,+,Strong
sigA-ramA,sigA,ramA,+,Strong
sigA-ramB,sigA,ramB,+,Strong
sigA-cg2690,sigA,cg2690,+,Strong
sigA-cg3127,sigA,cg3127,+,Strong
sigA-cg0399,sigA,cg0399,+,Strong
sigA-rpi,sigA,rpi,+,Strong
sigA-rph,sigA,rph,+,Strong
sigA-cg0396,sigA,cg0396,+,Strong
sigA-cg0397,sigA,cg0397,+,Strong
sigA-cg0390,sigA,cg0390,+,Strong
sigA-cg0391,sigA,cg0391,+,Strong
sigA-cg0409,sigA,cg0409,+,Strong
sigA-cg0404,sigA,cg0404,+,Strong
sigA-cg0405,sigA,cg0405,+,Strong
sigA-cg0154,sigA,cg0154,+,Strong
sigA-cg0155,sigA,cg0155,+,Strong
sigA-cg0152,sigA,cg0152,+,Strong
sigA-cg0153,sigA,cg0153,+,Strong
sigA-cg0402,sigA,cg0402,+,Strong
sigA-cg0403,sigA,cg0403,+,Strong
sigA-cg0378,sigA,cg0378,+,Strong
sigA-cg3330,sigA,cg3330,+,Strong
sigA-rpmI,sigA,rpmI,+,Strong
sigA-rpmH,sigA,rpmH,+,Strong
sigA-rpmJ,sigA,rpmJ,+,Strong
sigA-rpmC,sigA,rpmC,+,Strong
sigA-rpmB,sigA,rpmB,+,Strong
sigA-rpmD,sigA,rpmD,+,Strong
sigA-lgt,sigA,lgt,+,Strong
sigA-rpmF,sigA,rpmF,+,Strong
sigA-cg0710,sigA,cg0710,+,Strong
sigA-cg0711,sigA,cg0711,+,Strong
sigA-cg0713,sigA,cg0713,+,Strong
sigA-cg0714,sigA,cg0714,+,Strong
sigA-cg0715,sigA,cg0715,+,Strong
sigA-cg0716,sigA,cg0716,+,Strong
sigA-acyP,sigA,acyP,+,Strong
sigA-cg0970,sigA,cg0970,+,Strong
sigA-cg0971,sigA,cg0971,+,Strong
sigA-cg0975,sigA,cg0975,+,Strong
sigA-cg0976,sigA,cg0976,+,Strong
sigA-cg0979,sigA,cg0979,+,Strong
sigA-fabG,sigA,fabG,+,Strong
sigA-cg2716,sigA,cg2716,+,Strong
sigA-cg2717,sigA,cg2717,+,Strong
sigA-cg2715,sigA,cg2715,+,Strong
sigA-cg1848,sigA,cg1848,+,Strong
sigA-cg0575,sigA,cg0575,+,Strong
sigA-ripA,sigA,ripA,+,Strong
sigA-cg0570,sigA,cg0570,+,Strong
sigA-cg3373,sigA,cg3373,+,Strong
sigA-cg3372,sigA,cg3372,+,Strong
sigA-cg3371,sigA,cg3371,+,Strong
sigA-cg3370,sigA,cg3370,+,Strong
sigA-cg0578,sigA,cg0578,+,Strong
sigA-cg0579,sigA,cg0579,+,Strong
sigA-cg3375,sigA,cg3375,+,Strong
sigA-cg3374,sigA,cg3374,+,Strong
sigA-cg0376,sigA,cg0376,+,Strong
sigA-cg0374,sigA,cg0374,+,Strong
sigA-cg0375,sigA,cg0375,+,Strong
sigA-cg3179,sigA,cg3179,+,Strong
sigA-cg3178,sigA,cg3178,+,Strong
sigA-cg0370,sigA,cg0370,+,Strong
sigA-cg3175,sigA,cg3175,+,Strong
sigA-cg3174,sigA,cg3174,+,Strong
sigA-cg3177,sigA,cg3177,+,Strong
sigA-cg3176,sigA,cg3176,+,Strong
sigA-cg3173,sigA,cg3173,+,Strong
sigA-cg3395,sigA,cg3395,+,Strong
sigA-cg3397,sigA,cg3397,+,Strong
sigA-ackA,sigA,ackA,+,Strong
sigA-cg3390,sigA,cg3390,+,Strong
sigA-ung,sigA,ung,+,Strong
sigA-cg3398,sigA,cg3398,+,Strong
sigA-cg2159,sigA,cg2159,+,Strong
sigA-cg2154,sigA,cg2154,+,Strong
sigA-cg2155,sigA,cg2155,+,Strong
sigA-cg2156,sigA,cg2156,+,Strong
sigA-cg2157,sigA,cg2157,+,Strong
sigA-cg2151,sigA,cg2151,+,Strong
sigA-cg2621,sigA,cg2621,+,Strong
sigA-cg2265,sigA,cg2265,+,Strong
sigA-oppA,sigA,oppA,+,Strong
sigA-hmuV,sigA,hmuV,+,Strong
sigA-mfs,sigA,mfs,+,Strong
sigA-cg0662,sigA,cg0662,+,Strong
sigA-gmk,sigA,gmk,+,Strong
sigA-gluQ,sigA,gluQ,+,Strong
sigA-cg2028,sigA,cg2028,+,Strong
sigA-cg3004,sigA,cg3004,+,Strong
sigA-cg3007,sigA,cg3007,+,Strong
sigA-cg2539,sigA,cg2539,+,Strong
sigA-cg2849,sigA,cg2849,+,Strong
sigA-cg3000,sigA,cg3000,+,Strong
sigA-cg3003,sigA,cg3003,+,Strong
sigA-sufU,sigA,sufU,+,Strong
sigA-gluD,sigA,gluD,+,Strong
sigA-gluB,sigA,gluB,+,Strong
sigA-cg2025,sigA,cg2025,+,Strong
sigA-cg2026,sigA,cg2026,+,Strong
sigA-rpmE2,sigA,rpmE2,+,Strong
sigA-sutR,sigA,sutR,+,Strong
sigA-cg1942,sigA,cg1942,+,Strong
sigA-cg1943,sigA,cg1943,+,Strong
sigA-cg1946,sigA,cg1946,+,Strong
sigA-cg1947,sigA,cg1947,+,Strong
sigA-cg1944,sigA,cg1944,+,Strong
sigA-cg0467,sigA,cg0467,+,Strong
sigA-cg1949,sigA,cg1949,+,Strong
sigA-cg1433,sigA,cg1433,+,Strong
sigA-cg1436,sigA,cg1436,+,Strong
sigA-cg1434,sigA,cg1434,+,Strong
sigA-pfkB,sigA,pfkB,+,Strong
sigA-cg2447,sigA,cg2447,+,Strong
sigA-cg2444,sigA,cg2444,+,Strong
sigA-prpC2,sigA,prpC2,+,Strong
sigA-cg2443,sigA,cg2443,+,Strong
sigA-cg2440,sigA,cg2440,+,Strong
sigA-prpC1,sigA,prpC1,+,Strong
sigA-hrrA,sigA,hrrA,+,Strong
sigA-pfkA,sigA,pfkA,+,Strong
sigA-clpB,sigA,clpB,+,Strong
sigA-cg2848,sigA,cg2848,+,Strong
sigA-lppS,sigA,lppS,+,Strong
sigA-nadE,sigA,nadE,+,Strong
sigA-cg2842,sigA,cg2842,+,Strong
sigA-cg2840,sigA,cg2840,+,Strong
sigA-cg2841,sigA,cg2841,+,Strong
sigA-cg2846,sigA,cg2846,+,Strong
sigA-cg4016,sigA,cg4016,+,Strong
sigA-cg2844,sigA,cg2844,+,Strong
sigA-cg2845,sigA,cg2845,+,Strong
sigA-murI,sigA,murI,+,Strong
sigA-cg1388,sigA,cg1388,+,Strong
sigA-murA,sigA,murA,+,Strong
sigA-cg1386,sigA,cg1386,+,Strong
sigA-murC,sigA,murC,+,Strong
sigA-murE,sigA,murE,+,Strong
sigA-murG,sigA,murG,+,Strong
sigA-cg1893,sigA,cg1893,+,Strong
sigA-cg1894,sigA,cg1894,+,Strong
sigA-cg1546,sigA,cg1546,+,Strong
sigA-cg1545,sigA,cg1545,+,Strong
sigA-cg1543,sigA,cg1543,+,Strong
sigA-lysC,sigA,lysC,+,Strong
sigA-cg1362,sigA,cg1362,+,Strong
sigA-cg1360,sigA,cg1360,+,Strong
sigA-dcd,sigA,dcd,+,Strong
sigA-amtR,sigA,amtR,+,Strong
sigA-lysG,sigA,lysG,+,Strong
sigA-ndk,sigA,ndk,+,Strong
sigA-cg1098,sigA,cg1098,+,Strong
sigA-cg1099,sigA,cg1099,+,Strong
sigA-cg1768,sigA,cg1768,+,Strong
sigA-cg1769,sigA,cg1769,+,Strong
sigA-rpmG,sigA,rpmG,+,Strong
sigA-cg1090,sigA,cg1090,+,Strong
sigA-cg1091,sigA,cg1091,+,Strong
sigA-cg1092,sigA,cg1092,+,Strong
sigA-cg1767,sigA,cg1767,+,Strong
sigA-cg1096,sigA,cg1096,+,Strong
sigA-mraZ,sigA,mraZ,+,Strong
sigA-mraY,sigA,mraY,+,Strong
sigA-cg1165,sigA,cg1165,+,Strong
sigA-cg1166,sigA,cg1166,+,Strong
sigA-cg1162,sigA,cg1162,+,Strong
sigA-mcbR,sigA,mcbR,+,Strong
sigA-cg1169,sigA,cg1169,+,Strong
sigA-arnR,sigA,arnR,+,Strong
sigA-cg0389,sigA,cg0389,+,Strong
sigA-cg0388,sigA,cg0388,+,Strong
sigA-cg0382,sigA,cg0382,+,Strong
sigA-cg0380,sigA,cg0380,+,Strong
sigA-cg0387,sigA,cg0387,+,Strong
sigA-cg0384,sigA,cg0384,+,Strong
sigA-cg0419,sigA,cg0419,+,Strong
sigA-cg0418,sigA,cg0418,+,Strong
sigA-cg0144,sigA,cg0144,+,Strong
sigA-cg0147,sigA,cg0147,+,Strong
sigA-cg0410,sigA,cg0410,+,Strong
sigA-cg0417,sigA,cg0417,+,Strong
sigA-cg0416,sigA,cg0416,+,Strong
sigA-cg0143,sigA,cg0143,+,Strong
sigA-cg0414,sigA,cg0414,+,Strong
sigA-rplM,sigA,rplM,+,Strong
sigA-csoR,sigA,csoR,+,Strong
sigA-cg1884,sigA,cg1884,+,Strong
sigA-pth1,sigA,pth1,+,Strong
sigA-pth2,sigA,pth2,+,Strong
sigA-cg0707,sigA,cg0707,+,Strong
sigA-cg0706,sigA,cg0706,+,Strong
sigA-cg0704,sigA,cg0704,+,Strong
sigA-cg0702,sigA,cg0702,+,Strong
sigA-cg0700,sigA,cg0700,+,Strong
sigA-arnA1,sigA,arnA1,+,Strong
sigA-cg0969,sigA,cg0969,+,Strong
sigA-cg0968,sigA,cg0968,+,Strong
sigA-cg0967,sigA,cg0967,+,Strong
sigA-cg0965,sigA,cg0965,+,Strong
sigA-cg0963,sigA,cg0963,+,Strong
sigA-cg0962,sigA,cg0962,+,Strong
sigA-cg0960,sigA,cg0960,+,Strong
sigA-cg2701,sigA,cg2701,+,Strong
sigA-cg2700,sigA,cg2700,+,Strong
sigA-cg2703,sigA,cg2703,+,Strong
sigA-cg2705,sigA,cg2705,+,Strong
sigA-cg2704,sigA,cg2704,+,Strong
sigA-cg2708,sigA,cg2708,+,Strong
sigA-cg3142,sigA,cg3142,+,Strong
sigA-cg0562,sigA,cg0562,+,Strong
sigA-cg0561,sigA,cg0561,+,Strong
sigA-cg3143,sigA,cg3143,+,Strong
sigA-bca,sigA,bca,+,Strong
sigA-cg3149,sigA,cg3149,+,Strong
sigA-cg0360,sigA,cg0360,+,Strong
sigA-cg3140,sigA,cg3140,+,Strong
sigA-pdxR,sigA,pdxR,+,Strong
sigA-pdxS,sigA,pdxS,+,Strong
sigA-pdxT,sigA,pdxT,+,Strong
sigA-cg3146,sigA,cg3146,+,Strong
sigA-cg3147,sigA,cg3147,+,Strong
sigB-ppc,sigB,ppc,?,Weak
sigB-tpiA,sigB,tpiA,?,Weak
sigB-dapB,sigB,dapB,?,Weak
sigB-cg3330,sigB,cg3330,?,Weak
sigB-hmp,sigB,hmp,?,Weak
sigB-cg1417,sigB,cg1417,?,Weak
sigB-cg2891,sigB,cg2891,?,Weak
sigB-pgk,sigB,pgk,?,Weak
sigB-gap,sigB,gap,?,Weak
sigB-cg2418,sigB,cg2418,?,Weak
sigB-fba,sigB,fba,?,Weak
sigB-thyX,sigB,thyX,?,Weak
sigB-fumC,sigB,fumC,?,Weak
sigB-pfkA,sigB,pfkA,?,Weak
sigE-cg1266,sigE,cg1266,?,Weak
sigH-dnaJ1,sigH,dnaJ1,?,Strong
sigH-cg2949,sigH,cg2949,?,Strong
sigH-cg0699,sigH,cg0699,?,Strong
sigH-whcE,sigH,whcE,?,Strong
sigH-cg3405,sigH,cg3405,?,Strong
sigH-cg2736,sigH,cg2736,+,Strong
sigH-cg2835,sigH,cg2835,?,Strong
sigH-ctaF,sigH,ctaF,?,Weak
sigH-clpX,sigH,clpX,?,Strong
sigH-ctaC,sigH,ctaC,?,Strong
sigH-sufD,sigH,sufD,?,Weak
sigH-cg2434,sigH,cg2434,?,Weak
sigH-clgR,sigH,clgR,?,Strong
sigH-sufR,sigH,sufR,?,Strong
sigH-cg2331,sigH,cg2331,?,Weak
sigH-cg2538,sigH,cg2538,?,Strong
sigH-cg1730,sigH,cg1730,?,Strong
sigH-sufU,sigH,sufU,?,Weak
sigH-clpC,sigH,clpC,?,Strong
sigH-clpB,sigH,clpB,?,Strong
sigH-dnaJ2,sigH,dnaJ2,?,Weak
sigH-arnA2,sigH,arnA2,+,Strong
sigH-cg1671,sigH,cg1671,?,Strong
sigH-atpH,sigH,atpH,?,Strong
sigH-cg2838,sigH,cg2838,?,Strong
sigH-atpC,sigH,atpC,?,Strong
sigH-atpA,sigH,atpA,?,Strong
sigH-atpG,sigH,atpG,?,Strong
sigH-atpF,sigH,atpF,?,Strong
sigH-atpE,sigH,atpE,?,Strong
sigH-atpD,sigH,atpD,?,Strong
sigH-cg1436,sigH,cg1436,?,Weak
sigH-hemC,sigH,hemC,?,Weak
sigH-nadA,sigH,nadA,?,Weak
sigH-hemA,sigH,hemA,?,Strong
sigH-grpE,sigH,grpE,?,Weak
sigH-ftsH,sigH,ftsH,?,Strong
sigH-cg2329,sigH,cg2329,?,Strong
sigH-cg1708,sigH,cg1708,?,Weak
sigH-cg0614,sigH,cg0614,?,Weak
sigH-cg0617,sigH,cg0617,?,Strong
sigH-cg0616,sigH,cg0616,?,Weak
sigH-cg0184,sigH,cg0184,?,Weak
sigH-cg0612,sigH,cg0612,?,Weak
sigH-cg2194,sigH,cg2194,?,Strong
sigH-mpx,sigH,mpx,?,Strong
sigH-cg3429,sigH,cg3429,?,Strong
sigH-lppS,sigH,lppS,?,Strong
sigH-cg3423,sigH,cg3423,?,Strong
sigH-cg2106,sigH,cg2106,?,Strong
sigH-cg1799,sigH,cg1799,?,Strong
sigH-sigA,sigH,sigA,?,Strong
sigH-murI,sigH,murI,?,Strong
sigH-sigB,sigH,sigB,?,Strong
sigH-sigE,sigH,sigE,?,Weak
sigH-sigH,sigH,sigH,?,Strong
sigH-cg1282,sigH,cg1282,?,Strong
sigH-sigM,sigH,sigM,?,Strong
sigH-cg1215,sigH,cg1215,?,Weak
sigH-cg2126,sigH,cg2126,?,Strong
sigH-cg1362,sigH,cg1362,?,Strong
sigH-prfA,sigH,prfA,?,Weak
sigH-cg1360,sigH,cg1360,?,Weak
sigH-sufC,sigH,sufC,?,Weak
sigH-cg3299,sigH,cg3299,?,Strong
sigH-cg2912,sigH,cg2912,?,Strong
sigH-cg2661,sigH,cg2661,?,Strong
sigH-mshC,sigH,mshC,?,Strong
sigH-pup,sigH,pup,?,Strong
sigH-cg1179,sigH,cg1179,?,Strong
sigH-cg1398,sigH,cg1398,?,Weak
sigH-prmC,sigH,prmC,?,Weak
sigH-cg3344,sigH,cg3344,?,Strong
sigH-cg1640,sigH,cg1640,?,Strong
sigH-cg1555,sigH,cg1555,?,Strong
sigH-ispG,sigH,ispG,?,Strong
sigH-cg1764,sigH,cg1764,?,Weak
sigH-cg1375,sigH,cg1375,?,Strong
sigH-thrB,sigH,thrB,?,Strong
sigH-pafA,sigH,pafA,?,Strong
sigH-cg0018,sigH,cg0018,?,Strong
sigH-cg2330,sigH,cg2330,?,Weak
sigH-cg1245,sigH,cg1245,?,Strong
sigH-cg3357,sigH,cg3357,?,Strong
sigH-sufS,sigH,sufS,?,Weak
sigH-cg0404,sigH,cg0404,?,Weak
sigH-cg1358,sigH,cg1358,?,Weak
sigH-cg2332,sigH,cg2332,?,Strong
sigH-cg1778,sigH,cg1778,?,Weak
sigH-cg1560,sigH,cg1560,?,Strong
sigH-cg2267,sigH,cg2267,?,Strong
sigH-cg0928,sigH,cg0928,?,Strong
sigH-cg2263,sigH,cg2263,?,Strong
sigH-cg1776,sigH,cg1776,?,Strong
sigH-nrtR,sigH,nrtR,?,Weak
sigH-rlmN,sigH,rlmN,?,Strong
sigH-msrA,sigH,msrA,?,Strong
sigH-cg2514,sigH,cg2514,?,Weak
sigH-cg2487,sigH,cg2487,?,Strong
sigH-cg2489,sigH,cg2489,?,Strong
sigH-hspR,sigH,hspR,?,Weak
sigH-cg2078,sigH,cg2078,?,Strong
sigH-cg2177,sigH,cg2177,?,Strong
sigH-cg3078,sigH,cg3078,?,Strong
sigH-cg2076,sigH,cg2076,?,Strong
sigH-dnaK,sigH,dnaK,?,Strong
sigH-cseE,sigH,cseE,?,Weak
sigH-cg1359,sigH,cg1359,?,Weak
sigH-mnmA,sigH,mnmA,?,Strong
sigH-cg1354,sigH,cg1354,?,Strong
sigH-cg1353,sigH,cg1353,?,Strong
sigH-cg0877,sigH,cg0877,?,Strong
sigH-trxB,sigH,trxB,?,Strong
sigH-cg1726,sigH,cg1726,?,Strong
sigH-cg3378,sigH,cg3378,?,Strong
sigH-cg2397,sigH,cg2397,?,Strong
sigH-cg1759,sigH,cg1759,?,Weak
sigH-adhA,sigH,adhA,?,Strong
sigH-cg2619,sigH,cg2619,?,Weak
sigH-cg2411,sigH,cg2411,?,Strong
sigH-cg1182,sigH,cg1182,?,Weak
sigH-cg0378,sigH,cg0378,?,Weak
sigH-cg1181,sigH,cg1181,?,Weak
sigH-lipA,sigH,lipA,?,Strong
sigH-cg2247,sigH,cg2247,?,Strong
sigH-cg1127,sigH,cg1127,?,Strong
sigH-cg1289,sigH,cg1289,?,Weak
sigH-cg1288,sigH,cg1288,?,Strong
sigH-cg2810,sigH,cg2810,?,Strong
sigH-cg1687,sigH,cg1687,?,Weak
sigH-cg1686,sigH,cg1686,?,Weak
sigH-ilvD,sigH,ilvD,?,Strong
sigH-cg1569,sigH,cg1569,?,Strong
sigH-ilvC,sigH,ilvC,?,Weak
sigH-ilvB,sigH,ilvB,?,Strong
sigH-cg0561,sigH,cg0561,?,Strong
sigH-cg2342,sigH,cg2342,?,Weak
sigH-cg2380,sigH,cg2380,?,Strong
sigH-clpP2,sigH,clpP2,?,Strong
sigH-clpP1,sigH,clpP1,?,Strong
sigH-cg2301,sigH,cg2301,?,Strong
sigH-cg1096,sigH,cg1096,?,Strong
sigH-cg1214,sigH,cg1214,?,Weak
sigH-cg3143,sigH,cg3143,?,Strong
sigM-sufC,sigM,sufC,?,Strong
sigM-cg0691,sigM,cg0691,?,Weak
sigM-sufD,sigM,sufD,?,Strong
sigM-cg3299,sigM,cg3299,?,Strong
sigM-cg1759,sigM,cg1759,?,Strong
sigM-cg1091,sigM,cg1091,?,Weak
sigM-cg3078,sigM,cg3078,?,Weak
sigM-sufR,sigM,sufR,?,Strong
sigM-sufS,sigM,sufS,?,Strong
sigM-trxB,sigM,trxB,?,Strong
sigM-cg1696,sigM,cg1696,?,Weak
sigM-sufU,sigM,sufU,?,Strong
sigM-cg3423,sigM,cg3423,?,Strong
sigM-groS,sigM,groS,?,Weak
sigM-clpB,sigM,clpB,?,Weak
sigM-cg1764,sigM,cg1764,?,Strong
sigM-cg3424,sigM,cg3424,?,Strong
cosR-mpx,cosR,mpx,-,Strong
cysR-ppmA,cysR,ppmA,-,Weak
cysR-cysN,cysR,cysN,+,Weak
cysR-cysI,cysR,cysI,+,Strong
cysR-cg1514,cysR,cg1514,+,Weak
cysR-cysJ,cysR,cysJ,+,Weak
cysR-cg3139,cysR,cg3139,-,Weak
cysR-cg3372,cysR,cg3372,+,Weak
cysR-ssuR,cysR,ssuR,+,Weak
cysR-cg3117,cysR,cg3117,+,Weak
cysR-cg3116,cysR,cg3116,+,Weak
cysR-cg3375,cysR,cg3375,+,Weak
cysR-cg3374,cysR,cg3374,+,Weak
cysR-cysY,cysR,cysY,+,Weak
cysR-cg2810,cysR,cg2810,-,Weak
cysR-cysZ,cysR,cysZ,+,Weak
cysR-cg4005,cysR,cg4005,+,Weak
cysR-cysD,cysR,cysD,+,Weak
cg1831-cg1834,cg1831,cg1834,-,Weak
cg1831-cg1832,cg1831,cg1832,-,Weak
cg1831-cg1833,cg1831,cg1833,-,Weak
cg1831-cg1831,cg1831,cg1831,-,Weak
cg2894-cg2895,cg2894,cg2895,-,Weak
cg2894-cg2894,cg2894,cg2894,-,Strong
cg2894-cg2893,cg2894,cg2893,-,Strong
znR-zur,znR,zur,-,Weak
znR-znR,znR,znR,-,Weak
nrdR-cg2789,nrdR,cg2789,-,Weak
nrdR-nrdI,nrdR,nrdI,-,Weak
nrdR-cg2786,nrdR,cg2786,-,Weak
hspR-hspR,hspR,hspR,-,Strong
hspR-dnaJ2,hspR,dnaJ2,-,Strong
hspR-cg3078,hspR,cg3078,-,Strong
hspR-clgR,hspR,clgR,-,Strong
hspR-groL2,hspR,groL2,-,Weak
hspR-grpE,hspR,grpE,-,Strong
hspR-dnaK,hspR,dnaK,-,Strong
hspR-clpB,hspR,clpB,-,Strong
argR-argC,argR,argC,-,Strong
argR-carA,argR,carA,-,Weak
argR-argR,argR,argR,-,Strong
argR-carB,argR,carB,-,Weak
argR-argJ,argR,argJ,-,Strong
argR-gdh,argR,gdh,-,Weak
argR-pyrF,argR,pyrF,-,Weak
argR-argB,argR,argB,-,Strong
argR-gltB,argR,gltB,-,Weak
argR-argD,argR,argD,-,Strong
argR-gltD,argR,gltD,-,Weak
argR-argF,argR,argF,-,Strong
citB-cg0088,citB,cg0088,+,Strong
citB-cg3126,citB,cg3126,+,Strong
citB-cg3127,citB,cg3127,+,Strong
citB-cg3125,citB,cg3125,+,Strong
uriR-cg1545,uriR,cg1545,-,Strong
uriR-rbsA,uriR,rbsA,-,Strong
uriR-rbsC,uriR,rbsC,-,Strong
uriR-rbsD,uriR,rbsD,-,Strong
uriR-cg1413,uriR,cg1413,-,Strong
uriR-cg2554,uriR,cg2554,-,Strong
uriR-cg1546,uriR,cg1546,-,Strong
uriR-rbsR,uriR,rbsR,-,Strong
uriR-uriR,uriR,uriR,-,Strong
uriR-cg1543,uriR,cg1543,-,Strong
cg0646-cg0637,cg0646,cg0637,-,Weak
cg0646-cg0636,cg0646,cg0636,-,Weak
cg0646-cg0640,cg0646,cg0640,-,Weak
cg0646-cg0641,cg0646,cg0641,-,Weak
cg0646-cg0644,cg0646,cg0644,-,Weak
cg0646-cg0645,cg0646,cg0645,-,Weak
cg0646-cg0639,cg0646,cg0639,-,Weak
cg0646-cg0638,cg0646,cg0638,-,Weak
cg0646-creA,cg0646,creA,-,Weak
cg0646-cg0642,cg0646,cg0642,-,Weak
copR-copB,copR,copB,+,Strong
copR-cg3289,copR,cg3289,+,Strong
copR-cg3288,copR,cg3288,+,Strong
copR-cg3286,copR,cg3286,+,Strong
copR-copO,copR,copO,+,Strong
copR-cg3282,copR,cg3282,+,Strong
copR-copR,copR,copR,+,Strong
copR-copS,copR,copS,+,Strong
copR-cg3280,copR,cg3280,+,Weak
whcA-nrtR,whcA,nrtR,-,Weak
whcA-cg1215,whcA,cg1215,-,Weak
whcA-cg0404,whcA,cg0404,-,Strong
whcA-nadA,whcA,nadA,-,Weak
whcA-SpiA-WhcA,whcA,SpiA-WhcA,+,Strong
whcA-trxB,whcA,trxB,-,Weak
whcA-cg3405,whcA,cg3405,-,Weak
whcA-cg3423,whcA,cg3423,-,Weak
whcA-cg1214,whcA,cg1214,-,Weak
whcA-cg2342,whcA,cg2342,-,Weak
whcA-cg3424,whcA,cg3424,-,Weak
whcD-WhcD-WhiA,whcD,WhcD-WhiA,+,Strong
whcE-cg0695,whcE,cg0695,+,Weak
whcE-SpiE-WhcE,whcE,SpiE-WhcE,+,Strong
whcE-whcA,whcE,whcA,+,Weak
whcE-trxB,whcE,trxB,+,Weak
whcE-cg3423,whcE,cg3423,+,Weak
whcE-cg3424,whcE,cg3424,+,Weak
ureR-ureB,ureR,ureB,-,Weak
ureR-ureC,ureR,ureC,-,Weak
ureR-ureA,ureR,ureA,-,Weak
ureR-ureF,ureR,ureF,-,Weak
ureR-ureG,ureR,ureG,-,Weak
ureR-ureE,ureR,ureE,-,Weak
ureR-ureD1,ureR,ureD1,-,Weak
cgtR10-cgtS10,cgtR10,cgtS10,+,Strong
cgtR10-cgtR10,cgtR10,cgtR10,+,Strong
cgtR10-cg1081,cgtR10,cg1081,+,Strong
cgtR10-cg1082,cgtR10,cg1082,+,Strong
cg0019-cg0018,cg0019,cg0018,+,Weak
ssuR-ssuA,ssuR,ssuA,+,Strong
ssuR-ssuC,ssuR,ssuC,+,Strong
ssuR-ssuB,ssuR,ssuB,+,Strong
ssuR-cg1151,ssuR,cg1151,+,Strong
ssuR-cg1153,ssuR,cg1153,+,Strong
ssuR-cg1152,ssuR,cg1152,+,Strong
ssuR-cg1147,ssuR,cg1147,+,Strong
ssuR-cg1156,ssuR,cg1156,+,Strong
ssuR-ssuD1,ssuR,ssuD1,+,Strong
rosR-cg1849,rosR,cg1849,-,Strong
rosR-porB,rosR,porB,+,Weak
rosR-glgE,rosR,glgE,+,Weak
rosR-cg3289,rosR,cg3289,-,Weak
rosR-cg3288,rosR,cg3288,-,Weak
rosR-cg1150,rosR,cg1150,-,Strong
rosR-cg2485,rosR,cg2485,-,Weak
rosR-cg0824,rosR,cg0824,-,Weak
rosR-copS,rosR,copS,-,Weak
rosR-cg0072,rosR,cg0072,-,Weak
rosR-narI,rosR,narI,+,Strong
rosR-cg2599,rosR,cg2599,-,Weak
rosR-cg1850,rosR,cg1850,-,Strong
rosR-cg2844,rosR,cg2844,-,Weak
rosR-cg1345,rosR,cg1345,+,Strong
rosR-cg3272,rosR,cg3272,-,Weak
rosR-cg3273,rosR,cg3273,-,Weak
rosR-cg0408,rosR,cg0408,-,Weak
rosR-cg3274,rosR,cg3274,-,Weak
rosR-cg1426,rosR,cg1426,-,Strong
rosR-cg3085,rosR,cg3085,-,Strong
rosR-cg3084,rosR,cg3084,-,Strong
rosR-cg1255,rosR,cg1255,-,Weak
rosR-cg2773,rosR,cg2773,+,Weak
rosR-cg1671,rosR,cg1671,+,Weak
rosR-cg3004,rosR,cg3004,-,Weak
rosR-gluB,rosR,gluB,+,Weak
rosR-gluC,rosR,gluC,+,Weak
rosR-gluA,rosR,gluA,+,Weak
rosR-cg3291,rosR,cg3291,-,Weak
rosR-cg1342,rosR,cg1342,+,Strong
rosR-cg3293,rosR,cg3293,-,Weak
rosR-cg1344,rosR,cg1344,+,Strong
rosR-cg0823,rosR,cg0823,-,Weak
rosR-cg2953,rosR,cg2953,-,Weak
rosR-cg1322,rosR,cg1322,-,Strong
rosR-cg1001,rosR,cg1001,-,Weak
rosR-msrA,rosR,msrA,-,Weak
rosR-cg3413,rosR,cg3413,-,Weak
rosR-cg3295,rosR,cg3295,-,Weak
rosR-cg1848,rosR,cg1848,-,Strong
rosR-cg2649,rosR,cg2649,+,Weak
rosR-sodA,rosR,sodA,-,Weak
rosR-cg3258,rosR,cg3258,-,Weak
rosR-cg3418,rosR,cg3418,-,Weak
rosR-cg0384,rosR,cg0384,-,Weak
rosR-cg2426,rosR,cg2426,-,Weak
rosR-cg2504,rosR,cg2504,-,Weak
rosR-cg0144,rosR,cg0144,-,Weak
rosR-cg0364,rosR,cg0364,-,Weak
rosR-cg2759,rosR,cg2759,-,Weak
rosR-cg0416,rosR,cg0416,+,Weak
rosR-cg0415,rosR,cg0415,+,Weak
rosR-cg3329,rosR,cg3329,-,Weak
rosR-cg0292,rosR,cg0292,-,Weak
rosR-cg2329,rosR,cg2329,-,Strong
rosR-rosR,rosR,rosR,-,Strong
rosR-narH,rosR,narH,+,Strong
cg1648-cg1652,cg1648,cg1652,-,Weak
cg1648-cg1653,cg1648,cg1653,-,Weak
cg1648-cg1650,cg1648,cg1650,-,Weak
cg1648-cg1649,cg1648,cg1649,-,Weak
cg1648-cg1648,cg1648,cg1648,-,Weak
cg1648-phnC,cg1648,phnC,-,Weak
nrtR-cg1214,nrtR,cg1214,-,Strong
nrtR-cg1215,nrtR,cg1215,-,Strong
nrtR-nrtR,nrtR,nrtR,-,Strong
nrtR-nadA,nrtR,nadA,-,Strong
cg3261-cg3263,cg3261,cg3263,-,Weak
cg3082-cg3085,cg3082,cg3085,-,Strong
cg3082-cg3084,cg3082,cg3084,-,Strong
cg3082-cg3083,cg3082,cg3083,-,Strong
cg3082-cg3082,cg3082,cg3082,-,Strong
gntR3-cg2540,gntR3,cg2540,-,Strong
gntR3-cg2543,gntR3,cg2543,-,Strong
gntR3-cg2542,gntR3,cg2542,-,Strong
gntR3-glxR,gntR3,glxR,+,Strong
nanR-cg1756,nanR,cg1756,-,Strong
nanR-nanE,nanR,nanE,-,Strong
nanR-cg2937,nanR,cg2937,-,Strong
nanR-cg2935,nanR,cg2935,-,Strong
nanR-cg2932,nanR,cg2932,-,Strong
nanR-cg2938,nanR,cg2938,-,Strong
nanR-cg2931,nanR,cg2931,-,Strong
nanR-nagB,nanR,nagB,-,Strong
nanR-nanR,nanR,nanR,-,Strong
nanR-cg2929,nanR,cg2929,-,Strong
nanR-siaI,nanR,siaI,-,Strong
nanR-cg2939,nanR,cg2939,-,Strong
ltbR-fruR,ltbR,fruR,-,Weak
ltbR-ald,ltbR,ald,-,Weak
ltbR-aroG,ltbR,aroG,-,Weak
ltbR-cg2610,ltbR,cg2610,-,Weak
ltbR-leuB,ltbR,leuB,-,Strong
ltbR-cg2651,ltbR,cg2651,+,Weak
ltbR-cg2657,ltbR,cg2657,+,Weak
ltbR-gluC,ltbR,gluC,-,Weak
ltbR-cg1085,ltbR,cg1085,-,Weak
ltbR-sigB,ltbR,sigB,+,Weak
ltbR-trpB,ltbR,trpB,-,Strong
ltbR-trpC,ltbR,trpC,-,Strong
ltbR-trpA,ltbR,trpA,-,Strong
ltbR-trpG,ltbR,trpG,-,Strong
ltbR-trpD,ltbR,trpD,-,Strong
ltbR-trpE,ltbR,trpE,-,Strong
ltbR-cg1612,ltbR,cg1612,-,Weak
ltbR-gluB,ltbR,gluB,-,Weak
ltbR-cg3022,ltbR,cg3022,-,Weak
ltbR-cg1658,ltbR,cg1658,-,Weak
ltbR-cg1615,ltbR,cg1615,-,Weak
ltbR-cg1121,ltbR,cg1121,+,Weak
ltbR-leuD,ltbR,leuD,-,Strong
ltbR-ackA,ltbR,ackA,-,Weak
ltbR-leuC,ltbR,leuC,-,Strong
ltbR-rbsA,ltbR,rbsA,-,Weak
ltbR-cg2894,ltbR,cg2894,-,Weak
ltbR-rbsC,ltbR,rbsC,-,Weak
ltbR-cgtR10,ltbR,cgtR10,-,Weak
ltbR-cg0961,ltbR,cg0961,-,Weak
ltbR-cg2937,ltbR,cg2937,-,Weak
ltbR-cg2893,ltbR,cg2893,-,Weak
ltbR-gluA,ltbR,gluA,-,Weak
ltbR-rbsR,ltbR,rbsR,-,Weak
ltbR-cmk,ltbR,cmk,-,Weak
ltbR-cg1419,ltbR,cg1419,-,Weak
ltbR-der,ltbR,der,-,Weak
ltbR-pcaG,ltbR,pcaG,-,Weak
ltbR-cg1413,ltbR,cg1413,-,Weak
ltbR-cg2565,ltbR,cg2565,-,Weak
ltbR-cg3329,ltbR,cg3329,-,Weak
ltbR-sucC,ltbR,sucC,-,Weak
ltbR-sucD,ltbR,sucD,-,Weak
ltbR-cg3309,ltbR,cg3309,+,Weak
ltbR-cg2546,ltbR,cg2546,+,Weak
ltbR-cg2545,ltbR,cg2545,+,Weak
ltbR-catA1,ltbR,catA1,-,Weak
ltbR-cg0756,ltbR,cg0756,+,Weak
ltbR-glcB,ltbR,glcB,-,Weak
esrR-dnaJ2,esrR,dnaJ2,+,Strong
esrR-rosR,esrR,rosR,+,Strong
esrR-cg0707,esrR,cg0707,+,Strong
esrR-cg0706,esrR,cg0706,+,Strong
esrR-esrR,esrR,esrR,+,Strong
esrR-clpB,esrR,clpB,+,Strong
esrR-cg3142,esrR,cg3142,+,Strong
esrR-nlpC,esrR,nlpC,-,Strong
esrR-cg0781,esrR,cg0781,+,Strong
esrR-cg1325,esrR,cg1325,+,Strong
esrR-cg3320,esrR,cg3320,+,Strong
esrR-cg2811,esrR,cg2811,+,Strong
esrR-cg2812,esrR,cg2812,+,Strong
esrR-cg3264,esrR,cg3264,+,Strong
esrR-cg3322,esrR,cg3322,+,Strong
esrR-cg0452,esrR,cg0452,+,Strong
esrR-cg3077,esrR,cg3077,+,Strong
esrR-hspR,esrR,hspR,+,Strong
esrR-cg0451,esrR,cg0451,+,Strong
esrR-cg3078,esrR,cg3078,+,Strong
esrR-grpE,esrR,grpE,+,Strong
esrR-cg2444,esrR,cg2444,+,Strong
esrR-cg2684,esrR,cg2684,+,Strong
esrR-cg0710,esrR,cg0710,+,Strong
esrR-cg3321,esrR,cg3321,+,Strong
esrR-dnaK,esrR,dnaK,+,Strong
esrR-cg3143,esrR,cg3143,+,Strong
malR-rsmH,malR,rsmH,+,Weak
malR-ldh,malR,ldh,-,Weak
malR-mfs,malR,mfs,+,Strong
malR-cg2610,malR,cg2610,-,Weak
malR-cg2651,malR,cg2651,+,Weak
malR-cg2904,malR,cg2904,-,Strong
malR-cg2903,malR,cg2903,+,Weak
malR-cg3335,malR,cg3335,-,Strong
malR-cg2430,malR,cg2430,+,Weak
malR-cg0235,malR,cg0235,-,Weak
malR-res,malR,res,-,Strong
malR-cg1911,malR,cg1911,-,Strong
malR-cg2336,malR,cg2336,+,Weak
malR-cg3314,malR,cg3314,-,Strong
malR-cg3316,malR,cg3316,-,Strong
malR-cg0722,malR,cg0722,-,Weak
malR-cg1967,malR,cg1967,-,Weak
malR-cg3343,malR,cg3343,-,Weak
malR-malR,malR,malR,-,Strong
malR-znR,malR,znR,-,Strong
malR-traP,malR,traP,+,Strong
malR-cg1948,malR,cg1948,+,Weak
malR-cg0120,malR,cg0120,-,Strong
malR-cg1577,malR,cg1577,-,Strong
malR-cg0009,malR,cg0009,-,Weak
malR-cg2033,malR,cg2033,-,Strong
malR-pbpS,malR,pbpS,+,Strong
malR-cg3344,malR,cg3344,+,Weak
malR-cg1909,malR,cg1909,-,Strong
malR-cg0438,malR,cg0438,-,Strong
malR-cg1905,malR,cg1905,-,Strong
malR-cg0111,malR,cg0111,-,Strong
malR-ipsA,malR,ipsA,-,Strong
malR-murA,malR,murA,-,Strong
malR-cg1090,malR,cg1090,-,Weak
malR-cg3220,malR,cg3220,-,Weak
malR-cg1456,malR,cg1456,-,Weak
cg0877-sigH,cg0877,sigH,-,Weak
oxyR-cg1294,oxyR,cg1294,-,Strong
oxyR-cg1292,oxyR,cg1292,-,Strong
oxyR-cg1293,oxyR,cg1293,-,Strong
oxyR-cg1695,oxyR,cg1695,-,Strong
oxyR-sufC,oxyR,sufC,-,Strong
oxyR-cg0310,oxyR,cg0310,-,Strong
oxyR-cg0311,oxyR,cg0311,-,Strong
oxyR-sufD,oxyR,sufD,-,Strong
oxyR-cg1759,oxyR,cg1759,-,Strong
oxyR-sufR,oxyR,sufR,-,Strong
oxyR-sufS,oxyR,sufS,-,Strong
oxyR-sufU,oxyR,sufU,-,Strong
oxyR-cydA,oxyR,cydA,-,Strong
oxyR-cydB,oxyR,cydB,-,Strong
oxyR-cydC,oxyR,cydC,-,Strong
oxyR-cydD,oxyR,cydD,-,Strong
oxyR-ftn,oxyR,ftn,-,Strong
oxyR-cg3395,oxyR,cg3395,-,Strong
oxyR-cg1746,oxyR,cg1746,-,Strong
oxyR-hemH,oxyR,hemH,-,Strong
oxyR-oxyR,oxyR,oxyR,-,Strong
oxyR-cg1764,oxyR,cg1764,-,Strong
oxyR-cg3327,oxyR,cg3327,-,Strong
mntR-zupT,mntR,zupT,-,Strong
mntR-cg0740,mntR,cg0740,-,Weak
mntR-mntR,mntR,mntR,-,Weak
arsR2-arsB2,arsR2,arsB2,-,Strong
arsR2-acr3,arsR2,acr3,-,Strong
arsR2-arsC1,arsR2,arsC1,-,Strong
arsR2-arsC2,arsR2,arsC2,-,Strong
arsR2-cg1707,arsR2,cg1707,-,Strong
cg0695-trxB,cg0695,trxB,-,Weak
cg0695-whcE,cg0695,whcE,+,Weak
cg0697-sigD,cg0697,sigD,-,Weak
rbsR-cg1545,rbsR,cg1545,-,Strong
rbsR-rbsA,rbsR,rbsA,-,Strong
rbsR-rbsC,rbsR,rbsC,-,Strong
rbsR-rbsD,rbsR,rbsD,-,Strong
rbsR-cg1413,rbsR,cg1413,-,Strong
rbsR-cg2554,rbsR,cg2554,-,Strong
rbsR-cg1546,rbsR,cg1546,-,Strong
rbsR-rbsR,rbsR,rbsR,-,Strong
rbsR-uriR,rbsR,uriR,-,Strong
rbsR-cg1543,rbsR,cg1543,-,Strong
recA-lexA,recA,lexA,-,Weak
gabR-cg0568,gabR,cg0568,-,Weak
gabR-cg0567,gabR,cg0567,-,Weak
gabR-cg0566,gabR,cg0566,-,Weak
sigC-qcrB,sigC,qcrB,+,Strong
sigC-qcrC,sigC,qcrC,+,Strong
sigC-ctaE,sigC,ctaE,+,Strong
sigC-ctaB,sigC,ctaB,+,Strong
sigC-cg1769,sigC,cg1769,+,Strong
sigC-cydA,sigC,cydA,+,Strong
sigC-cydB,sigC,cydB,+,Strong
sigC-cydC,sigC,cydC,+,Strong
sigC-cydD,sigC,cydD,+,Strong
sigC-qcrA,sigC,qcrA,+,Strong
sigD-cg0697,sigD,cg0697,+,Strong
sigD-cg3179,sigD,cg3179,+,Strong
sigD-cg0811,sigD,cg0811,+,Strong
sigD-cg0810,sigD,cg0810,+,Weak
sigD-lppS,sigD,lppS,+,Strong
sigD-cg0136,sigD,cg0136,+,Strong
sigD-cg1247,sigD,cg1247,+,Strong
sigD-cg1246,sigD,cg1246,+,Weak
sigD-cg1386,sigD,cg1386,+,Strong
sigD-cg0486,sigD,cg0486,+,Strong
sigD-cg0532,sigD,cg0532,+,Strong
sigD-cg2572,sigD,cg2572,+,Strong
sigD-cg3178,sigD,cg3178,+,Strong
sigD-cg0607,sigD,cg0607,+,Strong
sigD-cg3177,sigD,cg3177,+,Weak
sigD-cg3009,sigD,cg3009,+,Strong
sigD-cg2876,sigD,cg2876,+,Strong
sigD-cg0809,sigD,cg0809,+,Weak
sigD-cmt1,sigD,cmt1,+,Strong
sigD-cmt3,sigD,cmt3,+,Strong
sigD-cg1056,sigD,cg1056,+,Strong
sigD-cop1,sigD,cop1,+,Strong
sigD-cg3180,sigD,cg3180,+,Weak
sigD-cg3181,sigD,cg3181,+,Weak
sigD-cg2320,sigD,cg2320,+,Strong
prpR-prpC2,prpR,prpC2,+,Strong
prpR-prpD2,prpR,prpD2,+,Strong
prpR-prpB2,prpR,prpB2,+,Strong
LolR-cg0197,LolR,cg0197,-,Strong
LolR-iolT1,LolR,iolT1,-,Strong
LolR-iolG,LolR,iolG,-,Strong
LolR-ald,LolR,ald,+,Weak
LolR-cg1595,LolR,cg1595,-,Weak
LolR-cg0198,LolR,cg0198,-,Strong
LolR-aceA,LolR,aceA,+,Weak
LolR-LolR,LolR,LolR,-,Strong
LolR-adhA,LolR,adhA,+,Weak
LolR-cg0199,LolR,cg0199,-,Strong
LolR-pckG,LolR,pckG,-,Strong
LolR-cg3195,LolR,cg3195,+,Weak
LolR-cg0203,LolR,cg0203,-,Strong
LolR-cg0202,LolR,cg0202,-,Strong
LolR-cg0210,LolR,cg0210,-,Weak
LolR-cg0201,LolR,cg0201,-,Strong
LolR-cg0206,LolR,cg0206,-,Strong
LolR-cg0207,LolR,cg0207,-,Strong
LolR-cg0205,LolR,cg0205,-,Strong
clpC-clgR,clpC,clgR,-,Weak
atlR-cg0697,atlR,cg0697,-,Weak
atlR-ald,atlR,ald,+,Weak
atlR-cg1332,atlR,cg1332,+,Weak
atlR-groL1,atlR,groL1,+,Weak
atlR-gluC,atlR,gluC,+,Weak
atlR-cg2148,atlR,cg2148,+,Weak
atlR-cg0767,atlR,cg0767,+,Weak
atlR-cg0768,atlR,cg0768,+,Weak
atlR-cg2028,atlR,cg2028,+,Weak
atlR-gluB,atlR,gluB,+,Weak
atlR-cg2025,atlR,cg2025,+,Weak
atlR-cg2026,atlR,cg2026,+,Weak
atlR-leuA,atlR,leuA,+,Weak
atlR-ptsS,atlR,ptsS,+,Weak
atlR-atpH,atlR,atpH,-,Weak
atlR-cg0105,atlR,cg0105,+,Weak
atlR-cg0107,atlR,cg0107,+,Weak
atlR-cg0589,atlR,cg0589,+,Weak
atlR-atpG,atlR,atpG,-,Weak
atlR-atpD,atlR,atpD,-,Weak
atlR-cg2034,atlR,cg2034,+,Weak
atlR-cg2033,atlR,cg2033,+,Weak
atlR-cg2031,atlR,cg2031,+,Weak
atlR-cg2030,atlR,cg2030,+,Weak
atlR-cg0756,atlR,cg0756,-,Weak
atlR-cg1183,atlR,cg1183,-,Weak
atlR-cg3320,atlR,cg3320,+,Weak
atlR-cg1231,atlR,cg1231,+,Weak
atlR-cg3322,atlR,cg3322,+,Weak
atlR-cg1181,atlR,cg1181,-,Weak
atlR-cg2071,atlR,cg2071,+,Weak
atlR-cg2320,atlR,cg2320,-,Weak
atlR-cg0834,atlR,cg0834,+,Weak
atlR-mdh,atlR,mdh,-,Weak
atlR-cg0832,atlR,cg0832,+,Weak
atlR-cg2612,atlR,cg2612,-,Weak
atlR-aroG,atlR,aroG,+,Weak
atlR-cg2846,atlR,cg2846,-,Weak
atlR-cg2845,atlR,cg2845,-,Weak
atlR-sigB,atlR,sigB,-,Weak
atlR-porC,atlR,porC,+,Weak
atlR-porB,atlR,porB,+,Weak
atlR-atlR,atlR,atlR,-,Strong
atlR-metE,atlR,metE,+,Weak
atlR-cg0808,atlR,cg0808,+,Weak
atlR-cg0809,atlR,cg0809,+,Weak
atlR-cg2183,atlR,cg2183,+,Weak
atlR-cg1230,atlR,cg1230,+,Weak
atlR-oppD,atlR,oppD,+,Weak
atlR-dtsR1,atlR,dtsR1,+,Weak
atlR-cg1247,atlR,cg1247,-,Weak
atlR-cg0437,atlR,cg0437,+,Weak
atlR-irp1,atlR,irp1,+,Weak
atlR-cg1314,atlR,cg1314,+,Weak
atlR-cg1091,atlR,cg1091,+,Weak
atlR-cg3227,atlR,cg3227,-,Weak
atlR-cg3226,atlR,cg3226,-,Weak
atlR-bioB,atlR,bioB,+,Weak
atlR-cg0811,atlR,cg0811,+,Weak
atlR-cg0810,atlR,cg0810,+,Weak
atlR-cg1085,atlR,cg1085,+,Weak
atlR-cg1081,atlR,cg1081,+,Weak
atlR-cg3197,atlR,cg3197,+,Weak
atlR-cg0924,atlR,cg0924,+,Weak
atlR-cg0097,atlR,cg0097,+,Weak
atlR-cg0927,atlR,cg0927,+,Weak
atlR-cg0928,atlR,cg0928,+,Weak
atlR-cg0721,atlR,cg0721,+,Weak
atlR-cg0720,atlR,cg0720,+,Weak
atlR-cg0723,atlR,cg0723,+,Weak
atlR-cg0096,atlR,cg0096,+,Weak
atlR-thiC,atlR,thiC,+,Weak
atlR-cg1744,atlR,cg1744,-,Weak
atlR-cg0144,atlR,cg0144,-,Strong
atlR-cg0147,atlR,cg0147,-,Strong
atlR-cg2076,atlR,cg2076,-,Weak
atlR-cg0143,atlR,cg0143,-,Strong
atlR-cg0142,atlR,cg0142,-,Strong
atlR-cg0718,atlR,cg0718,+,Weak
atlR-cg0719,atlR,cg0719,+,Weak
atlR-cg1179,atlR,cg1179,-,Weak
atlR-fabG,atlR,fabG,+,Weak
atlR-cg2962,atlR,cg2962,-,Weak
atlR-cg0706,atlR,cg0706,+,Weak
atlR-cg3371,atlR,cg3371,-,Weak
atlR-cg0821,atlR,cg0821,+,Weak
atlR-adhA,atlR,adhA,-,Strong
atlR-cg1992,atlR,cg1992,+,Weak
atlR-cg1182,atlR,cg1182,-,Weak
atlR-cg1998,atlR,cg1998,+,Weak
atlR-cg1180,atlR,cg1180,-,Weak
atlR-cg2001,atlR,cg2001,+,Weak
atlR-cpdA,atlR,cpdA,+,Weak
atlR-glxR,atlR,glxR,+,Strong
atlR-cg2705,atlR,cg2705,+,Weak
atlR-cg2704,atlR,cg2704,+,Weak
atlR-betP,atlR,betP,+,Weak
atlR-cg1214,atlR,cg1214,-,Weak
atlR-pdxS,atlR,pdxS,+,Weak
pcaO-cg1226,pcaO,cg1226,+,Weak
pcaO-pcaH,pcaO,pcaH,+,Strong
pcaO-pcaG,pcaO,pcaG,+,Strong
pcaO-benK3,pcaO,benK3,+,Weak
pcaO-pcaB,pcaO,pcaB,+,Strong
pcaO-pcaC,pcaO,pcaC,+,Strong
vanR-cg2617,vanR,cg2617,-,Strong
vanR-cg2616,vanR,cg2616,-,Strong
vanR-cg2618,vanR,cg2618,-,Strong
cseE-sigE,cseE,sigE,-,Weak
hrcA-groS,hrcA,groS,-,Strong
hrcA-cg0691,hrcA,cg0691,-,Strong
hrcA-cg1553,hrcA,cg1553,-,Strong
hrcA-groL2,hrcA,groL2,-,Strong
cg1053-cg1054,cg1053,cg1054,-,Strong
cg1053-cg1053,cg1053,cg1053,-,Strong
dtxR-glyR,dtxR,glyR,-,Strong
dtxR-cg1642,dtxR,cg1642,-,Strong
dtxR-cg0955,dtxR,cg0955,-,Strong
dtxR-hrrA,dtxR,hrrA,-,Strong
dtxR-htaC,dtxR,htaC,-,Strong
dtxR-htaB,dtxR,htaB,-,Strong
dtxR-cg0160,dtxR,cg0160,-,Strong
dtxR-hmuV,dtxR,hmuV,-,Strong
dtxR-htaD,dtxR,htaD,-,Strong
dtxR-cg3404,dtxR,cg3404,-,Strong
dtxR-cg1931,dtxR,cg1931,-,Strong
dtxR-cg1930,dtxR,cg1930,-,Strong
dtxR-sdhC,dtxR,sdhC,+,Strong
dtxR-cg2962,dtxR,cg2962,-,Weak
dtxR-ripA,dtxR,ripA,-,Strong
dtxR-cg0748,dtxR,cg0748,-,Strong
dtxR-cg3327,dtxR,cg3327,+,Strong
dtxR-cg0767,dtxR,cg0767,-,Strong
dtxR-cg0159,dtxR,cg0159,-,Strong
dtxR-cg0769,dtxR,cg0769,-,Strong
dtxR-cg0405,dtxR,cg0405,-,Strong
dtxR-cg0921,dtxR,cg0921,-,Strong
dtxR-cg3117,dtxR,cg3117,-,Strong
dtxR-cg3116,dtxR,cg3116,-,Strong
dtxR-cg1405,dtxR,cg1405,-,Strong
dtxR-cg0591,dtxR,cg0591,-,Strong
dtxR-cg0448,dtxR,cg0448,+,Strong
dtxR-cg0922,dtxR,cg0922,-,Strong
dtxR-cg1997,dtxR,cg1997,-,Strong
dtxR-cg1996,dtxR,cg1996,-,Strong
dtxR-cg0927,dtxR,cg0927,-,Strong
dtxR-cg0926,dtxR,cg0926,-,Strong
dtxR-cg0468,dtxR,cg0468,-,Strong
dtxR-cg2311,dtxR,cg2311,-,Strong
dtxR-cg0466,dtxR,cg0466,-,Strong
dtxR-cg0467,dtxR,cg0467,-,Strong
dtxR-cg0928,dtxR,cg0928,-,Strong
dtxR-cg2796,dtxR,cg2796,-,Strong
dtxR-cg1998,dtxR,cg1998,-,Strong
dtxR-cg0446,dtxR,cg0446,+,Strong
dtxR-cg0447,dtxR,cg0447,+,Strong
dtxR-cg3394,dtxR,cg3394,-,Strong
dtxR-cysN,dtxR,cysN,-,Strong
dtxR-cysI,dtxR,cysI,-,Strong
dtxR-cysJ,dtxR,cysJ,-,Strong
dtxR-cysD,dtxR,cysD,-,Strong
dtxR-cg0924,dtxR,cg0924,-,Strong
dtxR-cysY,dtxR,cysY,-,Strong
dtxR-cysZ,dtxR,cysZ,-,Strong
dtxR-cg0589,dtxR,cg0589,-,Strong
dtxR-cg0770,dtxR,cg0770,-,Strong
dtxR-cg0465,dtxR,cg0465,-,Strong
dtxR-cg1418,dtxR,cg1418,-,Strong
dtxR-cg2234,dtxR,cg2234,-,Strong
dtxR-cg3083,dtxR,cg3083,-,Strong
dtxR-cg2797,dtxR,cg2797,-,Strong
dtxR-cg3085,dtxR,cg3085,-,Strong
dtxR-cg3082,dtxR,cg3082,-,Strong
dtxR-irp1,dtxR,irp1,-,Strong
dtxR-cg0768,dtxR,cg0768,-,Strong
dtxR-cg3084,dtxR,cg3084,-,Strong
dtxR-cg0590,dtxR,cg0590,-,Strong
dtxR-ftn,dtxR,ftn,+,Strong
dtxR-hmuO,dtxR,hmuO,-,Strong
cg0051-cg0053,cg0051,cg0053,+,Weak
cg0051-cg0052,cg0051,cg0052,+,Weak
cg0051-cg0054,cg0051,cg0054,+,Weak
cg0454-cg0456,cg0454,cg0456,-,Weak
cg0454-cg0455,cg0454,cg0455,-,Weak
cg0454-cg0454,cg0454,cg0454,-,Weak
SpiA-WhcA-nrtR,SpiA-WhcA,nrtR,-,Weak
SpiA-WhcA-cg1215,SpiA-WhcA,cg1215,-,Weak
SpiA-WhcA-cg0404,SpiA-WhcA,cg0404,-,Weak
SpiA-WhcA-nadA,SpiA-WhcA,nadA,-,Weak
SpiA-WhcA-trxB,SpiA-WhcA,trxB,-,Weak
SpiA-WhcA-cg3405,SpiA-WhcA,cg3405,-,Weak
SpiA-WhcA-cg3423,SpiA-WhcA,cg3423,-,Weak
SpiA-WhcA-cg1214,SpiA-WhcA,cg1214,-,Weak
SpiA-WhcA-cg2342,SpiA-WhcA,cg2342,-,Weak
SpiA-WhcA-cg3424,SpiA-WhcA,cg3424,-,Weak
lldR-cg2120,lldR,cg2120,-,Strong
lldR-cg3227,lldR,cg3227,-,Strong
lldR-fruR,lldR,fruR,-,Strong
lldR-ptsS,lldR,ptsS,-,Weak
lldR-ldh,lldR,ldh,-,Strong
lldR-pgi,lldR,pgi,+,Weak
lldR-cg2614,lldR,cg2614,+,Weak
lldR-cg2800,lldR,cg2800,+,Weak
lldR-sdhC,lldR,sdhC,+,Weak
lldR-cg3226,lldR,cg3226,-,Strong
lldR-pfkB,lldR,pfkB,-,Strong
lldR-sugR,lldR,sugR,+,Weak
bioQ-bioB,bioQ,bioB,-,Strong
bioQ-cg2149,bioQ,cg2149,-,Strong
bioQ-bioA,bioQ,bioA,-,Strong
bioQ-bioD,bioQ,bioD,-,Strong
bioQ-cg2884,bioQ,cg2884,-,Strong
bioQ-cg2147,bioQ,cg2147,-,Strong
bioQ-cg2883,bioQ,cg2883,-,Strong
bioQ-cg2148,bioQ,cg2148,-,Strong
bioQ-cg0097,bioQ,cg0097,-,Strong
bioQ-cg0096,bioQ,cg0096,-,Strong
lexA-cg0834,lexA,cg0834,+,Strong
lexA-cg1318,lexA,cg1318,-,Strong
lexA-htaC,lexA,htaC,-,Strong
lexA-htaB,lexA,htaB,-,Strong
lexA-dnaE2,lexA,dnaE2,-,Strong
lexA-cg0875,lexA,cg0875,-,Strong
lexA-cg2381,lexA,cg2381,-,Strong
lexA-lexA,lexA,lexA,-,Strong
lexA-ruvA,lexA,ruvA,-,Strong
lexA-ruvC,lexA,ruvC,-,Strong
lexA-ruvB,lexA,ruvB,-,Strong
lexA-cg1977,lexA,cg1977,-,Strong
lexA-cg2733,lexA,cg2733,-,Strong
lexA-cg1408,lexA,cg1408,-,Strong
lexA-cg1427,lexA,cg1427,-,Strong
lexA-cg1080,lexA,cg1080,-,Strong
lexA-cg0742,lexA,cg0742,-,Strong
lexA-nrdR,lexA,nrdR,-,Strong
lexA-cg0841,lexA,cg0841,-,Strong
lexA-cg1560,lexA,cg1560,-,Strong
lexA-cg1559,lexA,cg1559,-,Strong
lexA-cg2026,lexA,cg2026,-,Strong
lexA-cg2504,lexA,cg2504,-,Strong
lexA-cg2950,lexA,cg2950,-,Strong
lexA-cg1314,lexA,cg1314,+,Strong
lexA-cg1289,lexA,cg1289,-,Strong
lexA-cg1288,lexA,cg1288,-,Strong
lexA-cg3345,lexA,cg3345,-,Strong
lexA-cg2034,lexA,cg2034,-,Strong
lexA-cg0713,lexA,cg0713,-,Strong
lexA-cg1319,lexA,cg1319,-,Strong
lexA-cg2113,lexA,cg2113,-,Strong
lexA-cg1255,lexA,cg1255,-,Strong
lexA-pdxT,lexA,pdxT,+,Strong
lexA-recA,lexA,recA,-,Strong
lexA-ftsK,lexA,ftsK,-,Strong
lexA-pdxS,lexA,pdxS,+,Strong
lexA-recX,lexA,recX,-,Strong
lexA-cg2683,lexA,cg2683,-,Strong
lexA-cg2279,lexA,cg2279,-,Strong
lexA-cg1884,lexA,cg1884,-,Strong
lexA-cg0714,lexA,cg0714,-,Strong
lexA-cg2277,lexA,cg2277,-,Strong
lexA-cg1602,lexA,cg1602,-,Strong
lexA-cg1883,lexA,cg1883,-,Strong
lexA-cg1059,lexA,cg1059,-,Strong
lexA-cg1881,lexA,cg1881,-,Strong
lexA-cg2449,lexA,cg2449,-,Strong
cspA2-glcB,cspA2,glcB,?,Strong
pyrR-pyrC,pyrR,pyrC,-,Strong
pyrR-pyrB,pyrR,pyrB,-,Strong
pyrR-pyrR,pyrR,pyrR,-,Strong
genR-cg0637,genR,cg0637,+,Weak
genR-cg0642,genR,cg0642,+,Weak
genR-cg0640,genR,cg0640,+,Weak
genR-cg0641,genR,cg0641,+,Weak
genR-cg3354,genR,cg3354,+,Weak
genR-cg0644,genR,cg0644,+,Weak
genR-cg0645,genR,cg0645,+,Weak
genR-cg3349,genR,cg3349,+,Strong
genR-genR,genR,genR,-,Strong
genR-cg3350,genR,cg3350,+,Strong
genR-cg0639,genR,cg0639,+,Weak
genR-cg0638,genR,cg0638,+,Weak
genR-genK,genR,genK,+,Strong
genR-cg3351,genR,cg3351,+,Strong
phoR-phoS,phoR,phoS,+,Strong
phoR-phoR,phoR,phoR,+,Strong
phoR-cg1572,phoR,cg1572,+,Strong
phoR-cg3393,phoR,cg3393,+,Strong
phoR-cg1570,phoR,cg1570,+,Strong
phoR-cg0545,phoR,cg0545,+,Strong
phoR-cg1571,phoR,cg1571,+,Strong
phoR-cg2868,phoR,cg2868,+,Strong
phoR-cg1568,phoR,cg1568,+,Strong
phoR-pstB,phoR,pstB,+,Strong
phoR-cg1569,phoR,cg1569,+,Strong
phoR-cg2845,phoR,cg2845,+,Strong
phoR-porB,phoR,porB,+,Strong
phoR-cg0397,phoR,cg0397,+,Strong
phoR-cg2846,phoR,cg2846,+,Strong
phoR-cg0544,phoR,cg0544,+,Weak
phoR-cg2844,phoR,cg2844,+,Strong
phoR-cg0085,phoR,cg0085,+,Strong
SpiE-WhcE-cg0695,SpiE-WhcE,cg0695,+,Weak
SpiE-WhcE-trxB,SpiE-WhcE,trxB,+,Weak
SpiE-WhcE-cg3423,SpiE-WhcE,cg3423,+,Weak
SpiE-WhcE-cg3424,SpiE-WhcE,cg3424,+,Weak
SpiE-WhcE-whcA,SpiE-WhcE,whcA,+,Weak
pheR-cg2966,pheR,cg2966,+,Strong
chrA-hrtB,chrA,hrtB,+,Strong
chrA-hrrA,chrA,hrrA,-,Strong
chrA-hrtA,chrA,hrtA,+,Strong
benR-cg2635,benR,cg2635,+,Weak
benR-cg2634,benR,cg2634,+,Weak
benR-cg2637,benR,cg2637,+,Weak
benR-benC,benR,benC,+,Weak
benR-benB,benR,benB,+,Weak
benR-catA1,benR,catA1,+,Weak
benR-cg2640,benR,cg2640,+,Weak
benR-cg2642,benR,cg2642,+,Weak
benR-cg2643,benR,cg2643,+,Weak
farR-argR,farR,argR,-,Strong
farR-argH,farR,argH,-,Strong
farR-argJ,farR,argJ,-,Strong
farR-farR,farR,farR,-,Weak
farR-gdh,farR,gdh,-,Strong
farR-argB,farR,argB,-,Strong
farR-argC,farR,argC,-,Strong
farR-argD,farR,argD,-,Strong
farR-argF,farR,argF,-,Strong
farR-argG,farR,argG,-,Strong
cg1704-arsB2,cg1704,arsB2,-,Strong
cg1704-acr3,cg1704,acr3,-,Strong
cg1704-arsC1,cg1704,arsC1,-,Strong
cg1704-arsC2,cg1704,arsC2,-,Strong
cg1704-cg1707,cg1704,cg1707,-,Strong
qorR-qorR,qorR,qorR,-,Strong
qorR-cg1553,qorR,cg1553,-,Strong
cg2766-cg1421,cg2766,cg1421,-,Weak
cg2766-cg0533,cg2766,cg0533,-,Weak
cg2766-cg3344,cg2766,cg3344,-,Weak
cg2766-cg2290,cg2766,cg2290,-,Weak
cg2766-ahpD,cg2766,ahpD,-,Weak
cg2766-cg2675,cg2766,cg2675,-,Weak
cg2766-cg2677,cg2766,cg2677,-,Weak
cg2766-cg2676,cg2766,cg2676,-,Weak
cg2766-cg0534,cg2766,cg0534,-,Weak
cg2766-cg2678,cg2766,cg2678,-,Weak
cg3388-cg3386,cg3388,cg3386,+,Weak
cg3388-catA3,cg3388,catA3,+,Weak
cg3388-iolT2,cg3388,iolT2,+,Weak
cg1846-cg1847,cg1846,cg1847,-,Strong
cg1846-cg1846,cg1846,cg1846,-,Strong
cg1846-cg1845,cg1846,cg1845,-,Strong
cg1846-cg1844,cg1846,cg1844,-,Strong
cg2942-cg2941,cg2942,cg2941,+,Weak
OasR-cg2842,OasR,cg2842,-,Strong
OasR-mfs,OasR,mfs,-,Strong
OasR-cg0926,OasR,cg0926,-,Strong
OasR-OasR,OasR,OasR,-,Strong
OasR-cg1176,OasR,cg1176,-,Strong
ramA-cg0819,ramA,cg0819,+,Weak
ramA-rsmA,ramA,rsmA,+,Weak
ramA-cg0961,ramA,cg0961,+,Weak
ramA-whcA,ramA,whcA,+,Weak
ramA-rpf2,ramA,rpf2,+,Strong
ramA-ldh,ramA,ldh,-,Strong
ramA-pta,ramA,pta,+,Strong
ramA-cg2116,ramA,cg2116,+,Weak
ramA-cg1724,ramA,cg1724,+,Weak
ramA-cg1229,ramA,cg1229,-,Weak
ramA-cg1228,ramA,cg1228,-,Weak
ramA-acnR,ramA,acnR,+,Weak
ramA-atpA,ramA,atpA,-,Weak
ramA-cg1636,ramA,cg1636,+,Weak
ramA-cg2430,ramA,cg2430,+,Weak
ramA-ctaC,ramA,ctaC,+,Weak
ramA-cg0769,ramA,cg0769,-,Weak
ramA-cg0768,ramA,cg0768,-,Weak
ramA-cg2438,ramA,cg2438,+,Weak
ramA-fumC,ramA,fumC,+,Strong
ramA-cg0448,ramA,cg0448,+,Weak
ramA-cg2331,ramA,cg2331,-,Weak
ramA-cg2538,ramA,cg2538,-,Weak
ramA-cg1040,ramA,cg1040,+,Weak
ramA-cg1345,ramA,cg1345,+,Weak
ramA-rpf1,ramA,rpf1,+,Weak
ramA-gluD,ramA,gluD,+,Weak
ramA-atpD,ramA,atpD,-,Weak
ramA-gluB,ramA,gluB,+,Weak
ramA-gluC,ramA,gluC,+,Weak
ramA-cg0446,ramA,cg0446,+,Strong
ramA-cg0447,ramA,cg0447,+,Strong
ramA-leuD,ramA,leuD,-,Weak
ramA-cg0822,ramA,cg0822,+,Weak
ramA-cg0821,ramA,cg0821,+,Weak
ramA-ptsS,ramA,ptsS,+,Weak
ramA-cg0905,ramA,cg0905,+,Weak
ramA-cg1147,ramA,cg1147,-,Weak
ramA-ptsH,ramA,ptsH,-,Strong
ramA-ptsM,ramA,ptsM,-,Strong
ramA-cg0621,ramA,cg0621,+,Weak
ramA-cg2835,ramA,cg2835,-,Weak
ramA-cg0810,ramA,cg0810,+,Weak
ramA-atpG,ramA,atpG,-,Weak
ramA-atpF,ramA,atpF,-,Weak
ramA-pfkA,ramA,pfkA,-,Strong
ramA-cg2830,ramA,cg2830,+,Weak
ramA-cg1613,ramA,cg1613,+,Weak
ramA-cg1626,ramA,cg1626,-,Weak
ramA-cg2237,ramA,cg2237,+,Weak
ramA-cg2236,ramA,cg2236,+,Weak
ramA-cg2238,ramA,cg2238,+,Weak
ramA-cg0756,ramA,cg0756,+,Weak
ramA-cg1628,ramA,cg1628,-,Weak
ramA-cg0752,ramA,cg0752,+,Weak
ramA-cg0625,ramA,cg0625,+,Weak
ramA-cg2528,ramA,cg2528,+,Weak
ramA-prpC2,ramA,prpC2,+,Strong
ramA-cg0618,ramA,cg0618,+,Weak
ramA-cg1230,ramA,cg1230,-,Weak
ramA-cg1231,ramA,cg1231,-,Weak
ramA-cg0858,ramA,cg0858,+,Weak
ramA-cg0508,ramA,cg0508,+,Weak
ramA-cg0835,ramA,cg0835,+,Weak
ramA-cg0834,ramA,cg0834,+,Weak
ramA-mdh,ramA,mdh,-,Strong
ramA-cg1291,ramA,cg1291,-,Weak
ramA-cg0830,ramA,cg0830,+,Weak
ramA-cg2196,ramA,cg2196,+,Weak
ramA-cg0832,ramA,cg0832,+,Weak
ramA-cg2199,ramA,cg2199,+,Weak
ramA-cg0839,ramA,cg0839,+,Weak
ramA-cg1156,ramA,cg1156,-,Weak
ramA-cg1214,ramA,cg1214,-,Weak
ramA-cg2612,ramA,cg2612,-,Weak
ramA-cg2127,ramA,cg2127,-,Weak
ramA-cg2678,ramA,cg2678,-,Weak
ramA-birA,ramA,birA,+,Weak
ramA-cg2840,ramA,cg2840,+,Weak
ramA-cg2846,ramA,cg2846,-,Weak
ramA-pyk,ramA,pyk,-,Strong
ramA-cg2845,ramA,cg2845,-,Weak
ramA-cg1227,ramA,cg1227,-,Weak
ramA-cg3335,ramA,cg3335,+,Strong
ramA-cg0237,ramA,cg0237,-,Weak
ramA-cg2047,ramA,cg2047,-,Weak
ramA-cg0492,ramA,cg0492,+,Weak
ramA-porC,ramA,porC,+,Weak
ramA-cg0238,ramA,cg0238,-,Weak
ramA-cg2750,ramA,cg2750,-,Weak
ramA-cg1383,ramA,cg1383,+,Weak
ramA-cg0530,ramA,cg0530,-,Weak
ramA-ald,ramA,ald,+,Strong
ramA-rpoZ,ramA,rpoZ,-,Weak
ramA-cg0538,ramA,cg0538,+,Weak
ramA-cydA,ramA,cydA,+,Weak
ramA-cg0622,ramA,cg0622,+,Weak
ramA-cg0623,ramA,cg0623,+,Weak
ramA-cg0624,ramA,cg0624,+,Weak
ramA-cg3022,ramA,cg3022,+,Weak
ramA-ftn,ramA,ftn,+,Weak
ramA-nlpC,ramA,nlpC,+,Weak
ramA-cysN,ramA,cysN,-,Weak
ramA-cysI,ramA,cysI,-,Weak
ramA-cg0806,ramA,cg0806,+,Weak
ramA-cysJ,ramA,cysJ,-,Weak
ramA-cg0809,ramA,cg0809,+,Weak
ramA-cg2842,ramA,cg2842,+,Weak
ramA-cg2183,ramA,cg2183,+,Weak
ramA-ctaD,ramA,ctaD,+,Weak
ramA-oppA,ramA,oppA,+,Weak
ramA-cg1708,ramA,cg1708,-,Weak
ramA-oppB,ramA,oppB,+,Weak
ramA-cysY,ramA,cysY,-,Weak
ramA-oppD,ramA,oppD,+,Weak
ramA-hkm,ramA,hkm,+,Weak
ramA-cg2853,ramA,cg2853,-,Weak
ramA-mshC,ramA,mshC,-,Weak
ramA-ramA,ramA,ramA,-,Strong
ramA-ramB,ramA,ramB,+,Strong
ramA-cg3342,ramA,cg3342,+,Weak
ramA-pheA,ramA,pheA,+,Weak
ramA-catA1,ramA,catA1,+,Weak
ramA-cg2211,ramA,cg2211,+,Weak
ramA-pcaG,ramA,pcaG,+,Weak
ramA-acn,ramA,acn,+,Strong
ramA-cg1312,ramA,cg1312,-,Weak
ramA-cg1769,ramA,cg1769,-,Weak
ramA-irp1,ramA,irp1,-,Weak
ramA-cg1643,ramA,cg1643,+,Strong
ramA-cg1314,ramA,cg1314,+,Weak
ramA-gltA,ramA,gltA,+,Strong
ramA-ispE,ramA,ispE,+,Weak
ramA-cg2240,ramA,cg2240,+,Weak
ramA-cg3226,ramA,cg3226,-,Strong
ramA-cg1883,ramA,cg1883,-,Weak
ramA-cg1095,ramA,cg1095,-,Weak
ramA-glcB,ramA,glcB,+,Strong
ramA-sugR,ramA,sugR,+,Strong
ramA-cg0776,ramA,cg0776,+,Weak
ramA-cg0952,ramA,cg0952,+,Strong
ramA-cg0953,ramA,cg0953,+,Strong
ramA-cg1373,ramA,cg1373,+,Weak
ramA-cg2952,ramA,cg2952,+,Weak
ramA-cg0816,ramA,cg0816,+,Weak
ramA-cysZ,ramA,cysZ,-,Weak
ramA-cg0811,ramA,cg0811,+,Weak
ramA-pgi,ramA,pgi,-,Strong
ramA-cg2949,ramA,cg2949,+,Weak
ramA-glyA,ramA,glyA,-,Weak
ramA-cg2675,ramA,cg2675,-,Weak
ramA-cg2677,ramA,cg2677,-,Weak
ramA-cg2676,ramA,cg2676,-,Weak
ramA-cg4005,ramA,cg4005,+,Weak
ramA-ino1,ramA,ino1,+,Weak
ramA-cg1085,ramA,cg1085,+,Weak
ramA-mraZ,ramA,mraZ,-,Weak
ramA-cg0833,ramA,cg0833,+,Weak
ramA-cg0254,ramA,cg0254,+,Weak
ramA-cg0404,ramA,cg0404,-,Weak
ramA-cgtS5,ramA,cgtS5,+,Weak
ramA-cg1041,ramA,cg1041,+,Weak
ramA-dtsR1,ramA,dtsR1,+,Weak
ramA-cg1778,ramA,cg1778,-,Strong
ramA-cg1096,ramA,cg1096,-,Weak
ramA-ahpD,ramA,ahpD,-,Weak
ramA-cg3195,ramA,cg3195,+,Weak
ramA-cg2477,ramA,cg2477,+,Weak
ramA-cg3212,ramA,cg3212,+,Weak
ramA-cg0726,ramA,cg0726,+,Weak
ramA-cg1774,ramA,cg1774,-,Strong
ramA-cg2470,ramA,cg2470,+,Weak
ramA-cg1069,ramA,cg1069,+,Strong
ramA-phoS,ramA,phoS,-,Weak
ramA-thiX,ramA,thiX,+,Weak
ramA-cg1344,ramA,cg1344,+,Weak
ramA-nadA,ramA,nadA,-,Weak
ramA-cg2080,ramA,cg2080,+,Weak
ramA-cg3299,ramA,cg3299,-,Weak
ramA-prpB2,ramA,prpB2,+,Strong
ramA-malR,ramA,malR,-,Weak
ramA-cg0867,ramA,cg0867,+,Weak
ramA-gap,ramA,gap,+,Strong
ramA-pckG,ramA,pckG,+-,Strong
ramA-thiC,ramA,thiC,+,Weak
ramA-cg1868,ramA,cg1868,-,Weak
ramA-thiG,ramA,thiG,+,Weak
ramA-cmt2,ramA,cmt2,+,Weak
ramA-butA,ramA,butA,-,Weak
ramA-gntP,ramA,gntP,+,Weak
ramA-cg0892,ramA,cg0892,+,Weak
ramA-cg1906,ramA,cg1906,+,Weak
ramA-cg1907,ramA,cg1907,+,Weak
ramA-cg2071,ramA,cg2071,+,Weak
ramA-cg1905,ramA,cg1905,+,Weak
ramA-cg2564,ramA,cg2564,+,Weak
ramA-cg0491,ramA,cg0491,+,Weak
ramA-cg3116,ramA,cg3116,-,Weak
ramA-cg1884,ramA,cg1884,-,Weak
ramA-gluA,ramA,gluA,+,Weak
ramA-cg1662,ramA,cg1662,-,Weak
ramA-cg1859,ramA,cg1859,+,Weak
ramA-cg2094,ramA,cg2094,-,Weak
ramA-glgC,ramA,glgC,+,Strong
ramA-cg1181,ramA,cg1181,-,Weak
ramA-cg3381,ramA,cg3381,-,Weak
ramA-cg1595,ramA,cg1595,+,Weak
ramA-nrtR,ramA,nrtR,-,Weak
ramA-mqo,ramA,mqo,+,Strong
ramA-bca,ramA,bca,-,Strong
ramA-cg0134,ramA,cg0134,+,Weak
ramA-fabG,ramA,fabG,+,Weak
ramA-phoR,ramA,phoR,-,Weak
ramA-narI,ramA,narI,+,Weak
ramA-narH,ramA,narH,+,Weak
ramA-cg2417,ramA,cg2417,+,Weak
ramA-sdhC,ramA,sdhC,+,Strong
ramA-cg2962,ramA,cg2962,-,Weak
ramA-cg2651,ramA,cg2651,-,Weak
ramA-cg2876,ramA,cg2876,-,Weak
ramA-qcrB,ramA,qcrB,+,Weak
ramA-qcrC,ramA,qcrC,+,Weak
ramA-qcrA,ramA,qcrA,+,Weak
ramA-prpD2,ramA,prpD2,+,Strong
ramA-cg2794,ramA,cg2794,+,Weak
ramA-trpC,ramA,trpC,-,Weak
ramA-aceA,ramA,aceA,+,Strong
ramA-leuA,ramA,leuA,+,Weak
ramA-cg1911,ramA,cg1911,+,Weak
ramA-aceF,ramA,aceF,+,Strong
ramA-trpD,ramA,trpD,-,Weak
ramA-cg2833,ramA,cg2833,-,Weak
ramA-adhA,ramA,adhA,+,Strong
ramA-cg1612,ramA,cg1612,+,Weak
ramA-opcA,ramA,opcA,-,Strong
ramA-purL,ramA,purL,-,Weak
ramA-cg1182,ramA,cg1182,-,Weak
ramA-porB,ramA,porB,+-,Weak
ramA-sucD,ramA,sucD,+,Strong
ramA-ctaE,ramA,ctaE,+,Weak
ramA-gat,ramA,gat,+,Weak
ramA-ackA,ramA,ackA,+,Strong
ramA-cg1776,ramA,cg1776,-,Strong
ramA-cg2467,ramA,cg2467,+,Weak
ramA-cg2893,ramA,cg2893,+,Weak
ramA-cg2195,ramA,cg2195,+,Weak
ramA-znR,ramA,znR,+,Weak
ramA-cg2703,ramA,cg2703,+,Weak
ramA-cg0277,ramA,cg0277,+,Weak
ramA-cg2705,ramA,cg2705,+,Weak
ramA-cg2704,ramA,cg2704,+,Weak
ramA-cg2707,ramA,cg2707,+,Weak
ramA-cg1091,ramA,cg1091,+,Weak
ramA-cg2708,ramA,cg2708,+,Weak
ramA-msrA,ramA,msrA,-,Weak
ramA-cg1342,ramA,cg1342,+,Weak
ramA-cg3227,ramA,cg3227,-,Strong
ramA-ilvB,ramA,ilvB,+,Weak
ramA-cg0770,ramA,cg0770,-,Weak
ramA-betP,ramA,betP,-,Weak
ramA-ssuA,ramA,ssuA,-,Weak
ramA-cg1514,ramA,cg1514,+,Weak
ramA-cg2156,ramA,cg2156,-,Weak
ramA-cg2197,ramA,cg2197,+,Weak
ramA-glpX,ramA,glpX,+,Strong
ramA-thtR,ramA,thtR,+,Weak
ramA-cg1268,ramA,cg1268,+,Strong
ramA-cg1726,ramA,cg1726,+,Weak
ramA-cg3149,ramA,cg3149,+,Weak
ramA-sucC,ramA,sucC,+,Strong
ramA-cg1725,ramA,cg1725,+,Weak
ramA-cg1881,ramA,cg1881,-,Weak
ramA-cg1603,ramA,cg1603,+,Weak
ramA-cg1215,ramA,cg1215,-,Weak
ramA-glpK,ramA,glpK,+,Weak
ramA-cg0205,ramA,cg0205,+,Weak
ramB-cg0697,ramB,cg0697,-,Weak
ramB-rsmA,ramB,rsmA,-,Weak
ramB-cg1167,ramB,cg1167,-,Weak
ramB-cg0791,ramB,cg0791,-,Strong
ramB-rpf2,ramB,rpf2,-,Strong
ramB-pta,ramB,pta,-,Strong
ramB-cg0053,ramB,cg0053,-,Weak
ramB-cg0052,ramB,cg0052,-,Weak
ramB-cg0054,ramB,cg0054,-,Weak
ramB-cg0763,ramB,cg0763,-,Weak
ramB-cg2430,ramB,cg2430,+-,Weak
ramB-cg0767,ramB,cg0767,-,Weak
ramB-cg0769,ramB,cg0769,-,Weak
ramB-cg0768,ramB,cg0768,-,Weak
ramB-cg0448,ramB,cg0448,-,Weak
ramB-cg1041,ramB,cg1041,-,Weak
ramB-cg1040,ramB,cg1040,-,Weak
ramB-prpB2,ramB,prpB2,+,Weak
ramB-clpB,ramB,clpB,+,Weak
ramB-gluB,ramB,gluB,-,Weak
ramB-ald,ramB,ald,-,Strong
ramB-cg0446,ramB,cg0446,-,Weak
ramB-cg0447,ramB,cg0447,-,Weak
ramB-cg0826,ramB,cg0826,+-,Weak
ramB-cg0822,ramB,cg0822,+-,Weak
ramB-cg0820,ramB,cg0820,+-,Weak
ramB-cg0821,ramB,cg0821,+-,Weak
ramB-rnc,ramB,rnc,+,Weak
ramB-ptsS,ramB,ptsS,-,Strong
ramB-ptsM,ramB,ptsM,-,Strong
ramB-cg2833,ramB,cg2833,-,Weak
ramB-hemH,ramB,hemH,+,Weak
ramB-cg1436,ramB,cg1436,-,Weak
ramB-cg2234,ramB,cg2234,-,Weak
ramB-nadA,ramB,nadA,+,Weak
ramB-cg1628,ramB,cg1628,+,Weak
ramB-cg2528,ramB,cg2528,-,Weak
ramB-prpC2,ramB,prpC2,+,Weak
ramB-hemQ,ramB,hemQ,-,Weak
ramB-cg2320,ramB,cg2320,-,Weak
ramB-cg0835,ramB,cg0835,+-,Weak
ramB-cg1081,ramB,cg1081,-,Weak
ramB-cg0830,ramB,cg0830,+,Weak
ramB-cg0833,ramB,cg0833,+-,Weak
ramB-cg0832,ramB,cg0832,+-,Weak
ramB-cg0839,ramB,cg0839,+,Weak
ramB-birA,ramB,birA,-,Weak
ramB-cg2840,ramB,cg2840,-,Weak
ramB-cg3335,ramB,cg3335,-,Strong
ramB-metQ,ramB,metQ,+-,Weak
ramB-cg1701,ramB,cg1701,-,Weak
ramB-cg0807,ramB,cg0807,+,Weak
ramB-cysD,ramB,cysD,+,Weak
ramB-metN,ramB,metN,-,Weak
ramB-cysN,ramB,cysN,+,Weak
ramB-cysI,ramB,cysI,+,Weak
ramB-cg0806,ramB,cg0806,+,Weak
ramB-cysJ,ramB,cysJ,+,Weak
ramB-cg0809,ramB,cg0809,+-,Weak
ramB-ctaE,ramB,ctaE,-,Weak
ramB-cysY,ramB,cysY,+,Weak
ramB-cysZ,ramB,cysZ,+,Weak
ramB-ramB,ramB,ramB,-,Strong
ramB-metY,ramB,metY,+-,Weak
ramB-cg2743,ramB,cg2743,-,Weak
ramB-cg0083,ramB,cg0083,+-,Weak
ramB-gltA,ramB,gltA,-,Strong
ramB-ispE,ramB,ispE,-,Weak
ramB-cg0735,ramB,cg0735,-,Weak
ramB-glcB,ramB,glcB,-,Strong
ramB-cg0957,ramB,cg0957,-,Weak
ramB-cg0952,ramB,cg0952,-,Strong
ramB-cg0953,ramB,cg0953,-,Strong
ramB-cg0951,ramB,cg0951,-,Weak
ramB-cg0816,ramB,cg0816,+-,Weak
ramB-cg0811,ramB,cg0811,+-,Weak
ramB-cg0810,ramB,cg0810,+-,Weak
ramB-fba,ramB,fba,-,Weak
ramB-cg2675,ramB,cg2675,+,Weak
ramB-cg2677,ramB,cg2677,+,Weak
ramB-cg2676,ramB,cg2676,+,Weak
ramB-cg2678,ramB,cg2678,+,Weak
ramB-cg1087,ramB,cg1087,-,Weak
ramB-cg0844,ramB,cg0844,-,Weak
ramB-cg1085,ramB,cg1085,-,Weak
ramB-cg1082,ramB,cg1082,-,Weak
ramB-cg1247,ramB,cg1247,-,Weak
ramB-cg1246,ramB,cg1246,-,Weak
ramB-cg3117,ramB,cg3117,+,Weak
ramB-cg3116,ramB,cg3116,+,Weak
ramB-ahpD,ramB,ahpD,+,Weak
ramB-nrtR,ramB,nrtR,+,Weak
ramB-cg2080,ramB,cg2080,-,Weak
ramB-cg0948,ramB,cg0948,-,Weak
ramB-cg0781,ramB,cg0781,+,Weak
ramB-cg2766,ramB,cg2766,-,Weak
ramB-pckG,ramB,pckG,-,Weak
ramB-cg1906,ramB,cg1906,-,Weak
ramB-cg1907,ramB,cg1907,-,Weak
ramB-fabG,ramB,fabG,+-,Weak
ramB-sdhC,ramB,sdhC,-,Weak
ramB-cg0706,ramB,cg0706,+,Weak
ramB-cg1268,ramB,cg1268,-,Strong
ramB-prpD2,ramB,prpD2,+,Weak
ramB-cg3372,ramB,cg3372,-,Weak
ramB-aceA,ramB,aceA,-,Strong
ramB-aceE,ramB,aceE,+,Strong
ramB-cg3374,ramB,cg3374,-,Weak
ramB-adhA,ramB,adhA,-,Strong
ramB-cg0378,ramB,cg0378,-,Weak
ramB-ackA,ramB,ackA,-,Strong
ramB-cgtS10,ramB,cgtS10,-,Weak
ramB-cg3399,ramB,cg3399,+,Weak
ramB-pyrR,ramB,pyrR,-,Weak
ramB-cg2893,ramB,cg2893,+-,Weak
ramB-glxR,ramB,glxR,-,Strong
ramB-cg3411,ramB,cg3411,+,Weak
ramB-pyrC,ramB,pyrC,-,Weak
ramB-pyrB,ramB,pyrB,-,Weak
ramB-cg0770,ramB,cg0770,-,Weak
ramB-ssuA,ramB,ssuA,+,Weak
ramB-ssuB,ramB,ssuB,+,Weak
ramB-thtR,ramB,thtR,+-,Weak
ramB-sucC,ramB,sucC,-,Weak
ramB-sucD,ramB,sucD,-,Weak
ramB-cg1214,ramB,cg1214,+,Weak
ramB-cg1215,ramB,cg1215,+-,Weak
cg0979-cg0978,cg0979,cg0978,-,Strong
cg0979-cg0979,cg0979,cg0979,-,Strong
cg0979-cg0977,cg0979,cg0977,-,Strong
ripA-arnR,ripA,arnR,-,Weak
ripA-leuD,ripA,leuD,-,Strong
ripA-cg0310,ripA,cg0310,-,Strong
ripA-cg1345,ripA,cg1345,-,Strong
ripA-cg0447,ripA,cg0447,-,Strong
ripA-gat,ripA,gat,-,Weak
ripA-cg1342,ripA,cg1342,-,Strong
ripA-pta,ripA,pta,-,Strong
ripA-acn,ripA,acn,-,Strong
ripA-cg0448,ripA,cg0448,-,Weak
ripA-narI,ripA,narI,-,Strong
ripA-narH,ripA,narH,-,Strong
ripA-cg1344,ripA,cg1344,-,Strong
ripA-ackA,ripA,ackA,-,Strong
ripA-sdhC,ripA,sdhC,-,Strong
ripA-catA1,ripA,catA1,-,Strong
ripA-acnR,ripA,acnR,-,Weak
ripA-cg0446,ripA,cg0446,-,Strong
ripA-leuC,ripA,leuC,-,Strong
cg3373-cg3373,cg3373,cg3373,-,Strong
cg3373-cg3375,cg3373,cg3375,-,Strong
cg3373-cg3374,cg3373,cg3374,-,Strong
pcaR-cg1226,pcaR,cg1226,-,Weak
pcaR-pcaO,pcaR,pcaO,-,Strong
pcaR-pcaH,pcaR,pcaH,-,Weak
pcaR-pcaI,pcaR,pcaI,-,Strong
pcaR-pcaJ,pcaR,pcaJ,-,Strong
pcaR-pcaD,pcaR,pcaD,-,Strong
pcaR-pcaF,pcaR,pcaF,-,Strong
pcaR-pcaG,pcaR,pcaG,-,Weak
pcaR-benK3,pcaR,benK3,-,Weak
pcaR-pcaB,pcaR,pcaB,-,Weak
pcaR-pcaC,pcaR,pcaC,-,Weak
pcaR-pcaR,pcaR,pcaR,-,Weak
sufR-sufC,sufR,sufC,-,Strong
sufR-sufD,sufR,sufD,-,Strong
sufR-cg1759,sufR,cg1759,-,Strong
sufR-sufR,sufR,sufR,-,Strong
sufR-sufS,sufR,sufS,-,Strong
sufR-sufU,sufR,sufU,-,Strong
sufR-cg1764,sufR,cg1764,-,Strong
sutR-cg0992,sutR,cg0992,-,Weak
sutR-sutR,sutR,sutR,-,Weak
hrrA-aspA,hrrA,aspA,-,Weak
hrrA-ald,hrrA,ald,+,Weak
hrrA-cg1131,hrrA,cg1131,+,Weak
hrrA-tusG,hrrA,tusG,+,Strong
hrrA-cg0517,hrrA,cg0517,-,Weak
hrrA-rpf1,hrrA,rpf1,-,Weak
hrrA-cg3316,hrrA,cg3316,-,Weak
hrrA-arsC2,hrrA,arsC2,+,Weak
hrrA-cg0519,hrrA,cg0519,-,Strong
hrrA-hrtB,hrrA,hrtB,+,Strong
hrrA-atpH,hrrA,atpH,-,Weak
hrrA-cg0105,hrrA,cg0105,-,Weak
hrrA-cg0104,hrrA,cg0104,+-,Weak
hrrA-iolT1,hrrA,iolT1,+,Strong
hrrA-atpA,hrrA,atpA,-,Weak
hrrA-iolT2,hrrA,iolT2,+,Weak
hrrA-atpG,hrrA,atpG,-,Weak
hrrA-pfkB,hrrA,pfkB,+,Weak
hrrA-mpx,hrrA,mpx,+,Weak
hrrA-atpD,hrrA,atpD,-,Weak
hrrA-ureB,hrrA,ureB,+,Weak
hrrA-ureC,hrrA,ureC,+,Weak
hrrA-hemH,hrrA,hemH,+,Strong
hrrA-ureA,hrrA,ureA,+,Weak
hrrA-hemL,hrrA,hemL,-,Strong
hrrA-ureE,hrrA,ureE,+,Weak
hrrA-hemC,hrrA,hemC,-,Strong
hrrA-hemA,hrrA,hemA,+,Strong
hrrA-hemE,hrrA,hemE,+,Strong
hrrA-cg2529,hrrA,cg2529,+,Weak
hrrA-hemY,hrrA,hemY,+,Strong
hrrA-catA3,hrrA,catA3,+,Weak
hrrA-catA1,hrrA,catA1,+,Weak
hrrA-cg2524,hrrA,cg2524,+,Weak
hrrA-benK3,hrrA,benK3,+,Weak
hrrA-birA,hrrA,birA,-,Weak
hrrA-cg0420,hrrA,cg0420,+,Weak
hrrA-speE,hrrA,speE,-,Weak
hrrA-sigD,hrrA,sigD,-,Weak
hrrA-porC,hrrA,porC,-,Weak
hrrA-porB,hrrA,porB,-,Weak
hrrA-cg0747,hrrA,cg0747,+,Weak
hrrA-folD,hrrA,folD,-,Weak
hrrA-nlpC,hrrA,nlpC,-,Weak
hrrA-cysN,hrrA,cysN,-,Weak
hrrA-cysI,hrrA,cysI,-,Weak
hrrA-cysJ,hrrA,cysJ,-,Weak
hrrA-cysD,hrrA,cysD,-,Weak
hrrA-cg2859,hrrA,cg2859,-,Weak
hrrA-cysY,hrrA,cysY,-,Weak
hrrA-hkm,hrrA,hkm,+,Weak
hrrA-cg2850,hrrA,cg2850,-,Weak
hrrA-cg2852,hrrA,cg2852,-,Weak
hrrA-cysR,hrrA,cysR,-,Weak
hrrA-cg0767,hrrA,cg0767,+-,Weak
hrrA-cg1393,hrrA,cg1393,-,Weak
hrrA-cg3101,hrrA,cg3101,+,Weak
hrrA-cg0082,hrrA,cg0082,+,Weak
hrrA-cg1555,hrrA,cg1555,+,Weak
hrrA-gltB,hrrA,gltB,+,Weak
hrrA-cg1883,hrrA,cg1883,+,Weak
hrrA-gltD,hrrA,gltD,+-,Weak
hrrA-cg1881,hrrA,cg1881,+,Weak
hrrA-ltbR,hrrA,ltbR,-,Weak
hrrA-cg0957,hrrA,cg0957,-,Weak
hrrA-rpsE,hrrA,rpsE,-,Weak
hrrA-cg0951,hrrA,cg0951,+,Weak
hrrA-cg1073,hrrA,cg1073,+,Weak
hrrA-cg1077,hrrA,cg1077,-,Weak
hrrA-cg3280,hrrA,cg3280,+,Weak
hrrA-cg2675,hrrA,cg2675,+-,Weak
hrrA-cg2677,hrrA,cg2677,+-,Weak
hrrA-cg2676,hrrA,cg2676,+-,Weak
hrrA-cg2678,hrrA,cg2678,+-,Weak
hrrA-cg1082,hrrA,cg1082,-,Weak
hrrA-cg1081,hrrA,cg1081,-,Weak
hrrA-cg1080,hrrA,cg1080,-,Weak
hrrA-amtB,hrrA,amtB,+,Weak
hrrA-cg2775,hrrA,cg2775,+,Weak
hrrA-cg2777,hrrA,cg2777,+,Weak
hrrA-cg0923,hrrA,cg0923,+,Weak
hrrA-cg0922,hrrA,cg0922,+-,Weak
hrrA-cg0921,hrrA,cg0921,+-,Weak
hrrA-cg0256,hrrA,cg0256,+,Weak
hrrA-cg0927,hrrA,cg0927,+-,Weak
hrrA-cg0926,hrrA,cg0926,+-,Weak
hrrA-cg3195,hrrA,cg3195,+,Weak
hrrA-cg0924,hrrA,cg0924,-,Weak
hrrA-cg3211,hrrA,cg3211,-,Weak
hrrA-cg0928,hrrA,cg0928,+-,Weak
hrrA-cg0557,hrrA,cg0557,-,Weak
hrrA-thiX,hrrA,thiX,-,Weak
hrrA-cg1044,hrrA,cg1044,-,Weak
hrrA-malR,hrrA,malR,-,Weak
hrrA-cg2483,hrrA,cg2483,+-,Weak
hrrA-cg2481,hrrA,cg2481,+,Weak
hrrA-thiC,hrrA,thiC,+,Weak
hrrA-uraA,hrrA,uraA,-,Weak
hrrA-cg2211,hrrA,cg2211,+,Weak
hrrA-purF,hrrA,purF,-,Weak
hrrA-cg2095,hrrA,cg2095,+,Weak
hrrA-cg2097,hrrA,cg2097,-,Weak
hrrA-cg2096,hrrA,cg2096,+,Weak
hrrA-cg2091,hrrA,cg2091,+,Strong
hrrA-cg2090,hrrA,cg2090,-,Weak
hrrA-narI,hrrA,narI,-,Weak
hrrA-narH,hrrA,narH,-,Weak
hrrA-chrA,hrrA,chrA,+,Weak
hrrA-uppS1,hrrA,uppS1,+,Weak
hrrA-cg1857,hrrA,cg1857,-,Weak
hrrA-benR,hrrA,benR,+,Strong
hrrA-cg2398,hrrA,cg2398,+,Weak
hrrA-cg2397,hrrA,cg2397,+,Weak
hrrA-cg2395,hrrA,cg2395,+,Weak
hrrA-cg0175,hrrA,cg0175,+-,Weak
hrrA-benC,hrrA,benC,+,Weak
hrrA-benB,hrrA,benB,+,Weak
hrrA-cg2556,hrrA,cg2556,+,Weak
hrrA-cg2558,hrrA,cg2558,-,Weak
hrrA-glnK,hrrA,glnK,+,Weak
hrrA-cg2899,hrrA,cg2899,+,Weak
hrrA-cpdA,hrrA,cpdA,+,Strong
hrrA-cg0286,hrrA,cg0286,-,Weak
hrrA-cg1928,hrrA,cg1928,-,Weak
hrrA-cg0773,hrrA,cg0773,-,Weak
hrrA-cg0770,hrrA,cg0770,-,Weak
hrrA-carA,hrrA,carA,-,Weak
hrrA-cg0776,hrrA,cg0776,-,Weak
hrrA-cg0777,hrrA,cg0777,-,Weak
hrrA-cg0774,hrrA,cg0774,-,Weak
hrrA-cg0676,hrrA,cg0676,+,Weak
hrrA-cg1927,hrrA,cg1927,-,Weak
hrrA-cg2307,hrrA,cg2307,-,Weak
hrrA-sucD,hrrA,sucD,+,Weak
hrrA-cg1759,hrrA,cg1759,+,Weak
hrrA-ppc,hrrA,ppc,+,Weak
hrrA-cg0697,hrrA,cg0697,-,Weak
hrrA-atpC,hrrA,atpC,-,Weak
hrrA-cg2739,hrrA,cg2739,+,Weak
hrrA-creA,hrrA,creA,+,Weak
hrrA-cg3374,hrrA,cg3374,+,Weak
hrrA-ppmA,hrrA,ppmA,-,Weak
hrrA-copO,hrrA,copO,+,Weak
hrrA-cg0590,hrrA,cg0590,-,Weak
hrrA-cg0591,hrrA,cg0591,-,Weak
hrrA-atpE,hrrA,atpE,-,Weak
hrrA-cg0606,hrrA,cg0606,-,Weak
hrrA-cg0607,hrrA,cg0607,+-,Weak
hrrA-aftC,hrrA,aftC,+,Strong
hrrA-rbsA,hrrA,rbsA,+,Weak
hrrA-rbsC,hrrA,rbsC,+,Weak
hrrA-cg1612,hrrA,cg1612,+,Weak
hrrA-cg2234,hrrA,cg2234,-,Weak
hrrA-sufD,hrrA,sufD,+,Weak
hrrA-cg3328,hrrA,cg3328,-,Weak
hrrA-cg3329,hrrA,cg3329,+,Weak
hrrA-cobU,hrrA,cobU,-,Weak
hrrA-dapD,hrrA,dapD,+,Weak
hrrA-rnhB,hrrA,rnhB,+,Weak
hrrA-rplR,hrrA,rplR,-,Weak
hrrA-rplS,hrrA,rplS,-,Weak
hrrA-rplO,hrrA,rplO,-,Weak
hrrA-rplL,hrrA,rplL,-,Weak
hrrA-rplJ,hrrA,rplJ,-,Weak
hrrA-rplK,hrrA,rplK,-,Weak
hrrA-rplF,hrrA,rplF,-,Weak
hrrA-cg0133,hrrA,cg0133,+,Weak
hrrA-metQ,hrrA,metQ,-,Weak
hrrA-cg2047,hrrA,cg2047,-,Weak
hrrA-metX,hrrA,metX,-,Weak
hrrA-metY,hrrA,metY,+-,Weak
hrrA-metB,hrrA,metB,-,Weak
hrrA-cg2697,hrrA,cg2697,+,Weak
hrrA-metK,hrrA,metK,-,Weak
hrrA-hrtA,hrrA,hrtA,+-,Weak
hrrA-cg2120,hrrA,cg2120,+,Weak
hrrA-cg2691,hrrA,cg2691,-,Weak
hrrA-ftn,hrrA,ftn,+,Weak
hrrA-cg2991,hrrA,cg2991,-,Weak
hrrA-cg2992,hrrA,cg2992,-,Weak
hrrA-cg2993,hrrA,cg2993,-,Weak
hrrA-cg2994,hrrA,cg2994,-,Weak
hrrA-oppA,hrrA,oppA,+,Weak
hrrA-oppB,hrrA,oppB,+,Weak
hrrA-oppD,hrrA,oppD,-,Weak
hrrA-cg1962,hrrA,cg1962,+,Weak
hrrA-hemQ,hrrA,hemQ,+,Strong
hrrA-cg1418,hrrA,cg1418,-,Weak
hrrA-cg1419,hrrA,cg1419,-,Weak
hrrA-argR,hrrA,argR,-,Weak
hrrA-argH,hrrA,argH,-,Weak
hrrA-argJ,hrrA,argJ,-,Weak
hrrA-argB,hrrA,argB,-,Weak
hrrA-argC,hrrA,argC,-,Weak
hrrA-argD,hrrA,argD,-,Weak
hrrA-argF,hrrA,argF,-,Weak
hrrA-argG,hrrA,argG,-,Weak
hrrA-cg0792,hrrA,cg0792,+,Weak
hrrA-cg0793,hrrA,cg0793,+,Weak
hrrA-pgi,hrrA,pgi,+,Weak
hrrA-siaI,hrrA,siaI,+,Weak
hrrA-cg0310,hrrA,cg0310,+,Strong
hrrA-cg1247,hrrA,cg1247,-,Weak
hrrA-cg1246,hrrA,cg1246,-,Weak
hrrA-cg3116,hrrA,cg3116,-,Weak
hrrA-cg1151,hrrA,cg1151,-,Weak
hrrA-cg0486,hrrA,cg0486,-,Weak
hrrA-ahpD,hrrA,ahpD,+-,Weak
hrrA-cg2191,hrrA,cg2191,+,Weak
hrrA-gntP,hrrA,gntP,+,Weak
hrrA-gntV,hrrA,gntV,+,Weak
hrrA-cg1069,hrrA,cg1069,+,Strong
hrrA-cg1342,hrrA,cg1342,-,Weak
hrrA-cg0679,hrrA,cg0679,+,Weak
hrrA-cg1095,hrrA,cg1095,+,Weak
hrrA-cg2767,hrrA,cg2767,-,Weak
hrrA-serA,hrrA,serA,-,Weak
hrrA-copB,hrrA,copB,+,Weak
hrrA-cg0522,hrrA,cg0522,-,Strong
hrrA-mrpE1,hrrA,mrpE1,-,Weak
hrrA-crnT,hrrA,crnT,+-,Weak
hrrA-copR,hrrA,copR,+,Weak
hrrA-copS,hrrA,copS,+,Weak
hrrA-cg1669,hrrA,cg1669,-,Weak
hrrA-cg1665,hrrA,cg1665,+,Weak
hrrA-cg3162,hrrA,cg3162,+-,Weak
hrrA-ppx1,hrrA,ppx1,-,Weak
hrrA-cg2610,hrrA,cg2610,+,Weak
hrrA-prpC2,hrrA,prpC2,-,Weak
hrrA-sdhC,hrrA,sdhC,+,Strong
hrrA-trpB,hrrA,trpB,-,Weak
hrrA-trpC,hrrA,trpC,-,Weak
hrrA-trpA,hrrA,trpA,-,Weak
hrrA-trpG,hrrA,trpG,-,Weak
hrrA-trpD,hrrA,trpD,-,Weak
hrrA-trpE,hrrA,trpE,-,Weak
hrrA-adhA,hrrA,adhA,+,Weak
hrrA-cepA,hrrA,cepA,+,Weak
hrrA-cg2796,hrrA,cg2796,-,Weak
hrrA-cg1051,hrrA,cg1051,-,Weak
hrrA-sigC,hrrA,sigC,+,Strong
hrrA-cg0165,hrrA,cg0165,+,Weak
hrrA-cg0748,hrrA,cg0748,+-,Weak
hrrA-cg0163,hrrA,cg0163,+,Weak
hrrA-cg0162,hrrA,cg0162,+,Weak
hrrA-cg0161,hrrA,cg0161,+,Weak
hrrA-cg0160,hrrA,cg0160,+-,Weak
hrrA-betP,hrrA,betP,+,Weak
hrrA-cg2381,hrrA,cg2381,+,Weak
hrrA-mrpD1,hrrA,mrpD1,-,Weak
hrrA-brnF,hrrA,brnF,+,Weak
hrrA-brnE,hrrA,brnE,+,Weak
hrrA-cg2014,hrrA,cg2014,+,Weak
hrrA-tpx,hrrA,tpx,-,Weak
hrrA-whcA,hrrA,whcA,+,Strong
hrrA-rpf2,hrrA,rpf2,-,Weak
hrrA-cg0918,hrrA,cg0918,-,Weak
hrrA-pstB,hrrA,pstB,+,Weak
hrrA-cg3402,hrrA,cg3402,+,Weak
hrrA-cg3404,hrrA,cg3404,-,Weak
hrrA-acnR,hrrA,acnR,+,Weak
hrrA-ctaF,hrrA,ctaF,+,Weak
hrrA-ctaD,hrrA,ctaD,+,Strong
hrrA-ctaE,hrrA,ctaE,+,Strong
hrrA-ctaB,hrrA,ctaB,+,Strong
hrrA-ctaC,hrrA,ctaC,+,Strong
hrrA-wzx,hrrA,wzx,+,Weak
hrrA-cg0769,hrrA,cg0769,+-,Weak
hrrA-cg0768,hrrA,cg0768,+-,Weak
hrrA-cg1833,hrrA,cg1833,+,Weak
hrrA-cg1449,hrrA,cg1449,+,Weak
hrrA-prpB1,hrrA,prpB1,+,Weak
hrrA-prpB2,hrrA,prpB2,-,Weak
hrrA-cg0446,hrrA,cg0446,+,Weak
hrrA-cg0447,hrrA,cg0447,+,Weak
hrrA-leuD,hrrA,leuD,-,Weak
hrrA-leuB,hrrA,leuB,-,Weak
hrrA-leuC,hrrA,leuC,-,Weak
hrrA-cg2838,hrrA,cg2838,+,Weak
hrrA-cg2833,hrrA,cg2833,+-,Weak
hrrA-cg2939,hrrA,cg2939,+,Weak
hrrA-cg0589,hrrA,cg0589,+-,Weak
hrrA-cg3243,hrrA,cg3243,-,Weak
hrrA-sufU,hrrA,sufU,+,Weak
hrrA-cg0998,hrrA,cg0998,+-,Weak
hrrA-cg3129,hrrA,cg3129,-,Weak
hrrA-cg1784,hrrA,cg1784,+,Weak
hrrA-mrpF1,hrrA,mrpF1,-,Weak
hrrA-htaC,hrrA,htaC,-,Weak
hrrA-htaB,hrrA,htaB,-,Weak
hrrA-htaD,hrrA,htaD,+,Strong
hrrA-aroG,hrrA,aroG,+,Weak
hrrA-cg2590,hrrA,cg2590,-,Weak
hrrA-cg2592,hrrA,cg2592,-,Weak
hrrA-cg2201,hrrA,cg2201,+,Strong
hrrA-cg2750,hrrA,cg2750,+,Weak
hrrA-cg3338,hrrA,cg3338,+-,Weak
hrrA-cg0532,hrrA,cg0532,-,Weak
hrrA-cg3234,hrrA,cg3234,+,Weak
hrrA-cg1712,hrrA,cg1712,-,Weak
hrrA-cg1658,hrrA,cg1658,-,Weak
hrrA-cg2692,hrrA,cg2692,-,Weak
hrrA-cg2187,hrrA,cg2187,+,Weak
hrrA-cg2183,hrrA,cg2183,-,Weak
hrrA-cgtR10,hrrA,cgtR10,-,Weak
hrrA-ssuD1,hrrA,ssuD1,-,Weak
hrrA-ramA,hrrA,ramA,+,Strong
hrrA-ramB,hrrA,ramB,+,Strong
hrrA-pcaO,hrrA,pcaO,+,Weak
hrrA-pcaH,hrrA,pcaH,+,Weak
hrrA-pcaI,hrrA,pcaI,+,Weak
hrrA-pcaJ,hrrA,pcaJ,+,Weak
hrrA-pcaD,hrrA,pcaD,+,Weak
hrrA-pcaF,hrrA,pcaF,+,Weak
hrrA-pcaG,hrrA,pcaG,+,Weak
hrrA-pcaB,hrrA,pcaB,+,Weak
hrrA-pcaC,hrrA,pcaC,+,Weak
hrrA-rimM,hrrA,rimM,-,Weak
hrrA-cg3057,hrrA,cg3057,-,Weak
hrrA-glcB,hrrA,glcB,+,Weak
hrrA-cysZ,hrrA,cysZ,+-,Weak
hrrA-gap,hrrA,gap,+,Strong
hrrA-cg1875,hrrA,cg1875,-,Weak
hrrA-rpi,hrrA,rpi,-,Weak
hrrA-cg4001,hrrA,cg4001,+,Weak
hrrA-cg1408,hrrA,cg1408,-,Weak
hrrA-cg0405,hrrA,cg0405,+-,Weak
hrrA-cgtS4,hrrA,cgtS4,-,Weak
hrrA-cg2889,hrrA,cg2889,-,Weak
hrrA-cg1405,hrrA,cg1405,+,Weak
hrrA-dtsR1,hrrA,dtsR1,-,Weak
hrrA-cg2572,hrrA,cg2572,-,Weak
hrrA-cg2479,hrrA,cg2479,-,Weak
hrrA-cg2478,hrrA,cg2478,+,Weak
hrrA-gat,hrrA,gat,-,Weak
hrrA-hmp,hrrA,hmp,+,Weak
hrrA-cg0781,hrrA,cg0781,+,Weak
hrrA-cg0780,hrrA,cg0780,+,Weak
hrrA-rimP,hrrA,rimP,-,Weak
hrrA-rpmD,hrrA,rpmD,-,Weak
hrrA-cg3109,hrrA,cg3109,+,Weak
hrrA-acr3,hrrA,acr3,+,Weak
hrrA-cg1270,hrrA,cg1270,+,Weak
hrrA-cg0715,hrrA,cg0715,+,Weak
hrrA-acyP,hrrA,acyP,-,Weak
hrrA-cg1296,hrrA,cg1296,+,Weak
hrrA-cg0971,hrrA,cg0971,-,Weak
hrrA-fabG,hrrA,fabG,+,Weak
hrrA-cg2651,hrrA,cg2651,-,Weak
hrrA-cg1753,hrrA,cg1753,+,Weak
hrrA-ripA,hrrA,ripA,+-,Weak
hrrA-cg3378,hrrA,cg3378,-,Weak
hrrA-cg0570,hrrA,cg0570,-,Weak
hrrA-cg3277,hrrA,cg3277,+,Weak
hrrA-glnA,hrrA,glnA,+,Weak
hrrA-cg3027,hrrA,cg3027,-,Weak
hrrA-glnD,hrrA,glnD,+,Weak
hrrA-cg3179,hrrA,cg3179,-,Weak
hrrA-cg0277,hrrA,cg0277,-,Weak
hrrA-cg3176,hrrA,cg3176,+,Weak
hrrA-cg3396,hrrA,cg3396,+,Weak
hrrA-prpD1,hrrA,prpD1,+,Weak
hrrA-cgtS10,hrrA,cgtS10,-,Weak
hrrA-cg3399,hrrA,cg3399,+-,Weak
hrrA-cg1556,hrrA,cg1556,-,Weak
hrrA-ssuA,hrrA,ssuA,-,Weak
hrrA-ssuC,hrrA,ssuC,-,Weak
hrrA-ssuB,hrrA,ssuB,-,Weak
hrrA-arsB3,hrrA,arsB3,-,Weak
hrrA-arsB2,hrrA,arsB2,+,Weak
hrrA-cg1056,hrrA,cg1056,-,Weak
hrrA-cg1050,hrrA,cg1050,-,Weak
hrrA-pcaR,hrrA,pcaR,+,Weak
hrrA-ssuR,hrrA,ssuR,+-,Weak
hrrA-cg3303,hrrA,cg3303,+,Weak
hrrA-cg3300,hrrA,cg3300,-,Weak
hrrA-rpsF,hrrA,rpsF,-,Weak
hrrA-hmuV,hrrA,hmuV,+,Weak
hrrA-hmuO,hrrA,hmuO,+,Strong
hrrA-sufC,hrrA,sufC,+,Weak
hrrA-cg2430,hrrA,cg2430,+,Weak
hrrA-cg2435,hrrA,cg2435,+,Weak
hrrA-cg2438,hrrA,cg2438,+,Weak
hrrA-cg0543,hrrA,cg0543,+,Weak
hrrA-sufS,hrrA,sufS,+,Weak
hrrA-cg3000,hrrA,cg3000,+,Weak
hrrA-cg3286,hrrA,cg3286,+,Weak
hrrA-gluD,hrrA,gluD,+,Weak
hrrA-cg2534,hrrA,cg2534,-,Weak
hrrA-cg3022,hrrA,cg3022,+,Weak
hrrA-ptsS,hrrA,ptsS,+,Weak
hrrA-thrC,hrrA,thrC,-,Weak
hrrA-ptsI,hrrA,ptsI,+,Weak
hrrA-ptsH,hrrA,ptsH,+,Strong
hrrA-cg1941,hrrA,cg1941,+,Weak
hrrA-ptsM,hrrA,ptsM,+,Strong
hrrA-rpsH,hrrA,rpsH,-,Weak
hrrA-amt,hrrA,amt,+,Weak
hrrA-cg0456,hrrA,cg0456,+,Weak
hrrA-cg0455,hrrA,cg0455,+,Weak
hrrA-cg0751,hrrA,cg0751,-,Weak
hrrA-atpF,hrrA,atpF,-,Weak
hrrA-cg2116,hrrA,cg2116,+,Weak
hrrA-cg2444,hrrA,cg2444,+,Weak
hrrA-cg2442,hrrA,cg2442,+,Weak
hrrA-cg2329,hrrA,cg2329,+,Weak
hrrA-prpC1,hrrA,prpC1,+,Weak
hrrA-cg2320,hrrA,cg2320,-,Weak
hrrA-fruR,hrrA,fruR,+,Weak
hrrA-rpsP,hrrA,rpsP,-,Weak
hrrA-lppS,hrrA,lppS,-,Weak
hrrA-cg1226,hrrA,cg1226,+,Weak
hrrA-cg0983,hrrA,cg0983,-,Weak
hrrA-cg1384,hrrA,cg1384,+,Weak
hrrA-murA,hrrA,murA,+,Strong
hrrA-sucC,hrrA,sucC,+-,Weak
hrrA-cg0620,hrrA,cg0620,-,Weak
hrrA-cydA,hrrA,cydA,+,Strong
hrrA-cydB,hrrA,cydB,+-,Weak
hrrA-cydC,hrrA,cydC,+-,Weak
hrrA-cydD,hrrA,cydD,+-,Weak
hrrA-cg1362,hrrA,cg1362,-,Weak
hrrA-cg1360,hrrA,cg1360,-,Weak
hrrA-cg0807,hrrA,cg0807,-,Weak
hrrA-cg2441,hrrA,cg2441,+,Weak
hrrA-amtR,hrrA,amtR,+,Strong
hrrA-cg2581,hrrA,cg2581,+,Weak
hrrA-cg0689,hrrA,cg0689,-,Weak
hrrA-urtA,hrrA,urtA,+-,Weak
hrrA-urtC,hrrA,urtC,+,Weak
hrrA-urtB,hrrA,urtB,+,Weak
hrrA-ndk,hrrA,ndk,-,Weak
hrrA-cg3347,hrrA,cg3347,-,Weak
hrrA-cg2747,hrrA,cg2747,+-,Weak
hrrA-cg1313,hrrA,cg1313,+,Weak
hrrA-pheR,hrrA,pheR,+,Weak
hrrA-cg1768,hrrA,cg1768,-,Weak
hrrA-irp1,hrrA,irp1,-,Weak
hrrA-cg1090,hrrA,cg1090,+,Weak
hrrA-cg1091,hrrA,cg1091,+,Weak
hrrA-cg3227,hrrA,cg3227,+-,Weak
hrrA-cg3226,hrrA,cg3226,+,Strong
hrrA-cg0523,hrrA,cg0523,-,Strong
hrrA-cg1767,hrrA,cg1767,-,Weak
hrrA-cg3223,hrrA,cg3223,+,Weak
hrrA-cg0520,hrrA,cg0520,-,Strong
hrrA-bioB,hrrA,bioB,-,Weak
hrrA-cg2735,hrrA,cg2735,-,Weak
hrrA-cg0622,hrrA,cg0622,-,Weak
hrrA-relA,hrrA,relA,+,Weak
hrrA-ino1,hrrA,ino1,+,Strong
hrrA-cg2106,hrrA,cg2106,+,Weak
hrrA-cg1778,hrrA,cg1778,+,Weak
hrrA-mcbR,hrrA,mcbR,-,Weak
hrrA-ccsB,hrrA,ccsB,-,Strong
hrrA-cg0252,hrrA,cg0252,+,Weak
hrrA-cg0061,hrrA,cg0061,+,Weak
hrrA-cg3282,hrrA,cg3282,+,Weak
hrrA-cmt1,hrrA,cmt1,-,Weak
hrrA-cmt2,hrrA,cmt2,-,Weak
hrrA-cg3213,hrrA,cg3213,+,Weak
hrrA-cg0412,hrrA,cg0412,-,Weak
hrrA-cg0411,hrrA,cg0411,+,Weak
hrrA-cg0141,hrrA,cg0141,-,Weak
hrrA-cg2565,hrrA,cg2565,+,Weak
hrrA-csoR,hrrA,csoR,+,Weak
hrrA-cg1884,hrrA,cg1884,+,Weak
hrrA-truA,hrrA,truA,-,Weak
hrrA-cg0048,hrrA,cg0048,-,Weak
hrrA-cg0569,hrrA,cg0569,+-,Weak
hrrA-phnB1,hrrA,phnB1,+,Weak
hrrA-phnB2,hrrA,phnB2,+,Weak
hrrA-cg1695,hrrA,cg1695,+,Weak
hrrA-cg2962,hrrA,cg2962,-,Weak
hrrA-cg2966,hrrA,cg2966,+,Weak
hrrA-qcrB,hrrA,qcrB,+,Strong
hrrA-qcrC,hrrA,qcrC,+,Strong
hrrA-qcrA,hrrA,qcrA,+,Strong
hrrA-cg0701,hrrA,cg0701,+,Weak
hrrA-aceA,hrrA,aceA,+,Weak
hrrA-cg2317,hrrA,cg2317,-,Weak
hrrA-cg2315,hrrA,cg2315,-,Weak
hrrA-cg2311,hrrA,cg2311,+,Weak
hrrA-cg0466,hrrA,cg0466,+,Weak
hrrA-opcA,hrrA,opcA,+,Weak
hrrA-cg0464,hrrA,cg0464,+,Weak
hrrA-rplA,hrrA,rplA,-,Weak
hrrA-cg2318,hrrA,cg2318,-,Weak
hrrA-hrrA,hrrA,hrrA,+,Strong
hrrA-cg0683,hrrA,cg0683,+,Weak
hrrA-cg2012,hrrA,cg2012,+,Weak
hrrA-lysC,hrrA,lysC,+,Strong
hrrA-lysE,hrrA,lysE,+,Weak
hrrA-cg0961,hrrA,cg0961,+,Weak
hrrA-lysG,hrrA,lysG,+,Weak
hrrA-cg2810,hrrA,cg2810,+,Weak
hrrA-pyrG,hrrA,pyrG,+,Weak
hrrA-pyrF,hrrA,pyrF,-,Weak
hrrA-pyrD,hrrA,pyrD,-,Weak
hrrA-mrpG1,hrrA,mrpG1,-,Weak
hrrA-bca,hrrA,bca,-,Weak
hrrA-cg0366,hrrA,cg0366,-,Weak
hrrA-pdxS,hrrA,pdxS,+,Weak
hrrA-cg3145,hrrA,cg3145,+,Weak
amtR-cg1296,amtR,cg1296,-,Strong
amtR-cg1295,amtR,cg1295,-,Strong
amtR-dapD,amtR,dapD,-,Strong
amtR-ureD1,amtR,ureD1,-,Strong
amtR-gdh,amtR,gdh,-,Strong
amtR-glnK,amtR,glnK,-,Strong
amtR-cg3335,amtR,cg3335,-,Strong
amtR-amtB,amtR,amtB,-,Strong
amtR-glnA,amtR,glnA,-,Strong
amtR-glnD,amtR,glnD,-,Strong
amtR-gluD,amtR,gluD,-,Strong
amtR-gluB,amtR,gluB,-,Strong
amtR-gluC,amtR,gluC,-,Strong
amtR-gluA,amtR,gluA,-,Strong
amtR-cg2183,amtR,cg2183,-,Strong
amtR-cg1065,amtR,cg1065,-,Strong
amtR-cg1066,amtR,cg1066,-,Strong
amtR-oppA,amtR,oppA,-,Strong
amtR-oppB,amtR,oppB,-,Strong
amtR-oppD,amtR,oppD,-,Strong
amtR-hkm,amtR,hkm,-,Weak
amtR-urtA,amtR,urtA,-,Strong
amtR-amt,amtR,amt,-,Strong
amtR-urtC,amtR,urtC,-,Strong
amtR-urtB,amtR,urtB,-,Strong
amtR-ureB,amtR,ureB,-,Strong
amtR-ureC,amtR,ureC,-,Strong
amtR-ureA,amtR,ureA,-,Strong
amtR-ureF,amtR,ureF,-,Strong
amtR-ureG,amtR,ureG,-,Strong
amtR-ureE,amtR,ureE,-,Strong
amtR-cg1783,amtR,cg1783,-,Strong
amtR-cg1784,amtR,cg1784,-,Strong
amtR-crnT,amtR,crnT,-,Strong
amtR-cg1647,amtR,cg1647,-,Weak
amtR-cg1646,amtR,cg1646,-,Weak
amtR-gltB,amtR,gltB,-,Strong
amtR-gltD,amtR,gltD,-,Strong
amtR-cg0104,amtR,cg0104,-,Strong
lysG-lysE,lysG,lysE,+,Strong
lysG-lysG,lysG,lysG,-,Weak
mcbR-ilvD,mcbR,ilvD,-,Weak
mcbR-cg1387,mcbR,cg1387,-,Weak
mcbR-sufC,mcbR,sufC,-,Weak
mcbR-sufD,mcbR,sufD,-,Weak
mcbR-sufR,mcbR,sufR,-,Weak
mcbR-sufS,mcbR,sufS,-,Weak
mcbR-sufU,mcbR,sufU,-,Weak
mcbR-cg1147,mcbR,cg1147,-,Weak
mcbR-cg0107,mcbR,cg0107,-,Weak
mcbR-cydA,mcbR,cydA,-,Weak
mcbR-cg2833,mcbR,cg2833,-,Strong
mcbR-cg1438,mcbR,cg1438,-,Weak
mcbR-cg1701,mcbR,cg1701,-,Weak
mcbR-cg1702,mcbR,cg1702,-,Weak
mcbR-nadA,mcbR,nadA,-,Weak
mcbR-cg3327,mcbR,cg3327,-,Weak
mcbR-cg2195,mcbR,cg2195,-,Weak
mcbR-cg2196,mcbR,cg2196,-,Weak
mcbR-cg1151,mcbR,cg1151,-,Weak
mcbR-htaB,mcbR,htaB,-,Weak
mcbR-cg1153,mcbR,cg1153,-,Weak
mcbR-cg1152,mcbR,cg1152,-,Weak
mcbR-cg1156,mcbR,cg1156,-,Weak
mcbR-cg3423,mcbR,cg3423,-,Weak
mcbR-cg3424,mcbR,cg3424,-,Weak
mcbR-lipA,mcbR,lipA,-,Weak
mcbR-cg3132,mcbR,cg3132,-,Weak
mcbR-cg1388,mcbR,cg1388,-,Weak
mcbR-metX,mcbR,metX,-,Weak
mcbR-metY,mcbR,metY,-,Strong
mcbR-metB,mcbR,metB,-,Weak
mcbR-cg2852,mcbR,cg2852,-,Weak
mcbR-metE,mcbR,metE,-,Weak
mcbR-metK,mcbR,metK,-,Strong
mcbR-cydB,mcbR,cydB,-,Weak
mcbR-metN,mcbR,metN,-,Weak
mcbR-cysN,mcbR,cysN,-,Weak
mcbR-cysI,mcbR,cysI,-,Strong
mcbR-cysJ,mcbR,cysJ,-,Weak
mcbR-cg3299,mcbR,cg3299,-,Weak
mcbR-cg2661,mcbR,cg2661,-,Weak
mcbR-cysY,mcbR,cysY,-,Weak
mcbR-cysZ,mcbR,cysZ,-,Weak
mcbR-mshC,mcbR,mshC,-,Weak
mcbR-ramB,mcbR,ramB,-,Weak
mcbR-cysR,mcbR,cysR,-,Weak
mcbR-cg3345,mcbR,cg3345,-,Weak
mcbR-cg1312,mcbR,cg1312,-,Weak
mcbR-cg1091,mcbR,cg1091,-,Weak
mcbR-cg0735,mcbR,cg0735,-,Weak
mcbR-cg1764,mcbR,cg1764,-,Weak
mcbR-sodA,mcbR,sodA,-,Weak
mcbR-thrB,mcbR,thrB,-,Strong
mcbR-moaA,mcbR,moaA,-,Weak
mcbR-cg2675,mcbR,cg2675,-,Weak
mcbR-cg2677,mcbR,cg2677,-,Weak
mcbR-cg2676,mcbR,cg2676,-,Weak
mcbR-cg2679,mcbR,cg2679,-,Weak
mcbR-cg2678,mcbR,cg2678,-,Weak
mcbR-ssuD1,mcbR,ssuD1,-,Weak
mcbR-cg0310,mcbR,cg0310,-,Weak
mcbR-cg0404,mcbR,cg0404,-,Weak
mcbR-cg3117,mcbR,cg3117,-,Weak
mcbR-cg3116,mcbR,cg3116,-,Weak
mcbR-cg1405,mcbR,cg1405,-,Weak
mcbR-ahpD,mcbR,ahpD,-,Weak
mcbR-cg2476,mcbR,cg2476,-,Weak
mcbR-mcbR,mcbR,mcbR,-,Strong
mcbR-nrtR,mcbR,nrtR,-,Weak
mcbR-gat,mcbR,gat,-,Weak
mcbR-msrA,mcbR,msrA,-,Weak
mcbR-thiC,mcbR,thiC,-,Weak
mcbR-cg0978,mcbR,cg0978,-,Weak
mcbR-trxB,mcbR,trxB,-,Weak
mcbR-cg3373,mcbR,cg3373,-,Weak
mcbR-cg3372,mcbR,cg3372,-,Weak
mcbR-cg1759,mcbR,cg1759,-,Weak
mcbR-hom,mcbR,hom,-,Strong
mcbR-cg3375,mcbR,cg3375,-,Weak
mcbR-cg3374,mcbR,cg3374,-,Weak
mcbR-cg2411,mcbR,cg2411,-,Weak
mcbR-sigB,mcbR,sigB,-,Weak
mcbR-sigE,mcbR,sigE,-,Weak
mcbR-cysD,mcbR,cysD,-,Weak
mcbR-cg0047,mcbR,cg0047,-,Weak
mcbR-cg1215,mcbR,cg1215,-,Weak
mcbR-ssuA,mcbR,ssuA,-,Weak
mcbR-cg1514,mcbR,cg1514,-,Weak
mcbR-ssuC,mcbR,ssuC,-,Weak
mcbR-ssuB,mcbR,ssuB,-,Weak
mcbR-metQ,mcbR,metQ,-,Weak
mcbR-ssuR,mcbR,ssuR,-,Weak
mcbR-cg1214,mcbR,cg1214,-,Weak
mcbR-pdxS,mcbR,pdxS,-,Weak
mcbR-pdxT,mcbR,pdxT,-,Weak
mcbR-cg1386,mcbR,cg1386,-,Weak
arnR-arnR,arnR,arnR,+-,Strong
arnR-cg1342,arnR,cg1342,-,Strong
arnR-cg1344,arnR,cg1344,-,Strong
arnR-cg1345,arnR,cg1345,-,Strong
arnR-hmp,arnR,hmp,-,Strong
arnR-narI,arnR,narI,-,Strong
arnR-narH,arnR,narH,-,Strong
csoR-copB,csoR,copB,-,Strong
csoR-cg3282,csoR,cg3282,-,Strong
csoR-cg3280,csoR,cg3280,-,Strong
csoR-cg3411,csoR,cg3411,-,Strong
csoR-csoR,csoR,csoR,-,Strong
csoR-cg0464,csoR,cg0464,-,Strong
cg0702-cg0701,cg0702,cg0701,+,Weak
pdxR-pdxR,pdxR,pdxR,-,Weak
pdxR-pdxS,pdxR,pdxS,+,Strong
pdxR-pdxT,pdxR,pdxT,+,Strong
