Gene_name	Locus_tag	NCBI_gene_ID	Uniprot_ID	Synonyms	Product_function	NDA_component
PE1	PE1	886857	Q79G06	RVBD_0151c	PE family protein PE1	Basal machinery
PE15	PE15	886757	P9WIH1	RVBD_1386	PE family protein PE15	M5
PE17	PE17	885486	L7N681	RVBD_1646	PE family protein PE17	Basal machinery
PE18	PE18	885895	L7N649	RVBD_1788	PE family protein PE18	Basal machinery
PE19	PE19	885445	Q79FK4	RVBD_1791	PE family protein PE19	Basal machinery
PE2	PE2	886838	Q79G05	RVBD_0152c	PE family protein PE2	Basal machinery
PE20	PE20	885537	L7N656	RVBD_1806	PE family protein PE20	Basal machinery
PE22	PE22	887811	L7N6B5	RVBD_2107	PE family protein PE22	Intermodular
PE23	PE23	888111	P9WIG9	RVBD_2328	PE family protein PE23	Basal machinery
PE24	PE24	885511	Q79FE3	RVBD_2408	PE family protein PE24	Basal machinery
PE25	PE25	885703	I6X486	RVBD_2431c	PE family protein PE25	M10
PE26	PE26	888172	Q79FD3	RVBD_2519	PE family protein PE26	Basal machinery
PE27	PE27	888461	Q79FA8	RVBD_2769c	PE family protein PE27	Basal machinery
PE27A	PE27A		Q6MX19	RVBD_3018Bc		Basal machinery
PE3	PE3	886826	Q79G04	RVBD_0159c	PE family protein PE3	Basal machinery
PE31	PE31	888474	I6YG87	RVBD_3477	PE family protein PE31	M19
PE34	PE34	885764	Q79FA1	RVBD_3746c	PE family protein PE34	M1.2
PE35	PE35	886191	P9WIG7	RVBD_3872	PE family protein PE35	M1.36
PE36	PE36	886213	L7N660	RVBD_3893c	PE family protein PE36	Basal machinery
PE6	PE6	886527	L7N648	RVBD_0335c	PE family protein PE6	Basal machinery
PE7	PE7	885167	I6Y936	RVBD_0916c	PE family protein PE7	Basal machinery
PE8	PE8	888533	L7N667	RVBD_1040c	PE family protein PE8	Basal machinery
PE_PGRS10	PE_PGRS10	888662	P9WIG1		PE-PGRS family protein PE_PGRS10	Basal machinery
PE_PGRS14	PE_PGRS14	885369	Q79FV6	RVBD_0834c	PE-PGRS family protein PE_PGRS14	Basal machinery
PE_PGRS15	PE_PGRS15	885742	Q79FV3	RVBD_0872c	PE-PGRS family protein PE_PGRS15	Basal machinery
PE_PGRS18	PE_PGRS18	885327	Q79FU0	RVBD_0980c	PE-PGRS family protein PE_PGRS18	Basal machinery
PE_PGRS19	PE_PGRS19	887122	Q79FT3	RVBD_1067c	PE-PGRS family protein PE_PGRS19	Basal machinery
PE_PGRS22	PE_PGRS22	885258	Q79FS5	RVBD_1091	PE-PGRS family protein PE_PGRS22	Basal machinery
PE_PGRS23	PE_PGRS23	887109	Q79FQ7	RVBD_1243c	PE-PGRS family protein PE_PGRS23	Basal machinery
PE_PGRS24	PE_PGRS24	886899	P9WIF7	RVBD_1325c	PE-PGRS family protein PE_PGRS24	Basal machinery
PE_PGRS26	PE_PGRS26	886626	Q79FP3	RVBD_1441c	PE-PGRS family protein PE_PGRS26	Basal machinery
PE_PGRS30	PE_PGRS30	885174	Q79FL8	RVBD_1651c	PE-PGRS family protein PE_PGRS30	Basal machinery
PE_PGRS31	PE_PGRS31	885429	Q79FK9	RVBD_1768	PE-PGRS family protein PE_PGRS31	Basal machinery
PE_PGRS32	PE_PGRS32	885730	Q79FJ9	RVBD_1803c	PE-PGRS family protein PE_PGRS32	Basal machinery
PE_PGRS33	PE_PGRS33	885551	P9WIF5	RVBD_1818c	PE-PGRS family protein PE_PGRS33	Basal machinery
PE_PGRS35	PE_PGRS35	885921	P9WIF1	RVBD_1983	PE-PGRS family protein PE_PGRS35	Basal machinery
PE_PGRS37	PE_PGRS37	887791	L0TBL4		PE-PGRS family protein PE_PGRS37	Basal machinery
PE_PGRS38	PE_PGRS38	887300	L7N6A1	RVBD_2162c	PE-PGRS family protein PE_PGRS38	M3
PE_PGRS39	PE_PGRS39	888961	L7N659	RVBD_2340c	PE-PGRS family protein PE_PGRS39	Basal machinery
PE_PGRS40	PE_PGRS40	885141	Q79FE9	RVBD_2371	PE-PGRS family protein PE_PGRS40	Basal machinery
PE_PGRS41	PE_PGRS41	885517	Q79FE6	RVBD_2396	acid and phagosome regulated protein AprC	Basal machinery
PE_PGRS42	PE_PGRS42	887909	I6XEF1	RVBD_2487c	PE-PGRS family protein PE_PGRS42	Basal machinery
PE_PGRS43	PE_PGRS43	887941	Q79FD4	RVBD_2490c	PE-PGRS family protein PE_PGRS43	Basal machinery
PE_PGRS44	PE_PGRS44	887992	P9WIE9	RVBD_2591	PE-PGRS family protein PE_PGRS44	Basal machinery
PE_PGRS46	PE_PGRS46	888573	P9WIE7	RVBD_2634c	PE-PGRS family protein PE_PGRS46	Basal machinery
PE_PGRS47	PE_PGRS47	888339	Q79FB3		PE-PGRS family protein PE_PGRS47	Basal machinery
PE_PGRS5	PE_PGRS5	885981	Q6MX50	RVBD_0297	PE-PGRS family protein PE_PGRS5	Basal machinery
PE_PGRS52	PE_PGRS52	888151	Q6MWX5	RVBD_3388	PE-PGRS family protein PE_PGRS52	Basal machinery
PE_PGRS54	PE_PGRS54	888270	O53553		PE-PGRS family protein PE_PGRS54	Basal machinery
PE_PGRS55	PE_PGRS55	888273	Q6MWW8		PE-PGRS family protein PE_PGRS55	Basal machinery
PE_PGRS57	PE_PGRS57	888294	Q6MWW6		PE-PGRS family protein PE_PGRS57	Basal machinery
PE_PGRS59	PE_PGRS59	885464	Q6MWV6	RVBD_3595c	PE-PGRS family protein PE_PGRS59	Basal machinery
PE_PGRS6	PE_PGRS6	887391	L0T3X8		PE-PGRS family protein PE_PGRS6	Basal machinery
PE_PGRS61	PE_PGRS61	886259	Q6MWV0	RVBD_3653	PE-PGRS family-related protein PE_PGRS61	M1.11
PE_PGRS62	PE_PGRS62	886143	L7N680	RVBD_3812	PE-PGRS family protein PE_PGRS62	Basal machinery
PE_PGRS7	PE_PGRS7	887725	Q6MX28	RVBD_0578c	PE-PGRS family protein PE_PGRS7	Basal machinery
PE_PGRS9	PE_PGRS9	888664	Q79FW8		PE-PGRS family protein PE_PGRS9	Basal machinery
PPE18	PPE18	886073	L7N675	RVBD_1196	PPE family protein PPE18	M10
PPE27	PPE27	885859	Q79FK5	RVBD_1790	PPE family protein PPE27	Basal machinery
PPE35	PPE35	885506	Q79FI8	RVBD_1918c	PPE family protein PPE35	Basal machinery
PPE39	PPE39	886003	Q79FF3	RVBD_2353c	PPE family protein PPE39	Basal machinery
PPE41	PPE41	885945	Q79FE1	RVBD_2430c	PPE family protein PPE41	Basal machinery
PPE43	PPE43	887765	Q79FA9	RVBD_2768c	PPE family protein PPE43	M2
PPE5	PPE5	886592	Q6MX49	RVBD_0304c	PPE family protein PPE5	Basal machinery
PPE52	PPE52	887930	I6X6H8	RVBD_3144c	PPE family protein PPE52	Basal machinery
PPE53	PPE53	888794	Q6MX04	RVBD_3159c	PPE family protein PPE53	Basal machinery
PPE55	PPE55	888120	Q6MWX9	RVBD_3347c	PPE family protein PPE55	Basal machinery
PPE56	PPE56	888113	Q6MWX8	RVBD_3350c	PPE family protein PPE56	M1.11
PPE6	PPE6	885978	Q6MX48	RVBD_0305c	PPE family protein PPE6	Basal machinery
PPE60	PPE60	888047	Q6MWX1	RVBD_3478	PE family protein PPE60	Basal machinery
PPE64	PPE64	887822	Q6MWW0	RVBD_3558	PPE family protein PPE64	Basal machinery
PPE7	PPE7	886498	L0T545		PPE family protein PPE7	Basal machinery
PPE8	PPE8	886491	I6Y7L4	RVBD_0355c	PPE family protein PPE8	Basal machinery
PPE9	PPE9		L0T6B3			Basal machinery
Rv0004	Rv0004	887088	P9WFL1	RVBD_0004	hypothetical protein	Basal machinery
Rv0010c	Rv0010c	887082	P9WMA3	RVBD_0010c	membrane protein	Intermodular
Rv0012	Rv0012					Basal machinery
Rv0021c	Rv0021c	887066	P71591	RVBD_0021c	hypothetical protein	Basal machinery
Rv0023	Rv0023	887062	P9WMI3	RVBD_0023	transcriptional regulator	Global regulator
Rv0025	Rv0025	887060	P9WMA1	RVBD_0025	hypothetical protein	Basal machinery
Rv0026	Rv0026	887057	P9WMB1	RVBD_0026	hypothetical protein	Basal machinery
Rv0029	Rv0029	887053	P71599	RVBD_0029	hypothetical protein	Basal machinery
Rv0030	Rv0030	887051	P9WM95	RVBD_0030	hypothetical protein	Basal machinery
Rv0034	Rv0034	887046	P9WM93	RVBD_0034	hypothetical protein	Basal machinery
Rv0039c	Rv0039c	887038	P9WM89	RVBD_0039c	transmembrane protein	Basal machinery
Rv0042c	Rv0042c	887034	P71699	RVBD_0042c	transcriptional regulator	M19
Rv0043c	Rv0043c	887032	P9WMG9	RVBD_0043c	HTH-type transcriptional regulator	M1.23
Rv0044c	Rv0044c	887030	P71701	RVBD_0044c	oxidoreductase	Basal machinery
Rv0045c	Rv0045c	887029	I6XU97	RVBD_0045c	hydrolase	Basal machinery
Rv0047c	Rv0047c	887031	P71704	RVBD_0047c	hypothetical protein	Global regulator
Rv0049	Rv0049	887024	P9WM85	RVBD_0049	hypothetical protein	Basal machinery
Rv0052	Rv0052	887015	I6Y6S3	RVBD_0052	hypothetical protein	Basal machinery
Rv0057	Rv0057	887008	P9WM77	RVBD_0057	hypothetical protein	Basal machinery
Rv0059	Rv0059	887006	O53604	RVBD_0059	hypothetical protein	Basal machinery
Rv0060	Rv0060	887004	O53605	RVBD_0060	hypothetical protein	Basal machinery
Rv0061c	Rv0061c	14515843	I6X8E6	RVBD_0061c	hypothetical protein	Basal machinery
Rv0063	Rv0063	886999	O53608	RVBD_0063	oxidoreductase	Basal machinery
Rv0064	Rv0064					Basal machinery
Rv0067c	Rv0067c	886991	O53612	RVBD_0067c	transcriptional regulator	M1.21
Rv0068	Rv0068	886989	O53613	RVBD_0068	oxidoreductase	M1.21
Rv0071	Rv0071	886988	O53616	RVBD_0071	maturase	Basal machinery
Rv0075	Rv0075	886982	O53620	RVBD_0075	aminotransferase	Basal machinery
Rv0076c	Rv0076c	886992	O53621	RVBD_0076c	membrane protein	M1.25
Rv0077c	Rv0077c	886969	O53622	RVBD_0077c	oxidoreductase	M20
Rv0078	Rv0078	886990	O53623	RVBD_0078	transcriptional regulator	M20
Rv0078A	Rv0078A	3205053	L7N686	RVBD_0078A	hypothetical protein	Basal machinery
Rv0079	Rv0079	886995	P9WMA9	RVBD_0079	hypothetical protein	Basal machinery
Rv0081	Rv0081	887012	P9WMI7	RVBD_0081	HTH-type transcriptional regulator	Global regulator
Rv0082	Rv0082	886968	I6XUD2	RVBD_0082	oxidoreductase	Basal machinery
Rv0088	Rv0088	886954	P9WM73	RVBD_0088	polyketide cyclase/dehydrase	Basal machinery
Rv0089	Rv0089	886949	P9WK03	RVBD_0089	methyltransferase	M2
Rv0093c	Rv0093c	886945	P9WM69	RVBD_0093c	membrane protein	Basal machinery
Rv0094c	Rv0094c	886943	Q50655	RVBD_0094cRVBD_3467,Rv3467	hypothetical protein	M1.11
Rv0095c	Rv0095c	886940	Q10891	RVBD_0095c	hypothetical protein	M1.38
Rv0097	Rv0097	886942	P9WG83	RVBD_0097	oxidoreductase	M1.1
Rv0098	Rv0098	886935	P9WM67	fcoT,RVBD_0098	fatty acyl CoA thioesterase FcoT	Basal machinery
Rv0100	Rv0100	886931	P9WM65	RVBD_0100	hypothetical protein	Basal machinery
Rv0104	Rv0104	886923	P9WM61	RVBD_0104	hypothetical protein	M1.15
Rv0106	Rv0106	886919	P9WPI5	RVBD_0106	hypothetical protein	M5
Rv0108c	Rv0108c	886918	O53630	RVBD_0108c	hypothetical protein	Basal machinery
Rv0111	Rv0111	886909	O53633	RVBD_0111	transmembrane acyltransferase	Basal machinery
Rv0121c	Rv0121c	886892	O07171	RVBD_0121c	hypothetical protein	Basal machinery
Rv0122	Rv0122	886888	O07172	RVBD_0122	hypothetical protein	Basal machinery
Rv0128	Rv0128	886878	P96805	RVBD_0128	transmembrane protein	Basal machinery
Rv0130	Rv0130	886876	P9WNP3	htdZ,RVBD_0130	3-hydroxyl-thioester dehydratase	Basal machinery
Rv0133	Rv0133	886873	P96810	RVBD_0133	GCN5-like N-acetyltransferase	Basal machinery
Rv0135c	Rv0135c	886869	P96812	RVBD_0135c	transcriptional regulator	Global regulator
Rv0138	Rv0138	886863	P96815	RVBD_0138	hypothetical protein	Basal machinery
Rv0139	Rv0139	886860	P96816	RVBD_0139	oxidoreductase	Basal machinery
Rv0140	Rv0140	886859	P96817	RVBD_0140	hypothetical protein	Basal machinery
Rv0141c	Rv0141c	886872	P96818	RVBD_0141c	hypothetical protein	Basal machinery
Rv0142	Rv0142	886858	P96819	RVBD_0142	hypothetical protein	Basal machinery
Rv0143c	Rv0143c	886856	P96820	RVBD_0143c	transmembrane protein	Basal machinery
Rv0144	Rv0144	886854	P96821	RVBD_0144	transcriptional regulator	Basal machinery
Rv0145	Rv0145	886851	P9WFJ1	RVBD_0145	S-adenosylmethionine-dependent methyltransferase	Basal machinery
Rv0146	Rv0146	886849	P9WFJ3	RVBD_0146	S-adenosylmethionine-dependent methyltransferase	Basal machinery
Rv0147	Rv0147	886847	P96824	RVBD_0147	aldehyde dehydrogenase	Basal machinery
Rv0148	Rv0148	886845	P96825	RVBD_0148	short-chain type dehydrogenase/reductase	Basal machinery
Rv0150c	Rv0150c	886840	P96827	RVBD_0150c	hypothetical protein	Basal machinery
Rv0157A	Rv0157A	3205086	I6WXK8	RVBD_0157A	hypothetical protein	Basal machinery
Rv0158	Rv0158	886828	O53641	RVBD_0158	transcriptional regulator	M1.32
Rv0161	Rv0161	886835	O07406	RVBD_0161	oxidoreductase	Basal machinery
Rv0163	Rv0163	886821	O07408	RVBD_0163	hypothetical protein	Basal machinery
Rv0175	Rv0175	886801	O07419	RVBD_0175	Mce associated membrane protein	Basal machinery
Rv0176	Rv0176	886799	O07420	RVBD_0176	Mce associated transmembrane protein	Basal machinery
Rv0177	Rv0177	886795	O07421	RVBD_0177	Mce associated protein	Basal machinery
Rv0178	Rv0178	886814	O07422	RVBD_0178	Mce associated membrane protein	M1.33
Rv0183	Rv0183	886785	O07427	RVBD_0183	lysophospholipase	Basal machinery
Rv0187	Rv0187	886779	O07431	RVBD_0187	O-methyltransferase	Basal machinery
Rv0188	Rv0188	886776	O07432	RVBD_0188	transmembrane protein	M2
Rv0191	Rv0191	886770	P9WJX7	RVBD_0191	MFS-type transporter	M1.25
Rv0193c	Rv0193c	886764	O07437	RVBD_0193c	hypothetical protein	Basal machinery
Rv0194	Rv0194	886790	O53645	RVBD_0194	multidrug ABC transporter ATPase/permease	M1.25
Rv0195	Rv0195	886762	O53646	RVBD_0195	two component transcriptional regulator	M1.25
Rv0196	Rv0196	886760	P9WME1	RVBD_0196	HTH-type transcriptional regulator	Basal machinery
Rv0203	Rv0203	886748	I6X8R5	RVBD_0203	hypothetical protein	Basal machinery
Rv0204c	Rv0204c	886747	I6Y748	RVBD_0204c	transmembrane protein	Basal machinery
Rv0205	Rv0205	886766	P9WFM5	RVBD_0205	transmembrane protein	Basal machinery
Rv0207c	Rv0207c	886742	P96389	RVBD_0207c	hypothetical protein	Basal machinery
Rv0209	Rv0209	886739	P96391	RVBD_0209	hypothetical protein	Basal machinery
Rv0210	Rv0210	886735	P96392	RVBD_0210	hypothetical protein	Basal machinery
Rv0213c	Rv0213c	886746	P96395	RVBD_0213c	methyltransferase	M1.1
Rv0218	Rv0218	886727	P96400	RVBD_0218	transmembrane protein	Basal machinery
Rv0219	Rv0219	886725	P96401	RVBD_0219	transmembrane protein	M1.38
Rv0221	Rv0221	886719	P9WKB7	RVBD_0221	diacyglycerol O-acyltransferase	Basal machinery
Rv0223c	Rv0223c	886718	I6X8S7	RVBD_0223c	aldehyde dehydrogenase	Basal machinery
Rv0224c	Rv0224c	886715	P9WJZ9	RVBD_0224c	methyltransferase	Basal machinery
Rv0225	Rv0225	886713	P96407	RVBD_0225	hypothetical protein	Basal machinery
Rv0226c	Rv0226c	886711	P96408	RVBD_0226c	transmembrane protein	Basal machinery
Rv0227c	Rv0227c	886710	P96409	RVBD_0227c	membrane protein	Basal machinery
Rv0228	Rv0228	886708	P96410	RVBD_0228	acyltransferase	Basal machinery
Rv0232	Rv0232	886701	P96415	RVBD_0232	transcriptional regulator	M1.4
Rv0238	Rv0238	886691	O53661	RVBD_0238	transcriptional regulator	M14
Rv0245	Rv0245	886680	O53667	RVBD_0245	oxidoreductase	Basal machinery
Rv0246	Rv0246	886678	O53668	RVBD_0246	integral membrane protein	Basal machinery
Rv0247c	Rv0247c	886677	O53669	RVBD_0247c	succinate dehydrogenase iron-sulfur subunit	Basal machinery
Rv0248c	Rv0248c	886675	O53670	RVBD_0248c	succinate dehydrogenase flavoprotein subunit	Basal machinery
Rv0250c	Rv0250c	886669	O53672	RVBD_0250c	hypothetical protein	Basal machinery
Rv0257	Rv0257	3205110	L7N694	RVBD_0257	hypothetical protein	Basal machinery
Rv0258c	Rv0258c	886654	P95215	RVBD_0258c	hypothetical protein	Basal machinery
Rv0264c	Rv0264c	886646	P95221	RVBD_0264c	hypothetical protein	Basal machinery
Rv0268c	Rv0268c	886647	P95225	RVBD_0268c	hypothetical protein	Basal machinery
Rv0269c	Rv0269c	886640	P95226	RVBD_0269c	hypothetical protein	Basal machinery
Rv0272c	Rv0272c	886635	P95229	RVBD_0272c	hypothetical protein	Basal machinery
Rv0273c	Rv0273c	886633	O86342	RVBD_0273c	transcriptional regulator	Global regulator
Rv0274	Rv0274	886631	O53680	RVBD_0274	hypothetical protein	Basal machinery
Rv0275c	Rv0275c	886629	L7N6A2	RVBD_0275c	transcriptional regulator	M3
Rv0276	Rv0276	886627	O53682	RVBD_0276	hypothetical protein	M3
Rv0293c	Rv0293c	886594	O53697	RVBD_0293c	hypothetical protein	Basal machinery
Rv0295c	Rv0295c	886596	O53699	RVBD_0295c	hypothetical protein	Basal machinery
Rv0299	Rv0299	886598	O07226	RVBD_0299	toxin	Basal machinery
Rv0302	Rv0302	886584	O07229	RVBD_0302	transcriptional regulator	Global regulator
Rv0306	Rv0306	886577	O07233	RVBD_0306	oxidoreductase	Basal machinery
Rv0307c	Rv0307c	886580	O07234	RVBD_0307c	hypothetical protein	M19
Rv0308	Rv0308	886583	O07235	RVBD_0308	integral membrane protein	M19
Rv0309	Rv0309	886574	O07236	RVBD_0309	hypothetical protein	Basal machinery
Rv0310c	Rv0310c	886570	O07237	RVBD_0310c	hypothetical protein	Basal machinery
Rv0311	Rv0311	886579	O07238	RVBD_0311	hypothetical protein	Basal machinery
Rv0316	Rv0316	886560	O07243	RVBD_0316	muconolactone isomerase	Basal machinery
Rv0318c	Rv0318c	886576	Q6MX47	RVBD_0318c	integral membrane protein	Basal machinery
Rv0320	Rv0320	886553	O07246	RVBD_0320	hypothetical protein	Intermodular
Rv0323c	Rv0323c					Basal machinery
Rv0324	Rv0324	886548	O08446	RVBD_0324	transcriptional regulator	Global regulator
Rv0326	Rv0326	886544	O07251	RVBD_0326	hypothetical protein	Basal machinery
Rv0328	Rv0328	886542	O07252	RVBD_0328	transcriptional regulator	Basal machinery
Rv0330c	Rv0330c	886540	O07254	RVBD_0330c	hypothetical protein	M1.19
Rv0331	Rv0331	886534	O07255	RVBD_0331	dehydrogenase/reductase	M1.19
Rv0336	Rv0336	886524	O33266	RVBD_0336	hypothetical protein	Basal machinery
Rv0338c	Rv0338c	886520	O33268	RVBD_0338c	iron-sulfur-binding reductase	M2
Rv0339c	Rv0339c	886516	O33269	RVBD_0339c	transcriptional regulator	M1.11
Rv0340	Rv0340	886514	O33270	RVBD_0340	hypothetical protein	M1.11
Rv0345	Rv0345	886505	O06296	RVBD_0345	hypothetical protein	Basal machinery
Rv0347	Rv0347	886501	O06298	RVBD_0347	membrane protein	M23
Rv0348	Rv0348	886500	O06299	RVBD_0348	transcriptional regulator	M23
Rv0349	Rv0349	886506	O06300	RVBD_0349	hypothetical protein	Basal machinery
Rv0356c	Rv0356c	886490	O06307	RVBD_0356c	hypothetical protein	Basal machinery
Rv0358	Rv0358	886493	O06308	RVBD_0358	hypothetical protein	Basal machinery
Rv0360c	Rv0360c	886480	O06310	RVBD_0360c	hypothetical protein	Basal machinery
Rv0364	Rv0364	886473	P9WP09	RVBD_0364	transmembrane protein	Basal machinery
Rv0365c	Rv0365c	886487	O06315	RVBD_0365c	hypothetical protein	Basal machinery
Rv0367c	Rv0367c	886468	O53702	RVBD_0367c	hypothetical protein	Basal machinery
Rv0373c	Rv0373c	886472	O53708	RVBD_0373c	carbon monoxyde dehydrogenase large subunit	Basal machinery
Rv0374c	Rv0374c	886462	O53709	RVBD_0374c	carbon monoxyde dehydrogenase small subunit	Basal machinery
Rv0378	Rv0378	886450	O53713	RVBD_0378	hypothetical protein	Basal machinery
Rv0380c	Rv0380c	886446	O53715	RVBD_0380c	RNA methyltransferase	Basal machinery
Rv0381c	Rv0381c	886444	O53716	RVBD_0381c	hypothetical protein	Basal machinery
Rv0385	Rv0385	886441	Q7ARS9	RVBD_0385	monooxygenase	M27
Rv0386	Rv0386	886030	O53720	RVBD_0386	transcriptional regulator	Basal machinery
Rv0387c	Rv0387c					Basal machinery
Rv0393	Rv0393	886428	P95201	RVBD_0393	hypothetical protein	Basal machinery
Rv0396	Rv0396	886423	P95204	RVBD_0396	hypothetical protein	Basal machinery
Rv0397	Rv0397	886421	P95205	RVBD_0397	hypothetical protein	Basal machinery
Rv0406c	Rv0406c	886403	O86336	RVBD_0406c	beta lactamase-like protein	Basal machinery
Rv0412c	Rv0412c	886415	P96258	RVBD_0412c	membrane protein	Basal machinery
Rv0420c	Rv0420c	886383	P96266	RVBD_0420c	transmembrane protein	Basal machinery
Rv0421c	Rv0421c	886377	P96267	RVBD_0421c	hypothetical protein	Basal machinery
Rv0424c	Rv0424c	886374	P96270	RVBD_0424c	hypothetical protein	Basal machinery
Rv0426c	Rv0426c	886387	P96272	RVBD_0426c	transmembrane protein	Basal machinery
Rv0430	Rv0430	886364	P96276	RVBD_0430	hypothetical protein	Basal machinery
Rv0431	Rv0431	886362	P96277	RVBD_0431	tuberculin-like peptide	Basal machinery
Rv0433	Rv0433	886356	P9WPK9	RVBD_0433	carboxylate-amine ligase	Basal machinery
Rv0441c	Rv0441c	886344	P9WKW3	RVBD_0441c	hypothetical protein	Basal machinery
Rv0443	Rv0443	886336	O53728	RVBD_0443	hypothetical protein	Basal machinery
Rv0446c	Rv0446c	886332	O53731	RVBD_0446c	transmembrane protein	Basal machinery
Rv0448c	Rv0448c	886328	O53733	RVBD_0448c	hypothetical protein	Basal machinery
Rv0449c	Rv0449c	886326	O53734	RVBD_0449c	hypothetical protein	Basal machinery
Rv0452	Rv0452	886319	O53737	RVBD_0452	transcriptional regulator	M1.15
Rv0454	Rv0454		O86364	RVBD_0454		Basal machinery
Rv0455c	Rv0455c	886314	O53740	RVBD_0455c	hypothetical protein	Basal machinery
Rv0457c	Rv0457c	886310	O07178	RVBD_0457c	peptidase	Basal machinery
Rv0458	Rv0458	886306	P9WNY1	RVBD_0458	aldehyde dehydrogenase	Basal machinery
Rv0461	Rv0461	886302	I6X961	RVBD_0461	transmembrane protein	Basal machinery
Rv0463	Rv0463	886299	O53748	RVBD_0463	membrane protein	Basal machinery
Rv0464c	Rv0464c	886296	O53749	RVBD_0464c	hypothetical protein	Basal machinery
Rv0466	Rv0466	886294	O53751	RVBD_0466	hypothetical protein	Basal machinery
Rv0470A	Rv0470A	3205059	L7N651	RVBD_0470A	hypothetical protein	Basal machinery
Rv0472c	Rv0472c	886308	P9WMD9	RVBD_0472c	HTH-type transcriptional regulator	M1.18
Rv0473	Rv0473	886279	I6Y3V3	RVBD_0473	transmembrane protein	Basal machinery
Rv0474	Rv0474	886276	P9WMH9	RVBD_0474	HTH-type transcriptional regulator	M1.13
Rv0476	Rv0476	886282	P9WKW1	RVBD_0476	transmembrane protein	Basal machinery
Rv0477	Rv0477	886273	P9WKV9	RVBD_0477	hypothetical protein	Basal machinery
Rv0479c	Rv0479c	885535	P9WKV7	RVBD_0479c	membrane protein	Basal machinery
Rv0480c	Rv0480c	887163	P9WJ01	RVBD_0480c	amidohydrolase	Basal machinery
Rv0481c	Rv0481c	887161	P9WKV5	RVBD_0481c	hypothetical protein	Basal machinery
Rv0484c	Rv0484c	887158	P9WGR5	RVBD_0484c	short-chain type oxidoreductase	Basal machinery
Rv0485	Rv0485	887170	P9WKV1	RVBD_0485	transcriptional regulator	M1.17
Rv0488	Rv0488	887171	P9WK33	RVBD_0488	amino-acid transporter	Basal machinery
Rv0492A	Rv0492A	3205069	Q6MX36	RVBD_0492A	hypothetical protein	Basal machinery
Rv0492c	Rv0492c	887199	P9WMV7	RVBD_0492c	GMC-type oxidoreductase	Basal machinery
Rv0493c	Rv0493c	887200	P9WKU7	RVBD_0493c	hypothetical protein	Basal machinery
Rv0494	Rv0494	887166	P9WMG7	RVBD_0494	HTH-type transcriptional regulator	Global regulator
Rv0495c	Rv0495c	887198	P9WKU5	RVBD_0495c	hypothetical protein	Basal machinery
Rv0497	Rv0497	887240	P9WKU3	RVBD_0497	transmembrane protein	Basal machinery
Rv0499	Rv0499	887243	P9WKT9	RVBD_0499	hypothetical protein	Basal machinery
Rv0500A	Rv0500A	3205035	P9WKT7	RVBD_0500A	DNA-binding protein	Basal machinery
Rv0500B	Rv0500B		P9WKT5	RVBD_0500B		Basal machinery
Rv0501	Rv0501	887228	P9WKT3	RVBD_0501,galE2	UDP-glucose 4-epimerase GalE	Basal machinery
Rv0502	Rv0502	887260	P9WKT1	RVBD_0502	hypothetical protein	Basal machinery
Rv0505c	Rv0505c	887270	P9WGJ3	serB1,RVBD_0505c	phosphoserine phosphatase SerB	Basal machinery
Rv0513	Rv0513	887307	O33358	RVBD_0513	transmembrane protein	Basal machinery
Rv0514	Rv0514	887319	O33359	RVBD_0514	transmembrane protein	Basal machinery
Rv0516c	Rv0516c	887324	O33361	RVBD_0516c	anti-anti-sigma factor	Basal machinery
Rv0517	Rv0517	887323	O33362	RVBD_0517	acyltransferase	Basal machinery
Rv0518	Rv0518	887321	O33363	RVBD_0518	hypothetical protein	Basal machinery
Rv0519c	Rv0519c	887334	O33364	RVBD_0519c	membrane protein	Basal machinery
Rv0520	Rv0520		O33365	RVBD_0520		M3
Rv0523c	Rv0523c	887341	O06389	RVBD_0523c	hypothetical protein	M1.1
Rv0525	Rv0525	887358	O06391	RVBD_0525	hypothetical protein	Basal machinery
Rv0537c	Rv0537c	887465	O06403	RVBD_0537c	integral membrane protein	Basal machinery
Rv0538	Rv0538	887473	O06404	RVBD_0538	membrane protein	Basal machinery
Rv0541c	Rv0541c	887416	O06407	RVBD_0541c	integral membrane protein	Basal machinery
Rv0543c	Rv0543c	887494	O06409	RVBD_0543c	hypothetical protein	Basal machinery
Rv0552	Rv0552	887537	O06418	RVBD_0552	hypothetical protein	Basal machinery
Rv0566c	Rv0566c	887633	P9WFK9	RVBD_0566c	hypothetical protein	Basal machinery
Rv0567	Rv0567	887667	O53764	RVBD_0567	methyltransferase/methylase	Basal machinery
Rv0569	Rv0569	887678	P9WM83	RVBD_0569	hypothetical protein	Basal machinery
Rv0571c	Rv0571c	887710	P9WHK1	RVBD_0571c	hypothetical protein	Basal machinery
Rv0572c	Rv0572c	887696	P9WM81	RVBD_0572c	hypothetical protein	Basal machinery
Rv0574c	Rv0574c	887721	P9WM79	RVBD_0574c	hypothetical protein	Basal machinery
Rv0576	Rv0576	887717	O53773	RVBD_0576	transcriptional regulator	Global regulator
Rv0579	Rv0579	887738	O53776	RVBD_0579	hypothetical protein	Basal machinery
Rv0585c	Rv0585c	887753	O53781	RVBD_0585c	integral membrane protein	Basal machinery
Rv0597c	Rv0597c	887853	I6WYU2	RVBD_0597c	hypothetical protein	Basal machinery
Rv0600c	Rv0600c	887847	O07778	RVBD_0600c	two component sensor kinase HK1	Basal machinery
Rv0603	Rv0603	887863	O07775	RVBD_0603	exported protein	Basal machinery
Rv0605	Rv0605	887872	I6Y890	RVBD_0605	resolvase	Basal machinery
Rv0609A	Rv0609A	3205046	Q79FY5	RVBD_0609A	hypothetical protein	Basal machinery
Rv0610c	Rv0610c	887890	I6Y481	RVBD_0610c	hypothetical protein	Basal machinery
Rv0611c	Rv0611c	887906	I6XVR9	RVBD_0611c	hypothetical protein	Basal machinery
Rv0615	Rv0615	887920	O07762	RVBD_0615	integral membrane protein	Basal machinery
Rv0616c	Rv0616c		O07761	RVBD_0616c		Basal machinery
Rv0622	Rv0622	887942	P96912	RVBD_0622	membrane protein	Basal machinery
Rv0625c	Rv0625c	887967	P9WFS5	RVBD_0625c	transmembrane protein	Basal machinery
Rv0634A	Rv0634A	3205041	P9WKS5	RVBD_0634A	hypothetical protein	Basal machinery
Rv0634c	Rv0634c	888016	I6Y4A5	RVBD_0634c	glyoxalase II	Basal machinery
Rv0635	Rv0635	888032	P9WFK1	RVBD_0635,hadA	(3R)-hydroxyacyl-ACP dehydratase subunit HadA	Basal machinery
Rv0637	Rv0637	888019	P9WFJ9	hadC,RVBD_0637	(3R)-hydroxyacyl-ACP dehydratase subunit HadC	Basal machinery
Rv0650	Rv0650	888082	I6Y8D3	RVBD_0650	sugar kinase	Basal machinery
Rv0653c	Rv0653c	888087	P96941	RVBD_0653c	transcriptional regulator	Global regulator
Rv0654	Rv0654	888089	P9WPR5	RVBD_0654	carotenoid cleavage oxygenase	Basal machinery
Rv0658c	Rv0658c	888102	O06781	RVBD_0658c	integral membrane protein	Basal machinery
Rv0674	Rv0674	888203	I6WZ26	RVBD_0674	hypothetical protein	M25
Rv0680c	Rv0680c	888229	I6Y4F1	RVBD_0680c	transmembrane protein	Basal machinery
Rv0681	Rv0681	888239	O53789	RVBD_0681	transcriptional regulator	M17
Rv0686	Rv0686	888271	I6XVZ6	RVBD_0686	membrane protein	Basal machinery
Rv0687	Rv0687	888279	P9WGS7	RVBD_0687	NAD-dependent oxidoreductase	Basal machinery
Rv0688	Rv0688	888280	P95034	RVBD_0688	ferredoxin reductase	Basal machinery
Rv0689c	Rv0689c	888283	I6WZ39	RVBD_0689c	hypothetical protein	Basal machinery
Rv0712	Rv0712	888346	I6Y8I5	RVBD_0712	hypothetical protein	Basal machinery
Rv0713	Rv0713	888405	I6WZ58	RVBD_0713	transmembrane protein	Basal machinery
Rv0724A	Rv0724A					Basal machinery
Rv0726c	Rv0726c	888552	P9WFI7	RVBD_0726c	S-adenosylmethionine-dependent methyltransferase	Basal machinery
Rv0730	Rv0730	888558	I6XW38	RVBD_0730	GCN5-like N-acetyltransferase	Basal machinery
Rv0731c	Rv0731c	888556	P9WFI5	RVBD_0731c	S-adenosylmethionine-dependent methyltransferase	Basal machinery
Rv0737	Rv0737	888619	I6Y8K3	RVBD_0737	transcriptional regulator	Basal machinery
Rv0738	Rv0738	888620	P9WKS3	RVBD_0738	hypothetical protein	Basal machinery
Rv0741	Rv0741		I6X9N4	RVBD_0741		Basal machinery
Rv0744c	Rv0744c	888648	O53807	RVBD_0744c	transcriptional regulator	Basal machinery
Rv0749A	Rv0749A	3205052	I6X9Q1	RVBD_0749A	hypothetical protein	Basal machinery
Rv0750	Rv0750	888688	O53813	RVBD_0750	hypothetical protein	Basal machinery
Rv0756c	Rv0756c	888730	P71813	RVBD_0756c	hypothetical protein	Basal machinery
Rv0759c	Rv0759c	888776	P9WML3	RVBD_0759c	hypothetical protein	M1.1
Rv0767c	Rv0767c	888833	P9WMD7	RVBD_0767c	HTH-type transcriptional regulator	Global regulator
Rv0770	Rv0770	888868	P9WNY3	RVBD_0770	oxidoreductase	Basal machinery
Rv0771	Rv0771	888872	I6Y4S7	RVBD_0771	4-carboxymuconolactone decarboxylase	Basal machinery
Rv0774c	Rv0774c	888895	I6Y8R4	RVBD_0774c	hypothetical protein	Basal machinery
Rv0775	Rv0775	888899	P71830	RVBD_0775	hypothetical protein	Basal machinery
Rv0776c	Rv0776c	888918	I6Y4S9	RVBD_0776c	hypothetical protein	Basal machinery
Rv0786c	Rv0786c					Basal machinery
Rv0787	Rv0787	885468	P71840	RVBD_0787	hypothetical protein	Basal machinery
Rv0789c	Rv0789c	885153	I6Y4U0	RVBD_0789c	hypothetical protein	Basal machinery
Rv0790c	Rv0790c	885253	I6XWA9	RVBD_0790c	hypothetical protein	Basal machinery
Rv0791c	Rv0791c	885273	I6X9T8	RVBD_0791c	hypothetical protein	Basal machinery
Rv0793	Rv0793	885497	O86332	RVBD_0793	monooxygenase	M1.27
Rv0801	Rv0801	885376	O06633	RVBD_0801	hypothetical protein	Basal machinery
Rv0807	Rv0807	885272	I6Y8U3	RVBD_0807	hypothetical protein	Basal machinery
Rv0810c	Rv0810c	885410	I6XWB9	RVBD_0810c	hypothetical protein	Basal machinery
Rv0811c	Rv0811c	885401	I6X9V3	RVBD_0811c	hypothetical protein	Basal machinery
Rv0812	Rv0812	885397	Q79FW0	RVBD_0812	amino acid aminotransferase	Basal machinery
Rv0813c	Rv0813c	885395	P9WFG9	RVBD_0813c	hypothetical protein	Basal machinery
Rv0818	Rv0818	885144	O53830	RVBD_0818	transcriptional regulator	Global regulator
Rv0822c	Rv0822c	885374	I6WZI4	RVBD_0822c	hypothetical protein	Basal machinery
Rv0825c	Rv0825c	885354	O53836	RVBD_0825c	hypothetical protein	M3
Rv0826	Rv0826	885360	O53837	RVBD_0826	hypothetical protein	M3
Rv0828c	Rv0828c	885265	O53839	RVBD_0828c	deaminase	Basal machinery
Rv0829	Rv0829		O53840	RVBD_0829		Basal machinery
Rv0830	Rv0830	885886	P9WFI3	RVBD_0830	S-adenosylmethionine-dependent methyltransferase	M19
Rv0831c	Rv0831c	885349	O53842	RVBD_0831c	hypothetical protein	Basal machinery
Rv0836c	Rv0836c	885356	O53848	RVBD_0836c	hypothetical protein	Basal machinery
Rv0837c	Rv0837c	885109	I6Y4Y1	RVBD_0837c	hypothetical protein	Basal machinery
Rv0839	Rv0839	885255	I6X9X6	RVBD_0839	hypothetical protein	Basal machinery
Rv0841	Rv0841	3205068	I6WZK3	RVBD_0841	transmembrane protein	Basal machinery
Rv0842	Rv0842	885616	O53854	RVBD_0842	integral membrane protein	M10
Rv0843	Rv0843	885554	I6XWE5	RVBD_0843	dehydrogenase	Basal machinery
Rv0849	Rv0849	885111	P9WJX5	RVBD_0849	MFS-type transporter	Basal machinery
Rv0850	Rv0850		I6Y8X8	RVBD_0850		Basal machinery
Rv0854	Rv0854	885127	I6X9Y7	RVBD_0854	hypothetical protein	Basal machinery
Rv0874c	Rv0874c	885658	P9WKR9	RVBD_0874c	hypothetical protein	Basal machinery
Rv0875c	Rv0875c	885669	P9WKR7	RVBD_0875c	hypothetical protein	Basal machinery
Rv0876c	Rv0876c	885562	P9WKR5	RVBD_0876c	transmembrane protein	Basal machinery
Rv0877	Rv0877	885601	P9WKR3	RVBD_0877	hypothetical protein	Basal machinery
Rv0880	Rv0880	885205	P9WMF1	RVBD_0880	HTH-type transcriptional regulator	Global regulator
Rv0881	Rv0881	885121	P9WFY3	RVBD_0881	tRNA/rRNA methyltransferase	Basal machinery
Rv0883c	Rv0883c	885139	P9WKQ7	RVBD_0883c	hypothetical protein	Basal machinery
Rv0885	Rv0885	885285	P9WKQ5	RVBD_0885	hypothetical protein	M1.40
Rv0887c	Rv0887c	885113	P9WKQ3	RVBD_0887c	hypothetical protein	Basal machinery
Rv0890c	Rv0890c					Basal machinery
Rv0891c	Rv0891c	885493	P9WMV1	RVBD_0891c	hypothetical protein	M12
Rv0892	Rv0892	885225	P9WNG1	RVBD_0892	monooxygenase	Basal machinery
Rv0894	Rv0894	885199	P9WKP9	RVBD_0894	transcriptional regulator	M1.34
Rv0895	Rv0895	885481	P9WKA3	RVBD_0895	diacyglycerol O-acyltransferase	Basal machinery
Rv0909	Rv0909	885197	P9WJ07	RVBD_0909	antitoxin	Basal machinery
Rv0910	Rv0910	885137	P9WJ05	RVBD_0910	toxin	Basal machinery
Rv0913c	Rv0913c	885042	I6Y551	RVBD_0913c	dioxygenase	Basal machinery
Rv0918	Rv0918	885198	O05910	RVBD_0918	hypothetical protein	Basal machinery
Rv0919	Rv0919	885221	I6XA42	RVBD_0919	GCN5-like N-acetyltransferase	Basal machinery
Rv0923c	Rv0923c	885568	I6XWK6	RVBD_0923c	hypothetical protein	Basal machinery
Rv0940c	Rv0940c	885412	P9WKP1	RVBD_0940c	oxidoreductase	Basal machinery
Rv0941c	Rv0941c	885914	P71568	RVBD_0941c	hypothetical protein	M1.1
Rv0942	Rv0942	885913	P9WKN9	RVBD_0942	hypothetical protein	M1.1
Rv0947c	Rv0947c					M1.12
Rv0950c	Rv0950c	885438	P71560	RVBD_0950c	hypothetical protein	M1.38
Rv0953c	Rv0953c	885419	P9WKN5	RVBD_0953c	oxidoreductase	Basal machinery
Rv0954	Rv0954	885411	P9WIR9	RVBD_0954	transmembrane protein	Basal machinery
Rv0955	Rv0955	885408	P9WKN3	RVBD_0955	integral membrane protein	Basal machinery
Rv0958	Rv0958	885405	P71552	RVBD_0958	magnesium chelatase	Basal machinery
Rv0961	Rv0961	885173	P9WKM9	RVBD_0961	integral membrane protein	Basal machinery
Rv0963c	Rv0963c	885184	P9WKM7	RVBD_0963c	hypothetical protein	Basal machinery
Rv0966c	Rv0966c	885043	P9WKM1	RVBD_0966c	hypothetical protein	M1.2
Rv0968	Rv0968	885052	P9WKL9	RVBD_0968	hypothetical protein	Basal machinery
Rv0979A	Rv0979A	3205057		rpmF	50S ribosomal protein L32	Basal machinery
Rv0979c	Rv0979c	885063	O53892	RVBD_0979c	hypothetical protein	Basal machinery
Rv0986	Rv0986	885364	P9WQK1	RVBD_0986	adhesion component ABC transporter ATP-binding protein	Basal machinery
Rv0987	Rv0987	885363	O53900	RVBD_0987	adhesion component ABC transporter permease	Basal machinery
Rv0988	Rv0988	885353	O86370	RVBD_0988	hypothetical protein	Basal machinery
Rv0991c	Rv0991c	885350	O05574	RVBD_0991c	hypothetical protein	Intermodular
Rv0992c	Rv0992c	885337	O05575	RVBD_0992c	hypothetical protein	Basal machinery
Rv0996	Rv0996	885393	O05579	RVBD_0996	transmembrane protein	Basal machinery
Rv0997	Rv0997	885386	O05580	RVBD_0997	hypothetical protein	Basal machinery
Rv0998	Rv0998	885385	O05581	RVBD_0998	acetyltransferase	Basal machinery
Rv0999	Rv0999	886043	O05582	RVBD_0999	hypothetical protein	Basal machinery
Rv1000c	Rv1000c	886266	L7N6A4	RVBD_1000c	hypothetical protein	Basal machinery
Rv1004c	Rv1004c	886039	O05589	RVBD_1004c	membrane protein	Basal machinery
Rv1006	Rv1006	888234	O05592	RVBD_1006	hypothetical protein	Basal machinery
Rv1019	Rv1019	886056	P96381	RVBD_1019	transcriptional regulator	M28
Rv1024	Rv1024	886059	P96376	RVBD_1024	membrane protein	M1.20
Rv1025	Rv1025	886042	P96375	RVBD_1025	hypothetical protein	Basal machinery
Rv1034c	Rv1034c		I6X043	RVBD_1034c		Basal machinery
Rv1035c	Rv1035c		P96366	RVBD_1035c		Basal machinery
Rv1036c	Rv1036c		P96365	RVBD_1036c		Basal machinery
Rv1037c	Rv1037c	888299		esxI	ESAT-6 like protein EsxI	Basal machinery
Rv1042c	Rv1149	888607	L0T897	Rv1149,RVBD_1042c	ID-like 2 transposase	Basal machinery
Rv1043c	Rv1043c	888634	P96358	RVBD_1043c	hypothetical protein	Basal machinery
Rv1044	Rv1044	888712	P96357	RVBD_1044	hypothetical protein	Basal machinery
Rv1046c	Rv1046c					Basal machinery
Rv1047	Rv3023c	886060	P96354	RVBD_3023c,RVBD_3115,Rv3115,Rv3023c,RVBD_1047	transposase	Basal machinery
Rv1048c	Rv1048c	885295	P96353	RVBD_1048c	hypothetical protein	Basal machinery
Rv1049	Rv1049	886091	I6Y5H3	RVBD_1049	transcriptional repressor	Global regulator
Rv1050	Rv1050	887146	O53398	RVBD_1050	oxidoreductase	Basal machinery
Rv1052	Rv1052	888441	O53400	RVBD_1052	hypothetical protein	Basal machinery
Rv1053c	Rv1053c		O53401	RVBD_1053c		M1.1
Rv1056	Rv1056	887147	O53404	RVBD_1056	hypothetical protein	Basal machinery
Rv1060	Rv1060	887130	O53408	RVBD_1060	hypothetical protein	Basal machinery
Rv1065	Rv1065	887125	O53413	RVBD_1065	hypothetical protein	Basal machinery
Rv1073	Rv1073	887132	O53421	RVBD_1073	hypothetical protein	Basal machinery
Rv1075c	Rv1075c	887110	O53423	RVBD_1075c	hypothetical protein	Basal machinery
Rv1081c	Rv1081c	887102	O53429	RVBD_1081c	membrane protein	Basal machinery
Rv1084	Rv1084	887098	O53432	RVBD_1084	hypothetical protein	Basal machinery
Rv1085c	Rv1085c	887107	P9WFN7	RVBD_1085c	hemolysin-like protein	Basal machinery
Rv1086	Rv1086	887097	P9WFF5	RVBD_1086	(2Z,6E)-farnesyl diphosphate synthase	Basal machinery
Rv1087A	Rv1087A		L7N654	RVBD_1087A		Basal machinery
Rv1096	Rv1096	885949	O53444	RVBD_1096	glycosyl hydrolase	Basal machinery
Rv1097c	Rv1097c	885962	O53445	RVBD_1097c	membrane glycine/proline-rich protein	Basal machinery
Rv1101c	Rv1101c	885482	P9WFM3	RVBD_1101c	hypothetical protein	Basal machinery
Rv1104	Rv1104		O53452	RVBD_1104		Basal machinery
Rv1105	Rv1105		O53453	RVBD_1105		Basal machinery
Rv1106c	Rv1106c	886004	P9WQP7	RVBD_1106c	3 beta-hydroxysteroid dehydrogenase/delta 5-->4-isomerase	Basal machinery
Rv1109c	Rv1109c	885828	P9WM59	RVBD_1109c	hypothetical protein	Basal machinery
Rv1111c	Rv1111c	885447	O86351	RVBD_1111c	hypothetical protein	Basal machinery
Rv1112	Rv1112	887151	O53459	RVBD_1112	GTP-binding protein	Basal machinery
Rv1115	Rv1115	885951	O06567	RVBD_1115	hypothetical protein	Basal machinery
Rv1116	Rv1116	885969	O06568	RVBD_1116	hypothetical protein	Intermodular
Rv1116A	Rv1116A		L7N6A9	RVBD_1116A		Basal machinery
Rv1117	Rv1117	885847	O06569	RVBD_1117	hypothetical protein	M5
Rv1120c	Rv1120c	885633	O06572	RVBD_1120c	hypothetical protein	Basal machinery
Rv1128c	Rv1128c	885849	P9WM57	RVBD_1128c	hypothetical protein	Basal machinery
Rv1136	Rv1136		O06536	RVBD_1136		Basal machinery
Rv1137c	Rv1137c		O06537	RVBD_1137c		Basal machinery
Rv1139c	Rv1139c	885110	O06539	RVBD_1139c	hypothetical protein	Basal machinery
Rv1147	Rv1147	885471	O06547	RVBD_1147	hypothetical protein	Basal machinery
Rv1148c	Rv1148c	885451	P9WM55	RVBD_1148c	hypothetical protein	Basal machinery
Rv1158c	Rv1158c	888930	O06556	RVBD_1158c	hypothetical protein	M1.7
Rv1167c	Rv1167c	888758	O50423	RVBD_1167c	transcriptional regulator	M1.14
Rv1176c	Rv1176c	886080	O50432	RVBD_1176c	hypothetical protein	M1.30
Rv1178	Rv1178	886031	O50434	RVBD_1178	aminotransferase	Basal machinery
Rv1179c	Rv1179c	886083	O50435	RVBD_1179c	hypothetical protein	Basal machinery
Rv1186c	Rv1186c	886057	O50442	RVBD_1186c	hypothetical protein	M24
Rv1190	Rv1190	886049	O86348	RVBD_1190	hypothetical protein	Basal machinery
Rv1191	Rv1191	886041	O05293	RVBD_1191	hypothetical protein	Basal machinery
Rv1192	Rv1192	886007	O05294	RVBD_1192	hypothetical protein	Basal machinery
Rv1194c	Rv1194c	886040	O05296	RVBD_1194c	hypothetical protein	Basal machinery
Rv1204c	Rv1204c	887552	O05305	RVBD_1204c	hypothetical protein	Basal machinery
Rv1211	Rv1211	887990	O05312	RVBD_1211	hypothetical protein	Basal machinery
Rv1215c	Rv1215c	887684	O05316	RVBD_1215c	hypothetical protein	Basal machinery
Rv1219c	Rv1219c	888582	O86312	RVBD_1219c	transcriptional regulator	Global regulator
Rv1225c	Rv1225c	887148	O33221	RVBD_1225c	hypothetical protein	Basal machinery
Rv1226c	Rv1226c	887144	O33222	RVBD_1226c	transmembrane protein	Basal machinery
Rv1230c	Rv1230c	887134	O86313	RVBD_1230c	membrane protein	Basal machinery
Rv1249c	Rv1249c	887077	O50464	RVBD_1249c	membrane protein	Basal machinery
Rv1250	Rv1250	887073	P9WG87	RVBD_1250	MFS drug transporter	Basal machinery
Rv1251c	Rv1251c	887080	O50466	RVBD_1251c	hypothetical protein	Basal machinery
Rv1255c	Rv1255c	887068	P9WMD5	RVBD_1255c	HTH-type transcriptional regulator	Global regulator
Rv1265	Rv1265	887058	P9WM49	RVBD_1265	hypothetical protein	Basal machinery
Rv1268c	Rv1268c	887033	P9WM47	RVBD_1268c	hypothetical protein	Basal machinery
Rv1272c	Rv1272c	887021	P9WQJ3	RVBD_1272c	drug ABC transporter ATP-binding protein	Basal machinery
Rv1277	Rv1277	887001	Q50699	RVBD_1277	hypothetical protein	Basal machinery
Rv1279	Rv1279	887002	P9WMV5	RVBD_1279	GMC-type oxidoreductase	Basal machinery
Rv1281c	Rv1281c	886997	P9WQJ5	oppD,RVBD_1281c	oligopeptide ABC transporter ATP-binding protein OppD	Basal machinery
Rv1283c	Rv1283c	886981	P9WFZ7	RVBD_1283c,oppB	oligopeptide ABC transporter permease OppB	Basal machinery
Rv1287	Rv1287	886998	P9WME3	RVBD_1287	HTH-type transcriptional regulator	M4
Rv1288	Rv1288	886974	P9WM39	RVBD_1288	hypothetical protein	Basal machinery
Rv1289	Rv1289	886994	P9WM37	RVBD_1289	hypothetical protein	Basal machinery
Rv1290A	Rv1290A	3205114	Q79FQ6	RVBD_1290A	hypothetical protein	M1.16
Rv1290c	Rv1290c	886971	P9WM35	RVBD_1290c	hypothetical protein	Basal machinery
Rv1313c	Rv1313c					Basal machinery
Rv1314c	Rv1314c	886925	P9WP99	RVBD_1314c	cob(I)yrinic acid a,c-diamide adenosyltransferase	Basal machinery
Rv1319c	Rv1319c	886911	P9WQ31	RVBD_1319c	adenylate cyclase	Basal machinery
Rv1320c	Rv1320c	886906	P9WQ29	RVBD_1320c	adenylate cyclase	Basal machinery
Rv1322	Rv1322	886927	P9WM27	RVBD_1322	hypothetical protein	Basal machinery
Rv1322A	Rv1322A	3205097	L7N6B1	RVBD_1322A	hypothetical protein	Basal machinery
Rv1324	Rv1324	886897	P9WG61	RVBD_1324	thioredoxin	Basal machinery
Rv1332	Rv1332	886901	P9WM25	RVBD_1332	transcriptional regulator	M1.12
Rv1337	Rv1337	886870	P9WM21	RVBD_1337	integral membrane protein	Basal machinery
Rv1339	Rv1339	886972	P9WGC1	RVBD_1339	hypothetical protein	Basal machinery
Rv1341	Rv1341	886861	P9WMR7	RVBD_1341	non-canonical purine NTP pyrophosphatase	Basal machinery
Rv1352	Rv1352	886833	P9WM15	RVBD_1352	hypothetical protein	M1.25
Rv1353c	Rv1353c	886827	P9WMD3	RVBD_1353c	HTH-type transcriptional regulator	Global regulator
Rv1354c	Rv1354c	886829	P9WM13	RVBD_1354c	hypothetical protein	Basal machinery
Rv1356c	Rv1356c	886850	P9WM09	RVBD_1356c	hypothetical protein	Basal machinery
Rv1357c	Rv1357c	886815	P9WM07	RVBD_1357c	hypothetical protein	Basal machinery
Rv1359	Rv1359	886841	P9WM05	RVBD_1359	transcriptional regulator	M26
Rv1360	Rv1360	886813	P9WM03	RVBD_1360	oxidoreductase	Basal machinery
Rv1362c	Rv1362c	886809	P9WM01	RVBD_1362c	membrane protein	Basal machinery
Rv1363c	Rv1363c	886811	P9WLZ9	RVBD_1363c	membrane protein	Basal machinery
Rv1364c	Rv1364c	886802	P9WLZ7	RVBD_1364c	sigma factor regulatory protein	Basal machinery
Rv1366	Rv1366	886805	P9WLZ5	RVBD_1366	hypothetical protein	Basal machinery
Rv1367c	Rv1367c	886793	P9WLZ3	RVBD_1367c	hypothetical protein	Basal machinery
Rv1374c	Rv1374c	886783	P71802	RVBD_1374c	hypothetical protein	M22
Rv1375	Rv1375	886778	P9WF27	RVBD_1375	hypothetical protein	Basal machinery
Rv1378c	Rv1378c	886773	P71806	RVBD_1378c	hypothetical protein	Basal machinery
Rv1393c	Rv1393c	886743	P71662	RVBD_1393c	monoxygenase	Basal machinery
Rv1395	Rv1395	886251	P9WMJ1	RVBD_1395	HTH-type transcriptional regulator	M1.9
Rv1401	Rv1401	886733	P9WG51	RVBD_1401	membrane protein	Basal machinery
Rv1403c	Rv1403c	886717	P9WLY9	RVBD_1403c	methyltransferase	Basal machinery
Rv1404	Rv1404	886712	P71672	RVBD_1404	transcriptional regulator	Global regulator
Rv1405c	Rv1405c	886714	P9WLY7	RVBD_1405c	methyltransferase	Basal machinery
Rv1414	Rv1414	886696	P9WLY3	RVBD_1414	hypothetical protein	Basal machinery
Rv1419	Rv1419	886683	P9WLX9	RVBD_1419	hypothetical protein	Basal machinery
Rv1421	Rv1421	886676	P9WFQ3	RVBD_1421	hypothetical protein	Basal machinery
Rv1424c	Rv1424c	886685	P9WLX7	RVBD_1424c	membrane protein	Basal machinery
Rv1425	Rv1425	886668	P9WKC1	RVBD_1425	diacyglycerol O-acyltransferase	Basal machinery
Rv1433	Rv1433	886649	O06825	RVBD_1433	hypothetical protein	Basal machinery
Rv1435c	Rv1435c	886653	O06823	RVBD_1435c	hypothetical protein	Basal machinery
Rv1439c	Rv1439c	886630	O06820	RVBD_1439c	hypothetical protein	Basal machinery
Rv1455	Rv1455	886597	O53147	RVBD_1455	hypothetical protein	Basal machinery
Rv1456c	Rv1456c	886591	O53148	RVBD_1456c	antibiotic ABC transporter permease	M1.1
Rv1457c	Rv1457c	886587	O86349	RVBD_1457c	antibiotic ABC transporter permease	Basal machinery
Rv1458c	Rv1458c	886582	O53149	RVBD_1458c	antibiotic ABC transporter ATP-binding protein	Basal machinery
Rv1459c	Rv1459c	886585	O53150	RVBD_1459c	alpha-(1->6)-mannopyranosyltransferase	Basal machinery
Rv1460	Rv1460	886573	O53151	RVBD_1460	transcriptional regulator	M1.2
Rv1461	Rv1461	886609	P9WFP7	RVBD_1461	hypothetical protein	Basal machinery
Rv1466	Rv1466	886561	O53157	RVBD_1466	hypothetical protein	Basal machinery
Rv1473	Rv1473	886549	O53164	RVBD_1473	macrolide ABC transporter ATP-binding protein	Basal machinery
Rv1473A	Rv1473A	3205054	L7N691	RVBD_1473A	transcriptional regulator	Global regulator
Rv1474c	Rv1474c	886543	O53165	RVBD_1474c	transcriptional regulator	Basal machinery
Rv1480	Rv1480	886531	P9WLX5	RVBD_1480	hypothetical protein	Basal machinery
Rv1481	Rv1481	886533	P9WFJ7	RVBD_1481	membrane protein	Basal machinery
Rv1482c	Rv1482c	886526	P71763	RVBD_1482c	hypothetical protein	Basal machinery
Rv1486c	Rv1486c	886519	P9WLX3	RVBD_1486c	hypothetical protein	Basal machinery
Rv1487	Rv1487	886521	P71767	RVBD_1487	hypothetical protein	Basal machinery
Rv1488	Rv1488	886515	P9WPR9	RVBD_1488	hypothetical protein	Basal machinery
Rv1489A	Rv1489A	3205065	L7N6A8	RVBD_1489A	hypothetical protein	M7
Rv1490	Rv1490	886511	P9WLX1	RVBD_1490	membrane protein	Basal machinery
Rv1491c	Rv1491c	886513	P9WFS3	RVBD_1491c	TVP38/TMEM64 family membrane protein	Basal machinery
Rv1496	Rv1496	886496	P9WPZ1	RVBD_1496	transport system kinase	Basal machinery
Rv1498A	Rv1498A	3205040	I6XY36	RVBD_1498A	hypothetical protein	Basal machinery
Rv1499	Rv1499	886494	P71780	RVBD_1499	hypothetical protein	Basal machinery
Rv1501	Rv1501	886499	P9WI91	RVBD_1501	hypothetical protein	M1.7
Rv1503c	Rv1503c					Intermodular
Rv1504c	Rv1504c					Basal machinery
Rv1505c	Rv1505c	886483	P71784	RVBD_1505c	hypothetical protein	Basal machinery
Rv1506c	Rv1506c	886479	P71785	RVBD_1506c	hypothetical protein	Basal machinery
Rv1507A	Rv1507A	3205095	L7N6B6	RVBD_1507A	hypothetical protein	Basal machinery
Rv1507c	Rv1507c	886477	P9WLW5	RVBD_1507c	hypothetical protein	Basal machinery
Rv1509	Rv1509	886475	P9WLW3	RVBD_1509	hypothetical protein	Basal machinery
Rv1515c	Rv1515c	886459	P71794	RVBD_1515c	hypothetical protein	Basal machinery
Rv1517	Rv1517	886467	P71796	RVBD_1517	hypothetical protein	Basal machinery
Rv1518	Rv1518	886451	P9WLV9	RVBD_1518	hypothetical protein	Basal machinery
Rv1519	Rv1519	886453	P9WLV7	RVBD_1519	hypothetical protein	Basal machinery
Rv1520	Rv1520	886447	P9WLV5	RVBD_1520	sugar transferase	Basal machinery
Rv1523	Rv1523	886489	Q50584	RVBD_1523	methyltransferase	Basal machinery
Rv1524	Rv1524	885814	P9WN07	RVBD_1524	glycosyltransferase	Basal machinery
Rv1532c	Rv1532c	886422	O06178	RVBD_1532c	hypothetical protein	Basal machinery
Rv1533	Rv1533	886424	O06179	RVBD_1533	monooxygenase	Basal machinery
Rv1534	Rv1534	886420	O08377	RVBD_1534	transcriptional regulator	Basal machinery
Rv1535	Rv1535	886429	O06180	RVBD_1535	hypothetical protein	Basal machinery
Rv1540	Rv1540	886404	P9WHQ3	RVBD_1540	RNA pseudouridine synthase	Basal machinery
Rv1546	Rv1546	886394	P9WLU7	RVBD_1546	hypothetical protein	Basal machinery
Rv1556	Rv1556	886367	P9WMD1	RVBD_1556	HTH-type transcriptional regulator	M1.29
Rv1565c	Rv1565c	886351	O06625	RVBD_1565c	hypothetical protein	Basal machinery
Rv1566c	Rv1566c	886347	O06624	RVBD_1566c	hypothetical protein	Basal machinery
Rv1567c	Rv1567c	886349	O06623	RVBD_1567c	membrane protein	Basal machinery
Rv1572c	Rv1572c		O06618	RVBD_1572c		Intermodular
Rv1573	Rv1573	886337	O06617	RVBD_1573	phage protein	Intermodular
Rv1574	Rv1574					Basal machinery
Rv1579c	Rv1579c	886369	O06611	RVBD_1579c	phage protein	Basal machinery
Rv1583c	Rv1583c	886315	P9WLU1	RVBD_1583c	phage protein	Basal machinery
Rv1584c	Rv1584c	886307	O06606	RVBD_1584c	phage protein	M1.39
Rv1586c	Rv1586c	886305	O06604	RVBD_1586c	phage integrase	M1.3
Rv1587c	Rv1587c	886303	O06603	RVBD_1587c	hypothetical protein	M1.3
Rv1588c	Rv1588c	886325	P9WLT9	RVBD_1588c	hypothetical protein	Basal machinery
Rv1590	Rv1590	886292	P9WLT7	RVBD_1590	hypothetical protein	M1.7
Rv1592c	Rv1592c	886287	P9WK89	RVBD_1592c	hypothetical protein	Basal machinery
Rv1615	Rv1615	885499	O06132	RVBD_1615	membrane protein	Basal machinery
Rv1619	Rv1619	885509	O06136	RVBD_1619	hypothetical protein	Basal machinery
Rv1624c	Rv1624c	885135	O06141	RVBD_1624c	membrane protein	Basal machinery
Rv1628c	Rv1628c	885289	O06145	RVBD_1628c	hypothetical protein	Basal machinery
Rv1632c	Rv1632c	885649	O06149	RVBD_1632c	hypothetical protein	Basal machinery
Rv1634	Rv1634	885115	P9WJX3	RVBD_1634	multidrug-efflux transporter	Basal machinery
Rv1635c	Rv1635c	885100	O06152	RVBD_1635c	mannosyltransferase	M26
Rv1636	Rv1636	885473	P9WFC9	RVBD_1636,TB15.3	iron-regulated universal stress protein	M26
Rv1637c	Rv1637c	885132	O06154	RVBD_1637c	hypothetical protein	Basal machinery
Rv1638A	Rv1638A	3205103	L7N673	RVBD_1638A	hypothetical protein	Basal machinery
Rv1639c	Rv1639c	885642	P94973	RVBD_1639c	hypothetical protein	Basal machinery
Rv1645c	Rv1645c	885287	P94979	RVBD_1645c	hypothetical protein	Basal machinery
Rv1648	Rv1648	885065	P94983	RVBD_1648	transmembrane protein	Basal machinery
Rv1669	Rv1669	885701	O86371	RVBD_1669	hypothetical protein	M22
Rv1670	Rv1670	885702	O53917	RVBD_1670	hypothetical protein	M22
Rv1671	Rv1671	885698	O53918	RVBD_1671	membrane protein	Basal machinery
Rv1672c	Rv1672c	885700	O53919	RVBD_1672c	integral membrane transport protein	Basal machinery
Rv1674c	Rv1674c	885696	O53921	RVBD_1674c	transcriptional regulator	M2
Rv1676	Rv1676	885694	O53923	RVBD_1676	hypothetical protein	M22
Rv1682	Rv1682	885686	O33184	RVBD_1682	hypothetical protein	Basal machinery
Rv1683	Rv1683	885687	O33185	RVBD_1683	bifunctional long-chain acyl-CoA synthase/lipase	Basal machinery
Rv1684	Rv1684	885680	O33186	RVBD_1684	hypothetical protein	Basal machinery
Rv1686c	Rv1686c	885672	O33188	RVBD_1686c	ABC transporter permease	Basal machinery
Rv1687c	Rv1687c	885678	O33189	RVBD_1687c	ABC transporter ATP-binding protein	Basal machinery
Rv1688	Rv1688	885679	P9WJP7	RVBD_1688,mpg	3-methyladenine DNA glycosylase	Basal machinery
Rv1691	Rv1691	885665	O33193	RVBD_1691	hypothetical protein	Basal machinery
Rv1702c	Rv1702c	885061	P9WLT3	RVBD_1702c	hypothetical protein	Basal machinery
Rv1706A	Rv1706A	3205102	Q79FL4	RVBD_1706A	hypothetical protein	Basal machinery
Rv1707	Rv1707	885073	O33206	RVBD_1707	transmembrane protein	Basal machinery
Rv1708	Rv1708	885082	P9WLT1	RVBD_1708	initiation inhibitor protein	Basal machinery
Rv1714	Rv1714	885159	P9WGQ3	RVBD_1714	oxidoreductase	Basal machinery
Rv1718	Rv1718	885169	P71976	RVBD_1718	hypothetical protein	Basal machinery
Rv1719	Rv1719	885170	P71977	RVBD_1719	transcriptional regulator	Global regulator
Rv1724c	Rv1724c	885189	P71982	RVBD_1724c	hypothetical protein	Basal machinery
Rv1725c	Rv1725c	885191	P71983	RVBD_1725c	hypothetical protein	Basal machinery
Rv1726	Rv1726	885192	P71984	RVBD_1726	oxidoreductase	Basal machinery
Rv1727	Rv1727	887422	P71985	RVBD_1727	hypothetical protein	Basal machinery
Rv1728c	Rv1728c	885193	P71986	RVBD_1728c	hypothetical protein	Basal machinery
Rv1729c	Rv1729c	885194	P9WFH9	RVBD_1729c	S-adenosylmethionine-dependent methyltransferase	Basal machinery
Rv1730c	Rv1730c	885202	P71988	RVBD_1730c	penicillin-binding protein	Basal machinery
Rv1734c	Rv1734c	885212	P9WLS7	RVBD_1734c	hypothetical protein	Basal machinery
Rv1735c	Rv1735c	885216	P9WLS5	RVBD_1735c	membrane protein	Basal machinery
Rv1738	Rv1738	885215	P9WLS3	RVBD_1738	hypothetical protein	Basal machinery
Rv1739c	Rv1739c	887208	P9WGF7	RVBD_1739c	sulfate ABC transporter permease	Basal machinery
Rv1742	Rv1742	885234	O33271	RVBD_1742	hypothetical protein	Basal machinery
Rv1747	Rv1747	885311	O65934	RVBD_1747	ABC transporter ATP-binding protein/permease	Basal machinery
Rv1751	Rv1751	885489	O65936	RVBD_1751	oxidoreductase	Basal machinery
Rv1754c	Rv1754c	885467	O06790	RVBD_1754c	hypothetical protein	Basal machinery
Rv1756c	Rv1756c					Basal machinery
Rv1760	Rv1760	885556	P9WKB9	RVBD_1760	diacylglycerol acyltransferase	Basal machinery
Rv1762c	Rv1762c	885373	O06797	RVBD_1762c	hypothetical protein	Basal machinery
Rv1765A	Rv1765A		Q79FL0	RVBD_1765A		Basal machinery
Rv1765c	Rv1765c	885256	O06798	RVBD_1765c	hypothetical protein	Basal machinery
Rv1766	Rv1766	885427	O06799	RVBD_1766	hypothetical protein	Basal machinery
Rv1770	Rv1770	885415	O06803	RVBD_1770	hypothetical protein	Basal machinery
Rv1772	Rv1772	885920	O06805	RVBD_1772	hypothetical protein	Basal machinery
Rv1773c	Rv1773c	885342	O06806	RVBD_1773c	transcriptional regulator	M1.5
Rv1774	Rv1774	885367	O33177	RVBD_1774	oxidoreductase	M1.5
Rv1776c	Rv1776c	885821	O33179	RVBD_1776c	transcriptional regulator	Global regulator
Rv1780	Rv1780	885851	O53931	RVBD_1780	hypothetical protein	Basal machinery
Rv1786	Rv1786	885846	O53937	RVBD_1786	ferredoxin	Basal machinery
Rv1792	Rv1792	886252		esxM		Basal machinery
Rv1804c	Rv1804c	885588	O53953	RVBD_1804c	hypothetical protein	Basal machinery
Rv1805c	Rv1805c	885470	O53954	RVBD_1805c	hypothetical protein	Basal machinery
Rv1810	Rv1810	885591	O07222	RVBD_1810	hypothetical protein	Basal machinery
Rv1812c	Rv1812c	885487	P9WJJ1	RVBD_1812c	dehydrogenase	Basal machinery
Rv1813c	Rv1813c	885546	P9WLS1	RVBD_1813c	hypothetical protein	Basal machinery
Rv1815	Rv1815					Basal machinery
Rv1816	Rv1816	885340	P9WMC9	RVBD_1816	HTH-type transcriptional regulator	Global regulator
Rv1817	Rv1817	885548	Q50616	RVBD_1817	flavoprotein	Basal machinery
Rv1823	Rv1823	885547	P9WFG1	RVBD_1823	hypothetical protein	Basal machinery
Rv1824	Rv1824	885719	P9WLR7	RVBD_1824	hypothetical protein	Basal machinery
Rv1825	Rv1825	885726	P9WFG3	RVBD_1825	hypothetical protein	Basal machinery
Rv1828	Rv1828	885336	P9WME7	RVBD_1828	HTH-type transcriptional regulator	M19
Rv1829	Rv1829	885743	P9WLR5	RVBD_1829	hypothetical protein	Basal machinery
Rv1830	Rv1830	885740	P9WME5	RVBD_1830	HTH-type transcriptional regulator	Basal machinery
Rv1834	Rv1834	888761	P9WLR1	lipZ,RVBD_1834	hydrolase	Basal machinery
Rv1835c	Rv1835c	885877	P9WIQ9	RVBD_1835c	serine esterase	Basal machinery
Rv1836c	Rv1836c	885707	P9WLQ9	RVBD_1836c	hypothetical protein	Basal machinery
Rv1841c	Rv1841c	885656	P9WLQ7	RVBD_1841c	hypothetical protein	Basal machinery
Rv1842c	Rv1842c	885739	P9WFP3	RVBD_1842c	hypothetical protein	Basal machinery
Rv1847	Rv1847	885734	P9WIM3	RVBD_1847	esterase	M1.1
Rv1856c	Rv1856c	885708	P9WGQ1	RVBD_1856c	oxidoreductase	Basal machinery
Rv1861	Rv1861	885741	P95154	RVBD_1861	transmembrane protein	Basal machinery
Rv1863c	Rv1863c	885722	P95152	RVBD_1863c	integral membrane protein	Basal machinery
Rv1864c	Rv1864c	885800	P95151	RVBD_1864c	hypothetical protein	Basal machinery
Rv1865c	Rv1865c	885806	P95150	RVBD_1865c	short-chain type dehydrogenase	Basal machinery
Rv1868	Rv1868	885757	P95147	RVBD_1868	hypothetical protein	Basal machinery
Rv1869c	Rv1869c	885796	P95146	RVBD_1869c	reductase	Basal machinery
Rv1870c	Rv1870c	885797	P95145	RVBD_1870c	hypothetical protein	Intermodular
Rv1871c	Rv1871c	885804	P95144	RVBD_1871c	hypothetical protein	Basal machinery
Rv1873	Rv1873	885789	O07756	RVBD_1873	hypothetical protein	Basal machinery
Rv1874	Rv1874	885748	O07755	RVBD_1874	hypothetical protein	Basal machinery
Rv1875	Rv1875	885793	O07754	RVBD_1875	hypothetical protein	M1.1
Rv1879	Rv1879	885650	O07751	RVBD_1879	hypothetical protein	Basal machinery
Rv1882c	Rv1882c	885782	O07749	RVBD_1882c	short-chain type dehydrogenase/reductase	Basal machinery
Rv1883c	Rv1883c	885484	O07748	RVBD_1883c	hypothetical protein	Basal machinery
Rv1887	Rv1887	885247	O07745	RVBD_1887	hypothetical protein	Basal machinery
Rv1888A	Rv1888A	3205115	Q79FJ0	RVBD_1888A		Basal machinery
Rv1888c	Rv1888c		O07744	RVBD_1888c		Basal machinery
Rv1889c	Rv1889c		O07743	RVBD_1889c		Basal machinery
Rv1893	Rv1893	885269	O07739	RVBD_1893	hypothetical protein	Basal machinery
Rv1894c	Rv1894c	885081	O07738	RVBD_1894c	hypothetical protein	Basal machinery
Rv1895	Rv1895	885148	O07737	RVBD_1895	zinc-binding alcohol dehydrogenase	M1.20
Rv1896c	Rv1896c	885915	P9WFH7	RVBD_1896c	S-adenosyl-L-methionine-dependent methyltransferase	Basal machinery
Rv1898	Rv1898	885089	P9WFQ1	RVBD_1898	hypothetical protein	Basal machinery
Rv1899c	Rv1899c	885138	P9WK29	lppD,RVBD_1899c	lipoprotein LppD	Basal machinery
Rv1904	Rv1904	885281	O07728	RVBD_1904	hypothetical protein	Basal machinery
Rv1910c	Rv1910c	885897	P9WFN5	RVBD_1910c	hypothetical protein	Basal machinery
Rv1913	Rv1913	885640	O07720	RVBD_1913	hypothetical protein	Basal machinery
Rv1919c	Rv1919c	885876	O53961	RVBD_1919c	hypothetical protein	Basal machinery
Rv1920	Rv1920	885416	O53962	RVBD_1920	membrane protein	Basal machinery
Rv1922	Rv1922	885918	P95291	RVBD_1922	lipoprotein	Basal machinery
Rv1927	Rv1927	885912	P95287	RVBD_1927	hypothetical protein	Basal machinery
Rv1929c	Rv1929c	885630	P95285	RVBD_1929c	hypothetical protein	Basal machinery
Rv1931c	Rv1931c	885437	P95283	RVBD_1931c	transcriptional regulator	Basal machinery
Rv1936	Rv1936	885882	P95278	RVBD_1936	monooxygenase	Basal machinery
Rv1944c	Rv1944c	885884	P95270	RVBD_1944c	hypothetical protein	Basal machinery
Rv1945	Rv1945	885980	P9WLQ5	RVBD_1945	hypothetical protein	Basal machinery
Rv1947	Rv1947	885976	P95267	RVBD_1947	hypothetical protein	Basal machinery
Rv1950c	Rv1950c	885973	P95264	RVBD_1950c	hypothetical protein	Basal machinery
Rv1951c	Rv1951c	885972	P95263	RVBD_1951c	hypothetical protein	Basal machinery
Rv1954A	Rv1954A		P0CV86	RVBD_1954A		M1.2
Rv1954c	Rv1954c	885967	P9WLQ3	RVBD_1954c	hypothetical protein	M1.2
Rv1958c	Rv1958c	885960	P95256	RVBD_1958c	hypothetical protein	Basal machinery
Rv1961	Rv1961	885954	P95253	RVBD_1961	hypothetical protein	Basal machinery
Rv1972	Rv1972	885937	O53973	RVBD_1972	Mce associated membrane protein	Basal machinery
Rv1975	Rv1975	885934	O53976	RVBD_1975	hypothetical protein	Basal machinery
Rv1977	Rv1977	885931	O53978	RVBD_1977	hypothetical protein	Basal machinery
Rv1978	Rv1978	885928	O53979	RVBD_1978	hypothetical protein	Basal machinery
Rv1979c	Rv1979c	885819	P9WQM5	RVBD_1979c	permease	Basal machinery
Rv1985c	Rv1985c	885818	P9WMF5	RVBD_1985c	HTH-type transcriptional regulator	Global regulator
Rv1986	Rv1986	885635	P9WK31	RVBD_1986	amino-acid transporter	Basal machinery
Rv1987	Rv1987	885815	P9WLQ1	RVBD_1987	chitinase	Basal machinery
Rv1989c	Rv1989c	885810	P9WLP9	RVBD_1989c	hypothetical protein	Basal machinery
Rv1990A	Rv1990A		L7N6A3	RVBD_1990A		Basal machinery
Rv1990c	Rv1990c	885422	P9WLP7	RVBD_1990c	transcriptional regulator	Global regulator
Rv1993c	Rv1993c	885631	P9WLP5	RVBD_1993c	hypothetical protein	Basal machinery
Rv1995	Rv1995	888917	P9WLP3	RVBD_1995	hypothetical protein	Basal machinery
Rv1996	Rv1996	888863	P9WLP1	RVBD_1996	universal stress protein	Basal machinery
Rv1999c	Rv1999c	888881	P9WQM3	RVBD_1999c	transporter	Basal machinery
Rv2000	Rv2000	888864	P9WLN7	RVBD_2000	hypothetical protein	Basal machinery
Rv2005c	Rv2005c	888831	P9WLN1	RVBD_2005c	universal stress protein	Basal machinery
Rv2006	Rv2006	888943	P9WN15	otsB1,RVBD_2006	trehalose-6-phosphate phosphatase OtsB	Basal machinery
Rv2008c	Rv2008c	888813	P9WLM9	RVBD_2008c	hypothetical protein	Basal machinery
Rv2011c	Rv2011c	888922	P9WLM5	RVBD_2011c	hypothetical protein	Global regulator
Rv2012	Rv2012	888927	P9WLM3	RVBD_2012	hypothetical protein	Basal machinery
Rv2016	Rv2016	888630	O53462	RVBD_2016	hypothetical protein	M13
Rv2017	Rv2017	888435	O53463	RVBD_2017	transcriptional regulator	M13
Rv2023A	Rv2023A					M1.2
Rv2023c	Rv2023c	887444	O53469	RVBD_2023c	hypothetical protein	Basal machinery
Rv2025c	Rv2025c	888782	P9WGF5	RVBD_2025c	cation efflux system protein	Basal machinery
Rv2026c	Rv2026c	887460	P9WFD1	RVBD_2026c	universal stress protein	Basal machinery
Rv2028c	Rv2028c	888494	P9WFD9	RVBD_2028c	universal stress protein	Basal machinery
Rv2034	Rv2034	887859	O53478	RVBD_2034	ArsR family HTH-type transcriptional repressor	Global regulator
Rv2036	Rv2036	887433	O53480	RVBD_2036	hypothetical protein	Basal machinery
Rv2038c	Rv2038c	887998	O53482	RVBD_2038c	sugar ABC transporter ATP-binding protein	Basal machinery
Rv2044c	Rv2044c	888243	O53487	RVBD_2044c	hypothetical protein	Basal machinery
Rv2049c	Rv2049c	888593	O53491	RVBD_2049c	hypothetical protein	Basal machinery
Rv2052c	Rv2052c	888608	O53494	RVBD_2052c	hypothetical protein	Basal machinery
Rv2054	Rv2054	888722	O86353	RVBD_2054	hypothetical protein	Basal machinery
Rv2059	Rv2059	888402	O07257	RVBD_2059	hypothetical protein	M5
Rv2060	Rv2060	888388	O86339	RVBD_2060	integral membrane protein	Basal machinery
Rv2067c	Rv2067c	888752	P9WLL9	RVBD_2067c	hypothetical protein	Basal machinery
Rv2074	Rv2074	888523	P9WLL7	RVBD_2074	pyridoxamine 5'-phosphate oxidase	Basal machinery
Rv2077A	Rv2077A	3205060	L7N6B8	RVBD_2077A	hypothetical protein	Basal machinery
Rv2077c	Rv2077c	887785	P9WLL1	RVBD_2077c	transmembrane protein	Basal machinery
Rv2078	Rv2078	888071	P9WLK9	RVBD_2078	hypothetical protein	Basal machinery
Rv2079	Rv2079	887333	P9WLK7	RVBD_2079	hypothetical protein	Basal machinery
Rv2081c	Rv2081c	887348	P9WLK5	RVBD_2081c	transmembrane protein	Basal machinery
Rv2082	Rv2082	887795	Q10690	RVBD_2082	hypothetical protein	Basal machinery
Rv2084	Rv2084	887350	P9WLK1	RVBD_2084	hypothetical protein	Basal machinery
Rv2098c	Rv2098c	888312		PE_PGRS36		Basal machinery
Rv2099c	Rv2099c	887413		PE21		Basal machinery
Rv2100	Rv2100	888454	P9WLJ3	RVBD_2100	hypothetical protein	Basal machinery
Rv2102	Rv2102	888639	O53500	RVBD_2102	hypothetical protein	Basal machinery
Rv2114	Rv2114	887803	O33249	RVBD_2114	hypothetical protein	Basal machinery
Rv2117	Rv2117	887685	O33252	RVBD_2117	hypothetical protein	Basal machinery
Rv2119	Rv2119	888413	O33254	RVBD_2119	hypothetical protein	Basal machinery
Rv2132	Rv2132	887827	O06243	RVBD_2132	hypothetical protein	M1.1
Rv2133c	Rv2133c	887616	O06242	RVBD_2133c	hypothetical protein	Basal machinery
Rv2134c	Rv2134c	887844	O06241	RVBD_2134c	hypothetical protein	Basal machinery
Rv2137c	Rv2137c	888009	O06238	RVBD_2137c	hypothetical protein	Intermodular
Rv2140c	Rv2140c	888118	P9WFN1	TB18.6,RVBD_2140c	hypothetical protein	Basal machinery
Rv2141c	Rv2141c	887384	L7N684	RVBD_2141c	hypothetical protein	Basal machinery
Rv2143	Rv2143	887406	O06232	RVBD_2143	hypothetical protein	Basal machinery
Rv2146c	Rv2146c	888759	O06230	RVBD_2146c	transmembrane protein	Basal machinery
Rv2148c	Rv2148c	888127	P9WFQ7	RVBD_2148c	hypothetical protein	M1.39
Rv2159c	Rv2159c	887236	O06218	RVBD_2159c	hypothetical protein	Basal machinery
Rv2160c	Rv2160c	886254	Q79FG9	RVBD_2160A		Basal machinery
Rv2161c	Rv2161c	887978	O06216	RVBD_2161c	hypothetical protein	Basal machinery
Rv2172c	Rv2172c	888147	O53506	RVBD_2172c	hypothetical protein	Basal machinery
Rv2177c	Rv2177c	888326	O53511	RVBD_2177c	transposase	Basal machinery
Rv2180c	Rv2180c	887954	O53514	RVBD_2180c	integral membrane protein	Basal machinery
Rv2181	Rv2181	888269	P9WMZ9	RVBD_2181	alpha-(1-2)-phosphatidylinositol mannoside mannosyltransferase	Basal machinery
Rv2197c	Rv2197c	887213	P9WLI9	RVBD_2197c	transmembrane protein	Basal machinery
Rv2203	Rv2203	888318	P9WLI7	RVBD_2203	membrane protein	Basal machinery
Rv2204c	Rv2204c	888428	P9WMN5	RVBD_2204c	hypothetical protein	M1.1
Rv2205c	Rv2205c	887277	P9WMT7	RVBD_2205c	hypothetical protein	M1.1
Rv2216	Rv2216	887640	P9WGP7	RVBD_2216	epimerase family protein	Basal machinery
Rv2219A	Rv2219A	3205099	Q79FG7	RVBD_2219A	membrane protein	Basal machinery
Rv2226	Rv2226	888513	P9WLH9	RVBD_2226	hypothetical protein	Basal machinery
Rv2232	Rv2232	887597	P9WPI9	ptkA,RVBD_2232	protein tyrosine kinase transcriptional regulator PtkA	Basal machinery
Rv2237	Rv2237	887840	P9WLH1	RVBD_2237	hypothetical protein	Basal machinery
Rv2238c	Rv2238c	887871	P9WIE3	ahpE,RVBD_2238c	peroxiredoxin	Basal machinery
Rv2239c	Rv2239c	888451	P9WLG9	RVBD_2239c	hypothetical protein	Basal machinery
Rv2240c	Rv2240c	888600	P9WLG7	RVBD_2240c	hypothetical protein	Basal machinery
Rv2242	Rv2242	888624	P9WPH5	RVBD_2242	hypothetical protein	Basal machinery
Rv2250A	Rv2250A					Basal machinery
Rv2250c	Rv2250c	888018	P9WMC5	RVBD_2250c	HTH-type transcriptional regulator	Global regulator
Rv2254c	Rv2254c	887182	O53528	RVBD_2254c	integral membrane protein	Basal machinery
Rv2255c	Rv2255c		O53529	RVBD_2255c		Basal machinery
Rv2256c	Rv2256c	885865	O53530	RVBD_2256c	hypothetical protein	Basal machinery
Rv2269c	Rv2269c	887623	P9WLF9	RVBD_2269c	hypothetical protein	Basal machinery
Rv2271	Rv2271	887223	P9WLF7	RVBD_2271	hypothetical protein	Basal machinery
Rv2272	Rv2272	887459	P9WLF5	RVBD_2272	transmembrane protein	Basal machinery
Rv2275	Rv2275	888355	P9WPF9	RVBD_2275	cyclo(L-tyrosyl-L-tyrosyl) synthase	Basal machinery
Rv2277c	Rv2277c	888498	P9WLF1	RVBD_2277c	glycerolphosphodiesterase	Basal machinery
Rv2280	Rv2280	887601	P9WIT1	RVBD_2280		Basal machinery
Rv2281	Rv2281	887257	P9WIA5	pitB,RVBD_2281	phosphate permease	Basal machinery
Rv2282c	Rv2282c	887253	P9WMF3	RVBD_2282c	LysR family HTH-type transcriptional regulator	Basal machinery
Rv2283	Rv2283	887644	P9WLE9	RVBD_2283	hypothetical protein	Basal machinery
Rv2286c	Rv2286c	887395	P9WLE7	RVBD_2286c	hypothetical protein	Basal machinery
Rv2287	Rv2287	887570	P9WJI3	yjcE,RVBD_2287	Na(+)/H(+) transporter	Basal machinery
Rv2288	Rv2288	887702	P9WLE5	RVBD_2288	hypothetical protein	Basal machinery
Rv2292c	Rv2292c	888805	P9WLE3	RVBD_2292c	hypothetical protein	Basal machinery
Rv2293c	Rv2293c	887283	P9WLE1	RVBD_2293c	hypothetical protein	Basal machinery
Rv2294	Rv2294	885868	P9WQ83	RVBD_2294	cystathionine beta-lyase	Basal machinery
Rv2300c	Rv2300c	887880	P9WLD7	RVBD_2300c	metallo-hydrolase	Basal machinery
Rv2302	Rv2302	885154	P9WLD5	RVBD_2302	hypothetical protein	Basal machinery
Rv2306A	Rv2306A	3205062	Q79FG5	RVBD_2306A		Basal machinery
Rv2307A	Rv2307A	3205073	L7N678	RVBD_2307A	glycine-rich protein	Basal machinery
Rv2307B	Rv2307B	3205074	Q79FG2	RVBD_2307B	glycine-rich protein	Intermodular
Rv2307D	Rv2307D					Basal machinery
Rv2307c	Rv2307c	885277	P9WLC7	RVBD_2307c	hypothetical protein	Basal machinery
Rv2311	Rv2311	885168	P9WLC1	RVBD_2311	hypothetical protein	Basal machinery
Rv2312	Rv2312	885152	P9WLB9	RVBD_2312	hypothetical protein	Basal machinery
Rv2323c	Rv2323c	885480	P71889	RVBD_2323c	hypothetical protein	M2
Rv2324	Rv2324	885060	P71888	RVBD_2324	AsnC family transcriptional regulator	Global regulator
Rv2326c	Rv2326c	888184	P9WQI7	RVBD_2326c	ABC transporter ATP-binding protein	Basal machinery
Rv2331	Rv2331	888099	P9WLB3	RVBD_2331	hypothetical protein	M1.39
Rv2331A	Rv2331A	3205048	Q79FF7	RVBD_2331A	hypothetical protein	M1.39
Rv2336	Rv2336	888958	P95232	RVBD_2336	hypothetical protein	Basal machinery
Rv2337c	Rv2337c	885123	P95233	RVBD_2337c	hypothetical protein	Basal machinery
Rv2346c	Rv2346c	888956	P9WNI7	RVBD_2346c,esxO	ESAT-6 like protein EsxO	Basal machinery
Rv2347c	Rv2347c	886002	P9WNI5	RVBD_2347c,esxP	ESAT-6 like protein EsxP	Basal machinery
Rv2348c	Rv2348c	886006	P95244	RVBD_2348c	hypothetical protein	Basal machinery
Rv2354	Rv2354					Basal machinery
Rv2360c	Rv2360c	888952	O05838	RVBD_2360c	hypothetical protein	Basal machinery
Rv2366c	Rv2366c	885987	P9WFP1	RVBD_2366c	transmembrane protein	Basal machinery
Rv2368c	Rv2368c	885998	P9WIA3	RVBD_2368c,phoH1	protein PhoH	Basal machinery
Rv2369c	Rv2369c	885811	L0TC46	RVBD_2369c	hypothetical protein	Basal machinery
Rv2370c	Rv2370c	886017	O05828	RVBD_2370c	hypothetical protein	Basal machinery
Rv2387	Rv2387	885302	P71757	RVBD_2387	hypothetical protein	Basal machinery
Rv2390c	Rv2390c	885866	P71754	RVBD_2390c	hypothetical protein	Basal machinery
Rv2401	Rv2401	885664	O86326	RVBD_2401	hypothetical protein	Basal machinery
Rv2405	Rv2405	885507	P71738	RVBD_2405	hypothetical protein	Basal machinery
Rv2409c	Rv2409c	885674	P71734	RVBD_2409c	hypothetical protein	Basal machinery
Rv2410c	Rv2410c	885257	P71733	RVBD_2410c	hypothetical protein	Basal machinery
Rv2432c	Rv2432c	885075	P71917	RVBD_2432c	hypothetical protein	M10
Rv2434c	Rv2434c	885885	P71915	RVBD_2434c	transmembrane protein	Basal machinery
Rv2438A	Rv2438A	3205071	Q79FD9	RVBD_2438A	hypothetical protein	Basal machinery
Rv2451	Rv2451	886025	O53178	RVBD_2451	proline/serine-rich protein	Basal machinery
Rv2452c	Rv2452c	885858	O53179	RVBD_2452c	hypothetical protein	Intermodular
Rv2456c	Rv2456c	887340	P9WJX1	RVBD_2456c	MFS-type transporter	Basal machinery
Rv2459	Rv2459	888191	P9WJW9	RVBD_2459	MFS-type transporter	Basal machinery
Rv2466c	Rv2466c	888214	O53193	RVBD_2466c	hypothetical protein	M1.1
Rv2468c	Rv2468c	887767	P9WLA7	RVBD_2468c	hypothetical protein	Basal machinery
Rv2469c	Rv2469c	888591	O53196	RVBD_2469c	hypothetical protein	Basal machinery
Rv2472	Rv2472	887255	O53199	RVBD_2472	hypothetical protein	Basal machinery
Rv2473	Rv2473	888163	O53200	RVBD_2473	alanine/proline-rich membrane protein	Basal machinery
Rv2474c	Rv2474c	888606	I6X4D6	RVBD_2474c	hypothetical protein	Basal machinery
Rv2478c	Rv2478c	887304	O53205	RVBD_2478c	hypothetical protein	Basal machinery
Rv2479c	Rv2479c					Basal machinery
Rv2488c	Rv2488c	887997	O53213	RVBD_2488c	LuxR family transcriptional regulator	Basal machinery
Rv2489c	Rv2489c	888937	O53214	RVBD_2489c	alanine-rich protein	Basal machinery
Rv2491	Rv2491	887780	I6XEF6	RVBD_2491	hypothetical protein	Basal machinery
Rv2506	Rv2506	888516	O06169	RVBD_2506	TetR family transcriptional regulator	M1.16
Rv2507	Rv2507	888244	O06170	RVBD_2507	proline-rich membrane protein	Basal machinery
Rv2508c	Rv2508c	888527	O06171	RVBD_2508c	integral membrane protein	Basal machinery
Rv2514c	Rv2514c	887878	I6Y0Y0	RVBD_2514c	hypothetical protein	Basal machinery
Rv2515c	Rv2515c	887812	I6XEH5	RVBD_2515c	hypothetical protein	M1.1
Rv2516c	Rv2516c	887186	I6YDM0	RVBD_2516c	hypothetical protein	Basal machinery
Rv2517c	Rv2517c	887673	O53222	RVBD_2517c	hypothetical protein	Basal machinery
Rv2520c	Rv2520c	887804	I6XEI0	RVBD_2520c	membrane protein	Basal machinery
Rv2525c	Rv2525c	888612	I6XEI5	RVBD_2525c	hypothetical protein	Basal machinery
Rv2529	Rv2529	887153	P95024	RVBD_2529	hypothetical protein	Basal machinery
Rv2531c	Rv2531c	887216	I6X4K0	RVBD_2531c	amino acid decarboxylase	Basal machinery
Rv2536	Rv2536	888386	P95017	RVBD_2536	transmembrane protein	Basal machinery
Rv2541	Rv2541	887831	P95012	RVBD_2541	alanine-rich protein	Basal machinery
Rv2542	Rv2542	887261	P95011	RVBD_2542	hypothetical protein	Basal machinery
Rv2551c	Rv2551c	887855	I6Y9M6	RVBD_2551c	hypothetical protein	Basal machinery
Rv2556c	Rv2556c	887451	P9WFP9	RVBD_2556c	hypothetical protein	Basal machinery
Rv2557	Rv2557	887865	P9WLA5	RVBD_2557	hypothetical protein	Basal machinery
Rv2558	Rv2558	887298	P9WLA3	RVBD_2558	hypothetical protein	Basal machinery
Rv2559c	Rv2559c	887368	P9WQN1	RVBD_2559c	alanine/leucine/valine-rich protein	Basal machinery
Rv2560	Rv2560	887363	P9WLA1	RVBD_2560	proline/glycine-rich transmembrane protein	Basal machinery
Rv2562	Rv2562					Basal machinery
Rv2563	Rv2563	887516	P9WG15	RVBD_2563	glutamine ABC transporter permease	Basal machinery
Rv2565	Rv2565	887288	P9WIY7	RVBD_2565	NTE family protein	Basal machinery
Rv2566	Rv2566	887737	Q50732	RVBD_2566	hypothetical protein	Basal machinery
Rv2567	Rv2567	888578	P9WL97	RVBD_2567	alanine/leucine-rich protein	Basal machinery
Rv2569c	Rv2569c	887783	P9WL93	RVBD_2569c	hypothetical protein	Basal machinery
Rv2570	Rv2570	887377	P9WL91	RVBD_2570	hypothetical protein	Basal machinery
Rv2571c	Rv2571c	887382	P9WL89	RVBD_2571c	transmembrane protein	Basal machinery
Rv2574	Rv2574	887232	P9WL87	RVBD_2574	hypothetical protein	Basal machinery
Rv2576c	Rv2576c	887251	P9WL83	RVBD_2576c	membrane protein	Basal machinery
Rv2577	Rv2577	888207	P9WL81	RVBD_2577	hypothetical protein	Basal machinery
Rv2578c	Rv2578c	887427	P9WL79	RVBD_2578c	hypothetical protein	Basal machinery
Rv2581c	Rv2581c	888217	P9WMW3	RVBD_2581c	glyoxalase II	Basal machinery
Rv2585c	Rv2585c	887701	P9WL77	RVBD_2585c	lipoprotein	Basal machinery
Rv2588c	Rv2588c	887346	P9WL75	RVBD_2588c,yajC	membrane protein secretion factor YajC	Basal machinery
Rv2597	Rv2597	887679	P9WL73	RVBD_2597	membrane protein	Basal machinery
Rv2598	Rv2598	887689	P9WL71	RVBD_2598	hypothetical protein	Basal machinery
Rv2609c	Rv2609c	888208	I6YDV4	RVBD_2609c	membrane protein	Basal machinery
Rv2617c	Rv2617c	888610	I6XER9	RVBD_2617c	transmembrane protein	Basal machinery
Rv2618	Rv2618	887690	O06195	RVBD_2618	hypothetical protein	Basal machinery
Rv2621c	Rv2621c	888565	I6Y187	RVBD_2621c	transcriptional regulator	M1.2
Rv2622	Rv2622	887825	I6XES4	RVBD_2622	methyltransferase	M1.2
Rv2623	Rv2623	887442	P9WFD7	TB31.7,RVBD_2623	universal stress protein	Basal machinery
Rv2628	Rv2628	888566	P9WL65	RVBD_2628	hypothetical protein	Basal machinery
Rv2629	Rv2629	888588	P9WL63	RVBD_2629	hypothetical protein	Basal machinery
Rv2632c	Rv2632c	887231	P9WL61	RVBD_2632c	hypothetical protein	Basal machinery
Rv2633c	Rv2633c	888597	P9WL59	RVBD_2633c	hypothetical protein	Basal machinery
Rv2635	Rv2635	887813	P9WL57	RVBD_2635	hypothetical protein	Basal machinery
Rv2636	Rv2636	888196	P9WL55	RVBD_2636	O-phosphotransferase	Basal machinery
Rv2638	Rv2638	888156	I6X4W0	RVBD_2638	hypothetical protein	Basal machinery
Rv2639c	Rv2639c	887428	P9WFN9	RVBD_2639c	integral membrane protein	M10
Rv2640c	Rv2640c	888594	I6Y1A7	RVBD_2640c	ArsR family transcriptional regulator	M1.26
Rv2642	Rv2642	887703	P71941	RVBD_2642	ArsR family transcriptional regulator	Global regulator
Rv2644c	Rv2644c	887366	P9WL53	RVBD_2644c	hypothetical protein	Basal machinery
Rv2645	Rv2645	887799	P9WL51	RVBD_2645	hypothetical protein	Basal machinery
Rv2646	Rv2646	887706	I6XEU5	RVBD_2646	integrase	Basal machinery
Rv2650c	Rv2650c	887478	P71947	RVBD_2650c	prophage protein	Basal machinery
Rv2655c	Rv2655c	887388	I6Y1F0	RVBD_2655c	prophage protein	Basal machinery
Rv2657c	Rv2657c	887399	I6YE30	RVBD_2657c	prophage protein	Basal machinery
Rv2658c	Rv2658c	888562	P9WL47	RVBD_2658c	prophage protein	Basal machinery
Rv2661c	Rv2661c	888545	P71958	RVBD_2661c	hypothetical protein	Basal machinery
Rv2663	Rv2663	888561	I6X520	RVBD_2663	hypothetical protein	Basal machinery
Rv2664	Rv2664	888501	I6Y9Z5	RVBD_2664	hypothetical protein	Basal machinery
Rv2665	Rv2665	887748	I6Y1F9	RVBD_2665	arginine-rich protein	Basal machinery
Rv2666	Rv2666		P71963	RVBD_2666		Basal machinery
Rv2667	Rv2667	887415	P9WPC7	RVBD_2667,clpC2	ATP-dependent protease ATP-binding subunit ClpC	Basal machinery
Rv2668	Rv2668	887993	P71965	RVBD_2668	alanine/valine-rich protein	Basal machinery
Rv2669	Rv2669	887699	P9WQG5	RVBD_2669	GCN5-like N-acetyltransferase	Basal machinery
Rv2670c	Rv2670c	887407	I6Y1G3	RVBD_2670c	hypothetical protein	Basal machinery
Rv2675c	Rv2675c	887760	I6Y1G8	RVBD_2675c	hypothetical protein	Basal machinery
Rv2676c	Rv2676c	887718	P9WL45	RVBD_2676c	hypothetical protein	Basal machinery
Rv2683	Rv2683	887207	I6X540	RVBD_2683	hypothetical protein	Basal machinery
Rv2684	Rv2684	888366	P9WPD9	RVBD_2684,arsA	arsenic-transport integral membrane protein ArsA	Basal machinery
Rv2690c	Rv2690c	888011	I6Y1H7	RVBD_2690c	integral membrane protein	Basal machinery
Rv2698	Rv2698	888528	I6X552	RVBD_2698	alanine-rich transmembrane protein	Basal machinery
Rv2699c	Rv2699c	887218	I6YA17	RVBD_2699c	hypothetical protein	Basal machinery
Rv2700	Rv2700	887405	I6Y1I5	RVBD_2700	alanine-rich protein	Intermodular
Rv2705c	Rv2705c	887302	O07206	RVBD_2705c	hypothetical protein	Basal machinery
Rv2706c	Rv2706c	887484	O07207	RVBD_2706c	hypothetical protein	Basal machinery
Rv2707	Rv2707	887750	I6YE67	RVBD_2707	transmembrane alanine/leucine-rich protein	Basal machinery
Rv2708c	Rv2708c	887159	I6X562	RVBD_2708c	hypothetical protein	Basal machinery
Rv2709	Rv2709	887282	I6YA25	RVBD_2709	transmembrane protein	Basal machinery
Rv2712c	Rv2712c	888586	I6YE70	RVBD_2712c	hypothetical protein	Basal machinery
Rv2719c	Rv2719c	887959	I6YA32	RVBD_2719c	membrane protein	Basal machinery
Rv2722	Rv2722	888399	O33227	RVBD_2722	hypothetical protein	Basal machinery
Rv2723	Rv2723	887768	P9WG93	RVBD_2723	integral membrane protein	Basal machinery
Rv2728c	Rv2728c	888330	I6X579	RVBD_2728c	alanine-rich protein	Basal machinery
Rv2729c	Rv2729c	888333	O33234	RVBD_2729c	integral membrane protein	Basal machinery
Rv2730	Rv2730	888323	I6Y1K4	RVBD_2730	hypothetical protein	Basal machinery
Rv2731	Rv2731	888300	I6XF60	RVBD_2731	alanine/arginine-rich protein	Basal machinery
Rv2737A	Rv2737A		Q79FB4	RVBD_2737A		Basal machinery
Rv2742c	Rv2742c	888332	O33285	RVBD_2742c	arginine-rich protein	M19
Rv2744c	Rv2744c	888304	P9WHP5	RVBD_2744c,35kd_ag	alanine-rich protein	Basal machinery
Rv2749	Rv2749	888390	O33291	RVBD_2749	hypothetical protein	Basal machinery
Rv2765	Rv2765	887714	I6XF92	RVBD_2765	alanine-rich hydrolase	Basal machinery
Rv2767c	Rv2767c	887762	O33309	RVBD_2767c	membrane protein	Basal machinery
Rv2777c	Rv2777c	887833	O33319	RVBD_2777c	hypothetical protein	Basal machinery
Rv2778c	Rv2778c	887751	I6Y1P2	RVBD_2778c	hypothetical protein	Basal machinery
Rv2779c	Rv2779c	888479	O33321	RVBD_2779c	Lrp/AsnC family transcriptional regulator	M1.3
Rv2782c	Rv2782c	888470	P9WHT5	RVBD_2782c,pepR	zinc protease	Basal machinery
Rv2787	Rv2787	888288	O33329	RVBD_2787	alanine-rich protein	Basal machinery
Rv2792c	Rv2792c	888274	I6YA93	RVBD_2792c	resolvase	Basal machinery
Rv2795c	Rv2795c	888492	I6YEE1	RVBD_2795c	hypothetical protein	Basal machinery
Rv2797c	Rv2797c	887713	P71654	RVBD_2797c	hypothetical protein	Basal machinery
Rv2798c	Rv2798c	888431	P71653	RVBD_2798c	hypothetical protein	Basal machinery
Rv2799	Rv2799	887759	I6XFB7	RVBD_2799	membrane protein	Basal machinery
Rv2800	Rv2800	888932	I6YEE6	RVBD_2800	hydrolase	Basal machinery
Rv2802c	Rv2802c	888931	P71649	RVBD_2802c	arginine/alanine-rich protein	Basal machinery
Rv2803	Rv2803	888416	I6XFC2	RVBD_2803	hypothetical protein	Basal machinery
Rv2804c	Rv2804c	888418	I6YEE9	RVBD_2804c	hypothetical protein	Basal machinery
Rv2806	Rv2806	888905	I6YAA5	RVBD_2806	membrane protein	Basal machinery
Rv2807	Rv2807	888907	P71644	RVBD_2807	hypothetical protein	Basal machinery
Rv2808	Rv2808	888944	P71643	RVBD_2808	hypothetical protein	Basal machinery
Rv2809	Rv2809	888909	I6YEF3	RVBD_2809	hypothetical protein	Basal machinery
Rv2811	Rv2811	887740	P71640	RVBD_2811	hypothetical protein	Basal machinery
Rv2825c	Rv2825c	887769	P71627	RVBD_2825c	hypothetical protein	Basal machinery
Rv2827c	Rv2827c	887707	P71625	RVBD_2827c	hypothetical protein	M7
Rv2840c	Rv2840c	888189	I6XFF7	RVBD_2840c	hypothetical protein	Basal machinery
Rv2843	Rv2843	888522	I6YAE2	RVBD_2843	transmembrane alanine-rich protein	Basal machinery
Rv2844	Rv2844	888536	I6Y1V1	RVBD_2844	alanine-rich protein	Basal machinery
Rv2851c	Rv2851c	887664	P9WFQ5	RVBD_2851c	GCN5-like N-acetyltransferase	Basal machinery
Rv2859c	Rv2859c	887495	O33341	RVBD_2859c	glutamine amidotransferase	Basal machinery
Rv2862c	Rv2862c	887423	I6Y1W7	RVBD_2862c	hypothetical protein	Basal machinery
Rv2864c	Rv2864c	888496	O33346	RVBD_2864c	penicillin-binding lipoprotein	Basal machinery
Rv2867c	Rv2867c	887475	I6XFI7	RVBD_2867c	GCN5-like N-acetyltransferase	Basal machinery
Rv2876	Rv2876	887823	P9WL39	RVBD_2876	transmembrane protein	Basal machinery
Rv2880c	Rv2880c					Basal machinery
Rv2884	Rv2884	887443	I6X5M3	RVBD_2884	transcriptional regulator	Intermodular
Rv2886c	Rv2886c	887424	P9WL35	RVBD_2886c	resolvase	Basal machinery
Rv2887	Rv2887	888563	P9WME9	RVBD_2887	HTH-type transcriptional regulator	Global regulator
Rv2891	Rv2891	888328	P9WL33	RVBD_2891	hypothetical protein	Basal machinery
Rv2901c	Rv2901c	888605	P9WL27	RVBD_2901c	hypothetical protein	Basal machinery
Rv2908c	Rv2908c	887336	P9WFM7	RVBD_2908c	hypothetical protein	Basal machinery
Rv2910c	Rv2910c	887387	P9WL25	RVBD_2910c	hypothetical protein	Basal machinery
Rv2912c	Rv2912c	888017	P9WMC7	RVBD_2912c	TetR family HTH-type transcriptional regulator	M18
Rv2913c	Rv2913c	887809	P9WJH9	RVBD_2913c	D-amino acid aminohydrolase	M18
Rv2917	Rv2917	887758	P9WL21	RVBD_2917	alanine/arginine-rich protein	Basal machinery
Rv2922A	Rv2922A	3205043		acyP	acylphosphatase	Basal machinery
Rv2923c	Rv2923c	887687	P9WL19	RVBD_2923c	hypothetical protein	Basal machinery
Rv2926c	Rv2926c	887487	P9WL17	RVBD_2926c	hypothetical protein	Basal machinery
Rv2927c	Rv2927c	887317	P9WL15	RVBD_2927c	hypothetical protein	Basal machinery
Rv2929	Rv2929	888112	P9WL13	RVBD_2929	hypothetical protein	Basal machinery
Rv2943	Rv2943	887834	I6X5T4	RVBD_2943	insertion sequence element IS1533 transposase	Basal machinery
Rv2949c	Rv2949c	887206	P9WIC5	RVBD_2949c	chorismate pyruvate-lyase	Basal machinery
Rv2951c	Rv2951c	887887	P9WIB7	RVBD_2951c	phthiodiolone/phenolphthiodiolone dimycocerosates ketoreductase	Basal machinery
Rv2952	Rv2952	887311	P9WIN3	RVBD_2952	phthiotriol/phenolphthiotriol dimycocerosates methyltransferase	Basal machinery
Rv2953	Rv2953	887772	P9WGV5	RVBD_2953	trans-acting enoyl reductase	Basal machinery
Rv2956	Rv2956	887486	I6Y242	RVBD_2956	hypothetical protein	Basal machinery
Rv2957	Rv2957	887258	P9WMX7	RVBD_2957	PGL/p-HBAD biosynthesis glycosyltransferase	Basal machinery
Rv2958c	Rv2958c	887816	P9WFR1	RVBD_2958c	PGL/p-HBAD biosynthesis glycosyltransferase	Basal machinery
Rv2959c	Rv2959c	887862	P9WIM5	RVBD_2959c	rhamnosyl O-methyltransferase	Basal machinery
Rv2960c	Rv2960c	887224	P95133	RVBD_2960c	hypothetical protein	Basal machinery
Rv2962c	Rv2962c	887892	P9WN09	RVBD_2962c	PGL/p-HBAD biosynthesis rhamnosyltransferase	Basal machinery
Rv2963	Rv2963	887263	I6YET7	RVBD_2963	integral membrane protein	Basal machinery
Rv2966c	Rv2966c	888469	I6XFS7	RVBD_2966c	methyltransferase	Basal machinery
Rv2971	Rv2971	887275	P9WQA5	RVBD_2971	oxidoreductase	Basal machinery
Rv2972c	Rv2972c	887191	I6X5W6	RVBD_2972c	hypothetical protein	Basal machinery
Rv2974c	Rv2974c	887383	I6Y259	RVBD_2974c	alanine-rich protein	Basal machinery
Rv2989	Rv2989	887723	O53238	RVBD_2989	transcriptional regulator	Global regulator
Rv2990c	Rv2990c	887176	I6YEW1	RVBD_2990c	hypothetical protein	M5
Rv2991	Rv2991	887792	O53240	RVBD_2991	hypothetical protein	M5
Rv2997	Rv2997	888637	I6YAU3	RVBD_2997	alanine-rich dehydrogenase	Basal machinery
Rv3000	Rv3000	887271	I6X5Z8	RVBD_3000	transmembrane protein	Basal machinery
Rv3005c	Rv3005c	887305	I6YAV3	RVBD_3005c	hypothetical protein	Basal machinery
Rv3007c	Rv3007c	888938	O53254	RVBD_3007c	oxidoreductase	Basal machinery
Rv3008	Rv3008	888530	I6YEY1	RVBD_3008	hypothetical protein	Basal machinery
Rv3013	Rv3013	888642	O53260	RVBD_3013	hypothetical protein	Basal machinery
Rv3026c	Rv3026c	888489	I6XFY8	RVBD_3026c	hypothetical protein	Basal machinery
Rv3027c	Rv3027c	887851	I6YEZ8	RVBD_3027c	GCN5-like N-acetyltransferase	Basal machinery
Rv3030	Rv3030	888604	P9WJZ1	RVBD_3030	S-adenosylmethionine-dependent methyltransferase	M14
Rv3031	Rv3031	888543	P9WQ27	RVBD_3031	1,4-alpha-glucan branching protein	Basal machinery
Rv3033	Rv3033	888865	I6YAY5	RVBD_3033	hypothetical protein	Basal machinery
Rv3034c	Rv3034c	887470	O53281	RVBD_3034c	acetyltransferase	Basal machinery
Rv3035	Rv3035	887842	I6XFZ8	RVBD_3035	hypothetical protein	Basal machinery
Rv3037c	Rv3037c	888640	P9WJZ3	RVBD_3037c	S-adenosylmethionine-dependent methyltransferase	Basal machinery
Rv3040c	Rv3040c	887672	O53287	RVBD_3040c	hypothetical protein	Basal machinery
Rv3041c	Rv3041c	887197	I6YF11	RVBD_3041c	ABC transporter ATP-binding protein	Basal machinery
Rv3046c	Rv3046c	888870	I6YF16	RVBD_3046c	hypothetical protein	Basal machinery
Rv3047c	Rv3047c	888898	I6X642	RVBD_3047c	hypothetical protein	Basal machinery
Rv3049c	Rv3049c	888894	I6Y2E2	RVBD_3049c	monooxygenase	M1.40
Rv3050c	Rv3050c	888866	I6XG13	RVBD_3050c	AsnC family transcriptional regulator	M1.40
Rv3054c	Rv3054c	887963	P95105	RVBD_3054c	hypothetical protein	Basal machinery
Rv3055	Rv3055	888882	P95103	RVBD_3055	TetR family transcriptional regulator	Basal machinery
Rv3057c	Rv3057c	888617	I6YB11	RVBD_3057c	short chain alcohol dehydrogenase/reductase	Basal machinery
Rv3058c	Rv3058c	888878	P95100	RVBD_3058c	TetR family transcriptional regulator	M11
Rv3060c	Rv3060c	888855	P95098	RVBD_3060c	GntR family transcriptional regulator	Basal machinery
Rv3064c	Rv3064c	888879	I6XG31	RVBD_3064c	integral membrane protein	Basal machinery
Rv3066	Rv3066	888847	I6X658	RVBD_3066	DeoR family transcriptional regulator	M1.7
Rv3067	Rv3067	888822	I6YB21	RVBD_3067,LH57_16745	hypothetical protein	Basal machinery
Rv3072c	Rv3072c	887175	P95086	RVBD_3072c	hypothetical protein	Basal machinery
Rv3073c	Rv3073c	888647	P9WL11	RVBD_3073c	hypothetical protein	Basal machinery
Rv3075c	Rv3075c	887178	I6YF40	RVBD_3075c	hypothetical protein	Basal machinery
Rv3076	Rv3076	888026	I6X666	RVBD_3076	hypothetical protein	Basal machinery
Rv3077	Rv3077	887419	Q6MX15	RVBD_3077	hydrolase	Basal machinery
Rv3079c	Rv3079c	888660	I6XG43	RVBD_3079c	hypothetical protein	Basal machinery
Rv3087	Rv3087	888653	P9WKB1	RVBD_3087	diacyglycerol O-acyltransferase	Basal machinery
Rv3093c	Rv3093c	888663	O05772	RVBD_3093c	oxidoreductase	Basal machinery
Rv3094c	Rv3094c	888661	O05773	RVBD_3094c	hypothetical protein	M8
Rv3095	Rv3095	888679	P9WMG3	RVBD_3095	HTH-type transcriptional regulator	M8
Rv3096	Rv3096	888678	I6YB54	RVBD_3096	hypothetical protein	Basal machinery
Rv3099c	Rv3099c	888674	O05777	RVBD_3099c	hypothetical protein	Basal machinery
Rv3104c	Rv3104c	888685	O05781	RVBD_3104c	transmembrane protein	Basal machinery
Rv3108	Rv3108	888686	O05785	RVBD_3108	hypothetical protein	Basal machinery
Rv3120	Rv3120	888828	O05796	RVBD_3120	hypothetical protein	Basal machinery
Rv3122	Rv3122	888890	O07033	RVBD_3122	hypothetical protein	Basal machinery
Rv3126c	Rv3126c	888806	P9WL09	RVBD_3126c	hypothetical protein	Basal machinery
Rv3127	Rv3127	888850	P9WL07	RVBD_3127	hypothetical protein	Basal machinery
Rv3128c	Rv3128c					Basal machinery
Rv3129	Rv3129	888901	P9WL05	RVBD_3129		Basal machinery
Rv3131	Rv3131	888838	P9WIZ7	RVBD_3131	NAD(P)H nitroreductase	M1.18
Rv3134c	Rv3134c	887558	P9WFD3	RVBD_3134c	universal stress protein	Basal machinery
Rv3142c	Rv3142c	887521	P95184	RVBD_3142c	hypothetical protein	M1.7
Rv3143	Rv3143	887576	P9WGL7	RVBD_3143	response regulator	M1.7
Rv3160c	Rv3160c	888797	O53310	RVBD_3160c	TetR family transcriptional regulator	M1.22
Rv3161c	Rv3161c	888800	O53311	RVBD_3161c	dioxygenase	Intermodular
Rv3162c	Rv3162c	888756	O53312	RVBD_3162c	integral membrane protein	Basal machinery
Rv3165c	Rv3165c	887661	O53315	RVBD_3165c	hypothetical protein	Basal machinery
Rv3167c	Rv3167c	888763	O53317	RVBD_3167c	TetR family transcriptional regulator	M1.20
Rv3172c	Rv3172c	888848	O53322	RVBD_3172c	hypothetical protein	Basal machinery
Rv3173c	Rv3173c	888844	O53323	RVBD_3173c	TetR/Acr family transcriptional regulator	M1.31
Rv3174	Rv3174	887989	O53324	RVBD_3174	short-chain dehydrogenase/reductase	M1.31
Rv3177	Rv3177	888766	O53327	RVBD_3177	peroxidase	M1.31
Rv3178	Rv3178	888786	O53328	RVBD_3178	nitroreductase	Basal machinery
Rv3179	Rv3179	887947	O53329	RVBD_3179	hypothetical protein	Basal machinery
Rv3188	Rv3188	888103	O53334	RVBD_3188	hypothetical protein	Basal machinery
Rv3191c	Rv3191c	887628	O53337	RVBD_3191c	transposase	Basal machinery
Rv3192	Rv3192	887899	O53338	RVBD_3192	alanine/proline-rich protein	Basal machinery
Rv3193c	Rv3193c	888012	P9WFL3	RVBD_3193c	transmembrane protein	Basal machinery
Rv3194c	Rv3194c	888062	O53340	RVBD_3194c	secreted protein	Basal machinery
Rv3195	Rv3195	888900	O53341	RVBD_3195	hypothetical protein	Basal machinery
Rv3196	Rv3196	888903	O53342	RVBD_3196	hypothetical protein	Basal machinery
Rv3196A	Rv3196A	3205082	L7N668	RVBD_3196A	hypothetical protein	Basal machinery
Rv3197	Rv3197	887858	O53343	RVBD_3197	ABC transporter ATP-binding protein	Basal machinery
Rv3198A	Rv3198A					Basal machinery
Rv3204	Rv3204	888132	O05862	RVBD_3204	DNA-methyltransferase	Basal machinery
Rv3209	Rv3209	888875	O05857	RVBD_3209	threonine and proline-rich protein	Basal machinery
Rv3212	Rv3212	887931	O05854	RVBD_3212	alanine/valine-rich protein	Basal machinery
Rv3213c	Rv3213c	888896	O05853	RVBD_3213c	SOJ/ParA-like protein	Basal machinery
Rv3216	Rv3216					Basal machinery
Rv3221c	Rv3221c	888096	P9WPQ1	RVBD_3221c,TB7.3	hypothetical protein	Basal machinery
Rv3224	Rv3224	888852	O05842	RVBD_3224	iron-regulated short-chain dehydrogenase/reductase	Basal machinery
Rv3224B	Rv3224B		Q6MWZ4	RVBD_3224B		Basal machinery
Rv3225c	Rv3225c	888804	O05841	RVBD_3225c	GCN5-like N-acetyltransferase	Basal machinery
Rv3228	Rv3228	888785	O05873	RVBD_3228	hypothetical protein	Basal machinery
Rv3230c	Rv3230c	888748	P9WNE9	RVBD_3230c	stearoyl-CoA 9-desaturase electron transfer partner	M28
Rv3231c	Rv3231c	888749	O05876	RVBD_3231c	hypothetical protein	Basal machinery
Rv3233c	Rv3233c	888773	O05878	RVBD_3233c		Basal machinery
Rv3235	Rv3235	888862	O05880	RVBD_3235	alanine/arginine/proline-rich protein	Basal machinery
Rv3236c	Rv3236c	888861	L7N665	RVBD_3236c	integral membrane transport protein	Basal machinery
Rv3237c	Rv3237c	888803	O05882	RVBD_3237c	hypothetical protein	Basal machinery
Rv3238c	Rv3238c	888858	O05883	RVBD_3238c	integral membrane protein	Basal machinery
Rv3239c	Rv3239c	888856	O05884	RVBD_3239c	transmembrane transport protein	Basal machinery
Rv3241c	Rv3241c	888849	O05886	RVBD_3241c	hypothetical protein	Basal machinery
Rv3249c	Rv3249c	888741	O05892	RVBD_3249c	TetR family transcriptional regulator	Global regulator
Rv3253c	Rv3253c	888739	O05896	RVBD_3253c	cationic amino acid transport integral membrane protein	Basal machinery
Rv3254	Rv3254	887237	O05897	RVBD_3254	hypothetical protein	Basal machinery
Rv3258c	Rv3258c	888694	O53351	RVBD_3258c	hypothetical protein	Basal machinery
Rv3259	Rv3259	888697	O53352	RVBD_3259	hypothetical protein	Basal machinery
Rv3263	Rv3263	888691	P96868	RVBD_3263	DNA methylase	Basal machinery
Rv3267	Rv3267	888713	P96872	RVBD_3267	hypothetical protein	Basal machinery
Rv3269	Rv3269	888709	P96874	RVBD_3269	hypothetical protein	M24
Rv3273	Rv3273	888700	P96878	RVBD_3273	transmembrane carbonic anhydrase	Basal machinery
Rv3277	Rv3277	888729	P96882	RVBD_3277	transmembrane protein	M1.7
Rv3282	Rv3282	888718	P9WK27	RVBD_3282	hypothetical protein	Basal machinery
Rv3289c	Rv3289c	888736	P96894	RVBD_3289c	transmembrane protein	Basal machinery
Rv3294c	Rv3294c	3205051	L7N658	RVBD_3294c	hypothetical protein	Basal machinery
Rv3300c	Rv3300c	887958	O07166	RVBD_3300c	hypothetical protein	Basal machinery
Rv3304	Rv3304	887605	O53356	RVBD_3304	hypothetical protein	Basal machinery
Rv3311	Rv3311	887533	O53362	RVBD_3311	hypothetical protein	Basal machinery
Rv3312A	Rv3312A					Basal machinery
Rv3312c	Rv3312c	887939	O53363	RVBD_3312c	hypothetical protein	Basal machinery
Rv3333c	Rv3333c	887632	O53383	RVBD_3333c	proline-rich protein	Basal machinery
Rv3334	Rv3334	887593	O53384	RVBD_3334	MerR family transcriptional regulator	Basal machinery
Rv3335c	Rv3335c	888029	O53385	RVBD_3335c	integral membrane protein	Basal machinery
Rv3337	Rv3337	887556	O53387	RVBD_3337		Basal machinery
Rv3338	Rv3338		O53388	RVBD_3338		Basal machinery
Rv3346c	Rv3346c	888010	O50377	RVBD_3346c	transmembrane protein	Basal machinery
Rv3348	Rv3844	888110	P96234	Rv3844,RVBD_3348RVBD_3844	transposase	Basal machinery
Rv3351c	Rv3351c	888109	O50380	RVBD_3351c	hypothetical protein	Basal machinery
Rv3353c	Rv3353c	888095	O50382	RVBD_3353c	hypothetical protein	Basal machinery
Rv3354	Rv3354	887643	O50383	RVBD_3354	hypothetical protein	Basal machinery
Rv3355c	Rv3355c	887660	O50384	RVBD_3355c	integral membrane protein	Basal machinery
Rv3359	Rv3359	887668	O50388	RVBD_3359	oxidoreductase	Basal machinery
Rv3360	Rv3360	888136	O50389	RVBD_3360	hypothetical protein	Basal machinery
Rv3361c	Rv3361c	888130	I6YBX3	RVBD_3361c	hypothetical protein	Basal machinery
Rv3363c	Rv3363c	888090	O50392	RVBD_3363c	hypothetical protein	Basal machinery
Rv3364c	Rv3364c	888085	O50393	RVBD_3364c	hypothetical protein	Basal machinery
Rv3365c	Rv3365c	887652	Q93IG6	RVBD_3365c	hypothetical protein	Basal machinery
Rv3371	Rv3371	888053	P9WKA9	RVBD_3371	diacyglycerol O-acyltransferase	Basal machinery
Rv3376	Rv3376	888066	P9WMS5	RVBD_3376	phosphatase	Basal machinery
Rv3378c	Rv3378c	888075	P9WJ61	RVBD_3378c	diterpene synthase	Basal machinery
Rv3386	Rv3386	888044	O50413	RVBD_3386	transposase	Basal machinery
Rv3387	Rv3387	887820	O50414	RVBD_3387	transposase	Basal machinery
Rv3394c	Rv3394c	887945	O50419	RVBD_3394c	hypothetical protein	Basal machinery
Rv3395A	Rv3395A	3205044	Q6MWX4	RVBD_3395A	membrane protein	Basal machinery
Rv3395c	Rv3395c	887960	P9WKZ9	RVBD_3395c	hypothetical protein	Basal machinery
Rv3398c	Rv3398c	887919	P9WKH1	RVBD_3398c,idsA1	multifunctional dimethylallyltransferase/geranyltranstransferase/farnesylt ranstransferase	Basal machinery
Rv3399	Rv3399	887938	P9WFH1	RVBD_3399	S-adenosylmethionine-dependent methyltransferase	Basal machinery
Rv3400	Rv3400	887918	P9WKZ7	RVBD_3400	hydrolase	Basal machinery
Rv3403c	Rv3403c	887907	P9WKZ5	RVBD_3403c	hypothetical protein	Basal machinery
Rv3405c	Rv3405c	887940	P9WMC3	RVBD_3405c	HTH-type transcriptional regulator	M1.6
Rv3406	Rv3406	887955	P9WKZ1	RVBD_3406	dioxygenase	M1.6
Rv3415c	Rv3415c	887599	I6YG27	RVBD_3415c	hypothetical protein	Basal machinery
Rv3424c	Rv3424c	887618	P9WKY3	RVBD_3424c	hypothetical protein	Basal machinery
Rv3427c	Rv3427c	887631	Q50701	RVBD_3427c	transposase	Basal machinery
Rv3435c	Rv3435c	887564	O06252	RVBD_3435c	transmembrane protein	Basal machinery
Rv3437	Rv3437	887567	I6YG51	RVBD_3437	transmembrane protein	Basal machinery
Rv3438	Rv3438	887561	I6X7B3	RVBD_3438	hypothetical protein	Basal machinery
Rv3440c	Rv3440c	887592	O06257	RVBD_3440c	hypothetical protein	Basal machinery
Rv3463	Rv3463	888286	I6X7D4	RVBD_3463	hypothetical protein	M1.10
Rv3468c	Rv3468c	888007	Q6MWX3	RVBD_3468c	dTDP-glucose 4,6-dehydratase	Basal machinery
Rv3479	Rv3479					Intermodular
Rv3482c	Rv3482c	888480	I6YG92	RVBD_3482c	membrane protein	Basal machinery
Rv3485c	Rv3485c	888427	O06348	RVBD_3485c	short-chain type dehydrogenase/reductase	Basal machinery
Rv3486	Rv3486	888276	O06349	RVBD_3486,LH57_19015	hypothetical protein	Basal machinery
Rv3488	Rv3488	888417	I6X7F9	RVBD_3488	hypothetical protein	Global regulator
Rv3489	Rv3489	888410	I6YC91	RVBD_3489	hypothetical protein	Basal machinery
Rv3492c	Rv3492c	888381	I6YGA5	RVBD_3492c	Mce associated protein	M1.33
Rv3493c	Rv3493c	888379	I6X7G4	RVBD_3493c	Mce associated protein	Basal machinery
Rv3510c	Rv3510c	888298	I6Y3Q7	RVBD_3510c	hypothetical protein	Basal machinery
Rv3519	Rv3519	887247	O53564	RVBD_3519	hypothetical protein	Basal machinery
Rv3520c	Rv3520c	887310	O53565	RVBD_3520c	coenzyme F420-dependent oxidoreductase	M1.7
Rv3521	Rv3521	887209	O53566	RVBD_3521	hypothetical protein	M1.7
Rv3524	Rv3524	888250	I6X7J6	RVBD_3524	membrane protein	Basal machinery
Rv3525c	Rv3525c	888255	I6YCB9	RVBD_3525c	siderophore-binding protein	Basal machinery
Rv3527	Rv3527	888295	I6XHG6	RVBD_3527	hypothetical protein	Basal machinery
Rv3528c	Rv3528c	888297	I6YGE4	RVBD_3528c	hypothetical protein	Basal machinery
Rv3529c	Rv3529c	888324	I6YCC4	RVBD_3529c	hypothetical protein	Basal machinery
Rv3531c	Rv3531c	888348	I6XHH2	RVBD_3531c	hypothetical protein	M17
Rv3534c	Rv3534c	888387	P9WMK5	RVBD_3534c,hsaF	4-hydroxy-2-oxovalerate aldolase	Basal machinery
Rv3548c	Rv3548c	887452	P71853	RVBD_3548c	short-chain type dehydrogenase/reductase	Basal machinery
Rv3549c	Rv3549c	887849	I6YCE1	RVBD_3549c	short-chain type dehydrogenase/reductase	M1.27
Rv3555c	Rv3555c	887952	P96837	RVBD_3555c	hypothetical protein	Basal machinery
Rv3566A	Rv3566A	3205089	I6YGI1	RVBD_3566A	hypothetical protein	Basal machinery
Rv3577	Rv3577	888442	P96859	RVBD_3577	hypothetical protein	Basal machinery
Rv3587c	Rv3587c	888057	O53572	RVBD_3587c	membrane protein	M1.39
Rv3594	Rv3594	885659	I6Y3Z2	RVBD_3594	hypothetical protein	Basal machinery
Rv3603c	Rv3603c	885583	O06279	RVBD_3603c	alanine/leucine-rich protein	Basal machinery
Rv3604c	Rv3604c	885232	O06278	RVBD_3604c	transmembrane protein	Basal machinery
Rv3611	Rv3611		O06272	RVBD_3611		Basal machinery
Rv3612c	Rv3612c	885381	I6YGR2	RVBD_3612c	hypothetical protein	Basal machinery
Rv3613c	Rv3613c	885124	O06270	RVBD_3613c	hypothetical protein	Basal machinery
Rv3619c	Rv3619c	885328		esxV	ESAT-6 like protein EsxV	Basal machinery
Rv3620c	Rv3620c	885787	P9WNI3	RVBD_3620c,esxW	ESAT-6 like protein EsxW	Basal machinery
Rv3626c	Rv3626c	885792	O06381	RVBD_3626c	hypothetical protein	Basal machinery
Rv3631	Rv3631	885314	O06376	RVBD_3631	transferase	Basal machinery
Rv3632	Rv3632	885711	I6YGT7	RVBD_3632	membrane protein	Basal machinery
Rv3636	Rv3636	885274	O06371	RVBD_3636		Basal machinery
Rv3637	Rv3637		O06370	RVBD_3637		Basal machinery
Rv3638	Rv3638	885803	I6XHU7	RVBD_3638	transposase	Basal machinery
Rv3639c	Rv3639c	885244	I6YGU1	RVBD_3639c	hypothetical protein	Basal machinery
Rv3642c	Rv3642c	885220	I6Y464	RVBD_3642c	hypothetical protein	Basal machinery
Rv3643	Rv3643	885600	O06364	RVBD_3643	hypothetical protein	Basal machinery
Rv3644c	Rv3644c	885553	O06363	RVBD_3644c	DNA polymerase	Basal machinery
Rv3645	Rv3645	885620	I6X7Z3	RVBD_3645	transmembrane protein	Basal machinery
Rv3647c	Rv3647c	885217	I6Y469	RVBD_3647c	hypothetical protein	M1.11
Rv3655c	Rv3655c					Basal machinery
Rv3656c	Rv3656c	885624	O69624	RVBD_3656c	hypothetical protein	Basal machinery
Rv3658c	Rv3658c	885618	I6Y479	RVBD_3658c	transmembrane protein	Basal machinery
Rv3660c	Rv3660c	885319	P9WKX7	RVBD_3660c	hypothetical protein	M3
Rv3661	Rv3661	885316	P9WGJ1	RVBD_3661	hypothetical protein	M3
Rv3662c	Rv3662c	885178	I6YCP7	RVBD_3662c	hypothetical protein	Basal machinery
Rv3668c	Rv3668c	885609	I6YGW2	RVBD_3668c	protease	Basal machinery
Rv3673c	Rv3673c	885190	I6YGW6	RVBD_3673c	membrane-anchored thioredoxin-like protein	Basal machinery
Rv3675	Rv3675	885155	I6YCQ7	RVBD_3675	membrane protein	Basal machinery
Rv3678c	Rv3678c	885495	I6YGW9	RVBD_3678c	hypothetical protein	Basal machinery
Rv3679	Rv3679	885809	P9WKX5	RVBD_3679	anion transporter ATPase	Basal machinery
Rv3680	Rv3680	885317	I6Y498	RVBD_3680	anion transporter ATPase	Basal machinery
Rv3684	Rv3684	885598	O69652	RVBD_3684	lyase	Basal machinery
Rv3686c	Rv3686c	885306	O69654	RVBD_3686c	hypothetical protein	M1.38
Rv3690	Rv3690	885114	O69658	RVBD_3690	membrane protein	Basal machinery
Rv3691	Rv3691	885623	O69659	RVBD_3691	hypothetical protein	Basal machinery
Rv3693	Rv3693	885059	O69661	RVBD_3693	membrane protein	M1.11
Rv3694c	Rv3694c	885578	O69662	RVBD_3694c	transmembrane protein	Basal machinery
Rv3695	Rv3695	885538	O69663	RVBD_3695	membrane protein	Basal machinery
Rv3705c	Rv3705c	885229	I6XI06	RVBD_3705c	hypothetical protein	Basal machinery
Rv3706c	Rv3706c	885222	I6X849	RVBD_3706c	proline-rich protein	M1.11
Rv3707c	Rv3707c	885587	I6Y4C4	RVBD_3707c	hypothetical protein	Basal machinery
Rv3712	Rv3712	885228	I6Y4C7	RVBD_3712	ligase	Basal machinery
Rv3714c	Rv3714c	885456	O69681	RVBD_3714c	hypothetical protein	Basal machinery
Rv3716c	Rv3716c	885595	P9WNR9	RVBD_3716c	hypothetical protein	Basal machinery
Rv3717	Rv3717	885602	I6Y4D2	RVBD_3717	hypothetical protein	Basal machinery
Rv3718c	Rv3718c	885582	I6XI16	RVBD_3718c	hypothetical protein	Basal machinery
Rv3719	Rv3719	885855	O69686	RVBD_3719	hypothetical protein	Basal machinery
Rv3722c	Rv3722c	885321	O69689	RVBD_3722c	hypothetical protein	Basal machinery
Rv3725	Rv3725	885887	O69692	RVBD_3725	oxidoreductase	Basal machinery
Rv3726	Rv3726	885801	O69693	RVBD_3726	dehydrogenase	Basal machinery
Rv3728	Rv3728	885271	O69695	RVBD_3728	membrane protein	M1.16
Rv3729	Rv3729	885706	O69696	RVBD_3729	transferase	Basal machinery
Rv3736	Rv3736	885389	O69703	RVBD_3736	AraC/XylS family transcriptional regulator	Global regulator
Rv3737	Rv3737	885794	O69704	RVBD_3737	transmembrane protein	Basal machinery
Rv3740c	Rv3740c	885781	P9WKA5	RVBD_3740c	diacyglycerol O-acyltransferase	Basal machinery
Rv3741c	Rv3741c	885129	O69708	RVBD_3741c	oxidoreductase	Basal machinery
Rv3742c	Rv3742c	885263	O69709	RVBD_3742c	oxidoreductase	Basal machinery
Rv3745c	Rv3745c	885597	O69712	RVBD_3745c	hypothetical protein	Basal machinery
Rv3747	Rv3747	885778	O69714	RVBD_3747	hypothetical protein	M1.2
Rv3753c	Rv3753c	885505	O69720	RVBD_3753c	hypothetical protein	Basal machinery
Rv3760	Rv3760	886093	O69726	RVBD_3760	membrane protein	Intermodular
Rv3762c	Rv3762c	886096	O69728	RVBD_3762c	hydrolase	Basal machinery
Rv3766	Rv3766	886099	O69731	RVBD_3766	hypothetical protein	Basal machinery
Rv3767c	Rv3767c	886101	P9WFH5	RVBD_3767c	S-adenosylmethionine-dependent methyltransferase	Basal machinery
Rv3768	Rv3768	886102	P72035	RVBD_3768	hypothetical protein	Basal machinery
Rv3769	Rv3769	885239	P72036	RVBD_3769	hypothetical protein	Basal machinery
Rv3770A	Rv3770A		L7N6A0	RVBD_3770A		Basal machinery
Rv3770c	Rv3770c	886104	P72037	RVBD_3770c	leucine-rich protein	Basal machinery
Rv3771c	Rv3771c	886103	P72038	RVBD_3771c	hypothetical protein	Basal machinery
Rv3777	Rv3777	886110	P72043	RVBD_3777	oxidoreductase	Basal machinery
Rv3778c	Rv3778c	886116	P9WQ67	RVBD_3778c	aminotransferase	M1.36
Rv3779	Rv3779	886107	P72045	RVBD_3779	transmembrane protein	M1.36
Rv3780	Rv3780	886115	P9WKX3	RVBD_3780	hypothetical protein	Basal machinery
Rv3784	Rv3784	886117	P72050	RVBD_3784	dTDP-glucose 4,6-dehydratase	Basal machinery
Rv3785	Rv3785	886119	P9WKX1	RVBD_3785	hypothetical protein	Basal machinery
Rv3786c	Rv3786c	886108	P9WKW9	RVBD_3786c	hypothetical protein	Basal machinery
Rv3796	Rv3796	886128	P72062	RVBD_3796	hypothetical protein	Basal machinery
Rv3798	Rv3798					Basal machinery
Rv3807c	Rv3807c	886134	P9WI53	RVBD_3807c	decaprenylphosphoryl-5-phosphoribose phosphatase	Basal machinery
Rv3811	Rv3811	886137	Q79F96	RVBD_3811	hypothetical protein	M1.22
Rv3814c	Rv3814c	886150	O07809	RVBD_3814c	acyltransferase	Basal machinery
Rv3815c	Rv3815c	886149	O07808	RVBD_3815c	acyltransferase	Basal machinery
Rv3816c	Rv3816c	886152	O07807	RVBD_3816c	acyltransferase	Basal machinery
Rv3817	Rv3817	886144	O07806	RVBD_3817	phosphotransferase	Basal machinery
Rv3827c	Rv3827c	886151	O07796	RVBD_3827c	transposase	Basal machinery
Rv3828c	Rv3828c	886160	O07795	RVBD_3828c	resolvase	Basal machinery
Rv3829c	Rv3829c	886157	O07794	RVBD_3829c	dehydrogenase	Basal machinery
Rv3830c	Rv3830c	886158	P96248	RVBD_3830c	TetR family transcriptional regulator	Global regulator
Rv3831	Rv3831	886161	P96247	RVBD_3831	hypothetical protein	Basal machinery
Rv3832c	Rv3832c	886165	P96246	RVBD_3832c	hypothetical protein	M9
Rv3833	Rv3833	886162	P96245	RVBD_3833	AraC family transcriptional regulator	M9
Rv3835	Rv3835	886168	P9WKW5	RVBD_3835	hypothetical protein	Basal machinery
Rv3836	Rv3836	886164	P96242	RVBD_3836	hypothetical protein	Basal machinery
Rv3839	Rv3839	886171	P96239	RVBD_3839	hypothetical protein	Basal machinery
Rv3840	Rv3840	886167	P96238	RVBD_3840	transcriptional regulator	Basal machinery
Rv3843c	Rv3843c	886178	P96235	RVBD_3843c	transmembrane protein	Basal machinery
Rv3848	Rv3848	886159	P96229	RVBD_3848	transmembrane protein	M1.28
Rv3850	Rv3850	886173	P96227	RVBD_3850	hypothetical protein	Basal machinery
Rv3851	Rv3851	886186	P96226	RVBD_3851	membrane protein	Basal machinery
Rv3856c	Rv3856c	886193	P96221	RVBD_3856c	hypothetical protein	Basal machinery
Rv3857c	Rv3857c	886192	P96220	RVBD_3857c	membrane protein	Basal machinery
Rv3860	Rv3860	886188	P96217	RVBD_3860	hypothetical protein	Basal machinery
Rv3863	Rv3863	886197	P96214	RVBD_3863	alanine-rich protein	M1.25
Rv3888c	Rv3888c	886219	O05456	RVBD_3888c	membrane protein	Intermodular
Rv3890c	Rv3890c	886222	P9WNI1	RVBD_3890c,esxC	ESAT-6 like protein EsxC	Basal machinery
Rv3896c	Rv3896c	886216	O05448	RVBD_3896c	hypothetical protein	Basal machinery
Rv3897c	Rv3897c	886225	O07036	RVBD_3897c	hypothetical protein	Basal machinery
Rv3898c	Rv3898c	886233	O05447	RVBD_3898c	hypothetical protein	Basal machinery
Rv3900c	Rv3900c	886235	O05445	RVBD_3900c	alanine-rich protein	Basal machinery
Rv3901c	Rv3901c	886226	O05444	RVBD_3901c	membrane protein	Basal machinery
Rv3902c	Rv3902c	886236	O05443	RVBD_3902c	hypothetical protein	Basal machinery
Rv3903c	Rv3903c	886229	O05442	RVBD_3903c	alanine/proline-rich protein	Basal machinery
Rv3906c	Rv3906c	886221	O05439	RVBD_3906c	hypothetical protein	M1.1
Rv3915	Rv3915	886250	L7N653	RVBD_3915	peptidoglycan hydrolase	Basal machinery
Rv3916c	Rv3916c	886249	O53594	RVBD_3916c	hypothetical protein	Basal machinery
Rv3922c	Rv3922c	886256	P9WFL9	RVBD_3922c	membrane protein insertion efficiency factor	M1.1
TB16.3	TB16.3	887239	O53519	RVBD_2185c	hypothetical protein	Basal machinery
TB18.5	TB18.5	886267	L7N657	RVBD_0164	hypothetical protein	Basal machinery
TB8.4	TB8.4	886082	O50430	RVBD_1174c	low molecular weight T-cell antigen	Basal machinery
TB9.4	TB9.4	3205107	Q6MWZ8	RVBD_3208A	hypothetical protein	Basal machinery
aac	aac	886648	P9WQG9	RVBD_0262c	aminoglycoside 2'-N-acetyltransferase	Basal machinery
aao	aao	885504	P9WP27	RVBD_1905c	D-amino acid oxidase	Basal machinery
accA3	accA3	887912	P96890	RVBD_3285	bifunctional protein acetyl-/propionyl-CoA carboxylase subunit alpha AccA	Basal machinery
accD3	accD3	885279	P9WQH9	RVBD_0904c	acetyl-CoAcarboxylase carboxyl transferase subunit beta	Basal machinery
accD4	accD4	886131	O53578	RVBD_3799c	propionyl-CoA carboxylase subunit beta AccD	M1.33
accD6	accD6	887671	P9WQH5	RVBD_2247	acetyl-/propionyl-CoA carboxylase subunit beta	Basal machinery
acg	acg	887582	P9WIZ9	RVBD_2032	NAD(P)H nitroreductase acg	M1.8
ackA	ackA	886399	P9WQH1	RVBD_0409	acetate kinase	Basal machinery
acn	acn	886545	O53166	RVBD_1475c	iron-regulated aconitate hydratase	Basal machinery
acpA	acpA	887052	I6WX95	RVBD_0033	acyl carrier protein AcpA	Basal machinery
acpM	acpM	888272	P9WQF3	RVBD_2244	meromycolate extension acyl carrier protein	Basal machinery
acrA1	acrA1	887950	O50417	RVBD_3391	acyl-CoA-reductase AcrA	Basal machinery
adh	adh	886426	P9WQC3	RVBD_1530	alcohol dehydrogenase	Basal machinery
adhB	adhB	888738	P9WQC7	RVBD_0761c	alcohol dehydrogenase B	Basal machinery
adhC	adhC	888888	P9WQC5	RVBD_3045,adh	NADP-dependent alcohol dehydrogenase	Basal machinery
adhE1	adhE1	886824	L7N6B3	RVBD_0162c	zinc-type alcohol dehydrogenase subunit E	Basal machinery
adk	adk	888567	P9WKF5	RVBD_0733	adenylate kinase	Basal machinery
adoK	adoK	888551	P9WID5	cbhK,RVBD_2202c	adenosine kinase	Basal machinery
aftB	aftB	886138	O53582	RVBD_3805c	terminal beta-(1->2)-arabinofuranosyltransferase	Basal machinery
aftD	aftD	886707	P96419	RVBD_0236c	alpha-(1->3)-arabinofuranosyltransferase	Basal machinery
aglA	aglA	887393	O53198	RVBD_2471	alpha-glucosidase AglA	Basal machinery
ahcY	ahcY	888746	P9WGV3	sahH,RVBD_3248c	adenosylhomocysteinase	Basal machinery
ahpC	ahpC	885717	P9WQB7	RVBD_2428	alkyl hydroperoxide reductase subunit C	Basal machinery
alaS	alaS	887726	P9WFW7	RVBD_2555c	alanine--tRNA ligase	Basal machinery
ald	ald	888493	P9WQB1	RVBD_2780	L-alanine dehydrogenase	M1.3
aldA	aldA	888832	I6X9R9	RVBD_0768	aldehyde dehydrogenase AldA	Basal machinery
alkA	alkA	886916	P9WJW3	ada,RVBD_1317c	bifunctional regulatory protein/DNA repair enzyme AlkA	Basal machinery
alkB	alkB	888690	O05895	RVBD_3252c	transmembrane alkane 1-monooxygenase AlkB	Basal machinery
alr	alr	887634	P9WQA9	RVBD_3423c	alanine racemase	Basal machinery
amiA2	amiA2	888955	P9WQ99	RVBD_2363	amidase	Basal machinery
amt	amt	887683	P9WQ65	RVBD_2920c	ammonium transporter integral membrane protein	Basal machinery
ansA	ansA	886410	P9WPX5	RVBD_1538c	L-aparaginase	Basal machinery
ansP1	ansP1	887715	P9WQM9	ansP,RVBD_2127	L-asparagine permease	Basal machinery
apa	apa	885896	P9WIR7	modD,RVBD_1860	alanine/proline-rich secreted protein Apa	Basal machinery
apt	apt	888579	P9WQ07	RVBD_2584c	adenine phosphoribosyltransferase	Basal machinery
arcA	arcA	888313	P9WQ05	RVBD_1001	arginine deiminase	Basal machinery
argA	argA	888407	O33289	RVBD_2747	L-glutamate alpha-N-acetyltranferase	Basal machinery
argC	argC	885278	P9WPZ9	RVBD_1652	N-acetyl-gamma-glutamyl-phoshate reductase	M15
argD	argD	885187	P9WPZ7	RVBD_1655	acetylornithine aminotransferase	Basal machinery
argG	argG	885645	P9WPW7	RVBD_1658	argininosuccinate synthase	Basal machinery
argJ	argJ	885125	P9WPZ3	RVBD_1653	bifunctional glutamate N-acetyltransferase/amino-acid acetyltransferase	Basal machinery
argR	argR	885091	P9WPY9	RVBD_1657,ahrC	arginine repressor	M15
aroA	aroA	888753	P9WPY5	RVBD_3227	3-phosphoshikimate 1-carboxyvinyltransferase	Basal machinery
aroB	aroB	888392	P9WPX9	RVBD_2538c	3-dehydroquinate synthase	Basal machinery
aroC	aroC	887379	P9WPY1	RVBD_2540c,aroF	chorismate synthase	Basal machinery
aroK	aroK	887434	P9WPY3	RVBD_2539c	shikimate kinase	Basal machinery
arsB2	arsB2	888329	I6YCG9	RVBD_3578	arsenical-transport integral membrane protein ArsB	Basal machinery
arsC	arsC	887674	I6X4W4	RVBD_2643	arsenic-transport integral membrane protein ArsC	Basal machinery
asnB	asnB	888472	P9WN33	RVBD_2201	asparagine synthetase	Basal machinery
aspC	aspC	886522	P9WQ91	RVBD_0337c	aspartate aminotransferase	Basal machinery
aspS	aspS	888532	P9WFW3	RVBD_2572c	aspartate--tRNA ligase	Basal machinery
atpA	atpA	886936	P9WPU7	RVBD_1308	ATP synthase subunit alpha	M1.29
atpE	atpE	886937	P9WPS1	RVBD_1305	ATP synthase subunit C	Basal machinery
atpF	atpF	886939	P9WPV5	RVBD_1306	ATP synthase subunit B	Basal machinery
atsA	atsA	888394	P95059	RVBD_0711	arylsulfatase AtsA	M1.14
atsB	atsB	887500	O65931	RVBD_3299c	arylsulfatase AtsB	Basal machinery
bacA	bacA	885539	P9WQI9	RVBD_1819c	vitamin B12 transport ATP-binding protein BacA	Basal machinery
bcp	bcp	887694	P9WIE1	bcp2,RVBD_2521	peroxiredoxin	Basal machinery
bfr	bfr	885767	P9WPQ9	bfrA,RVBD_1876	bacterioferritin BfrA	Basal machinery
bglS	bglS	886780	O07430	RVBD_0186	beta-glucosidase BglS	Basal machinery
bioA	bioA	886343	P9WQ81	RVBD_1568	adenosylmethionine-8-amino-7-oxononanoate aminotransferase	Basal machinery
bioD	bioD	886338	P9WPQ5	RVBD_1570	ATP-dependent dethiobiotin synthetase BioD	Basal machinery
bioF2	bioF2	887050	P9WQ85	RVBD_0032	8-amino-7-oxononanoate synthase	M1.1
birA	birA	888726	I6YFP0	RVBD_3279c	bifunctional biotin operon repressor/biotin--[acetyl-CoA-carboxylase] synthetase	Basal machinery
bisC	bisC	886620	O06817	RVBD_1442	biotin sulfoxide reductase BisC	Basal machinery
bkdA	bkdA	888583	P9WIS3	RVBD_2497c,pdhA	branched-chain keto acid dehydrogenase E1 component subunit alpha	Basal machinery
bkdB	bkdB	888571	P9WIS1	pdhB,RVBD_2496c	branched-chain keto acid dehydrogenase E1 component subunit beta	Basal machinery
bkdC	bkdC	888237	O06159	pdhC	branched-chain keto acid dehydrogenase E2 component	Basal machinery
blaC	blaC	888742	P9WKD3	blaA,RVBD_2068c	beta-lactamase	Basal machinery
blaI	blaI	885747	P9WMJ5	RVBD_1846c	transcriptional repressor BlaI	M1.1
blaR	blaR	885370	P95164	RVBD_1845c	sensor-transducer protein BlaR	Basal machinery
bpoB	bpoB	885965	O06575	RVBD_1123c	peroxidase BpoB	Basal machinery
cadI	cadI	888629	P9WIR5	RVBD_2641	cadmium inducible protein CadI	Basal machinery
caeA	caeA	887857	P9WHR3	RVBD_2224c	carboxylesterase A	Basal machinery
carD	carD	887854	P9WJG3	RVBD_3583c	RNA polymerase-binding transcription factor CarD	Basal machinery
cas2	cas2	888520	P9WPJ3	RVBD_2816c	CRISPR-associated endoribonuclease Cas2	Basal machinery
cas6	cas6	888945	P9WPJ1	RVBD_2824c	CRISPR-associated endoribonuclease Cas6	Basal machinery
cbs	cbs	887108	P9WP51	RVBD_1077	cystathionine beta-synthase	Basal machinery
cdh	cdh	887342	P9WPG9	RVBD_2289	CDP-diacylglycerol pyrophosphatase	Basal machinery
cdsA	cdsA	888910	P9WPF7	RVBD_2881c	phosphatidate cytidylyltransferase	Basal machinery
celA1	celA1	887007	Q79G13	RVBD_0062	cellulase CelA	Basal machinery
celA2a	celA2a		Q79FS6	RVBD_1089A		M1.13
ceoB	ceoB	887250	I6XF25	RVBD_2691	TRK system potassium uptake protein CeoB	Basal machinery
cfp29	cfp29	885460	I6WZG6	RVBD_0798c	hypothetical protein	Basal machinery
cfp30B	cfp30B	887732	P9WIR3	TB27.3,RVBD_0577	hypothetical protein	Basal machinery
chaA	chaA	885524	O53910	RVBD_1607	ionic transporter integral membrane protein ChaA	Basal machinery
choD	choD	887502	P9WMV9	RVBD_3409c	cholesterol oxidase	Basal machinery
chp1	chp1	886155	O07801	RVBD_3822	hypothetical protein	Basal machinery
chp2	chp2	886063	O50440	RVBD_1184c	hypothetical protein	Basal machinery
cinA	cinA	885149	P9WPE3	RVBD_1901	protein CinA	Basal machinery
citA	citA	885466	P9WPD3	RVBD_0889c	citrate synthase 2	Basal machinery
clgR	clgR	888315	P9WMH7	RVBD_2745c	transcriptional regulator ClgR	M1.8
clpB	clpB	886440	P9WPD1	RVBD_0384c	chaperone protein ClpB	M27
clpC1	clpC1	885104	P9WPC9	RVBD_3596c	ATP-dependent protease ATP-binding subunit ClpC	Basal machinery
clpP1	clpP1	888176	P9WPC5	RVBD_2461c,clpP	ATP-dependent CLP protease proteolytic subunit 1	Basal machinery
clpP2	clpP2	888174	P9WPC3	RVBD_2460c	ATP-dependent CLP protease proteolytic subunit 2	Basal machinery
clpS	clpS	886891	P9WPC1	RVBD_1331	ATP-dependent Clp protease adapter protein ClpS	Basal machinery
cmaA2	cmaA2	887264	P9WPB5	RVBD_0503c,cma2,CMAS-2	cyclopropane mycolic acid synthase	Basal machinery
cmr	cmr	885693	P9WMH5	RVBD_1675c	HTH-type transcriptional regulator Cmr	M22
cmtR	cmtR	888889	P9WMI9	RVBD_1994c	HTH-type transcriptional regulator CmtR	Global regulator
coaBC	coaBC	886749	P9WNZ1	RVBD_1391,dfp	bifunctional phosphopantothenoylcysteine decarboxylase/phosphopantothenate--cysteine ligase	Basal machinery
coaD	coaD	888423	P9WPA5	RVBD_2965c,kdtB	phosphopantetheine adenylyltransferase	Basal machinery
coaX	coaX	885572	P9WPA1	RVBD_3600c	type III pantothenate kinase	Basal machinery
cobG	cobG	888140	Q10675	RVBD_2064	precorrin-3B synthase	Basal machinery
cobL	cobL	888321	P9WGA9	RVBD_2072c	precorrin-6Y C(5,15)-methyltransferase	Basal machinery
cobN	cobN	888252	O53498	RVBD_2062c	cobalamin biosynthesis protein CobN	Basal machinery
cobQ2	cobQ2	885584	I6XI14	RVBD_3713	cobyric acid synthase CobQ	Basal machinery
cofC	cofC	888161	P9WP83	RVBD_2983	2-phospho-L-lactate guanylyltransferase	Basal machinery
cpdA	cpdA	885326	P9WP65	RVBD_0805,icc	3',5'-cyclic adenosine monophosphate phosphodiesterase CpdA	Basal machinery
crgA	crgA	887074	P9WP57	RVBD_0011c	cell division protein CrgA	Basal machinery
crp	crp	885502	P9WMH3	RVBD_3676	cAMP receptor protein	M1.15
crtB	crtB	887911	P9WHP3	RVBD_3397c,phyA	phytoene synthase	Basal machinery
csm2	csm2	887778	P9WJG1	RVBD_2822c	CRISPR type III-associated protein Csm2	Basal machinery
csoR	csoR	885312	P9WP49	RVBD_0967,croR	copper-sensing transcriptional repressor CsoR	Global regulator
ctaB	ctaB	886666	P9WFR7	RVBD_1451	protoheme IX farnesyltransferase	M1.1
ctaC	ctaC	888799	P9WP69	RVBD_2200c	cytochrome C oxidase subunit II	Basal machinery
ctaE	ctaE	887425	P9WP67	RVBD_2193	cytochrome C oxidase subunit III	Basal machinery
ctaF	ctaF	888692	P9WP45	RVBD_2199c	cytochrome c oxidase polypeptide 4	Basal machinery
ctpA	ctpA	886946	P9WPU1	RVBD_0092	cation transporter ATPase A	Basal machinery
ctpB	ctpB	886928	P9WPT9	RVBD_0103c	cation-transporter P-type ATPase B	M1.1
ctpD	ctpD	886578	P9WPT3	RVBD_1469	cobalt/nickel-exporting P-type ATPase	Basal machinery
ctpF	ctpF	888867	P9WPS9	RVBD_1997	cation transporter ATPase F	Basal machinery
ctpG	ctpG	888914	P9WPS7	RVBD_1992c	cation transporter ATPase G	Basal machinery
ctpH	ctpH	886373	P96271	RVBD_0425c	metal cation transporting ATPase H	Basal machinery
ctpI	ctpI	886915	P9WPS5	RVBD_0107c	cation-transporter ATPase I	Basal machinery
ctpJ	ctpJ	885106	P9WPT7	RVBD_3743c,nmtA	cation transporter ATPase J	M16
ctpV	ctpV	885254	P9WPS3	RVBD_0969	copper transporter ATPase V	Basal machinery
cut1	cut1	885552	O06793	RVBD_1758	cutinase	Basal machinery
cut2	cut2	885371	P9WP41	RVBD_2301	cutinase	Basal machinery
cut3	cut3	887611	P9WP39	RVBD_3451	cutinase	Basal machinery
cut5a	cut5a		Q79FA5	RVBD_3724A		Basal machinery
cut5b	cut5b		Q79FA4	RVBD_3724B		Basal machinery
cwsA	cwsA	887085	P9WJF3	RVBD_0008c	cell wall synthesis protein CwsA	Basal machinery
cya	cya	888538	P9WQ35	RVBD_1625c	adenylyl cyclase	Basal machinery
cycA	cycA	888812	O33203	RVBD_1704c	D-serine/alanine/glycine transporter protein CycA	Basal machinery
cydA	cydA	885446	L7N662	RVBD_1623c	cytochrome D ubiquinol oxidase subunit I CydA	M1.1
cyp125	cyp125	887782	P9WPP1	RVBD_3545c	steroid C26-monooxygenase	M17
cyp128	cyp128	888025	P9WPN7	RVBD_2268c	cytochrome P450 Cyp128	Basal machinery
cyp130	cyp130	887059	P9WPN5	RVBD_1256c	cytochrome P450 Cyp130	Basal machinery
cyp132	cyp132	886738	P9WPN3	RVBD_1394c	cytochrome P450 Cyp132	Basal machinery
cyp135A1	cyp135A1	886538	P9WPN1	RVBD_0327c	cytochrome P450 Cyp135A1	Basal machinery
cyp135B1	cyp135B1	887654	P9WPM9	RVBD_0568	cytochrome P450 Cyp135B1	Basal machinery
cyp136	cyp136	888883	P9WPM7	RVBD_3059	cytochrome P450 Cyp136	Basal machinery
cyp137	cyp137	885625	P9WPM5	RVBD_3685c	cytochrome P450 Cyp137	Basal machinery
cyp138	cyp138	886868	P9WPM3	RVBD_0136	cytochrome P450 Cyp138	M1.29
cyp139	cyp139	885528	P9WPM1	RVBD_1666c	cytochrome P450 Cyp139	Basal machinery
cyp140	cyp140	885758	P9WPL9	RVBD_1880c	cytochrome P450 Cyp140	Basal machinery
cyp142	cyp142	888282	P9WPL5	RVBD_3518c	cytochrome P450 monooxygenase Cyp142	Basal machinery
cyp143	cyp143	885907	P9WPL3	RVBD_1785c	cytochrome P450 Cyp143	Basal machinery
cyp144	cyp144	885839	P9WPL1	RVBD_1777	cytochrome P450 Cyp144	Basal machinery
cysA	cysA	885663	P9WQM1	RVBD_2397c,cysA1	sulfate ABC transporter ATP-binding protein CysA	Basal machinery
cysA1	cysA1		P9WHF9	cysA,RVBD_0815cRVBD_3117,Rv0815c,Rv3117		M1.1
cysD	cysD	886979	P9WIK1	RVBD_1285	sulfate adenylyltransferase subunit 2	M4
cysE	cysE	886012	P95231	RVBD_2335	serine acetyltransferase	Basal machinery
cysH	cysH	885250	P9WIK3	RVBD_2392	phosphoadenosine phosphosulfate reductase	Basal machinery
cysK1	cysK1	886016	P9WP55	cysK,RVBD_2334	O-acetylserine sulfhydrylase	Basal machinery
cysK2	cysK2	885545	Q79FV4	RVBD_0848	cysteine synthase CysK	Basal machinery
cysM	cysM	886867	P9WP53	RVBD_1336	O-phosphoserine sulfhydrylase	Basal machinery
cysNC	cysNC	886978	P9WNM5	RVBD_1286,cysN	bifunctional sulfate adenyltransferase subunit 1 CysN/adenylylsulfate kinase CysC	Basal machinery
cysO	cysO	886879	P9WP33	cfp10A,RVBD_1335	sulfur carrier protein CysO	M1.29
cysQ	cysQ	888142	P9WKJ1	RVBD_2131c	3'-phosphoadenosine 5'-phosphate phosphatase	Basal machinery
cysS	cysS	888628	P9WFW1	cysS1,RVBD_3580c	cysteine--tRNA ligase	Basal machinery
cysT	cysT	885301	P71745	RVBD_2399c	sulfate ABC transporter permease CysT	Basal machinery
cysW	cysW	885305	P71746	RVBD_2398c	sulfate ABC transporter permease CysW	Basal machinery
dacB1	dacB1	887607	O53380	RVBD_3330	penicillin-binding protein DacB	Basal machinery
dacB2	dacB2	887189	I6Y204	RVBD_2911	penicillin-binding protein DacB2	Basal machinery
dagK	dagK	888429	P9WP29	RVBD_2252	diacylglycerol kinase	Basal machinery
dapA	dapA	888289	P9WP25	RVBD_2753c	4-hydroxy-tetrahydrodipicolinate synthase	Basal machinery
dapC	dapC	885784	P9WPZ5	RVBD_0858c	N-succinyldiaminopimelate aminotransferase DapC	Basal machinery
ddl	ddl	888415	P9WP31	ddlA,RVBD_2981c	D-alanine--D-alanine ligase	Basal machinery
ddn	ddn	887496	P9WP15	RVBD_3547	deazaflavin-dependent nitroreductase	Basal machinery
def	def	886366	P9WIJ3	RVBD_0429c	polypeptide deformylase	Basal machinery
deoC	deoC	888425	P9WP03	RVBD_0478	deoxyribose-phosphate aldolase	Basal machinery
desA1	desA1	885444	P9WNZ7	RVBD_0824c,des	acyl-ACP desaturase DesA	M1.18
desA2	desA2	885339	P9WNZ5	RVBD_1094	acyl-ACP desaturase DesA	M1.18
desA3	desA3	888821	P9WNZ3	RVBD_3229c	stearoyl-CoA 9-desaturase	M28
devR	devR	888842	P9WMF9	dosR,RVBD_3133c	two component transcriptional regulator DevR	Global regulator
dhaA	dhaA	888599	P9WMR9	RVBD_2579	haloalkane dehalogenase	Basal machinery
dhmA1	dhmA1	887796	P9WMS3	RVBD_2296	haloalkane dehalogenase	Basal machinery
dhmA2	dhmA2	885737	P9WMS1	RVBD_1833c	haloalkane dehalogenase	Basal machinery
dinG	dinG	886889	P9WMR5	RVBD_1329c	ATP-dependent helicase DinG	Basal machinery
disA	disA	887485	P9WNW5	dacA,RVBD_3586	DNA integrity scanning protein DisA	Basal machinery
dlaT	dlaT	888777	P9WIS7	sucB,RVBD_2215	pyruvate dehydrogenase E2 component dihydrolipoamide acyltransferase	Basal machinery
dnaA	dnaA	885041	P9WNW3	RVBD_0001	chromosomal replication initiator protein DnaA	Basal machinery
dnaB	dnaB	887009	P9WMR3	RVBD_0058	replicative DNA helicase	Basal machinery
dnaE1	dnaE1	886392	P9WNT7	RVBD_1547,dnaE	DNA polymerase III subunit alpha	Basal machinery
dnaE2	dnaE2	887259	P9WNT5	RVBD_3370c	error-prone DNA polymerase	Basal machinery
dnaG	dnaG	885996	P9WNW1	RVBD_2343c	DNA primase	Basal machinery
dnaJ1	dnaJ1	886495	P9WNV9	RVBD_0352	chaperone protein DnaJ	Basal machinery
dnaJ2	dnaJ2	886023	P9WNV7	RVBD_2373c	chaperone protein DnaJ	Basal machinery
dnaK	dnaK	885946	P9WMJ9	RVBD_0350	chaperone protein DnaK	M27
dnaN	dnaN	887092	P9WNU1	RVBD_0002	DNA polymerase III subunit beta	Basal machinery
dnaQ	dnaQ	885088	O69678	RVBD_3711c	DNA polymerase III subunit epsilon	Basal machinery
dosT	dosT	888471	P9WGK1	RVBD_2027c	two component sensor histidine kinase DosT	Basal machinery
dprE1	dprE1	886125	P9WJF1	RVBD_3790	decaprenylphosphoryl-beta-D-ribose oxidase	Basal machinery
drrA	drrA	888168	P9WQL9	RVBD_2936	daunorubicin ABC transporter ATP-binding protein DrrA	Basal machinery
drrC	drrC	888491	P9WG21	RVBD_2938	daunorubicin ABC transporter permease DrrC	Basal machinery
dsbF	dsbF	885690	I6XYM2	RVBD_1677	lipoprotein DsbF	Basal machinery
dxr	dxr	887800	P9WNS1	RVBD_2870c	1-deoxy-D-xylulose 5-phosphate reductoisomerase	Basal machinery
dxs	dxs	887461	P9WNS3	RVBD_2682c,dxs1	1-deoxy-D-xylulose 5-phosphate synthase	Basal machinery
eccA1	eccA1	886199	P9WPH9	RVBD_3868	ESX-1 secretion system protein EccA1	Basal machinery
eccA2	eccA2	886210	P9WPH7	RVBD_3884c	ESX-2 secretion system protein EccA	Basal machinery
eccA3	eccA3	886613	P9WPI3	RVBD_0282	ESX-3 secretion system protein EccA	M5
eccB1	eccB1	886166	P9WNR7	RVBD_3869	ESX-1 secretion system protein EccB	Basal machinery
eccB3	eccB3	886645	P9WNR3	RVBD_0283	ESX-3 secretion system protein EccB3	Basal machinery
eccB4	eccB4	887619	P9WNR1	RVBD_3450c	ESX-4 secretion system protein EccB4	Basal machinery
eccB5	eccB5	885347	P9WNQ9	RVBD_1782	ESX-5 type VII secretion system protein EccB5	Basal machinery
eccC2	eccC2	886230	O05450	RVBD_3894c	ESX-2 type VII secretion system protein EccC	Basal machinery
eccC3	eccC3	886611	P9WNA9	RVBD_0284	ESX-3 secretion system protein EccC3	Basal machinery
eccC5	eccC5	885898	P9WNA5	RVBD_1783	ESX-5 type VII secretion system protein EccC5	Basal machinery
eccCa1	eccCa1	886204	P9WNB3	RVBD_3870,snm1	ESX-1 secretion system protein EccCa	Basal machinery
eccCb1	eccCb1	886202	P9WNB1	snm2,RVBD_3871	ESX-1 secretion system protein EccCb	Basal machinery
eccD1	eccD1	886207	P9WNQ7	snm4,RVBD_3877	ESX-1 secretion system protein EccD1	Basal machinery
eccD2	eccD2	886211	P9WNQ5	RVBD_3887c	ESX-2 secretion system protein EccD	Basal machinery
eccD3	eccD3	886599	P9WNQ3	RVBD_0290	ESX-3 secretion system protein EccD	Basal machinery
eccD5	eccD5	885628	P9WNP9	RVBD_1795	ESX-5 type VII secretion system protein EccD	Intermodular
eccE1	eccE1	886208	P9WJE9	RVBD_3882c,snm7	ESX-1 secretion system protein EccE1	Basal machinery
eccE3	eccE3	886601	P9WJE5	RVBD_0292	ESX-3 secretion system protein EccE	Basal machinery
eccE5	eccE5	885452	P9WJE3	RVBD_1797	ESX-5 type VII secretion system protein EccE	Basal machinery
echA1	echA1	886723	P96404	RVBD_0222	enoyl-CoA hydratase EchA1	Basal machinery
echA11	echA11	886024	O06541	RVBD_1141c	enoyl-CoA hydratase EchA11	M19
echA12	echA12	886547	P9WNN7	RVBD_1472,fadB2	enoyl-CoA hydratase EchA12	Basal machinery
echA14	echA14	887894	P9WNN5	RVBD_2486	enoyl-CoA hydratase EchA14	Basal machinery
echA18.1	echA18.1	888100	Q6MWX6	RVBD_3374		Basal machinery
echA19	echA19	888301	O53561	RVBD_3516	enoyl-CoA hydratase EchA19	Basal machinery
echA2	echA2	886312	O07179	RVBD_0456c	enoyl-CoA hydratase EchA2	Basal machinery
echA20	echA20	888232	I6Y3U6	RVBD_3550	enoyl-CoA hydratase EchA20	M1.27
echA3	echA3	888015	I6Y8B5	RVBD_0632c	enoyl-CoA hydratase EchA3	Basal machinery
echA4	echA4	888175	I6Y8F2	RVBD_0673	enoyl-CoA hydratase EchA4	Basal machinery
echA5	echA5	888222	I6Y4E8	RVBD_0675	enoyl-CoA hydratase EchA5	Basal machinery
echA6	echA6	885825	P9WNP1	RVBD_0905	enoyl-CoA hydratase EchA6	Basal machinery
efp	efp	888437	P9WNM3	RVBD_2534c	elongation factor P	Basal machinery
efpA	efpA	888575	P9WJY5	RVBD_2846c	MFS-type transporter EfpA	Basal machinery
egtA	egtA	885053	P9WPK7	gshA,RVBD_3704c	glutamate--cysteine ligase	Basal machinery
eis	eis	885903	P9WFK7	RVBD_2416c	enhanced intracellular survival protein	Basal machinery
embA	embA	886123	P9WNL9	RVBD_3794	arabinosyltransferase A	Basal machinery
embB	embB	886126	P9WNL7	RVBD_3795	arabinosyltransferase B	Basal machinery
embR	embR	887026	P9WGJ9	RVBD_1267c	transcriptional regulator EmbR	Basal machinery
emrB	emrB	885836	P9WG89	RVBD_0783c	multidrug resistance protein EmrB	Basal machinery
ephA	ephA	885769	I6YGS0	RVBD_3617	epoxide hydrolase EphA	Basal machinery
ephB	ephB	885392	I6YC03	RVBD_1938	epoxide hydrolase EphB	Basal machinery
ephC	ephC	886022	O06576	RVBD_1124	epoxide hydrolase EphC	Basal machinery
ephD	ephD	887472	P9WGS3	RVBD_2214c	oxidoreductase EphD	Basal machinery
ephE	ephE	885577	I6YCQ4	RVBD_3670	epoxide hydrolase EphE	Basal machinery
ephF	ephF	886871	P96811	RVBD_0134	epoxide hydrolase EphF	Basal machinery
epiA	epiA	886461	P71791	RVBD_1512,fcl	nucleotide-sugar epimerase EpiA	Basal machinery
era	era	886027	P9WNK9	RVBD_2364c	GTPase Era	Basal machinery
erg3	erg3	885880	P9WNZ9	RVBD_1814	membrane-bound C-5 sterol desaturase	Basal machinery
erp	erp	886139	P9WIQ7	pirG,RVBD_3810	cell surface protein	Basal machinery
espA	espA	885377	P9WJE1	RVBD_3616c	ESX-1 secretion-associated protein EspA	Intermodular
espB	espB	886214	P9WJD9	mtb48,RVBD_3881c	ESX-1 secretion-associated protein EspB	M1.36
espC	espC	885770	P9WJD7	RVBD_3615c,snm9	ESX-1 secretion-associated protein EspC	Basal machinery
espD	espD	885777	P9WJD5	RVBD_3614c,snm10	ESX-1 secretion-associated protein EspD	M1.33
espE	espE	886185	P9WJD3	RVBD_3864	ESX-1 secretion-associated protein EspE	Intermodular
espG1	espG1	886200	P96210	RVBD_3866,snm5	ESX-1 secretion-associated protein EspG	Basal machinery
espG2	espG2	886223	P9WJC9	RVBD_3889c	ESX-2 secretion-associated protein EspG2	Basal machinery
espH	espH	886203	O69732	RVBD_3867	ESX-1 secretion-associated protein EspH	Basal machinery
espI	espI	886206	P9WJC5	RVBD_3876	ESX-1 secretion-associated protein EspI	Basal machinery
espJ	espJ	886198	P9WJC3	RVBD_3878	ESX-1 secretion-associated protein EspJ	Basal machinery
espL	espL	886205	P9WJB9	RVBD_3880c	ESX-1 secretion-associated protein EspL	Basal machinery
espR	espR	886184	P9WJB7	RVBD_3849	ESX-1 transcriptional regulator EspR	Global regulator
esxA	esxA	886209	P9WNK7	RVBD_3875,esaT6	ESAT-6 protein EsxA	Basal machinery
esxB	esxB	886194	P9WNK5	mtsA10,lhp,cfp10,RVBD_3874	ESAT-6-like protein EsxB	Basal machinery
esxD	esxD	886218	O05453	RVBD_3891c	ESAT-6 like protein EsxD	Basal machinery
esxG	esxG	886604	O53692	RVBD_0287	ESAT-6 like protein EsxG	Basal machinery
esxL	esxL	886090	P9WNJ5	RVBD_1198	ESAT-6 like protein EsxL	Basal machinery
esxN	esxN	885448	P9WNJ3	RVBD_1793	ESAT-6 like protein EsxN	Basal machinery
esxQ	esxQ	888508	P9WNJ1	RVBD_3017c	ESAT-6 like protein EsxQ	Basal machinery
esxR	esxR	888926	P9WNI9	RVBD_3019c	ESAT-6 like protein EsxR	Basal machinery
esxS	esxS	888946	Q6MX18	RVBD_3020c	ESAT-6 like protein EsxS	Basal machinery
esxT	esxT	887587	I6YC53	RVBD_3444c	ESAT-6 like protein EsxT	Basal machinery
esxU	esxU	887585	I6Y3I6	RVBD_3445c	ESAT-6 like protein EsxU	Basal machinery
etfA	etfA	888549	P9WNG9	fixB,RVBD_3028c	electron transfer flavoprotein subunit alpha	Basal machinery
etfB	etfB	887670	P9WNG7	fixA,RVBD_3029c	electron transfer flavoprotein subunit beta	M14
ethA	ethA	886175	P9WNF9	RVBD_3854c,etaA	monooxygenase EthA	Basal machinery
ethR	ethR	886189	P9WMC1	etaR,RVBD_3855	HTH-type transcriptional repressor EthR	Global regulator
ettA	ettA	887757	P9WQK3	RVBD_2477c	macrolide ABC transporter ATP-binding protein	Basal machinery
fabD	fabD	888769	P9WNG5	RVBD_2243	malonyl CoA-acyl carrier protein transacylase	Basal machinery
fabD2	fabD2	888079	Q79FX5	RVBD_0649	malonyl CoA-acyl carrier protein transacylase	Basal machinery
fabG	fabG	887697	O53547	RVBD_3502c	short-chain type dehydrogenase/reductase	M14
fabG1	fabG1	886551	P9WGT3	RVBD_1483,mabA	3-oxoacyl-ACP reductase FabG1	Basal machinery
fabH	fabH	887381	P9WNG3	RVBD_0533c	3-oxoacyl-[acyl-carrier-protein] synthase III	Basal machinery
fadA	fadA	885774	O53871	RVBD_0859	acyltransferase	Basal machinery
fadA2	fadA2	886682	O86361	RVBD_0243	acetyl-CoA acetyltransferase FadA	M14
fadA3	fadA3	887113	O53422	RVBD_1074c	beta-ketoacyl CoA thiolase FadA	Basal machinery
fadA4	fadA4	886904	P9WG69	RVBD_1323	acetyl-CoA acetyltransferase	Basal machinery
fadA5	fadA5	887360	I6XHI4	RVBD_3546	acetyl-CoA acetyltransferase FadA	M17
fadA6	fadA6	887285	I6XHJ3	RVBD_3556c	acetyl-CoA acetyltransferase FadA	Basal machinery
fadB	fadB	885799	O53872	RVBD_0860	fatty oxidation protein FadB	Basal machinery
fadB2	fadB2	886288	P9WNP7	RVBD_0468	3-hydroxybutyryl-CoA dehydrogenase	Basal machinery
fadB3	fadB3	885160	L7N688	RVBD_1715	3-hydroxybutyryl-CoA dehydrogenase FadB	Basal machinery
fadB5	fadB5	885245	O07721	RVBD_1912c	oxidoreductase FadB	Basal machinery
fadD10	fadD10	886933	P9WQ55	RVBD_0099	fatty-acid--CoA ligase FadD10	Basal machinery
fadD13	fadD13	888666	P9WQ37	RVBD_3089	long chain-fatty-acid--CoA ligase FadD13	Basal machinery
fadD14	fadD14	887133	O53406	RVBD_1058	fatty-acid--CoA ligase FadD14	Basal machinery
fadD15	fadD15	887456	O53521	RVBD_2187	long-chain-fatty-acid--CoA ligase FadD15	Basal machinery
fadD17	fadD17	888251	O53551	RVBD_3506	long-chain-fatty-acid--CoA ligase FadD17	Basal machinery
fadD18	fadD18	888277	I6YGC8	RVBD_3513c	fatty-acid--CoA ligase FadD18	Basal machinery
fadD19	fadD19	888275	P9WQ51	RVBD_3515c	long-chain-fatty-acid--CoA ligase FadD19	Basal machinery
fadD2	fadD2	886637	P95227	RVBD_0270	fatty-acid--CoA ligase FadD2	Basal machinery
fadD22	fadD22	887295	P9WQ61	RVBD_2948c	p-hydroxybenzoyl--AMP ligase	Basal machinery
fadD25	fadD25	886448	P9WQ45	RVBD_1521	fatty-acid--CoA ligase FadD25	Basal machinery
fadD26	fadD26	887603	P9WQ43	RVBD_2930	fatty-acid--CoA ligase FadD26	Basal machinery
fadD28	fadD28	887454	P9WQ59	acoas,RVBD_2941	long-chain-fatty-acid--AMP ligase FadD28	Basal machinery
fadD29	fadD29	887202	P95141	RVBD_2950c	long-chain-fatty-acid--AMP ligase FadD29	Basal machinery
fadD3	fadD3	887244	P96843	RVBD_3561	fatty-acid--CoA ligase FadD3	M1.27
fadD30	fadD30	886409	P9WQ57	RVBD_0404	long-chain-fatty-acid--AMP ligase FadD30	Basal machinery
fadD32	fadD32	886130	O53580	RVBD_3801c	long-chain-fatty-acid--AMP ligase FadD32	Basal machinery
fadD35	fadD35	887774	I6Y0X0	RVBD_2505c	fatty-acid--CoA ligase FadD35	M1.16
fadD36	fadD36	886074	O05295	RVBD_1193	fatty-acid--CoA ligase FadD36	Basal machinery
fadD4	fadD4	886737	P96396	RVBD_0214	fatty-acid--CoA ligase FadD4	M1.1
fadD5	fadD5	886822	O07411	RVBD_0166	fatty-acid--CoA ligase FadD5	Basal machinery
fadD6	fadD6	887549	O05307	RVBD_1206	fatty-acid--CoA ligase FadD6	Basal machinery
fadD7	fadD7	886896	O07169	RVBD_0119	fatty-acid--CoA ligase FadD7	Basal machinery
fadD8	fadD8	887526	O06417	RVBD_0551c	fatty-acid--CoA ligase FadD8	Basal machinery
fadD9	fadD9	888574	Q50631	RVBD_2590	fatty-acid--CoA ligase FadD9	Basal machinery
fadE10	fadE10	885636	P9WQF7	RVBD_0873	acyl-CoA dehydrogenase FadE10	Basal machinery
fadE19	fadE19	888541	I6Y0W5	RVBD_2500c	acyl-CoA dehydrogenase FadE19	Basal machinery
fadE2	fadE2	886836	P96831	RVBD_0154c	acyl-CoA dehydrogenase FadE2	Basal machinery
fadE20	fadE20	887866	O33229	RVBD_2724c	acyl-CoA dehydrogenase FadE20	Basal machinery
fadE22	fadE22	887617	I6X654	RVBD_3061c	acyl-CoA dehydrogenase FadE22	Basal machinery
fadE23	fadE23	887417	P95186	RVBD_3140	acyl-CoA dehydrogenase FadE23	M1.33
fadE24	fadE24	887971	P95187	RVBD_3139	acyl-CoA dehydrogenase FadE24	M14
fadE25	fadE25	888731	P9WQG1	RVBD_3274c,acd	acyl-CoA dehydrogenase FadE25	Basal machinery
fadE26	fadE26	887722	I6YCA3	RVBD_3504	acyl-CoA dehydrogenase FadE26	M1.7
fadE27	fadE27	888248	I6Y3Q0	RVBD_3505	acyl-CoA dehydrogenase FadE27	Basal machinery
fadE28	fadE28	888091	P71857	RVBD_3544c	acyl-CoA dehydrogenase FadE28	Basal machinery
fadE29	fadE29	888131	P71858	RVBD_3543c	acyl-CoA dehydrogenase FadE29	Basal machinery
fadE30	fadE30	887838	I6Y3V5	RVBD_3560c	acyl-CoA dehydrogenase FadE30	M1.27
fadE34	fadE34	887843	P96855	RVBD_3573c	acyl-CoA dehydrogenase FadE34	M28
fadE35	fadE35	886122	O53577	RVBD_3797	acyl-CoA dehydrogenase FadE35	Basal machinery
fadE36	fadE36	886098	O69727	RVBD_3761c	acyl-CoA dehydrogenase FadE36	Basal machinery
fadE5	fadE5	886698	O53666	RVBD_0244c	acyl-CoA dehydrogenase FadE5	Basal machinery
fadE6	fadE6	886641	P95228	RVBD_0271c	acyl-CoA dehydrogenase FadE6	Basal machinery
fadE8	fadE8	888198	I6X9J0	RVBD_0672	acyl-CoA dehydrogenase FadE8	M25
fadE9	fadE9	888684	I6Y4R2	RVBD_0752c	acyl-CoA dehydrogenase FadE9	Basal machinery
far	far	885790	I6Y8Y0	RVBD_0855	fatty-acid-CoA racemase	Basal machinery
fas	fas	887704	P95029	RVBD_2524c	fatty acid synthase	Basal machinery
fba	fba	886474	P9WQA3	RVBD_0363c	fructose-bisphosphate aldolase	Basal machinery
fbiC	fbiC	886061	P9WP77	RVBD_1173	FO synthase	Basal machinery
fbpA	fbpA	886132	P9WQP3	RVBD_3804c,mpt44	diacylglycerol acyltransferase/mycolyltransferase Ag85A	M1.31
fbpB	fbpB	885785	P9WQP1	RVBD_1886c	diacylglycerol acyltransferase/mycolyltransferase Ag85B	Basal machinery
fbpC	fbpC	886885	P9WQN9	RVBD_0129c,mpt45	diacylglycerol acyltransferase/mycolyltransferase Ag85C	Basal machinery
fdxA	fdxA	888887	P9WNE7	RVBD_2007c	ferredoxin	Basal machinery
fdxB	fdxB	887221	P71846	RVBD_3554	electron transfer protein FdxB	Basal machinery
fdxC	fdxC	885869	O50433	RVBD_1177	ferredoxin FdxC	Intermodular
fdxD	fdxD	888311	I6X7H4	RVBD_3503c	ferredoxin FdxD	Basal machinery
fecB	fecB	888745	O53291	RVBD_3044	FeIII-dicitrate-binding periplasmic lipoprotein	Basal machinery
ffh	ffh	888242	P9WGD7	RVBD_2916c	signal recognition particle protein	Basal machinery
fgd1	fgd1	886418	P9WNE1	RVBD_0407,fgd	F420-dependent glucose-6-phosphate dehydrogenase	Basal machinery
fgd2	fgd2	886877	P96809	RVBD_0132c	F420-dependent glucose-6-phosphate dehydrogenase	Basal machinery
fhaA	fhaA	887067	P71590	RVBD_0020c,TB39.8	FHA domain-containing protein FhaA	Basal machinery
fhaB	fhaB	887079	P9WJB5	fipA,RVBD_0019c	FHA domain-containing protein FhaB	Basal machinery
fic	fic	885540	I6YCN3	RVBD_3641c	cell filamentation protein Fic	Basal machinery
fmt	fmt	886706	P9WND3	RVBD_1406	methionyl-tRNA formyltransferase	Basal machinery
folB	folB	885345	P9WNC5	RVBD_3607c	dihydroneopterin aldolase	Basal machinery
folD	folD	888145	P9WG81	RVBD_3356c	bifunctional methylenetetrahydrofolate dehydrogenase/methenyltetrahydrofolate cyclohydrolase	Basal machinery
folK	folK	885848	P9WNC7	RVBD_3606c	2-amino-4-hydroxy-6- hydroxymethyldihydropteridinepyrophosphokinase	Basal machinery
folP2	folP2	887447	P9WNC9	RVBD_1207	dihydropteroate synthase	Basal machinery
fpg1	fpg1	887438	P9WNC3	mutM,fpg,RVBD_2924c	formamidopyrimidine-DNA glycosylase	Basal machinery
fprA	fprA	888839	P9WIQ3	RVBD_3106	NADPH-ferredoxin reductase FprA	Basal machinery
frdA	frdA	886376	P9WN91	RVBD_1552	fumarate reductase flavoprotein subunit	Basal machinery
frdB	frdB	886378	P9WN89	RVBD_1553	fumarate reductase iron-sulfur subunit	Basal machinery
frdD	frdD	886389	P9WNB5	RVBD_1555	fumarate reductase membrane anchor subunit	Basal machinery
frr	frr	887464	P9WGY1	RVBD_2882c	ribosome recycling factor	Basal machinery
ftsE	ftsE	888672	O05779	LH57_16935,RVBD_3102c	cell division ATP-binding protein FtsE	Basal machinery
ftsH	ftsH	885732	P9WQN3	RVBD_3610c	zinc metalloprotease FtsH	Basal machinery
ftsK	ftsK	888408	P9WNA3	RVBD_2748c	DNA translocase FtsK	Basal machinery
ftsQ	ftsQ	888367	P9WNA1	RVBD_2151c	cell division protein FtsQ	Basal machinery
ftsW	ftsW	887916	P9WN97	RVBD_2154c	lipid II flippase FtsW	Basal machinery
ftsX	ftsX	888673	P9WG19	RVBD_3101c	cell division protein FtsX	Basal machinery
ftsY	ftsY	887205	P9WGD9	RVBD_2921c	signal recognition particle receptor FtsY	Basal machinery
ftsZ	ftsZ	888369	P9WN95	RVBD_2150c	cell division protein FtsZ	M19
fucA	fucA	888550	P95075	RVBD_0727c	L-fuculose phosphate aldolase FucA	Basal machinery
furA	furA	885400	P9WN87	RVBD_1909c,fur	ferric uptake regulation protein FurA	Basal machinery
fusA	fusA	888240	P9WNM7	fusA1,RVBD_0684	elongation factor G	Basal machinery
gabD2	gabD2	885204	P9WNX7	RVBD_1731	succinate-semialdehyde dehydrogenase	Basal machinery
gabP	gabP	886261	L7N6B9	RVBD_0522	GABA permease GabP	Basal machinery
gabT	gabT	887915	P9WQ79	RVBD_2589	4-aminobutyrate aminotransferase	Basal machinery
galU	galU	885341	O05576	RVBD_0993	UTP--glucose-1-phosphate uridylyltransferase	Basal machinery
garA	garA	885735	P9WJA9	RVBD_1827	glycogen accumulation regulator GarA	Basal machinery
gatC	gatC	887335	P9WN59	RVBD_3012c	glutamyl-tRNA(GLN) amidotransferase subunit C	Basal machinery
gca	gca	886907	O53634	RVBD_0112	GDP-mannose 4,6-dehydratase	M19
gcvP	gcvP	885716	P9WN53	gcvB,RVBD_1832	glycine dehydrogenase	Basal machinery
ggtA	ggtA	888893	I6X9S5	RVBD_0773c	bifunctional cephalosporin acylase/gamma-glutamyltranspeptidase	Basal machinery
glbN	glbN	886402	P9WN25	RVBD_1542c	hemoglobin GlbN	Basal machinery
glbO	glbO	887743	P9WN23	RVBD_2470	hemoglobin GlbO	Basal machinery
glcB	glcB	885713	P9WK17	RVBD_1837c	malate synthase	Basal machinery
glf	glf	886142	P9WIQ1	RVBD_3809c	UDP-galactopyranose mutase	Basal machinery
glfT1	glfT1	886114	P9WMX3	RVBD_3782	galactofuranosyl transferase GlfT	Basal machinery
glgA	glgA	887805	P9WMZ1	RVBD_1212c	capsular glucan synthase	Basal machinery
glgB	glgB	886893	P9WN45	RVBD_1326c	1,4-alpha-glucan branching protein	Basal machinery
glgC	glgC	887933	P9WN43	RVBD_1213	glucose-1-phosphate adenylyltransferase	Basal machinery
glgE	glgE	886895	P9WQ17	RVBD_1327c	alpha-1,4-glucan:maltose-1-phosphate maltosyltransferase	Basal machinery
glgP	glgP	886886	P9WMW1	RVBD_1328	glycogen phosphorylase	Basal machinery
glgX	glgX	886353	P9WQ25	treX,RVBD_1564c	maltooligosyl trehalose synthase	Basal machinery
glmM	glmM	887589	P9WN41	RVBD_3441c,mrsA	phosphoglucosamine mutase	Basal machinery
glmS	glmS	887568	P9WN49	RVBD_3436c	glucosamine--fructose-6-phosphate aminotransferase	Basal machinery
glmU	glmU	886069	P9WMN3	RVBD_1018c	bifunctional UDP-N-acetylglucosamine pyrophosphorylase/glucosamine-1-phosphate N-acetyltransferase	Basal machinery
glnA1	glnA1	888383	P9WN39	RVBD_2220,glnA	glutamine synthetase	Basal machinery
glnA2	glnA2	888238	P9WN37	RVBD_2222c	glutamine synthetase	Basal machinery
glnA3	glnA3	885761	O07752	RVBD_1878	glutamine synthetase GlnA	Basal machinery
glnB	glnB	887756	P9WN31	RVBD_2919c	nitrogen regulatory protein P-II	Basal machinery
glnH	glnH	886393	P96257	RVBD_0411c	glutamine-binding lipoprotein GlnH	Basal machinery
glpQ2	glpQ2	886559	O07244	RVBD_0317c	glycerophosphoryl diester phosphodiesterase GlpQ	M1.33
gltA2	gltA2	885208	P9WPD5	RVBD_0896,gltA	citrate synthase 1	Basal machinery
gltB	gltB	886195	P96218	RVBD_3859c	glutamate synthase large subunit	Basal machinery
glyA2	glyA2	886983	P9WGI7	RVBD_0070c	serine hydroxymethyltransferase	Basal machinery
glyQS	glyQS	888962	P9WFV7	glyS,RVBD_2357c	glycine--tRNA ligase	Basal machinery
gmdA	gmdA	886529	P71790	RVBD_1511,gmd	GDP-D-mannose dehydratase GmdA	Basal machinery
gmhA	gmhA	886905	P9WGG1	lpcA,RVBD_0113	phosphoheptose isomerase	Intermodular
gmhB	gmhB	886903	P9WMV3	RVBD_0114	D-glycero-alpha-D-manno-heptose-1,7-bisphosphate 7-phosphatase	Basal machinery
gmk	gmk	886787	P9WKE9	RVBD_1389	guanylate kinase	Basal machinery
gpgS	gpgS	886085	P9WMW9	RVBD_1208	glucosyl-3-phosphoglycerate synthase	Basal machinery
gpm2	gpm2	888830	Q6MWZ7	RVBD_3214	phosphoglycerate mutase	Basal machinery
gpmA	gpmA	887183	P9WIC9	gpm,gpm1,RVBD_0489,pgm	2,3-bisphosphoglycerate-dependent phosphoglycerate mutase	Basal machinery
gpsA	gpsA	887864	P9WN77	gpdA2,RVBD_2982c	glycerol-3-phosphate dehydrogenase	Basal machinery
grcC2	grcC2	885355	O05572	RVBD_0989c	polyprenyl-diphosphate synthase GrcC	Basal machinery
greA	greA	887115	P9WMT9	RVBD_1080c	transcription elongation factor GreA	Basal machinery
groEL1	groEL1	887877	P9WPE9	groL1,RVBD_3417c,groEL-1	chaperonin GroEL	Basal machinery
groEL2	groEL2	886354	P9WPE7	groL2,RVBD_0440,groEL-2,hsp65	molecular chaperone GroEL	Basal machinery
groS	groS	887583	P9WPE5	RVBD_3418c,cpn10,mopB,groES	chaperonin GroES	M1.35
grpE	grpE	886497	P9WMT5	RVBD_0351	protein GrpE	Basal machinery
guaB	guaB	887498	P9WKI7	RVBD_3411c,guaB2	inosine-5'-monophosphate dehydrogenase	Basal machinery
guaB3	guaB3	887510	P9WKI5	RVBD_3410c	oxidoreductase	Basal machinery
gyrA	gyrA	887105	P9WG47	RVBD_0006	DNA gyrase subunit A	Basal machinery
hadB	hadB	888031	I6WYY7	RVBD_0636	(3R)-hydroxyacyl-ACP dehydratase subunit HadB	Basal machinery
hbhA	hbhA	886272	P9WIP9	RVBD_0475	heparin binding hemagglutinin HbhA	M1.13
hddA	hddA	886902	O53637	RVBD_0115	D-alpha-D-heptose-7-phosphate kinase HddA	Basal machinery
helZ	helZ	888635	I6YCF3	RVBD_2101	helicase HelZ	Basal machinery
hemA	hemA	887292	P9WMP7	RVBD_0509	glutamyl-tRNA reductase	Basal machinery
hemB	hemB	887312	P9WMP5	RVBD_0512	delta-aminolevulinic acid dehydratase	Basal machinery
hemC	hemC	887306	P9WMP3	RVBD_0510	porphobilinogen deaminase	Basal machinery
hemD	hemD	887280	Q6MX34	RVBD_0511	uroporphyrin-III C-methyltransferase	Basal machinery
hemL	hemL	887349	P9WMN9	RVBD_0524	glutamate-1-semialdehyde 2,1-aminomutase	M1.1
hemN	hemN	885300	P9WP73	RVBD_2388c	oxygen-independent coproporphyrinogen III oxidase	Basal machinery
higA1	higA1	885964	P9WJA7	RVBD_1956,higA	antitoxin HigA	Global regulator
higA2	higA2	888092	O53467	RVBD_2021c	transcriptional regulator	Global regulator
higA3	higA3	888059	O53333	RVBD_3183	transcriptional regulator	M6
higB1	higB1	885966	P9WJA5	higB	toxin HigB	Basal machinery
higB2	higB2	888129	O53468	RVBD_2022c	hypothetical protein	Basal machinery
higB3	higB3	888795	O53332	RVBD_3182	hypothetical protein	M6
hisI	hisI	886011	P9WMM7	RVBD_1606	phosphoribosyl-AMP cyclohydrolase	Basal machinery
hisN	hisN	888827	P95189	RVBD_3137,impC	histidinol-phosphatase	Basal machinery
hmp	hmp	887315	P9WJ93	RVBD_3571,kshB	3-ketosteroid-9-alpha-hydroxylase reductase subunit	M17
hns	hns	886187	I6YHB0	RVBD_3852	histone-like protein Hns	Basal machinery
hpt	hpt	885398	P9WHQ9	RVBD_3624c,hprT	hypoxanthine-guanine phosphoribosyltransferase	Basal machinery
hpx	hpx	887293	O53321	RVBD_3171c	non-heme haloperoxidase Hpx	Basal machinery
hrcA	hrcA	885924	P9WMK3	RVBD_2374c	heat-inducible transcription repressor HrcA	M1.35
hrp1	hrp1	888576	P9WJA3	RVBD_2626c	hypoxic response protein	Basal machinery
hsaA	hsaA	887241	P9WJA1	RVBD_3570c	flavin-dependent monooxygenase oxygenase subunit HsaA	M17
hsaC	hsaC	887886	P9WNW7	RVBD_3568c,bphC	extradiol dioxygenase	Basal machinery
hsaE	hsaE	888406	I6XHH5	RVBD_3536c	hydratase	Basal machinery
hsdS	hsdS	887695	I6YEB1	RVBD_2761c	type I restriction/modification system specificity determinant HsdS	Basal machinery
hsp	hsp	886667	O53673	RVBD_0251c	heat shock protein	Basal machinery
hspR	hspR	885929	O06302	RVBD_0353	heat shock protein transcriptional repressor HspR	M27
hspX	hspX	887579	P9WMK1	acr,RVBD_2031c	alpha-crystallin	M1.8
htdY	htdY	887923	I6YBZ8	RVBD_3389c	3-hydroxyacyl-thioester dehydratase HtdY	Basal machinery
htpG	htpG	887501	P9WMJ7	RVBD_2299c	chaperone protein HtpG	Basal machinery
htpX	htpX	887649	P9WHS5	RVBD_0563	protease HtpX	Basal machinery
hup	hup	888166	P9WMK7	RVBD_2986c,hupB,hlp,lbp21	DNA-binding protein HU	Basal machinery
hycD	hycD	886959	Q10881	RVBD_0084	formate hydrogenlyase HycD	Basal machinery
icl	icl	886291	P9WKK7	icl1,RVBD_0467	isocitrate lyase	Basal machinery
idsA2	idsA2	888334	O53507	RVBD_2173	geranylgeranyl pyrophosphate synthetase IdsA	Basal machinery
idsB	idsB	887680	O50410	RVBD_3383c	polyprenyl synthetase IdsB	Basal machinery
ilvG	ilvG	885738	P9WG39	RVBD_1820	acetolactate synthase large subunit IlvG	Basal machinery
ilvX	ilvX	888267	O53554	RVBD_3509c	acetohydroxyacid synthase large subunit	Basal machinery
infA	infA	887325	P9WKK3	RVBD_3462c	translation initiation factor IF-1	Intermodular
infB	infB	888157	P9WKK1	RVBD_2839c	translation initiation factor IF-2	Basal machinery
infC	infC	885478	P9WKJ9	RVBD_1641	initiation factor IF-3	Basal machinery
inhA	inhA	886523	P9WGR1	RVBD_1484	NADH-dependent enoyl-[ACP] reductase	Basal machinery
iniB	iniB	886518	P9WJ97	RVBD_0341	isoniazid inducible protein IniB	M1.11
ino1	ino1	887028	P9WKI1	RVBD_0046c	inositol-3-phosphate synthase	Basal machinery
irtA	irtA	886853	P9WQJ9	RVBD_1348	iron ABC transporter ATP-binding protein/permease IrtA	Basal machinery
ispD	ispD	887787	P9WKG9	RVBD_3582c	2-C-methyl-D-erythritol 4-phosphate cytidylyltransferase	M1.10
ispE	ispE	886034	P9WKG7	RVBD_1011	4-diphosphocytidyl-2-C-methyl-D-erythritol kinase	Basal machinery
ispF	ispF	888221	P9WKG5	RVBD_3581c	2C-methyl-D-erythritol 2,4-cyclodiphosphate synthase	Basal machinery
ispH1	ispH1	885830	P9WKG1	RVBD_1110,lytB1,lytB2	4-hydroxy-3-methylbut-2-enyl diphosphate reductase	Basal machinery
ispH2	ispH2	887953	P9WKF9	lytB2,RVBD_3382c	4-hydroxy-3-methylbut-2-enyl diphosphate reductase	Basal machinery
kasA	kasA	887269	P9WQD9	RVBD_2245	3-oxoacyl-ACP synthase 1	M1.17
kasB	kasB	887539	P9WQD7	RVBD_2246	3-oxoacyl-ACP synthase 2	Basal machinery
katG	katG	885638	P9WIE5	RVBD_1908c	catalase-peroxidase	Basal machinery
kgd	kgd	887084	P9WIS5	RVBD_1248c	multifunctional 2-oxoglutarate dehydrogenase E1 component /2-oxoglutarate dehydrogenase dihydrolipoyllysine-residue succinyltransferase	Basal machinery
kgtP	kgtP	888002	I6XHB8	RVBD_3476c		Basal machinery
kmtR	kmtR	885375	O53838	RVBD_0827c	HTH-type transcriptional regulator KmtR	M3
korA	korA	887370	O53182	RVBD_2455c	2-oxoglutarate oxidoreductase subunit KorA	Basal machinery
kshA	kshA	888268	P71875	RVBD_3526	3-ketosteroid-9-alpha-hydroxylase oxygenase subunit	Basal machinery
kstD	kstD	888422	P71864	RVBD_3537	3-oxosteroid 1-dehydrogenase	Basal machinery
kstR	kstR	887204	P96856	RVBD_3574	HTH-type transcriptional regulator KstR	Global regulator
kstR2	kstR2	887467	P9WMB9	RVBD_3557c	HTH-type transcriptional regulator KstR2	M1.27
lat	lat	887904	P9WQ77	RVBD_3290c	L-lysine-epsilon aminotransferase	Intermodular
ldtA	ldtA	886900	O53638	RVBD_0116c	L,D-transpeptidase LdtA	Basal machinery
ldtB	ldtB	888160	I6Y9J2	lppS,RVBD_2518c	L,D-transpeptidase LdtB	Basal machinery
lepA	lepA	885475	P9WK97	RVBD_2404c	GTP-binding protein LepA	Basal machinery
leuA	leuA	885092	P9WQB3	RVBD_3710	2-isopropylmalate synthase	Basal machinery
leuB	leuB	888182	P9WKK9	RVBD_2995c	3-isopropylmalate dehydrogenase	Basal machinery
leuC	leuC	887875	P9WQF5	RVBD_2988c	3-isopropylmalate dehydratase large subunit	Basal machinery
leuD	leuD	888225	P9WK95	RVBD_2987c	3-isopropylmalate dehydratase small subunit	Basal machinery
leuS	leuS	887040	P9WFV1	RVBD_0041	leucine--tRNA ligase	Basal machinery
lexA	lexA	888169	P9WHR7	RVBD_2720	repressor LexA	Basal machinery
lgt	lgt	885292	P9WK93	RVBD_1614	prolipoprotein diacylglyceryl transferase	Basal machinery
lhr	lhr	887503	P96901	RVBD_3296	ATP-dependent helicase	Basal machinery
ligA	ligA	887354	P9WNV1	lig,RVBD_3014c	DNA ligase A	Basal machinery
ligB	ligB	887553	P9WNV5	RVBD_3062	DNA ligase	Basal machinery
ligC	ligC	885771	L0TDE1	RVBD_3731	DNA ligase C	Basal machinery
ligD	ligD	885561	P9WNV3	RVBD_0938	multifunctional non-homologous end joining DNA repair protein/ATP dependent DNA ligase LigD	Basal machinery
lipA	lipA	887922	P9WK91	RVBD_2218	lipoyl synthase	Basal machinery
lipB	lipB	887626	P9WK83	RVBD_2217	octanoyltransferase	Basal machinery
lipC	lipC	886722	P96402	RVBD_0220	esterase LipC	Basal machinery
lipD	lipD	885910	P95290	RVBD_1923	lipase LipD	Basal machinery
lipF	lipF	888430	O06350	RVBD_3487c	carboxylesterase LipF	Basal machinery
lipI	lipI	886728	P71668	RVBD_1400c	lipase	Basal machinery
lipL	lipL	886575	P71778	RVBD_1497	esterase LipL	Basal machinery
lipP	lipP	888572	O53190	RVBD_2463	esterase/lipase LipP	Basal machinery
lipQ	lipQ	887876	I6Y9F7	RVBD_2485c	carboxylesterase LipQ	Basal machinery
lipT	lipT	888358	O53488	RVBD_2045c	carboxylesterase LipT	Basal machinery
lipW	lipW	886726	P96399	RVBD_0217c	esterase LipW	Basal machinery
lipX	lipX	885930	Q79FR5	RVBD_1169c	lipase LipX	M1.14
lipY	lipY	888677	I6Y2J4	RVBD_3097c	triacylglycerol lipase Lip	Basal machinery
lldD	lldD	885754	P9WND5	lldD2,RVBD_1872c	L-lactate dehydrogenase	Basal machinery
log	log	886075	O05306	RVBD_1205,LH57_06605	hypothetical protein	Basal machinery
lpdA	lpdA	887659	P9WHH7	RVBD_3303c,lpdA-2	NAD(P)H quinone reductase LpdA	Basal machinery
lppA	lppA	888052	P9WK81	RVBD_2543	lipoprotein LppA	Basal machinery
lppB	lppB	888054	P9WK79	RVBD_2544	lipoprotein LppB	Basal machinery
lppE	lppE	885762	O07750	RVBD_1881c	lipoprotein LppE	Basal machinery
lppF	lppF	885917	O53963	RVBD_1921c	lipoprotein LppF	Basal machinery
lppG	lppG	885979	P95268	RVBD_1946c	lipoprotein	Basal machinery
lppI	lppI	888308	O53489	RVBD_2046	lipoprotein LppI	Basal machinery
lppJ	lppJ	887351	P9WK77	RVBD_2080	lipoprotein LppJ	Basal machinery
lppK	lppK	886029	P9WK75	RVBD_2116	lipoprotein LppK	Basal machinery
lppL	lppL	887303	O06237	RVBD_2138	lipoprotein LppL	Intermodular
lppN	lppN	887448	P9WK73	RVBD_2270	lipoprotein LppN	Basal machinery
lppP	lppP	888072	P9WK69	RVBD_2330c	lipoprotein LppP	Basal machinery
lppR	lppR	885513	P71740	RVBD_2403c	lipoprotein LppR	Basal machinery
lppT	lppT	885901	O53948	RVBD_1799	lipoprotein LppT	Basal machinery
lppW	lppW	887421	P9WK67	RVBD_2905	alanine-rich lipoprotein LppW	M1.39
lppX	lppX	887956	P9WK65	RVBD_2945c	lipoprotein LppX	Basal machinery
lppY	lppY	887357	O53246	RVBD_2999	lipoprotein LppY	Basal machinery
lppZ	lppZ	887308	I6Y293	RVBD_3006	lipoprotein LppZ	Basal machinery
lpqB	lpqB	888815	P9WK37	RVBD_3244c	lipoprotein LpqB	Basal machinery
lpqC	lpqC	887984	P96903	RVBD_3298c	esterase lipoprotein LpqC	Basal machinery
lpqD	lpqD	887627	O50416	RVBD_3390	lipoprotein LpqD	Basal machinery
lpqE	lpqE	887254	P9WK63	RVBD_3584	lipoprotein LpqE	Basal machinery
lpqF	lpqF	886290	O06155	RVBD_3593	lipoprotein LpqF	Basal machinery
lpqH	lpqH	886097	P9WK61	RVBD_3763	lipoprotein LpqH	Basal machinery
lpqJ	lpqJ	886512	O06295	RVBD_0344c	lipoprotein LpqJ	Basal machinery
lpqK	lpqK	886416	P95207	RVBD_0399c	lipoprotein LpqK	Basal machinery
lpqP	lpqP	888194	I6XVY0	RVBD_0671	lipoprotein LpqP	Basal machinery
lpqQ	lpqQ	885883	O53846	RVBD_0835	lipoprotein LpqQ	M11
lpqR	lpqR	885417	O53850	RVBD_0838	lipoprotein LpqR	Basal machinery
lpqT	lpqT	886066	P9WK59	RVBD_1016c	lipoprotein LpqT	M1.33
lpqV	lpqV	887126	P9WK57	RVBD_1064c	lipoprotein LpqV	Basal machinery
lpqW	lpqW	886036	P9WGU7	RVBD_1166	monoacyl phosphatidylinositol tetramannoside-binding protein LpqW	Basal machinery
lpqX	lpqX	886013	O33224	RVBD_1228	lipoprotein LpqX	Basal machinery
lpqY	lpqY	887145	P9WGU9	RVBD_1235	trehalose ABC transporter substrate-binding lipoprotein LpqY	Basal machinery
lpqZ	lpqZ	887093	O50459	RVBD_1244	lipoprotein LpqZ	Basal machinery
lprA	lprA	887017	P9WK55	RVBD_1270c	lipoprotein LprA	Basal machinery
lprB	lprB	887011	P9WK53	RVBD_1274	lipoprotein LprB	Basal machinery
lprD	lprD	886852	P9WK51	RVBD_1343c	lipoprotein LprD	Basal machinery
lprF	lprF	886798	P9WK47	RVBD_1368	lipoprotein LprF	Basal machinery
lprI	lprI	886406	P9WK41	RVBD_1541c	lipoprotein LprI	Basal machinery
lprJ	lprJ	885670	O33192	RVBD_1690	lipoprotein LprJ	Basal machinery
lprK	lprK	886804	O07417	RVBD_0173	Mce family lipoprotein LprK	Basal machinery
lprL	lprL	887829	I6Y461	RVBD_0593	Mce family lipoprotein LprL	Basal machinery
lprN	lprN	888364	I6Y3P1	RVBD_3495c	Mce family lipoprotein LprN	Basal machinery
lprO	lprO	886796	O07423	RVBD_0179c	lipoprotein LprO	M1.33
lprQ	lprQ	887167	P9WKV3	RVBD_0483	lipoprotein LprQ	Basal machinery
lrpA	lrpA	888728	I6YBQ3	RVBD_3291c	transcriptional regulator LrpA	M1.3
lspA	lspA	886408	P9WK99	RVBD_1539	lipoprotein signal peptidase	Basal machinery
lsr2	lsr2	885580	P9WIP7	RVBD_3597c	iron-regulated H-NS-like protein	Global regulator
ltp1	ltp1	888585	O33332	RVBD_2790c	lipid-transfer protein	Basal machinery
ltp4	ltp4	887885	O53567	RVBD_3522	lipid transfer protein	Basal machinery
lysA	lysA	886960	P9WIU7	RVBD_1293	diaminopimelate decarboxylase	Basal machinery
lysS1	lysS1	885574	P9WFU9	RVBD_3598c,lysS	lysine--tRNA ligase	Basal machinery
lysX	lysX	885428	P9WFU7	mprF,lysU,lysS2,RVBD_1640c	bifunctional lysine--tRNA ligase/phosphatidylglycerol lysyltransferase	Basal machinery
mak	mak	886880	O07177	RVBD_0127	maltokinase	Basal machinery
malQ	malQ	885854	P9WK23	RVBD_1781c	4-alpha-glucanotransferase	Basal machinery
manA	manA	888698	O05898	RVBD_3255c	mannose-6-phosphate isomerase	Basal machinery
map-1	map-1	888564	P9WK21	mapA,RVBD_0734	methionine aminopeptidase	Basal machinery
mas	mas	887982	I6Y231	RVBD_2940c	multifunctional mycocerosic acid synthase	Basal machinery
mazE1	mazE1	14515889	P0CL57	RVBD_0456B	antitoxin MazE1	Intermodular
mazE3	mazE3	885941	O53451	mazE-mt6,RVBD_1103c	antitoxin MazE3	Basal machinery
mazE4	mazE4	886502	P9WJ91	RVBD_1494,mazE-mt7	antitoxin MazE4	Basal machinery
mazE6	mazE6	14515890	P9WJ87	mazE-mt3,RVBD_1991A	antitoxin MazE6	M1.12
mazE7	mazE7	3205116	P9WJ85	RVBD_2063	antitoxin MazE7	Basal machinery
mazF1	mazF1	3205039	Q6MX40	mazF-mt2,RVBD_0456A	toxin MazF1	Intermodular
mazF2	mazF2	888134	P9WII1	mazF-mt4,RVBD_0659c	toxin MazF2	Basal machinery
mazF3	mazF3	886001	P9WIH9	RVBD_1102c,mazF-mt6	mRNA interferase MazF3	Basal machinery
mazF8	mazF8	888067	P9WIH7	RVBD_2274c	toxin MazF8	Basal machinery
mazG	mazG	886052	P96379	RVBD_1021	nucleoside triphosphate pyrophosphohydrolase	Basal machinery
mbtA	mbtA	885833	P71716	RVBD_2384	bifunctional salicyl-AMP ligase/salicyl-S-ArCP synthetase	Basal machinery
mbtB	mbtB	885838	P9WQ63	RVBD_2383c	phenyloxazoline synthase	Basal machinery
mbtC	mbtC	885908	P71718	RVBD_2382c	polyketide synthetase	Basal machinery
mbtE	mbtE	885822	I6Y0L1	RVBD_2380c	peptide synthetase	Basal machinery
mbtH	mbtH	885968	P9WIP5	RVBD_2377c	hypothetical protein	Basal machinery
mbtI	mbtI	885823	P9WFX1	trpE2,RVBD_2386c	salicylate synthase	Basal machinery
mbtL	mbtL	886848	P9WQF1	RVBD_1344	acyl carrier protein MbtL	Basal machinery
mca	mca	887101	P9WJN1	RVBD_1082	mycothiol S-conjugate amidase	Basal machinery
mce1A	mce1A	886823	Q79FZ9	RVBD_0169	Mce family protein Mce1A	Basal machinery
mce1B	mce1B	886810	O07414	RVBD_0170	Mce family protein Mce1B	Basal machinery
mce1C	mce1C	886808	O07415	RVBD_0171	Mce family protein Mce1C	Basal machinery
mce1D	mce1D	886807	O07416	RVBD_0172	Mce family protein Mce1D	Basal machinery
mce1F	mce1F	886820	L0T2W6	RVBD_0174	Mce family protein Mce1F	Basal machinery
mce1R	mce1R	886818	Q79G00	RVBD_0165c	transcriptional regulator Mce1R	Basal machinery
mce2B	mce2B		O07788	RVBD_0590		Basal machinery
mce2C	mce2C	887770	O07787	RVBD_0591	Mce family protein Mce2C	Basal machinery
mce2F	mce2F	887797	O07784	RVBD_0594	Mce family protein Mce2F	Basal machinery
mce3B	mce3B	885943	O53968	RVBD_1967	Mce family protein Mce3B	Basal machinery
mce3C	mce3C	885942	O53969	RVBD_1968	Mce family protein Mce3C	Basal machinery
mce3F	mce3F	885938	O53972	RVBD_1971	Mce family protein Mce3F	Basal machinery
mce3R	mce3R	885950	P95251	RVBD_1963c	transcriptional repressor Mce3R	Intermodular
mce4A	mce4A	888344	I6YC99	RVBD_3499c	Mce family protein Mce4A	Basal machinery
mce4D	mce4D	888361	I6XHD6	RVBD_3496c	Mce family protein Mce4D	Basal machinery
mce4F	mce4F	888376	I6YC95	RVBD_3494c	Mce family protein Mce4	Basal machinery
mctB	mctB	885047	P9WJ83	RVBD_1698	copper transporter MctB	Basal machinery
mec	mec	886875	P9WHS1	RVBD_1334,mec+	CysO-cysteine peptidase	Basal machinery
menB	menB	887529	P9WNP5	RVBD_0548c	1,4-dihydroxy-2-naphthoyl-CoA synthase	Basal machinery
menD	menD	887554	P9WK11	RVBD_0555	bifunctional 2-succinyl-6-hydroxy-2,4-cyclohexadiene-1-carboxylate synthase/2-oxoglutarate decarboxylase	Basal machinery
mesT	mesT	888846	Q6MX03	RVBD_3176c	epoxide hydrolase MesT	M1.31
metB	metB	887103	P9WGB7	RVBD_1079	cystathionine gamma-synthase	Basal machinery
metC	metC	888037	O53390	RVBD_3340	O-acetylhomoserine sulfhydrylase	Basal machinery
metE	metE	888947	P9WK07	RVBD_1133c	5-methyltetrahydropteroyltriglutamate-- homocysteine methyltransferase	Basal machinery
metG	metG	886050	P9WFU5	metS,RVBD_1007c	methionine--tRNA ligase	Basal machinery
metH	metH	888711	O33259	RVBD_2124c	methionine synthase	Basal machinery
metK	metK	886741	P9WGV1	RVBD_1392	S-adenosylmethionine synthetase	Basal machinery
mftB	mftB	888285	P95038	RVBD_0692	mycofactocin system protein MftB	Basal machinery
mftD	mftD	888310	P9WND7	lldD1,RVBD_0694	mycofactocin system heme/flavin oxidoreductase MftD	Basal machinery
mftE	mftE	888314	P9WP59	RVBD_0695	mycofactocin system creatinine amidohydrolase family protein MftE	Basal machinery
mftR	mftR	888296	P9WMB7	RVBD_0691c	mycofactocin biosynthesis transcriptional regulator MftR	Global regulator
mgtA	mgtA	887609	P9WMY5	RVBD_0557,pimB	GDP-mannose-dependent alpha-mannosyltransferase	Basal machinery
mgtC	mgtC	885439	I6YBN6	RVBD_1811	Mg2+ transport P-type ATPase MgtC	Basal machinery
mhpE	mhpE	888074	O06334	RVBD_3469c	4-hydroxy-2-oxovalerate aldolase MhpE	Basal machinery
mhpF	mhpF	888396	P9WQH3	RVBD_3535c,hsaG	acetaldehyde dehydrogenase	Basal machinery
miaB	miaB	888266	P9WK05	RVBD_2733c	(dimethylallyl)adenosine tRNA methylthiotransferase	Basal machinery
mihF	mihF	886751	P71658	RVBD_1388	integration host factor MihF	Basal machinery
mku	mku	885050	P9WKD9	RVBD_0937c	non-homologous end joining protein Ku	Basal machinery
mmaA1	mmaA1	888060	P9WPB1	mma1,RVBD_0645c	mycolic acid methyltransferase MmaA1	Basal machinery
mmaA3	mmaA3	888058	P0CH91	RVBD_0643c,mma3	methoxy mycolic acid synthase MmaA3	Basal machinery
mmaA4	mmaA4	888056	Q79FX8	hma,RVBD_0642c,mma4	hydroxymycolate synthase MmaA4	Basal machinery
mmpL1	mmpL1	886413	P9WJV9	RVBD_0402c	transmembrane transport protein MmpL1	Basal machinery
mmpL10	mmpL10	886068	P9WJU1	RVBD_1183	transmembrane transport protein MmpL10	Basal machinery
mmpL11	mmpL11	886750	P9WJT9	RVBD_0202c	transmembrane transport protein MmpL11	Basal machinery
mmpL12	mmpL12	886445	P9WJT7	RVBD_1522c	transmembrane transport protein MmpL12	Basal machinery
mmpL13a	mmpL13a	885798	O06545	RVBD_1145	transmembrane transport protein	Basal machinery
mmpL13b	mmpL13b	885575	O06546	RVBD_1146	transmembrane transport protein	Basal machinery
mmpL2	mmpL2	887248	P9WJV7	RVBD_0507	transmembrane transport protein MmpL2	Basal machinery
mmpL4	mmpL4	886323	P9WJV3	RVBD_0450c	transmembrane transport protein MmpL4	Basal machinery
mmpL5	mmpL5	888219	P9WJV1	RVBD_0676c	transmembrane transport protein MmpL5	Basal machinery
mmpL6	mmpL6	886033	P9WJU9	RVBD_1557	transmembrane transport protein MmpL6	M1.29
mmpL7	mmpL7	887548	P9WJU7	RVBD_2942	transmembrane transport protein MmpL7	Basal machinery
mmpL9	mmpL9	888966	P9WJU3	RVBD_2339	transmembrane transport protein MmpL9	Basal machinery
mmpR5	mmpR5	888235	I6Y8F7	RVBD_0678	hypothetical protein	Global regulator
mmpS1	mmpS1	886411	P9WJT5	RVBD_0403c	membrane protein MmpS1	Basal machinery
mmpS2	mmpS2	887279	P9WJT3	RVBD_0506	membrane protein MmpS2	Basal machinery
mmpS3	mmpS3	887471	P9WJT1	RVBD_2198c	membrane protein MmpS3	Basal machinery
mmpS4	mmpS4	886321	P9WJS9	RVBD_0451c	membrane protein MmpS4	M1.15
mmpS5	mmpS5	888233	P9WJS7	RVBD_0677c	membrane protein MmpS5	Basal machinery
mmr	mmr	887550	P9WGF1	RVBD_3065	multidrug resistance protein Mmr	Intermodular
mmsA	mmsA	888707	O53816	RVBD_0753c	methylmalonate-semialdehyde dehydrogenase	Basal machinery
mmuM	mmuM	885871	O53185	RVBD_2458	homocysteine S-methyltransferase MmuM	Basal machinery
moaA1	moaA1	888836	P9WJS3	moaA,RVBD_3109	cyclic pyranopterin monophosphate synthase 1	Basal machinery
moaB1	moaB1	888683	Q6MX13	RVBD_3110	pterin-4-alpha-carbinolamine dehydratase	Basal machinery
moaB2	moaB2	885378	O53897	RVBD_0984	pterin-4-alpha-carbinolamine dehydratase	Basal machinery
moaC1	moaC1	888680	P9WJR9	RVBD_3111,moaC	cyclic pyranopterin monophosphate synthase accessory protein	M1.7
moaC3	moaC3	887981	P9WJR5	RVBD_3324c	cyclic pyranopterin monophosphate synthase accessory protein	Basal machinery
moaD1	moaD1	888897	L7N6B4	moaD,RVBD_3112	molybdenum cofactor biosynthesis protein MoaD	Basal machinery
moaE1	moaE1	888811	P9WJR3	moaE,RVBD_3119	molybdopterin synthase catalytic subunit 1	Basal machinery
moaR1	moaR1	888825	O05797	RVBD_3124	transcriptional regulator MoaR	M1.1
moaX	moaX	887578	Q6MWY3	moaD,RVBD_3323c	MoaD-MoaE fusion protein MoaX	Basal machinery
mobA	mobA	885904	P9WJQ9	RVBD_2453c	molybdenum cofactor guanylyltransferase	Basal machinery
modA	modA	885655	P9WGU3	RVBD_1857	molybdate ABC transporter substrate-binding lipoprotein ModA	Basal machinery
modB	modB	885723	P9WG13	RVBD_1858	molybdenum ABC transporter permease ModB	Basal machinery
modC	modC	885731	P9WQL3	RVBD_1859	molybdenum ABC transporter ATP-binding protein ModC	Basal machinery
moeA1	moeA1	885404	P9WJQ7	moeA,RVBD_0994	molybdopterin molybdenumtransferase 1	Basal machinery
moeB2	moeB2	888808	L7N674	RVBD_3116	molybdenum cofactor biosynthesis protein MoeB	Basal machinery
moeW	moeW	886018	P95234	RVBD_2338c	molybdopterin biosynthesis protein MoeW	M1.20
moeZ	moeZ	888871	P9WMN7	RVBD_3206c,moeB1	adenylyltransferase/sulfurtransferase	M1.29
moxR1	moxR1	886537	Q79FN7	RVBD_1479	transcriptional regulator MoxR1	Basal machinery
moxR2	moxR2	885323	I6YGX9	RVBD_3692	methanol dehydrogenase transcriptional regulator MoxR	Basal machinery
moxR3	moxR3	887658	O53314	RVBD_3164c	methanol dehydrogenase transcriptional regulator MoxR	Basal machinery
mpa	mpa	887297	P9WQN5	RVBD_2115c	proteasome-associated ATPase	Basal machinery
mprA	mprA	885038	P9WGM9	RVBD_0981	two-component response regulator MrpA	M10
mpt51	mpt51	886121	P9WQN7	fbpC1,RVBD_3803c,fbpD,mpb51	MPT51/MPB51 antigen	Basal machinery
mpt53	mpt53	887184	P9WG65	RVBD_2878c,mpb53	soluble secreted antigen Mpt53	Basal machinery
mpt63	mpt63	885334	P9WIP1	RVBD_1926c	immunogenic protein Mpt63	Basal machinery
mpt64	mpt64	885925	P9WIN9	RVBD_1980c	immunogenic protein Mpt64	Basal machinery
mpt70	mpt70	887724	P9WNF5	RVBD_2875	major secreted immunogenic protein Mpt70	Basal machinery
mptA	mptA	887528	O53508	RVBD_2174	alpha(1->6)-mannopyranosyltransferase A	Basal machinery
mraY	mraY	888098	P9WMW7	RVBD_2156c,murX	phospho-N-acetylmuramoyl- pentappeptidetransferase	Basal machinery
mrp	mrp	886067	P9WJN7	RVBD_1229c	Mrp-like protein	Basal machinery
mscL	mscL	885368	P9WJN5	RVBD_0985c	large-conductance ion mechanosensitive channel	Basal machinery
mshB	mshB	885997	P9WJN3	RVBD_1170	1D-myo-inositol 2-acetamido-2-deoxy-alpha-D-glucopyranoside deacetylase	M1.14
msrA	msrA	886865	P9WJM5	RVBD_0137c	peptide methionine sulfoxide reductase MsrA	Basal machinery
mtb12	mtb12	885515	P9WIN7	cfp2,RVBD_2376c	low molecular weight antigen MTB12	Basal machinery
mtc28	mtc28	887037	P9WIM9	RVBD_0040c	proline-rich protein	Basal machinery
mtcA2	mtcA2	887836	P9WPJ9	cynT,RVBD_3588c,canB	carbonic anhydrase	Basal machinery
mtrA	mtrA	888743	P9WGM7	RVBD_3246c	two component DNA-binding response regulator MtrA	Global regulator
mtrB	mtrB	888719	P9WGK9	RVBD_3245c	two component sensory histidine kinase MtrB	Basal machinery
murA	murA	886921	P9WJM1	murZ,RVBD_1315	UDP-N-acetylglucosamine 1-carboxyvinyltransferase	Basal machinery
murB	murB	887169	P9WJL9	RVBD_0482	UDP-N-acetylenolpyruvoylglucosamine reductase	Basal machinery
murC	murC	887983	P9WJL7	RVBD_2152c	UDP-N-acetylmuramate--alanine ligase	Basal machinery
murD	murD	888000	P9WJL5	RVBD_2155c	UDP-N-acetylmuramoylalanine--D-glutamate ligase	Basal machinery
murI	murI	886866	P9WPW9	RVBD_1338	glutamate racemase	Basal machinery
mutA	mutA	886507	P9WJK7	RVBD_1492	methylmalonyl-CoA mutase small subunit	Basal machinery
mutB	mutB	886509	P9WJK5	RVBD_1493	methylmalonyl-CoA mutase large subunit	Basal machinery
mutT1	mutT1	888165	P9WIY3	RVBD_2985	8-oxo-dGTP diphosphatase	Basal machinery
mutT3	mutT3	886405	P9WIX9	RVBD_0413	8-oxo-dGTP diphosphatase	Basal machinery
mutT4	mutT4	886242	P9WIX7	RVBD_3908	mutator protein MutT	Basal machinery
mviN	mviN	886247	P9WJK3	RVBD_3910	peptidoglycan biosynthesis protein	Basal machinery
mycP1	mycP1	886217	O05461	RVBD_3883c	membrane-anchored mycosin	Basal machinery
mycP2	mycP2	886215	O05458	RVBD_3886c	membrane-anchored mycosin	Basal machinery
mycP4	mycP4	887602	I6YC58	RVBD_3449	membrane-anchored mycosin	M2
mycP5	mycP5	885879	O53945	RVBD_1796	membrane-anchored mycosin MycP	Basal machinery
mymA	mymA	888655	P9WNF7	RVBD_3083	FAD-containing monooxygenase MymA	M21
mymT	mymT	14515880	P9WK09	RVBD_0186Ac	metallothionein	Basal machinery
nadB	nadB	886285	P9WJJ9	RVBD_1595	L-aspartate oxidase	Basal machinery
nadD	nadD	885457	P9WJJ5	RVBD_2421c	nicotinate-nucleotide adenylyltransferase	Basal machinery
nadE	nadE	885808	P9WJJ3	RVBD_2438c	glutamine-dependent NAD(+) synthetase	Basal machinery
nadR	nadR	886734	P96394	RVBD_0212c	transcriptional regulator NadR	M1.17
nanT	nanT	885057	O07730	RVBD_1902c	sialic acid-transport integral membrane protein NanT	Basal machinery
narG	narG	885573	P9WJQ3	RVBD_1161	nitrate reductase subunit alpha	Basal machinery
narH	narH	888265	O06560	narY,RVBD_1162	nitrate reductase subunit beta	Basal machinery
narI	narI	888935	O06562	RVBD_1164	nitrate reductase subunit gamma	Basal machinery
narJ	narJ	885890	O06561	RVBD_1163	nitrate reductase subunit delta	Basal machinery
narK1	narK1	888116	P71883	RVBD_2329c	nitrate/nitrite transporter	Basal machinery
narK3	narK3	886663	P95218	RVBD_0261c	nitrate/nitrite transporter	Basal machinery
narS	narS	885218	O53857	RVBD_0845	sensor histidine kinase NarS	Basal machinery
narU	narU	886644	P95224	RVBD_0267	nitrite extrusion protein NarU	Basal machinery
nat	nat	888005	P9WJI5	RVBD_3566c	arylamine N-acetyltransferase	Basal machinery
ndhA	ndhA	886430	P95200	RVBD_0392c	NADH dehydrogenase NdhA	Basal machinery
ndkA	ndkA	885905	P9WJH7	RVBD_2445c,ndk	nucleoside diphosphate kinase	Basal machinery
nei1	nei1	888500	P9WNB9	nei2,RVBD_2464c	DNA glycosylase	Basal machinery
nei2	nei2	887937	P9WNC1	nei1,nei,RVBD_3297	endonuclease VIII	Basal machinery
nirB	nirB	886665	O53674	RVBD_0252	nitrite reductase large subunit NirB	M27
nirD	nirD	886664	O53675	RVBD_0253	nitrite reductase small subunit NirD	Basal machinery
nlhH	nlhH	886731	P9WK87	lipH,RVBD_1399c	carboxylesterase NlhH	Basal machinery
nmtR	nmtR	885418	O69711	RVBD_3744	HTH-type transcriptional regulator NmtR	M16
nrdB	nrdB	886699	P9WH69	RVBD_0233	ribonucleoside-diphosphate reductase subunit beta NrdB	Basal machinery
nrdE	nrdE	888869	P9WH75	RVBD_3051c	ribonucleoside-diphosphate reductase subunit alpha	Basal machinery
nrdF1	nrdF1	885923	P9WH73	RVBD_1981c	ribonucleoside-diphosphate reductase subunit beta NrdF1	M1.28
nrdF2	nrdF2	888886	P9WH71	RVBD_3048c	ribonucleoside-diphosphate reductase subunit beta NrdF2	Basal machinery
nrdH	nrdH	888884	I6YB06	RVBD_3053c	glutaredoxin electron transport protein NrdH	Basal machinery
nrdI	nrdI	888885	P9WIZ3	RVBD_3052c	NrdI protein	Basal machinery
nrdZ	nrdZ	887666	P9WH77	RVBD_0570	vitamin B12-dependent ribonucleoside-diphosphate reductase	Basal machinery
nrnA	nrnA	888920	P71615	RVBD_2837c	bifunctional oligoribonuclease/PAP phosphatase NrnA	Basal machinery
nrp	nrp	886951	Q10896	RVBD_0101	peptide synthetase Nrp	Basal machinery
nth	nth	885058	P9WQ11	RVBD_3674c	endonuclease III	Basal machinery
nucS	nucS	886908	P9WIY5	RVBD_1321	endonuclease NucS	Basal machinery
nuoA	nuoA	887397	P9WIW7	RVBD_3145	NADH-quinone oxidoreductase subunit A	Basal machinery
nuoB	nuoB	888791	P9WJH1	RVBD_3146	NADH-quinone oxidoreductase subunit B	Basal machinery
nuoD	nuoD	888851	P9WJH5	RVBD_3148	NADH-quinone oxidoreductase subunit D	Basal machinery
nuoE	nuoE	887903	P9WIV5	RVBD_3149	NADH-quinone oxidoreductase subunit E	Basal machinery
nuoF	nuoF	888854	P9WIV7	RVBD_3150	NADH-quinone oxidoreductase subunit F	Basal machinery
nuoG	nuoG	887540	P9WIV9	RVBD_3151	NADH-quinone oxidoreductase subunit G	Basal machinery
nuoI	nuoI	887530	P9WJG9	RVBD_3153	NADH-quinone oxidoreductase subunit I	Basal machinery
nuoL	nuoL	888063	P9WIW1	RVBD_3156	NADH-quinone oxidoreductase subunit L	Basal machinery
nuoN	nuoN	888780	P9WIW9	RVBD_3158	NADH-quinone oxidoreductase subunit N	Basal machinery
nusG	nusG	888039	P9WIU9	RVBD_0639	transcription termination/antitermination protein NusG	Basal machinery
obg	obg	885900	P9WMT1	RVBD_2440c	GTPase Obg	Basal machinery
omt	omt	885994	O06551	RVBD_1153c	O-methyltransferase	Basal machinery
opcA	opcA	886612	O06813	RVBD_1446c	OXPP cycle protein OpcA	Basal machinery
otsA	otsA	888404	P9WN11	RVBD_3490	trehalose-phosphate synthase	Basal machinery
oxcA	oxcA	886898	O53639	RVBD_0118c	oxalyl-CoA decarboxylase OxcA	Basal machinery
oxyS	oxyS	886914	L7N677	RVBD_0117	oxidative stress response regulatory protein OxyS	M1.24
pabB	pabB	888205	O05591	RVBD_1005c	para-aminobenzoate synthase component I	Basal machinery
panB	panB	887440	P9WIL7	RVBD_2225	3-methyl-2-oxobutanoate hydroxymethyltransferase	M1.11
panC	panC	885459	P9WIL5	RVBD_3602c	pantothenate synthetase	Basal machinery
panD	panD	885596	P9WIL3	RVBD_3601c	aspartate 1-decarboxylase	Basal machinery
papA1	papA1	886156	P9WIK9	RVBD_3824c	acyltransferase PapA	Basal machinery
papA3	papA3	886072	P9WIK5	RVBD_1182	acyltransferase PapA	Basal machinery
papA4	papA4	886028	O53902	RVBD_1528c	polyketide synthase associated protein PapA	M1.1
papA5	papA5	887327	P9WIN5	RVBD_2939	phthiocerol/phthiodiolone dimycocerosyl transferase	Basal machinery
parB	parB	886244	P9WIJ9	RVBD_3917c	chromosome partitioning protein ParB	Basal machinery
parD1	parD1	885957	P9WIJ7	RVBD_1960c	antitoxin ParD1	Basal machinery
parD2	parD2	14515895	P9WJ75	RVBD_2142A	antitoxin ParD2	Basal machinery
pbpA	pbpA	887078	P9WKD1	RVBD_0016c	penicillin-binding protein PbpA	Basal machinery
pbpB	pbpB	887949	L0T911	pbp3,RVBD_2163c,ftsI	penicillin-binding membrane protein PbpB	Basal machinery
pca	pca	887299	I6YEU0	RVBD_2967c	pyruvate carboxylase	Basal machinery
pcaA	pcaA	886284	P9WPB3	cmaA3,CMAS-3,cma3,RVBD_0470c	cyclopropane mycolic acid synthase	Basal machinery
pckG	pckG	886744	P9WIH3	pckA,RVBD_0211,pck1	phosphoenolpyruvate carboxykinase	Basal machinery
pcp	pcp	886555	P9WIJ5	RVBD_0319	pyrrolidone-carboxylate peptidase	Basal machinery
pdxH	pdxH	888155	P9WIJ1	RVBD_2607	pyridoxine/pyridoxamine 5'-phosphate oxidase	Basal machinery
pdxS	pdxS	888592	P9WII9	RVBD_2606c,snzP	pyridoxine biosynthesis protein	Basal machinery
pepA	pepA	888105	P9WHT3	pepB,RVBD_2213	cytosol aminopeptidase	Basal machinery
pepD	pepD	885382	O53896	RVBD_0983	serine protease PepD	Basal machinery
pepN	pepN	887403	L7N655	RVBD_2467	aminopeptidase PepN	M1.1
pepQ	pepQ	888409	I6YDN6	RVBD_2535c	cytoplasmic peptidase PepQ	Basal machinery
pflA	pflA	887973	P95188	RVBD_3138	pyruvate formate lyase activating protein PflA	M14
pgmA	pgmA	888826	I6Y2G3	RVBD_3068c	phosphoglucomutase PgmA	Basal machinery
pgsA3	pgsA3	888375	P9WPG3	pgsA-2,RVBD_2746c	CDP-diacylglycerol--glycerol-3-phosphate 3-phosphatidyltransferase	Basal machinery
pheA	pheA	886170	P9WIC3	RVBD_3838c	prephenate dehydratase	Basal machinery
pheS	pheS	885105	P9WFU3	RVBD_1649	phenylalanine--tRNA ligase subunit alpha	Basal machinery
phoH2	phoH2	885592	O53443	RVBD_1095	phosphate starvation-inducible protein PsiH	Basal machinery
phoP	phoP	888772	P71814	RVBD_0757	two component system response transcriptional positive regulator PhoP	Global regulator
phoR	phoR	888775	P71815	RVBD_0758	two component system response sensor kinase PhoR	Basal machinery
phoU1	phoU1	887212	P9WI97	phoY1,RVBD_3301c	phosphate transport system transcriptional regulator PhoY	Basal machinery
phoU2	phoU2	885270	P9WI95	RVBD_0821c,phoY2	phosphate-transport system transcriptional regulator PhoY2	Basal machinery
pimA	pimA	888627	P9WMZ5	RVBD_2610c	alpha-(1-2)-phosphatidylinositol mannosyltransferase	M1.2
pimB	pimB	887278	P9WMZ3	RVBD_2188c	alpha-(1-6)-phosphatidylinositol monomannoside mannosyltransferase	Basal machinery
pimE	pimE	885899	P9WN01	RVBD_1159	polyprenol-phosphate-mannose-dependent alpha-(1-2)-phosphatidylinositol pentamannoside mannosyltransferase	M1.7
pimF	pimF	886492	P9WMX5	RVBD_1500	glycosyltransferase	Basal machinery
pit	pit	887517	P9WIA7	pitA,RVBD_0545c	low-affinity inorganic phosphate transporter	Basal machinery
pknA	pknA	885953	P9WI83	RVBD_0015c	serine/threonine-protein kinase PknA	Basal machinery
pknB	pknB	887072	P9WI81	RVBD_0014c	serine/threonine-protein kinase PknB	Basal machinery
pknD	pknD	885607	P9WI79	RVBD_0931c	serine/threonine-protein kinase PknD	Basal machinery
pknE	pknE	885284	P9WI77	RVBD_1743	serine/threonine-protein kinase PknE	Basal machinery
pknF	pknF	885275	P9WI75	RVBD_1746	serine/threonine-protein kinase PknF	Basal machinery
pknI	pknI	887642	P9WI69	RVBD_2914c	serine/threonine-protein kinase PknI	Basal machinery
pks1	pks1	888122	P96285	RVBD_2946c	polyketide synthase	Basal machinery
pks11	pks11	885525	P9WPF3	RVBD_1665	chalcone synthase	Basal machinery
pks12	pks12	888350	I6XD69	RVBD_2048c	polyketide synthase	Basal machinery
pks13	pks13	886133	I6X8D2	RVBD_3800c	polyketide synthase	M1.33
pks15	pks15	887291	P96284	RVBD_2947c	polyketide synthase	Basal machinery
pks16	pks16	886035	O05598	RVBD_1013	polyketide synthase	Basal machinery
pks18	pks18	886797	P9WPF1	RVBD_1372	alpha-pyrone synthesis polyketide synthase-like protein	Basal machinery
pks2	pks2	886148	P9WQE9	msl-2,RVBD_3825c	phthioceranic/hydroxyphthioceranic acid synthase	Basal machinery
pks3	pks3	886055	L0T5X5		polyketide beta-ketoacyl synthase	M1.35
pks4	pks4	886081	L0T647		polyketide beta-ketoacyl synthase	Basal machinery
pks5	pks5	886442	O53901	RVBD_1527c	polyketide synthase	Basal machinery
pks6	pks6	886407	O86335	RVBD_0405	membrane bound polyketide synthase	Intermodular
pks8	pks8	885527	O65933	RVBD_1662	polyketide synthase	Basal machinery
plcB	plcB	885999	P9WIB3	mpcB,RVBD_2350c	membrane-associated phospholipase B	Basal machinery
plcC	plcC	886000	P9WIB1	RVBD_2349c	phospholipase C	Basal machinery
plcD	plcD		P9WIA9			Basal machinery
pmt	pmt	887882	P9WN05	RVBD_1002c	dolichyl-phosphate-mannose--protein mannosyltransferase	Basal machinery
pncB1	pncB1	886884	P9WJI9	RVBD_1330c	nicotinic acid phosphoribosyltransferase PncB1	Basal machinery
pnp	pnp	888467	P9WI57	RVBD_2783c,gpsI	bifunctional guanosine pentaphosphate synthetase/polyribonucleotide nucleotidyltransferase	Basal machinery
pntAa	pntAa	886832	P96832	RVBD_0155	NAD(P) transhydrogenase subunit alpha PntAa	Basal machinery
pntAb	pntAb	886890	P96833	RVBD_0156	NAD(P) transhydrogenase subunit alpha PntAb	Basal machinery
pntB	pntB	886830	P96834	RVBD_0157	NAD(P) transhydrogenase subunit beta PntB	Basal machinery
polA	polA	885074	P9WNU5	RVBD_1629	DNA polymerase I	Basal machinery
ponA1	ponA1	887065	P71707		bifunctional penicillin-insensitive transglycosylase/penicillin-sensitive transpeptidase	Basal machinery
ponA2	ponA2	885751	I6YGX2	RVBD_3682	bifunctional penicillin-insensitive transglycosylase/penicillin-sensitive transpeptidase	Basal machinery
ppe1	ppe1	886938	P9WI49	PPE1,RVBD_0096	PPE family protein PPE1	M1.1
ppe10	ppe10	886340	P9WI41	RVBD_0442c,PPE10	PPE family protein PPE10	Basal machinery
ppe11	ppe11	886317	P9WI39	PPE11,RVBD_0453	PPE family protein PPE11	Basal machinery
ppe12	ppe12	888708	P9WI37	PPE12,RVBD_0755c	PPE family protein PPE12	Basal machinery
ppe15	ppe15	888477	P9WI31	PPE15,RVBD_1039c	PPE family protein PPE15	Basal machinery
ppe17	ppe17	885990	P9WI27	RVBD_1168c,PPE17	PPE family protein PPE17	M1.33
ppe19	ppe19	886819	P9WI25	RVBD_1361c,PPE19	PPE family protein PPE19	Basal machinery
ppe2	ppe2	886684	P9WI47	PPE2,RVBD_0256c	PPE family protein PPE2	Basal machinery
ppe20	ppe20	886784	P9WI23	PPE20,RVBD_1387	PPE family protein PPE20	Basal machinery
ppe22	ppe22	885068	P9WI19	PPE22,RVBD_1705c	PPE family protein PPE22	Basal machinery
ppe23	ppe23	885070	P9WI17	PPE23,RVBD_1706c	PPE family protein PPE23	Basal machinery
ppe24	ppe24	885544	P9WI15	PPE24,RVBD_1753c	PPE family protein PPE24	Basal machinery
ppe25	ppe25	885827	P9WI13	PPE25,RVBD_1787	PPE family protein PPE25	Basal machinery
ppe3	ppe3	886619	P9WI45	PPE3,RVBD_0280	PPE family protein PPE3	M5
ppe30	ppe30	885542	P9WI07	RVBD_1802,PPE30	PPE family protein PPE30	Basal machinery
ppe32	ppe32	885590	P9WI05	RVBD_1808,PPE32	PPE family protein PPE32	Basal machinery
ppe36	ppe36	887814	P9WI01	p27,PPE36,RVBD_2108	PPE family protein PPE36	Basal machinery
ppe38	ppe38	888959	P9WHZ9	PPE38,RVBD_2352c	PPE family protein PPE38	Basal machinery
ppe42	ppe42	888204	P9WHZ5	PPE42,RVBD_2608	PPE family protein PPE42	Basal machinery
ppe44	ppe44	888456	P9WHZ3	RVBD_2770c,PPE44	PPE family protein PPE44	M1.39
ppe49	ppe49	888892	P9WHY5	PPE49,RVBD_3125c	PPE family protein PPE49	Basal machinery
ppe51	ppe51	888835	P9WHY3	RVBD_3136,PPE51	PPE family protein PPE51	Basal machinery
ppe54	ppe54	888033	Q6MWY2	PPE54,RVBD_3343c	PPE family protein PPE54	Basal machinery
ppe57	ppe57	887635	Q50703	PPE57,RVBD_3425	PPE family protein PPE57	M1.12
ppe58	ppe58	887622	Q50702	RVBD_3426,PPE58	PPE family protein PPE58	Basal machinery
ppe59	ppe59	887630	P9WHY1	RVBD_3429,PPE59	PPE family protein PPE59	M1.16
ppe61	ppe61	888370	P9WHX9	RVBD_3532,PPE61	PPE family protein PPE61	M17
ppe63	ppe63	888438	P9WHX5	PPE63,RVBD_3539	PPE family protein PPE63	Basal machinery
ppe66	ppe66	886262	P9WHX1	PPE66,RVBD_3738c	PPE family protein PPE66	M19
ppe68	ppe68	886201	P9WHW9	PPE68,RVBD_3873	PPE family protein PPE68	Basal machinery
ppe69	ppe69	886227	P9WHW7	PPE69,RVBD_3892c	PPE family protein PPE69	Basal machinery
ppiB	ppiB	887691	P9WHW1	ppi,RVBD_2582	peptidyl-prolyl cis-trans isomerase B	M23
ppk	ppk	887482	P9WHV9	ppk1,RVBD_2984	polyphosphate kinase	Basal machinery
ppk2	ppk2	888760	O05877	RVBD_3232c	polyphosphate kinase	Basal machinery
ppsA	ppsA	888183	P9WQE7	RVBD_2931	phthiocerol synthesis polyketide synthase type I PpsA	Basal machinery
ppsC	ppsC	887686	P96202	RVBD_2933	phthiocerol synthesis polyketide synthase type I PpsC	Basal machinery
ppsD	ppsD	887172	P9WQE3	RVBD_2934	phthiocerol synthesis polyketide synthase type I PpsD	Basal machinery
ppsE	ppsE	888210	P9WQE1	RVBD_2935	phthiocerol synthesis polyketide synthase type I PpsE	Basal machinery
pra	pra	887111	P9WIM7	RVBD_1078	hypothetical protein	Basal machinery
prcA	prcA	887538	P9WHU1	RVBD_2109c	proteasome subunit alpha	Basal machinery
prcB	prcB	887508	P9WHT9	RVBD_2110c	proteasome subunit beta	Basal machinery
prfA	prfA	886948	P9WHG3	RVBD_1299	peptide chain release factor PrfA	Basal machinery
prfB	prfB	888820	P9WHG1	RVBD_3105c	peptide chain release factor PrfB	Basal machinery
priA	priA	885873	P9WMM5	hisA,RVBD_1603	phosphoribosyl isomerase A	Basal machinery
proC	proC	887256	P9WHU7	RVBD_0500	pyrroline-5-carboxylate reductase	Basal machinery
proX	proX	886270	O69725	RVBD_3759c	glycine betaine/carnitine/choline/L-proline ABC transporter substrate-binding lipoprotein ProX	M1.23
proZ	proZ	885534	O69722	RVBD_3756c	glycine betaine/carnitine/choline/L-proline ABC transporter permease ProZ	M1.16
prpD	prpD	885843	O06582	RVBD_1130	methylcitrate dehydratase PrpD	Basal machinery
prpR	prpR	885963	O06581	RVBD_1129c	transcriptional regulator	Basal machinery
prrA	prrA	885209	P9WGM1	RVBD_0903c	two component transcriptional regulator PrrA	Basal machinery
prs	prs	885993	P9WKE3	prsA,RVBD_1017c	ribose-phosphate pyrophosphokinase	Basal machinery
psd	psd	886350	P9WHQ5	RVBD_0437c	phosphatidylserine decarboxylase	Basal machinery
pssA	pssA	886385	P9WPG1	RVBD_0436c	CDP-diacylglycerol--serine O-phosphatidyltransferase	Basal machinery
pstA1	pstA1	885589	P9WG11		phosphate ABC transporter permease PstA	Basal machinery
pstB1	pstB1	885136	P9WQL1	RVBD_0820,phoT	phosphate ABC transporter ATP-binding protein PhoT	Basal machinery
pstB2	pstB2	885653	P9WQK9	pstB,RVBD_0933	phosphate ABC transporter ATP-binding protein PstB	Basal machinery
pstC2	pstC2	885585	P9WG05	RVBD_0929	phosphate ABC transporter permease PstC	Basal machinery
pstP	pstP	887070	P9WHW5	RVBD_0018c,ppp,mstp	phosphoserine/threonine phosphatase PstP	Basal machinery
pstS1	pstS1	885724	P9WGU1	RVBD_0934,phoS1	phosphate ABC transporter substrate-binding lipoprotein PstS	Basal machinery
pstS2	pstS2	885613	P9WGT9	RVBD_0932c	phosphate ABC transporter substrate-binding lipoprotein PstS	Basal machinery
pstS3	pstS3	885366	P9WGT7	phoS2,RVBD_0928	phosphate ABC transporter substrate-binding lipoprotein PstS	Basal machinery
ptrBa	ptrBa		P71835	RVBD_0781		Basal machinery
purA	purA	886484	P9WHN3	RVBD_0357c	adenylosuccinate synthetase	Basal machinery
purB	purB	888929	I6XWA1	RVBD_0777	adenylosuccinate lyase PurB	Basal machinery
purD	purD	888873	P9WHM9	RVBD_0772	phosphoribosylamine--glycine ligase	Basal machinery
purE	purE	888721	P9WHM1	RVBD_3275c	N5-carboxyaminoimidazole ribonucleotide mutase	Basal machinery
purF	purF	885085	P9WHQ7	RVBD_0808	amidophosphoribosyltransferase	Basal machinery
purH	purH	885406	P9WHM7	RVBD_0957	bifunctional phosphoribosylaminoimidazolecarboxamide formyltransferase/inosinemonophosphate cyclohydrolase	Basal machinery
purK	purK	888720	P9WHL9	RVBD_3276c	N5-carboxyaminoimidazole ribonucleotide synthase	Basal machinery
purM	purM	885134	I6Y4V6	RVBD_0809	phosphoribosylformylglycinamidine cyclo-ligase PurM	Basal machinery
purN	purN	885407	P9WHM5	RVBD_0956	phosphoribosylglycinamide formyltransferase PurN	Basal machinery
purQ	purQ	885181	P9WHL5	RVBD_0788	phosphoribosylformylglycinamidine synthase	Basal machinery
purT	purT	886032	P95197	RVBD_0389	phosphoribosylglycinamide formyltransferase PurT	Basal machinery
purU	purU	887338	P9WHM3	RVBD_2964	formyltetrahydrofolate deformylase	Basal machinery
pyrC	pyrC	886765	P9WHL3	RVBD_1381	dihydroorotase	Basal machinery
pyrD	pyrD	887326	P9WHL1	RVBD_2139	dihydroorotate dehydrogenase	Basal machinery
pyrE	pyrE	886443	P9WHK9	RVBD_0382c,umpA	orotate phosphoribosyltransferase	Basal machinery
pyrH	pyrH	887709	P9WHK5	RVBD_2883c	uridylate kinase	Basal machinery
pyrR	pyrR	886769	P9WHK3	RVBD_1379	bifunctional pyrimidine operon regulatory protein/uracil phosphoribosyltransferase	M1.37
qcrA	qcrA	888420	P9WH23	RVBD_2195	ubiquinol-cytochrome C reductase rieske iron-sulfur subunit	Basal machinery
qcrB	qcrB	887400	P9WP37	RVBD_2196	ubiquinol-cytochrome C reductase cytochrome subunit B	Basal machinery
qcrC	qcrC	888737	P9WP35	RVBD_2194	ubiquinol-cytochrome C reductase cytochrome subunit C	Basal machinery
qor	qor	886589	O53146	RVBD_1454c	quinone reductase	Basal machinery
ramB	ramB	886320	P9WMI1	RVBD_0465c	HTH-type transcriptional regulator	Global regulator
rbfA	rbfA	888923	P9WHJ7	RVBD_2838c	ribosome-binding factor RbfA	Basal machinery
rbpA	rbpA	888598	P9WHJ5	RVBD_2050	RNA polymerase-binding protein RbpA	Basal machinery
rbsK	rbsK	885671	P71913	RVBD_2436	ribokinase RbsK	Basal machinery
recA	recA	888371	P9WHJ3	RVBD_2737c	recombinase A	Basal machinery
recC	recC	888008	P9WIQ5	RVBD_0631c	exonuclease V subunit gamma RecC	Basal machinery
recF	recF	887089	P9WHI9	RVBD_0003	DNA replication/repair protein RecF	Basal machinery
recO	recO	888954	P9WHI5	RVBD_2362c	DNA repair protein RecO	Basal machinery
recR	recR	885307	P9WHI3	RVBD_3715c	recombination protein RecR	Basal machinery
relB	relB	887086	O50462	RVBD_1247c,relB1	antitoxin RelB	Basal machinery
relE	relE	887099	O50461	RVBD_1246c,relE1	toxin RelE	Basal machinery
relF	relF	887458	O33347	RVBD_2865,relB2	antitoxin RelF	Basal machinery
relJ	relJ	888135	P9WF25	relB3,RVBD_3357,yefM	antitoxin RelJ	Basal machinery
rfbD	rfbD	886111	P72049	RVBD_3783	O-antigen/lipopolysaccharide ABC transporter permease RfbD	Basal machinery
rfbE	rfbE	886113	P72047	RVBD_3781	O-antigen/lipopolysaccharide ABC transporter ATP-binding protein RfbE	Basal machinery
rho	rho	886952	P9WHF3	RVBD_1297	transcription termination factor Rho	Basal machinery
ribD	ribD	887389	P71968	RVBD_2671	bifunctional diaminohydroxyphosphoribosylaminopyrimidine deaminase/5-amino-6-(5-phosphoribosylamino)uracil reductase	Basal machinery
ribF	ribF	888468	I6X5C9	RVBD_2786c	bifunctional riboflavin kinase /FMN adenylyltransferase	Basal machinery
rimI	rimI	887555	I6YG32	RVBD_3420c	ribosomal-protein-alanine acetyltransferase RimI	Basal machinery
rimJ	rimJ	885399	O05578	RVBD_0995	ribosomal-protein-alanine acetyltransferase RimJ	Basal machinery
rimM	rimM	887188	P9WH19	RVBD_2907c	16S rRNA processing protein RimM	Basal machinery
rip3	rip3	887692	P9WHR1	RVBD_2625c	zinc metalloprotease Rip3	Basal machinery
ripA	ripA	886541	O53168	RVBD_1477	peptidoglycan endopeptidase RipA	Basal machinery
ripB	ripB	886535	P9WHU5	RVBD_1478	peptidoglycan endopeptidase RipB	Basal machinery
rmlB	rmlB	887332	P9WN65	RVBD_3464,rfbB	dTDP-glucose 4,6-dehydratase	M7
rnc	rnc	887873	P9WH03	RVBD_2925c	ribonuclease III	Basal machinery
rnhB	rnhB	888504	P9WH01	RVBD_2902c	ribonuclease HII	Basal machinery
rnpA	rnpA	886248	P9WGZ3	RVBD_3923c	ribonuclease P protein component	Basal machinery
rocA	rocA	886058	O50443	RVBD_1187	pyrroline-5-carboxylate dehydrogenase RocA	M24
rocE	rocE	885084	P71892	RVBD_2320c	cationic amino acid transporter permease RocE	Basal machinery
rodA	rodA	887075	P9WN99	RVBD_0017c	cell division protein RodA	Basal machinery
rpe	rpe	886702	P9WI51	RVBD_1408	ribulose-phosphate 3-epimerase	Basal machinery
rpfA	rpfA	885749	P9WG31	RVBD_0867c	resuscitation-promoting factor RpfA	Basal machinery
rpfB	rpfB	886048	P9WG29	RVBD_1009	resuscitation-promoting factor RpfB	Basal machinery
rpfC	rpfC	885759	O07747	RVBD_1884c	resuscitation-promoting factor RpfC	Basal machinery
rpfD	rpfD	885246	P9WG27	RVBD_2389c	resuscitation-promoting factor RpfD	Basal machinery
rpfE	rpfE	885760	O53177		resuscitation-promoting factor RpfE	Basal machinery
rph	rph	886864	P9WGZ7	RVBD_1340,rphA	ribonuclease PH	Basal machinery
rpiB	rpiB	887225	P9WKD7	RVBD_2465c	ribose-5-phosphate isomerase B	Basal machinery
rplB	rplB	888341	P9WHA5	RVBD_0704	50S ribosomal protein L2	Basal machinery
rplC	rplC	888343	P9WH87	RVBD_0701	50S ribosomal protein L3	Basal machinery
rplD	rplD	888345	P9WH85	RVBD_0702	50S ribosomal protein L4	Basal machinery
rplE	rplE	888400	P9WH83	RVBD_0716	50S ribosomal protein L5	Basal machinery
rplF	rplF	888433	P9WH81	RVBD_0719	50S ribosomal protein L6	Basal machinery
rplJ	rplJ	888049	P9WHE7	RVBD_0651	50S ribosomal protein L10	Basal machinery
rplK	rplK	888045	P9WHE5	RVBD_0640	50S ribosomal protein L11	Basal machinery
rplL	rplL	888078	P9WHE3	RVBD_0652	50S ribosomal protein L7/L12	Basal machinery
rplM	rplM	887584	P9WHE1	RVBD_3443c	50S ribosomal protein L13	Basal machinery
rplN	rplN	888411	P9WHD9	RVBD_0714	50S ribosomal protein L14	Basal machinery
rplO	rplO	888531	P9WHD7	RVBD_0723	50S ribosomal protein L15	Basal machinery
rplR	rplR	888457	P9WHD1	RVBD_0720	50S ribosomal protein L18	Basal machinery
rplS	rplS	887356	P9WHC9	RVBD_2904c	50S ribosomal protein L19	Basal machinery
rplU	rplU	885715	P9WHC3	RVBD_2442c	50S ribosomal protein L21	Basal machinery
rplV	rplV	888359	P9WHC1	RVBD_0706	50S ribosomal protein L22	Basal machinery
rplX	rplX	888421	P9WHB7	RVBD_0715	50S ribosomal protein L24	Basal machinery
rplY	rplY	885992	P9WHB5	RVBD_1015c,ctc	50S ribosomal protein L25	Basal machinery
rpmA	rpmA	885919	P9WHB3	RVBD_2441c	50S ribosomal protein L27	Basal machinery
rpmB1	rpmB1	886920	P9WHB1	rpmB,RVBD_0105c	50S ribosomal protein L28	Basal machinery
rpmB2	rpmB2	887801	P9WHA9	RVBD_2058c	50S ribosomal protein L28	M5
rpmD	rpmD	888505	P9WHA3	RVBD_0722	50S ribosomal protein L30	M1.1
rpmE	rpmE	886955	P9WHA1	RVBD_1298	50S ribosomal protein L31	Basal machinery
rpmG2	rpmG2	3205042	P9WH95	RVBD_0634B	50S ribosomal protein L33	Basal machinery
rpmH	rpmH	886258	P9WH93	RVBD_3924c	50S ribosomal protein L34	Basal machinery
rpmI	rpmI	885145	P9WH91	RVBD_1642	50S ribosomal protein L35	Basal machinery
rpmJ	rpmJ	887272	P9WH89	RVBD_3461c	50S ribosomal protein L36	M12
rpoA	rpoA	887629	P9WGZ1	RVBD_3457c	DNA-directed RNA polymerase subunit alpha	M1.22
rpoB	rpoB	888164	P9WGY9	RVBD_0667	DNA-directed RNA polymerase subunit beta	Intermodular
rpoC	rpoC	888177	P9WGY7	RVBD_0668	DNA-directed RNA polymerase subunit beta'	Basal machinery
rpoZ	rpoZ	886754	P9WGY5	RVBD_1390	DNA-directed RNA polymerase subunit omega	Basal machinery
rpsB	rpsB	887187	P9WH39	RVBD_2890c	30S ribosomal protein S2	M19
rpsC	rpsC	888357	P9WH37	RVBD_0707	30S ribosomal protein S3	Basal machinery
rpsD	rpsD	887620	P9WH35	RVBD_3458c	30S ribosomal protein S4	Intermodular
rpsF	rpsF	887020	P9WH31	RVBD_0053	30S ribosomal protein S6	Basal machinery
rpsG	rpsG	888245	P9WH29	RVBD_0683,rps7	30S ribosomal protein S7	Basal machinery
rpsH	rpsH	888424	P9WH27	RVBD_0718	30S ribosomal protein S8	Basal machinery
rpsI	rpsI	887488	P9WH25	RVBD_3442c	30S ribosomal protein S9	Basal machinery
rpsJ	rpsJ	888331	P9WH67	rpsX,RVBD_0700	30S ribosomal protein S10	Basal machinery
rpsK	rpsK	887524	P9WH65	RVBD_3459c	30S ribosomal protein S11	Basal machinery
rpsL	rpsL	888259	P9WH63	RVBD_0682,rps12	30S ribosomal protein S12	Basal machinery
rpsM	rpsM	887514	P9WH61	RVBD_3460c	30S ribosomal protein S13	M12
rpsO	rpsO	888455	P9WH55	RVBD_2785c	30S ribosomal protein S15	Basal machinery
rpsP	rpsP	888631	P9WH53	RVBD_2909c	30S ribosomal protein S16	Basal machinery
rpsQ	rpsQ	888391	P9WH51	RVBD_0710	30S ribosomal protein S17	Basal machinery
rpsR2	rpsR2	887817	P9WH47	RVBD_2055c	30S ribosomal protein S18	Basal machinery
rpsS	rpsS	888356	P9WH45	RVBD_0705	30S ribosomal protein S19	Basal machinery
rpsT	rpsT	885676	P9WH41	RVBD_2412	30S ribosomal protein S20	Basal machinery
rpsZ	rpsZ	888414	P9WH57	RVBD_0717,rpsN1	30S ribosomal protein S14	Basal machinery
rraA	rraA	886181	P9WGY3	RVBD_3853	RNase E regulator RraA	Basal machinery
rsbW	rsbW	887977	P9WGX7	usfX,RVBD_3287c	anti-sigma factor RsbW	M1.1
rsdA	rsdA	887925	P9WJ71	RVBD_3413c	anti-sigma-D factor RsdA	Basal machinery
rseA	rseA	885196	L0T905	RVBD_1222	anti-sigma E factor RseA	Basal machinery
rsfA	rsfA	886794	P9WGE3	RVBD_1365c	anti-sigma-F factor antagonist RsfA	Basal machinery
rskA	rskA	886346	P9WGX5	RVBD_0444c	anti-sigma-K factor RskA	Basal machinery
rsmA	rsmA	886234	P9WJ65	RVBD_3912	anti-sigma-M factor RsmA	M1.39
rsmG	rsmG	886243	P9WGW9	gid,gidB,RVBD_3919c	rRNA small subunit methyltransferase G	Basal machinery
rsmI	rsmI	887935	P9WGW7	RVBD_1003	rRNA small subunit methyltransferase I	Basal machinery
rtcB	rtcB	887431	P9WGW5	RVBD_2631	RNA-splicing ligase RtcB	Basal machinery
rubB	rubB	888744	I6YFL7	RVBD_3250c	rubredoxin RubB	Basal machinery
ruvC	ruvC	887418	P9WGV9	RVBD_2594c	crossover junction endodeoxyribonuclease RuvC	Basal machinery
sapM	sapM	887988	O53361	RVBD_3310	acid phosphatase	Basal machinery
scoA	scoA	888503	P9WPW5	RVBD_2504c	succinyl-CoA:3-ketoacid-CoA transferase subunit A	M1.16
scoB	scoB	888502	P9WPW3	RVBD_2503c	succinyl-CoA:3-ketoacid-CoA transferase subunit B	Basal machinery
scpA	scpA	885083	O33208	RVBD_1709	segregation and condensation protein ScpA	Basal machinery
secA1	secA1	888860	P9WGP5	RVBD_3240c	protein translocase subunit SecA	Basal machinery
secA2	secA2	885594	P9WGP3	RVBD_1821	protein translocase subunit SecA	M1.7
secBL	secBL	885961	P95257	RVBD_1957	SecB-like chaperone	Basal machinery
secE	secE	888042	P9WGN7	RVBD_0638,secE1	preprotein translocase SecE	Basal machinery
secE2	secE2	886449	Q6MX43	RVBD_0379	protein translocase subunit SecE	Basal machinery
secF	secF	887229	P9WGN9	RVBD_2586c	protein translocase subunit SecF	Basal machinery
secY	secY	888559	P9WGN3	RVBD_0732	preprotein translocase SecY	Basal machinery
senX3	senX3	887185	P9WGK5	RVBD_0490	two component sensor histidine kinase SenX3	Basal machinery
sepF	sepF	887394	P9WGJ5	RVBD_2147c	cell division protein SepF	M1.39
serA	serA	887154	P9WNX3	RVBD_2996c,serA1	D-3-phosphoglycerate dehydrogenase	Basal machinery
serA2	serA2	888555	I6WZ71	RVBD_0728c	D-3-phosphoglycerate dehydrogenase SerA	Basal machinery
serB2	serB2	887815	O53289	RVBD_3042c	phosphoserine phosphatase SerB	Basal machinery
sigA	sigA	887477	P9WGI1	mysA,RVBD_2703,rpoV,rpoD	RNA polymerase sigma factor SigA	M1.1
sigB	sigB	888580	P9WGI5	mysB,RVBD_2710	RNA polymerase sigma factor SigB	M1.1
sigC	sigC	888723	P9WGH1	RVBD_2069	ECF RNA polymerase sigma factor SigC	M1.1
sigD	sigD	887594	P9WGG9	RVBD_3414c	ECF RNA polymerase sigma factor SigD	M1.1
sigE	sigE	888751	P9WGG7	RVBD_1221	ECF RNA polymerase sigma factor SigE	M1.1
sigF	sigF	888727	P9WGI3	RVBD_3286c	RNA polymerase sigma factor SigF	M1.1
sigG	sigG	886786	P9WGG5	RVBD_0182c	ECF RNA polymerase sigma factor SigG	M1.1
sigH	sigH	888094	P9WGH9	rpoE,RVBD_3223c	ECF RNA polymerase sigma factor SigH	Global regulator
sigI	sigI	886079	P9WGH3	RVBD_1189	ECF RNA polymerase sigma factor SigI	Global regulator
sigJ	sigJ	887964	L0TCG5	RVBD_3328c	ECF RNA polymerase sigma factor SigJ	M1.1
sigK	sigK	886334	P9WGH7	RVBD_0445c	ECF RNA polymerase sigma factor SigK	M1.1
sigL	sigL	888609	P9WGH5	RVBD_0735	ECF RNA polymerase sigma factor SigL	M1.1
sigM	sigM	886246	O53590	RVBD_3911	ECF RNA polymerase sigma factor SigM	M1.1
sir	sir	885472	P9WJ03	sirA,nirA,RVBD_2391	sulfite reductase	Basal machinery
sirR	sirR	888253	I6Y1Q2	RVBD_2788	transcriptional repressor SirR	M1.28
smc	smc	887179	P9WGF3	RVBD_2922c	chromosome partition protein Smc	Basal machinery
smtB	smtB	888965	P9WMI5	RVBD_2358	HTH-type transcriptional regulator SmtB	Basal machinery
speE	speE	887676	P9WGE5	RVBD_2601	spermidine synthase	Basal machinery
sppA	sppA	888535	P95072	RVBD_0724	protease IV SppA	Basal machinery
ssb	ssb	887013	P9WGD5	RVBD_0054	single-strand DNA-binding protein	M1.10
sseB	sseB	887174	P9WHF5	RVBD_2291	thiosulfate sulfurtransferase SseB	Basal machinery
sseC1	sseC1	888809	P0CG96	RVBD_0814cRVBD_3118	hypothetical protein	Basal machinery
sseC2	sseC2	885435	P0CG95	RVBD_0814cRVBD_3118	hypothetical protein	Basal machinery
stf3	stf3	888487	P9WLG1	RVBD_2267c	hypothetical protein	Basal machinery
sthA	sthA	887355	P9WHH5	RVBD_2713	pyridine nucleotide transhydrogenase	Basal machinery
stp	stp	887274	P9WG91	RVBD_2333c	multidrug resistance protein	Basal machinery
subI	subI	885299	P71744	RVBD_2400c	sulfate ABC transporter substrate-binding lipoprotein SubI	Basal machinery
sucC	sucC	885434	P9WGC5	RVBD_0951	succinyl-CoA ligase subunit beta	M1.15
sufC	sufC	886571	O53154	RVBD_1463	ABC transporter ATP-binding protein	Basal machinery
sugB	sugB	887121	P9WG01	RVBD_1237	sugar ABC transporter permease SugB	Basal machinery
tadA	tadA	885586	O69719	RVBD_3752c	cytidine/deoxycytidylate deaminase	Basal machinery
tam	tam	886593	P9WGA3	RVBD_0294	trans-aconitate methyltransferase	Basal machinery
tatA	tatA	888086	P9WGA1	RVBD_2094c	Sec-independent protein translocase membrane-bound protein TatA	Basal machinery
tatB	tatB	887143	P9WG99	RVBD_1224	Sec-independent protein translocase protein TatB	Basal machinery
tatD	tatD	886047	O08343	RVBD_1008	deoxyribonuclease TatD	Basal machinery
tcrA	tcrA	887870	O07776	RVBD_0602c	two component DNA binding transcriptional regulator TcrA	Global regulator
tcrX	tcrX	886100	O69730	RVBD_3765c	two component transcriptional regulator TcrX	Global regulator
tesA	tesA	887446	P9WQD5	RVBD_2928	thioesterase TesA	Basal machinery
tesB1	tesB1	885500	O06135	RVBD_1618	acyl-CoA thioesterase TesB	Basal machinery
tgs1	tgs1	888841	P9WKC9	RVBD_3130c	diacyglycerol O-acyltransferase	M1.18
tgs2	tgs2	885335	P9WKC7	RVBD_3734c	diacyglycerol O-acyltransferase	Basal machinery
tgs3	tgs3	888767	P9WKC5	RVBD_3234c	diacyglycerol O-acyltransferase	Basal machinery
tgs4	tgs4	888669	P9WKC3	RVBD_3088	diacyglycerol O-acyltransferase	Basal machinery
thiC	thiC	886379	P9WG79	RVBD_0423c	phosphomethylpyrimidine synthase	Basal machinery
thiD	thiD	886375	P9WG77	RVBD_0422c	hydroxymethylpyrimidine/phosphomethylpyrimidine kinase	Basal machinery
thiO	thiO	886390	P96261	RVBD_0415	thiamine biosynthesis oxidoreductase ThiO	Basal machinery
thyX	thyX	887766	P9WG57	RVBD_2754c	thymidylate synthase ThyX	Basal machinery
tig	tig	888615	P9WG55	RVBD_2462c	trigger factor	Basal machinery
topA	topA	885608	P9WG49	RVBD_3646c	DNA topoisomerase I	Intermodular
trcR	trcR	887957	L7N689	RVBD_1033c	two component transcriptional regulator TrcR	Global regulator
trcS	trcS	887790	P96368	RVBD_1032c	two component sensor histidine kinase TrcS	Basal machinery
treS	treS	886881	P9WQ19	RVBD_0126	trehalose synthase/amylase TreS	Basal machinery
treY	treY	886357	P9WQ21	RVBD_1563c	maltooligosyl trehalose synthase	Basal machinery
trkA	trkA	887493	P9WFZ3	ceoC,RVBD_2692	TRK system potassium uptake protein CeoC	Basal machinery
trmB	trmB	886740	P9WFY9	RVBD_0208c	tRNA (guanine-N(7)-)-methyltransferase	Basal machinery
trmI	trmI	887374	P9WFZ1	RVBD_2118c	tRNA (adenine(58)-N(1))-methyltransferase	Basal machinery
trpS	trpS	887559	P9WFT3	RVBD_3336c	tryptophan--tRNA ligase	Basal machinery
trxB	trxB	886232	P9WHH1	RVBD_3913,trxB2	thioredoxin reductase	Basal machinery
trxB1	trxB1	886554	L7N664	RVBD_1471	thioredoxin	M1.1
trxC	trxC	886241	P9WG67	trx,RVBD_3914	thioredoxin TrxC	M1.29
tsaD	tsaD	887595	P9WHT7	RVBD_3419c,gcp	O-sialoglycoprotein endopeptidase	Basal machinery
tsaE	tsaE	887557	P9WFS7	RVBD_3422c	tRNA threonylcarbamoyladenosine biosynthesis protein	Basal machinery
tsf	tsf	888187	P9WNM1	RVBD_2889c	elongation factor EF-Ts	Basal machinery
tsnR	tsnR	885163	P94978	RVBD_1644	23S rRNA methyltransferase TsnR	Basal machinery
tuf	tuf	888262	P9WNN1	RVBD_0685	elongation factor Tu	Basal machinery
typA	typA	886038	O06563	RVBD_1165	GTP-binding translation elongation factor	Basal machinery
tyrA	tyrA	885559	O69721	RVBD_3754	prephenate dehydrogenase TyrA	Basal machinery
ufaA1	ufaA1	886330	O53732	RVBD_0447c	cyclopropane-fatty-acyl-phospholipid synthase UfaA	Basal machinery
umaA	umaA	886286	Q6MX39	RVBD_0469	mycolic acid synthase UmaA	M1.16
upp	upp	887944	P9WFF3	RVBD_3309c	uracil phosphoribosyltransferase	Basal machinery
uppP	uppP	887612	P9WFF9	bacA,upk,RVBD_2136c	undecaprenyl-diphosphatase	Intermodular
uppS	uppS	888964	P9WFF7	RVBD_2361c	decaprenyl diphosphate synthase	Basal machinery
ureA	ureA	885414	P9WFE7	RVBD_1848	urease subunit gamma	Basal machinery
ureC	ureC	885359	P9WFF1	RVBD_1850	urease subunit alpha	Basal machinery
ureD	ureD	885705	P95161	RVBD_1853	urease accessory protein UreD	Basal machinery
ureG	ureG	885729	P9WFE3	RVBD_1852	urease accessory protein UreG	Basal machinery
usfY	usfY	888735	L7N685	RVBD_3288c	protein UsfY	Basal machinery
uvrA	uvrA	885685	P9WQK7	RVBD_1638	excinuclease ABC subunit UvrA	Basal machinery
uvrB	uvrB	885249	P9WFC7	RVBD_1633	excinuclease ABC subunit UvrB	Basal machinery
uvrD1	uvrD1	885442	P9WMQ1	ivrd,pcrA,RVBD_0949	ATP-dependent DNA helicase UvrD	Basal machinery
uvrD2	uvrD2	888902	P9WMP9	RVBD_3198c	ATP-dependent DNA helicase UvrD	Basal machinery
vapB10	vapB10	886759	P9WLZ1	RVBD_1398c	antitoxin VapB10	Basal machinery
vapB11	vapB11	886359	P9WLU3	RVBD_1560	antitoxin VapB11	Basal machinery
vapB12	vapB12	885182	P9WJ53	RVBD_1721c	antitoxin VapB12	Basal machinery
vapB13	vapB13	885750	P9WJ51	RVBD_1839c	antitoxin VapB13	Basal machinery
vapB14	vapB14	885971	P95262	RVBD_1952	antitoxin VapB14	Basal machinery
vapB15	vapB15	888925	P9WLM7	RVBD_2009	antitoxin VapB15	M1.33
vapB17	vapB17	888254	P9WJ49	RVBD_2526	antitoxin VapB17	Basal machinery
vapB18	vapB18	888038	P9WJ47	RVBD_2545	antitoxin VapB18	Basal machinery
vapB19	vapB19	888452	P95006	RVBD_2547	antitoxin VapB19	Basal machinery
vapB2	vapB2	886588	O07227	RVBD_0300	antitoxin VapB2	Basal machinery
vapB20	vapB20	887353	P9WJ45	RVBD_2550c	antitoxin VapB20	M1.27
vapB21	vapB21	888263	P9WJ43	RVBD_2758c	antitoxin VapB21	Basal machinery
vapB24	vapB24	886689	P9WJ41	RVBD_0239	antitoxin VapB24	Basal machinery
vapB25	vapB25	14515902	P0CW33			Basal machinery
vapB26	vapB26	887739	O53778	RVBD_0581	antitoxin VapB26	Basal machinery
vapB27	vapB27	887856	O07779	vapB-mt24,RVBD_0599c	antitoxin VapB27	Basal machinery
vapB28	vapB28	887895	P9WJ39	RVBD_0608	antitoxin VapB28	Basal machinery
vapB3	vapB3	887515	P9WJ59	RVBD_0550c	antitoxin VapB3	Basal machinery
vapB30	vapB30	887970	P9WJ35	RVBD_0623	antitoxin VapB30	Basal machinery
vapB31	vapB31	888682	O53811	RVBD_0748	antitoxin VapB31	Basal machinery
vapB32	vapB32	885450	P9WJ33	RVBD_1113	antitoxin VapB32	Basal machinery
vapB34	vapB34	885226	P9WJ31	RVBD_1740	antitoxin VapB34	Basal machinery
vapB35	vapB35	14515903	P9WF17	RVBD_1962A	antitoxin VapB35	Basal machinery
vapB36	vapB36	11117810	P9WJ29	RVBD_1982A	antitoxin VapB36	Basal machinery
vapB37	vapB37	888014	P9WJ27	RVBD_2104c	antitoxin VapB37	Basal machinery
vapB38	vapB38	887480	P9WJ25	RVBD_2493	antitoxin VapB38	Basal machinery
vapB39	vapB39	3205085	P9WJ23	RVBD_2530A	antitoxin VapB39	Basal machinery
vapB40	vapB40	887682	P9WFC3	RVBD_2595,vapB-mt25	antitoxin VapB40	Basal machinery
vapB42	vapB42	887705	P9WJ19	RVBD_2760c	antitoxin VapB42	Basal machinery
vapB46	vapB46	887429	P9WF13	RVBD_3385c	antitoxin VapB46	Basal machinery
vapB47	vapB47	887505	P9WF23	RVBD_3407	antitoxin VapB47	Basal machinery
vapB48	vapB48	14515904	P9WJ15	RVBD_3697A	antitoxin VapB48	Basal machinery
vapB49	vapB49	888787	P9WF15	RVBD_3181c	antitoxin VapB45	Basal machinery
vapB50	vapB50	885807	O69717	RVBD_3750c	excisionase	Basal machinery
vapB6	vapB6	888077	P9WJ57	RVBD_0657c	antitoxin VapB6	Basal machinery
vapB8	vapB8	888146	O06775	RVBD_0664	antitoxin VapB8	Basal machinery
vapC1	vapC1	886993	P9WFC1	RVBD_0065	ribonuclease VapC1	Basal machinery
vapC10	vapC10	886736	P9WFA7	RVBD_1397c	ribonuclease VapC10	Basal machinery
vapC11	vapC11	886361	P9WFA5	RVBD_1561	ribonuclease VapC11	Basal machinery
vapC12	vapC12	885180	P9WFA3	RVBD_1720c	ribonuclease VapC12	Basal machinery
vapC13	vapC13	885744	P9WFA1	RVBD_1838c	ribonuclease VapC13	Basal machinery
vapC14	vapC14	885970	P9WF99	RVBD_1953	ribonuclease VapC14	M1.2
vapC15	vapC15	888933	P9WF97	RVBD_2010	ribonuclease VapC15	M1.33
vapC18	vapC18	887365	P95007	RVBD_2546	ribonuclease VapC18	Basal machinery
vapC2	vapC2	886586	P9WFB9	RVBD_0301	ribonuclease VapC2	Basal machinery
vapC20	vapC20	887193	P95004	RVBD_2549c	ribonuclease VapC20	M1.27
vapC24	vapC24	886688	P9WF87	RVBD_0240	ribonuclease VapC24	Basal machinery
vapC25	vapC25	886625	P9WF85	RVBD_0277c	ribonuclease VapC25	Basal machinery
vapC26	vapC26	887747	O53779	RVBD_0582	ribonuclease VapC26	Basal machinery
vapC27	vapC27	887861	P9WF83	RVBD_0598c,vapC-mt24	ribonuclease VapC27	Basal machinery
vapC29	vapC29	887926	P9WF79	RVBD_0617	ribonuclease VapC29	Basal machinery
vapC3	vapC3	887534	P9WFB7	RVBD_0549c	ribonuclease VapC3	Basal machinery
vapC30	vapC30	887951	P9WF77	RVBD_0624	ribonuclease VapC30	Basal machinery
vapC32	vapC32	885490	P9WF73	RVBD_1114	ribonuclease VapC32	Basal machinery
vapC34	vapC34	887165	P9WF71	RVBD_1741	ribonuclease VapC34	Basal machinery
vapC37	vapC37	888003	O53501	RVBD_2103c	ribonuclease VapC37	Basal machinery
vapC38	vapC38	887700	O53219	RVBD_2494	ribonuclease VapC38	Basal machinery
vapC39	vapC39	887192	P9WF63	RVBD_2530c	ribonuclease VapC39	Basal machinery
vapC4	vapC4	887835	O07783	RVBD_0595c	ribonuclease VapC4	Basal machinery
vapC41	vapC41	888186	P9WF59	RVBD_2602	ribonuclease VapC41	Basal machinery
vapC43	vapC43	887361	P9WF55	RVBD_2872	ribonuclease VapC43	Basal machinery
vapC46	vapC46	887432	O50411	RVBD_3384c	ribonuclease VapC46	Basal machinery
vapC47	vapC47	887900	P9WF49	RVBD_3408	ribonuclease VapC47	Basal machinery
vapC49	vapC49	887946	P9WF51	RVBD_3180c	ribonuclease VapC45	Basal machinery
vapC50	vapC50	885384	L0TGF0		hypothetical protein	Basal machinery
vapC51	vapC51	886724	L0T5V6	RVBD_0229c	hypothetical protein	Basal machinery
vapC8	vapC8	888149	P9WFB1	RVBD_0665	ribonuclease VapC8	Basal machinery
vapC9	vapC9	885158	P9WFA9	RVBD_0960	ribonuclease VapC9	Basal machinery
virS	virS	888657	P9WMJ3	RVBD_3082c	HTH-type transcriptional regulator VirS	M21
wag31	wag31	888224	P9WMU1	RVBD_2145c,ag84	cell wall synthesis protein Wag31	Intermodular
wbbL	wbbL	888714	P9WMY3	RVBD_3265c,wbbL1	N-acetylglucosaminyl-diphospho-decaprenol L-rhamnosyltransferase	Basal machinery
wecA	wecA	886947	P9WMW5	RVBD_1302,rfe	decaprenyl-phosphate N-acetylglucosaminephosphotransferase	Basal machinery
whiA	whiA	886674	P9WF45	RVBD_1423	transcriptional regulator WhiA	Global regulator
whiB1	whiB1	887980	P9WF43	RVBD_3219	transcriptional regulator WhiB1	Global regulator
whiB2	whiB2	888687	O53353	RVBD_3260c	transcriptional regulator WhiB2	M1.39
whiB3	whiB3	887598	P9WF41	RVBD_3416	redox-responsive transcriptional regulator WhiB3	M1.38
whiB4	whiB4	885320	P9WF39	RVBD_3681c	transcriptional regulator WhiB4	Global regulator
whiB5	whiB5	887071	P71592	RVBD_0022c	transcriptional regulator WhiB5	Global regulator
whiB6	whiB6	886190	P9WF37	RVBD_3862c	transcriptional regulator WhiB6	M1.36
whiB7	whiB7		Q6MX01	RVBD_3197A,Rv3197A		Basal machinery
xerD	xerD	885055	P9WF33	RVBD_1701	tyrosine recombinase XerD	Basal machinery
xseA	xseA	885984	P9WF31	RVBD_1108c	exodeoxyribonuclease VII large subunit	Basal machinery
xseB	xseB	886005	P9WF29	RVBD_1107c	exodeoxyribonuclease VII small subunit	Basal machinery
xthA	xthA	886370	P96273	RVBD_0427c	exodeoxyribonuclease III protein XthA	Basal machinery
xylB	xylB	888548	I6Y4K0	RVBD_0729	D-xylulose kinase XylB	Basal machinery
ybeY	ybeY	885989	P9WGX9	RVBD_2367c	endoribonuclease	Basal machinery
yidC	yidC	886238	P9WIT5	RVBD_3921c	membrane protein insertase YidC	M1.1
yrbE1A	yrbE1A	886816	O07412	RVBD_0167	membrane protein	Intermodular
yrbE3A	yrbE3A	885948	O53965	RVBD_1964	integral membrane protein	Basal machinery
yrbE4A	yrbE4A	888320	O53546	RVBD_3501c	integral membrane protein	Basal machinery
yrbE4B	yrbE4B	888336	I6Y3P5	RVBD_3500c	integral membrane protein	Basal machinery
zmp1	zmp1	886755	I6X8R2	RVBD_0198c	zinc metalloprotease	Basal machinery
zur	zur	886009	P9WN85	fur-2,furB,RVBD_2359	zinc uptake regulation protein	M5
