Gene_name	Locus_tag	NCBI_gene_ID	Uniprot_ID	Synonyms	Product_function	NDA_component
IS466A-ORF	SCO3469	1098906	Q9R2U5	SCP1.276,SCO3490		Basal machinery
IS468B-ORF	SCO0098	1095524	Q7DJE7	SCO3466,SCO3467,SCO3539,SCO0567,IS468A-ORF,SCO6910		Basal machinery
IS469-ORF	SCO3468	1098905	Q9R2U8			Basal machinery
IS470-ORF	SCO3470	1098907	Q9R319			Basal machinery
ORF7	SCO5093	1100534	Q9X9V2			Basal machinery
SC3A4.21c	SCO7095	1102533	Q9KZ37			Basal machinery
SCO0003	SCO0003	1095446	Q9FBV4	SCO7844		Basal machinery
SCO0005	SCO0005	1095444	Q9FBV6	SCO7842		Basal machinery
SCO0007	SCO0007	1095442	Q9S1Y7	SCO7840		Basal machinery
SCO0009	SCO0009	1095441	Q9S1Y5	SCO7838		Basal machinery
SCO0010	SCO0010	1095439	Q9S1Y4	SCO7837		Basal machinery
SCO0011	SCO0011	1095438	Q9S1Y3	SCO7836		Basal machinery
SCO0013	SCO0013	1095453	Q9S1Y0	SCO7834		Basal machinery
SCO0014	SCO0014	1095449	Q9S1X9	SCO7833		Basal machinery
SCO0018	SCO0018	1095454	Q9S1X5	SCO7829		Basal machinery
SCO0020	SCO0020	1095437	Q8CK71			Basal machinery
SCO0021	SCO0021	1095456	Q9S1X1			Basal machinery
SCO0022	SCO0022	1095457	Q8R5N1			Basal machinery
SCO0028	SCO0028	1095461	Q9S1W4			Basal machinery
SCO0033	SCO0033	1095466	Q9S1V9			Basal machinery
SCO0034	SCO0034	1095467	Q9S1V8		hypothetical protein	Basal machinery
SCO0037	SCO0037	1095470	Q9S1V5			Basal machinery
SCO0038	SCO0038	1095471	Q9S1V4			Basal machinery
SCO0039	SCO0039	1095472	Q9S1V3			Basal machinery
SCO0040	SCO0040	1095473	Q9S1V2			Basal machinery
SCO0041	SCO0041	1095474	Q9S1V1			Basal machinery
SCO0042	SCO0042	1095475	Q9S1V0			Basal machinery
SCO0043	SCO0043	1095476	Q9S1U9			Basal machinery
SCO0045	SCO0045	1095478	Q9S1U7			Basal machinery
SCO0050	SCO0050	1095483	Q9S1U2			Basal machinery
SCO0053	SCO0053	1095485				Basal machinery
SCO0055	SCO0055	1095486	Q9S1T7			Basal machinery
SCO0056	SCO0056	1095487	Q9S1T6			Basal machinery
SCO0058	SCO0058	1095489	Q9S1T4			Basal machinery
SCO0064	SCO0064	1095495	Q9S1S8			Basal machinery
SCO0065	SCO0065	1095496	Q9S1S7			Basal machinery
SCO0069	SCO0069	1095500	Q9S1S3			Basal machinery
SCO0070	SCO0070	1095501	Q9S1S2			Basal machinery
SCO0072	SCO0072	1095503	Q8CK70			M16.1
SCO0073	SCO0073	1095504	Q9RIA2			Basal machinery
SCO0076	SCO0076	1095507				Basal machinery
SCO0079	SCO0079	1095508	Q9RI96			Basal machinery
SCO0080	SCO0080	1095509	Q9RI95			Basal machinery
SCO0084	SCO0084	1095512	Q9RI91			Basal machinery
SCO0086	SCO0086	1095514	Q9RI89			Basal machinery
SCO0088	SCO0088	1095516	Q9RI87			Basal machinery
SCO0089	SCO0089	1095517	Q9RI86			Basal machinery
SCO0090	SCO0090	1095518	Q9RI85			Basal machinery
SCO0091	SCO0091	1095519	O86758	SCO5641		Basal machinery
SCO0096	SCO0096	1095522	Q9RI80			Basal machinery
SCO0097	SCO0097	1095523	Q9RI79			Basal machinery
SCO0099	SCO0099	1095525				Basal machinery
SCO0100	SCO0100					Basal machinery
SCO0101	SCO0101	1095526	Q9RI76			Basal machinery
SCO0102	SCO0102	1095527	Q9RI75			Basal machinery
SCO0103	SCO0103	1095528	Q9RI74			Basal machinery
SCO0104	SCO0104	1095529	Q9RI73			Basal machinery
SCO0106	SCO0106	1095531	Q9RI71			Basal machinery
SCO0107	SCO0107	1095532	Q9RI70			Basal machinery
SCO0108	SCO0108	1095533	Q9RI69			Basal machinery
SCO0109	SCO0109	1095534	Q9RI68			Basal machinery
SCO0110	SCO0110	1095535	Q9RI67			Basal machinery
SCO0111	SCO0111	1095536	Q9RI66			Basal machinery
SCO0114	SCO0114	1095539				Basal machinery
SCO0117	SCO0117	1095541	Q9RI61			Basal machinery
SCO0118	SCO0118	1095542	Q9RI60			Basal machinery
SCO0119	SCO0119	1095543	Q9RI59			Basal machinery
SCO0121	SCO0121	1095545	Q9S205			Basal machinery
SCO0122	SCO0122	1095546	Q9S204			Basal machinery
SCO0123	SCO0123	1095547	Q9S203			Basal machinery
SCO0124	SCO0124	1095548	Q9S202			Basal machinery
SCO0125	SCO0125	1095549	Q9S201			Basal machinery
SCO0126	SCO0126	1095550	Q9S200			Basal machinery
SCO0127	SCO0127	1095551	Q9S1Z9			Basal machinery
SCO0129	SCO0129	1095553	Q9S1Z7			Basal machinery
SCO0130	SCO0130	1095554	Q9S1Z6			Basal machinery
SCO0131	SCO0131	1095555	Q9S1Z5			Basal machinery
SCO0132	SCO0132	1095556	Q9S1Z4			Basal machinery
SCO0136	SCO0136	1095560	Q9S1Z0	ulaA		Basal machinery
SCO0137	SCO0137	1095561	Q8CK68			Basal machinery
SCO0138	SCO0138	1095562	Q9RIX5			Basal machinery
SCO0139	SCO0139	1095563	Q9RIX4			Basal machinery
SCO0140	SCO0140	1095564	Q9RIX3			Basal machinery
SCO0141	SCO0141	1095565	Q9RIX2			Basal machinery
SCO0143	SCO0143	1095567	Q9RIX0			Basal machinery
SCO0144	SCO0144	1095568	Q9RIW9			Basal machinery
SCO0148	SCO0148	1095572	Q9RIW6			Basal machinery
SCO0149	SCO0149	1095573	Q9RIW5			Basal machinery
SCO0160	SCO0160	1095584	Q9RJ05			Basal machinery
SCO0161	SCO0161	1095585	Q9RJ04			Basal machinery
SCO0162	SCO0162	1095586	Q9RJ03			Basal machinery
SCO0165	SCO0165	1095589	Q9RJ00			Basal machinery
SCO0166	SCO0166	1095590	Q9RIZ9			Basal machinery
SCO0167	SCO0167	1095591	Q9RIZ8			Basal machinery
SCO0168	SCO0168	1095592	Q9RIZ7			Basal machinery
SCO0169	SCO0169	1095593	Q9RIZ6			Basal machinery
SCO0170	SCO0170	1095594	Q9RIZ5			Basal machinery
SCO0171	SCO0171	1095595	Q9RIZ4			Basal machinery
SCO0173	SCO0173	1095597	Q9RIZ2			Basal machinery
SCO0174	SCO0174	1095598	Q9RIZ1			Basal machinery
SCO0175	SCO0175	1095599	Q9RIZ0			Basal machinery
SCO0176	SCO0176	1095600	Q9RIY9			Basal machinery
SCO0177	SCO0177	1095601	Q9RIY8			Basal machinery
SCO0178	SCO0178	1095602	Q9RIY7			Basal machinery
SCO0179	SCO0179	1095603	Q9RIY6			M16.1
SCO0180	SCO0180	1095604	Q9RIY5			Basal machinery
SCO0181	SCO0181	1095605	Q9RIY4			Basal machinery
SCO0182	SCO0182	1095606	Q9RIY3			Basal machinery
SCO0185	SCO0185	1095609	Q9RIY0		geranylgeranyl pyrophosphate synthase	M13
SCO0186	SCO0186	1095610	Q9RIX9		phytoene dehydrogenase (phytoene desaturase) (secreted protein)	M13
SCO0187	SCO0187	1095611	Q9RIX8		phytoene synthase	M13
SCO0188	SCO0188	1095612	Q9RIX7		methylesterase	M13
SCO0189	SCO0189	1095613	Q8CK66		dehydrogenase	M13
SCO0190	SCO0190	1095614	Q9RI56		methyltransferase	M13
SCO0191	SCO0191	1095615	Q9RI55		lycopene cyclase	M13
SCO0193	SCO0193	1095617	Q9RI53			Basal machinery
SCO0194	SCO0194	1095618	Q9RI52		sigma factor	M13
SCO0195	SCO0195	1095619	Q9RI51		lipoprotein	M13
SCO0196	SCO0196	1095620	Q9RI50		hypothetical protein	M13
SCO0197	SCO0197	1095621	Q9RI49			Basal machinery
SCO0198	SCO0198	1095622	Q9RI48			Basal machinery
SCO0199	SCO0199	1095623	Q9RI47		alcohol dehydrogenase	M16.1
SCO0200	SCO0200	1095624	Q9RI46			M16.1
SCO0201	SCO0201	1095625	Q9RI45			Basal machinery
SCO0202	SCO0202	1095626	Q9RI44			Basal machinery
SCO0204	SCO0204	1095628	Q9RI42			M16.1
SCO0206	SCO0206	1095630				Basal machinery
SCO0207	SCO0207	1095631	Q9RI41			M16.1
SCO0208	SCO0208	1095632	Q9RI40			M16.1
SCO0209	SCO0209	1095633	Q9RI39			Basal machinery
SCO0212	SCO0212	1095636	Q9RI36			Basal machinery
SCO0213	SCO0213	1095637	Q9RI35			Basal machinery
SCO0214	SCO0214	1095638	Q9RI34			Basal machinery
SCO0215	SCO0215	1095639	Q9RI33			Basal machinery
SCO0216	SCO0216	1095640	Q9RI32			M16.1
SCO0217	SCO0217	1095641	Q9RI31			M16.1
SCO0218	SCO0218	1095642	Q9RI30			Basal machinery
SCO0219	SCO0219	1095643	Q9RI29			Basal machinery
SCO0220	SCO0220	1095644	Q9RI28			Basal machinery
SCO0222	SCO0222	1095646	Q9S1R9			Basal machinery
SCO0223	SCO0223	1095647	Q9S1R8			Basal machinery
SCO0224	SCO0224	1095648	Q9S1R7			Basal machinery
SCO0225	SCO0225	1095649	Q9S1R6			Basal machinery
SCO0227	SCO0227	1095651	Q9S1R4			Basal machinery
SCO0228	SCO0228	1095652	Q9S1R3			Basal machinery
SCO0231	SCO0231	1095655	Q9S1R0			Basal machinery
SCO0233	SCO0233	1095657	Q9S1Q8			Basal machinery
SCO0234	SCO0234	1095658	Q9S1Q7			Basal machinery
SCO0236	SCO0236	1095660	Q9S1Q5			Basal machinery
SCO0237	SCO0237	1095661	Q9S1Q4			Basal machinery
SCO0239	SCO0239	1095663	Q9S1Q2			Basal machinery
SCO0244	SCO0244	1095668	Q9S1P7			Basal machinery
SCO0245	SCO0245	1095669	Q9S1P6			Basal machinery
SCO0246	SCO0246	1095670	Q9S1P5			Basal machinery
SCO0247	SCO0247	1095671	Q9S1P4			Basal machinery
SCO0251	SCO0251	1095675	Q9S1P0			Basal machinery
SCO0252	SCO0252	1095676	Q9S1N9			Basal machinery
SCO0253	SCO0253	1095677	Q9S1N8			Basal machinery
SCO0254	SCO0254	1095678	Q9S1N7			Basal machinery
SCO0255	SCO0255	1095679	Q8CK65			M16.1
SCO0256	SCO0256	1095680	Q9S2E4			Basal machinery
SCO0257	SCO0257	1095681	Q9S2E3			Basal machinery
SCO0258	SCO0258	1095682	Q9S2E2			Basal machinery
SCO0259	SCO0259	1095683	Q8CK64			Basal machinery
SCO0260	SCO0260	1095684	Q9RKA2			Basal machinery
SCO0261	SCO0261	1095685	Q9RKA1			Basal machinery
SCO0269	SCO0269	1095693	Q9RK93			Basal machinery
SCO0270	SCO0270	1095694	Q9RK92			Basal machinery
SCO0271	SCO0271	1095695	Q9RK91			Basal machinery
SCO0275	SCO0275	1095699	Q9S2D8			M16.1
SCO0277	SCO0277	1095701	Q9S2D6			Basal machinery
SCO0278	SCO0278	1095702	Q9S2D5			Basal machinery
SCO0281	SCO0281	1095705	Q9S2D2			Basal machinery
SCO0286	SCO0286	1095710	Q9S2C7			Basal machinery
SCO0287	SCO0287	1095711	Q9S2C6			Basal machinery
SCO0290	SCO0290	1095714	Q9S2C3			Basal machinery
SCO0291	SCO0291	1095715	Q9S2C2			Basal machinery
SCO0292	SCO0292	1095716	Q8CK62			Basal machinery
SCO0293	SCO0293	1095717	Q9RL24			Basal machinery
SCO0297	SCO0297	1095721	Q9RL20			Basal machinery
SCO0298	SCO0298	1095722	Q9RL19			Basal machinery
SCO0299	SCO0299	1095723	Q9RL18			Basal machinery
SCO0304	SCO0304	1095728	Q9RL13			Basal machinery
SCO0305	SCO0305	1095729	Q9RL12			Basal machinery
SCO0308	SCO0308	1095732	Q9RL10			Basal machinery
SCO0310	SCO0310	1095734	Q9RL08			M16.1
SCO0311	SCO0311	1095735	Q9RL07			Basal machinery
SCO0314	SCO0314	1095738	Q9RL04			Basal machinery
SCO0315	SCO0315	1095739	Q9RL03			Basal machinery
SCO0316	SCO0316	1095740	Q9RL02			Basal machinery
SCO0317	SCO0317	1095741	Q9RL01			Basal machinery
SCO0318	SCO0318	1095742	Q9RL00			Basal machinery
SCO0319	SCO0319	1095743	Q9RKZ9			Basal machinery
SCO0320	SCO0320	1095744	Q9RKZ8			Basal machinery
SCO0321	SCO0321	1095745	Q9RKZ7			Basal machinery
SCO0323	SCO0323	1095747	Q9RK54			M16.1
SCO0324	SCO0324	1095748	Q9RK53			Basal machinery
SCO0330	SCO0330	1095753	Q9RK49	fabG		M16.1
SCO0332	SCO0332	1095755	Q9RK47			Basal machinery
SCO0335	SCO0335	1095758	Q9RK44			Basal machinery
SCO0337	SCO0337	1095760	Q9RK42			Basal machinery
SCO0344	SCO0344	1095767	Q9RJW6			Basal machinery
SCO0347	SCO0347	1095770	Q9RJW3			Basal machinery
SCO0352	SCO0352	1095775	Q9RJV8			Basal machinery
SCO0358	SCO0358	1095781	Q9RJV2			Basal machinery
SCO0359	SCO0359	1095782	Q9RJV1			Basal machinery
SCO0365	SCO0365	1095788	Q9RJU5			Basal machinery
SCO0368	SCO0368	1095791	Q9RJU2	SCO7803		Basal machinery
SCO0374	SCO0374	1095797	Q9RJT6			Basal machinery
SCO0378	SCO0378	1095801	Q9RJL0			Basal machinery
SCO0379	SCO0379	1095802	Q9RJK9		catalase	M15
SCO0380	SCO0380	1095803	Q9RJK8			Basal machinery
SCO0381	SCO0381	1095804	Q9RJK7			M16.1
SCO0382	SCO0382	1095805	Q9RJK6			Basal machinery
SCO0383	SCO0383	1095806	Q9RJK5			Basal machinery
SCO0384	SCO0384	1095807	Q9RJK4			Basal machinery
SCO0385	SCO0385	1095808	Q9RJK3			Basal machinery
SCO0386	SCO0386	1095809	Q9RJK2			Basal machinery
SCO0387	SCO0387	1095810	Q9RJK1			Basal machinery
SCO0388	SCO0388	1095811	Q9RJK0			Basal machinery
SCO0389	SCO0389	1095812	Q9RJJ9			Basal machinery
SCO0390	SCO0390	1095813	Q9RJJ8			Basal machinery
SCO0391	SCO0391	1095814	Q9RJJ7			Basal machinery
SCO0392	SCO0392	1095815	Q9RJJ6			Basal machinery
SCO0393	SCO0393	1095816	Q9RJJ5			Basal machinery
SCO0394	SCO0394	1095817	Q9RJJ4			Basal machinery
SCO0395	SCO0395	1095818	Q9RJJ3			Basal machinery
SCO0396	SCO0396	1095819	Q9RJJ2			Basal machinery
SCO0397	SCO0397	1095820	Q9RJJ1			Basal machinery
SCO0398	SCO0398	1095821	Q9RJJ0			Basal machinery
SCO0399	SCO0399	1095822	Q9RJI9			Basal machinery
SCO0400	SCO0400	1095823	Q9RJI8			Basal machinery
SCO0401	SCO0401	1095824	Q9RJI7			Basal machinery
SCO0402	SCO0402	1095825	Q8CK58			Basal machinery
SCO0403	SCO0403	1095826	Q9RJT3			Basal machinery
SCO0404	SCO0404	1095827	Q9RJT2			Basal machinery
SCO0405	SCO0405	1095828	Q9RJT1			Basal machinery
SCO0406	SCO0406	1095829	Q9RJT0			Basal machinery
SCO0407	SCO0407	1095830	Q9RJS9			Basal machinery
SCO0408	SCO0408	1095831	Q9RJS8			Basal machinery
SCO0413	SCO0413	1095836	Q9RJS3			Basal machinery
SCO0414	SCO0414	1095837	Q9RJS2			Basal machinery
SCO0415	SCO0415	1095838	Q9RJS1			Basal machinery
SCO0416	SCO0416	1095839	Q9RJS0			Basal machinery
SCO0417	SCO0417	1095840	Q9RJR9			Basal machinery
SCO0423	SCO0423	1095846	Q9RL63			Basal machinery
SCO0426	SCO0426	1095849	Q9RL60			Basal machinery
SCO0431	SCO0431	1095854	Q9RL55			Basal machinery
SCO0432	SCO0432	1095855	Q9RL54			Basal machinery
SCO0433	SCO0433	1095856	Q9RL53			Basal machinery
SCO0434	SCO0434	1095857	Q9RL52		bifunctional maltose and glucose-specific PTS system components IICB	Basal machinery
SCO0439	SCO0439	1095862	Q9RL47			Basal machinery
SCO0441	SCO0441	1095864	Q9RL45			Basal machinery
SCO0442	SCO0442	1095865	Q9RL44			Basal machinery
SCO0448	SCO0448	1095871				Basal machinery
SCO0449	SCO0449	1095872	Q9RL38			Basal machinery
SCO0450	SCO0450	1095873	Q9RL37			Basal machinery
SCO0451	SCO0451	1095874	Q9RL36			Basal machinery
SCO0457	SCO0457	1095880	Q9RL30			Basal machinery
SCO0459	SCO0459	1095882	Q9RL28			Basal machinery
SCO0462	SCO0462	1095885	Q9RJH2			Basal machinery
SCO0463	SCO0463	1095886	Q9RJH1			Basal machinery
SCO0464	SCO0464	1095887	Q9RJH0			Basal machinery
SCO0465	SCO0465	1095888	Q9RJG9			Basal machinery
SCO0471	SCO0471	1095894	Q9RJG3			Basal machinery
SCO0473	SCO0473	1095896	Q9RJG1			Basal machinery
SCO0475	SCO0475	1095898	Q9RJF9			M14
SCO0484	SCO0484	1095907	Q9RK22			Basal machinery
SCO0491	SCO0491	1095914	Q9RK15			Basal machinery
SCO0492	SCO0492	1095915	Q9RK14			Basal machinery
SCO0493	SCO0493	1095916	Q9RK13			Basal machinery
SCO0494	SCO0494	1095917	Q9RK12			Basal machinery
SCO0495	SCO0495	1095918	Q9RK11			Basal machinery
SCO0498	SCO0498	1095921	Q9RK08			Basal machinery
SCO0499	SCO0499	1095922	Q9RK07			Basal machinery
SCO0504	SCO0504	1095927	Q9RK02			Basal machinery
SCO0505	SCO0505	1095928	Q8CK54			Basal machinery
SCO0508	SCO0508	1095931	Q9RJM3			Basal machinery
SCO0511	SCO0511	1095934	Q9RJM1			Basal machinery
SCO0512	SCO0512	1095935	Q9RJM0			Basal machinery
SCO0513	SCO0513	1095936	Q9RJL9			Basal machinery
SCO0516	SCO0516	1095939	Q9RJL7			Basal machinery
SCO0522	SCO0522	1095945	Q9RK87			Basal machinery
SCO0524	SCO0524	1095947	Q9RK85			Basal machinery
SCO0528	SCO0528	1095951	Q9RK82			Basal machinery
SCO0532	SCO0532	1095955	Q9RK78			Basal machinery
SCO0534	SCO0534	1095957	Q9RK76			Basal machinery
SCO0535	SCO0535	1095958	Q9RK75			Basal machinery
SCO0536	SCO0536	1095959	Q9RK74			Basal machinery
SCO0537	SCO0537	1095960	Q9RK73			Basal machinery
SCO0542	SCO0542	1095965	Q9RK68			Basal machinery
SCO0543	SCO0543	1095966	Q9RK67			Basal machinery
SCO0544	SCO0544	1095967	Q9RK66			Basal machinery
SCO0546	SCO0546	1095969	Q9RK64			Basal machinery
SCO0548	SCO0548	1095971	Q9RK62			Basal machinery
SCO0549	SCO0549	1095972	Q9RK61			Basal machinery
SCO0551	SCO0551	1095974	Q9RK59			Basal machinery
SCO0552	SCO0552	1095975	Q9RK58			Basal machinery
SCO0554	SCO0554	1095977	Q8CK53			Basal machinery
SCO0555	SCO0555	1095978	Q9RJI4			Basal machinery
SCO0564	SCO0564	1095987	Q9RJH6			Basal machinery
SCO0568	SCO0568	1095991	Q93JH4			Basal machinery
SCO0571	SCO0571	1095994	Q93RZ9			Basal machinery
SCO0572	SCO0572	1095995	Q93RZ8			Basal machinery
SCO0573	SCO0573	1095996	Q93RZ7			Basal machinery
SCO0574	SCO0574	1095997	Q93RZ6			Basal machinery
SCO0577	SCO0577	1096000	Q8CK52			Basal machinery
SCO0579	SCO0579	1096002	Q9RJR1			Basal machinery
SCO0583	SCO0583	1096006	Q9RJQ7			Basal machinery
SCO0584	SCO0584	1096007	Q9RJQ6			Basal machinery
SCO0585	SCO0585	1096008	Q9RJQ5			Basal machinery
SCO0586	SCO0586	1096009	Q9RJQ4			Basal machinery
SCO0587	SCO0587	1096010	Q9RJQ3			Basal machinery
SCO0588	SCO0588	1096011	Q9RJQ2			Basal machinery
SCO0591	SCO0591	1096014	Q9RJP9			Basal machinery
SCO0595	SCO0595	1096018	Q9RJP5			Basal machinery
SCO0601	SCO0601	1096024	Q9RJP3			Basal machinery
SCO0603	SCO0603	1096026	Q9RJP1			Basal machinery
SCO0604	SCO0604	1096027	Q9RJP0		hypothetical protein	M16.3
SCO0605	SCO0605	1096028	Q9RJN9			Basal machinery
SCO0606	SCO0606	1096029	Q9RJN8			Basal machinery
SCO0607	SCO0607	1096030	Q9RJN7			M12
SCO0608	SCO0608	1096031	Q9RJN6			M16.1
SCO0615	SCO0615	1096038	Q9RJM9			Basal machinery
SCO0616	SCO0616	1096039	Q9RJM8			Basal machinery
SCO0617	SCO0617	1096040	Q8CK51			Basal machinery
SCO0618	SCO0618	1096041	Q9RD64			Basal machinery
SCO0619	SCO0619	1096042	Q9RD63			Basal machinery
SCO0621	SCO0621	1096044	Q9RD61			Basal machinery
SCO0624	SCO0624	1096047	Q9RD58			Basal machinery
SCO0625	SCO0625	1096048	Q9RD57			Basal machinery
SCO0626	SCO0626	1096049	Q9RD56			Basal machinery
SCO0627	SCO0627	1096050	Q9RD55			Basal machinery
SCO0629	SCO0629	1096052	Q9RD53			Basal machinery
SCO0630	SCO0630	1096053	Q9RD52			Basal machinery
SCO0631	SCO0631	1096054	Q9RD51			Basal machinery
SCO0632	SCO0632	1096055	Q9RD50			Basal machinery
SCO0633	SCO0633	1096056	Q9RD49			Basal machinery
SCO0636	SCO0636	1096059	Q9RD47			Basal machinery
SCO0639	SCO0639	1096062	Q9RD44			Basal machinery
SCO0640	SCO0640	1096063	Q9RD43			Basal machinery
SCO0641	SCO0641	1096064	Q8CK50			Basal machinery
SCO0642	SCO0642	1096065	Q9RJC2			Basal machinery
SCO0643	SCO0643	1096066	Q9RJC1			Basal machinery
SCO0644	SCO0644	1096067	Q9RJC0			Basal machinery
SCO0649	SCO0649	1096072	Q9RJB5			Basal machinery
SCO0651	SCO0651	1096074	Q9RJB3			Basal machinery
SCO0652	SCO0652	1096075	Q9RJB2			Basal machinery
SCO0653	SCO0653	1096076	Q9RJB1			Basal machinery
SCO0654	SCO0654	1096077	Q9RJB0			Basal machinery
SCO0656	SCO0656	1096079	Q9RJA8			Basal machinery
SCO0657	SCO0657	1096080	Q9RJA7			Basal machinery
SCO0661	SCO0661	1096084	Q9RJA3			Basal machinery
SCO0662	SCO0662	1096085	Q9RJA2			Basal machinery
SCO0663	SCO0663	1096086	Q9RJA1			Basal machinery
SCO0664	SCO0664	1096087	Q9RJA0			Basal machinery
SCO0665	SCO0665	1096088	Q9RJ99			Basal machinery
SCO0666	SCO0666	1096089	Q7AKS0		catalase	M16.1
SCO0669	SCO0669	1096092	Q9RJ96			Basal machinery
SCO0670	SCO0670	1096093	Q9RJ95			Basal machinery
SCO0671	SCO0671	1096094	Q9RJ94			Basal machinery
SCO0673	SCO0673	1096096	Q9RJ92			M16.1
SCO0674	SCO0674	1096097	Q9RJ91			M16.1
SCO0675	SCO0675	1096098	Q9RJ90			M16.1
SCO0676	SCO0676	1096099	Q9RJ89			Basal machinery
SCO0678	SCO0678	1096101	Q9RJ87			Basal machinery
SCO0679	SCO0679	1096102	Q9RJ86			Basal machinery
SCO0680	SCO0680	1096103	Q8CK49			Basal machinery
SCO0681	SCO0681	1096104	Q9RK35			Basal machinery
SCO0682	SCO0682	1096105	Q9RK34			Basal machinery
SCO0683	SCO0683	1096106	Q9RK33			Basal machinery
SCO0684	SCO0684	1096107	Q9RK32			Basal machinery
SCO0685	SCO0685	1096108	Q9RK31			Basal machinery
SCO0686	SCO0686	1096109	Q9RK30			Basal machinery
SCO0687	SCO0687	1096110	Q9RK29			Basal machinery
SCO0688	SCO0688	1096111	Q9RK28			Basal machinery
SCO0689	SCO0689	1096112	Q9RK27			Basal machinery
SCO0690	SCO0690	1096113	Q9RK26			Basal machinery
SCO0691	SCO0691	1096114	Q8CK48			Basal machinery
SCO0692	SCO0692	1096115	Q9L2L1			Basal machinery
SCO0693	SCO0693	1096116	Q9L2L0			Basal machinery
SCO0697	SCO0697	1096120				Basal machinery
SCO0698	SCO0698	1096121	Q9L2K6			Basal machinery
SCO0702	SCO0702	1096125	Q7AKR8			M16.1
SCO0704	SCO0704	1096127				Basal machinery
SCO0705	SCO0705	1096128	Q9L2K3			Basal machinery
SCO0706	SCO0706	1096129	Q9L2K2			Basal machinery
SCO0707	SCO0707	1096130	Q9L2K1			Basal machinery
SCO0708	SCO0708	1096131	Q9L2K0			Basal machinery
SCO0711	SCO0711	1096134	Q9L2J7			Basal machinery
SCO0712	SCO0712	1096135	Q7AKS3		transcriptional activator	M33
SCO0713	SCO0713	1096136	Q9L2J6		lipase (secreted protein)	M33
SCO0718	SCO0718	1096141	Q9L2J1			Basal machinery
SCO0719	SCO0719	1096142	Q9L2J0			Basal machinery
SCO0720	SCO0720	1096143	Q9L2I9			Basal machinery
SCO0721	SCO0721	1096144	Q9L2I8			Basal machinery
SCO0722	SCO0722	1096145	Q9L2I7			Basal machinery
SCO0723	SCO0723	1096146	Q8CK47	frcK		Basal machinery
SCO0724	SCO0724	1096147	Q9EWU7			Basal machinery
SCO0725	SCO0725	1096148	Q9EWU6			Basal machinery
SCO0729	SCO0729	1096152	Q9EWU2			Basal machinery
SCO0730	SCO0730	1096153	Q9EWU1			Basal machinery
SCO0732	SCO0732	1096155	Q9EWT9			M5
SCO0733	SCO0733	1096156	Q9EWT8			Basal machinery
SCO0734	SCO0734	1096157	Q9EWT7			Basal machinery
SCO0736	SCO0736	1096159	Q9EWT5			Basal machinery
SCO0741	SCO0741	1096164	Q9EWT0		oxidoreductase	M16.3
SCO0743	SCO0743	1096166	Q9RJE9			Basal machinery
SCO0744	SCO0744	1096167	Q9RJE8			Basal machinery
SCO0747	SCO0747	1096170	Q9RJE5			Basal machinery
SCO0748	SCO0748	1096171	Q9RJE4			Basal machinery
SCO0749	SCO0749	1096172	Q9RJE3			Basal machinery
SCO0750	SCO0750	1096173	Q9RJE2			Basal machinery
SCO0751	SCO0751	1096174	Q9RJE1			Basal machinery
SCO0752	SCO0752	1096175	Q9RJE0			M5
SCO0753	SCO0753	1096176	Q9RJD9			Basal machinery
SCO0754	SCO0754	1096177	Q9RJD8			Basal machinery
SCO0755	SCO0755	1096178	Q9RJD7			Basal machinery
SCO0756	SCO0756	1096179	Q9RJD6			Basal machinery
SCO0757	SCO0757	1096180	Q9RJD5			Basal machinery
SCO0758	SCO0758	1096181	Q9RJD4			Basal machinery
SCO0759	SCO0759	1096182	Q9RJD3			Basal machinery
SCO0760	SCO0760	1096183	Q9RJD2			Basal machinery
SCO0761	SCO0761	1096184	Q9RJD1			Basal machinery
SCO0763	SCO0763	1096186	Q9RJD0			Basal machinery
SCO0764	SCO0764	1096187	Q9RJC9			Basal machinery
SCO0765	SCO0765	1096188	Q9RJC8			Basal machinery
SCO0766	SCO0766	1096189	Q9RJC7			Basal machinery
SCO0767	SCO0767	1096190	Q9RJC6			Basal machinery
SCO0770	SCO0770	1096193	Q9EWS7			Basal machinery
SCO0772	SCO0772	1096195	Q7AKR6			Basal machinery
SCO0774	SCO0774	1096197	Q9EWS4			Basal machinery
SCO0775	SCO0775	1096198	Q7AKR5			Basal machinery
SCO0776	SCO0776	1096199	Q9EWS3			Basal machinery
SCO0777	SCO0777	1096200	Q7AKR4			Basal machinery
SCO0778	SCO0778	1096201	Q9EWS2			Basal machinery
SCO0779	SCO0779	1096202	Q7AKR3			Basal machinery
SCO0780	SCO0780	1096203	Q7AKR2			Basal machinery
SCO0782	SCO0782	1096205	Q9EWS0			Basal machinery
SCO0783	SCO0783	1096206	Q9EWR9			Basal machinery
SCO0784	SCO0784	1096207	Q9EWR8			Basal machinery
SCO0785	SCO0785	1096208	Q9EWR7			Basal machinery
SCO0786	SCO0786	1096209	Q9EWR6			Basal machinery
SCO0789	SCO0789	1096212	Q9EWR3			Basal machinery
SCO0790	SCO0790	1096213	Q8CK45			Basal machinery
SCO0792	SCO0792	1096215	Q9RD85			Basal machinery
SCO0793	SCO0793	1096216	Q9RD84			Basal machinery
SCO0794	SCO0794	1096217	Q9RD83			Basal machinery
SCO0800	SCO0800	1096223	Q9RD77			Basal machinery
SCO0801	SCO0801	1096224	Q9RD76			Basal machinery
SCO0807	SCO0807	1096230	Q9RD70			Basal machinery
SCO0812	SCO0812	1096235	Q9XAB3			M16.1
SCO0813	SCO0813	1096236	Q9XAB2			Basal machinery
SCO0818	SCO0818	1096241	Q9XAA7			Basal machinery
SCO0820	SCO0820	1096243	Q9XAA5			Basal machinery
SCO0822	SCO0822	1096245	Q9XAA3			Basal machinery
SCO0827	SCO0827	1096250	Q9XA98			Basal machinery
SCO0828	SCO0828	1096251	Q9XA97			Basal machinery
SCO0831	SCO0831	1096254	Q9XA94			Basal machinery
SCO0832	SCO0832	1096255	Q9XA93			Basal machinery
SCO0833	SCO0833	1096256	Q9XA92			Basal machinery
SCO0834	SCO0834	1096257	Q9XA91			Basal machinery
SCO0836	SCO0836	1096259	Q9XA89			Basal machinery
SCO0838	SCO0838	1096261	Q9XA87			Basal machinery
SCO0839	SCO0839	1096262	Q9XA86			Basal machinery
SCO0840	SCO0840	1096263	Q9XA85			Basal machinery
SCO0843	SCO0843	1096266	Q9XA82			Basal machinery
SCO0844	SCO0844	1096267	Q9XA81			Basal machinery
SCO0845	SCO0845	1096268	Q9XA80			Basal machinery
SCO0847	SCO0847	1096270	Q9XA78			Basal machinery
SCO0848	SCO0848	1096271	Q9RCW3			Basal machinery
SCO0849	SCO0849	1096272	Q9RCW2			Basal machinery
SCO0850	SCO0850	1096273	Q9RCW1			Basal machinery
SCO0851	SCO0851	1096274	Q9RCW0			Basal machinery
SCO0853	SCO0853	1096276	Q9RCV8			Basal machinery
SCO0854	SCO0854	1096277	Q9RCV7			Basal machinery
SCO0856	SCO0856	1096279	Q9RCV5			Basal machinery
SCO0859	SCO0859	1096282	Q9RCV2			Basal machinery
SCO0860	SCO0860	1096283	Q9RCV1			Basal machinery
SCO0861	SCO0861	1096284	Q9RCV0			Basal machinery
SCO0862	SCO0862	1096285	Q9RCU9			Basal machinery
SCO0863	SCO0863	1096286	Q9RCU8			Basal machinery
SCO0864	SCO0864	1096287	Q9RCU7			Basal machinery
SCO0865	SCO0865	1096288	Q9RCU6			Basal machinery
SCO0866	SCO0866	1096289	Q9RCU5			Basal machinery
SCO0867	SCO0867	1096290	Q9RCU4			Basal machinery
SCO0869	SCO0869	1096292	Q9RD40			Basal machinery
SCO0870	SCO0870	1096293	Q9RD39			Basal machinery
SCO0871	SCO0871	1096294	Q9RD38			Basal machinery
SCO0872	SCO0872	1096295	Q9RD37			Basal machinery
SCO0876	SCO0876	1096299	Q9RD33			Basal machinery
SCO0877	SCO0877	1096300	Q9RD32			M16.1
SCO0878	SCO0878	1096301	Q9RD31			Basal machinery
SCO0879	SCO0879	1096302				Basal machinery
SCO0881	SCO0881	1096304	Q9RD29			Basal machinery
SCO0882	SCO0882	1096305	Q9RD28		hypothetical protein	Basal machinery
SCO0884	SCO0884	1096307	Q9RD26			Basal machinery
SCO0888	SCO0888	1096311	Q9RD22			M16.1
SCO0894	SCO0894	1096317	Q9RD16			Basal machinery
SCO0896	SCO0896	1096319	Q9RD15			Basal machinery
SCO0897	SCO0897	1096320	Q9RD14			Basal machinery
SCO0898	SCO0898	1096321	Q9RD13			Basal machinery
SCO0902	SCO0902	1096325	Q9RD09			Basal machinery
SCO0903	SCO0903	1096326	Q9RD08			Basal machinery
SCO0904	SCO0904	1096327	Q9RD07			Basal machinery
SCO0906	SCO0906	1096329	Q9RD05			Basal machinery
SCO0907	SCO0907	1096330	Q9RD04			Basal machinery
SCO0909	SCO0909	1096332	Q9RD02			Basal machinery
SCO0910	SCO0910	1096333	Q9RD01			Basal machinery
SCO0915	SCO0915	1096338	Q9RCZ5			Basal machinery
SCO0917	SCO0917	1096340	Q9RCZ3			Basal machinery
SCO0918	SCO0918	1096341	Q9RCZ2			Basal machinery
SCO0919	SCO0919	1096342	Q9RCZ1			Basal machinery
SCO0920	SCO0920	1096343	Q9RCZ0			Basal machinery
SCO0921	SCO0921	1096344	Q9RCY9			Basal machinery
SCO0922	SCO0922	1096345	Q9RCY8			Basal machinery
SCO0923	SCO0923	1096346	Q9RCY7			Basal machinery
SCO0924	SCO0924	1096347	Q9RCY6			Basal machinery
SCO0925	SCO0925	1096348	Q9RCY5			Basal machinery
SCO0926	SCO0926	1096349	Q9RCY4			Basal machinery
SCO0927	SCO0927	1096350	Q9RCY3			Basal machinery
SCO0929	SCO0929	1096352	Q9RCY1			Basal machinery
SCO0930	SCO0930	1096353	Q9RCY0			M5
SCO0931	SCO0931	1096354	Q9RCX9			Basal machinery
SCO0932	SCO0932	1096355	Q9RCX8			Basal machinery
SCO0933	SCO0933	1096356	Q9RCX7			Basal machinery
SCO0934	SCO0934	1096357	Q9RCX6			Basal machinery
SCO0935	SCO0935	1096358	Q9RCX5			Basal machinery
SCO0938	SCO0938	1096361	Q9RCX2			Basal machinery
SCO0941	SCO0941	1096364	Q9RCW9			Basal machinery
SCO0942	SCO0942	1096365	Q9RCW8			Basal machinery
SCO0943	SCO0943	1096366	Q9RCW7			Basal machinery
SCO0944	SCO0944	1096367	Q9RCW6			Basal machinery
SCO0946	SCO0946	1096369	Q8CK42			Basal machinery
SCO0947	SCO0947	1096370	Q9RIV9			Basal machinery
SCO0948	SCO0948	1096371	Q9RIV8			Basal machinery
SCO0949	SCO0949	1096372	Q9RIV7			Basal machinery
SCO0951	SCO0951	1096374	Q9RIV5			Basal machinery
SCO0954	SCO0954	1096377	Q9RIV2			Basal machinery
SCO0955	SCO0955	1096378	Q9RIV1			Basal machinery
SCO0957	SCO0957	1096380	Q9RIU9			Basal machinery
SCO0958	SCO0958	1096381	Q9RIU8			Basal machinery
SCO0962	SCO0962	1096385	Q7AKR1			Basal machinery
SCO0963	SCO0963	1096386	Q9RIU4			Basal machinery
SCO0966	SCO0966	1096389	Q9RIU1			Basal machinery
SCO0967	SCO0967	1096390	Q9RIU0			Basal machinery
SCO0968	SCO0968	1096391	Q9RIT9			Basal machinery
SCO0969	SCO0969	1096392	Q9RIT8			Basal machinery
SCO0970	SCO0970	1096393	Q9RIT7			Basal machinery
SCO0971	SCO0971	1096394	Q9RIT6			Basal machinery
SCO0973	SCO0973	1096396	Q9RIT4			Basal machinery
SCO0974	SCO0974	1096397	Q8CK41			Basal machinery
SCO0976	SCO0976	1096399	Q93J67			Basal machinery
SCO0982	SCO0982	1096405	Q93J62			Basal machinery
SCO0983	SCO0983	1096406	Q93J61			Basal machinery
SCO0984	SCO0984	1096407	Q93J60			Basal machinery
SCO0987	SCO0987	1096410	Q93J57			Basal machinery
SCO0989	SCO0989	1096412	Q9EX49			Basal machinery
SCO0990	SCO0990	1096413	Q9EX48			Basal machinery
SCO0991	SCO0991	1096414	Q9EX47			Basal machinery
SCO0992	SCO0992	1096415	Q9EX46			M16.1
SCO0993	SCO0993	1096416	Q9EX45			Basal machinery
SCO0997	SCO0997	1096420	Q9EX41			Basal machinery
SCO0999	SCO0999	1096422	Q7AKR0		superoxide dismutase	Intermodular
SCO1000	SCO1000	1096423	Q9EX39			Basal machinery
SCO1001	SCO1001	1096424	Q9EX38			Basal machinery
SCO1002	SCO1002	1096425	Q9EX37			Basal machinery
SCO1003	SCO1003	1096426	Q9EX36			Basal machinery
SCO1007	SCO1007	1096430	Q9EX33			Basal machinery
SCO1008	SCO1008	1096431	Q9EX32			Basal machinery
SCO1009	SCO1009	1096432	Q9EX31			Basal machinery
SCO1010	SCO1010	1096433	Q9EX30			Basal machinery
SCO1011	SCO1011	1096434	Q9EX29			Basal machinery
SCO1012	SCO1012	1096435	Q9EX28			Basal machinery
SCO1013	SCO1013	1096436	Q9EX27			Basal machinery
SCO1018	SCO1018	1096441	Q9EX22			Basal machinery
SCO1019	SCO1019	1096442	Q9EX21			Basal machinery
SCO1020	SCO1020	1096443	Q9EX20			Basal machinery
SCO1021	SCO1021	1096444	Q8CK40			Basal machinery
SCO1022	SCO1022	1096445	Q9K3N8			Basal machinery
SCO1023	SCO1023	1096446	Q9K3N7			Basal machinery
SCO1024	SCO1024	1096447	Q9K3N6			Basal machinery
SCO1025	SCO1025	1096448	Q9K3N5			Basal machinery
SCO1026	SCO1026	1096449	Q9K3N4			Basal machinery
SCO1027	SCO1027	1096450	Q9K3N3			Basal machinery
SCO1030	SCO1030	1096453	Q9K3N0			Basal machinery
SCO1038	SCO1038	1096461	Q9K3M2			Basal machinery
SCO1048	SCO1048	1096471	Q9K3L2			Basal machinery
SCO1050	SCO1050	1096473	Q9K3L0			Basal machinery
SCO1051	SCO1051	1096474	Q9K3K9			Basal machinery
SCO1052	SCO1052	1096475	Q9K3K8			Basal machinery
SCO1053	SCO1053	1096476	Q9K3K7			Basal machinery
SCO1054	SCO1054	1096477	Q9K3K6			Basal machinery
SCO1056	SCO1056	1096479	Q9K443			Basal machinery
SCO1057	SCO1057	1096480	Q9K442			Basal machinery
SCO1060	SCO1060	1096483	Q9K439			Basal machinery
SCO1061	SCO1061	1096484	Q9K438			Basal machinery
SCO1062	SCO1062	1096485	Q9K437			Basal machinery
SCO1063	SCO1063	1096486	Q9K436			Basal machinery
SCO1065	SCO1065	1096488	Q9K434			Basal machinery
SCO1066	SCO1066	1096489	Q9K433			Basal machinery
SCO1067	SCO1067	1096490	Q9K432			Basal machinery
SCO1072	SCO1072	1096495	Q9K427			Basal machinery
SCO1073	SCO1073	1096496	Q9K426			Basal machinery
SCO1075	SCO1075	1096498	Q9K424			Basal machinery
SCO1076	SCO1076	1096499	Q9K423			Basal machinery
SCO1077	SCO1077	1096500	Q9K422			Basal machinery
SCO1078	SCO1078	1096501	Q9K421			Basal machinery
SCO1081	SCO1081	1096504	Q9K418			Basal machinery
SCO1082	SCO1082	1096505	Q9K417			Basal machinery
SCO1083	SCO1083	1096506	Q9K416			Basal machinery
SCO1084	SCO1084	1096507	Q9K415			Basal machinery
SCO1085	SCO1085	1096508	Q9K3R3			Basal machinery
SCO1086	SCO1086	1096509	Q9K3R2			Basal machinery
SCO1087	SCO1087	1096510	Q9K3R1			Basal machinery
SCO1088	SCO1088	1096511	Q9K3R0			Basal machinery
SCO1090	SCO1090	1096513	Q9K3Q8			Basal machinery
SCO1091	SCO1091	1096514	Q9K3Q7			Basal machinery
SCO1092	SCO1092	1096515	Q9K3Q6			Basal machinery
SCO1094	SCO1094	1096517	Q9K3Q4			Basal machinery
SCO1100	SCO1100	1096523	Q9K3P8			Basal machinery
SCO1103	SCO1103	1096526	Q9K3P5			Basal machinery
SCO1104	SCO1104	1096527	Q9K3P4			M16.1
SCO1105	SCO1105	1096528	Q9K3P3			Basal machinery
SCO1109	SCO1109	1096532	Q9EX17			Basal machinery
SCO1113	SCO1113	1096536	Q9EX13			Basal machinery
SCO1116	SCO1116	1096539	Q9EX10			Basal machinery
SCO1119	SCO1119	1096542	Q9EX07			Basal machinery
SCO1121	SCO1121	1096544	Q9EX05			Basal machinery
SCO1122	SCO1122	1096545	Q9EX04			Basal machinery
SCO1123	SCO1123	1096546	Q9EX03			Basal machinery
SCO1124	SCO1124	1096547	Q9EX02			Basal machinery
SCO1125	SCO1125	1096548	Q9EX01			Basal machinery
SCO1126	SCO1126	1096549	Q9EX00			Basal machinery
SCO1127	SCO1127	1096550	Q9EWZ9			Basal machinery
SCO1128	SCO1128	1096551	Q9EWZ8			Basal machinery
SCO1129	SCO1129	1096552	Q9EWZ7			Basal machinery
SCO1130	SCO1130	1096553	Q9EWZ6			Basal machinery
SCO1131	SCO1131	1096554	Q9EWZ5			Basal machinery
SCO1132	SCO1132	1096555	Q9EWZ4		oxidoreductase	M19
SCO1133	SCO1133	1096556	Q9EWZ3		oxidoreductase, molybdopterin binding subunit	M19
SCO1134	SCO1134	1096557	Q9EWZ2		oxidoreductase, iron-sulphur binding subunit	M19
SCO1135	SCO1135	1096558	Q9EWZ1		TetR family transcriptional regulator	M19
SCO1137	SCO1137	1096560	Q9EWY9			Basal machinery
SCO1138	SCO1138	1096561	Q9EWY8			Basal machinery
SCO1142	SCO1142	1096565	Q9EWY4			Basal machinery
SCO1143	SCO1143	1096566	Q9EWY3			Basal machinery
SCO1144	SCO1144	1096567	Q9EWY2			Basal machinery
SCO1145	SCO1145	1096568	Q9EWY1			Basal machinery
SCO1146	SCO1146	1096569	Q9EWY0			Basal machinery
SCO1147	SCO1147	1096570	Q8CK38			M16.1
SCO1148	SCO1148	1096571	Q9KZJ7			Basal machinery
SCO1149	SCO1149	1096572	Q9KZJ6			Basal machinery
SCO1151	SCO1151	1096574	Q9KZJ4			Basal machinery
SCO1152	SCO1152	1096575	Q9KZJ3			Basal machinery
SCO1153	SCO1153	1096576	Q9KZJ2			Basal machinery
SCO1154	SCO1154	1096577	Q9KZJ1			Basal machinery
SCO1155	SCO1155	1096578	Q9KZJ0			Basal machinery
SCO1160	SCO1160	1096583	Q9KZI5			Basal machinery
SCO1163	SCO1163	1096586	Q9KZI2			Basal machinery
SCO1164	SCO1164	1096587	Q9KZI1			Basal machinery
SCO1165	SCO1165	1096588	Q9KZI0			Basal machinery
SCO1166	SCO1166	1096589	Q9KZH9			Basal machinery
SCO1167	SCO1167	1096590	Q8CK37			Basal machinery
SCO1168	SCO1168	1096591	Q9L0B9			Basal machinery
SCO1172	SCO1172	1096595	Q9RJZ8			Basal machinery
SCO1174	SCO1174	1096597	Q9RJZ6			Basal machinery
SCO1176	SCO1176	1096599	Q9RJZ4			Basal machinery
SCO1178	SCO1178	1096601	Q9RJZ2			M9
SCO1182	SCO1182	1096605	Q9RJY8			Basal machinery
SCO1184	SCO1184	1096607	Q9RJY6			Basal machinery
SCO1185	SCO1185	1096608	Q9RJY5			Basal machinery
SCO1186	SCO1186	1096609	Q9RJY4			Basal machinery
SCO1187	SCO1187	1096610	Q9RJY3			Basal machinery
SCO1188	SCO1188	1096611	Q9RJY2			Basal machinery
SCO1189	SCO1189	1096612	Q9RJY1			Basal machinery
SCO1190	SCO1190	1096613	Q9RJY0			Basal machinery
SCO1191	SCO1191	1096614	Q9RJX9			Basal machinery
SCO1192	SCO1192	1096615	Q9RJX8			Basal machinery
SCO1195	SCO1195	1096618	Q9RJX5			Basal machinery
SCO1196	SCO1196	1096619	Q9RJX4			Basal machinery
SCO1200	SCO1200	1096623	Q9RJX0			Basal machinery
SCO1204	SCO1204	1096627	Q9FCA9	gabD1		Basal machinery
SCO1205	SCO1205	1096628	Q9FCA8			Basal machinery
SCO1206	SCO1206	1096629	Q9FCA7			Basal machinery
SCO1208	SCO1208	1096631	Q9FCA5			Basal machinery
SCO1209	SCO1209	1096632	Q9FCA4			Basal machinery
SCO1210	SCO1210	1096633	Q9FCA3			Basal machinery
SCO1212	SCO1212	1096635	Q9FCA1			Basal machinery
SCO1213	SCO1213	1096636	Q9FCA0			Basal machinery
SCO1215	SCO1215	1096638	Q9FC98			Basal machinery
SCO1216	SCO1216	1096639	Q9FC97			Basal machinery
SCO1220	SCO1220	1096643	Q9FC93			Basal machinery
SCO1221	SCO1221	1096644	Q9FC92			Basal machinery
SCO1222	SCO1222	1096645	Q9FC91			M16.1
SCO1223	SCO1223	1096646	Q9FC90			Basal machinery
SCO1224	SCO1224	1096647	Q9FC89			Basal machinery
SCO1225	SCO1225	1096648	Q9FC88			Basal machinery
SCO1226	SCO1226	1096649	Q8CK35			Basal machinery
SCO1227	SCO1227	1096650	Q9FCE0			Basal machinery
SCO1240	SCO1240	1096663	Q9FCC7			Basal machinery
SCO1241	SCO1241	1096664	Q9FCC6			Basal machinery
SCO1242	SCO1242	1096665	Q9FCC5			Basal machinery
SCO1243	SCO1243	1096666	Q9FCC4			Basal machinery
SCO1247	SCO1247	1096670	Q9FCC0			Basal machinery
SCO1254	SCO1254	1096677	Q8CK34			Basal machinery
SCO1255	SCO1255	1096678	Q9K3I5			Basal machinery
SCO1257	SCO1257	1096680	Q9K3I3			Basal machinery
SCO1260	SCO1260	1096683	Q9K3I0			Basal machinery
SCO1266	SCO1266	1096689	Q9K3H4			Basal machinery
SCO1268	SCO1268	1096691	Q9K3H2			Basal machinery
SCO1271	SCO1271	1096694	Q9K3G9			Basal machinery
SCO1273	SCO1273	1096696	Q9K3G7			M16.1
SCO1275	SCO1275	1096698	Q9K3G5			Basal machinery
SCO1276	SCO1276	1096699	Q9K2W6		RNA polymerase ECF sigma factor	M16.1
SCO1277	SCO1277	1096700	Q9K3G4			Basal machinery
SCO1278	SCO1278	1096701	Q9K3G3			Basal machinery
SCO1281	SCO1281	1096704	Q9K3G0			Basal machinery
SCO1284	SCO1284	1096707	Q9K3F7			Basal machinery
SCO1286	SCO1286	1096709	Q9K3F5			Basal machinery
SCO1287	SCO1287	1096710	Q9K3F4			Basal machinery
SCO1288	SCO1288	1096711	Q9K3F3			Basal machinery
SCO1289	SCO1289	1096712	Q9K3F2			Basal machinery
SCO1290	SCO1290	1096713	Q8CK33			Basal machinery
SCO1293	SCO1293	1096716	Q93IX7			Basal machinery
SCO1294	SCO1294	1096717	Q93IX6			Basal machinery
SCO1296	SCO1296	1096719	Q93IX4			Basal machinery
SCO1297	SCO1297	1096720	Q93IX3			Basal machinery
SCO1298	SCO1298	1096721	Q93IX2			Basal machinery
SCO1299	SCO1299	1096722	Q93IX1			Basal machinery
SCO1300	SCO1300	1096723	Q93IX0			Basal machinery
SCO1301	SCO1301	1096724	Q93IW9			Basal machinery
SCO1302	SCO1302	1096725	Q93IW8			Basal machinery
SCO1304	SCO1304	1096727	Q93IW6			Basal machinery
SCO1305	SCO1305	1096728	Q93IW5			Basal machinery
SCO1306	SCO1306	1096729	Q93IW4			Basal machinery
SCO1307	SCO1307	1096730	Q93IW3			Basal machinery
SCO1308	SCO1308	1096731	Q93IW2			Basal machinery
SCO1311	SCO1311	1096734	Q93IV9			Basal machinery
SCO1314	SCO1314	1096737	Q93IV6			Basal machinery
SCO1317	SCO1317	1096740	Q93IV3			Basal machinery
SCO1318	SCO1318	1096741	Q93IV2			Basal machinery
SCO1322	SCO1322	1096745	Q9K411			Basal machinery
SCO1323	SCO1323	1096746	Q9K410			Basal machinery
SCO1325	SCO1325	1096748	Q9K408			Basal machinery
SCO1327	SCO1327	1096750	Q9K406			Basal machinery
SCO1328	SCO1328	1096751	Q9K405			Basal machinery
SCO1329	SCO1329	1096752	Q9K404			Basal machinery
SCO1330	SCO1330	1096753	Q9K403			Basal machinery
SCO1331	SCO1331	1096754	Q9K402			Basal machinery
SCO1333	SCO1333	1096756	Q9K400			Basal machinery
SCO1334	SCO1334	1096757	Q9K3Z9			Basal machinery
SCO1335	SCO1335	1096758	Q9K3Z8			Basal machinery
SCO1336	SCO1336	1096759	Q9K3Z7			Basal machinery
SCO1340	SCO1340	1096763	Q9K3Z3			Basal machinery
SCO1341	SCO1341	1096764	Q9K3Z2			Basal machinery
SCO1345	SCO1345	1096768	Q9K3Y8			Basal machinery
SCO1346	SCO1346	1096769	Q9K3Y7			Basal machinery
SCO1347	SCO1347	1096770	Q9K3Y6			Basal machinery
SCO1354	SCO1354	1096777	Q9K3Y0			Basal machinery
SCO1356	SCO1356	1096779	Q9K3X8			M5
SCO1357	SCO1357	1096780	Q9K3X7			Basal machinery
SCO1358	SCO1358	1096781	Q9K3X6			Basal machinery
SCO1360	SCO1360	1096783	Q9AKA2			Basal machinery
SCO1361	SCO1361	1096784	Q9AKA1			Basal machinery
SCO1364	SCO1364	1096787	Q9AK98			Basal machinery
SCO1365	SCO1365	1096788	Q9AK97			Basal machinery
SCO1366	SCO1366	1096789	Q9AK96			Basal machinery
SCO1367	SCO1367	1096790	Q9AK95			Basal machinery
SCO1368	SCO1368	1096791	Q9AK94			Basal machinery
SCO1369	SCO1369	1096792	Q9AK93			Basal machinery
SCO1370	SCO1370	1096793	Q9AK92			Basal machinery
SCO1371	SCO1371	1096794	Q9AK91			Basal machinery
SCO1373	SCO1373	1096796	Q9AK89			Basal machinery
SCO1374	SCO1374	1096797	Q9AK88			Basal machinery
SCO1375	SCO1375	1096798	Q9AK87			Basal machinery
SCO1376	SCO1376	1096799	Q9AK86			Basal machinery
SCO1377	SCO1377	1096800	Q9AK85			Basal machinery
SCO1379	SCO1379	1096802	Q9AK83			Basal machinery
SCO1381	SCO1381	1096804	Q8CK30			Basal machinery
SCO1382	SCO1382	1096805	Q9KZQ0			Basal machinery
SCO1383	SCO1383	1096806	Q9KZP9			Basal machinery
SCO1384	SCO1384	1096807	Q9KZP8			Basal machinery
SCO1385	SCO1385	1096808	Q9KZP7			Basal machinery
SCO1386	SCO1386	1096809	Q9KZP6			Basal machinery
SCO1388	SCO1388	1096811	Q9KZP4			Basal machinery
SCO1389	SCO1389	1096812	Q9KZP3			Basal machinery
SCO1390	SCO1390	1096816	Q9KZP2		PTS system sugar phosphotransferase component IIA	Basal machinery
SCO1392	SCO1392	1096818	Q9KZP0			Basal machinery
SCO1393	SCO1393	1096819	Q9KZN9			Basal machinery
SCO1394	SCO1394	1096820	Q9KZN8			Basal machinery
SCO1395	SCO1395	1096821	Q9KZN7			Basal machinery
SCO1397	SCO1397	1096823	Q9KZN5			Basal machinery
SCO1398	SCO1398	1096824	Q9KZN4			Basal machinery
SCO1399	SCO1399	1096825	Q9KZN3			Basal machinery
SCO1400	SCO1400	1096826	Q9KZN2			Basal machinery
SCO1401	SCO1401	1096827	Q9KZN1			Basal machinery
SCO1402	SCO1402	1096828	Q9KZN0			Basal machinery
SCO1403	SCO1403	1096829	Q9KZM9			Basal machinery
SCO1404	SCO1404	1096830	Q9KZM8			Basal machinery
SCO1405	SCO1405	1096831	Q9KZM7			Basal machinery
SCO1406	SCO1406	1096832	Q9KZM6			Basal machinery
SCO1407	SCO1407	1096833	Q8CK29			Basal machinery
SCO1410	SCO1410	1096836	Q9RKW9			Basal machinery
SCO1411	SCO1411	1096837	Q9RKX0			Basal machinery
SCO1412	SCO1412	1096838	Q9RKX1			Basal machinery
SCO1413	SCO1413	1096839	Q9RKX2			Basal machinery
SCO1415	SCO1415	1096841	Q9RKX4			Basal machinery
SCO1416	SCO1416	1096842	Q9RKX5			Basal machinery
SCO1418	SCO1418	1096844	Q9RKX7			Basal machinery
SCO1419	SCO1419	1096845	Q9RKX8			M16.1
SCO1422	SCO1422	1096848	Q9RKY1			Basal machinery
SCO1423	SCO1423	1096849	Q9RKY2			Basal machinery
SCO1425	SCO1425	1096851	Q9RKY4			Basal machinery
SCO1426	SCO1426	1096852	Q9RKY5			Basal machinery
SCO1427	SCO1427	1096853	Q9RKY6			Basal machinery
SCO1428	SCO1428	1096854	Q9RKY7			Basal machinery
SCO1429	SCO1429	1096855	Q7AKQ9			Basal machinery
SCO1430	SCO1430	1096856	Q9RKY8			Basal machinery
SCO1431	SCO1431	1096857	Q9RKY9			Basal machinery
SCO1432	SCO1432	1096858	Q9RKZ0			Basal machinery
SCO1433	SCO1433	1096859	Q9RKZ1			Basal machinery
SCO1434	SCO1434	1096860	Q9RKZ2			Basal machinery
SCO1435	SCO1435	1096861	Q9RKZ3			Basal machinery
SCO1436	SCO1436	1096862	Q9RKZ4			Basal machinery
SCO1442	SCO1442	1096868	Q9EWJ7			Basal machinery
SCO1443	SCO1443	1096869	Q9EWJ6			Basal machinery
SCO1444	SCO1444	1096870	Q9L115			Basal machinery
SCO1448	SCO1448	1096874	Q9L111			Basal machinery
SCO1452	SCO1452	1096878	Q9L107			Basal machinery
SCO1454	SCO1454	1096880	Q9L105			Basal machinery
SCO1455	SCO1455	1096881	Q9L104			Basal machinery
SCO1456	SCO1456	1096882	Q9L103			Basal machinery
SCO1457	SCO1457	1096883	Q9L102			Basal machinery
SCO1459	SCO1459	1096885	Q9L100			Basal machinery
SCO1461	SCO1461	1096887	Q9L0Z8			Basal machinery
SCO1463	SCO1463	1096889	Q9L0Z6			Basal machinery
SCO1467	SCO1467	1096893	Q9L0Z2			Basal machinery
SCO1469	SCO1469	1096895	Q9L0Z0			Basal machinery
SCO1470	SCO1470	1096896	Q9L0Y9			Basal machinery
SCO1471	SCO1471	1096897	Q9L0Y8			Basal machinery
SCO1472	SCO1472	1096898	Q9L0Y7			Basal machinery
SCO1474	SCO1474	1096900	Q9L0Y5			Basal machinery
SCO1480	SCO1480	1096906	Q9KXR9			M16.1
SCO1485	SCO1485	1096911	Q9KXR4			Basal machinery
SCO1489	SCO1489	1096915	Q7AKQ8		DNA-binding protein	M16.1
SCO1492	SCO1492	1096918	Q9KXQ8			Basal machinery
SCO1498	SCO1498	1096924	Q9KXQ2	aroE		Basal machinery
SCO1499	SCO1499	1096925	Q9KXQ1			Basal machinery
SCO1500	SCO1500	1096926	Q9KXQ0			Basal machinery
SCO1502	SCO1502	1096928	Q9KXP8			Basal machinery
SCO1503	SCO1503	1096929	Q9KXP7			Basal machinery
SCO1504	SCO1504	1096930	Q9KXP6			Basal machinery
SCO1507	SCO1507	1096933	Q9KXP3			Basal machinery
SCO1509	SCO1509	1096935	Q9KXP1			Basal machinery
SCO1510	SCO1510	1096936	Q9KXP0			Basal machinery
SCO1517	SCO1517	1096943	Q9L292			Basal machinery
SCO1521	SCO1521	1096947	Q9L288			Basal machinery
SCO1525	SCO1525	1096951	Q9L284			Basal machinery
SCO1526	SCO1526	1096952	Q9L283			Basal machinery
SCO1527	SCO1527	1096953	Q9L282			Basal machinery
SCO1528	SCO1528	1096954	Q9L281			Basal machinery
SCO1529	SCO1529	1096955	Q9L280			Basal machinery
SCO1533	SCO1533	1096959	Q9L276			Basal machinery
SCO1534	SCO1534	1096960	Q9L275			Basal machinery
SCO1535	SCO1535	1096961	Q9L274			Basal machinery
SCO1537	SCO1537	1096963	Q9L272			Basal machinery
SCO1538	SCO1538	1096964	Q9L271			Basal machinery
SCO1539	SCO1539	1096965	Q9L270			Basal machinery
SCO1541	SCO1541	1096967	Q9L268		regulator	Intermodular
SCO1543	SCO1543	1096969	Q9L266			Basal machinery
SCO1544	SCO1544	1096970	Q9L265			Basal machinery
SCO1545	SCO1545	1096971	Q8CK25			Basal machinery
SCO1546	SCO1546	1096972	Q9L1D6			Basal machinery
SCO1547	SCO1547	1096973	Q9L1D5			Basal machinery
SCO1548	SCO1548	1096979	Q9L1D4			Basal machinery
SCO1549	SCO1549	1096980	Q9L1D3			Basal machinery
SCO1550	SCO1550	1096981	Q9L1D2			Basal machinery
SCO1551	SCO1551	1096982	Q9L1D1			Basal machinery
SCO1552	SCO1552	1096983	Q9L1D0			Basal machinery
SCO1553	SCO1553	1096984	Q9L1C9			Basal machinery
SCO1554	SCO1554	1096985	Q9L1C8			Basal machinery
SCO1556	SCO1556	1096987	Q9L1C6			Basal machinery
SCO1557	SCO1557	1096988	Q9L1C5			Basal machinery
SCO1560	SCO1560	1096991	Q9L1C2			Basal machinery
SCO1561	SCO1561	1096992	Q9L1C1			Basal machinery
SCO1562	SCO1562	1096993	Q9L1C0			Basal machinery
SCO1563	SCO1563	1096994	Q9L1B9			Basal machinery
SCO1565	SCO1565	1096996	Q8CJI8		glycerophosphoryl diester phosphodiesterase	M16.1
SCO1566	SCO1566	1096997	Q9L1B5			Basal machinery
SCO1568	SCO1568	1096999	Q9L1B3		TetR family transcriptional regulator	M21
SCO1569	SCO1569	1097000	Q9L1B2			Basal machinery
SCO1571	SCO1571	1097002	Q9L1B0			Basal machinery
SCO1572	SCO1572	1097003	Q9L1A9			Basal machinery
SCO1573	SCO1573	1097004	Q9L1A8			Basal machinery
SCO1574	SCO1574	1097005	Q9L1A7			Basal machinery
SCO1575	SCO1575	1097006	Q9L1A6			Basal machinery
SCO1581	SCO1581	1097012	O88041			Basal machinery
SCO1582	SCO1582	1097013	O88042			Basal machinery
SCO1583	SCO1583	1097014	O88043			Basal machinery
SCO1588	SCO1588	1097019	O88048			Basal machinery
SCO1589	SCO1589	1097020	O88049			Basal machinery
SCO1590	SCO1590	1097021	O88050			Basal machinery
SCO1591	SCO1591	1097022	O88051			Basal machinery
SCO1592	SCO1592	1097023	O88052			Basal machinery
SCO1593	SCO1593	1097024	O88053			Basal machinery
SCO1596	SCO1596	1097027	O88056			Basal machinery
SCO1597	SCO1597	1097028	O88057			Basal machinery
SCO1601	SCO1601	1097032	O88061			Basal machinery
SCO1602	SCO1602	1097033	O88062			Basal machinery
SCO1603	SCO1603	1097034				Basal machinery
SCO1606	SCO1606	1097037	O88063			Basal machinery
SCO1612	SCO1612	1097043	O88069			Basal machinery
SCO1613	SCO1613	1097044	O88070			M27
SCO1614	SCO1614	1097045	O88071			M27
SCO1616	SCO1616	1097047	O88073			Basal machinery
SCO1617	SCO1617	1097048	O88074			Basal machinery
SCO1618	SCO1618	1097049	Q8CK23			Basal machinery
SCO1619	SCO1619	1097050	Q9RJ82			M16.1
SCO1620	SCO1620	1097051	Q9RJ81			Basal machinery
SCO1621	SCO1621	1097052	Q9RJ80			Basal machinery
SCO1623	SCO1623	1097054	Q9RJ78			Basal machinery
SCO1626	SCO1626	1097057	Q9RJ75			Basal machinery
SCO1627	SCO1627	1097058	Q9RJ74			Basal machinery
SCO1628	SCO1628	1097059	Q9RJ73			Basal machinery
SCO1629	SCO1629	1097060	Q9RJ72			Basal machinery
SCO1630	SCO1630	1097061	Q9RJ71			Basal machinery
SCO1631	SCO1631	1097062	Q9RJ70			Basal machinery
SCO1634	SCO1634	1097065	Q9RJ67			Basal machinery
SCO1635	SCO1635	1097066	Q9RJ66			Basal machinery
SCO1636	SCO1636	1097067	Q9RJ65			Basal machinery
SCO1638	SCO1638	1097069	Q9RJ63			Basal machinery
SCO1639	SCO1639	1097070	Q9RJ62			Basal machinery
SCO1641	SCO1641	1097072	Q9RJ60			Basal machinery
SCO1642	SCO1642	1097073	O87600			Basal machinery
SCO1645	SCO1645	1097076	Q9RJ59			Basal machinery
SCO1647	SCO1647	1097078	O87595			Basal machinery
SCO1649	SCO1649	1097080	O87593			Basal machinery
SCO1651	SCO1651	1097082	Q9RJ57			Basal machinery
SCO1653	SCO1653	1097084	Q9RJ55			Basal machinery
SCO1654	SCO1654	1097085	Q9RJ54			Basal machinery
SCO1655	SCO1655	1097086	Q9RJ53			Basal machinery
SCO1656	SCO1656	1097087	Q9EWH4			Basal machinery
SCO1657	SCO1657	1097088	Q9EWH3			Basal machinery
SCO1661	SCO1661	1097092	Q9ADA6		glycerol-3-phosphate dehydrogenase	M29
SCO1662	SCO1662	1097093	Q9ADA5		hypothetical protein	M29
SCO1664	SCO1664	1097095	Q9ADA3			Basal machinery
SCO1665	SCO1665	1097096	Q9ADA2			Basal machinery
SCO1666	SCO1666	1097097	Q9ADA1			Basal machinery
SCO1668	SCO1668	1097099	Q9AD99			Basal machinery
SCO1672	SCO1672	1097103	Q9AD95			Basal machinery
SCO1673	SCO1673	1097104	Q9AD94			Basal machinery
SCO1674	SCO1674	1097105	Q9AD93			M16.1
SCO1675	SCO1675	1097106	Q9AD92			M16.1
SCO1676	SCO1676	1097107	Q9AD91			Basal machinery
SCO1677	SCO1677	1097108	Q9AD90			Basal machinery
SCO1678	SCO1678	1097109	Q9AD89			M35
SCO1679	SCO1679	1097110	Q9AD88			M35
SCO1680	SCO1680	1097111	Q8CK22			M35
SCO1681	SCO1681	1097112	Q9S271			M35
SCO1682	SCO1682	1097113	Q9S270			Basal machinery
SCO1684	SCO1684	1097115	Q9S268			Basal machinery
SCO1686	SCO1686	1097117	Q9S266			Basal machinery
SCO1687	SCO1687	1097118	Q9S265			Basal machinery
SCO1688	SCO1688	1097119	Q9S264			Basal machinery
SCO1689	SCO1689	1097120	Q9S263			Basal machinery
SCO1690	SCO1690	1097121	Q9S262			Basal machinery
SCO1694	SCO1694	1097125	Q9S258			Basal machinery
SCO1695	SCO1695	1097126	Q9S257			Basal machinery
SCO1697	SCO1697	1097128	Q9S255			M9
SCO1698	SCO1698	1097129	Q9S254			Basal machinery
SCO1700	SCO1700	1097131	Q9S252			M12
SCO1707	SCO1707	1097138	Q9S245			Basal machinery
SCO1708	SCO1708	1097139	Q9S244			Basal machinery
SCO1709	SCO1709	1097140	Q9S243			Basal machinery
SCO1710	SCO1710	1097141	Q9S242			Basal machinery
SCO1711	SCO1711	1097142	Q9S241			Basal machinery
SCO1712	SCO1712	1097143	Q8CK21			M16.1
SCO1718	SCO1718	1097149	Q9S2B2			Basal machinery
SCO1721	SCO1721	1097152	Q9S2A9			Basal machinery
SCO1722	SCO1722	1097153	Q9S2A8			Basal machinery
SCO1723	SCO1723	1097154	Q9S2A7			Basal machinery
SCO1724	SCO1724	1097155	Q9S2A6			Basal machinery
SCO1726	SCO1726	1097157	Q9S2A4			Basal machinery
SCO1729	SCO1729	1097160	Q9S2A1			Basal machinery
SCO1730	SCO1730	1097161	Q9S2A0			Basal machinery
SCO1732	SCO1732	1097163	Q9S298			Basal machinery
SCO1733	SCO1733	1097164	Q9S297			Basal machinery
SCO1738	SCO1738	1097169	Q9S292			Basal machinery
SCO1739	SCO1739	1097170	Q9S291			Basal machinery
SCO1740	SCO1740	1097171	Q9S290			Basal machinery
SCO1741	SCO1741	1097172	Q9S289			Basal machinery
SCO1743	SCO1743	1097174	Q9S287			Basal machinery
SCO1748	SCO1748	1097179	Q8CK20			Basal machinery
SCO1751	SCO1751	1097182	Q9EWX5			Basal machinery
SCO1752	SCO1752	1097183	Q9EWX4			Basal machinery
SCO1753	SCO1753	1097184	Q9EWX3			M16.1
SCO1754	SCO1754	1097185	Q9EWX2			Basal machinery
SCO1755	SCO1755	1097186	Q9EWX1			Basal machinery
SCO1756	SCO1756	1097187	Q9EWX0			Basal machinery
SCO1759	SCO1759	1097190	Q9EWW7			Basal machinery
SCO1761	SCO1761	1097192	Q8CK19			Basal machinery
SCO1762	SCO1762	1097193	Q9S238			Basal machinery
SCO1763	SCO1763	1097194	Q9S237			Basal machinery
SCO1764	SCO1764	1097195	Q9S236			Basal machinery
SCO1765	SCO1765	1097196	Q9S235			Basal machinery
SCO1767	SCO1767	1097198	Q9S233			Basal machinery
SCO1768	SCO1768	1097199	Q9S232			Basal machinery
SCO1770	SCO1770	1097201	Q9S230			Basal machinery
SCO1771	SCO1771	1097202	Q9S229			Basal machinery
SCO1772	SCO1772	1097203	Q9S228			Basal machinery
SCO1773	SCO1773	1097204	Q9S227			Basal machinery
SCO1775	SCO1775	1097206	Q9S225			Basal machinery
SCO1777	SCO1777	1097208	Q9S223			Basal machinery
SCO1782	SCO1782	1097213	Q9S218			Basal machinery
SCO1783	SCO1783	1097214	Q9S217			Basal machinery
SCO1784	SCO1784	1097215	Q9S216			Basal machinery
SCO1785	SCO1785	1097216	Q9S215			Basal machinery
SCO1786	SCO1786	1097217	Q9S214			Basal machinery
SCO1791	SCO1791	1097222	Q9S209			Basal machinery
SCO1792	SCO1792	1097226	Q9S208			Basal machinery
SCO1793	SCO1793	1097227	Q8CK18			Basal machinery
SCO1794	SCO1794	1097228	Q9X9Z8			Basal machinery
SCO1795	SCO1795	1097229	Q9X9Z7			Basal machinery
SCO1796	SCO1796	1097230	Q9X9Z6			Basal machinery
SCO1797	SCO1797	1097231	Q9X9Z5			Basal machinery
SCO1798	SCO1798	1097232	Q9X9Z4			Basal machinery
SCO1799	SCO1799	1097233	Q9X9Z3			Basal machinery
SCO1800	SCO1800	1097234	Q9X9Z2			M16.1
SCO1801	SCO1801	1097235	Q9X9Z1			Basal machinery
SCO1802	SCO1802	1097236	Q8CK17			Basal machinery
SCO1803	SCO1803	1097237	Q9AJX4			Basal machinery
SCO1804	SCO1804	1097238	Q9AJX3			Basal machinery
SCO1808	SCO1808	1097242	Q9S281			Basal machinery
SCO1809	SCO1809	1097243	Q9S280			Basal machinery
SCO1810	SCO1810	1097244	Q9S279			Basal machinery
SCO1811	SCO1811	1097245	Q9S278			Basal machinery
SCO1812	SCO1812	1097246	Q9S277			Basal machinery
SCO1813	SCO1813	1097247	Q9S276			Basal machinery
SCO1814	SCO1814	1097248	Q9S275			Basal machinery
SCO1815	SCO1815	1097249	Q9S274			Basal machinery
SCO1816	SCO1816	1097250	Q8CK16			Basal machinery
SCO1817	SCO1817	1097251	Q9RJ51			Basal machinery
SCO1819	SCO1819	1097253	Q9RJ49			Basal machinery
SCO1820	SCO1820	1097254	Q9RJ48			Basal machinery
SCO1822	SCO1822	1097256	Q9RJ46			Basal machinery
SCO1823	SCO1823	1097257	Q9RJ45			Basal machinery
SCO1824	SCO1824	1097258	Q9RJ44			Basal machinery
SCO1825	SCO1825	1097259	Q9RJ43			Basal machinery
SCO1826	SCO1826	1097260	Q9RJ42			Basal machinery
SCO1828	SCO1828	1097262	Q9RJ40			Basal machinery
SCO1829	SCO1829	1097263	Q9RJ39			Basal machinery
SCO1831	SCO1831	1097265	Q9RJ37			Basal machinery
SCO1832	SCO1832	1097266	Q9RJ36			Basal machinery
SCO1834	SCO1834	1097268	Q9RJ34			Basal machinery
SCO1835	SCO1835	1097269	Q9RJ33			Basal machinery
SCO1836	SCO1836	1097270	Q9RJ32			Basal machinery
SCO1837	SCO1837	1097271	Q9RJ31			Basal machinery
SCO1839	SCO1839	1097273	Q9RJ29			M16.1
SCO1840	SCO1840	1097274	Q9RJ28			Basal machinery
SCO1841	SCO1841	1097275	Q9RJ27			Basal machinery
SCO1844	SCO1844	1097278	Q9RJ24			Basal machinery
SCO1845	SCO1845	1097279	Q9RJ23			Basal machinery
SCO1849	SCO1849	1097283	Q9RJ19	cobN		Basal machinery
SCO1850	SCO1850	1097284	Q9RJ18			Basal machinery
SCO1851	SCO1851	1097285	Q9RJ17			Basal machinery
SCO1853	SCO1853	1097287	Q9RJ15			Basal machinery
SCO1858	SCO1858	1097292	Q93RW8			Basal machinery
SCO1860	SCO1860	1097294	Q93RW6			Basal machinery
SCO1861	SCO1861	1097295	Q93RW5			Basal machinery
SCO1862	SCO1862	1097296	Q93RW4			Basal machinery
SCO1863	SCO1863	1097297	Q93RW3		hypothetical protein	M16.1
SCO1868	SCO1868	1097302	Q93RV8			Basal machinery
SCO1869	SCO1869	1097303	Q93RV7			Basal machinery
SCO1871	SCO1871	1097305	Q93RV5			Basal machinery
SCO1872	SCO1872	1097306	Q93RV4			Basal machinery
SCO1875	SCO1875	1097309	Q93RV1			Basal machinery
SCO1876	SCO1876	1097310	Q93RV0			Basal machinery
SCO1878	SCO1878	1097312	Q93RU8			Basal machinery
SCO1879	SCO1879	1097313	Q93RU7			Basal machinery
SCO1880	SCO1880	1097314	Q93RU6			Basal machinery
SCO1881	SCO1881	1097315	Q93RU5			Basal machinery
SCO1883	SCO1883	1097317	Q8CK14			Basal machinery
SCO1884	SCO1884	1097318	Q9X9Y8			Basal machinery
SCO1885	SCO1885	1097319	Q9X9Y7			Basal machinery
SCO1886	SCO1886	1097320	Q9X9Y6			Basal machinery
SCO1887	SCO1887	1097321	Q9X9Y5			Basal machinery
SCO1888	SCO1888	1097322	Q9X9Y4			Basal machinery
SCO1890	SCO1890	1097324	Q9X9Y2			Basal machinery
SCO1892	SCO1892	1097326	Q9X9Y0			Basal machinery
SCO1896	SCO1896	1097330	Q9X9X6			Basal machinery
SCO1897	SCO1897	1097331	Q9X9X5			Basal machinery
SCO1898	SCO1898	1097332	Q9X9X4			Basal machinery
SCO1899	SCO1899	1097333	Q9X9X3			Basal machinery
SCO1900	SCO1900	1097334	Q9X9X2			Basal machinery
SCO1901	SCO1901	1097335	Q9X9X1			Basal machinery
SCO1902	SCO1902	1097336	Q9X9X0			Basal machinery
SCO1903	SCO1903	1097337	Q9X9W9			Basal machinery
SCO1905	SCO1905	1097339	Q9X9W7			Basal machinery
SCO1906	SCO1906	1097340	Q9X9W6			Basal machinery
SCO1907	SCO1907	1097341	Q9X9W5			Basal machinery
SCO1908	SCO1908	1097342	Q9X9W4			Basal machinery
SCO1909	SCO1909	1097343	Q9X9W3			M9
SCO1910	SCO1910	1097344	Q9X9W2			Basal machinery
SCO1911	SCO1911	1097345	Q9X9W1			Basal machinery
SCO1913	SCO1913	1097347	Q9X9V9			Basal machinery
SCO1914	SCO1914	1097348	Q9X9V8			Basal machinery
SCO1919	SCO1919	1097353	Q8CK13			Basal machinery
SCO1920	SCO1920	1097354	Q9XAD6			Basal machinery
SCO1925	SCO1925	1097359	Q9XAD1			Basal machinery
SCO1928	SCO1928	1097362	Q9XAC8			Basal machinery
SCO1930	SCO1930	1097364	Q9XAC6			Basal machinery
SCO1932	SCO1932	1097366	Q9XAC4			Basal machinery
SCO1933	SCO1933	1097367	Q9XAC3			Basal machinery
SCO1935	SCO1935	1097369	Q9XAC1			Basal machinery
SCO1938	SCO1938	1097372	Q9XAB8			Basal machinery
SCO1940	SCO1940	1097374	Q9XAB6			Basal machinery
SCO1948	SCO1948	1097382	Q9Z517			Basal machinery
SCO1955	SCO1955	1097389	Q9Z510			Basal machinery
SCO1957	SCO1957	1097391	Q9Z508			Basal machinery
SCO1959	SCO1959	1097393	Q9Z506			Basal machinery
SCO1960	SCO1960	1097394	Q9Z505			Basal machinery
SCO1963	SCO1963	1097397	Q9Z503			Basal machinery
SCO1965	SCO1965	1097399	Q9Z501			Basal machinery
SCO1967	SCO1967	1097401	Q93JJ4			Basal machinery
SCO1968	SCO1968	1097402	Q93JJ3		secreted hydrolase	Basal machinery
SCO1974	SCO1974	1097408				Basal machinery
SCO1978	SCO1978	1097412	Q93JI4			Basal machinery
SCO1980	SCO1980	1097414	Q93JI2			Basal machinery
SCO1981	SCO1981	1097415	Q93JI1			Basal machinery
SCO1982	SCO1982	1097416	Q93JI0			Basal machinery
SCO1983	SCO1983	1097417	Q93JH9			Basal machinery
SCO1984	SCO1984	1097418	Q93JH8			Basal machinery
SCO1985	SCO1985	1097419	Q93JH7			Basal machinery
SCO1986	SCO1986	1097420	Q93JH6			Basal machinery
SCO1987	SCO1987	1097421	Q8CK10			Basal machinery
SCO1988	SCO1988	1097422	Q9S2L5			Basal machinery
SCO1989	SCO1989	1097423	Q9S2L4			Basal machinery
SCO1990	SCO1990	1097424	Q9S2L3			Basal machinery
SCO1991	SCO1991	1097425	Q9S2L2			Basal machinery
SCO1992	SCO1992	1097426	Q9S2L1			Basal machinery
SCO1993	SCO1993	1097427	Q9S2L0			Basal machinery
SCO1994	SCO1994	1097428	Q9S2K9			Basal machinery
SCO1995	SCO1995	1097429	Q9S2K8		hypothetical protein	Basal machinery
SCO1997	SCO1997	1097431	Q9S2K6		hypothetical protein	Basal machinery
SCO1998	SCO1998	1097432	Q9S2K5	rpsA		Basal machinery
SCO1999	SCO1999	1097433	Q9S2K4			Basal machinery
SCO2003	SCO2003	1097437	Q9S2K0			Basal machinery
SCO2004	SCO2004	1097438	Q9S2J9			Basal machinery
SCO2005	SCO2005	1097439	Q9S2J8			Basal machinery
SCO2006	SCO2006	1097440	Q9S2J7			Basal machinery
SCO2007	SCO2007	1097441	Q9S2J6			Basal machinery
SCO2008	SCO2008	1097442	Q9S2J5			Basal machinery
SCO2009	SCO2009	1097443	Q9S2J4			Basal machinery
SCO2010	SCO2010	1097444	Q9S2J3			Basal machinery
SCO2011	SCO2011	1097445	Q9S2J2			Basal machinery
SCO2012	SCO2012	1097446	Q9S2J1			Basal machinery
SCO2013	SCO2013	1097447	Q9S2J0			Basal machinery
SCO2014	SCO2014	1097448	Q9S2I9			M16.1
SCO2015	SCO2015	1097449	Q9S2I8			Basal machinery
SCO2016	SCO2016	1097450	Q9S2I7			Basal machinery
SCO2017	SCO2017	1097451	Q9S2I6			Basal machinery
SCO2018	SCO2018	1097452	Q9S2I5			Basal machinery
SCO2024	SCO2024	1097458	Q9S2Z1			Basal machinery
SCO2025	SCO2025	1097459	Q9S2Z0	gltD	glutamate synthase subunit beta	M16.1
SCO2026	SCO2026	1097460	Q9S2Y9		glutamate synthase large subunit	M16.1
SCO2027	SCO2027	1097461	Q9S2Y8			Basal machinery
SCO2028	SCO2028	1097462	Q9S2Y7			Basal machinery
SCO2029	SCO2029	1097463	Q9S2Y6			Basal machinery
SCO2030	SCO2030	1097464	Q9S2Y5			Basal machinery
SCO2031	SCO2031	1097465	Q9S2Y4			Basal machinery
SCO2032	SCO2032	1097466	Q9S2Y3			Basal machinery
SCO2033	SCO2033	1097467	Q9S2U9			Basal machinery
SCO2035	SCO2035	1097469	Q9S2U7			Basal machinery
SCO2038	SCO2038	1097472	Q7AKP9			Basal machinery
SCO2041	SCO2041	1097475	Q9S2U4			Basal machinery
SCO2042	SCO2042	1097476	Q9S2U3			Basal machinery
SCO2043	SCO2043	1097477	Q9S2U2			Basal machinery
SCO2045	SCO2045	1097479	Q9S2U0			Basal machinery
SCO2046	SCO2046	1097480	Q9S2T9			Basal machinery
SCO2049	SCO2049	1097483	P16251			Basal machinery
SCO2055	SCO2055	1097489	Q9S2T4			Basal machinery
SCO2056	SCO2056	1097490	Q9S2T3			Basal machinery
SCO2059	SCO2059	1097493	Q9S2T0			Basal machinery
SCO2060	SCO2060	1097494	Q9S2S9			Basal machinery
SCO2061	SCO2061	1097495	Q9S2S8			Basal machinery
SCO2062	SCO2062	1097496	Q9S2S7			Basal machinery
SCO2063	SCO2063	1097497	Q9S2S6			Basal machinery
SCO2065	SCO2065	1097499	Q9S2S5			Basal machinery
SCO2066	SCO2066	1097500	Q9S2S4			Basal machinery
SCO2067	SCO2067	1097501	Q9S2S3			Basal machinery
SCO2068	SCO2068	1097502	Q8CK08		secreted alkaline phosphatase	Basal machinery
SCO2069	SCO2069	1097503	Q9R2D3			Basal machinery
SCO2070	SCO2070	1097504	Q9S2Y1			Basal machinery
SCO2073	SCO2073	1097507	Q9S2X8			Basal machinery
SCO2075	SCO2075	1097509	Q9S2X6			Basal machinery
SCO2077	SCO2077	1097511	Q9S2X4			M16.1
SCO2078	SCO2078	1097512	Q9S2X3			Basal machinery
SCO2090	SCO2090	1097524	Q9S2W6			M16.1
SCO2091	SCO2091	1097525	Q9S2W5			Basal machinery
SCO2093	SCO2093	1097527	Q9S2W3			Basal machinery
SCO2094	SCO2094	1097528	Q9S2W2			Basal machinery
SCO2097	SCO2097	1097531	Q9S2V9			Basal machinery
SCO2101	SCO2101	1097535	Q9S2V5			M12
SCO2103	SCO2103	1097537	Q9S2V3			Basal machinery
SCO2106	SCO2106	1097540	Q9RL65			Basal machinery
SCO2107	SCO2107	1097541	Q8CK06			Basal machinery
SCO2108	SCO2108	1097542	Q9S2N5			Basal machinery
SCO2112	SCO2112	1097546	Q9S2N1			Basal machinery
SCO2114	SCO2114	1097548	Q9S2M9			Basal machinery
SCO2116	SCO2116	1097550	Q9S2M7			Basal machinery
SCO2117	SCO2117	1097551	Q9S2M6			Basal machinery
SCO2120	SCO2120	1097554	Q9S2M4			M12
SCO2121	SCO2121	1097555	Q9S2M3			Basal machinery
SCO2122	SCO2122	1097556	Q9S2M2			Basal machinery
SCO2123	SCO2123	1097557	Q9S2M1			Basal machinery
SCO2124	SCO2124	1097558	Q9S2M0			Basal machinery
SCO2125	SCO2125	1097559	Q9S2L9			Basal machinery
SCO2127	SCO2127	1097561	P40182			M16.1
SCO2131	SCO2131	1097565	Q9X7Z0			Basal machinery
SCO2132	SCO2132	1097566	Q9X7Z1			Basal machinery
SCO2133	SCO2133	1097567	Q9X7Z2			Basal machinery
SCO2134	SCO2134	1097568	Q9X7Z3			Basal machinery
SCO2135	SCO2135	1097569	Q9X7Z4			Basal machinery
SCO2136	SCO2136	1097570	Q9X7Z5			Basal machinery
SCO2140	SCO2140	1097574	Q9X7Z9			M16.1
SCO2142	SCO2142	1097576	Q9X801			Basal machinery
SCO2143	SCO2143	1097577	Q9X802			Basal machinery
SCO2146	SCO2146	1097580	Q9X805			Basal machinery
SCO2150	SCO2150	1097584	Q9X808			Basal machinery
SCO2152	SCO2152	1097586	Q9X810			Basal machinery
SCO2153	SCO2153	1097587	Q9X811			Basal machinery
SCO2157	SCO2157	1097591	Q9X815			Basal machinery
SCO2158	SCO2158	1097592	Q9X816			Basal machinery
SCO2159	SCO2159	1097593	Q9X817			Basal machinery
SCO2161	SCO2161	1097595	Q9X819		hypothetical protein	Basal machinery
SCO2164	SCO2164	1097597	Q8CK05			Basal machinery
SCO2166	SCO2166	1097599	Q9S2S0			Basal machinery
SCO2167	SCO2167	1097600	Q9S2R9			Basal machinery
SCO2168	SCO2168	1097601	Q9S2R8			Basal machinery
SCO2169	SCO2169	1097602	Q9S2R7			Basal machinery
SCO2170	SCO2170	1097603	Q9S2R6			Basal machinery
SCO2171	SCO2171	1097604	Q9S2R5			Basal machinery
SCO2176	SCO2176	1097609	Q9S2R0			Basal machinery
SCO2178	SCO2178	1097611	Q9S2Q8			Basal machinery
SCO2180	SCO2180	1097613	Q9S2Q6			Basal machinery
SCO2181	SCO2181	1097614	Q9S2Q5			Basal machinery
SCO2182	SCO2182	1097615	Q9S2Q4			Basal machinery
SCO2183	SCO2183	1097616	Q9S2Q3			Basal machinery
SCO2184	SCO2184	1097617	Q9S2Q2			Basal machinery
SCO2185	SCO2185	1097618	Q9S2Q1			Basal machinery
SCO2186	SCO2186	1097619	Q9S2Q0			Basal machinery
SCO2187	SCO2187	1097620	Q9S2P9			Basal machinery
SCO2188	SCO2188	1097621	Q9S2P8			Basal machinery
SCO2191	SCO2191	1097624	Q9S2P5			Basal machinery
SCO2192	SCO2192	1097625	Q9S2P4			Basal machinery
SCO2195	SCO2195	1097628	Q9S2P1			M16.1
SCO2196	SCO2196	1097629	Q9S2P0			Basal machinery
SCO2197	SCO2197	1097630	Q9S2N9			Basal machinery
SCO2199	SCO2199	1097632	Q9S2N8			Basal machinery
SCO2200	SCO2200	1097633	Q9KZ31			Basal machinery
SCO2201	SCO2201	1097634	Q7AKP7			Basal machinery
SCO2203	SCO2203	1097636	Q7AKP6			Basal machinery
SCO2204	SCO2204	1097637	Q9KZ30			Basal machinery
SCO2205	SCO2205	1097638	Q9KZ29			Basal machinery
SCO2206	SCO2206	1097639	Q8CK03			Basal machinery
SCO2207	SCO2207	1097640	Q7AKP5			Basal machinery
SCO2208	SCO2208	1097641	Q7AKP4		carboxylesterase	M8
SCO2209	SCO2209	1097642	Q7AKP3		transcriptional regulator	M8
SCO2210	SCO2210	1097643	Q7AKP2		glutamine synthetase	Intermodular
SCO2211	SCO2211	1097644	Q9KZ26			Basal machinery
SCO2212	SCO2212	1097645	Q9KZ25			Basal machinery
SCO2213	SCO2213	1097646	Q9KZ24		regulatory protein	M16.6
SCO2214	SCO2214	1097647	Q9KZ23			Basal machinery
SCO2217	SCO2217	1097650	Q9KZ20			M5
SCO2218	SCO2218	1097651	Q9KZ19			Basal machinery
SCO2226	SCO2226	1097659	Q9KZ11			Basal machinery
SCO2227	SCO2227	1097660	Q9KZ10			Basal machinery
SCO2228	SCO2228	1097661	Q9KZ09			Basal machinery
SCO2229	SCO2229	1097662	Q9KZ08		maltose permease	M16.4
SCO2230	SCO2230	1097663	Q9KZ07		maltose permease	M16.4
SCO2231	SCO2231	1097664	Q7AKP1		maltose-binding protein	M16.4
SCO2233	SCO2233	1097666	Q9KZ06			Basal machinery
SCO2238	SCO2238	1097671	Q9ADI8			Basal machinery
SCO2239	SCO2239	1097672	Q8CK01			Basal machinery
SCO2241	SCO2241	1097674	Q9RDS6			Basal machinery
SCO2244	SCO2244	1097677	Q9RDS3			Basal machinery
SCO2245	SCO2245	1097678	Q9RDS2			Basal machinery
SCO2246	SCO2246	1097679	Q9RDS1			Basal machinery
SCO2247	SCO2247	1097680	Q9RDS0			Basal machinery
SCO2248	SCO2248	1097681	Q9RDR9			Basal machinery
SCO2249	SCO2249	1097682	Q9RDR8			Basal machinery
SCO2252	SCO2252	1097685	Q9RDR5			Basal machinery
SCO2254	SCO2254	1097687	Q9RDR3			Basal machinery
SCO2255	SCO2255	1097688	Q8CK00			Basal machinery
SCO2257	SCO2257	1097690	Q9RKS1			Basal machinery
SCO2258	SCO2258	1097691	Q9RKS0			Basal machinery
SCO2259	SCO2259	1097692	Q9RKR9			Basal machinery
SCO2260	SCO2260	1097693	Q9RKR8			Basal machinery
SCO2261	SCO2261	1097694	Q9RKR7			Basal machinery
SCO2262	SCO2262	1097695	Q9RKR6			Basal machinery
SCO2265	SCO2265	1097698	Q9RKR3			Basal machinery
SCO2268	SCO2268	1097701	Q9RKR0			Basal machinery
SCO2269	SCO2269	1097702	Q9RKQ9			Basal machinery
SCO2271	SCO2271	1097704	Q9RKQ7			Basal machinery
SCO2277	SCO2277	1097710	Q9RKQ1			Basal machinery
SCO2279	SCO2279	1097712	Q9RKP9			Basal machinery
SCO2280	SCO2280	1097713	Q9RKP8			Basal machinery
SCO2281	SCO2281	1097714	Q9RKP7			Global regulator
SCO2285	SCO2285	1097718	Q9RKP3			Basal machinery
SCO2286	SCO2286	1097719	Q9RKP2		alkaline phosphatase	Basal machinery
SCO2288	SCO2288	1097721	Q9RKP0			Basal machinery
SCO2293	SCO2293	1097727	Q9L020			Basal machinery
SCO2294	SCO2294	1097728	Q9L019			Basal machinery
SCO2295	SCO2295	1097729	Q9L018			Basal machinery
SCO2296	SCO2296	1097730	Q9L017			Basal machinery
SCO2300	SCO2300	1097734	Q9L013			Basal machinery
SCO2301	SCO2301	1097735	Q9L012			Basal machinery
SCO2302	SCO2302	1097736	Q9L011			Basal machinery
SCO2309	SCO2309	1097743	Q9L004			Basal machinery
SCO2310	SCO2310	1097744	Q8CJZ9			Basal machinery
SCO2311	SCO2311	1097745	Q9KXK9			Basal machinery
SCO2312	SCO2312	1097746	Q9KXK8			Basal machinery
SCO2313	SCO2313	1097747	Q9KXK7			Basal machinery
SCO2314	SCO2314	1097748	Q9KXK6			Basal machinery
SCO2315	SCO2315	1097749	Q9KXK5			Basal machinery
SCO2316	SCO2316	1097750	Q9KXK4			Basal machinery
SCO2317	SCO2317	1097751	Q9KXK3			Basal machinery
SCO2318	SCO2318	1097752	Q9KXK2			Basal machinery
SCO2319	SCO2319	1097753	Q9KXK1			Basal machinery
SCO2320	SCO2320	1097754	Q9KXK0			Basal machinery
SCO2321	SCO2321	1097755	Q9KXJ9			Basal machinery
SCO2322	SCO2322	1097756	Q9KXJ8			Basal machinery
SCO2323	SCO2323	1097757	Q9KXJ7			Basal machinery
SCO2325	SCO2325	1097759	Q9KXJ5			Basal machinery
SCO2328	SCO2328	1097762	Q9KXJ2			Basal machinery
SCO2329	SCO2329	1097763	Q9KXJ1			Basal machinery
SCO2331	SCO2331	1097765	Q9KXI9			Basal machinery
SCO2333	SCO2333	1097767	Q9KXI7			Basal machinery
SCO2334	SCO2334	1097768	Q9KXI6			Basal machinery
SCO2335	SCO2335	1097769	Q9KXI5			Basal machinery
SCO2336	SCO2336	1097770	Q9KXI4			Basal machinery
SCO2337	SCO2337	1097771	Q9KXI3			Basal machinery
SCO2338	SCO2338	1097772	Q9KXI2			Basal machinery
SCO2339	SCO2339	1097773	Q9KXI1			Basal machinery
SCO2340	SCO2340	1097774	Q9KXI0			Basal machinery
SCO2341	SCO2341	1097775	Q9KXH9			Basal machinery
SCO2342	SCO2342	1097776	Q9KXH8			Basal machinery
SCO2344	SCO2344	1097778	Q9KY46			Basal machinery
SCO2345	SCO2345	1097779	Q9KY45			Basal machinery
SCO2346	SCO2346	1097780	Q9KY44			Basal machinery
SCO2347	SCO2347	1097781	Q9KY43			Basal machinery
SCO2348	SCO2348	1097782	Q9KY42			Basal machinery
SCO2349	SCO2349	1097783	Q9KY41			Basal machinery
SCO2350	SCO2350	1097784	Q9KY40			Basal machinery
SCO2351	SCO2351	1097785	Q9KY39			Basal machinery
SCO2352	SCO2352	1097786	Q9KY38			Basal machinery
SCO2353	SCO2353	1097787	Q9KY37			Basal machinery
SCO2354	SCO2354	1097788	Q9KY36			Basal machinery
SCO2356	SCO2356	1097790	Q9KY34			Basal machinery
SCO2357	SCO2357	1097791	Q9KY33			Basal machinery
SCO2358	SCO2358	1097792	Q9KY32			Basal machinery
SCO2360	SCO2360	1097794	Q9KY30			Basal machinery
SCO2361	SCO2361	1097795	Q9KY29			Basal machinery
SCO2362	SCO2362	1097796	Q9KY28			Basal machinery
SCO2363	SCO2363	1097797	Q9KY27			Basal machinery
SCO2364	SCO2364	1097798	Q9KY26			Basal machinery
SCO2367	SCO2367	1097801	Q9KY23			Basal machinery
SCO2368	SCO2368	1097802	Q9KY22			Basal machinery
SCO2369	SCO2369	1097803	Q9KY21			Basal machinery
SCO2370	SCO2370	1097804	Q9KY20			Basal machinery
SCO2371	SCO2371	1097805	Q9KY19			Basal machinery
SCO2372	SCO2372	1097806	Q9KY18			M16.1
SCO2373	SCO2373	1097807	Q8CJZ8			Basal machinery
SCO2374	SCO2374	1097808	Q9RDR0			M16.1
SCO2375	SCO2375	1097809	Q9RDQ9			Basal machinery
SCO2376	SCO2376	1097810	Q9RDQ8			Basal machinery
SCO2380	SCO2380	1097814	Q9RDQ4			Basal machinery
SCO2381	SCO2381	1097815	Q9RDQ3			Basal machinery
SCO2382	SCO2382	1097816	Q9RDQ2			Basal machinery
SCO2383	SCO2383	1097817	Q9RDQ1			Basal machinery
SCO2384	SCO2384	1097818	Q9RDQ0			Basal machinery
SCO2386	SCO2386	1097820	Q9RDP8			M11
SCO2387	SCO2387	1097821	Q7AKN9			M11
SCO2390	SCO2390	1097824	Q9RDP7			Basal machinery
SCO2393	SCO2393	1097827	Q9RDP4			Basal machinery
SCO2395	SCO2395	1097829	Q9RDP2			Basal machinery
SCO2397	SCO2397	1097831	Q9RDP0			Basal machinery
SCO2398	SCO2398	1097832	Q9RDN9			Basal machinery
SCO2399	SCO2399	1097833	Q9RDN8			Basal machinery
SCO2400	SCO2400	1097834	Q9RDN7			M16.1
SCO2401	SCO2401	1097835	Q9RDN6			Basal machinery
SCO2404	SCO2404	1097838	Q9RDN3			M16.1
SCO2405	SCO2405	1097839	Q9RDN2			Basal machinery
SCO2408	SCO2408	1097842	Q9RDM9			M5
SCO2410	SCO2410	1097844	Q9RDM7			Basal machinery
SCO2411	SCO2411	1097845	Q9RDM6			Basal machinery
SCO2412	SCO2412	1097846	Q9RDM5			Basal machinery
SCO2413	SCO2413	1097847	Q8CJZ7			Basal machinery
SCO2414	SCO2414	1097848	Q9F361			Basal machinery
SCO2415	SCO2415	1097849	Q9F360			Basal machinery
SCO2416	SCO2416	1097850	Q9F359			Basal machinery
SCO2417	SCO2417	1097851	Q9F358			Basal machinery
SCO2418	SCO2418	1097852	Q9F357			Basal machinery
SCO2419	SCO2419	1097853	Q9F356			Basal machinery
SCO2424	SCO2424	1097858	Q9KXZ1			Basal machinery
SCO2426	SCO2426	1097860	Q9KXY9			Basal machinery
SCO2428	SCO2428	1097862	Q9KXY7			Basal machinery
SCO2431	SCO2431	1097865	Q9L0B5			Basal machinery
SCO2432	SCO2432	1097866	Q9L0B4			Basal machinery
SCO2433	SCO2433	1097867	Q9L0B3			Basal machinery
SCO2435	SCO2435	1097869	Q9L0B1			Basal machinery
SCO2437	SCO2437	1097871	Q9L0A9			Basal machinery
SCO2439	SCO2439	1097873	Q9L0A7			Basal machinery
SCO2440	SCO2440	1097874	Q9L0A6			Basal machinery
SCO2441	SCO2441	1097875	Q9L0A5			Basal machinery
SCO2442	SCO2442	1097876	Q9L0A4			Basal machinery
SCO2443	SCO2443	1097877	Q9L0A3			Basal machinery
SCO2446	SCO2446	1097880	Q9L0A0			Basal machinery
SCO2447	SCO2447	1097881	Q9L099			Basal machinery
SCO2448	SCO2448	1097882	Q9L098			Basal machinery
SCO2449	SCO2449	1097883	Q9L097			Basal machinery
SCO2450	SCO2450	1097884	Q9L096			Basal machinery
SCO2451	SCO2451	1097885	Q9L095			Basal machinery
SCO2452	SCO2452	1097886	Q9L094			Basal machinery
SCO2453	SCO2453	1097887	Q9L093			Basal machinery
SCO2454	SCO2454	1097888	Q9L092			Basal machinery
SCO2456	SCO2456	1097890	Q9L090			Basal machinery
SCO2457	SCO2457	1097891	Q9L089			Basal machinery
SCO2458	SCO2458	1097892	Q9L088			Basal machinery
SCO2459	SCO2459	1097893	Q9L087			Basal machinery
SCO2460	SCO2460	1097894	Q9L086			Basal machinery
SCO2461	SCO2461	1097895	Q9L085			Basal machinery
SCO2462	SCO2462	1097896	Q8CJZ5			Basal machinery
SCO2463	SCO2463	1097897	Q9L2F3			Basal machinery
SCO2464	SCO2464	1097898	Q9L2F2			Basal machinery
SCO2467	SCO2467	1097901	Q9S1N3			Basal machinery
SCO2469	SCO2469	1097903	Q9S1N5			Basal machinery
SCO2470	SCO2470	1097904	Q9L2E9			Basal machinery
SCO2471	SCO2471	1097905	Q9L2E8			Basal machinery
SCO2472	SCO2472	1097906	Q9L2E7			Basal machinery
SCO2473	SCO2473	1097907	Q9L2E6			M16.1
SCO2474	SCO2474	1097908	Q9L2E5			Basal machinery
SCO2475	SCO2475	1097909	Q9L2E4			Basal machinery
SCO2477	SCO2477	1097911	Q9L2E2			Basal machinery
SCO2478	SCO2478	1097912	Q9L2E1			M9
SCO2479	SCO2479	1097913	Q9L2E0			Basal machinery
SCO2480	SCO2480	1097914	Q9L2D9			Basal machinery
SCO2481	SCO2481	1097915	Q9L2D8			Basal machinery
SCO2482	SCO2482	1097916	Q9L2D7			Basal machinery
SCO2483	SCO2483	1097917	Q9L2D6			Basal machinery
SCO2485	SCO2485	1097919	Q9L2D4			Basal machinery
SCO2486	SCO2486	1097920	Q9L2D3			M16.1
SCO2487	SCO2487	1097921	Q9L2D2			Basal machinery
SCO2488	SCO2488	1097922	Q9L2D1			Basal machinery
SCO2489	SCO2489	1097923	Q9L2D0			Basal machinery
SCO2490	SCO2490	1097924	Q9L2C9			Basal machinery
SCO2492	SCO2492	1097926	Q9L2C7			Basal machinery
SCO2493	SCO2493	1097927	Q9L2C6			Basal machinery
SCO2494	SCO2494	1097928	Q9L2C5			Basal machinery
SCO2495	SCO2495	1097929	Q8CJZ4			Basal machinery
SCO2496	SCO2496	1097930	Q9RDC7			Basal machinery
SCO2497	SCO2497	1097931	Q9RDC6			Basal machinery
SCO2498	SCO2498	1097932	Q8CJZ3			Basal machinery
SCO2501	SCO2501	1097935	Q9L2I2			Basal machinery
SCO2502	SCO2502	1097936	Q9L2I1			Basal machinery
SCO2503	SCO2503	1097937	Q9L2I0			Basal machinery
SCO2505	SCO2505	1097939	Q9L2H8		ABC-transporter metal-binding lipoprotein	M14
SCO2506	SCO2506	1097940	Q9L2H7		metal transport ABC transporter	M14
SCO2507	SCO2507	1097941	Q9L2H6		metal transport ABC transporter	M14
SCO2508	SCO2508	1097942	Q9L2H5		metal uptake regulation protein	M14
SCO2511	SCO2511	1097945	Q9L2H2			Basal machinery
SCO2512	SCO2512	1097946	Q9L2H1			Basal machinery
SCO2513	SCO2513	1097947	Q9L2H0			Basal machinery
SCO2514	SCO2514	1097948	Q9L2G9			Basal machinery
SCO2517	SCO2517	1097951	Q9L2G6			Basal machinery
SCO2519	SCO2519	1097953	Q9L2G4			Basal machinery
SCO2520	SCO2520	1097954	Q9L2G3			Basal machinery
SCO2521	SCO2521	1097955	Q9L2G2			Basal machinery
SCO2522	SCO2522	1097956	Q9L2G1			Basal machinery
SCO2523	SCO2523	1097957	Q9L2G0			Basal machinery
SCO2524	SCO2524	1097958	Q9L2F9			Basal machinery
SCO2525	SCO2525	1097959	Q9L2F8			Basal machinery
SCO2526	SCO2526	1097960	Q9L2F7			Basal machinery
SCO2527	SCO2527	1097961	Q9L2F6			M16.1
SCO2529	SCO2529	1097963	Q9L2L8			M16.1
SCO2530	SCO2530	1097964	Q9L2L7			Basal machinery
SCO2532	SCO2532	1097966	Q9L2L5			Basal machinery
SCO2534	SCO2534	1097968	Q8CJZ2			Basal machinery
SCO2535	SCO2535	1097969	Q9RDF6			Basal machinery
SCO2537	SCO2537	1097971	Q9RDF4			Basal machinery
SCO2538	SCO2538	1097972	Q9RDF3			Basal machinery
SCO2546	SCO2546	1097980	Q9RDE5			Basal machinery
SCO2550	SCO2550	1097984	Q9RDE1			Basal machinery
SCO2551	SCO2551	1097985	Q9RDE0			Basal machinery
SCO2552	SCO2552	1097986	Q9RDD9		hypothetical protein	M16.1
SCO2553	SCO2553	1097987	Q9RDD8			Basal machinery
SCO2556	SCO2556	1097990	Q9RDD5			Basal machinery
SCO2557	SCO2557	1097991	Q9RDD4			Basal machinery
SCO2558	SCO2558	1097992	Q9RDD3			Basal machinery
SCO2559	SCO2559	1097993	Q9RDD2			Basal machinery
SCO2560	SCO2560	1097994	Q9RDD1			Basal machinery
SCO2561	SCO2561	1097995	Q9RDD0			Basal machinery
SCO2566	SCO2566	1098000	Q9RDM0			Basal machinery
SCO2567	SCO2567	1098001	Q9RDL9			Basal machinery
SCO2569	SCO2569	1098003	Q9RDL7			Basal machinery
SCO2570	SCO2570	1098004	Q9RDL6			Basal machinery
SCO2572	SCO2572	1098006	Q9RDL4			Basal machinery
SCO2573	SCO2573	1098007	Q9RDL3			Basal machinery
SCO2574	SCO2574	1098008	Q9RDL2			Basal machinery
SCO2575	SCO2575	1098009	Q9RDL1			Basal machinery
SCO2576	SCO2576	1098010	Q9RDL0			Basal machinery
SCO2578	SCO2578	1098012	Q9RDK8			Basal machinery
SCO2580	SCO2580	1098014	Q9RDK6			Basal machinery
SCO2581	SCO2581	1098015	Q9RDK5			Basal machinery
SCO2582	SCO2582	1098016	Q9RDK4			Basal machinery
SCO2583	SCO2583	1098017	Q9RDK3			Basal machinery
SCO2586	SCO2586	1098020	Q9RDK0			Basal machinery
SCO2588	SCO2588	1098022	Q9RDJ8			Basal machinery
SCO2589	SCO2589	1098023	Q9RDJ7			Basal machinery
SCO2590	SCO2590	1098024	Q8CJZ1			Basal machinery
SCO2591	SCO2591	1098025	Q9L1I5			Basal machinery
SCO2592	SCO2592	1098026	Q9L1I4			Basal machinery
SCO2593	SCO2593	1098027	Q9L1I3			Basal machinery
SCO2594	SCO2594	1098028	Q9L1I2			Basal machinery
SCO2599	SCO2599	1098033	Q9L1H8			Basal machinery
SCO2600	SCO2600	1098034	Q9L1H7			Basal machinery
SCO2602	SCO2602	1098036	Q9L1H5			Basal machinery
SCO2603	SCO2603	1098037	Q9L1H4			Basal machinery
SCO2604	SCO2604	1098038	Q9L1H3			Basal machinery
SCO2605	SCO2605	1098039	Q9L1H2			Basal machinery
SCO2606	SCO2606	1098040	Q9L1H1			Basal machinery
SCO2607	SCO2607	1098041	Q9L1H0			Basal machinery
SCO2608	SCO2608	1098042	Q9L1G9			Basal machinery
SCO2609	SCO2609	1098043	Q9L1G8			Basal machinery
SCO2610	SCO2610	1098044	Q9L1G7			Basal machinery
SCO2611	SCO2611	1098045	Q9L1G6			Basal machinery
SCO2613	SCO2613	1098047	Q9L1G5			Basal machinery
SCO2614	SCO2614	1098048	Q9L1G4			Basal machinery
SCO2616	SCO2616	1098050	Q8CJZ0			Basal machinery
SCO2621	SCO2621	1098055	Q9F313			Basal machinery
SCO2622	SCO2622	1098056	Q9F312			Basal machinery
SCO2623	SCO2623	1098057	Q9F311			Basal machinery
SCO2624	SCO2624	1098058	Q9F310			Basal machinery
SCO2625	SCO2625	1098059	Q9F309			Basal machinery
SCO2626	SCO2626	1098060	Q9F308			Basal machinery
SCO2627	SCO2627	1098061	Q9L206			Basal machinery
SCO2628	SCO2628	1098062	Q9L205			Basal machinery
SCO2629	SCO2629	1098063	Q9L204			Basal machinery
SCO2631	SCO2631	1098065	Q9L202			Basal machinery
SCO2632	SCO2632	1098066				Basal machinery
SCO2634	SCO2634	1098068	Q9L201		hypothetical protein	Basal machinery
SCO2635	SCO2635	1098069	Q9L200			Basal machinery
SCO2636	SCO2636	1098070	Q9L1Z9			Basal machinery
SCO2638	SCO2638	1098072	Q9L1Z7			Basal machinery
SCO2639	SCO2639	1098073	Q9L1Z6			Basal machinery
SCO2641	SCO2641	1098075	Q9L1Z4			Basal machinery
SCO2642	SCO2642	1098076	Q9L1Z3			Basal machinery
SCO2643	SCO2643	1098077	Q9L1Z2		aminopeptidase N	Basal machinery
SCO2648	SCO2648	1098082	Q9L1Y7			Basal machinery
SCO2650	SCO2650	1098084	Q9L1Y5			Basal machinery
SCO2651	SCO2651	1098085	Q9L1Y4			Basal machinery
SCO2652	SCO2652	1098086	Q9L1Y3			M16.1
SCO2653	SCO2653	1098087	Q9L1Y2			Basal machinery
SCO2655	SCO2655	1098089	Q9L1Y0			Basal machinery
SCO2656	SCO2656	1098090	Q9L1X9			Basal machinery
SCO2657	SCO2657	1098091	Q9L1X8			Basal machinery
SCO2663	SCO2663	1098097	Q9L258			Basal machinery
SCO2669	SCO2669	1098103	Q9L252			Basal machinery
SCO2670	SCO2670	1098104	Q9L251			Basal machinery
SCO2671	SCO2671	1098105	Q9L250			Basal machinery
SCO2674	SCO2674	1098108	Q9L247			Basal machinery
SCO2675	SCO2675	1098109	Q9L246			Basal machinery
SCO2676	SCO2676	1098110	Q9L245			Basal machinery
SCO2677	SCO2677	1098111	Q9L244			Basal machinery
SCO2678	SCO2678	1098112	Q9L243			Basal machinery
SCO2679	SCO2679	1098113	Q9L242			Basal machinery
SCO2680	SCO2680	1098114	Q8CJY8			Basal machinery
SCO2681	SCO2681	1098115	Q9KYJ1			Basal machinery
SCO2682	SCO2682	1098116	Q9KYJ0			Basal machinery
SCO2684	SCO2684	1098118	Q9KYI8			Basal machinery
SCO2685	SCO2685	1098119	Q9KYI7			Basal machinery
SCO2686	SCO2686	1098120	Q9KYI6			Basal machinery
SCO2688	SCO2688	1098122	Q9KYI4			Basal machinery
SCO2689	SCO2689	1098123	Q9KYI3			Basal machinery
SCO2692	SCO2692	1098126	Q9KYI0			Basal machinery
SCO2695	SCO2695	1098129	Q9KYH7			Basal machinery
SCO2696	SCO2696	1098130	Q9KYH6			Basal machinery
SCO2698	SCO2698	1098132	Q9KYH4			Basal machinery
SCO2699	SCO2699	1098133	Q9KYH3			M16.1
SCO2700	SCO2700	1098134	Q9KYH2			M16.1
SCO2701	SCO2701	1098135	Q9KYH1			M16.1
SCO2703	SCO2703	1098137	Q9KYG9			Basal machinery
SCO2704	SCO2704	1098138	Q9KYG8			Basal machinery
SCO2705	SCO2705	1098139	Q9KYG7			M16.1
SCO2706	SCO2706	1098140	Q9KYG6			Basal machinery
SCO2709	SCO2709	1098143	Q9KYG3			Basal machinery
SCO2712	SCO2712	1098146	Q9KYG0			Basal machinery
SCO2714	SCO2714	1098148	Q9KYF8			Basal machinery
SCO2716	SCO2716	1098150	Q8CJY7			M16.1
SCO2717	SCO2717	1098151	Q9L1J9			M16.1
SCO2718	SCO2718	1098152	Q9L1J8			M16.1
SCO2719	SCO2719	1098153	Q9L1J7			M16.1
SCO2720	SCO2720	1098154	Q9L1J6			Basal machinery
SCO2724	SCO2724	1098158	Q9L1J2			Basal machinery
SCO2725	SCO2725	1098159	Q53936			Basal machinery
SCO2726	SCO2726	1098160	Q9L1J1			M16.1
SCO2727	SCO2727	1098161	Q9L1J0			M16.1
SCO2729	SCO2729	1098163	Q9L1I8			Basal machinery
SCO2733	SCO2733	1098167	Q9RDJ2			Basal machinery
SCO2736	SCO2736	1098170	Q9R339	gltA		Basal machinery
SCO2738	SCO2738	1098172	Q9RDI8			Basal machinery
SCO2739	SCO2739	1098173	Q9RDI7			Basal machinery
SCO2740	SCO2740	1098174				Basal machinery
SCO2741	SCO2741	1098175	Q9RDI6			Basal machinery
SCO2743	SCO2743	1098177	Q9RDI4			Basal machinery
SCO2745	SCO2745	1098179	Q9RDI2			Basal machinery
SCO2753	SCO2753	1098187	Q9RDH4			Basal machinery
SCO2754	SCO2754	1098188	Q9RDH3			Basal machinery
SCO2755	SCO2755	1098189	Q9RDH2			Basal machinery
SCO2758	SCO2758	1098192	Q9RDG9			Basal machinery
SCO2762	SCO2762	1098196	Q9RDG6			Basal machinery
SCO2763	SCO2763	1098197	Q9RDG5			Basal machinery
SCO2764	SCO2764	1098198	Q9RDG4			Basal machinery
SCO2765	SCO2765	1098199	Q9RDG3			Basal machinery
SCO2766	SCO2766	1098200	Q9RDG2			Basal machinery
SCO2767	SCO2767	1098201	Q9RDG1			Basal machinery
SCO2768	SCO2768	1098202	Q9RDG0			Basal machinery
SCO2770	SCO2770	1098204	Q8CJY5			Basal machinery
SCO2771	SCO2771	1098205	Q9L082			Basal machinery
SCO2773	SCO2773	1098207	Q9L080			Basal machinery
SCO2774	SCO2774	1098208	Q9L079			Basal machinery
SCO2775	SCO2775	1098209	Q9L078			M16.1
SCO2776	SCO2776	1098210	Q9L077			Basal machinery
SCO2777	SCO2777	1098211	Q9L076			Basal machinery
SCO2778	SCO2778	1098212	Q9L075			Basal machinery
SCO2779	SCO2779	1098213	Q7AKN2			Basal machinery
SCO2780	SCO2780	1098214	Q9L074			Basal machinery
SCO2782	SCO2782	1098216	Q9L072		pyridoxal-dependent decarboxylase	M16.3
SCO2783	SCO2783	1098217	Q9L071		monooxygenase	M16.3
SCO2784	SCO2784	1098218	Q9L070		aceytltranferase	Intermodular
SCO2785	SCO2785	1098219	Q9L069		hypothetical protein	M16.3
SCO2786	SCO2786	1098220	Q9L068			Basal machinery
SCO2788	SCO2788	1098222	Q9L066			Basal machinery
SCO2790	SCO2790	1098224	Q9L064			Basal machinery
SCO2791	SCO2791	1098225	Q9L063			Basal machinery
SCO2792	SCO2792	1098226	Q9L062		AraC family transcription regulator	M16.1
SCO2794	SCO2794	1098228	Q9F3I7			Basal machinery
SCO2795	SCO2795	1098229	Q9F3I6			Basal machinery
SCO2797	SCO2797	1098231	Q9F3I4			Basal machinery
SCO2798	SCO2798	1098232	Q9F3I3			Basal machinery
SCO2803	SCO2803	1098237	Q9F3H8			Basal machinery
SCO2805	SCO2805	1098239	Q9F3H6			Basal machinery
SCO2807	SCO2807	1098241	Q9F3H4			Basal machinery
SCO2809	SCO2809	1098243	Q9F3H2			Basal machinery
SCO2810	SCO2810	1098244	Q8CJY4			Basal machinery
SCO2811	SCO2811	1098245	Q93J86			Basal machinery
SCO2812	SCO2812	1098246	Q93J85			Basal machinery
SCO2813	SCO2813	1098247	Q93J84			Basal machinery
SCO2815	SCO2815	1098249	Q93J82			Basal machinery
SCO2816	SCO2816	1098250	Q93J81			Basal machinery
SCO2817	SCO2817	1098251	Q93J80			M16.1
SCO2818	SCO2818	1098252	Q93J79			Basal machinery
SCO2819	SCO2819	1098253	Q93J78			Basal machinery
SCO2820	SCO2820	1098254	Q93J77			Basal machinery
SCO2821	SCO2821	1098255	Q93J76			Basal machinery
SCO2822	SCO2822	1098256	Q93J75			Basal machinery
SCO2823	SCO2823	1098257	Q93J74			Basal machinery
SCO2824	SCO2824	1098258	Q93J73			Basal machinery
SCO2825	SCO2825	1098259	Q93J72			Basal machinery
SCO2827	SCO2827	1098261	Q93J70			Basal machinery
SCO2828	SCO2828	1098262	Q9RDC3			Basal machinery
SCO2829	SCO2829	1098263	Q9RDC2			Basal machinery
SCO2830	SCO2830	1098264	Q9RDC1			Basal machinery
SCO2831	SCO2831	1098265	Q9RDC0			Basal machinery
SCO2832	SCO2832	1098266	Q9RDB9			Basal machinery
SCO2833	SCO2833	1098267	Q9RDB8			M16.1
SCO2835	SCO2835	1098269	Q9RDB6			Basal machinery
SCO2836	SCO2836	1098270	Q9RDB5			Basal machinery
SCO2837	SCO2837	1098271	Q9RDB4			Basal machinery
SCO2838	SCO2838	1098272	Q9RDB3			Basal machinery
SCO2841	SCO2841	1098275	Q9RDB0			Basal machinery
SCO2842	SCO2842	1098276	Q9RDA9			Basal machinery
SCO2843	SCO2843	1098277	Q9RDA8			Basal machinery
SCO2844	SCO2844	1098278	Q9RDA7			Basal machinery
SCO2845	SCO2845	1098279	Q9RDA6			Basal machinery
SCO2846	SCO2846	1098280	Q9RDA5			Basal machinery
SCO2847	SCO2847	1098281	Q9RDA4			Basal machinery
SCO2848	SCO2848	1098282	Q9RDA3			Basal machinery
SCO2849	SCO2849	1098283	Q9RDA2		hypothetical protein	Basal machinery
SCO2850	SCO2850	1098284	Q9RDA1			Basal machinery
SCO2854	SCO2854	1098288	Q9RD97			Basal machinery
SCO2855	SCO2855	1098289	Q9RD96			Basal machinery
SCO2856	SCO2856	1098290	Q9RD95			Basal machinery
SCO2860	SCO2860	1098294	Q9RD91			Basal machinery
SCO2861	SCO2861	1098295	Q9RD90			Basal machinery
SCO2862	SCO2862	1098296	Q9RD89			Basal machinery
SCO2864	SCO2864	1098298	Q8CJY3			Basal machinery
SCO2865	SCO2865	1098299	Q9KZT6			Basal machinery
SCO2866	SCO2866	1098300	Q9KZT5			Basal machinery
SCO2867	SCO2867	1098301	Q9KZT4			Basal machinery
SCO2868	SCO2868	1098302	Q9KZT3			Basal machinery
SCO2869	SCO2869	1098303	Q9KZT2			Basal machinery
SCO2872	SCO2872	1098306	Q9KZS9			Basal machinery
SCO2875	SCO2875	1098309	Q9KZS6			Basal machinery
SCO2876	SCO2876	1098310	Q9KZS5			Basal machinery
SCO2877	SCO2877	1098311	Q9KZS4			Basal machinery
SCO2878	SCO2878	1098312	Q9KZS3		hypothetical protein	Basal machinery
SCO2879	SCO2879	1098313	Q9KZS2			Basal machinery
SCO2880	SCO2880	1098314	Q9KZS1			Basal machinery
SCO2881	SCO2881	1098315	Q9KZS0			Basal machinery
SCO2882	SCO2882	1098316	Q9KZR9			Basal machinery
SCO2883	SCO2883	1098317	Q9KZR8			Basal machinery
SCO2884	SCO2884	1098318	Q9KZR7			Basal machinery
SCO2886	SCO2886	1098320	Q9KZR5			Basal machinery
SCO2889	SCO2889	1098323	Q9KZR2			Basal machinery
SCO2892	SCO2892	1098325	Q9KZR1			Basal machinery
SCO2894	SCO2894	1098327	Q9KZQ9			Basal machinery
SCO2895	SCO2895	1098328	Q9KZQ8			Basal machinery
SCO2896	SCO2896	1098329	Q9KZQ7			Basal machinery
SCO2897	SCO2897	1098330	Q9KZQ6			Basal machinery
SCO2898	SCO2898	1098331	Q9KZQ5			Basal machinery
SCO2899	SCO2899	1098332	Q9KZQ4			Basal machinery
SCO2900	SCO2900	1098333	Q9KZQ3			Basal machinery
SCO2901	SCO2901	1098334	Q9KZQ2			Basal machinery
SCO2902	SCO2902	1098335	Q9S2H9			Basal machinery
SCO2903	SCO2903	1098336	Q9S2H8			Basal machinery
SCO2905	SCO2905	1098338	Q9S2H6			Basal machinery
SCO2906	SCO2906	1098339	Q9S2H5			Basal machinery
SCO2907	SCO2907	1098340	Q9S2H4		PTS transmembrane component	M16.1
SCO2909	SCO2909	1098342	Q9S2H2			Basal machinery
SCO2910	SCO2910	1098343	Q9S2H1		cysteine synthase	Basal machinery
SCO2911	SCO2911	1098344	Q9S2H0		hypothetical protein	Basal machinery
SCO2912	SCO2912	1098345	Q9S2G9			Basal machinery
SCO2914	SCO2914	1098347	Q9S2G7			Basal machinery
SCO2915	SCO2915	1098348	Q9S2G6			Basal machinery
SCO2917	SCO2917	1098350	Q9S2G4			Basal machinery
SCO2918	SCO2918	1098351	Q9S2G3			Basal machinery
SCO2920	SCO2920	1098353	Q9S2G1			Basal machinery
SCO2921	SCO2921	1098354	Q9S2G0			Basal machinery
SCO2922	SCO2922	1098355	Q9S2F9			Basal machinery
SCO2923	SCO2923	1098356	Q9S2F8			Basal machinery
SCO2924	SCO2924	1098357	Q9S2F7			M16.1
SCO2925	SCO2925	1098358	Q9S2F6			Basal machinery
SCO2926	SCO2926	1098359	Q9S2F5			Basal machinery
SCO2928	SCO2928	1098361	Q9S2F3		transcription regulator AsnC	M16.2
SCO2929	SCO2929	1098362	Q9S2F2			Basal machinery
SCO2930	SCO2930	1098363	Q9S2F1			Basal machinery
SCO2931	SCO2931	1098364	Q9S2F0			Basal machinery
SCO2933	SCO2933	1098366	Q7AKN1		permease binding-protein component	M16.1
SCO2934	SCO2934	1098367	Q9S2E9			Basal machinery
SCO2935	SCO2935	1098368	Q9R3R2		transcriptional regulator	M16.2
SCO2936	SCO2936	1098369	Q9S2E8			Basal machinery
SCO2937	SCO2937	1098370	Q8CJY2			Basal machinery
SCO2939	SCO2939	1098372	Q9L1R9			Basal machinery
SCO2940	SCO2940	1098373	Q9L1R8			Basal machinery
SCO2941	SCO2941	1098374	Q9L1R7			Basal machinery
SCO2942	SCO2942	1098375	Q8CJY1			Basal machinery
SCO2943	SCO2943	1098376	Q9L1V1			Basal machinery
SCO2945	SCO2945	1098378	Q9L1U9			Basal machinery
SCO2946	SCO2946	1098379	Q9L1U8			Basal machinery
SCO2947	SCO2947	1098380	Q9L1U7			Basal machinery
SCO2951	SCO2951	1098384	Q9L1U4			Basal machinery
SCO2953	SCO2953	1098386	Q9L1U2			Basal machinery
SCO2954	SCO2954	1098387	Q9L1U1			M5
SCO2957	SCO2957	1098390	Q9L1T8			Basal machinery
SCO2958	SCO2958	1098391	Q9L1T7			M16.1
SCO2959	SCO2959	1098392	Q9L1T6			M16.1
SCO2960	SCO2960	1098393	Q9L1T5			Basal machinery
SCO2961	SCO2961	1098394	Q9L1T4			Basal machinery
SCO2962	SCO2962	1098395	Q9L1T3			Basal machinery
SCO2963	SCO2963	1098396	Q9L1T2			Basal machinery
SCO2964	SCO2964	1098397	Q9L1T1			M16.1
SCO2967	SCO2967	1098400	Q9L1S8			M16.1
SCO2968	SCO2968	1098401	Q9L1S7			Basal machinery
SCO2969	SCO2969	1098402	Q9L1S6			Basal machinery
SCO2970	SCO2970	1098403	Q9L1S5			Basal machinery
SCO2971	SCO2971	1098404	Q9L1S4			Basal machinery
SCO2975	SCO2975	1098408	Q9L060			Basal machinery
SCO2976	SCO2976	1098409	Q9L059			Basal machinery
SCO2977	SCO2977	1098410	Q9L058			Basal machinery
SCO2978	SCO2978	1098411	Q9L057			M16.1
SCO2982	SCO2982	1098415	Q9L053			Basal machinery
SCO2983	SCO2983	1098416	Q9L052			Basal machinery
SCO2985	SCO2985	1098418	Q9L050			Basal machinery
SCO2986	SCO2986	1098419	Q9L049		hypothetical protein	M25
SCO2987	SCO2987	1098420	Q9L048		regulatory protein	M25
SCO2990	SCO2990	1098423	Q9L045			Basal machinery
SCO2991	SCO2991	1098424	Q9L044			Basal machinery
SCO2992	SCO2992	1098425	Q9L043			Basal machinery
SCO2997	SCO2997	1098430	Q9EWH7			Basal machinery
SCO2998	SCO2998	1098431	Q9EWH6			Basal machinery
SCO2999	SCO2999	1098432	Q8CJY0			Basal machinery
SCO3001	SCO3001	1098434	Q9KYX9			Basal machinery
SCO3002	SCO3002	1098435	Q9KYX8			Basal machinery
SCO3003	SCO3003	1098436	Q9KYX7			Basal machinery
SCO3004	SCO3004	1098437	Q9KYX6			Basal machinery
SCO3006	SCO3006	1098439	Q9KYX5			Basal machinery
SCO3007	SCO3007	1098440	Q9KYX4			Basal machinery
SCO3009	SCO3009	1098442	Q9KYX2			Basal machinery
SCO3012	SCO3012	1098445	Q9KYW9			Basal machinery
SCO3013	SCO3013	1098446	Q9KYW8			M16.1
SCO3015	SCO3015	1098448	Q9KYW6			Basal machinery
SCO3018	SCO3018	1098451	Q9KYW3			Basal machinery
SCO3019	SCO3019	1098452	Q9KYW2			Basal machinery
SCO3020	SCO3020	1098453	Q9KZM4			Basal machinery
SCO3024	SCO3024	1098457	Q9KZM0			Basal machinery
SCO3025	SCO3025	1098458	Q9KZL9			Basal machinery
SCO3026	SCO3026	1098459	Q9KZL8			Basal machinery
SCO3027	SCO3027	1098460	Q9KZL7			Basal machinery
SCO3028	SCO3028	1098461	Q9KZL6	manB		Basal machinery
SCO3030	SCO3030	1098463	Q9KZL4			Basal machinery
SCO3031	SCO3031	1098464	Q9KZL3			Basal machinery
SCO3033	SCO3033	1098466	Q9KZL1			Basal machinery
SCO3035	SCO3035	1098468	Q9KZL0			Basal machinery
SCO3040	SCO3040	1098473	Q9KZK5			Basal machinery
SCO3041	SCO3041	1098474	Q9KZK4			Basal machinery
SCO3042	SCO3042	1098475	Q9KZK3			Basal machinery
SCO3043	SCO3043	1098476	Q9KZK2			Basal machinery
SCO3044	SCO3044	1098477	Q9KZK1			Basal machinery
SCO3045	SCO3045	1098478	Q9KZK0			Basal machinery
SCO3049	SCO3049	1098482	Q93J53			Basal machinery
SCO3050	SCO3050	1098483	Q93J52			Basal machinery
SCO3051	SCO3051	1098484	Q7AKM9			Basal machinery
SCO3052	SCO3052	1098485	Q93J51			Basal machinery
SCO3053	SCO3053	1098486	Q93J50			Basal machinery
SCO3057	SCO3057	1098490	Q93J46			Basal machinery
SCO3058	SCO3058	1098491	Q93J45			Basal machinery
SCO3061	SCO3061	1098494	Q9KZ84			Basal machinery
SCO3062	SCO3062	1098495	Q9KZ83			Basal machinery
SCO3063	SCO3063	1098496	Q9KZ82			M16.1
SCO3064	SCO3064	1098497	Q9KZ81			Basal machinery
SCO3069	SCO3069	1098502	Q9KZ79			Basal machinery
SCO3075	SCO3075	1098508	Q9KZ73			Basal machinery
SCO3076	SCO3076	1098509	Q9KZ72			Basal machinery
SCO3077	SCO3077	1098510	Q9KZ71			Basal machinery
SCO3079	SCO3079	1098512	Q9KZ69			Basal machinery
SCO3080	SCO3080	1098513	Q9KZ68			Basal machinery
SCO3081	SCO3081	1098514	Q9KZ67			Basal machinery
SCO3082	SCO3082	1098515	Q9KZ66			Basal machinery
SCO3083	SCO3083	1098516	Q9KZ65		integral membrane protein	Basal machinery
SCO3085	SCO3085	1098518	Q9KZ63			Basal machinery
SCO3086	SCO3086	1098519	Q9KZ62			Basal machinery
SCO3087	SCO3087	1098520				Basal machinery
SCO3091	SCO3091	1098525	Q9KZ58			Basal machinery
SCO3092	SCO3092	1098526	Q8CJX7			Basal machinery
SCO3095	SCO3095	1098529	Q9F2Q4			Basal machinery
SCO3097	SCO3097	1098531	Q9F2Q2			M18
SCO3098	SCO3098	1098532	Q9F2Q1			Basal machinery
SCO3099	SCO3099	1098533	Q9F2Q0			Basal machinery
SCO3101	SCO3101	1098535	Q9F2P8			Basal machinery
SCO3102	SCO3102	1098536	Q7AKM5			Basal machinery
SCO3103	SCO3103	1098537	Q9F2P7			Basal machinery
SCO3106	SCO3106	1098540	Q9F2P4			Basal machinery
SCO3108	SCO3108	1098542	Q9F2P2			Basal machinery
SCO3110	SCO3110	1098544	Q9F2P0			Basal machinery
SCO3111	SCO3111	1098545	Q9F2N9			Basal machinery
SCO3112	SCO3112	1098546	Q9F2N8			Basal machinery
SCO3113	SCO3113	1098547	Q9F2N7			Basal machinery
SCO3115	SCO3115	1098549	Q9F2N5			Basal machinery
SCO3116	SCO3116	1098550	Q9F2N4			Basal machinery
SCO3117	SCO3117	1098551	Q9F2N3			Basal machinery
SCO3118	SCO3118	1098552	Q9F2N2			Basal machinery
SCO3119	SCO3119	1098553	Q9F2N1			Basal machinery
SCO3120	SCO3120	1098554	Q9F2N0			Basal machinery
SCO3121	SCO3121	1098555	Q9F2M9			Basal machinery
SCO3126	SCO3126	1098560	Q9K3T7			Basal machinery
SCO3128	SCO3128	1098562	Q9K3T6			M1
SCO3129	SCO3129	1098563	Q9K3T5			M1
SCO3130	SCO3130	1098564	Q9K3T4			M1
SCO3133	SCO3133	1098567	Q9K3T1			M16.5
SCO3134	SCO3134	1098568	Q9K3T0			Basal machinery
SCO3137	SCO3137	1098571	Q9K3S7			Basal machinery
SCO3138	SCO3138	1098572	Q9K3S6			Basal machinery
SCO3139	SCO3139	1098573	Q9K3S5			M16.1
SCO3140	SCO3140	1098574	Q9K3S4			Basal machinery
SCO3145	SCO3145	1098579	Q9K3R9			Basal machinery
SCO3146	SCO3146	1098580	Q9K3R8			Basal machinery
SCO3147	SCO3147	1098581	Q9K3R7			Basal machinery
SCO3150	SCO3150	1098584	Q8CJX5			Basal machinery
SCO3151	SCO3151	1098585	Q9RKD6			Basal machinery
SCO3152	SCO3152	1098586	Q9RKD5			Basal machinery
SCO3154	SCO3154	1098588	Q9RKD3			M18
SCO3156	SCO3156	1098590	Q9RKD1			Basal machinery
SCO3157	SCO3157	1098591	Q9RKD0			Basal machinery
SCO3158	SCO3158	1098592	Q9RKC9			Basal machinery
SCO3159	SCO3159	1098593	Q9RKC8			M16.12
SCO3160	SCO3160	1098594	Q9RKC7			Basal machinery
SCO3161	SCO3161	1098595	Q9RKC6			Basal machinery
SCO3162	SCO3162	1098596	Q9RKC5		esterase	Basal machinery
SCO3166	SCO3166	1098600	Q9RKC1			Basal machinery
SCO3167	SCO3167	1098601	Q9RKC0			Basal machinery
SCO3169	SCO3169	1098603	Q9RKB8			Basal machinery
SCO3172	SCO3172	1098606	Q9RKB5			Basal machinery
SCO3173	SCO3173	1098607	Q9RKB4			Basal machinery
SCO3174	SCO3174	1098608	Q9RKB3			Basal machinery
SCO3175	SCO3175	1098609	Q9RKB2			Basal machinery
SCO3176	SCO3176	1098610	Q9RKB1			Basal machinery
SCO3177	SCO3177	1098611	Q9RKB0			Basal machinery
SCO3181	SCO3181	1098615	Q9RKA7			Basal machinery
SCO3184	SCO3184	1098618	Q8CJX4			Basal machinery
SCO3185	SCO3185	1098619	Q9KYW0			Basal machinery
SCO3186	SCO3186	1098620	Q9KYV9			Basal machinery
SCO3187	SCO3187	1098621	Q9KYV8		hypothetical protein	Basal machinery
SCO3194	SCO3194	1098628	Q9KYV1			Basal machinery
SCO3196	SCO3196	1098630	Q9KYU9			Basal machinery
SCO3197	SCO3197	1098631	Q9KYU8			Basal machinery
SCO3198	SCO3198	1098632	Q9KYU7			M16.1
SCO3199	SCO3199	1098633	Q9KYU6			Basal machinery
SCO3200	SCO3200	1098634	Q9KYU5			Basal machinery
SCO3201	SCO3201	1098635	Q9KYU4			M16.1
SCO3204	SCO3204	1098638	Q9KYU2			Basal machinery
SCO3205	SCO3205	1098639	Q9KYU1			Basal machinery
SCO3206	SCO3206	1098640	Q9KYU0			Basal machinery
SCO3207	SCO3207	1098641	Q9KYT9			Basal machinery
SCO3208	SCO3208	1098642	Q9Z4X3			Basal machinery
SCO3209	SCO3209	1098643	Q9Z4X2			Basal machinery
SCO3210	SCO3210	1098644	Q9Z4X1		2-dehydro-3-deoxyheptonate aldolase	Basal machinery
SCO3213	SCO3213	1098647	Q9Z4W8		anthranilate synthase component II	Basal machinery
SCO3215	SCO3215	1098649	Q9Z4W6		hypothetical protein	Basal machinery
SCO3216	SCO3216	1098650	Q9Z4W5			Basal machinery
SCO3217	SCO3217	1098651	Q9Z389		transcriptional regulator	M16.1
SCO3218	SCO3218	1098652	Q9Z388			Basal machinery
SCO3219	SCO3219	1098653	Q9Z360			Basal machinery
SCO3220	SCO3220	1098654	Q9Z4W4			Basal machinery
SCO3221	SCO3221	1098655	Q9Z4W3			Basal machinery
SCO3222	SCO3222	1098656	Q9Z4W2			Basal machinery
SCO3223	SCO3223	1098657	Q9Z4W1		ABC transporter integral membrane protein	Basal machinery
SCO3224	SCO3224	1098658	Q9S6T6		ABC transporter ATP-binding protein	Basal machinery
SCO3225	SCO3225	1098659	Q7AKM4		two component sensor kinase	M16.1
SCO3226	SCO3226	1098660	Q7AKM3		two component system response regulator	Global regulator
SCO3227	SCO3227	1098661	Q8CJX3		aminotransferase	M16.1
SCO3228	SCO3228	1098662	Q9Z4X8		glycolate oxidase	M16.1
SCO3229	SCO3229	1098663	Q9Z4X7		4-hydroxyphenylpyruvic acid dioxygenase	Intermodular
SCO3230	SCO3230	1098664	Q9Z4X6		CDA peptide synthetase I	M16.1
SCO3231	SCO3231	1098665	Q9Z4X5		CDA peptide synthetase II	Basal machinery
SCO3232	SCO3232	1098666	Q8CJX2		CDA peptide synthetase III	Basal machinery
SCO3233	SCO3233	1098667	Q9Z4Z8		hydrolase	Basal machinery
SCO3235	SCO3235	1098669	Q9Z4Z6			Basal machinery
SCO3237	SCO3237	1098671	Q9Z4Z4			Basal machinery
SCO3238	SCO3238	1098672	Q9Z4Z3			Basal machinery
SCO3239	SCO3239	1098673	Q9Z4Z2			Basal machinery
SCO3240	SCO3240	1098674	Q9Z4Z1			Basal machinery
SCO3241	SCO3241	1098675	Q9Z4Z0			Basal machinery
SCO3242	SCO3242	1098676	Q9Z4Y9			Basal machinery
SCO3243	SCO3243	1098677	Q9Z4Y8			Basal machinery
SCO3244	SCO3244	1098678	Q9Z4Y7			Basal machinery
SCO3245	SCO3245	1098679	Q9Z4Y6			Basal machinery
SCO3247	SCO3247	1098681	Q9Z4Y4		acyl CoA oxidase	Basal machinery
SCO3248	SCO3248	1098682	Q9Z4Y3		3-oxoacyl-[acyl carrier protein] synthase II	Basal machinery
SCO3249	SCO3249	1098683	Q9Z4Y2		acyl carrier protein	Basal machinery
SCO3255	SCO3255	1098689	Q9X8C8			Basal machinery
SCO3261	SCO3261	1098695	Q9X8D4			Basal machinery
SCO3262	SCO3262	1098696	Q9X8D5			Basal machinery
SCO3263	SCO3263	1098697	Q9X8D6			Basal machinery
SCO3264	SCO3264	1098698	Q9X8D7			Basal machinery
SCO3266	SCO3266	1098700	Q9X8D9			Basal machinery
SCO3275	SCO3275	1098709	Q9X8E8			Basal machinery
SCO3276	SCO3276	1098710	Q9X8E9			Basal machinery
SCO3278	SCO3278	1098712	Q9X8F1			Basal machinery
SCO3279	SCO3279	1098713	Q9X8F2			Basal machinery
SCO3280	SCO3280	1098714	Q9X8F3			Basal machinery
SCO3281	SCO3281	1098715	Q9X8F4			Basal machinery
SCO3282	SCO3282	1098716	Q9X8F5	cobH		Basal machinery
SCO3284	SCO3284	1098718	Q8CJX1			Basal machinery
SCO3285	SCO3285	1098719	Q9X877			Basal machinery
SCO3286	SCO3286	1098720	Q9X878			Basal machinery
SCO3287	SCO3287	1098721	Q9X879			Basal machinery
SCO3288	SCO3288	1098722	Q9X880			M4
SCO3289	SCO3289	1098723	Q9X881			Basal machinery
SCO3290	SCO3290	1098724	Q9X882			Basal machinery
SCO3291	SCO3291	1098725	Q9X883			M4
SCO3292	SCO3292	1098726	Q9X884			Basal machinery
SCO3294	SCO3294	1098728	Q9X886			Basal machinery
SCO3295	SCO3295	1098729	Q9X887			Basal machinery
SCO3296	SCO3296	1098730	Q9X888			Basal machinery
SCO3299	SCO3299	1098733	Q9X891			Basal machinery
SCO3300	SCO3300	1098734	Q9X892			Basal machinery
SCO3301	SCO3301	1098735	Q9X893			Basal machinery
SCO3302	SCO3302	1098736	Q9X894			Basal machinery
SCO3305	SCO3305	1098739	Q9WX28			Basal machinery
SCO3306	SCO3306	1098740	Q9WX27			Basal machinery
SCO3309	SCO3309	1098743	Q9WX24			Basal machinery
SCO3310	SCO3310	1098744	Q9WX23			Basal machinery
SCO3313	SCO3313	1098747	Q9WX21			Basal machinery
SCO3321	SCO3321	1098755	Q9WX13			Basal machinery
SCO3322	SCO3322	1098756	Q9WX12			Basal machinery
SCO3323	SCO3323	1098757	Q9WX11		RNA polymerase sigma factor	M16.1
SCO3324	SCO3324	1098758	Q9WX10			Basal machinery
SCO3325	SCO3325	1098759	Q9WX09			Basal machinery
SCO3326	SCO3326	1098760	Q9WX08			Basal machinery
SCO3327	SCO3327	1098761	Q9WX07			Basal machinery
SCO3328	SCO3328	1098762	Q9WX06		hypothetical protein	M16.1
SCO3330	SCO3330	1098764	Q9WX04			Basal machinery
SCO3331	SCO3331	1098765	Q9WX03			Basal machinery
SCO3332	SCO3332	1098766	Q9WX02			Basal machinery
SCO3333	SCO3333	1098767	Q9WX01			Basal machinery
SCO3338	SCO3338	1098775	Q9X8G2			Basal machinery
SCO3339	SCO3339	1098776	Q9X8G3			Basal machinery
SCO3340	SCO3340	1098777	Q9X8G4			Basal machinery
SCO3341	SCO3341	1098778	Q9X8G5			Basal machinery
SCO3342	SCO3342	1098779	Q9X8G6			Basal machinery
SCO3344	SCO3344	1098781	Q9X8G8			Basal machinery
SCO3346	SCO3346	1098783	Q9X8G9			Basal machinery
SCO3347	SCO3347	1098784	Q9X8H0			Basal machinery
SCO3350	SCO3350	1098787	Q8CJW9			Basal machinery
SCO3351	SCO3351	1098788	Q9X8L5			Basal machinery
SCO3355	SCO3355	1098792	Q9S6T7			Basal machinery
SCO3361	SCO3361	1098798	Q7AKL8			M16.1
SCO3362	SCO3362	1098799	Q9X8L9			M16.1
SCO3363	SCO3363	1098800	Q9X8M0			Basal machinery
SCO3365	SCO3365	1098802	Q9X8M2			Basal machinery
SCO3366	SCO3366	1098803	Q9X8M3			Basal machinery
SCO3367	SCO3367	1098804	Q9X8M4			Basal machinery
SCO3368	SCO3368	1098805	Q9X8M5			Basal machinery
SCO3369	SCO3369	1098806	Q9X8M6			Basal machinery
SCO3370	SCO3370	1098807	Q9X8M7			Basal machinery
SCO3373	SCO3373	1098810	Q9S6T8			Basal machinery
SCO3374	SCO3374	1098811	Q9X8N0			Basal machinery
SCO3375	SCO3375	1098812	Q9X8N1			M16.9
SCO3376	SCO3376	1098813	Q9X8N2			Basal machinery
SCO3377	SCO3377	1098814	Q9X8N3			Basal machinery
SCO3378	SCO3378	1098815	Q9X8N4			Basal machinery
SCO3379	SCO3379	1098816	Q9X8N5			Basal machinery
SCO3381	SCO3381	1098818	Q9X8N7			Basal machinery
SCO3384	SCO3384	1098821	Q9X845			Basal machinery
SCO3385	SCO3385	1098822	Q9X846			Basal machinery
SCO3394	SCO3394	1098831	Q8CJW8			Basal machinery
SCO3395	SCO3395	1098832	Q9X8H5			Basal machinery
SCO3396	SCO3396	1098833	Q9X8H6			Basal machinery
SCO3397	SCO3397	1098834	Q9X8H7			Basal machinery
SCO3398	SCO3398	1098835	Q9X8H8			Basal machinery
SCO3399	SCO3399	1098836	Q9X8H9			Basal machinery
SCO3401	SCO3401	1098838	Q9X8I1			Basal machinery
SCO3402	SCO3402	1098839	Q9X8I2			Basal machinery
SCO3405	SCO3405	1098842	Q9X8I5			Basal machinery
SCO3408	SCO3408	1098845	Q9X8I8			Basal machinery
SCO3415	SCO3415	1098852	Q9X8J4		esterase	Basal machinery
SCO3418	SCO3418	1098855	Q9X8J7			Basal machinery
SCO3419	SCO3419	1098856	Q9X8J8			Basal machinery
SCO3420	SCO3420	1098857	Q9X8J9			Basal machinery
SCO3421	SCO3421	1098858	Q9X8K0			Basal machinery
SCO3422	SCO3422	1098859	Q9X8K1			Basal machinery
SCO3423	SCO3423	1098860	Q9X8K2			Basal machinery
SCO3424	SCO3424	1098861	Q9X8K3			Basal machinery
SCO3426	SCO3426	1098863	Q9X8K5			Basal machinery
SCO3434	SCO3434	1098871	Q8CJW7			Basal machinery
SCO3441	SCO3441	1098878	Q9X8C1			Basal machinery
SCO3442	SCO3442	1098879	Q9X8C2			Basal machinery
SCO3445	SCO3445	1098882	Q9RKI7			Basal machinery
SCO3449	SCO3449	1098886	Q9RKI3			Basal machinery
SCO3450	SCO3450	1098887	Q9RKI2			Basal machinery
SCO3451	SCO3451	1098888	Q9RKI1			Basal machinery
SCO3459	SCO3459	1098896	Q9RKH3			Basal machinery
SCO3460	SCO3460	1098897	Q9RKH2			Basal machinery
SCO3461	SCO3461	1098898	Q9RKH1			Basal machinery
SCO3473	SCO3473	1098910	Q9RKG4			Basal machinery
SCO3475	SCO3475	1098912	Q9RKG2			Basal machinery
SCO3476	SCO3476	1098913	Q9RKG1			Basal machinery
SCO3478	SCO3478	1098915	Q9RKF9			Basal machinery
SCO3479	SCO3479	1098916	Q9RKF8			Basal machinery
SCO3481	SCO3481	1098918	Q9RKF6			Basal machinery
SCO3482	SCO3482	1098919	Q9RKF5			M18
SCO3483	SCO3483	1098920	Q9RKF4			Basal machinery
SCO3484	SCO3484	1098921	Q9RKF3			M18
SCO3485	SCO3485	1098922	Q9RKF2			Basal machinery
SCO3486	SCO3486	1098923	Q9RKF1			Basal machinery
SCO3487	SCO3487	1098924	Q9RKF0			Basal machinery
SCO3488	SCO3488	1098925				Basal machinery
SCO3492	SCO3492	1098928	Q9RKE6			Basal machinery
SCO3493	SCO3493	1098929	Q9RKE5			Basal machinery
SCO3496	SCO3496	1098932	Q9RKE2			Basal machinery
SCO3498	SCO3498	1098934	Q9RKE0			Basal machinery
SCO3499	SCO3499	1098935	Q9RKD9			Basal machinery
SCO3503	SCO3503	1098939	Q9X859			Basal machinery
SCO3504	SCO3504	1098940	Q9X860			Basal machinery
SCO3508	SCO3508	1098944	Q9X864			Basal machinery
SCO3509	SCO3509	1098945	Q9X865			Basal machinery
SCO3510	SCO3510	1098946	Q9X866			Basal machinery
SCO3511	SCO3511	1098947	Q9X867			Basal machinery
SCO3512	SCO3512	1098948	Q9X868			Basal machinery
SCO3513	SCO3513	1098949	Q9X869			Basal machinery
SCO3515	SCO3515	1098951	Q9X871			Basal machinery
SCO3517	SCO3517	1098953	Q9X873			Basal machinery
SCO3518	SCO3518	1098954	Q9X874			Basal machinery
SCO3519	SCO3519	1098955	Q9X875			Basal machinery
SCO3520	SCO3520	1098956	Q9X896			Basal machinery
SCO3521	SCO3521	1098957	Q9X897			Basal machinery
SCO3524	SCO3524	1098960	Q9X8A0			Basal machinery
SCO3534	SCO3534	1098970	Q9X8B0			Basal machinery
SCO3538	SCO3538	1098974	Q9X8B3			Basal machinery
SCO3540	SCO3540	1098976	Q7AKL3			Basal machinery
SCO3541	SCO3541	1098977	Q9X906			Basal machinery
SCO3542	SCO3542	1098978	Q9X908			Basal machinery
SCO3545	SCO3545	1098981	Q9X911			Basal machinery
SCO3548	SCO3548	1098984	Q9X914			Basal machinery
SCO3550	SCO3550	1098986	Q9X915			Basal machinery
SCO3558	SCO3558	1098994	Q9X923			Basal machinery
SCO3559	SCO3559	1098995	Q9X924			Basal machinery
SCO3560	SCO3560	1098996	Q9X925			Basal machinery
SCO3561	SCO3561	1098997	Q9X926			Basal machinery
SCO3562	SCO3562	1098998	Q9X927			Basal machinery
SCO3565	SCO3565	1099001	Q9X930			Basal machinery
SCO3566	SCO3566	1099002	Q9X931			Basal machinery
SCO3567	SCO3567	1099003	Q8CJW3			Basal machinery
SCO3571	SCO3571	1099007	Q9XA42			M16.1
SCO3573	SCO3573	1099009	Q9XA40			Basal machinery
SCO3574	SCO3574	1099010	Q9XA39			Basal machinery
SCO3580	SCO3580	1099016	Q8CJW2			Basal machinery
SCO3581	SCO3581	1099017	Q9X934			Basal machinery
SCO3582	SCO3582	1099018	Q9X935			Basal machinery
SCO3583	SCO3583	1099019	Q9X936			Basal machinery
SCO3584	SCO3584	1099020	Q9X937			Basal machinery
SCO3585	SCO3585	1099021	Q9X938			Basal machinery
SCO3588	SCO3588	1099024	Q9X941			Basal machinery
SCO3589	SCO3589	1099025	Q9X942		two component sensor kinase	M26
SCO3590	SCO3590	1099026	Q8CJW1		two-component system response regulator	M26
SCO3592	SCO3592	1099028	Q9XAL0		hypothetical protein	M26
SCO3593	SCO3593	1099029	Q9XAK9		hypothetical protein	M26
SCO3594	SCO3594	1099030	Q9XAK8		D-lactate dehydrogenase	M26
SCO3595	SCO3595	1099031	Q9XAK7	vanB	D-alanine:D-lactate ligase	M26
SCO3597	SCO3597	1099033	Q9XAK5			Basal machinery
SCO3598	SCO3598	1099034	Q9XAK4			Basal machinery
SCO3602	SCO3602	1099038	Q9XAK0			Basal machinery
SCO3603	SCO3603	1099039	Q9XAJ9			Basal machinery
SCO3604	SCO3604	1099040	Q9XAJ8			Basal machinery
SCO3605	SCO3605	1099041	Q9XAJ7			Basal machinery
SCO3606	SCO3606	1099042	Q9XAJ6			M16.1
SCO3607	SCO3607	1099043	Q9XAJ5			Basal machinery
SCO3608	SCO3608	1099044	Q9XAJ4			Basal machinery
SCO3609	SCO3609	1099045	Q9XAJ3			Basal machinery
SCO3610	SCO3610	1099046	Q9XAJ2			Basal machinery
SCO3611	SCO3611	1099047	Q9XAJ1			Basal machinery
SCO3612	SCO3612	1099048	Q9XAJ0			Basal machinery
SCO3613	SCO3613	1099049	Q9XAI9			Basal machinery
SCO3615	SCO3615	1099051	Q9XAI7			Basal machinery
SCO3616	SCO3616	1099052	Q9XAI6			Basal machinery
SCO3617	SCO3617	1099053	Q9XAI5			Basal machinery
SCO3619	SCO3619	1099055	Q9XAI3			Basal machinery
SCO3620	SCO3620	1099056	Q9XAI2			Basal machinery
SCO3622	SCO3622	1099058	Q9XAI0			Basal machinery
SCO3623	SCO3623	1099059	Q8CJW0			Basal machinery
SCO3625	SCO3625	1099061	Q9X8P2			Basal machinery
SCO3626	SCO3626	1099062	Q9X8P3			Basal machinery
SCO3630	SCO3630	1099066	Q9X8P7			Basal machinery
SCO3631	SCO3631	1099067	Q9X8P8			Basal machinery
SCO3632	SCO3632	1099068	Q9X8P9			Basal machinery
SCO3633	SCO3633	1099069	Q9X8Q0			Basal machinery
SCO3634	SCO3634	1099070	Q9X8Q1			Basal machinery
SCO3635	SCO3635	1099071	Q9X8Q2			Basal machinery
SCO3637	SCO3637	1099073	Q9X8Q4			Basal machinery
SCO3648	SCO3648	1099084	Q9X8R5			Basal machinery
SCO3653	SCO3653	1099089	Q9X8S0			Basal machinery
SCO3656	SCO3656	1099092	Q9X8S3			Basal machinery
SCO3659	SCO3659	1099095	Q9X8S6			Basal machinery
SCO3660	SCO3660	1099096	Q9X8S7		hypothetical protein	M18
SCO3662	SCO3662	1099098	Q9KYQ8			Basal machinery
SCO3663	SCO3663	1099099	Q9KYQ7			Basal machinery
SCO3664	SCO3664	1099100	Q9KYQ6			Basal machinery
SCO3665	SCO3665	1099101	Q9KYQ5			Basal machinery
SCO3672	SCO3672	1099108	P40180			Basal machinery
SCO3673	SCO3673	1099109	Q9X8V5			Basal machinery
SCO3675	SCO3675	1099111	Q9X8V7			Basal machinery
SCO3676	SCO3676	1099112	Q9X8V8			Basal machinery
SCO3677	SCO3677	1099113	Q9X8V9			Basal machinery
SCO3679	SCO3679	1099115	Q9X8W1			Basal machinery
SCO3680	SCO3680	1099116	Q9X8W2			Basal machinery
SCO3681	SCO3681	1099117	Q9X8W3			Basal machinery
SCO3682	SCO3682	1099118	Q9X8W4			Basal machinery
SCO3683	SCO3683	1099119	Q9X8W5			Basal machinery
SCO3684	SCO3684	1099120	Q9X8W6			Basal machinery
SCO3685	SCO3685	1099121	Q9X8W7			Basal machinery
SCO3686	SCO3686	1099122	Q9X8W8			Basal machinery
SCO3687	SCO3687	1099123	Q9X8W9			Basal machinery
SCO3688	SCO3688	1099124	Q9X8X0			Basal machinery
SCO3690	SCO3690	1099126	Q9X8X2			Basal machinery
SCO3691	SCO3691	1099127	Q9X8X3			Basal machinery
SCO3692	SCO3692	1099128	Q9X8X4			Basal machinery
SCO3697	SCO3697	1099133	Q9X8X9			Basal machinery
SCO3698	SCO3698	1099134	Q9X8Y0			Basal machinery
SCO3699	SCO3699	1099135	Q9X8Y1			Basal machinery
SCO3704	SCO3704	1099140	Q9X8Y6			Basal machinery
SCO3705	SCO3705	1099141	Q9X8Y7			Basal machinery
SCO3706	SCO3706	1099142	Q9X8Y8			Basal machinery
SCO3708	SCO3708	1099144	Q9X8Z0			Basal machinery
SCO3709	SCO3709	1099145	Q9X8Z1			Basal machinery
SCO3710	SCO3710	1099146	Q9X8Z2			Basal machinery
SCO3712	SCO3712	1099148	Q9X8Z4			Basal machinery
SCO3713	SCO3713	1099149	Q9X8Z5			Basal machinery
SCO3714	SCO3714	1099150	Q9X8Z6			Basal machinery
SCO3720	SCO3720		Q9X902			Basal machinery
SCO3722	SCO3722	1099158	Q9X904			Basal machinery
SCO3723	SCO3723	1099159	Q8CJV8			Basal machinery
SCO3724	SCO3724	1099160	Q9L0Y0			Basal machinery
SCO3726	SCO3726	1099162	Q9L0X8			Basal machinery
SCO3727	SCO3727	1099163	Q9L0X7		stress response protein	M16.1
SCO3728	SCO3728	1099164	Q9L0X6			Basal machinery
SCO3731	SCO3731	1099167	Q9L0X3			Basal machinery
SCO3734	SCO3734	1099170	Q9L0X0			Basal machinery
SCO3740	SCO3740	1099176	Q9L0W4			Basal machinery
SCO3746	SCO3746	1099182	Q9L0V8			Basal machinery
SCO3748	SCO3748	1099184	Q7AKL2			Basal machinery
SCO3749	SCO3749	1099185	Q9L0V6			Basal machinery
SCO3750	SCO3750	1099186	Q9L0V5			Basal machinery
SCO3761	SCO3761	1099197	Q9F2M0			Basal machinery
SCO3762	SCO3762	1099198	Q9F2L9			Basal machinery
SCO3763	SCO3763	1099199	Q9F2L8			Basal machinery
SCO3764	SCO3764	1099200	Q9F2L7			Basal machinery
SCO3765	SCO3765	1099201	Q9F2L6			Basal machinery
SCO3766	SCO3766	1099202	Q9F2L5			Basal machinery
SCO3767	SCO3767	1099203	Q9F2L4			Basal machinery
SCO3768	SCO3768	1099204	Q9F2L3			Basal machinery
SCO3770	SCO3770	1099206	Q9F2L1			Basal machinery
SCO3772	SCO3772	1099208	Q9F2K9			Basal machinery
SCO3773	SCO3773	1099209	Q9F2K8			Basal machinery
SCO3774	SCO3774	1099210	Q9F2K7			Basal machinery
SCO3775	SCO3775	1099211	Q9F2K6			Basal machinery
SCO3776	SCO3776	1099212	Q9F2K5			Basal machinery
SCO3777	SCO3777	1099213	Q9F2K4			Basal machinery
SCO3778	SCO3778	1099214	Q9F2K3			Basal machinery
SCO3779	SCO3779	1099215	Q9F2K2			Basal machinery
SCO3782	SCO3782	1099218	Q9F2J9			Basal machinery
SCO3785	SCO3785	1099221	Q9F2J6			Basal machinery
SCO3786	SCO3786	1099222	Q9F2J5			Basal machinery
SCO3787	SCO3787	1099223	Q9F2J4			Basal machinery
SCO3789	SCO3789	1099225	Q9F2J2			Basal machinery
SCO3790	SCO3790	1099226	Q9F2J1			Basal machinery
SCO3791	SCO3791	1099227	Q9F2J0			Basal machinery
SCO3794	SCO3794	1099230	Q9F324			Basal machinery
SCO3796	SCO3796	1099232	Q9F322			Basal machinery
SCO3797	SCO3797	1099233	Q9F321			Basal machinery
SCO3798	SCO3798	1099234	Q9F320			Basal machinery
SCO3799	SCO3799	1099235	Q9F319			Basal machinery
SCO3800	SCO3800	1099236	Q8CJV6			Basal machinery
SCO3802	SCO3802	1099238	Q9XA75			Basal machinery
SCO3805	SCO3805	1099241	Q9XA72			Basal machinery
SCO3807	SCO3807	1099243	Q9XA70			Basal machinery
SCO3808	SCO3808	1099244	Q9XA69			Basal machinery
SCO3811	SCO3811	1099247	Q9XA66			Basal machinery
SCO3812	SCO3812	1099248	Q9XA65			Basal machinery
SCO3813	SCO3813	1099249	Q9XA64			Basal machinery
SCO3814	SCO3814	1099250	Q9XA63			Basal machinery
SCO3815	SCO3815	1099251	Q9XA62			Basal machinery
SCO3816	SCO3816	1099252	Q9XA61			Basal machinery
SCO3819	SCO3819	1099255	Q9XA58			Basal machinery
SCO3820	SCO3820	1099256	Q9XA57			Basal machinery
SCO3823	SCO3823	1099259	Q9XA55			Basal machinery
SCO3824	SCO3824	1099260	Q9XA54			Basal machinery
SCO3825	SCO3825	1099261	Q9XA53			Basal machinery
SCO3829	SCO3829	1099265	Q9XA49		branched-chain alpha-keto acid dehydrogenase subunit E2	M2
SCO3830	SCO3830	1099266	Q9XA48		branched-chain alpha keto acid dehydrogenase E1 beta subunit	M2
SCO3831	SCO3831	1099267	Q8CJV5		E1-alpha branched-chain alpha keto acid dehydrogenase	M2
SCO3832	SCO3832	1099268	Q9XA32		transcriptional regulator	M2
SCO3835	SCO3835	1099271	Q9XA29			Basal machinery
SCO3836	SCO3836	1099272	Q9XA28			Basal machinery
SCO3837	SCO3837	1099273	Q9XA27			Basal machinery
SCO3838	SCO3838	1099274	Q9XA26			Basal machinery
SCO3839	SCO3839	1099275	Q9XA25			Basal machinery
SCO3840	SCO3840	1099276	Q9XA24			Basal machinery
SCO3842	SCO3842	1099278	Q9XA22			Basal machinery
SCO3843	SCO3843	1099279	Q9XA21			Basal machinery
SCO3845	SCO3845	1099281	Q9XA19			Basal machinery
SCO3846	SCO3846	1099282	Q9XA18			Basal machinery
SCO3847	SCO3847	1099283	Q9XA17			Basal machinery
SCO3848	SCO3848	1099284	Q9XA16			Basal machinery
SCO3849	SCO3849	1099285	Q9XA15			Basal machinery
SCO3850	SCO3850	1099286	Q9XA14			Basal machinery
SCO3851	SCO3851	1099287	Q9XA13			Basal machinery
SCO3852	SCO3852	1099288	Q9XA12			Basal machinery
SCO3853	SCO3853	1099289	Q9XA11			Basal machinery
SCO3855	SCO3855	1099291	Q9XA09			Basal machinery
SCO3856	SCO3856	1099292	Q9XA08			Basal machinery
SCO3857	SCO3857	1099293	Q9XA07			Basal machinery
SCO3859	SCO3859	1099295	Q9XA05			M16.1
SCO3860	SCO3860	1099296	Q9XA04			Basal machinery
SCO3862	SCO3862	1099298	Q9XA02			Basal machinery
SCO3863	SCO3863	1099299	Q9XA01			Basal machinery
SCO3867	SCO3867	1099303	Q9KXY1			Basal machinery
SCO3868	SCO3868	1099304	Q9KXY0			Basal machinery
SCO3869	SCO3869	1099305	Q9KXX9			Basal machinery
SCO3870	SCO3870	1099306	Q9KXX8			Basal machinery
SCO3871	SCO3871	1099307	Q9KXX7			Basal machinery
SCO3872	SCO3872	1099308	Q9KXX6			Basal machinery
SCO3875	SCO3875	1099311	P35925			Basal machinery
SCO3877	SCO3877	1099313	Q7AKL1			Basal machinery
SCO3882	SCO3882	1099318	O54625			Basal machinery
SCO3886	SCO3886	1099322	Q9S6U0			M16.1
SCO3887	SCO3887	1099323	Q9S6U1			M16.1
SCO3888	SCO3888	1099324	Q9R3S2			Basal machinery
SCO3892	SCO3892	1099328	Q9S6U3			M16.1
SCO3893	SCO3893	1099329	Q9X8S9			Basal machinery
SCO3894	SCO3894	1099330	Q9X8T0			Basal machinery
SCO3895	SCO3895	1099331	Q9X8T1			Basal machinery
SCO3896	SCO3896	1099332	Q9X8T2			Basal machinery
SCO3899	SCO3899	1099335	Q9X8T5			Basal machinery
SCO3900	SCO3900	1099336	Q9X8T6			Basal machinery
SCO3901	SCO3901	1099337	Q9X8T7			Basal machinery
SCO3905	SCO3905	1099341	Q9X8U1			Basal machinery
SCO3910	SCO3910	1099346	Q9X8U6			Basal machinery
SCO3911	SCO3911	1099347	Q9X8U7			Basal machinery
SCO3915	SCO3915	1099351	Q9X8V1			Basal machinery
SCO3916	SCO3916	1099352	Q9X8V2			Basal machinery
SCO3917	SCO3917	1099353	Q9X8V3			Basal machinery
SCO3918	SCO3918	1099354	Q8CJV3			Basal machinery
SCO3919	SCO3919	1099355	Q7AKL0			Basal machinery
SCO3922	SCO3922	1099358	Q53868			Basal machinery
SCO3923	SCO3923	1099359	Q53867			Basal machinery
SCO3924	SCO3924	1099360	Q53866			Basal machinery
SCO3925	SCO3925	1099361	Q9X9U3		transcriptional regulator	M16.1
SCO3926	SCO3926	1099362	Q9X9U2		regulator	M16.1
SCO3927	SCO3927	1099363	Q9X9U1			Basal machinery
SCO3931	SCO3931	1099367	Q9X9T7			Basal machinery
SCO3932	SCO3932	1099368	Q9X9T6			M16.1
SCO3933	SCO3933	1099369	Q9X9T5			Basal machinery
SCO3935	SCO3935	1099371	Q9ZBZ5			Basal machinery
SCO3938	SCO3938	1099374	Q9ZBZ2			Basal machinery
SCO3940	SCO3940	1099376	Q9ZBZ0			Basal machinery
SCO3941	SCO3941	1099377	Q7AKK9			Basal machinery
SCO3942	SCO3942	1099378	Q9ZBY9			Basal machinery
SCO3943	SCO3943	1099379	Q7AKK8			Basal machinery
SCO3945	SCO3945	1099381	Q9ZBY7		cytochrome oxidase subunit I	M34
SCO3946	SCO3946	1099382	Q9ZBY6		cytochrome oxidase subunit II	M34
SCO3947	SCO3947	1099383	Q9ZBY5		ABC transporter	M34
SCO3950	SCO3950	1099386	Q9ZBY2			Basal machinery
SCO3954	SCO3954	1099390	Q9ZBX8			Basal machinery
SCO3956	SCO3956	1099392	Q9ZBX6			Basal machinery
SCO3957	SCO3957	1099393	Q9ZBX5			Basal machinery
SCO3958	SCO3958	1099394	Q9ZBX4			Basal machinery
SCO3959	SCO3959	1099395	Q9ZBX3			Basal machinery
SCO3962	SCO3962	1099398	Q9ZBX0			Basal machinery
SCO3963	SCO3963	1099399	Q9ZBW9			Basal machinery
SCO3965	SCO3965	1099401	Q93J41			Basal machinery
SCO3966	SCO3966	1099402	Q93J40			Basal machinery
SCO3967	SCO3967	1099403	Q93J39			Basal machinery
SCO3968	SCO3968	1099404	Q93J38			Basal machinery
SCO3971	SCO3971	1099407	Q93J36			Basal machinery
SCO3972	SCO3972	1099408	Q93J35			Basal machinery
SCO3975	SCO3975	1099411	Q93J32			Basal machinery
SCO3976	SCO3976	1099412	Q93J31			Basal machinery
SCO3977	SCO3977	1099413	Q93J30			Basal machinery
SCO3978	SCO3978	1099414	Q93J29			Basal machinery
SCO3979	SCO3979	1099415	Q93J28			Basal machinery
SCO3986	SCO3986	1099422	Q93J21			Basal machinery
SCO3988	SCO3988	1099424	Q93J19			Basal machinery
SCO3989	SCO3989	1099425	Q93J18			Basal machinery
SCO3990	SCO3990	1099426	Q93J17			Basal machinery
SCO3991	SCO3991	1099427				Basal machinery
SCO3992	SCO3992	1099428	Q93J16			Basal machinery
SCO3993	SCO3993	1099429	Q93J15			Basal machinery
SCO3995	SCO3995	1099431	Q93J13			Basal machinery
SCO3997	SCO3997	1099433	Q93J11			Basal machinery
SCO3999	SCO3999	1099435	Q9ADQ6			M16.1
SCO4000	SCO4000	1099436	Q9ADQ5			Basal machinery
SCO4001	SCO4001	1099437	Q9ADQ4			Basal machinery
SCO4002	SCO4002	1099438	Q9ADQ3		secreted protein	M16.1
SCO4003	SCO4003	1099439	Q9ADQ2			Basal machinery
SCO4004	SCO4004	1099440	Q9ADQ1			Basal machinery
SCO4005	SCO4005	1099441	Q9ADQ0			Basal machinery
SCO4007	SCO4007	1099443	Q9ADP8			Basal machinery
SCO4008	SCO4008	1099444	Q9ADP7			Basal machinery
SCO4010	SCO4010	1099446	Q9ADP5			Basal machinery
SCO4011	SCO4011	1099447	Q7AKK7			M12
SCO4012	SCO4012	1099448	Q9ADP4			Basal machinery
SCO4013	SCO4013	1099449	Q9ADP3			Basal machinery
SCO4015	SCO4015	1099451	Q9ADP1			Basal machinery
SCO4016	SCO4016	1099452	Q9ADP0			Basal machinery
SCO4018	SCO4018	1099454	Q9ADN9		hypothetical protein	M16.3
SCO4019	SCO4019	1099455	Q9ADN8			Basal machinery
SCO4020	SCO4020	1099456	Q9ADN7			Basal machinery
SCO4021	SCO4021	1099457	Q9ADN6			Basal machinery
SCO4024	SCO4024	1099460	Q7AKK6		integral membrane efflux protein	M3
SCO4025	SCO4025	1099461	Q9ADN3		tetR family transcriptional regulatory protein	M3
SCO4026	SCO4026	1099462	Q9ADN2			Basal machinery
SCO4027	SCO4027	1099463	Q9ADN1			Basal machinery
SCO4028	SCO4028	1099464	Q9ADN0			Basal machinery
SCO4029	SCO4029	1099465	Q9ADM9			Basal machinery
SCO4030	SCO4030	1099466	Q9ADM8			Basal machinery
SCO4033	SCO4033	1099469	Q9ADM5			Basal machinery
SCO4034	SCO4034	1099470	Q9ADM4		RNA polymerase sigma factor	M16.1
SCO4037	SCO4037	1099473	Q9AK80			Basal machinery
SCO4039	SCO4039	1099475	Q9AK78			Basal machinery
SCO4040	SCO4040	1099476	Q9AK77			Basal machinery
SCO4042	SCO4042	1099478	Q9AK75			Basal machinery
SCO4043	SCO4043	1099479	Q9AK74			Basal machinery
SCO4044	SCO4044	1099480	Q9AK73			Basal machinery
SCO4046	SCO4046	1099482	Q9AK71			Basal machinery
SCO4047	SCO4047	1099483	Q9AK70			Basal machinery
SCO4049	SCO4049	1099485	Q9AK68			Basal machinery
SCO4054	SCO4054	1099490	Q9AK63			Basal machinery
SCO4055	SCO4055	1099491	Q9AK62			Basal machinery
SCO4056	SCO4056	1099492	Q9AK61			Basal machinery
SCO4057	SCO4057	1099493	Q9AK60			Basal machinery
SCO4060	SCO4060	1099496	Q9AK57			Basal machinery
SCO4063	SCO4063	1099499	Q9AK54			Basal machinery
SCO4067	SCO4067	1099504	Q9RKL5			Basal machinery
SCO4069	SCO4069	1099506	Q9RKL3			Basal machinery
SCO4070	SCO4070	1099507	Q9RKL2			Basal machinery
SCO4072	SCO4072	1099509	Q9RKL0		LuxR family two component system response regulator	M16.1
SCO4073	SCO4073	1099510	Q9RKK9		sensor kinase	M16.1
SCO4074	SCO4074	1099511	Q7AKK5		integral membrane protein	M16.1
SCO4075	SCO4075	1099512	Q7AKK4		ABC transport protein, ATP-binding subunit	M16.1
SCO4076	SCO4076	1099513	Q9RKK8			Basal machinery
SCO4080	SCO4080	1099517	Q9RKK4			Basal machinery
SCO4088	SCO4088	1099525	Q9RKJ8			Basal machinery
SCO4090	SCO4090	1099527	Q06542			Basal machinery
SCO4091	SCO4091	1099528	Q9RKJ5		DNA-binding protein	M16.1
SCO4092	SCO4092	1099529	Q9RKJ4			Basal machinery
SCO4093	SCO4093	1099530	Q9RKJ3			Basal machinery
SCO4094	SCO4094	1099531	Q9RKJ2			Basal machinery
SCO4096	SCO4096	1099533	Q9RKJ0			Basal machinery
SCO4097	SCO4097	1099534	Q8CJU9			Basal machinery
SCO4102	SCO4102	1099539	Q9RKM5			Basal machinery
SCO4103	SCO4103	1099540	Q9RKM4			Basal machinery
SCO4104	SCO4104	1099541	Q9RKM3			Basal machinery
SCO4107	SCO4107	1099544	Q9RKM0			Basal machinery
SCO4108	SCO4108	1099545	Q9RKL9			Basal machinery
SCO4109	SCO4109	1099546	Q8CJU8			Basal machinery
SCO4114	SCO4114	1099551	Q7AKK1			Basal machinery
SCO4115	SCO4115	1099552	Q8CJU7			Basal machinery
SCO4116	SCO4116	1099553	Q9KYF4			Basal machinery
SCO4117	SCO4117	1099554	Q9KYF3			Global regulator
SCO4118	SCO4118	1099555	Q9KYF2		TetR family transcriptional regulator	M16.1
SCO4119	SCO4119	1099556	Q9KYF1			Basal machinery
SCO4120	SCO4120	1099557	Q9KYF0			Basal machinery
SCO4122	SCO4122	1099559	Q9KYE8			M16.1
SCO4123	SCO4123	1099563	Q9KYE7			Basal machinery
SCO4125	SCO4125	1099565	Q9KYE5			Basal machinery
SCO4126	SCO4126	1099566	Q9KYE4			Basal machinery
SCO4127	SCO4127	1099567	Q9KYE3			Basal machinery
SCO4129	SCO4129	1099569	Q9KYE1			Basal machinery
SCO4130	SCO4130	1099570	Q9KYE0			Basal machinery
SCO4131	SCO4131	1099571	Q9KYD9			Basal machinery
SCO4132	SCO4132	1099572	Q9KYD8			Basal machinery
SCO4133	SCO4133	1099573	Q9KYD7			Basal machinery
SCO4134	SCO4134	1099574	Q8CJU6			Basal machinery
SCO4135	SCO4135	1099575	Q9KZW6			Basal machinery
SCO4136	SCO4136	1099576	Q9KZW5			Basal machinery
SCO4137	SCO4137	1099577	Q9KZW4			Basal machinery
SCO4138	SCO4138	1099578	Q9KZW3			Basal machinery
SCO4140	SCO4140	1099580	Q9KZW1			Basal machinery
SCO4141	SCO4141	1099581	Q9KZW0			Basal machinery
SCO4142	SCO4142	1099582	Q9KZV9		phosphate-binding protein precursor	M16.1
SCO4144	SCO4144	1099584	Q9KZV7			Basal machinery
SCO4146	SCO4146	1099586	Q9KZV5			Basal machinery
SCO4152	SCO4152	1099592	Q9KZU9			Basal machinery
SCO4156	SCO4156	1099596	Q9KZU5			Basal machinery
SCO4157	SCO4157	1099597	Q9KZU4			Basal machinery
SCO4158	SCO4158	1099598	Q05954			Basal machinery
SCO4160	SCO4160	1099600	Q9KZU2			Basal machinery
SCO4162	SCO4162	1099602	Q9KZU0			Basal machinery
SCO4163	SCO4163	1099603	Q9KZT9			Basal machinery
SCO4164	SCO4164	1099604	Q8CJU5			Basal machinery
SCO4165	SCO4165	1099605	Q9K4H3			Basal machinery
SCO4166	SCO4166	1099606	Q9K4H2			Basal machinery
SCO4171	SCO4171	1099611	Q9K4G7			Basal machinery
SCO4173	SCO4173	1099613	Q9K4G5			Basal machinery
SCO4174	SCO4174	1099614	Q9K4G4			Basal machinery
SCO4175	SCO4175	1099615	Q9K4G3			Basal machinery
SCO4176	SCO4176	1099616	Q9K4G2			Basal machinery
SCO4177	SCO4177	1099617	Q9K4G1			Basal machinery
SCO4178	SCO4178	1099618	Q9K4G0			Basal machinery
SCO4180	SCO4180	1099620	Q9K4F8		iron uptake regulatory protein	M16.12
SCO4181	SCO4181	1099621	Q9K4F7			Basal machinery
SCO4183	SCO4183	1099623				M16.1
SCO4186	SCO4186	1099626	Q9K4F4			Basal machinery
SCO4187	SCO4187	1099627	Q8CJU4			Basal machinery
SCO4190	SCO4190	1099630	Q9FCH9		GntR family transcriptional regulator	M6
SCO4191	SCO4191	1099631	Q9FCH8		hydrolase	M6
SCO4193	SCO4193	1099633	Q9FCH6			Basal machinery
SCO4198	SCO4198	1099638	Q9FCH1			M16.1
SCO4199	SCO4199	1099639	Q9FCH0			Basal machinery
SCO4203	SCO4203	1099643	Q9FCG6			Basal machinery
SCO4205	SCO4205	1099645	Q9FCG4			Basal machinery
SCO4206	SCO4206	1099646	Q9FCG3			Basal machinery
SCO4207	SCO4207	1099647	Q9FCG2			Basal machinery
SCO4208	SCO4208	1099648	Q9FCG1			Basal machinery
SCO4211	SCO4211	1099651	Q9FCF9			Basal machinery
SCO4212	SCO4212	1099652	Q9FCF8			Basal machinery
SCO4213	SCO4213	1099653	Q9FCF7			Basal machinery
SCO4214	SCO4214	1099654	Q9FCF6			Basal machinery
SCO4215	SCO4215	1099655	Q9FCF5			Basal machinery
SCO4216	SCO4216	1099656	Q9FCF4			Basal machinery
SCO4218	SCO4218	1099658	Q9FCF2			Basal machinery
SCO4219	SCO4219	1099659	Q9FCF1			Basal machinery
SCO4220	SCO4220	1099660	Q9FCF0			Basal machinery
SCO4221	SCO4221	1099661	Q9FCE9			Basal machinery
SCO4224	SCO4224	1099664	Q9FCE6			Basal machinery
SCO4225	SCO4225	1099665	Q9FCE5			M12
SCO4226	SCO4226	1099666	Q9FCE4			M16.1
SCO4227	SCO4227	1099667	Q9FCE3			M16.1
SCO4228	SCO4228	1099668	Q8CJU3		phosphate transport system regulator	M16.1
SCO4229	SCO4229	1099669	Q9L0R2		sensor kinase	M16.1
SCO4230	SCO4230	1099670	Q9L0R1		response regulator	Global regulator
SCO4231	SCO4231	1099671	Q9L0R0			Basal machinery
SCO4232	SCO4232	1099672	Q9L0Q9			Basal machinery
SCO4237	SCO4237	1099677	Q9L0Q4			M16.1
SCO4238	SCO4238	1099678	Q9L0Q3			Basal machinery
SCO4239	SCO4239	1099679	Q9L0Q2			Basal machinery
SCO4240	SCO4240	1099680	Q9L0Q1			Basal machinery
SCO4241	SCO4241	1099681	Q9L0Q0			Basal machinery
SCO4242	SCO4242	1099682	Q9L0P9			Basal machinery
SCO4244	SCO4244	1099684	Q9L0P7			Basal machinery
SCO4245	SCO4245	1099685	Q9L0P6			Basal machinery
SCO4246	SCO4246	1099686	Q9L0P5			Basal machinery
SCO4247	SCO4247	1099687	Q9L0P4			Basal machinery
SCO4248	SCO4248	1099688	Q9L0P3			Basal machinery
SCO4249	SCO4249	1099689	Q9L0P2			Basal machinery
SCO4250	SCO4250	1099690	Q9L0P1			Basal machinery
SCO4251	SCO4251	1099691	Q9L0P0			Basal machinery
SCO4252	SCO4252	1099692	Q9L0N9			Basal machinery
SCO4253	SCO4253	1099693	Q9L0N8			Basal machinery
SCO4254	SCO4254	1099694	Q9L0N7			Basal machinery
SCO4255	SCO4255	1099695	Q9L0N6			Basal machinery
SCO4256	SCO4256	1099696	Q9L0N5			Basal machinery
SCO4257	SCO4257	1099697	Q9L0N4			Basal machinery
SCO4258	SCO4258	1099698	Q9L0N3			Basal machinery
SCO4259	SCO4259	1099699	Q9L0N2			Basal machinery
SCO4260	SCO4260	1099700	Q8CJU2			Basal machinery
SCO4261	SCO4261	1099701	Q9K4F1		response regulator	Basal machinery
SCO4262	SCO4262	1099702	Q9K4F0		hypothetical protein	Basal machinery
SCO4263	SCO4263	1099703	Q9K4E9			Basal machinery
SCO4265	SCO4265	1099705	Q9FBQ5			Basal machinery
SCO4276	SCO4276	1099716	Q9KXW5			Basal machinery
SCO4277	SCO4277	1099717	Q9KXW4			Basal machinery
SCO4278	SCO4278	1099718	Q9KXW3			Basal machinery
SCO4279	SCO4279	1099719	Q9KXW2			Basal machinery
SCO4280	SCO4280	1099720	Q9KXW1			Basal machinery
SCO4281	SCO4281	1099721	Q9KXW0			Basal machinery
SCO4282	SCO4282	1099722	Q9KXV9			Basal machinery
SCO4284	SCO4284	1099724	Q9KXV7			Basal machinery
SCO4285	SCO4285	1099725	Q9KXV6			Basal machinery
SCO4286	SCO4286	1099726	Q9KXV5			Basal machinery
SCO4287	SCO4287	1099727	Q9KXV4			Basal machinery
SCO4288	SCO4288	1099728	Q9KXV3			Basal machinery
SCO4289	SCO4289	1099729	Q9KXV2			Basal machinery
SCO4290	SCO4290	1099730	Q9KXV1			Basal machinery
SCO4291	SCO4291	1099731	Q9KXV0			Basal machinery
SCO4292	SCO4292	1099732	Q9KXU9			Basal machinery
SCO4293	SCO4293	1099733	Q9KXU8			Basal machinery
SCO4294	SCO4294	1099734	Q9KXU7			Basal machinery
SCO4295	SCO4295	1099735	Q9KXU6			Basal machinery
SCO4297	SCO4297	1099737	Q9KXU4			Basal machinery
SCO4298	SCO4298	1099738	Q9KXU3			Basal machinery
SCO4299	SCO4299	1099739	Q9KXU2			Basal machinery
SCO4300	SCO4300	1099740	Q9KXU1			Basal machinery
SCO4303	SCO4303	1099743	Q9KXT8			Basal machinery
SCO4304	SCO4304	1099744	Q9KXT7			Basal machinery
SCO4305	SCO4305	1099745	Q9KXT6			Basal machinery
SCO4311	SCO4311	1099751	Q9KXT0			Basal machinery
SCO4312	SCO4312	1099752	Q9KXS9			Basal machinery
SCO4313	SCO4313	1099753	Q9KXS8			Basal machinery
SCO4314	SCO4314	1099754	Q9KXS7			Basal machinery
SCO4316	SCO4316	1099756	Q9KXS5			Basal machinery
SCO4317	SCO4317	1099757	Q9KXS4			Basal machinery
SCO4320	SCO4320	1099760	Q9KXN7			Basal machinery
SCO4321	SCO4321	1099761	Q9KXN6			Basal machinery
SCO4322	SCO4322	1099762	Q9KXN5			Basal machinery
SCO4323	SCO4323	1099763	Q9KXN4			Basal machinery
SCO4324	SCO4324	1099764	Q9KXN3			Basal machinery
SCO4325	SCO4325	1099765	Q9KXN2			Basal machinery
SCO4328	SCO4328	1099768	Q9KXM9			Basal machinery
SCO4329	SCO4329	1099769	Q9KXM8			Basal machinery
SCO4330	SCO4330	1099770	Q9KXM7			Basal machinery
SCO4332	SCO4332	1099772	Q9KXM5			Basal machinery
SCO4333	SCO4333	1099773	Q9KXM4			Basal machinery
SCO4334	SCO4334	1099774	Q9KXM3			Basal machinery
SCO4335	SCO4335	1099775	Q9KXM2			Basal machinery
SCO4336	SCO4336	1099776	Q9KXM1			Basal machinery
SCO4337	SCO4337	1099777	Q9KXM0			Basal machinery
SCO4338	SCO4338	1099778	Q9KXL9			Basal machinery
SCO4340	SCO4340	1099780	Q9KXL7			Basal machinery
SCO4341	SCO4341	1099781	Q9KXL6			Basal machinery
SCO4342	SCO4342	1099782	Q9KXL5			Basal machinery
SCO4343	SCO4343	1099783	Q9KXL4			Basal machinery
SCO4344	SCO4344	1099784	Q9KXL3			Basal machinery
SCO4345	SCO4345	1099785	Q9KXL2			Basal machinery
SCO4346	SCO4346	1099786	Q8CJU0			Basal machinery
SCO4351	SCO4351	1099791	Q9F2Z6			Basal machinery
SCO4352	SCO4352	1099792	Q9F2Z5			Basal machinery
SCO4353	SCO4353	1099793				Basal machinery
SCO4354	SCO4354	1099794	Q9F2Z3			Basal machinery
SCO4355	SCO4355	1099795	Q9F2Z2			Basal machinery
SCO4357	SCO4357	1099797	Q9F2Z0			Basal machinery
SCO4358	SCO4358	1099798	Q9F2Y9			Basal machinery
SCO4359	SCO4359	1099799	Q9F2Y8			Basal machinery
SCO4363	SCO4363	1099803	Q9F2Y4			Basal machinery
SCO4370	SCO4370	1099810				Basal machinery
SCO4371	SCO4371	1099811	Q9K3X3			Basal machinery
SCO4372	SCO4372	1099812	Q9K3X2			Basal machinery
SCO4373	SCO4373	1099813	Q9K3X1			Basal machinery
SCO4374	SCO4374	1099814	Q9K3X0			Basal machinery
SCO4377	SCO4377	1099817	Q9K3W7			Basal machinery
SCO4378	SCO4378	1099818	Q9K3W6			Basal machinery
SCO4382	SCO4382	1099822	Q9K3W2			Basal machinery
SCO4383	SCO4383	1099823	Q9K3W1			Basal machinery
SCO4384	SCO4384	1099824	Q9K3W0			Basal machinery
SCO4386	SCO4386	1099826	Q9K3V8			Basal machinery
SCO4388	SCO4388	1099828	Q9K3V6			Basal machinery
SCO4389	SCO4389	1099829	Q9K3V5			Basal machinery
SCO4391	SCO4391	1099831	Q9K3V3			Basal machinery
SCO4392	SCO4392	1099832	Q9K3V2			Basal machinery
SCO4393	SCO4393	1099833	Q9K3V1			Basal machinery
SCO4396	SCO4396	1099836	Q9K3U9			Basal machinery
SCO4397	SCO4397	1099837	Q9K3U8			Basal machinery
SCO4398	SCO4398	1099838	Q9K3U7			Basal machinery
SCO4399	SCO4399	1099839	Q9K3U6			Basal machinery
SCO4401	SCO4401	1099841	Q9K3U4			Basal machinery
SCO4402	SCO4402	1099842	Q9K3U3			Basal machinery
SCO4404	SCO4404	1099844	Q9F384			Basal machinery
SCO4405	SCO4405	1099845	Q9F383			Basal machinery
SCO4408	SCO4408	1099848	Q9F380			Basal machinery
SCO4409	SCO4409	1099849	Q9F379			Basal machinery
SCO4410	SCO4410	1099850	Q9F378			Basal machinery
SCO4412	SCO4412	1099852	Q9F376			Basal machinery
SCO4413	SCO4413	1099853	Q9F375			Basal machinery
SCO4414	SCO4414	1099854	Q9F374			Basal machinery
SCO4418	SCO4418	1099858	Q9F370			Basal machinery
SCO4419	SCO4419	1099859	Q9F369			Basal machinery
SCO4420	SCO4420	1099860	Q9F368			Basal machinery
SCO4421	SCO4421	1099861	Q9F367			Basal machinery
SCO4422	SCO4422	1099862	Q9F366			Basal machinery
SCO4424	SCO4424	1099864	Q9L001			Basal machinery
SCO4425	SCO4425	1099865	Q7AKJ6		sigma-like protein	Global regulator
SCO4427	SCO4427	1099867	Q9KZZ9			Basal machinery
SCO4428	SCO4428	1099868	Q9KZZ8			Basal machinery
SCO4430	SCO4430	1099870	Q9KZZ6			Basal machinery
SCO4431	SCO4431	1099871	Q9KZZ5			Basal machinery
SCO4432	SCO4432	1099872	Q9KZZ4			Basal machinery
SCO4433	SCO4433	1099873	Q9KZZ3			Basal machinery
SCO4434	SCO4434	1099874	Q9KZZ2			Basal machinery
SCO4435	SCO4435	1099875	Q9KZZ1			Basal machinery
SCO4438	SCO4438	1099878	Q9KZY8			Basal machinery
SCO4439	SCO4439	1099879	Q9KZY7			Basal machinery
SCO4440	SCO4440	1099880	Q9KZY6			Basal machinery
SCO4441	SCO4441	1099881	Q9KZY5			Basal machinery
SCO4442	SCO4442	1099882	Q9KZY4			Basal machinery
SCO4447	SCO4447	1099887	Q9KZX9			Basal machinery
SCO4451	SCO4451	1099891	Q9KZX5			Basal machinery
SCO4452	SCO4452	1099892	Q9KZX4			Basal machinery
SCO4454	SCO4454	1099894	Q9KZX2			Basal machinery
SCO4455	SCO4455	1099895	Q9KZX1			Basal machinery
SCO4456	SCO4456	1099896	Q9KZX0			Basal machinery
SCO4459	SCO4459	1099899	Q9F2T0			Basal machinery
SCO4460	SCO4460	1099900	Q9F2S9			Basal machinery
SCO4461	SCO4461	1099901	Q9F2S8			Basal machinery
SCO4462	SCO4462	1099902	Q9F2S7			Basal machinery
SCO4463	SCO4463	1099903	Q9F2S6			Basal machinery
SCO4466	SCO4466	1099906	Q9F2S3			Basal machinery
SCO4467	SCO4467	1099907	Q9F2S2			Basal machinery
SCO4468	SCO4468	1099908	Q9F2S1			Basal machinery
SCO4470	SCO4470	1099910	Q9F2R9			Basal machinery
SCO4471	SCO4471	1099911	Q9F2R8			Basal machinery
SCO4472	SCO4472	1099912	Q9F2R7			Basal machinery
SCO4473	SCO4473	1099913	Q9F2R6			Basal machinery
SCO4474	SCO4474	1099914	Q9F2R5			Basal machinery
SCO4475	SCO4475	1099915	Q9F2R4			Basal machinery
SCO4476	SCO4476	1099916	Q9F2R3			Basal machinery
SCO4479	SCO4479	1099919	Q9F2R0			Basal machinery
SCO4480	SCO4480	1099920	Q9F2Q9			Basal machinery
SCO4487	SCO4487	1099927	Q7AKJ5			Basal machinery
SCO4488	SCO4488	1099928	Q9KYP5			Basal machinery
SCO4489	SCO4489	1099929	Q9KYP4			Basal machinery
SCO4490	SCO4490	1099930	Q9KYP3			Basal machinery
SCO4491	SCO4491	1099931	Q9KYP2	ubiA		Basal machinery
SCO4492	SCO4492	1099932	Q9KYP1			Basal machinery
SCO4493	SCO4493	1099933	Q9KYP0			Basal machinery
SCO4495	SCO4495	1099935	Q9L0U9			Basal machinery
SCO4497	SCO4497	1099937	Q9L0U7			Basal machinery
SCO4498	SCO4498	1099938	Q9L0U6			Basal machinery
SCO4501	SCO4501	1099941	Q9L0U3			Basal machinery
SCO4503	SCO4503	1099943	Q9L0U1			Basal machinery
SCO4505	SCO4505	1099945	Q9L0T9			Basal machinery
SCO4507	SCO4507	1099947	Q9L0T7			Basal machinery
SCO4508	SCO4508	1099948	Q9L0T6			Basal machinery
SCO4509	SCO4509	1099949	Q9L0T5			Basal machinery
SCO4512	SCO4512	1099952	Q9L0T2			Basal machinery
SCO4513	SCO4513	1099953	Q9L0T1			M18
SCO4514	SCO4514	1099954	Q9L0T0			Basal machinery
SCO4515	SCO4515	1099955	Q9L0S9			Basal machinery
SCO4516	SCO4516	1099956	Q9L0S8			Basal machinery
SCO4518	SCO4518	1099958	Q9L0S6			Basal machinery
SCO4519	SCO4519	1099959	Q9L0S5			Basal machinery
SCO4521	SCO4521	1099961	Q9L0S3			Basal machinery
SCO4522	SCO4522	1099962	Q9L0S2			Basal machinery
SCO4523	SCO4523	1099963	Q9L0S1			Basal machinery
SCO4524	SCO4524	1099964	Q9L0S0			Basal machinery
SCO4526	SCO4526	1099966	Q9L0R8			Basal machinery
SCO4527	SCO4527	1099967	Q9L0R7			Basal machinery
SCO4528	SCO4528	1099968	Q9L0R6			Basal machinery
SCO4529	SCO4529	1099969	Q9L0R5			Basal machinery
SCO4530	SCO4530	1099970	Q8CJT4			Basal machinery
SCO4531	SCO4531	1099971	Q9F3G9			Basal machinery
SCO4532	SCO4532	1099972	Q9F3G8			Basal machinery
SCO4534	SCO4534	1099974	Q9F3G6			Basal machinery
SCO4540	SCO4540	1099980	Q9F3G0			Basal machinery
SCO4541	SCO4541	1099981	Q9F3F9			Basal machinery
SCO4542	SCO4542	1099982	Q9XD97			Basal machinery
SCO4543	SCO4543	1099983	Q9F3F8			M16.1
SCO4544	SCO4544	1099984	Q9XD95			Basal machinery
SCO4545	SCO4545	1099985	Q9XD94			Basal machinery
SCO4547	SCO4547	1099987	Q9F3F6			Basal machinery
SCO4548	SCO4548	1099988	Q8CJT3			Basal machinery
SCO4549	SCO4549	1099989	Q9XAP1			Basal machinery
SCO4551	SCO4551	1099991	Q9XAP3			Basal machinery
SCO4552	SCO4552	1099992	Q9XAP4			Basal machinery
SCO4558	SCO4558	1099998	Q9XAQ0			Basal machinery
SCO4559	SCO4559	1099999	Q9XAQ1			Basal machinery
SCO4561	SCO4561	1100001	Q9XAQ3			M16.1
SCO4566	SCO4566	1100006	Q9XAQ8			Basal machinery
SCO4571	SCO4571	1100011	Q9XAR3			Basal machinery
SCO4574	SCO4574	1100014	Q9XAR6			Basal machinery
SCO4578	SCO4578	1100018	Q9XAS0			Basal machinery
SCO4579	SCO4579	1100019	Q9XAS1			Basal machinery
SCO4580	SCO4580	1100020	Q9XAS2			Basal machinery
SCO4581	SCO4581	1100021	Q9XAS3			Basal machinery
SCO4582	SCO4582	1100022	Q9XAS4			Basal machinery
SCO4583	SCO4583	1100023	Q9F2X8			Basal machinery
SCO4587	SCO4587	1100027	Q9F2X4			Basal machinery
SCO4588	SCO4588	1100028	Q9F2X3			Basal machinery
SCO4589	SCO4589	1100029	Q9F2X2			Basal machinery
SCO4590	SCO4590	1100030	Q9F2X1			Basal machinery
SCO4591	SCO4591	1100031	Q9F2X0			Basal machinery
SCO4594	SCO4594	1100034	Q9F2W7			Basal machinery
SCO4595	SCO4595	1100035	Q9F2W6			Basal machinery
SCO4596	SCO4596	1100036	Q9F2W5			Global regulator
SCO4597	SCO4597	1100037	Q9F2W4			Basal machinery
SCO4598	SCO4598	1100038	Q9F2W3			Basal machinery
SCO4607	SCO4607	1100047	Q9F2V4			Basal machinery
SCO4611	SCO4611	1100051	Q9F2V0			Basal machinery
SCO4612	SCO4612	1100052	Q9F2U9			Basal machinery
SCO4613	SCO4613	1100053	Q9F2U8			Basal machinery
SCO4614	SCO4614	1100054	Q9F2U7			Basal machinery
SCO4617	SCO4617	1100057	Q9F2U5			Basal machinery
SCO4620	SCO4620	1100060	Q9F2U2			Basal machinery
SCO4622	SCO4622	1100062	Q9F2U0			Basal machinery
SCO4624	SCO4624	1100064	Q9F2T8			Basal machinery
SCO4630	SCO4630	1100070	Q8CJT2			Basal machinery
SCO4632	SCO4632	1100073	Q9L0M8			Basal machinery
SCO4634	SCO4634	1100075	Q9L0M6			Basal machinery
SCO4636	SCO4636	1100077	Q9L0M4			Basal machinery
SCO4637	SCO4637	1100078	Q9L0M3			Basal machinery
SCO4638	SCO4638	1100079	Q9L0M2			Basal machinery
SCO4640	SCO4640	1100081	Q9L0M0			Basal machinery
SCO4641	SCO4641	1100082	Q9L0L9			Basal machinery
SCO4642	SCO4642	1100083	Q9L0L8			Basal machinery
SCO4644	SCO4644	1100085	Q9L0L6			Basal machinery
SCO4645	SCO4645	1100086	Q9L0L5			Basal machinery
SCO4651	SCO4651	1100092	P41109			Basal machinery
SCO4657	SCO4657	1100098	Q9L0K6			Basal machinery
SCO4658	SCO4658	1100099	Q9L0K5			Basal machinery
SCO4670	SCO4670	1100111	Q9L0J5			Basal machinery
SCO4672	SCO4672	1100113	Q9L0J3			Basal machinery
SCO4675	SCO4675	1100116	Q9L0J0			Basal machinery
SCO4676	SCO4676	1100117	Q8CJT0			Basal machinery
SCO4677	SCO4677	1100118	Q9L0G5			Basal machinery
SCO4678	SCO4678	1100119	Q9L0G4			Basal machinery
SCO4679	SCO4679	1100120	Q9L0G3			Basal machinery
SCO4681	SCO4681	1100122	Q9L0G1			Basal machinery
SCO4682	SCO4682	1100123	Q9L0G0			Basal machinery
SCO4683	SCO4683	1100124	Q9L0F9		glutamate dehydrogenase	Intermodular
SCO4684	SCO4684	1100125	Q9L0F8			Basal machinery
SCO4687	SCO4687	1100128	Q9L0F5			Basal machinery
SCO4688	SCO4688	1100129	Q9L0F4			Basal machinery
SCO4689	SCO4689	1100130	Q9L0F3			Basal machinery
SCO4693	SCO4693	1100134	Q9L0E9			Basal machinery
SCO4698	SCO4698	1100139	Q9L0E4			Basal machinery
SCO4699	SCO4699	1100140	Q9L0E3			Basal machinery
SCO4700	SCO4700	1100141	Q9L0E2			Basal machinery
SCO4739	SCO4739	1100180	O86780			Basal machinery
SCO4749	SCO4749	1100190	O86790			Basal machinery
SCO4750	SCO4750	1100191	O86791			Basal machinery
SCO4751	SCO4751	1100192	O86792			Basal machinery
SCO4753	SCO4753	1100194	O86794			Basal machinery
SCO4763	SCO4763	1100204	O86802			Basal machinery
SCO4768	SCO4768	1100209	Q7AKI8		two-component regulator	M16.1
SCO4769	SCO4769	1100210	Q9L0I8			Basal machinery
SCO4771	SCO4771	1100212	Q9L0I6			Basal machinery
SCO4772	SCO4772	1100213	Q9L0I5			Basal machinery
SCO4773	SCO4773	1100214	Q9L0I4			Basal machinery
SCO4774	SCO4774	1100215	Q9L0I3			Basal machinery
SCO4775	SCO4775	1100216	Q9L0I2			Basal machinery
SCO4776	SCO4776	1100217	Q9L0I1			Basal machinery
SCO4777	SCO4777	1100218	Q9L0I0			M16.1
SCO4779	SCO4779	1100220	Q9L0H8			Basal machinery
SCO4780	SCO4780	1100221	Q9L0H7	gabD2		Basal machinery
SCO4781	SCO4781	1100222	Q9L0H6			Basal machinery
SCO4784	SCO4784	1100225	Q9L0H3			Basal machinery
SCO4787	SCO4787	1100228	Q9L0H0			Basal machinery
SCO4788	SCO4788	1100229	Q9L0G9			Basal machinery
SCO4789	SCO4789	1100230	Q9L0G8			Basal machinery
SCO4793	SCO4793	1100234	Q9KY71			M18
SCO4794	SCO4794	1100235	Q9KY70			Basal machinery
SCO4795	SCO4795	1100236	Q9KY69			Basal machinery
SCO4796	SCO4796	1100237	Q9KY68			Basal machinery
SCO4797	SCO4797	1100238	Q9KY67			Basal machinery
SCO4798	SCO4798	1100239	Q9KY66			Basal machinery
SCO4799	SCO4799	1100240	Q9KY65			Basal machinery
SCO4800	SCO4800	1100241	Q9KY64			Basal machinery
SCO4802	SCO4802	1100243	Q9KY62			Basal machinery
SCO4803	SCO4803	1100244	Q9KY61			Basal machinery
SCO4804	SCO4804	1100245	Q9KY60			Basal machinery
SCO4809	SCO4809	1100250	Q9KY55			Basal machinery
SCO4810	SCO4810	1100251	Q9KY54			Basal machinery
SCO4811	SCO4811	1100252	Q9KY53			Basal machinery
SCO4812	SCO4812	1100253	Q9KY52			Basal machinery
SCO4816	SCO4816	1100257	Q8CJS8			Basal machinery
SCO4819	SCO4819	1100260	Q9K3K1			Basal machinery
SCO4820	SCO4820	1100261	Q9K3K0			Basal machinery
SCO4821	SCO4821	1100262	Q9K3J9			Basal machinery
SCO4822	SCO4822	1100263	Q9K3J8			Basal machinery
SCO4823	SCO4823	1100264	Q9K3J7			Basal machinery
SCO4825	SCO4825	1100266	Q9K3J5			Basal machinery
SCO4826	SCO4826	1100267	Q9K3J4			Basal machinery
SCO4829	SCO4829	1100270	Q9K3J1			Basal machinery
SCO4833	SCO4833	1100274	Q8CJS7			Basal machinery
SCO4834	SCO4834	1100275	Q9KZB2			Basal machinery
SCO4835	SCO4835	1100276	Q9KZB1			Basal machinery
SCO4836	SCO4836	1100277	Q9KZB0			Basal machinery
SCO4838	SCO4838	1100279	Q9KZA8			Basal machinery
SCO4843	SCO4843	1100284	Q9KZA3			Basal machinery
SCO4846	SCO4846	1100287	Q9KZA0			Basal machinery
SCO4847	SCO4847	1100288	Q9KZ99			Basal machinery
SCO4848	SCO4848	1100289	Q9KZ98			Basal machinery
SCO4849	SCO4849	1100290	Q9KZ97			Basal machinery
SCO4853	SCO4853	1100294	Q9KZ93			Basal machinery
SCO4854	SCO4854	1100295	Q9KZ92			Basal machinery
SCO4855	SCO4855	1100296	Q9KZ91	sdhB		Basal machinery
SCO4856	SCO4856	1100297	Q9KZ90	sdhA		Basal machinery
SCO4857	SCO4857	1100298	Q9KZ89			Basal machinery
SCO4858	SCO4858	1100299	Q9KZ88			Basal machinery
SCO4859	SCO4859	1100300	Q9KZ87			Basal machinery
SCO4860	SCO4860	1100301	Q8CJS6			Basal machinery
SCO4862	SCO4862	1100303	Q9EWE5			Basal machinery
SCO4863	SCO4863	1100304	Q9EWE4			Basal machinery
SCO4867	SCO4867	1100308	Q9EWE0			Basal machinery
SCO4868	SCO4868	1100309	Q9EWD9			Basal machinery
SCO4869	SCO4869	1100310	Q9EWD8			Basal machinery
SCO4873	SCO4873	1100314	Q9EWD4			Basal machinery
SCO4874	SCO4874	1100315	Q9EWD3			Basal machinery
SCO4875	SCO4875	1100316	Q8CJS5			Basal machinery
SCO4876	SCO4876	1100317	Q9AK50			Basal machinery
SCO4877	SCO4877	1100318	Q9AK49			Basal machinery
SCO4878	SCO4878	1100319	Q9AK48			Basal machinery
SCO4879	SCO4879	1100320	Q9AK47		hypothetical protein	Basal machinery
SCO4880	SCO4880	1100321	Q9AK46		transferase	M16.1
SCO4881	SCO4881	1100322	Q9AK45		polysaccharide biosynthesis related protein	Basal machinery
SCO4883	SCO4883	1100324	Q9AK43			M16.1
SCO4884	SCO4884	1100325	Q9AK42			Basal machinery
SCO4885	SCO4885	1100326	Q9AK41			Basal machinery
SCO4886	SCO4886	1100327	Q9AK40			Basal machinery
SCO4889	SCO4889	1100330	Q9AK37			Basal machinery
SCO4891	SCO4891	1100332	Q9AK35			Basal machinery
SCO4892	SCO4892	1100333	Q9AK34			Basal machinery
SCO4894	SCO4894	1100335	Q9AK32			Basal machinery
SCO4895	SCO4895	1100336	Q9AK31			Basal machinery
SCO4896	SCO4896	1100337	Q9AK30			Basal machinery
SCO4899	SCO4899	1100340	Q9AK27			Basal machinery
SCO4900	SCO4900	1100341	Q9AK26			Basal machinery
SCO4902	SCO4902	1100343	Q9AK24			Basal machinery
SCO4903	SCO4903	1100344	Q9AK23			Basal machinery
SCO4904	SCO4904	1100345	Q9AK22			Basal machinery
SCO4905	SCO4905	1100346	Q9AK21			Basal machinery
SCO4908	SCO4908	1100349	Q8R5N3			M16.1
SCO4911	SCO4911	1100352	Q9EWU9			Basal machinery
SCO4912	SCO4912	1100353	Q9EWV0			Basal machinery
SCO4913	SCO4913	1100354	Q9AD84			Basal machinery
SCO4914	SCO4914	1100355	Q9AD83			Basal machinery
SCO4915	SCO4915	1100356	Q9EWV1			Basal machinery
SCO4916	SCO4916	1100357	Q9AD82			Basal machinery
SCO4917	SCO4917	1100358	Q9EWV2			Basal machinery
SCO4918	SCO4918	1100359	Q9AD81			Basal machinery
SCO4919	SCO4919	1100360	Q9EWF0			Basal machinery
SCO4920	SCO4920	1100361	Q9AD80			Basal machinery
SCO4921	SCO4921	1100362				M16.1
SCO4922	SCO4922	1100363	Q9EWV5			Basal machinery
SCO4923	SCO4923	1100364	Q9EWV6			Basal machinery
SCO4924	SCO4924	1100365	Q9EWV7			M12
SCO4925	SCO4925	1100366	Q9EWV8			Basal machinery
SCO4926	SCO4926	1100367	Q7AKI7			Basal machinery
SCO4927	SCO4927	1100368	Q9EWV9			Basal machinery
SCO4930	SCO4930	1100371	Q9EWW0			Basal machinery
SCO4931	SCO4931	1100372	Q9AD78			Basal machinery
SCO4934	SCO4934	1100375	Q9EWW2			Basal machinery
SCO4935	SCO4935	1100376	Q9AD76			Basal machinery
SCO4937	SCO4937	1100378	Q7ZAI8			Basal machinery
SCO4944	SCO4944	1100385	Q9ADL0			Basal machinery
SCO4945	SCO4945	1100386	Q9EWF1			Basal machinery
SCO4947	SCO4947	1100388	Q9EWF3			M16.1
SCO4948	SCO4948	1100389	Q9EWF4			Basal machinery
SCO4949	SCO4949	1100390	Q9EWF5			Basal machinery
SCO4950	SCO4950	1100391	Q9EWF6			Basal machinery
SCO4952	SCO4952	1100393	Q9ADK8			Basal machinery
SCO4955	SCO4955	1100396	Q9ADK5			Basal machinery
SCO4958	SCO4958	1100399	Q9EWF9			Basal machinery
SCO4963	SCO4963	1100404	Q9AD75			Basal machinery
SCO4964	SCO4964	1100405	Q9ADK3			Basal machinery
SCO4966	SCO4966	1100407	Q9ADK1			Basal machinery
SCO4968	SCO4968	1100409	Q9EWG4			Basal machinery
SCO4969	SCO4969	1100410	Q9EWG5			Basal machinery
SCO4970	SCO4970	1100411	Q9EWG6			Basal machinery
SCO4971	SCO4971	1100412	Q9EWG7			Basal machinery
SCO4972	SCO4972	1100413	Q9EWG8			Basal machinery
SCO4973	SCO4973	1100414	Q9EWG9			Basal machinery
SCO4974	SCO4974	1100415	Q9ADJ9			Basal machinery
SCO4975	SCO4975	1100416	Q9EWH0			Basal machinery
SCO4978	SCO4978	1100419	Q93JL6			Basal machinery
SCO4980	SCO4980	1100421	Q93JL4			Basal machinery
SCO4982	SCO4982	1100423	Q93JL2			Basal machinery
SCO4983	SCO4983	1100424	Q93JL1			Basal machinery
SCO4984	SCO4984	1100425	Q93JL0			Basal machinery
SCO4985	SCO4985	1100426	Q93JK9			Basal machinery
SCO4986	SCO4986	1100427	Q93JK8			Basal machinery
SCO4987	SCO4987	1100428	Q93JK7			Basal machinery
SCO4988	SCO4988	1100429	Q93JK6			Basal machinery
SCO4990	SCO4990	1100431	Q93JK4			Basal machinery
SCO4991	SCO4991	1100432	Q93JK3			Basal machinery
SCO4992	SCO4992	1100433	Q93JK2			Basal machinery
SCO4993	SCO4993	1100434	Q93JK1			Basal machinery
SCO4994	SCO4994	1100435	Q93JK0			Basal machinery
SCO4996	SCO4996	1100437	Q93JJ8			Basal machinery
SCO4997	SCO4997	1100438	Q93JJ7			Basal machinery
SCO4999	SCO4999	1100440	Q9KYA3			Basal machinery
SCO5000	SCO5000	1100441	Q9KYA2			Basal machinery
SCO5003	SCO5003	1100444	Q9KY99			Basal machinery
SCO5004	SCO5004	1100445	Q9KY98			Basal machinery
SCO5010	SCO5010	1100451	Q9KY92			Basal machinery
SCO5011	SCO5011	1100452	Q9KY91			Basal machinery
SCO5012	SCO5012	1100453	Q9KY90			Basal machinery
SCO5013	SCO5013	1100454	Q9KY89			Basal machinery
SCO5017	SCO5017	1100458	Q9KY85			Basal machinery
SCO5018	SCO5018	1100459	Q9KY84			Basal machinery
SCO5019	SCO5019	1100460	Q9KY83			Basal machinery
SCO5020	SCO5020	1100461	Q9KY82			Basal machinery
SCO5021	SCO5021	1100462	Q9KY81			Basal machinery
SCO5022	SCO5022	1100463	Q9KY80			Basal machinery
SCO5023	SCO5023	1100464	Q9KY79			Basal machinery
SCO5024	SCO5024	1100465	Q9KY78			Basal machinery
SCO5028	SCO5028	1100469	Q9FBP8			Basal machinery
SCO5029	SCO5029	1100470	Q9FBP7			Basal machinery
SCO5030	SCO5030	1100471	Q9FBP6			Basal machinery
SCO5032	SCO5032	1100473	Q9FBP5		alkyl hydroperoxide reductase	M28
SCO5033	SCO5033	1100474	Q9FBP4		hydrogen peroxide sensing regulator	M28
SCO5035	SCO5035	1100476	Q9FBP2			Basal machinery
SCO5036	SCO5036	1100477	Q9FBP1			Basal machinery
SCO5037	SCO5037	1100478	Q9FBP0			Basal machinery
SCO5039	SCO5039	1100480	Q9FBN9			Basal machinery
SCO5040	SCO5040	1100481	Q9FBN8			Basal machinery
SCO5041	SCO5041	1100482	Q9FBN7			Basal machinery
SCO5044	SCO5044	1100485	Q9FBN4			Basal machinery
SCO5045	SCO5045	1100486	Q9FBN3			Basal machinery
SCO5047	SCO5047	1100488	Q9FBN2	glpX		Basal machinery
SCO5048	SCO5048	1100489	Q9FBN1			Basal machinery
SCO5049	SCO5049	1100490	Q9FBN0			Basal machinery
SCO5050	SCO5050	1100491	Q9FBM9			Basal machinery
SCO5051	SCO5051	1100492	Q9FBM8			Basal machinery
SCO5057	SCO5057	1100498	Q9FBM2			Basal machinery
SCO5059	SCO5059	1100500	Q9ADE8			Basal machinery
SCO5060	SCO5060	1100501	Q9ADE7			Basal machinery
SCO5063	SCO5063	1100504	Q9ADE4			Basal machinery
SCO5064	SCO5064	1100505	Q9ADE3			Basal machinery
SCO5065	SCO5065	1100506	Q9ADE2			Basal machinery
SCO5071	SCO5071	1100512	Q7AKI2		hydroxylacyl-CoA dehydrogenase	M16.1
SCO5072	SCO5072	1100513	Q7AKI1		hydroxylacyl-CoA dehydrogenase	M16.1
SCO5073	SCO5073	1100514	Q7AKI0		oxidoreductase	M16.1
SCO5074	SCO5074	1100515	Q9ADD7		dehydratase	M16.1
SCO5075	SCO5075	1100516	Q8CJS3		oxidoreductase	M16.1
SCO5076	SCO5076	1100517	Q7AKH9		integral membrane protein	M16.1
SCO5077	SCO5077	1100518	Q93IZ3		hypothetical protein	M16.1
SCO5078	SCO5078	1100519	Q93IZ2			Basal machinery
SCO5079	SCO5079	1100520	Q7AKH8			Basal machinery
SCO5080	SCO5080	1100521	Q7AKH7		hydrolase	M16.1
SCO5081	SCO5081	1100522	Q7AKH6			Basal machinery
SCO5082	SCO5082	1100523	Q7AKH5		transcriptional regulatory protein	M16.7
SCO5087	SCO5087	1100528	Q02059		actinorhodin polyketide beta-ketoacyl synthase alpha subunit	M16.1
SCO5088	SCO5088	1100529	Q02062		actinorhodin polyketide beta-ketoacyl synthase beta subunit	Basal machinery
SCO5089	SCO5089	1100530	Q02054		actinorhodin polyketide synthase acyl carrier protein	Basal machinery
SCO5090	SCO5090	1100531	Q02055		actinorhodin polyketide synthase bifunctional cyclase/dehydratase	Basal machinery
SCO5091	SCO5091	1100532	Q93IZ0		cyclase	Basal machinery
SCO5100	SCO5100	1100541	Q93IY5			Basal machinery
SCO5101	SCO5101	1100542	Q93IY4			Basal machinery
SCO5102	SCO5102	1100543	Q93IY3			Basal machinery
SCO5106	SCO5106	1100547	Q93IU9			Basal machinery
SCO5107	SCO5107	1100548	Q93IU8			Basal machinery
SCO5109	SCO5109	1100550	Q93IU6			Basal machinery
SCO5110	SCO5110	1100551	Q93IU5			Basal machinery
SCO5111	SCO5111	1100552	Q93IU4			Basal machinery
SCO5112	SCO5112	1100553	Q93IU3			M16.1
SCO5113	SCO5113	1100554	Q93IU2			M16.1
SCO5114	SCO5114	1100555	Q93IU1			M16.1
SCO5115	SCO5115	1100556	Q93IU0			M16.1
SCO5116	SCO5116	1100557	Q8CJS2			M16.1
SCO5117	SCO5117	1100558	Q9F353			Basal machinery
SCO5118	SCO5118	1100559	Q9F352			Basal machinery
SCO5119	SCO5119	1100560	Q9F351			Basal machinery
SCO5120	SCO5120	1100561	Q9F350			Basal machinery
SCO5121	SCO5121	1100562	Q9F349			Basal machinery
SCO5122	SCO5122	1100563	Q9F348			Basal machinery
SCO5123	SCO5123	1100564	Q9F347			Basal machinery
SCO5124	SCO5124	1100565	Q9F346			Basal machinery
SCO5125	SCO5125	1100566	Q9F345			Basal machinery
SCO5128	SCO5128	1100569	Q9F342			Basal machinery
SCO5131	SCO5131	1100572	Q9F339			Basal machinery
SCO5133	SCO5133	1100574	Q9F337			Basal machinery
SCO5137	SCO5137	1100578	Q9F333			Basal machinery
SCO5138	SCO5138	1100579	Q8CJS1			Basal machinery
SCO5140	SCO5140	1100581	Q9FBL8			Basal machinery
SCO5141	SCO5141	1100582	Q9FBL7			Basal machinery
SCO5142	SCO5142	1100583	Q9FBL6			Basal machinery
SCO5143	SCO5143	1100584	Q9FBL5			Basal machinery
SCO5144	SCO5144	1100585	Q9FBL4			Basal machinery
SCO5145	SCO5145	1100586	Q9FBL3			Basal machinery
SCO5146	SCO5146	1100587	Q9FBL2			Basal machinery
SCO5147	SCO5147	1100588	Q9FBL1			Basal machinery
SCO5148	SCO5148	1100589	Q9FBL0			Basal machinery
SCO5152	SCO5152	1100593	Q9FBK6			Basal machinery
SCO5156	SCO5156	1100597	Q9FBK2			Basal machinery
SCO5157	SCO5157	1100598	Q9FBK1			Basal machinery
SCO5158	SCO5158	1100599	Q9FBK0			Basal machinery
SCO5159	SCO5159	1100600	Q9FBJ9			Basal machinery
SCO5160	SCO5160	1100601	Q9FBJ8			Basal machinery
SCO5161	SCO5161	1100602	Q9FBJ7			Basal machinery
SCO5163	SCO5163	1100604	Q9FBJ5		hypothetical protein	Basal machinery
SCO5166	SCO5166	1100607	Q9FBJ2			Basal machinery
SCO5167	SCO5167	1100608	Q9FBJ1			Basal machinery
SCO5169	SCO5169	1100610	Q9FBI9			Basal machinery
SCO5170	SCO5170	1100611	Q9FBI8			Basal machinery
SCO5172	SCO5172	1100613	Q9FBI7			Basal machinery
SCO5173	SCO5173	1100614	Q9FBI6			Basal machinery
SCO5174	SCO5174	1100615	Q9FBI5			Basal machinery
SCO5175	SCO5175	1100616	Q9FBI4			Basal machinery
SCO5176	SCO5176	1100617	Q9FBI3			Basal machinery
SCO5177	SCO5177	1100618	Q9FCL1			Basal machinery
SCO5178	SCO5178	1100619	Q9FCL0		molybdopterin biosynthesis-like protein MoeZ	Basal machinery
SCO5179	SCO5179	1100620	Q9FCK9			Basal machinery
SCO5180	SCO5180	1100621	Q9FCK8			Basal machinery
SCO5181	SCO5181	1100622	Q9FCK7			Basal machinery
SCO5182	SCO5182	1100623	Q9FCK6			Basal machinery
SCO5184	SCO5184	1100625	Q9FCK4			Basal machinery
SCO5185	SCO5185	1100626	Q9FCK3			Basal machinery
SCO5187	SCO5187	1100628	Q9FCK1		glutaredoxin-like protein	Basal machinery
SCO5188	SCO5188	1100629	Q9FCK0			Basal machinery
SCO5189	SCO5189	1100630	Q9FCJ9			Basal machinery
SCO5191	SCO5191	1100632	Q9FCJ7			Basal machinery
SCO5197	SCO5197	1100638	Q9FCJ1			Basal machinery
SCO5198	SCO5198	1100639	Q9FCJ0			Basal machinery
SCO5199	SCO5199	1100640	Q9FCI9			Basal machinery
SCO5200	SCO5200	1100641	Q9FCI8			Basal machinery
SCO5202	SCO5202	1100643	Q9FCI6			Basal machinery
SCO5205	SCO5205	1100646	Q9K4B3			Basal machinery
SCO5206	SCO5206	1100647	Q7AKH0		hydrogen peroxide sensitive repressor	M15
SCO5207	SCO5207	1100648	Q9K4B2			Basal machinery
SCO5213	SCO5213	1100654	Q9K4A6			Basal machinery
SCO5214	SCO5214	1100655	Q9K4A5			Basal machinery
SCO5218	SCO5218	1100659	Q9K4A3			Basal machinery
SCO5219	SCO5219	1100660	Q9K4A2			Basal machinery
SCO5220	SCO5220	1100661	Q9K4A1			Basal machinery
SCO5223	SCO5223	1100664	Q9K498			M16.1
SCO5226	SCO5226	1100667	Q9K496		ribonucleotide-diphosphate reductase large chain	M17
SCO5227	SCO5227	1100668	Q9K3B9			Basal machinery
SCO5229	SCO5229	1100670	Q9K494			Basal machinery
SCO5232	SCO5232	1100673	Q9K491			Basal machinery
SCO5233	SCO5233	1100674	Q9K490			Basal machinery
SCO5237	SCO5237	1100678	Q9K486			Basal machinery
SCO5238	SCO5238	1100679	Q9K485			Basal machinery
SCO5239	SCO5239	1100680	Q8CJS0			Basal machinery
SCO5241	SCO5241	1100682	Q9F3M0			Basal machinery
SCO5242	SCO5242	1100683	Q9F3L9			Basal machinery
SCO5246	SCO5246	1100687	Q9F3L8			Basal machinery
SCO5247	SCO5247	1100688	Q9F3L7			Basal machinery
SCO5248	SCO5248	1100689	Q9F3L6			Basal machinery
SCO5249	SCO5249	1100690	Q9F3L5			M16.1
SCO5250	SCO5250	1100691	Q9F3L4			Basal machinery
SCO5251	SCO5251	1100692	Q9F3L3			Basal machinery
SCO5252	SCO5252	1100693	Q9F3L2			Basal machinery
SCO5253	SCO5253	1100694	Q9F3L1			Basal machinery
SCO5255	SCO5255	1100696	Q9F3L0			Basal machinery
SCO5256	SCO5256	1100697	Q9F3K9			Basal machinery
SCO5258	SCO5258	1100699	Q9F3K7			Basal machinery
SCO5259	SCO5259	1100700	Q9F3K6			Basal machinery
SCO5260	SCO5260	1100701	Q9F3K5			M16.1
SCO5261	SCO5261	1100702	Q9F3K4			M16.1
SCO5262	SCO5262	1100703	Q9F3K3			Basal machinery
SCO5263	SCO5263	1100704	Q9F3K2			Basal machinery
SCO5266	SCO5266	1100707	Q9F3J9			Basal machinery
SCO5268	SCO5268	1100709	Q9F3J7			Basal machinery
SCO5269	SCO5269	1100710	Q9F3J6			Basal machinery
SCO5270	SCO5270	1100711	Q9F3J5			Basal machinery
SCO5271	SCO5271	1100712	Q9F3J4			Basal machinery
SCO5273	SCO5273	1100714	Q9F3J2			Basal machinery
SCO5275	SCO5275	1100716	Q9F3J0			Basal machinery
SCO5276	SCO5276	1100717	Q9F3I9			Basal machinery
SCO5277	SCO5277	1100718	Q8CJR9			Basal machinery
SCO5281	SCO5281	1100722	Q9FBR4	kgd		M16.10
SCO5282	SCO5282	1100723	Q9FBR3			Basal machinery
SCO5283	SCO5283	1100724	Q9FBR2			Global regulator
SCO5284	SCO5284	1100725	Q9FBR1			Basal machinery
SCO5286	SCO5286	1100727	Q9FBR0			Basal machinery
SCO5287	SCO5287	1100728	Q9FBQ9			Basal machinery
SCO5288	SCO5288	1100729	Q9FBQ8			Basal machinery
SCO5289	SCO5289	1100730	Q8CJR8			Basal machinery
SCO5290	SCO5290	1100731	Q9XAD9			Basal machinery
SCO5291	SCO5291	1100732	Q9XAE0			Basal machinery
SCO5292	SCO5292	1100733	Q9XAE1			Basal machinery
SCO5293	SCO5293	1100734	Q9XAE2			Basal machinery
SCO5296	SCO5296	1100737	Q9XAE5			Basal machinery
SCO5297	SCO5297	1100738				Basal machinery
SCO5299	SCO5299	1100739	Q9XAE8			Basal machinery
SCO5300	SCO5300	1100740	Q9XAE9			Basal machinery
SCO5301	SCO5301	1100741	Q9XAF0			Basal machinery
SCO5303	SCO5303	1100743	Q9XAF2			Basal machinery
SCO5308	SCO5308	1100748	Q9XAF7			Basal machinery
SCO5310	SCO5310	1100750	Q9XAF9			Basal machinery
SCO5311	SCO5311	1100751	Q9XAG0			Basal machinery
SCO5312	SCO5312	1100752	Q9XAG1			Basal machinery
SCO5313	SCO5313	1100753	Q9XAG2			Basal machinery
SCO5314	SCO5314	1100754	P23159		whiE protein VII	M16.1
SCO5315	SCO5315	1100755	P23154		polyketide cyclase	Intermodular
SCO5316	SCO5316	1100756	P23153		acyl carrier protein	M16.1
SCO5317	SCO5317	1100757	P23156		polyketide beta-ketoacyl synthase beta	M16.1
SCO5318	SCO5318	1100758	P23155		polyketide beta-ketoacyl synthase alpha	M16.1
SCO5319	SCO5319	1100759	P23157		whiE protein II	M16.1
SCO5320	SCO5320	1100760	P23158		whiE protein I	M16.1
SCO5321	SCO5321	1100761	P42534		polyketide hydroxylase	M16.1
SCO5322	SCO5322	1100762	Q9XAG3			Basal machinery
SCO5326	SCO5326	1100766	Q9XAG7			Basal machinery
SCO5328	SCO5328	1100768				Basal machinery
SCO5329	SCO5329	1100769	Q9XAG9			Basal machinery
SCO5330	SCO5330	1100770	Q9XAH0			Basal machinery
SCO5331	SCO5331	1100771	Q9XAH1			Basal machinery
SCO5332	SCO5332	1100772	Q8CJR7			Basal machinery
SCO5333	SCO5333	1100773	Q9ADD4			Basal machinery
SCO5336	SCO5336	1100776	Q9ADD1			Basal machinery
SCO5338	SCO5338	1100778	Q9ADC9			Basal machinery
SCO5342	SCO5342	1100782	Q9ADC5			Basal machinery
SCO5345	SCO5345	1100785	Q9ADC3			Basal machinery
SCO5349	SCO5349	1100789	Q9ADB9			Basal machinery
SCO5351	SCO5351	1100791	Q9ADB7			M16.1
SCO5354	SCO5354	1100794	Q9ADB4			Basal machinery
SCO5355	SCO5355	1100795	Q9ADB3			Basal machinery
SCO5358	SCO5358	1100798	Q9K4E6			Basal machinery
SCO5362	SCO5362	1100802	Q9K4E2			Basal machinery
SCO5365	SCO5365	1100805	Q9K4D9			Basal machinery
SCO5376	SCO5376	1100816	Q7AKG2			Basal machinery
SCO5378	SCO5378	1100818	Q9Z678			Basal machinery
SCO5379	SCO5379	1100819	Q9K4D2			Basal machinery
SCO5380	SCO5380	1100820	Q9K4D1			Basal machinery
SCO5385	SCO5385	1100825	Q9K4C6			M16.1
SCO5387	SCO5387	1100827	Q9K4C4			Basal machinery
SCO5389	SCO5389	1100829	Q9K4C2			Basal machinery
SCO5390	SCO5390	1100830	Q9K4C1			Basal machinery
SCO5391	SCO5391	1100831	Q9K4C0			Basal machinery
SCO5393	SCO5393	1100833	Q9K4B8			M16.1
SCO5395	SCO5395	1100835	Q9K4B6			Basal machinery
SCO5396	SCO5396	1100836	Q9K4B5			Basal machinery
SCO5398	SCO5398	1100838	Q9L2C2			Basal machinery
SCO5399	SCO5399	1100839	Q9L2C1			Basal machinery
SCO5400	SCO5400	1100840	Q9L2C0			Basal machinery
SCO5401	SCO5401	1100841	Q9L2B9			Basal machinery
SCO5403	SCO5403	1100843	Q9L2B7		two-component system response regulator	M16.1
SCO5404	SCO5404	1100844	Q9L2B6			Basal machinery
SCO5405	SCO5405	1100845	Q9L2B5			Global regulator
SCO5406	SCO5406	1100846	Q9L2B4			Basal machinery
SCO5407	SCO5407	1100847	Q9L2B3			Basal machinery
SCO5408	SCO5408	1100848	Q9L2B2			Basal machinery
SCO5409	SCO5409	1100849	Q9L2B1			Basal machinery
SCO5411	SCO5411	1100851	Q9L2A9			Basal machinery
SCO5413	SCO5413	1100853	Q9L2A7			Basal machinery
SCO5414	SCO5414	1100854	Q7AKG6			Basal machinery
SCO5415	SCO5415	1100855	Q7AKG5			Basal machinery
SCO5416	SCO5416	1100856	Q9L2A6			Basal machinery
SCO5418	SCO5418	1100858	Q9L2A4			Basal machinery
SCO5419	SCO5419	1100859	Q9L2A3			Basal machinery
SCO5420	SCO5420	1100860	Q9L2A2			Basal machinery
SCO5422	SCO5422	1100862	Q9L2A0			Basal machinery
SCO5423	SCO5423	1100863	Q9L299			Basal machinery
SCO5427	SCO5427	1100867	Q9L1L7			Basal machinery
SCO5428	SCO5428	1100868	Q9L1L6			Basal machinery
SCO5430	SCO5430	1100870	Q9L1L4			Basal machinery
SCO5431	SCO5431	1100871	Q9L1L3			Basal machinery
SCO5432	SCO5432	1100872	Q9L1L2			Basal machinery
SCO5435	SCO5435	1100875	Q9L1K9			Basal machinery
SCO5436	SCO5436	1100876	Q9L1K8			Basal machinery
SCO5439	SCO5439	1100879	Q9L1K5			Basal machinery
SCO5441	SCO5441	1100881	Q7AKG7			Basal machinery
SCO5442	SCO5442	1100882	Q9L1K3			Basal machinery
SCO5444	SCO5444	1100884	Q8CJR4			Basal machinery
SCO5445	SCO5445	1100885	Q9L1G0			Basal machinery
SCO5446	SCO5446	1100886	Q9L1F9			Basal machinery
SCO5447	SCO5447	1100887	Q9L1F8			Basal machinery
SCO5448	SCO5448	1100888	Q9L1F7			Basal machinery
SCO5449	SCO5449	1100889	Q9L1F6			Basal machinery
SCO5450	SCO5450	1100890	Q9L1F5			Basal machinery
SCO5451	SCO5451	1100891	Q9L1F4			Basal machinery
SCO5452	SCO5452	1100892	Q9L1F3			Basal machinery
SCO5453	SCO5453	1100893	Q9L1F2			Basal machinery
SCO5454	SCO5454	1100894	Q9L1F1			Basal machinery
SCO5455	SCO5455	1100895	Q9L1F0		two-component system response regulator	Basal machinery
SCO5456	SCO5456	1100896	Q9L1E9			Basal machinery
SCO5458	SCO5458	1100898	Q9L1E7			Basal machinery
SCO5459	SCO5459	1100899	Q9L1E6			Basal machinery
SCO5460	SCO5460	1100900	Q9L1E5			Basal machinery
SCO5461	SCO5461	1100901	Q9L1E4			Basal machinery
SCO5465	SCO5465	1100905	Q9L1E0			M16.1
SCO5466	SCO5466	1100906	Q9L1D9			Basal machinery
SCO5467	SCO5467	1100907	Q8CJR3			Basal machinery
SCO5468	SCO5468	1100908	O86563			Basal machinery
SCO5473	SCO5473	1100913	O86568			Basal machinery
SCO5476	SCO5476	1100916	O86571			Basal machinery
SCO5477	SCO5477	1100917	O86572		oligopeptide-binding lipoprotein	M16.1
SCO5478	SCO5478	1100918	O86573			Basal machinery
SCO5479	SCO5479	1100919	O86574			Basal machinery
SCO5481	SCO5481	1100921	O86576			Basal machinery
SCO5483	SCO5483	1100923	O86578			Basal machinery
SCO5484	SCO5484	1100924	O86579			Basal machinery
SCO5485	SCO5485	1100925	O86580			Basal machinery
SCO5486	SCO5486	1100926	O86581			Basal machinery
SCO5487	SCO5487	1100927	O86582			Basal machinery
SCO5490	SCO5490	1100930	Q9Z589			Basal machinery
SCO5491	SCO5491	1100931	Q9Z588			Basal machinery
SCO5493	SCO5493	1100933	Q9Z586			Basal machinery
SCO5495	SCO5495	1100935	Q9Z584			Basal machinery
SCO5500	SCO5500	1100940	Q9Z579			Basal machinery
SCO5507	SCO5507	1100947	Q9Z572			Basal machinery
SCO5508	SCO5508	1100948	Q9Z571			Basal machinery
SCO5509	SCO5509	1100949	Q9Z570			Basal machinery
SCO5510	SCO5510	1100950	Q9Z569			Basal machinery
SCO5511	SCO5511	1100951	Q9Z568			Basal machinery
SCO5512	SCO5512	1100952	Q9Z567			Basal machinery
SCO5513	SCO5513	1100953	Q9Z566	ilvH		Basal machinery
SCO5515	SCO5515	1100955	Q9Z564			Basal machinery
SCO5518	SCO5518	1100958	Q9Z561			Basal machinery
SCO5519	SCO5519	1100959	Q9Z560			Basal machinery
SCO5520	SCO5520	1100960	Q8CJR1			Basal machinery
SCO5521	SCO5521	1100961	O86503			Basal machinery
SCO5528	SCO5528	1100968	O86510			Basal machinery
SCO5530	SCO5530	1100970	O86512			Basal machinery
SCO5531	SCO5531	1100971	O86513			Basal machinery
SCO5532	SCO5532	1100972	O86514			Basal machinery
SCO5533	SCO5533	1100973	O86515			Basal machinery
SCO5534	SCO5534	1100974	O86516			Basal machinery
SCO5535	SCO5535	1100975	O86517			Basal machinery
SCO5536	SCO5536	1100976	O86518			Basal machinery
SCO5539	SCO5539	1100979	O86521			Basal machinery
SCO5540	SCO5540	1100980	O86522			Basal machinery
SCO5541	SCO5541	1100981	Q9R7V6			Basal machinery
SCO5544	SCO5544	1100984	O86525			Basal machinery
SCO5545	SCO5545	1100985	O86526			Basal machinery
SCO5546	SCO5546	1100986	O86527			Basal machinery
SCO5550	SCO5550	1100990	O86531			Basal machinery
SCO5551	SCO5551	1100991	O86532			Basal machinery
SCO5552	SCO5552	1100992	O86533			Global regulator
SCO5555	SCO5555	1100995	O86536			M31
SCO5565	SCO5565	1101006	Q9ZBR4			Basal machinery
SCO5566	SCO5566	1101007	Q9ZBR3			Basal machinery
SCO5569	SCO5569	1101010	Q9ZBR0			Basal machinery
SCO5570	SCO5570	1101011	Q9ZBQ9			Basal machinery
SCO5574	SCO5574	1101015	Q9ZBQ5			Basal machinery
SCO5575	SCO5575	1101016	Q9ZBQ4			Basal machinery
SCO5576a	SCO5576a					Basal machinery
SCO5578	SCO5578	1101019	Q9ZBQ1	SCO7153		Basal machinery
SCO5579	SCO5579	1101020	Q9ZBQ0			Basal machinery
SCO5581	SCO5581	1101022	Q9ZBP8			Basal machinery
SCO5582	SCO5582	1101023	Q9ZBP7		regulator	M16.1
SCO5583	SCO5583	1101024	Q9ZBP6		ammonium transporter	Intermodular
SCO5584	SCO5584	1101025	Q8CJR0		nitrogen regulatory protein P-II	Intermodular
SCO5588	SCO5588	1101029	O69876			Basal machinery
SCO5589	SCO5589	1101030	O69877			Basal machinery
SCO5590	SCO5590	1101031	O69878			Basal machinery
SCO5592	SCO5592	1101033	P0A4Q4			Basal machinery
SCO5596	SCO5596	1101037	O69884			Basal machinery
SCO5597	SCO5597	1101038	O69885			Basal machinery
SCO5598	SCO5598	1101039	O69886			Basal machinery
SCO5599	SCO5599	1101040	O69887			Basal machinery
SCO5601	SCO5601	1101042	O69889			Basal machinery
SCO5602	SCO5602	1101043	O69890			Basal machinery
SCO5603	SCO5603	1101044	O69891			Basal machinery
SCO5604	SCO5604	1101045	O69892			Basal machinery
SCO5605	SCO5605	1101046	O69893			M18
SCO5608	SCO5608	1101049	O69896			Basal machinery
SCO5609	SCO5609	1101050	O69897			Basal machinery
SCO5610	SCO5610	1101051	O69898			Basal machinery
SCO5611	SCO5611	1101052	O69899			Basal machinery
SCO5612	SCO5612	1101053	O69900			Basal machinery
SCO5613	SCO5613	1101054	O69901			Basal machinery
SCO5616	SCO5616	1101057	O69904			Basal machinery
SCO5623	SCO5623	1101064	O69910			Basal machinery
SCO5629	SCO5629	1101070	O86768			Basal machinery
SCO5630	SCO5630	1101071				Basal machinery
SCO5631	SCO5631					Basal machinery
SCO5632	SCO5632	1101072	O86767			M18
SCO5636	SCO5636	1101075	O86763			Basal machinery
SCO5637	SCO5637	1101076	O86762			Basal machinery
SCO5638	SCO5638	1101077	O86761			Basal machinery
SCO5639	SCO5639	1101078	O86760			Basal machinery
SCO5640	SCO5640	1101079	O86759			Basal machinery
SCO5642	SCO5642	1101081	O86757			Basal machinery
SCO5644	SCO5644	1101083	O86755			Basal machinery
SCO5646	SCO5646	1101085	O86753			Basal machinery
SCO5647	SCO5647	1101086	O86752			Basal machinery
SCO5649	SCO5649	1101088	O86750			Basal machinery
SCO5650	SCO5650	1101089	O86749			Basal machinery
SCO5653	SCO5653	1101092	O86746			Basal machinery
SCO5654	SCO5654	1101093	O86745			Basal machinery
SCO5655	SCO5655	1101094	O86744			Basal machinery
SCO5657	SCO5657	1101096	O86742			Basal machinery
SCO5658	SCO5658	1101097	O86741			Basal machinery
SCO5659	SCO5659	1101098	O86740			Basal machinery
SCO5661	SCO5661	1101100	O86738			Basal machinery
SCO5662	SCO5662	1101101	O86737			Basal machinery
SCO5663	SCO5663	1101102	O86736			Basal machinery
SCO5664	SCO5664	1101103	O86735			Basal machinery
SCO5666	SCO5666	1101105	Q8CJQ9			Basal machinery
SCO5667	SCO5667	1101106	O86832			Basal machinery
SCO5668	SCO5668	1101107	O86831			Basal machinery
SCO5669	SCO5669	1101108	O86830			Basal machinery
SCO5670	SCO5670	1101109	O86829			Basal machinery
SCO5671	SCO5671	1101110	O86828			Basal machinery
SCO5672	SCO5672	1101111	O86827			Basal machinery
SCO5673	SCO5673	1101112	O86826			Basal machinery
SCO5676	SCO5676	1101115	O86823			Basal machinery
SCO5678	SCO5678	1101117	Q9KYT7			Basal machinery
SCO5679	SCO5679	1101118	Q9KYT6			Basal machinery
SCO5681	SCO5681	1101120	Q9KYT4			Basal machinery
SCO5684	SCO5684	1101123	Q9KYT1			Basal machinery
SCO5690	SCO5690	1101129	Q9KYS5			Basal machinery
SCO5691	SCO5691	1101130	Q9KYS4			Basal machinery
SCO5692	SCO5692	1101131	Q9KYS3			Basal machinery
SCO5693	SCO5693	1101132	Q9KYS2			Basal machinery
SCO5697	SCO5697	1101136	Q9KYR8			Basal machinery
SCO5701	SCO5701	1101140	Q9KYR4			Basal machinery
SCO5702	SCO5702	1101141	Q9KYR3			Basal machinery
SCO5705	SCO5705	1101144	Q9KYR0			Basal machinery
SCO5707	SCO5707	1101146	Q9Z526			Basal machinery
SCO5710	SCO5710	1101149	Q9Z529			Basal machinery
SCO5711	SCO5711	1101150	Q9Z530			Basal machinery
SCO5712	SCO5712	1101151	Q9Z531			Basal machinery
SCO5715	SCO5715	1101154	Q8CJQ7			Basal machinery
SCO5716	SCO5716	1101155	O86636			Basal machinery
SCO5717	SCO5717	1101156	O86637			Basal machinery
SCO5718	SCO5718	1101157	O86638			Basal machinery
SCO5719	SCO5719	1101158	O86639			Basal machinery
SCO5720	SCO5720	1101159	O86640			Basal machinery
SCO5721	SCO5721	1101160	O86641			Basal machinery
SCO5723	SCO5723	1101162	Q7AKF6		regulator, BldB	Basal machinery
SCO5724	SCO5724	1101163	O86643			Basal machinery
SCO5725	SCO5725	1101164	O86644			Basal machinery
SCO5726	SCO5726	1101165	O86645			Basal machinery
SCO5727	SCO5727	1101166	O86646			Basal machinery
SCO5728	SCO5728	1101167	O86647			Basal machinery
SCO5729	SCO5729	1101168	O86648			Basal machinery
SCO5731	SCO5731	1101170	O86650			Basal machinery
SCO5733	SCO5733	1101172	O86652			Basal machinery
SCO5734	SCO5734	1101173	O86653			Basal machinery
SCO5741	SCO5741	1101180	O86838			Basal machinery
SCO5742	SCO5742	1101181	O86839			Basal machinery
SCO5746	SCO5746	1101188	O86806			Basal machinery
SCO5747	SCO5747	1101189	O86807			Basal machinery
SCO5748	SCO5748	1101190	O86808			Basal machinery
SCO5749	SCO5749	1101191	O86809			Basal machinery
SCO5751	SCO5751	1101193	O86811			Basal machinery
SCO5753	SCO5753	1101195	O86813			Basal machinery
SCO5754	SCO5754	1101196	O86814		hypothetical protein	Basal machinery
SCO5755	SCO5755	1101197	O86815			Basal machinery
SCO5756	SCO5756	1101198	O86816			Basal machinery
SCO5757	SCO5757	1101199	O86817			Basal machinery
SCO5761	SCO5761	1101203	O86821			Basal machinery
SCO5765	SCO5765	1101207	O50483			Basal machinery
SCO5766	SCO5766	1101208	O50484			Basal machinery
SCO5771	SCO5771	1101213	O50489			Basal machinery
SCO5772	SCO5772	1101214	O50490			Basal machinery
SCO5774	SCO5774	1101216	O50492			M20
SCO5775	SCO5775	1101217	O50493			M20
SCO5776	SCO5776	1101218	O50494			M20
SCO5777	SCO5777	1101219	O50495			M20
SCO5778	SCO5778	1101220	O50496			M20
SCO5781	SCO5781	1101223	O69957			Basal machinery
SCO5782	SCO5782	1101224	O69958			Basal machinery
SCO5783	SCO5783	1101225	O69959			Basal machinery
SCO5784	SCO5784	1101226	O69960			Basal machinery
SCO5785	SCO5785	1101227	O69961			Global regulator
SCO5789	SCO5789	1101231	O69965			Basal machinery
SCO5790	SCO5790	1101232	O69966			Basal machinery
SCO5792	SCO5792	1101234	O69968			Basal machinery
SCO5795	SCO5795	1101237	O69971			Basal machinery
SCO5798	SCO5798	1101240	O69974			Basal machinery
SCO5799	SCO5799	1101241	O69975			Basal machinery
SCO5801	SCO5801	1101243	O69977			Basal machinery
SCO5806	SCO5806	1101248	O69982			Basal machinery
SCO5807	SCO5807	1101249	O69983			Basal machinery
SCO5808	SCO5808	1101250	O69984			Basal machinery
SCO5809	SCO5809	1101251	O69985			Basal machinery
SCO5813	SCO5813	1101255	O69990			Basal machinery
SCO5814	SCO5814	1101256	O69991			Basal machinery
SCO5815	SCO5815	1101257	O69992			Basal machinery
SCO5818	SCO5818	1101260	O69995			Basal machinery
SCO5819	SCO5819	1101261	Q7AKF5		sporulation transcription factor, WhiH	M16.1
SCO5822	SCO5822	1101264	O69998			Basal machinery
SCO5824	SCO5824	1101266	O70000			Basal machinery
SCO5826	SCO5826	1101268	O70002			Basal machinery
SCO5827	SCO5827	1101269	O70003			Basal machinery
SCO5831	SCO5831	1101273	O70007			Basal machinery
SCO5833	SCO5833	1101275	O70009			Basal machinery
SCO5834	SCO5834	1101276	O50508			Basal machinery
SCO5836	SCO5836	1101278	O50510			Basal machinery
SCO5839	SCO5839	1101281	O50513			Basal machinery
SCO5840	SCO5840	1101282	O50514			Basal machinery
SCO5842	SCO5842	1101284	O50516			Basal machinery
SCO5843	SCO5843	1101285	O50517			Basal machinery
SCO5844	SCO5844	1101286	O50518			Basal machinery
SCO5846	SCO5846	1101288	O50520			Basal machinery
SCO5847	SCO5847	1101289	O50521			Basal machinery
SCO5848	SCO5848	1101290	O50522			Basal machinery
SCO5850	SCO5850	1101292	O50524			Basal machinery
SCO5852	SCO5852	1101294	O50526			Basal machinery
SCO5853	SCO5853	1101295	O50527			Basal machinery
SCO5854	SCO5854	1101296	O50528			Basal machinery
SCO5855	SCO5855	1101297	O50529			Basal machinery
SCO5856	SCO5856	1101298	O50530			Basal machinery
SCO5857	SCO5857	1101299	O50531			Basal machinery
SCO5860	SCO5860	1101302	Q8CJQ3			Basal machinery
SCO5864	SCO5864	1101306	O54130			Basal machinery
SCO5865	SCO5865	1101307	O54131			Basal machinery
SCO5866	SCO5866	1101308	O54132			Basal machinery
SCO5867	SCO5867	1101309	O54133			Basal machinery
SCO5869	SCO5869	1101311	O54135			Basal machinery
SCO5871	SCO5871	1101313	O54137			Basal machinery
SCO5872	SCO5872	1101314	O54138			Basal machinery
SCO5873	SCO5873	1101315	O54139			Basal machinery
SCO5874	SCO5874	1101316	O54140			Basal machinery
SCO5878	SCO5878	1101320	O54142			Basal machinery
SCO5879	SCO5879	1101321	O54143			Basal machinery
SCO5880	SCO5880	1101322	O54144			Basal machinery
SCO5881	SCO5881	1101323	Q7AKF4		response regulator	M16.1
SCO5882	SCO5882	1101324	O54145			M16.1
SCO5883	SCO5883	1101325	O54146			M16.1
SCO5884	SCO5884	1101326	O54147			M16.1
SCO5885	SCO5885	1101327	O54148			M16.1
SCO5886	SCO5886	1101328	O54149			M16.1
SCO5887	SCO5887	1101329	O54150			M16.1
SCO5889	SCO5889	1101331	O54152			M16.1
SCO5890	SCO5890	1101332	O54153			M16.1
SCO5891	SCO5891	1101333	O54154			M16.1
SCO5892	SCO5892	1101334	O54155			M16.1
SCO5893	SCO5893	1101335	O54156			M16.1
SCO5894	SCO5894	1101336	O54157			M16.1
SCO5895	SCO5895	1101337	O54158			M16.1
SCO5896	SCO5896	1101338	Q8CJQ2			M16.1
SCO5897	SCO5897	1101339	O54095			M16.1
SCO5898	SCO5898	1101340	O54096			M16.1
SCO5899	SCO5899	1101341	O54097			Basal machinery
SCO5900	SCO5900	1101342	O54098			Basal machinery
SCO5901	SCO5901	1101343	O54099			Basal machinery
SCO5902	SCO5902	1101344				Basal machinery
SCO5903	SCO5903	1101345				Basal machinery
SCO5904	SCO5904	1101346	O54100			Basal machinery
SCO5905	SCO5905	1101347	O54101			Basal machinery
SCO5906	SCO5906	1101348	O54102			Basal machinery
SCO5907	SCO5907	1101349	O54103			Basal machinery
SCO5908	SCO5908	1101350	O54104			Basal machinery
SCO5909	SCO5909	1101351	O54105			Basal machinery
SCO5910	SCO5910	1101352	O54106			Basal machinery
SCO5911	SCO5911	1101353	O54107			M16.10
SCO5912	SCO5912	1101354	O54108			M16.10
SCO5914	SCO5914	1101356	O54110			Basal machinery
SCO5915	SCO5915	1101357	O54111			Basal machinery
SCO5916	SCO5916	1101358	O54112			Basal machinery
SCO5917	SCO5917	1101359	O54113			Basal machinery
SCO5918	SCO5918	1101360	O54114			Basal machinery
SCO5920	SCO5920	1101362	O54116			Basal machinery
SCO5921	SCO5921	1101363	O54117			Basal machinery
SCO5922	SCO5922	1101364	O54118			Basal machinery
SCO5924	SCO5924	1101366	O54120			Basal machinery
SCO5925	SCO5925	1101367	O54121			Basal machinery
SCO5926	SCO5926	1101368	O54122			Basal machinery
SCO5927	SCO5927	1101369	O54123			Basal machinery
SCO5928	SCO5928	1101370	O54124			Basal machinery
SCO5929	SCO5929	1101371	O54125			Basal machinery
SCO5930	SCO5930	1101372	O54126			Basal machinery
SCO5933	SCO5933	1101375	O54162			Basal machinery
SCO5934	SCO5934	1101376	O54163			Basal machinery
SCO5937	SCO5937	1101379	O54166			Basal machinery
SCO5938	SCO5938	1101380	O54167			Basal machinery
SCO5939	SCO5939	1101381	O54168			Basal machinery
SCO5940	SCO5940	1101382	O54169			Basal machinery
SCO5941	SCO5941	1101383	O54170			Basal machinery
SCO5942	SCO5942	1101384	O54171			Basal machinery
SCO5945	SCO5945	1101387	O54174			Basal machinery
SCO5946	SCO5946	1101388	O54175			Basal machinery
SCO5952	SCO5952	1101394	O54181			Basal machinery
SCO5953	SCO5953	1101395	O54182			Basal machinery
SCO5954	SCO5954	1101396	O54183			Basal machinery
SCO5955	SCO5955	1101397	O54184			Basal machinery
SCO5956	SCO5956	1101398	O54185			Basal machinery
SCO5957	SCO5957	1101399	O54186			Basal machinery
SCO5965	SCO5965	1101407	O54194			Basal machinery
SCO5966	SCO5966	1101408	Q8CJQ0			Basal machinery
SCO5968	SCO5968	1101410	Q93JF9			Basal machinery
SCO5969	SCO5969	1101411	Q93JF8			Basal machinery
SCO5970	SCO5970	1101412	Q93JF7			Basal machinery
SCO5971	SCO5971	1101413	Q93JF6			Basal machinery
SCO5972	SCO5972	1101414	Q93JF5			Basal machinery
SCO5977	SCO5977	1101419	Q93JF0			Basal machinery
SCO5978	SCO5978	1101420	Q93JE9			M16.1
SCO5979	SCO5979	1101421	Q93JE8			M16.1
SCO5981	SCO5981	1101423	Q93JE6			Basal machinery
SCO5982	SCO5982	1101424	Q93JE5			Basal machinery
SCO5983	SCO5983	1101425	Q93JE4			Basal machinery
SCO5987	SCO5987	1101429	Q93JE0			Basal machinery
SCO5989	SCO5989	1101431	Q93JD8			Basal machinery
SCO5990	SCO5990	1101432	Q93JD7			Basal machinery
SCO5991	SCO5991	1101433	Q93JD6			Basal machinery
SCO5994	SCO5994	1101436	Q93JD3			Basal machinery
SCO5996	SCO5996	1101438	Q93JD1			Basal machinery
SCO5997	SCO5997	1101439	Q93JD0			Basal machinery
SCO5998	SCO5998	1101440	Q8CJP9			Basal machinery
SCO5999	SCO5999	1101441	Q7AKF3			M16.5
SCO6000	SCO6000	1101442	Q93RZ1			Basal machinery
SCO6001	SCO6001	1101443	Q93RZ0			Basal machinery
SCO6002	SCO6002	1101444	Q93RY9			Basal machinery
SCO6003	SCO6003	1101445	Q93RY8			Basal machinery
SCO6004	SCO6004	1101446	Q8CJP8			Basal machinery
SCO6005	SCO6005	1101447	O50499			Basal machinery
SCO6006	SCO6006	1101448	O50500			Basal machinery
SCO6008	SCO6008	1101450	O50502			Global regulator
SCO6009	SCO6009	1101451	O50503			Basal machinery
SCO6010	SCO6010	1101452	O50504			Basal machinery
SCO6011	SCO6011	1101453	O50505			Basal machinery
SCO6012	SCO6012	1101454	O50506			Basal machinery
SCO6014	SCO6014	1101456	O69844			Basal machinery
SCO6015	SCO6015	1101457	O69845			Basal machinery
SCO6016	SCO6016	1101458				Basal machinery
SCO6018	SCO6018	1101459	O69848			Basal machinery
SCO6019	SCO6019	1101460	O69849			Basal machinery
SCO6020	SCO6020	1101461	O69850			Basal machinery
SCO6021	SCO6021	1101462	O69851			Basal machinery
SCO6022	SCO6022	1101463	O69852			Basal machinery
SCO6023	SCO6023	1101464	O69853			Basal machinery
SCO6024	SCO6024	1101465	O69854			Basal machinery
SCO6025	SCO6025	1101466	O69855			Basal machinery
SCO6026	SCO6026	1101467	O69856			Basal machinery
SCO6027	SCO6027	1101468	O69857			Basal machinery
SCO6028	SCO6028	1101469	O69858			Basal machinery
SCO6029	SCO6029	1101470	O69859		two-component regulator	M16.1
SCO6030	SCO6030	1101471	O69860			Basal machinery
SCO6032	SCO6032	1101473	O69862			Basal machinery
SCO6033	SCO6033	1101474	O69863			Basal machinery
SCO6034	SCO6034	1101475	O69864			Basal machinery
SCO6035	SCO6035	1101476	O69865			Basal machinery
SCO6036	SCO6036	1101477	O69866			Basal machinery
SCO6037	SCO6037	1101478	O69867			Basal machinery
SCO6040	SCO6040	1101481	O69870			M16.1
SCO6041	SCO6041	1101482	Q8CJP6			M16.1
SCO6042	SCO6042	1101483	O69830			Basal machinery
SCO6043	SCO6043	1101484	O69831			Basal machinery
SCO6044	SCO6044	1101485	O69832			Basal machinery
SCO6045	SCO6045	1101486	O69833			Basal machinery
SCO6049	SCO6049	1101490	O69837			Basal machinery
SCO6051	SCO6051	1101492	O69839			Basal machinery
SCO6052	SCO6052	1101493	O69840			Basal machinery
SCO6053	SCO6053	1101494	O69841			Basal machinery
SCO6054	SCO6054	1101495	Q8CJP5			Basal machinery
SCO6055	SCO6055	1101496	Q9X822			Basal machinery
SCO6056	SCO6056	1101497	Q9X823			Basal machinery
SCO6057	SCO6057	1101498	Q9X824			Basal machinery
SCO6059	SCO6059	1101500	Q9X826			Basal machinery
SCO6061	SCO6061	1101502	Q9X828			Basal machinery
SCO6068	SCO6068	1101509	Q9X835			Basal machinery
SCO6069	SCO6069	1101510	Q9X836			Basal machinery
SCO6070	SCO6070	1101511	Q9X837			Basal machinery
SCO6071	SCO6071	1101512	Q7AKF2			Basal machinery
SCO6072	SCO6072	1101513	Q9X838			Basal machinery
SCO6074	SCO6074	1101515	Q9X840			Basal machinery
SCO6076	SCO6076	1101517	Q9X842			Basal machinery
SCO6077	SCO6077	1101518	Q8CJP4			Basal machinery
SCO6078	SCO6078	1101519	Q9ADI5			Basal machinery
SCO6083	SCO6083	1101524	Q9ADI0			Basal machinery
SCO6089	SCO6089	1101530	Q9ADH4			Basal machinery
SCO6090	SCO6090	1101531	Q9ADH3			Basal machinery
SCO6091	SCO6091	1101532	Q9ADH2			Basal machinery
SCO6095	SCO6095	1101536	Q9ADG8			Basal machinery
SCO6096	SCO6096	1101537	Q9ADG7			Basal machinery
SCO6097	SCO6097	1101538	Q9ADG6			Basal machinery
SCO6098	SCO6098	1101539	Q9ADG5			Basal machinery
SCO6101	SCO6101	1101542	Q9ADG2			Basal machinery
SCO6102	SCO6102	1101543	Q9ADG1			M16.1
SCO6104	SCO6104	1101545	Q9ADF9			Basal machinery
SCO6105	SCO6105	1101546	Q9ADF8			Basal machinery
SCO6106	SCO6106	1101547	Q9ADF7			Basal machinery
SCO6108	SCO6108	1101549	Q9ADF5			Basal machinery
SCO6109	SCO6109	1101550	Q9ADF4			Basal machinery
SCO6112	SCO6112	1101553	Q9ADF1			Basal machinery
SCO6113	SCO6113	1101554	Q8CJP3			Basal machinery
SCO6114	SCO6114	1101555	Q8CJP2			Basal machinery
SCO6115	SCO6115	1101556	Q9Z557			Basal machinery
SCO6116	SCO6116	1101557	Q9Z556			Basal machinery
SCO6118	SCO6118	1101559	Q9Z554			Basal machinery
SCO6119	SCO6119	1101560	Q9Z553			Basal machinery
SCO6122	SCO6122	1101563	Q9Z550			Basal machinery
SCO6123	SCO6123	1101564	Q9Z549			Basal machinery
SCO6124	SCO6124	1101565	Q9Z548			Basal machinery
SCO6125	SCO6125	1101566	Q9Z547			Basal machinery
SCO6126	SCO6126	1101567	Q9Z546			Basal machinery
SCO6127	SCO6127	1101568	Q9Z545			Basal machinery
SCO6129	SCO6129	1101570	Q9Z543			Basal machinery
SCO6130	SCO6130	1101571	Q9Z542			Basal machinery
SCO6131	SCO6131	1101572	Q9Z541			Basal machinery
SCO6132	SCO6132	1101573	Q9Z540			Basal machinery
SCO6133	SCO6133	1101574	Q9Z539			Basal machinery
SCO6134	SCO6134	1101575	Q9Z538			Basal machinery
SCO6135	SCO6135	1101576	Q9Z537			Basal machinery
SCO6136	SCO6136	1101577	Q9Z536			Basal machinery
SCO6141	SCO6141	1101582	Q9ZBU7			Basal machinery
SCO6142	SCO6142	1101583	Q9ZBU6			Basal machinery
SCO6143	SCO6143	1101584	Q9ZBU5			Basal machinery
SCO6144	SCO6144	1101585	Q9ZBU4			Basal machinery
SCO6145	SCO6145	1101586	Q9ZBU3			Basal machinery
SCO6146	SCO6146	1101587	Q9ZBU2			Basal machinery
SCO6148	SCO6148	1101589	Q9ZBU0			Basal machinery
SCO6149	SCO6149	1101590	Q9ZBT9			Basal machinery
SCO6152	SCO6152	1101593	Q9ZBT6			Basal machinery
SCO6153	SCO6153	1101594	Q9ZBT5			Basal machinery
SCO6155	SCO6155	1101596	Q9ZBT3			Basal machinery
SCO6156	SCO6156	1101597	Q9ZBT2			Basal machinery
SCO6157	SCO6157	1101598	Q9ZBT1			Basal machinery
SCO6158	SCO6158	1101599	Q9ZBT0			Basal machinery
SCO6159	SCO6159	1101600	Q9ZBS9			Basal machinery
SCO6160	SCO6160	1101601	Q9ZBS8			Basal machinery
SCO6161	SCO6161	1101602	Q9ZBS7			Basal machinery
SCO6162	SCO6162	1101603	Q9ZBS6			Basal machinery
SCO6163	SCO6163	1101604	Q9ZBS5			Basal machinery
SCO6164	SCO6164	1101605	Q9ZBS4			Basal machinery
SCO6165	SCO6165	1101606	Q8CJP0			Basal machinery
SCO6166	SCO6166	1101607	Q9ZBP3			Basal machinery
SCO6167	SCO6167	1101608	Q9ZBP2			Basal machinery
SCO6169	SCO6169	1101610	Q9ZBP0			Basal machinery
SCO6170	SCO6170	1101611	Q9ZBN9			Basal machinery
SCO6171	SCO6171	1101612	Q9ZBN8			Basal machinery
SCO6172	SCO6172	1101613	Q9ZBN7			Basal machinery
SCO6173	SCO6173	1101614	Q9ZBN6			Basal machinery
SCO6174	SCO6174	1101615	Q9ZBN5			Basal machinery
SCO6177	SCO6177	1101618	Q9ZBN2			Basal machinery
SCO6178	SCO6178	1101619	Q9ZBN1			Basal machinery
SCO6179	SCO6179	1101620	Q9ZBN0		nucleotide-sugar dehydratase	Basal machinery
SCO6180	SCO6180	1101621	Q8CJN9		transferase	M16.1
SCO6181	SCO6181	1101622	Q9Z5C1		transferase	Basal machinery
SCO6182	SCO6182	1101623	Q9Z5C0		dehydratase	Basal machinery
SCO6183	SCO6183	1101624	Q9Z5B9		transferase	Basal machinery
SCO6184	SCO6184	1101625	Q9Z5B8		transferase	Basal machinery
SCO6185	SCO6185	1101626	Q9Z5B7		transferase	Basal machinery
SCO6188	SCO6188	1101629	Q9Z5B4		transferase	Basal machinery
SCO6189	SCO6189	1101630	Q9Z5B3		transferase	Basal machinery
SCO6190	SCO6190	1101631	Q9Z5B2		transferase	Basal machinery
SCO6193	SCO6193	1101634	Q9Z5A9			Basal machinery
SCO6194	SCO6194	1101635	Q9Z5A8		response regulator	M30
SCO6195	SCO6195	1101636	Q9Z5A7		acetyl-coenzyme A synthetase	M30
SCO6196	SCO6196	1101637	Q9Z5A6		acyl-CoA synthetase	M30
SCO6197	SCO6197	1101638	Q9Z5A5			Basal machinery
SCO6198	SCO6198	1101639	Q9Z5A4			M16.1
SCO6199	SCO6199	1101640	Q9Z5A3			Basal machinery
SCO6200	SCO6200	1101641	Q9Z5A2			Basal machinery
SCO6201	SCO6201	1101642	Q9Z5A1			Basal machinery
SCO6202	SCO6202	1101643	Q9Z5A0			Basal machinery
SCO6203	SCO6203	1101644	Q9Z599			Basal machinery
SCO6205	SCO6205	1101646	Q9Z597			Basal machinery
SCO6206	SCO6206	1101647	Q9Z596			Basal machinery
SCO6207	SCO6207	1101648	Q9Z595			Basal machinery
SCO6208	SCO6208	1101649	Q9Z594			Basal machinery
SCO6209	SCO6209	1101650	Q9Z593			Basal machinery
SCO6210	SCO6210	1101651	Q9Z592			Basal machinery
SCO6211	SCO6211	1101652	Q8CJN8			Basal machinery
SCO6212	SCO6212	1101653	Q9RKW4			Basal machinery
SCO6213	SCO6213	1101654	Q9RKW3			Basal machinery
SCO6214	SCO6214	1101655	Q9RKW2			Basal machinery
SCO6215	SCO6215	1101656	Q9RKW1			Basal machinery
SCO6216	SCO6216	1101657	Q9RKW0			Basal machinery
SCO6217	SCO6217	1101658	Q9RKV9			Basal machinery
SCO6218	SCO6218	1101659	Q9RKV8			Basal machinery
SCO6219	SCO6219	1101660	Q8CJN7			Basal machinery
SCO6220	SCO6220	1101661	O86585			Basal machinery
SCO6222	SCO6222	1101663	O86587			M16.1
SCO6223	SCO6223	1101664	O86588			Basal machinery
SCO6224	SCO6224	1101665	O86589			Basal machinery
SCO6225	SCO6225	1101666	O86590			Basal machinery
SCO6228	SCO6228	1101669	O86593			Basal machinery
SCO6231	SCO6231	1101672	O86596			Basal machinery
SCO6232	SCO6232	1101673	O86597			Basal machinery
SCO6233	SCO6233	1101674	O86598			Basal machinery
SCO6234	SCO6234	1101675	O86599			Basal machinery
SCO6235	SCO6235	1101676	O86600			Basal machinery
SCO6236	SCO6236	1101677	Q8CJI5			Basal machinery
SCO6237	SCO6237	1101678	Q9RKV5			Basal machinery
SCO6238	SCO6238	1101679	Q9RKV4			Basal machinery
SCO6239	SCO6239	1101680	Q9RKV3			Basal machinery
SCO6240	SCO6240	1101681	Q9RKV2			Basal machinery
SCO6244	SCO6244	1101685	Q9RKU8			Basal machinery
SCO6245	SCO6245	1101686	Q9RKU7			Basal machinery
SCO6250	SCO6250	1101691	Q9RKU2			Basal machinery
SCO6256	SCO6256	1101697	Q9RKT6			M16.1
SCO6257	SCO6257	1101698	Q9RKT5			Basal machinery
SCO6258	SCO6258	1101699	Q9RKT4			Basal machinery
SCO6259	SCO6259	1101700	Q9RKT3			Basal machinery
SCO6260	SCO6260	1101701	Q9RKT2			Basal machinery
SCO6261	SCO6261	1101702	Q9RKT1			Basal machinery
SCO6262	SCO6262	1101703	Q9RKT0			Basal machinery
SCO6263	SCO6263	1101704	Q9RKS9			Basal machinery
SCO6264	SCO6264	1101705	Q9RKS8			Basal machinery
SCO6265	SCO6265	1101706	Q7AKF1		gamma-butyrolactone binding protein	Global regulator
SCO6266	SCO6266	1101707	Q7AKF0		ScbA protein	M16.1
SCO6267	SCO6267	1101708	Q9RKS7			Basal machinery
SCO6268	SCO6268	1101709	Q9RKS6			Basal machinery
SCO6269	SCO6269	1101710	Q9RKS5			Basal machinery
SCO6270	SCO6270	1101711	Q9RKS4			Basal machinery
SCO6271	SCO6271	1101712				M16.1
SCO6272	SCO6272	1101713	Q9EX55			M16.1
SCO6273	SCO6273	1101714	Q9EX54		type I polyketide synthase	M16.1
SCO6274	SCO6274	1101715	Q9EX53			M16.1
SCO6275	SCO6275	1101716	Q8CJN6			M16.1
SCO6276	SCO6276	1101717	Q93S13		secreted protein	M16.1
SCO6277	SCO6277	1101718	Q93S12			Basal machinery
SCO6278	SCO6278	1101719	Q93S11		integral membrane transport protein	M16.1
SCO6279	SCO6279	1101720	Q93S10		diaminobutyrate-pyruvate aminotransferase	M16.1
SCO6280	SCO6280	1101721	Q93S09		regulatory protein	M16.1
SCO6281	SCO6281	1101722	Q93S08			Basal machinery
SCO6282	SCO6282	1101723	Q93S07		3-oxoacyl-[acyl-carrier protein] reductase	M16.1
SCO6283	SCO6283	1101724	Q93S06			M16.1
SCO6284	SCO6284	1101725	Q93S05		decarboxylase	M16.1
SCO6285	SCO6285	1101726	Q93S04			Basal machinery
SCO6286	SCO6286	1101727	Q93S03			Global regulator
SCO6288	SCO6288	1101729	Q93RY4			M16.1
SCO6289	SCO6289	1101730	Q93RY3			M16.10
SCO6290	SCO6290	1101731	Q93RY2			Basal machinery
SCO6291	SCO6291	1101732	Q93RY1			Basal machinery
SCO6292	SCO6292	1101733	Q93RY0			Basal machinery
SCO6293	SCO6293	1101734	Q93RX9			Basal machinery
SCO6294	SCO6294	1101735	Q93RX8			M16.10
SCO6295	SCO6295	1101736	Q93RX7			M16.10
SCO6300	SCO6300	1101741	Q93RU1			Basal machinery
SCO6303	SCO6303	1101744	Q93RT8			Basal machinery
SCO6304	SCO6304	1101745	Q93RT7			Basal machinery
SCO6305	SCO6305	1101746	Q93RT6			Basal machinery
SCO6309	SCO6309	1101750	Q93RT2			Basal machinery
SCO6310	SCO6310	1101751	Q93RT1			Basal machinery
SCO6312	SCO6312	1101753	Q7AKE7			Basal machinery
SCO6315	SCO6315	1101756				Basal machinery
SCO6319	SCO6319	1101760	Q93RS5			Basal machinery
SCO6321	SCO6321	1101762	Q93RS3			Basal machinery
SCO6323	SCO6323	1101764	Q93RS2			Basal machinery
SCO6324	SCO6324	1101765	Q93RS1			Basal machinery
SCO6325	SCO6325	1101766	Q8CJN4			Basal machinery
SCO6326	SCO6326	1101767	O86494			Basal machinery
SCO6328	SCO6328	1101769	O86496			Basal machinery
SCO6329	SCO6329	1101770	O86497			Basal machinery
SCO6330	SCO6330	1101771	O86498			Basal machinery
SCO6332	SCO6332	1101773	O86500			Basal machinery
SCO6334	SCO6334	1101775	O86603			Basal machinery
SCO6335	SCO6335	1101776	O86604			Basal machinery
SCO6336	SCO6336	1101777	O86605			Basal machinery
SCO6337	SCO6337	1101778	O86606			Basal machinery
SCO6338	SCO6338	1101779	O86607			Basal machinery
SCO6342	SCO6342	1101783	O86611			Basal machinery
SCO6343	SCO6343	1101784	O86612			Basal machinery
SCO6344	SCO6344	1101785	O86613			Basal machinery
SCO6345	SCO6345	1101786	O86614			Basal machinery
SCO6346	SCO6346	1101787	O86615			Basal machinery
SCO6347	SCO6347	1101788	O86616			Basal machinery
SCO6348	SCO6348	1101789	O86617			Basal machinery
SCO6349	SCO6349	1101790	O86618			Basal machinery
SCO6352	SCO6352	1101793	O86621			Basal machinery
SCO6353	SCO6353	1101794	O86622			Basal machinery
SCO6354	SCO6354	1101795	O86623			Basal machinery
SCO6355	SCO6355	1101796	O86624			Basal machinery
SCO6356	SCO6356	1101797	O86625			Basal machinery
SCO6357	SCO6357	1101798	O86626			Basal machinery
SCO6358	SCO6358	1101799	O86627			Basal machinery
SCO6359	SCO6359	1101800	O86628			Basal machinery
SCO6366	SCO6366	1101807	O86658			Basal machinery
SCO6367	SCO6367	1101808	O86659			Basal machinery
SCO6368	SCO6368	1101809	O86660			Basal machinery
SCO6372	SCO6372	1101813	O86664			Basal machinery
SCO6373	SCO6373	1101814	O86665			Basal machinery
SCO6374	SCO6374	1101815	O86666			Basal machinery
SCO6375	SCO6375	1101816	O86667			Basal machinery
SCO6376	SCO6376	1101817	O86668			Basal machinery
SCO6377	SCO6377	1101818	O86669			M16.1
SCO6379	SCO6379	1101820	O86671			Basal machinery
SCO6380	SCO6380	1101821	O86672			Basal machinery
SCO6381	SCO6381	1101822	O86673			Basal machinery
SCO6382	SCO6382	1101823	O69914			Basal machinery
SCO6383	SCO6383	1101824	O69915			Basal machinery
SCO6384	SCO6384	1101825	O69916			Basal machinery
SCO6385	SCO6385	1101826	O69917			Basal machinery
SCO6386	SCO6386	1101827	O69918			Basal machinery
SCO6387	SCO6387	1101828	O69919			Basal machinery
SCO6388	SCO6388	1101829	O69920			Basal machinery
SCO6390	SCO6390	1101831	O69922			Basal machinery
SCO6393	SCO6393	1101834	O69924			Basal machinery
SCO6395	SCO6395	1101836				Basal machinery
SCO6396	SCO6396	1101837				Basal machinery
SCO6399	SCO6399	1101838	O69930			Basal machinery
SCO6400	SCO6400	1101839				Basal machinery
SCO6401	SCO6401	1101840				Basal machinery
SCO6403	SCO6403	1101842	O69931			Basal machinery
SCO6405	SCO6405	1101844	O69933			Basal machinery
SCO6407	SCO6407	1101846	O69935			Basal machinery
SCO6408	SCO6408	1101847	O69936			Basal machinery
SCO6410	SCO6410	1101849	O69938			Basal machinery
SCO6411	SCO6411	1101850	O69939			Basal machinery
SCO6412	SCO6412	1101851	Q8CJN1			Basal machinery
SCO6413	SCO6413	1101852	O69807			Basal machinery
SCO6414	SCO6414	1101853	O69808			Basal machinery
SCO6416	SCO6416	1101855	O69810			Basal machinery
SCO6417	SCO6417	1101856	O69811			Basal machinery
SCO6418	SCO6418	1101857	O69812			Basal machinery
SCO6419	SCO6419	1101858	O69813			Basal machinery
SCO6421	SCO6421	1101860	O69815			Basal machinery
SCO6423	SCO6423	1101862	O69817			Basal machinery
SCO6424	SCO6424	1101863	O69818			Basal machinery
SCO6428	SCO6428	1101867	O69822			Basal machinery
SCO6429	SCO6429	1101868	O69823			M16.1
SCO6431	SCO6431	1101870	O69825			Basal machinery
SCO6432	SCO6432	1101871	O69826			Basal machinery
SCO6433	SCO6433	1101872	O69827			Basal machinery
SCO6434	SCO6434	1101873	Q8CJN0			Basal machinery
SCO6435	SCO6435	1101874	Q9ZBH8			Basal machinery
SCO6436	SCO6436	1101875	Q9ZBH7			Basal machinery
SCO6437	SCO6437	1101876	Q9ZBH6			Basal machinery
SCO6438	SCO6438	1101877	Q9ZBH5			Basal machinery
SCO6440	SCO6440	1101879	Q9ZBH3			Basal machinery
SCO6441	SCO6441	1101880	Q9ZBH2			Basal machinery
SCO6442	SCO6442	1101881	Q9ZBH1			Basal machinery
SCO6443	SCO6443	1101882	Q9ZBH0			Basal machinery
SCO6444	SCO6444	1101883	Q9ZBG9			Basal machinery
SCO6445	SCO6445	1101884	Q9ZBG8			Basal machinery
SCO6446	SCO6446	1101885	Q9ZBG7			Basal machinery
SCO6448	SCO6448	1101887	Q9ZBG5			Basal machinery
SCO6449	SCO6449	1101888	Q9ZBG4			Basal machinery
SCO6450	SCO6450	1101889	Q9ZBG3			Basal machinery
SCO6451	SCO6451	1101890	Q9ZBG2		substrate binding protein	M16.12
SCO6452	SCO6452	1101891	Q9ZBG1		transport permease protein	M16.12
SCO6453	SCO6453	1101892	Q9ZBG0		transport permease protein	M16.12
SCO6454	SCO6454	1101893	Q9ZBF9		ABC transporter ATP-binding protein	M16.12
SCO6455	SCO6455	1101894	Q9ZBF8		ABC transporter ATP-binding protein	M16.12
SCO6456	SCO6456	1101895	Q9ZBF7			Basal machinery
SCO6457	SCO6457	1101896	Q9ZBF6			Basal machinery
SCO6458	SCO6458	1101897	Q9ZBF5			Basal machinery
SCO6459	SCO6459	1101898	Q9ZBF4			M22
SCO6460	SCO6460	1101899	Q9ZBF3			M22
SCO6466	SCO6466	1101905	Q9ZBK8			Basal machinery
SCO6467	SCO6467	1101906	Q9ZBK7			Basal machinery
SCO6469	SCO6469	1101908	Q9ZBK5			Basal machinery
SCO6470	SCO6470	1101909	Q9ZBK4			Basal machinery
SCO6471	SCO6471	1101910	Q9ZBK3			Basal machinery
SCO6472	SCO6472	1101911	Q9ZBK2			Basal machinery
SCO6473	SCO6473	1101912	Q9ZBK1			Basal machinery
SCO6474	SCO6474	1101913	Q9ZBK0			Basal machinery
SCO6475	SCO6475	1101914	Q9ZBJ9			Basal machinery
SCO6476	SCO6476	1101915	Q9ZBJ8			Basal machinery
SCO6480	SCO6480	1101919	Q9ZBJ4			Basal machinery
SCO6481	SCO6481	1101920	Q9ZBJ3			Basal machinery
SCO6484	SCO6484	1101923	Q9ZBJ0			Basal machinery
SCO6486	SCO6486	1101925	Q9ZBI8			Basal machinery
SCO6488	SCO6488	1101927	Q9ZBI6			Basal machinery
SCO6489	SCO6489	1101928	Q9ZBI5			Basal machinery
SCO6490	SCO6490	1101929	Q9ZBI4			Basal machinery
SCO6491	SCO6491	1101930	Q9ZBI3			Basal machinery
SCO6492	SCO6492	1101931	Q8CJM7			Basal machinery
SCO6494	SCO6494	1101933	Q9ZC19			Basal machinery
SCO6495	SCO6495	1101934	Q9ZC18			Basal machinery
SCO6496	SCO6496	1101935	Q9ZC17			Basal machinery
SCO6497	SCO6497	1101936	Q9ZC16			Basal machinery
SCO6498	SCO6498	1101937	Q9ZC15			Basal machinery
SCO6499	SCO6499	1101938	Q9ZC14			Basal machinery
SCO6501	SCO6501	1101940	Q9ZC12		gas vesicle synthesis protein	M16.3
SCO6502	SCO6502	1101941	Q9ZC11			Basal machinery
SCO6503	SCO6503	1101942	Q9ZC10			Basal machinery
SCO6504	SCO6504	1101943	Q9ZC09			Basal machinery
SCO6506	SCO6506	1101945	Q9ZC07			Basal machinery
SCO6507	SCO6507	1101946	Q9ZC06			Basal machinery
SCO6508	SCO6508	1101947	Q9ZC05			Basal machinery
SCO6509	SCO6509	1101948	Q9ZC04			Basal machinery
SCO6510	SCO6510	1101949	Q9ZC03			Basal machinery
SCO6511	SCO6511	1101950	Q9ZC02			Basal machinery
SCO6512	SCO6512	1101951	Q9ZC01			Basal machinery
SCO6513	SCO6513	1101952	Q9ZC00			Basal machinery
SCO6514	SCO6514	1101953	Q9ZBZ9			Basal machinery
SCO6515	SCO6515	1101954	Q9ZBZ8			Basal machinery
SCO6516	SCO6516	1101955	Q8CJM6			Basal machinery
SCO6520	SCO6520	1101959	O86702		RNA polymerase sigma factor	M16.1
SCO6521	SCO6521	1101960	O86703			Basal machinery
SCO6523	SCO6523	1101962	O86705			Basal machinery
SCO6524	SCO6524	1101963	O86706			Basal machinery
SCO6525	SCO6525	1101964	O86707			Basal machinery
SCO6529	SCO6529	1101968	O86711			Basal machinery
SCO6530	SCO6530	1101969	O86712			Basal machinery
SCO6531	SCO6531	1101970	O86713			Basal machinery
SCO6532	SCO6532	1101971	O86714			Basal machinery
SCO6534	SCO6534	1101973	O86716			Basal machinery
SCO6535	SCO6535	1101974	O86717			Basal machinery
SCO6537	SCO6537	1101976	O86719			Basal machinery
SCO6538	SCO6538	1101977	O86720			Basal machinery
SCO6539	SCO6539	1101978	O86721			Basal machinery
SCO6540	SCO6540	1101979	O86722	phhB		Basal machinery
SCO6541	SCO6541	1101980	O86723			Basal machinery
SCO6543	SCO6543	1101982	O86725			Basal machinery
SCO6544	SCO6544	1101983	O86726			Basal machinery
SCO6545	SCO6545	1101984	O86727			Basal machinery
SCO6546	SCO6546	1101985	O86728			Basal machinery
SCO6547	SCO6547	1101986	O86729			Basal machinery
SCO6548	SCO6548	1101987	O86730			Basal machinery
SCO6551	SCO6551	1101990	Q9ZBW7		oxidoreductase	Basal machinery
SCO6552	SCO6552	1101991	Q9ZBW6			Basal machinery
SCO6557	SCO6557	1101996	Q9ZBW1			Basal machinery
SCO6560	SCO6560	1101999	Q9ZBV8			Basal machinery
SCO6562	SCO6562	1102001	Q9ZBV6			Basal machinery
SCO6565	SCO6565	1102004	Q9ZBV3			Basal machinery
SCO6566	SCO6566	1102005	Q8CJM5			Basal machinery
SCO6567	SCO6567	1102006	O69942			Basal machinery
SCO6568	SCO6568	1102007	O69943			Basal machinery
SCO6569	SCO6569	1102008	O69944			Basal machinery
SCO6570	SCO6570	1102009	O69945			Basal machinery
SCO6571	SCO6571	1102010	O69946			Basal machinery
SCO6574	SCO6574	1102013	O69949			Basal machinery
SCO6576	SCO6576	1102015	O69951			Basal machinery
SCO6577	SCO6577	1102016	O69952			Basal machinery
SCO6578	SCO6578	1102017	O69953			Basal machinery
SCO6579	SCO6579	1102018	O69954			Basal machinery
SCO6580	SCO6580	1102019	Q8CJM4			Basal machinery
SCO6581	SCO6581	1102020	O87836			Basal machinery
SCO6582	SCO6582	1102021	O87837			Basal machinery
SCO6584	SCO6584	1102023	O87839			Basal machinery
SCO6587	SCO6587	1102026	O87842			Basal machinery
SCO6588	SCO6588	1102027	O87843			Basal machinery
SCO6590	SCO6590	1102029	O87845			Basal machinery
SCO6591	SCO6591	1102030	O87846			Basal machinery
SCO6592	SCO6592	1102031	O87847			Basal machinery
SCO6593	SCO6593	1102032	O87848			Basal machinery
SCO6594	SCO6594	1102033	O87849			Basal machinery
SCO6595	SCO6595	1102034	O87850			Basal machinery
SCO6596	SCO6596	1102035	O87851			Basal machinery
SCO6597	SCO6597	1102036	O87852			Basal machinery
SCO6600	SCO6600	1102039	O87855			Basal machinery
SCO6602	SCO6602	1102041	O87857			Basal machinery
SCO6603	SCO6603	1102042	O87858			Basal machinery
SCO6604	SCO6604	1102043	Q8CJM3			Basal machinery
SCO6606	SCO6606	1102045	O86540			Basal machinery
SCO6609	SCO6609	1102048	O86543			Basal machinery
SCO6611	SCO6611	1102050	O86545			Basal machinery
SCO6612	SCO6612	1102051	O86546			Basal machinery
SCO6613	SCO6613	1102052	O86547			Basal machinery
SCO6614	SCO6614	1102053	O86548			Basal machinery
SCO6620	SCO6620	1102059	O86554			Basal machinery
SCO6621	SCO6621	1102060	O86555			Basal machinery
SCO6622	SCO6622	1102061	O86556			Basal machinery
SCO6623	SCO6623	1102062	O86557			Basal machinery
SCO6624	SCO6624	1102063	O86558			Basal machinery
SCO6625	SCO6625	1102064	O86559			Basal machinery
SCO6626	SCO6626	1102065	O86560			Basal machinery
SCO6627	SCO6627	1102066	Q8CJM2			Basal machinery
SCO6630	SCO6630	1102069	O86677			Basal machinery
SCO6631	SCO6631	1102070	O86678			Basal machinery
SCO6632	SCO6632	1102071	O86679			Basal machinery
SCO6635	SCO6635	1102074	O86682			Basal machinery
SCO6636	SCO6636	1102075	O86683			Basal machinery
SCO6637	SCO6637	1102076	Q7AKE6			Basal machinery
SCO6638	SCO6638	1102077	O86684			Basal machinery
SCO6639	SCO6639	1102078	O86685			Basal machinery
SCO6640	SCO6640	1102079	O86686			Basal machinery
SCO6642	SCO6642	1102081	O86688			Basal machinery
SCO6643	SCO6643	1102082	O86689			Basal machinery
SCO6644	SCO6644	1102083	O86690			Basal machinery
SCO6647	SCO6647	1102086	O86693			Basal machinery
SCO6649	SCO6649	1102088	O86695			Basal machinery
SCO6650	SCO6650	1102089	O86696			M5
SCO6651	SCO6651	1102090	Q8CJM1			Basal machinery
SCO6652	SCO6652	1102091	O88008			Basal machinery
SCO6653	SCO6653	1102092	O88009			Basal machinery
SCO6654	SCO6654	1102093	O88010			Basal machinery
SCO6656	SCO6656	1102095	O88012			M18
SCO6657	SCO6657	1102096	O88013			Basal machinery
SCO6658	SCO6658	1102097	O88014			Basal machinery
SCO6660	SCO6660	1102099	O88016			Basal machinery
SCO6663	SCO6663	1102102	O88019			Basal machinery
SCO6664	SCO6664	1102103	O88020			Basal machinery
SCO6667	SCO6667	1102106	O88023			Basal machinery
SCO6676	SCO6676	1102115	O88032			Basal machinery
SCO6678	SCO6678	1102117	O88034			Basal machinery
SCO6679	SCO6679	1102118	O88035			Basal machinery
SCO6681	SCO6681	1102120	O88037		serine/threonine protein kinase	M16.1
SCO6683	SCO6683	1102122	O88039		ABC transporter ATP-binding protein	M16.1
SCO6684	SCO6684	1102123	Q7AKE5		ABC transporter ATP-binding protein	M16.1
SCO6685	SCO6685	1102124	Q7AKE4		two-component system response regulator	M16.1
SCO6686	SCO6686	1102125	Q9XAH8			Basal machinery
SCO6687	SCO6687	1102126	Q9XAH7			Basal machinery
SCO6690	SCO6690	1102129	Q9XAH4			Basal machinery
SCO6691	SCO6691	1102130	Q8CJM0			M16.1
SCO6693	SCO6693	1102132	Q9XAN7			Basal machinery
SCO6695	SCO6695	1102134	Q9XAN5			Basal machinery
SCO6696	SCO6696	1102135	Q9XAN4			Basal machinery
SCO6697	SCO6697	1102136	Q9XAN3			Basal machinery
SCO6698	SCO6698	1102137	Q9XAN2			Basal machinery
SCO6699	SCO6699	1102138	Q9XAN1			Basal machinery
SCO6700	SCO6700	1102139	Q9XAN0			Basal machinery
SCO6701	SCO6701	1102140	Q9XAM9			Basal machinery
SCO6702	SCO6702	1102141	Q9XAM8			Basal machinery
SCO6703	SCO6703	1102142	Q9XAM7			M23
SCO6704	SCO6704	1102143	Q9XAM6			M23
SCO6705	SCO6705	1102144	Q9XAM5			M16.1
SCO6706	SCO6706	1102145	Q9XAM4			M16.1
SCO6707	SCO6707	1102146	Q9XAM3	ligC		Basal machinery
SCO6708	SCO6708	1102147	Q9XAM2			Basal machinery
SCO6709	SCO6709	1102148	Q9XAM1			Basal machinery
SCO6710	SCO6710	1102149	Q9XAM0			Basal machinery
SCO6711	SCO6711	1102150	Q9XAL9			Basal machinery
SCO6712	SCO6712	1102151	Q9XAL8			Basal machinery
SCO6713	SCO6713	1102152	Q9XAL7			Basal machinery
SCO6714	SCO6714	1102153	Q9XAL6			Basal machinery
SCO6716	SCO6716	1102155	Q9XAL4			Basal machinery
SCO6717	SCO6717	1102156	Q9XAL3			Basal machinery
SCO6719	SCO6719	1102158	Q9X7M5			Basal machinery
SCO6720	SCO6720	1102159	Q9X7M6			Basal machinery
SCO6721	SCO6721	1102160	Q9X7M7			Basal machinery
SCO6722	SCO6722	1102161	Q9X7M8			Basal machinery
SCO6723	SCO6723	1102162	Q9X7M9			Basal machinery
SCO6724	SCO6724	1102163	Q9X7N0			Basal machinery
SCO6727	SCO6727	1102166	Q9X7N3			Basal machinery
SCO6728	SCO6728	1102167	Q9X7N4			M12
SCO6729	SCO6729	1102168	Q9X7N5			Basal machinery
SCO6730	SCO6730	1102169	Q9X7N6			Basal machinery
SCO6731	SCO6731	1102170	Q9X7N7			Basal machinery
SCO6732	SCO6732	1102171	Q9X7N8			Basal machinery
SCO6738	SCO6738	1102177	Q9X7P4			Basal machinery
SCO6739	SCO6739	1102178	Q9X7P5			Basal machinery
SCO6741	SCO6741	1102180	Q9X7P7			Basal machinery
SCO6742	SCO6742	1102181	Q9X7P8			Basal machinery
SCO6743	SCO6743	1102182	Q9X7P9			Basal machinery
SCO6744	SCO6744	1102183	Q9X7Q0			Basal machinery
SCO6746	SCO6746	1102185	Q9X7Q2			Basal machinery
SCO6748	SCO6748	1102187	Q9X7Q4			M16.1
SCO6749	SCO6749	1102188	Q9X7Q5			Basal machinery
SCO6751	SCO6751	1102190	Q9X7Q7			Basal machinery
SCO6752	SCO6752	1102191	Q8CJL9			Basal machinery
SCO6753	SCO6753	1102192	Q9WW65			Basal machinery
SCO6755	SCO6755	1102194	Q9X7V0			Basal machinery
SCO6756	SCO6756	1102195	Q9X7V1			Basal machinery
SCO6757	SCO6757	1102196	Q9X7V2			Basal machinery
SCO6758	SCO6758	1102197	Q9X7V3			Basal machinery
SCO6759	SCO6759	1102198	Q9X7V4		phytoene synthase	Basal machinery
SCO6760	SCO6760	1102199	Q9X7V5		phytoene synthase	Basal machinery
SCO6761	SCO6761	1102200	Q9X7V6			Basal machinery
SCO6762	SCO6762	1102201	Q9X7V7			Basal machinery
SCO6763	SCO6763	1102202	Q9X7V8			Basal machinery
SCO6764	SCO6764	1102203	Q9X7V9			Basal machinery
SCO6765	SCO6765	1102204	Q9X7W0			Basal machinery
SCO6766	SCO6766	1102205	Q9X7W1			Basal machinery
SCO6769	SCO6769	1102208	Q9X7W4			Basal machinery
SCO6770	SCO6770	1102209	Q9X7W5			Basal machinery
SCO6771	SCO6771	1102210	Q9X7W6			Basal machinery
SCO6773	SCO6773	1102212	Q9X7W8			M18
SCO6774	SCO6774	1102213	Q9X7W9			Basal machinery
SCO6775	SCO6775	1102214	Q9X7X0			Basal machinery
SCO6776	SCO6776	1102215	Q9X7X1			Basal machinery
SCO6779	SCO6779	1102218	Q9X7X4			Basal machinery
SCO6780	SCO6780	1102219	Q9X7X5			Basal machinery
SCO6781	SCO6781	1102220	Q9X7X6			Basal machinery
SCO6782	SCO6782	1102221	Q9X7X7			Basal machinery
SCO6788	SCO6788	1102227	Q9X7Y3			Basal machinery
SCO6791	SCO6791	1102230	Q9X7Y6			Basal machinery
SCO6792	SCO6792	1102231	Q9L240			Basal machinery
SCO6794	SCO6794	1102233	Q9L238			Basal machinery
SCO6795	SCO6795	1102234	Q9L237			Basal machinery
SCO6796	SCO6796	1102235	Q9L236			Basal machinery
SCO6797	SCO6797	1102236	Q9L235			Basal machinery
SCO6798	SCO6798	1102237	Q9L234			Basal machinery
SCO6805	SCO6805	1102244	Q9L227			Basal machinery
SCO6807	SCO6807	1102246	Q9L225			Basal machinery
SCO6808	SCO6808	1102247	Q9L224			Basal machinery
SCO6809	SCO6809	1102248	Q9L223			Basal machinery
SCO6810	SCO6810	1102249	Q9L222			Basal machinery
SCO6811	SCO6811	1102250	Q9L221			Basal machinery
SCO6812	SCO6812	1102251	Q9L220			Basal machinery
SCO6813	SCO6813	1102252	Q9L219			Basal machinery
SCO6815	SCO6815	1102254	Q9L217			Basal machinery
SCO6816	SCO6816	1102255	Q9L216			Basal machinery
SCO6817	SCO6817	1102256	Q9L215			Basal machinery
SCO6820	SCO6820	1102259	Q9L212			Basal machinery
SCO6821	SCO6821	1102260	Q9L211			Basal machinery
SCO6822	SCO6822	1102261	Q9L210			Basal machinery
SCO6823	SCO6823	1102262	Q9L209			Basal machinery
SCO6824	SCO6824	1102263	Q8CJL8			Basal machinery
SCO6825	SCO6825	1102264	Q9L1W0			Basal machinery
SCO6826	SCO6826	1102265	Q9L1V9			Basal machinery
SCO6827	SCO6827	1102266	Q9L1V8			Basal machinery
SCO6832	SCO6832	1102271	Q9L1V3			Basal machinery
SCO6833	SCO6833	1102272	Q9L1X6			Basal machinery
SCO6834	SCO6834	1102273	Q7AKE3			Basal machinery
SCO6835	SCO6835	1102274	Q7AKE2			Basal machinery
SCO6836	SCO6836	1102275	Q9L1X5			Basal machinery
SCO6841	SCO6841	1102280	Q9L1X0			Basal machinery
SCO6843	SCO6843	1102282	Q9L1W8			Basal machinery
SCO6844	SCO6844	1102283	Q9L1W7			Basal machinery
SCO6845	SCO6845	1102284	Q9L1W6			Basal machinery
SCO6847	SCO6847	1102286	Q9L1W4			Basal machinery
SCO6848	SCO6848	1102287	Q9L1W3			Basal machinery
SCO6849	SCO6849	1102288	Q8CJL7			Basal machinery
SCO6850	SCO6850	1102289	Q9L1R4			Basal machinery
SCO6852	SCO6852	1102291	Q9L1R2			Basal machinery
SCO6858	SCO6858	1102297	Q9L1Q6			Basal machinery
SCO6859	SCO6859	1102298	Q9L1Q5			Basal machinery
SCO6860	SCO6860	1102299	Q9L1Q4			Basal machinery
SCO6861	SCO6861	1102300	Q7AKE1			Basal machinery
SCO6862	SCO6862	1102301	Q9L1Q3			Basal machinery
SCO6869	SCO6869	1102308	Q9L1P6			Basal machinery
SCO6870	SCO6870	1102309	Q9L1P5			Basal machinery
SCO6871	SCO6871	1102310	Q9L1P4			Basal machinery
SCO6872	SCO6872	1102311	Q9L1P3			Basal machinery
SCO6876	SCO6876	1102315	Q9L1N9			Basal machinery
SCO6879	SCO6879	1102318	Q9L1N6			Basal machinery
SCO6880	SCO6880	1102319	Q9L1N5			Basal machinery
SCO6881	SCO6881	1102320	Q9L1N4			Basal machinery
SCO6882	SCO6882	1102321	Q9L1N3			Basal machinery
SCO6887	SCO6887	1102326	Q9L1M8			Basal machinery
SCO6890	SCO6890	1102329	Q9L1M5			Basal machinery
SCO6893	SCO6893	1102332	Q9L1M2			Basal machinery
SCO6895	SCO6895	1102334	Q8CJL6			Basal machinery
SCO6898	SCO6898	1102337	Q9KYD2			Basal machinery
SCO6899	SCO6899	1102338	Q9KYD1			Basal machinery
SCO6900	SCO6900	1102339	Q9KYD0			Basal machinery
SCO6901	SCO6901	1102340	Q9KYC9			Basal machinery
SCO6905	SCO6905	1102344	Q9KYC5			Basal machinery
SCO6906	SCO6906	1102345	Q9KYC4			Basal machinery
SCO6907	SCO6907	1102346	Q9KYC3			Basal machinery
SCO6908	SCO6908	1102347	Q9KYC2			Basal machinery
SCO6911	SCO6911	1102350				Basal machinery
SCO6921	SCO6921	1102359	Q9KYB2			Basal machinery
SCO6923	SCO6923	1102361	Q9KYB0			Basal machinery
SCO6924	SCO6924	1102362	Q9KYA9			Basal machinery
SCO6925	SCO6925	1102363	Q9KYA8			Basal machinery
SCO6926	SCO6926	1102364	Q9KYA7			Basal machinery
SCO6927	SCO6927	1102365	Q9KYA6			Basal machinery
SCO6928	SCO6928	1102366	Q9KYA5			Basal machinery
SCO6929	SCO6929	1102367	Q8CJL5			Basal machinery
SCO6930	SCO6930	1102368	Q9KYL1			Basal machinery
SCO6931	SCO6931	1102369	Q9KYL0			Basal machinery
SCO6932	SCO6932	1102370	Q9KYK9			Basal machinery
SCO6933	SCO6933	1102371	Q9KYK8			Basal machinery
SCO6934	SCO6934	1102372	Q9KYK7			Basal machinery
SCO6935	SCO6935	1102373	Q9KYK6			Basal machinery
SCO6936	SCO6936	1102374	Q9KYK5			Basal machinery
SCO6937	SCO6937	1102375	Q9KYK4			Basal machinery
SCO6938	SCO6938	1102376	Q9KYK3			Basal machinery
SCO6939	SCO6939	1102377	Q9KYK2			Basal machinery
SCO6940	SCO6940	1102378	Q9KYK1			Basal machinery
SCO6941	SCO6941	1102379	Q9KYK0			Basal machinery
SCO6942	SCO6942	1102380	Q9KYJ9			Basal machinery
SCO6943	SCO6943	1102381	Q9KYJ8			Basal machinery
SCO6944	SCO6944	1102382	Q9KYJ7			Basal machinery
SCO6945	SCO6945	1102383	Q9KYJ6			Basal machinery
SCO6946	SCO6946	1102384	Q9KYJ5			Basal machinery
SCO6948	SCO6948	1102386	Q9KYJ3			Basal machinery
SCO6949	SCO6949	1102387	Q9KZE0			Basal machinery
SCO6951	SCO6951	1102389	Q9KZD8			Basal machinery
SCO6952	SCO6952	1102390	Q9KZD7			Basal machinery
SCO6953	SCO6953	1102391	Q9KZD6			Basal machinery
SCO6954	SCO6954	1102392	Q9KZD5			Basal machinery
SCO6955	SCO6955	1102393	Q9KZD4			Basal machinery
SCO6956	SCO6956	1102394	Q9KZD3			Basal machinery
SCO6957	SCO6957	1102395	Q9KZD2			Basal machinery
SCO6958	SCO6958	1102396	Q9KZD1			Basal machinery
SCO6959	SCO6959	1102397	Q9KZD0			Basal machinery
SCO6960	SCO6960	1102398	Q9KZC9			Basal machinery
SCO6961	SCO6961	1102399	Q9KZC8			Basal machinery
SCO6962	SCO6962	1102400	Q9KZC7			Basal machinery
SCO6963	SCO6963	1102401	Q9KZC6			Basal machinery
SCO6964	SCO6964	1102402	Q9KZC5			Basal machinery
SCO6965	SCO6965	1102403	Q9KZC4			Basal machinery
SCO6967	SCO6967	1102405	Q9KZC2			Basal machinery
SCO6970	SCO6970	1102408	Q9KZB9			Basal machinery
SCO6972	SCO6972	1102410	Q9KZB7			Basal machinery
SCO6973	SCO6973	1102411	Q9KZB6			Basal machinery
SCO6974	SCO6974	1102412	Q9KZB5			M16.1
SCO6975	SCO6975	1102413	Q8CJL4			M16.1
SCO6976	SCO6976	1102414	Q9KZH6			M16.1
SCO6977	SCO6977	1102415	Q9KZH5			Basal machinery
SCO6978	SCO6978	1102416	Q9KZH4			M16.1
SCO6979	SCO6979	1102417	Q9KZH3			M16.1
SCO6980	SCO6980	1102418	Q9KZH2			M16.1
SCO6981	SCO6981	1102419	Q9KZH1			M16.1
SCO6982	SCO6982	1102420	Q9KZH0			M16.1
SCO6983	SCO6983	1102421	Q9KZG9			Basal machinery
SCO6985	SCO6985	1102423	Q9KZG7			M16.1
SCO6988	SCO6988	1102426	Q9KZG4			Basal machinery
SCO6989	SCO6989	1102427	Q9KZG3			Basal machinery
SCO6990	SCO6990	1102428	Q9KZG2			Basal machinery
SCO6992	SCO6992	1102430	Q7AKD9			Basal machinery
SCO6994	SCO6994	1102432	Q9KZF9			Basal machinery
SCO6995	SCO6995	1102433	Q9KZF8			Basal machinery
SCO6996	SCO6996	1102434	Q9KZF7			Basal machinery
SCO6997	SCO6997	1102435	Q9KZF6			Basal machinery
SCO7000	SCO7000	1102438	Q9KZF3			M16.5
SCO7001	SCO7001	1102439	Q9KZF2			Basal machinery
SCO7003	SCO7003	1102441	Q9KZF0			Basal machinery
SCO7004	SCO7004	1102442	Q9KZE9			Basal machinery
SCO7005	SCO7005	1102443	Q9KZE8			Basal machinery
SCO7007	SCO7007	1102445	Q9KZE6			Basal machinery
SCO7009	SCO7009	1102447	Q9KZE4			Basal machinery
SCO7010	SCO7010	1102448	Q9KZE3			Basal machinery
SCO7011	SCO7011	1102449	Q7AKD8			Basal machinery
SCO7012	SCO7012	1102450	Q8CJL3			Basal machinery
SCO7013	SCO7013	1102451	Q7AKD7			Basal machinery
SCO7014	SCO7014	1102452	Q7AKD6			Basal machinery
SCO7015	SCO7015	1102453	Q9L040			Basal machinery
SCO7016	SCO7016	1102454	Q9L039			Basal machinery
SCO7017	SCO7017	1102455	Q9L038			Basal machinery
SCO7018	SCO7018	1102456	Q9L037			Basal machinery
SCO7019	SCO7019	1102457	Q9L036			Basal machinery
SCO7020	SCO7020	1102458	Q9L035			Basal machinery
SCO7021	SCO7021	1102459	Q9L034			Basal machinery
SCO7022	SCO7022	1102460	Q9L033			Basal machinery
SCO7023	SCO7023	1102461	Q9L032			Basal machinery
SCO7024	SCO7024	1102462	Q9L031			Basal machinery
SCO7025	SCO7025	1102463	Q9L030			Basal machinery
SCO7028	SCO7028	1102466	Q9L027			Basal machinery
SCO7029	SCO7029	1102467	Q9L026			Basal machinery
SCO7030	SCO7030	1102468	Q9L025			Basal machinery
SCO7031	SCO7031	1102469	Q9L024			Basal machinery
SCO7032	SCO7032	1102470	Q9L023			Basal machinery
SCO7033	SCO7033	1102471	Q9L022			Basal machinery
SCO7034	SCO7034	1102472	Q8CJL2			Basal machinery
SCO7035	SCO7035	1102473	Q8CJL1			Basal machinery
SCO7037	SCO7037	1102475	Q9FC46			Basal machinery
SCO7038	SCO7038	1102476	Q9FC45			Basal machinery
SCO7040	SCO7040	1102478	Q9FC43			Basal machinery
SCO7041	SCO7041	1102479	Q9FC42			Basal machinery
SCO7042	SCO7042	1102480	Q9FC41			Basal machinery
SCO7043	SCO7043	1102481	Q9FC40			Basal machinery
SCO7045	SCO7045	1102483	Q9FC38			Basal machinery
SCO7048	SCO7048	1102486	Q9FC35			Basal machinery
SCO7050	SCO7050	1102488	Q9FC34			Basal machinery
SCO7051	SCO7051	1102489	Q9FC33	rho		Basal machinery
SCO7053	SCO7053	1102491	Q9FC31			Basal machinery
SCO7054	SCO7054	1102492	Q9FC30			Basal machinery
SCO7056	SCO7056	1102494	Q9FC28			Basal machinery
SCO7057	SCO7057	1102495	Q9FC27			Basal machinery
SCO7058	SCO7058	1102496	Q9FC26			Basal machinery
SCO7059	SCO7059	1102497	Q9FC25			Basal machinery
SCO7060	SCO7060	1102498	Q9FC24			Basal machinery
SCO7061	SCO7061	1102499	Q9FC23			Basal machinery
SCO7062	SCO7062	1102500	Q9FC22			Basal machinery
SCO7065	SCO7065	1102503	Q9FC19			Basal machinery
SCO7066	SCO7066	1102504	Q9FC18			Basal machinery
SCO7067	SCO7067	1102505	Q9FC17			Basal machinery
SCO7068	SCO7068	1102506	Q9FC16			Basal machinery
SCO7071	SCO7071	1102509	Q9FC13			Basal machinery
SCO7072	SCO7072	1102510	Q9FC12			Basal machinery
SCO7073	SCO7073	1102511	Q9FC11			Basal machinery
SCO7074	SCO7074	1102512	Q9FC10			Basal machinery
SCO7077	SCO7077	1102515	Q9KZ54			Basal machinery
SCO7078	SCO7078	1102516	Q9KZ53			Basal machinery
SCO7079	SCO7079	1102517				Basal machinery
SCO7080	SCO7080	1102518	Q9KZ52			Basal machinery
SCO7081	SCO7081	1102519	Q9KZ51			Basal machinery
SCO7082	SCO7082	1102520	Q9KZ50			Basal machinery
SCO7083	SCO7083	1102521	Q9KZ49			Basal machinery
SCO7084	SCO7084	1102522	Q9KZ48			Basal machinery
SCO7085	SCO7085	1102523	Q9KZ47			Basal machinery
SCO7086	SCO7086	1102524	Q9KZ46			Basal machinery
SCO7087	SCO7087	1102525	Q9KZ45			Basal machinery
SCO7088	SCO7088	1102526	Q9KZ44			Basal machinery
SCO7089	SCO7089	1102527	Q9KZ43			Basal machinery
SCO7091	SCO7091	1102529	Q9KZ41			Basal machinery
SCO7092	SCO7092	1102530	Q9KZ40			Basal machinery
SCO7093	SCO7093	1102531	Q9KZ39			Basal machinery
SCO7094	SCO7094	1102532	Q9KZ38			M24
SCO7098	SCO7098	1102536	Q9KZ34			Basal machinery
SCO7100	SCO7100	1102538	Q9FC86			Basal machinery
SCO7101	SCO7101	1102539	Q9FC85			Basal machinery
SCO7102	SCO7102	1102540	Q9FC84			Basal machinery
SCO7103	SCO7103	1102541	Q9FC83			Basal machinery
SCO7104	SCO7104	1102542	Q9FC82			Basal machinery
SCO7109	SCO7109	1102547	Q9FC77			Basal machinery
SCO7111	SCO7111	1102549	Q9FC75			Basal machinery
SCO7113	SCO7113	1102551	Q9FC73			Basal machinery
SCO7114	SCO7114	1102552	Q9FC72			Basal machinery
SCO7117	SCO7117	1102555	Q9FC69			Basal machinery
SCO7120	SCO7120	1102558	Q9FC66			Basal machinery
SCO7122	SCO7122	1102560	Q9FC64			Basal machinery
SCO7125	SCO7125	1102563	Q9FC61			Basal machinery
SCO7126	SCO7126	1102564	Q9FC60			Basal machinery
SCO7127	SCO7127	1102565	Q9FC59			Basal machinery
SCO7128	SCO7128	1102566	Q9FC58			Basal machinery
SCO7129	SCO7129	1102567	Q9FC57			Basal machinery
SCO7130	SCO7130	1102568	Q9FC56			Basal machinery
SCO7136	SCO7136	1102574	Q9FC50			Basal machinery
SCO7137	SCO7137	1102575	Q8CJL0			Basal machinery
SCO7138	SCO7138	1102576	Q9FBY2			Basal machinery
SCO7140	SCO7140	1102578	Q9FBV1			Basal machinery
SCO7146	SCO7146	1102584	Q9FBU5			Basal machinery
SCO7152	SCO7152	1102590	Q9FBT9			Basal machinery
SCO7155	SCO7155	1102593	Q9FBT7			M16.1
SCO7156	SCO7156	1102594	Q9FBT6			Basal machinery
SCO7158	SCO7158	1102596	Q9FBT4			Basal machinery
SCO7159	SCO7159	1102597	Q9FBT3			Basal machinery
SCO7160	SCO7160	1102598	Q9FBT2			Basal machinery
SCO7162	SCO7162	1102600	Q9FBT0			M16.1
SCO7163	SCO7163	1102601	Q9FBS9			M16.1
SCO7164	SCO7164	1102602	Q9FBS8			M16.1
SCO7165	SCO7165	1102603	Q9FBS7		sugar-binding integral membrane transport protein	Intermodular
SCO7166	SCO7166	1102604	Q9FBS6		sugar-transporter integral membrane protein	Intermodular
SCO7167	SCO7167	1102605	Q9FBS5		secreted sugar-binding protein	Intermodular
SCO7168	SCO7168	1102606	Q9FBS4		GntR family transcriptional regulator	M16.8
SCO7169	SCO7169	1102607	Q9FBS3			Basal machinery
SCO7171	SCO7171	1102609	Q9FBS1			Basal machinery
SCO7172	SCO7172	1102610	Q9FBS0			Basal machinery
SCO7173	SCO7173	1102611	Q8CJK8			Global regulator
SCO7175	SCO7175	1102613	Q9FC07			Basal machinery
SCO7176	SCO7176	1102614	Q9FC06			M16.10
SCO7177	SCO7177	1102615	Q9FC05			M16.10
SCO7179	SCO7179	1102617	Q9FC03			Basal machinery
SCO7180	SCO7180	1102618	Q9FC02			Basal machinery
SCO7181	SCO7181	1102619	Q9FC01			Basal machinery
SCO7185	SCO7185	1102623	Q9FBZ7			Basal machinery
SCO7186	SCO7186	1102624	Q9FBZ6			Basal machinery
SCO7187	SCO7187	1102625	Q9FBZ5			Basal machinery
SCO7190	SCO7190	1102628	Q9FBZ2			Basal machinery
SCO7191	SCO7191	1102629	Q9FBZ1			Basal machinery
SCO7192	SCO7192	1102630	Q9FBZ0			Basal machinery
SCO7193	SCO7193	1102631	Q9FBY9			Basal machinery
SCO7194	SCO7194	1102632	Q9FBY8			Basal machinery
SCO7195	SCO7195	1102633	Q9FBY7			Basal machinery
SCO7196	SCO7196	1102634	Q9FBY6			Basal machinery
SCO7197	SCO7197	1102635	Q9FBY5			Basal machinery
SCO7199	SCO7199	1102637	Q9K448			Basal machinery
SCO7202	SCO7202	1102640	Q8CJK6			Basal machinery
SCO7203	SCO7203	1102641	Q9K482			Basal machinery
SCO7207	SCO7207	1102645	Q9K478			Basal machinery
SCO7208	SCO7208	1102646	Q9K477			Basal machinery
SCO7209	SCO7209	1102647	Q9K476			Basal machinery
SCO7210	SCO7210	1102648	Q9K475			Basal machinery
SCO7211	SCO7211	1102649	Q9K474			Basal machinery
SCO7212	SCO7212	1102650	Q9K473			Basal machinery
SCO7213	SCO7213	1102651	Q9K472			Basal machinery
SCO7214	SCO7214	1102652	Q9K471			Basal machinery
SCO7215	SCO7215	1102653	Q9K470			Basal machinery
SCO7216	SCO7216	1102654	Q9K469			Basal machinery
SCO7217	SCO7217	1102655	Q9K468			Basal machinery
SCO7218	SCO7218	1102656	Q9K467			Basal machinery
SCO7221	SCO7221	1102659	Q9K464			Basal machinery
SCO7222	SCO7222	1102660	Q9K463		TetR family transcriptional regulator	M32
SCO7223	SCO7223	1102661	Q9K462		monooxygenase	M32
SCO7225	SCO7225	1102663	Q9K460			Basal machinery
SCO7226	SCO7226	1102664	Q9K459			Basal machinery
SCO7227	SCO7227	1102665	Q9K458			Basal machinery
SCO7230	SCO7230	1102668	Q9K455			Basal machinery
SCO7233	SCO7233	1102671	Q9K452			Basal machinery
SCO7235	SCO7235	1102673	Q9K4J0			Basal machinery
SCO7236	SCO7236	1102674	Q9K4I9			Basal machinery
SCO7237	SCO7237	1102675	Q9K4I8			Basal machinery
SCO7238	SCO7238	1102676	Q9K4I7			Basal machinery
SCO7239	SCO7239	1102677	Q9K4I6			Basal machinery
SCO7240	SCO7240	1102678	Q9K4I5			Basal machinery
SCO7247	SCO7247	1102685	Q9K4H8			Basal machinery
SCO7249	SCO7249	1102687	Q9K4H6			Basal machinery
SCO7251	SCO7251	1102689	Q9X7U8			Basal machinery
SCO7252	SCO7252	1102690	Q9X7U7			Basal machinery
SCO7253	SCO7253	1102691	Q9X7U6			Basal machinery
SCO7255	SCO7255	1102693	Q9X7U4			Basal machinery
SCO7257	SCO7257	1102695	Q9X7U2			M16.1
SCO7259	SCO7259	1102697	Q9X7U0			Basal machinery
SCO7260	SCO7260	1102698	Q9X7T9			Basal machinery
SCO7261	SCO7261	1102699	Q9X7T8			Basal machinery
SCO7262	SCO7262	1102700	Q9X7T7			Basal machinery
SCO7263	SCO7263	1102701	Q9S6T0			Basal machinery
SCO7265	SCO7265	1102703	Q9X7T5			Basal machinery
SCO7267	SCO7267	1102705	Q9X7T3			Basal machinery
SCO7271	SCO7271	1102709	Q9X7S9			Basal machinery
SCO7273	SCO7273	1102711	Q9X7S7			M16.10
SCO7274	SCO7274	1102712	Q9X7S6			Basal machinery
SCO7275	SCO7275	1102713	Q9X7S5			Basal machinery
SCO7276	SCO7276	1102714	Q9X7S4			Basal machinery
SCO7277	SCO7277	1102715	Q9X7S3		regulator protein	M16.1
SCO7278	SCO7278	1102716	Q9X7S2		RNA polymerase sigma factor	M16.1
SCO7279	SCO7279	1102717	Q9X7S1			Basal machinery
SCO7282	SCO7282	1102720	Q9X7R8			Basal machinery
SCO7285	SCO7285	1102723	Q9X7R5			Basal machinery
SCO7286	SCO7286	1102724	Q9X7R4			Basal machinery
SCO7287	SCO7287	1102725	Q9X7R3			Basal machinery
SCO7288	SCO7288	1102726	Q9X7R2			Basal machinery
SCO7289	SCO7289	1102727	Q9X7R1			M16.1
SCO7290	SCO7290	1102728	Q9X7R0			Basal machinery
SCO7291	SCO7291	1102729	Q8CJK5			Basal machinery
SCO7296	SCO7296	1102734	Q9K4L8			Basal machinery
SCO7302	SCO7302	1102740	Q9K4L2			Basal machinery
SCO7303	SCO7303	1102741	Q9K4L1			Basal machinery
SCO7305	SCO7305	1102743	Q9K4K9			Basal machinery
SCO7310	SCO7310	1102748	Q9K4K4			Basal machinery
SCO7311	SCO7311	1102749	Q9K4K3			Basal machinery
SCO7312	SCO7312	1102750	Q9K4K2			Basal machinery
SCO7313	SCO7313	1102751	Q9K4K1			Basal machinery
SCO7314	SCO7314	1102752	Q9K4K0		RNA polymerase sigma factor	M16.1
SCO7315	SCO7315	1102753	Q9K4J9			Basal machinery
SCO7316	SCO7316	1102754	Q9K4J8			Basal machinery
SCO7317	SCO7317	1102755	Q9K4J7			Basal machinery
SCO7318	SCO7318	1102756	Q9K4J6			Basal machinery
SCO7319	SCO7319	1102757	Q9K4J5			Basal machinery
SCO7325	SCO7325	1102763	Q9KY13		anti-sigma factor antagonist	M16.1
SCO7328	SCO7328	1102766	Q9KY10			Basal machinery
SCO7330	SCO7330	1102768	Q9KY08			Basal machinery
SCO7331	SCO7331	1102769	Q9KY07			Basal machinery
SCO7333	SCO7333	1102771	Q9KY05			Basal machinery
SCO7334	SCO7334	1102772	Q7AKD4			Basal machinery
SCO7336	SCO7336	1102774	Q7AKD3			M16.1
SCO7337	SCO7337	1102775	Q7AKD2			M16.1
SCO7338	SCO7338	1102776	Q9KY03			Basal machinery
SCO7339	SCO7339	1102777	Q9KY02			M16.1
SCO7340	SCO7340	1102778	Q9KY01			Basal machinery
SCO7341	SCO7341	1102779	Q7AKD1			M31
SCO7344	SCO7344	1102782	Q9KXZ9			M16.1
SCO7345	SCO7345	1102783	Q9KXZ8			Basal machinery
SCO7346	SCO7346	1102784	Q9KXZ7			Basal machinery
SCO7347	SCO7347	1102785	Q8CJK3			Basal machinery
SCO7350	SCO7350	1102788	Q9KYN5			Basal machinery
SCO7353	SCO7353	1102791	Q9KYN2			Basal machinery
SCO7354	SCO7354	1102792	Q9KYN1			Basal machinery
SCO7355	SCO7355	1102793	Q9KYN0			Basal machinery
SCO7356	SCO7356	1102794	Q9KYM9			Basal machinery
SCO7357	SCO7357	1102795	Q9KYM8			Basal machinery
SCO7358	SCO7358	1102796	Q9KYM7			Basal machinery
SCO7363	SCO7363	1102801	Q9KYM4			Basal machinery
SCO7364	SCO7364	1102802	Q9KYM3			Basal machinery
SCO7365	SCO7365	1102803	Q9KYM2			Basal machinery
SCO7371	SCO7371	1102809	Q9KYL6			Basal machinery
SCO7372	SCO7372	1102810	Q9KYL5			Basal machinery
SCO7373	SCO7373	1102811	Q9KYL4			Basal machinery
SCO7374	SCO7374	1102812	Q8CJK2			Basal machinery
SCO7376	SCO7376	1102814	Q9L199			Basal machinery
SCO7377	SCO7377	1102815	Q9L198			Basal machinery
SCO7378	SCO7378	1102816	Q9L197			Basal machinery
SCO7379	SCO7379	1102817	Q9L196			Basal machinery
SCO7381	SCO7381	1102819	Q9L194			Basal machinery
SCO7382	SCO7382	1102820	Q9L193			Basal machinery
SCO7383	SCO7383	1102821	Q9L192			Basal machinery
SCO7384	SCO7384	1102822	Q9L191			Basal machinery
SCO7385	SCO7385	1102823	Q9L190			Basal machinery
SCO7386	SCO7386	1102824	Q9L189			Basal machinery
SCO7387	SCO7387	1102825	Q9L188			Basal machinery
SCO7388	SCO7388	1102826	Q9L187			Basal machinery
SCO7389	SCO7389	1102827	Q9L186			Basal machinery
SCO7390	SCO7390	1102828				Basal machinery
SCO7392	SCO7392	1102830	Q9L185			Basal machinery
SCO7393	SCO7393	1102831	Q9L184			Basal machinery
SCO7394	SCO7394	1102832	Q9L183			Basal machinery
SCO7398	SCO7398	1102836	Q9L179			Basal machinery
SCO7399	SCO7399	1102837	Q9L178			Basal machinery
SCO7400	SCO7400	1102838	Q9L177			Basal machinery
SCO7401	SCO7401	1102839	Q9L176			Basal machinery
SCO7402	SCO7402	1102840	Q9L175			Basal machinery
SCO7403	SCO7403	1102841	Q9L174			Basal machinery
SCO7404	SCO7404	1102842	Q9L173			Basal machinery
SCO7407	SCO7407	1102845	Q9L152			Basal machinery
SCO7408	SCO7408	1102846	Q9L151			Basal machinery
SCO7410	SCO7410	1102848	Q9L149			Basal machinery
SCO7411	SCO7411	1102849	Q9L148			Basal machinery
SCO7412	SCO7412	1102850	Q9L147			Basal machinery
SCO7413	SCO7413	1102851	Q9L146			Basal machinery
SCO7414	SCO7414	1102852	Q9L145			Basal machinery
SCO7415	SCO7415	1102853	Q9L144			Basal machinery
SCO7416	SCO7416	1102854	Q9L143			Basal machinery
SCO7417	SCO7417	1102855	Q9L142			Basal machinery
SCO7418	SCO7418	1102856	Q9L141			Basal machinery
SCO7419	SCO7419	1102857	Q9L140			Basal machinery
SCO7420	SCO7420	1102858	Q9L139			Basal machinery
SCO7421	SCO7421	1102859	Q9L138			Basal machinery
SCO7423	SCO7423	1102861	Q9L136			Basal machinery
SCO7428	SCO7428	1102866	Q9L131			M24
SCO7429	SCO7429	1102867	Q9L130			Basal machinery
SCO7430	SCO7430	1102868	Q9L129			Basal machinery
SCO7431	SCO7431	1102869	Q9L128			Basal machinery
SCO7434	SCO7434	1102872	Q9L126			Basal machinery
SCO7435	SCO7435	1102873	Q9L125			Basal machinery
SCO7436	SCO7436	1102874	Q9L124			Basal machinery
SCO7437	SCO7437	1102875	Q9L123			Basal machinery
SCO7438	SCO7438	1102876	Q9L122			Basal machinery
SCO7439	SCO7439	1102877	Q9L121			Basal machinery
SCO7442	SCO7442	1102880	Q9L118			Basal machinery
SCO7443	SCO7443	1102881	Q9L117			Basal machinery
SCO7444	SCO7444	1102882	Q8CJK0			Basal machinery
SCO7445	SCO7445	1102883	Q9L170			Basal machinery
SCO7446	SCO7446	1102884	Q9L169			Basal machinery
SCO7448	SCO7448	1102886	Q9L167			Basal machinery
SCO7449	SCO7449	1102887	Q9L166			Basal machinery
SCO7450	SCO7450	1102888	Q9L165			Basal machinery
SCO7451	SCO7451	1102889	Q9L164			Basal machinery
SCO7452	SCO7452	1102890	Q9L163			Basal machinery
SCO7453	SCO7453	1102891	Q9L162			Basal machinery
SCO7454	SCO7454	1102892	Q9L161			Basal machinery
SCO7456	SCO7456	1102894	Q9L159			Basal machinery
SCO7457	SCO7457	1102895	Q9L158			Basal machinery
SCO7458	SCO7458	1102896	Q9L157			Basal machinery
SCO7460	SCO7460	1102898	Q9L155			M12
SCO7463	SCO7463	1102901	Q9ADJ6			Basal machinery
SCO7464	SCO7464	1102902	Q9ADJ5			Basal machinery
SCO7465	SCO7465	1102903	Q9ADJ4			Basal machinery
SCO7466	SCO7466	1102904	Q9ADJ3			Basal machinery
SCO7468	SCO7468	1102906	Q8CJJ9			Basal machinery
SCO7469	SCO7469	1102907	Q93JC7			Basal machinery
SCO7471	SCO7471	1102909	Q93JC5	paaA		Basal machinery
SCO7472	SCO7472	1102910	Q93JC4	paaB		Basal machinery
SCO7473	SCO7473	1102911	Q93JC3			Basal machinery
SCO7474	SCO7474	1102912	Q93JC2			Basal machinery
SCO7475	SCO7475	1102913	Q93JC1			Basal machinery
SCO7476	SCO7476	1102914	Q93JC0			Basal machinery
SCO7477	SCO7477	1102915	Q93JB9			Basal machinery
SCO7482	SCO7482	1102920	Q93JB4			Basal machinery
SCO7485	SCO7485	1102923	Q93JB1			Basal machinery
SCO7488	SCO7488	1102926	Q93JA8			Basal machinery
SCO7489	SCO7489	1102927	Q93JA7			Basal machinery
SCO7490	SCO7490	1102928	Q93JA6			Basal machinery
SCO7491	SCO7491	1102929	Q93JA5			Basal machinery
SCO7493	SCO7493	1102931	Q93JA3			Basal machinery
SCO7494	SCO7494	1102932	Q93JA2			Basal machinery
SCO7495	SCO7495	1102933				Basal machinery
SCO7497	SCO7497	1102935	Q93JA0			Basal machinery
SCO7498	SCO7498	1102936	Q93J99			Basal machinery
SCO7499	SCO7499	1102937	Q93J98			Basal machinery
SCO7500	SCO7500	1102938	Q93J97			Basal machinery
SCO7501	SCO7501	1102939	Q93J96			Basal machinery
SCO7502	SCO7502	1102940	Q93J95			Basal machinery
SCO7503	SCO7503	1102941	Q93J94			Basal machinery
SCO7507	SCO7507	1102945	Q93J90			Basal machinery
SCO7508	SCO7508	1102946	Q93J89			Basal machinery
SCO7509	SCO7509	1102947	Q8CJJ8			Basal machinery
SCO7510	SCO7510	1102948	Q93J09			Basal machinery
SCO7511	SCO7511	1102949	Q93J08			Basal machinery
SCO7513	SCO7513	1102951	Q93J06			Basal machinery
SCO7517	SCO7517	1102955	Q93J03			Basal machinery
SCO7520	SCO7520	1102958	Q93J00			Basal machinery
SCO7523	SCO7523	1102961	Q93IZ7			Basal machinery
SCO7524	SCO7524	1102962	Q93IZ6			Basal machinery
SCO7525	SCO7525	1102963	Q8CJJ7			Basal machinery
SCO7528	SCO7528	1102966	Q9KZ01			Basal machinery
SCO7530	SCO7530	1102968	Q9KYZ9			Basal machinery
SCO7531	SCO7531	1102969	Q9KYZ8			Basal machinery
SCO7534	SCO7534	1102972	Q9KYZ5			Basal machinery
SCO7536	SCO7536	1102974	Q9KYZ3			Basal machinery
SCO7538	SCO7538	1102976	Q9KYZ1			Basal machinery
SCO7541	SCO7541	1102979	Q9KYY8			Basal machinery
SCO7542	SCO7542	1102980	Q9KYY7			Basal machinery
SCO7543	SCO7543	1102981	Q9KYY6			Basal machinery
SCO7544	SCO7544	1102982	Q9KYY5			Basal machinery
SCO7545	SCO7545	1102983	Q9KYY4			Basal machinery
SCO7546	SCO7546	1102984	Q9KYY3			Basal machinery
SCO7547	SCO7547	1102985	Q8CJJ6			Basal machinery
SCO7549	SCO7549	1102987	Q9F3C6			Basal machinery
SCO7550	SCO7550	1102988	Q9F3C5			Basal machinery
SCO7551	SCO7551	1102989	Q9F3C4			Basal machinery
SCO7552	SCO7552	1102990	Q9F3C3			Basal machinery
SCO7553	SCO7553	1102991	Q9F3C2			Basal machinery
SCO7563	SCO7563	1103001	Q9F3B2			Basal machinery
SCO7569	SCO7569	1103007	Q9F3A6			Basal machinery
SCO7570	SCO7570	1103008	Q9F3A5			Basal machinery
SCO7571	SCO7571	1103009	Q9F3A4			Basal machinery
SCO7572	SCO7572	1103010	Q9F3A3			Basal machinery
SCO7573	SCO7573	1103011	Q9F3A2			Basal machinery
SCO7574	SCO7574	1103012	Q9F3A1			Basal machinery
SCO7577	SCO7577	1103015	Q9F398			Basal machinery
SCO7578	SCO7578	1103016	Q9F397			Basal machinery
SCO7579	SCO7579	1103017	Q9F396			Basal machinery
SCO7580	SCO7580	1103018	Q9F395			Basal machinery
SCO7582	SCO7582	1103020	Q9F393			Basal machinery
SCO7583	SCO7583	1103021	Q9F392			Basal machinery
SCO7585	SCO7585	1103023	Q9F390			Basal machinery
SCO7590	SCO7590	1103028	Q9EWJ4			Basal machinery
SCO7591	SCO7591	1103029	Q9EWJ3			Basal machinery
SCO7592	SCO7592	1103030	Q9EWJ2			Basal machinery
SCO7593	SCO7593	1103031	Q9EWJ1			Basal machinery
SCO7596	SCO7596	1103034	Q9EWI8			Basal machinery
SCO7600	SCO7600	1103038	Q9EWI4			Basal machinery
SCO7606	SCO7606	1103044	Q9F3F1			Basal machinery
SCO7608	SCO7608	1103046	Q9F3E9			Basal machinery
SCO7610	SCO7610	1103048	Q9F3E7			Basal machinery
SCO7612	SCO7612	1103050	Q9F3E5			Basal machinery
SCO7613	SCO7613	1103051	Q9F3E4			M12
SCO7615	SCO7615	1103053	Q9F3E2			Basal machinery
SCO7617	SCO7617	1103055	Q9F3E0			Basal machinery
SCO7620	SCO7620	1103058	Q9F3D7			Basal machinery
SCO7621	SCO7621	1103059	Q9F3D6			Basal machinery
SCO7622	SCO7622	1103060	Q9F3D5			Basal machinery
SCO7623	SCO7623	1103061	Q9F3D4	pntA		Basal machinery
SCO7624	SCO7624	1103062	Q9F3D3			Basal machinery
SCO7625	SCO7625	1103063	Q9F3D2			Basal machinery
SCO7626	SCO7626	1103064	Q9F3D1			Basal machinery
SCO7627	SCO7627	1103065	Q9F3D0			Basal machinery
SCO7628	SCO7628	1103066	Q8CJJ3			Basal machinery
SCO7629	SCO7629	1103067	Q7AKC7			Basal machinery
SCO7630	SCO7630	1103068	Q9F3Q7			Basal machinery
SCO7631	SCO7631	1103069	Q9F3Q6			Basal machinery
SCO7632	SCO7632	1103070	Q9F3Q5			Basal machinery
SCO7633	SCO7633	1103071	Q9F3Q4			Basal machinery
SCO7634	SCO7634	1103072	Q9F3Q3			Basal machinery
SCO7635	SCO7635	1103073	Q9F3Q2			Basal machinery
SCO7636	SCO7636	1103074	Q9F3Q1			Basal machinery
SCO7637	SCO7637	1103075	Q9F3Q0			Basal machinery
SCO7639	SCO7639	1103077	Q9F3P8			Basal machinery
SCO7640	SCO7640	1103078	Q9F3P7			Basal machinery
SCO7641	SCO7641	1103079	Q9F3P6			Basal machinery
SCO7642	SCO7642	1103080	Q9F3P5			Basal machinery
SCO7643	SCO7643	1103081	Q9F3P4			Basal machinery
SCO7644	SCO7644	1103082	Q9F3P3			Basal machinery
SCO7645	SCO7645	1103083	Q9F3P2			Basal machinery
SCO7646	SCO7646	1103084	Q9F3P1			Basal machinery
SCO7647	SCO7647	1103085	Q9F3P0			Basal machinery
SCO7650	SCO7650	1103088	Q9F3N7			Basal machinery
SCO7653	SCO7653	1103091	Q9F3N4			Basal machinery
SCO7654	SCO7654	1103092	Q9F3N3			Basal machinery
SCO7655	SCO7655	1103093	Q9F3N2			Basal machinery
SCO7657	SCO7657	1103095	Q9F3N0			Basal machinery
SCO7658	SCO7658	1103096	Q9F3M9			Basal machinery
SCO7661	SCO7661	1103099	Q9F3M7			Basal machinery
SCO7665	SCO7665	1103103	Q9F3M3			Basal machinery
SCO7669	SCO7669	1103107	Q9EWQ8			Basal machinery
SCO7671	SCO7671	1103109	Q9EWQ6			Basal machinery
SCO7673	SCO7673	1103111	Q9EWQ4			Basal machinery
SCO7674	SCO7674	1103112	Q9EWQ3			Basal machinery
SCO7675	SCO7675	1103113	Q9EWQ2			Basal machinery
SCO7676	SCO7676	1103114	Q9EWQ1			M14
SCO7677	SCO7677	1103115	Q9EWQ0			Basal machinery
SCO7678	SCO7678	1103116	Q9EWP9			Basal machinery
SCO7679	SCO7679	1103117	Q9EWP8			Basal machinery
SCO7680	SCO7680	1103118	Q9EWP7			Basal machinery
SCO7681	SCO7681	1103119	Q9EWP6			Basal machinery
SCO7682	SCO7682	1103120	Q9EWP5			M14
SCO7683	SCO7683	1103121	Q9EWP4			Basal machinery
SCO7684	SCO7684	1103122	Q9EWP3			Basal machinery
SCO7685	SCO7685	1103123	Q9EWP2			Basal machinery
SCO7686	SCO7686	1103124	Q9EWP1			Basal machinery
SCO7687	SCO7687	1103125	Q9EWP0			Basal machinery
SCO7688	SCO7688	1103126	Q9EWN9			M16.1
SCO7689	SCO7689	1103127	Q9EWN8			Basal machinery
SCO7690	SCO7690	1103128	Q9EWN7			Basal machinery
SCO7691	SCO7691	1103129	Q9EWN6			Basal machinery
SCO7692	SCO7692	1103130	Q9EWN5			Basal machinery
SCO7693	SCO7693	1103131	Q9EX62			Basal machinery
SCO7694	SCO7694	1103132	Q9EX61			Basal machinery
SCO7696	SCO7696	1103134	Q9EX59			Basal machinery
SCO7697	SCO7697	1103135	Q7AKC6		secreted hydrolase	M16.1
SCO7698	SCO7698	1103136	Q9EX58			Basal machinery
SCO7699	SCO7699	1103137	Q7AKC5			Basal machinery
SCO7700	SCO7700	1103138	Q9F1Y6			Basal machinery
SCO7701	SCO7701	1103139	Q9F1Y5			Basal machinery
SCO7710	SCO7710	1103148	Q93JG2			Basal machinery
SCO7715	SCO7715	1103153	Q9AK13			Basal machinery
SCO7716	SCO7716	1103154	Q9AK12			Basal machinery
SCO7717	SCO7717	1103155	Q9AK11			Basal machinery
SCO7719	SCO7719	1103157	Q9AK09			Basal machinery
SCO7720	SCO7720	1103158	Q9AK08			Basal machinery
SCO7721	SCO7721	1103159	Q9AK07			Basal machinery
SCO7722	SCO7722	1103160	Q9AK06			Basal machinery
SCO7724	SCO7724	1103162	Q9AK04			Basal machinery
SCO7728	SCO7728	1103166	Q9AK00			Basal machinery
SCO7729	SCO7729	1103167	Q9AJZ9			Basal machinery
SCO7730	SCO7730	1103168	Q9AJZ8			Basal machinery
SCO7737	SCO7737	1103175	Q9AJZ1			Basal machinery
SCO7738	SCO7738	1103176	Q9AJZ0			Basal machinery
SCO7739	SCO7739	1103177	Q9AJY9			Basal machinery
SCO7741	SCO7741	1103179	Q9AJY7			Basal machinery
SCO7742	SCO7742	1103180	Q9AJY6			Basal machinery
SCO7743	SCO7743	1103181	Q9AJY5			Basal machinery
SCO7744	SCO7744	1103182				Basal machinery
SCO7745	SCO7745	1103183				Basal machinery
SCO7746	SCO7746	1103184	Q9AJY4			Basal machinery
SCO7747	SCO7747	1103185	Q9AJY3			Basal machinery
SCO7748	SCO7748	1103186	Q9AJY2			Basal machinery
SCO7749	SCO7749	1103187	Q9AJY1			Basal machinery
SCO7750	SCO7750	1103188	Q9AJY0			Basal machinery
SCO7751	SCO7751	1103189	Q9AJX9			Basal machinery
SCO7752	SCO7752	1103190	Q9AJX8			Basal machinery
SCO7753	SCO7753	1103191	Q8CJJ1			Basal machinery
SCO7754	SCO7754	1103192	Q9EWN3			Basal machinery
SCO7755	SCO7755	1103193	Q9EWN2			Basal machinery
SCO7756	SCO7756	1103194	Q9EWN1			Basal machinery
SCO7757	SCO7757	1103195				Basal machinery
SCO7759	SCO7759	1103196	Q9EWN0			Basal machinery
SCO7761	SCO7761	1103198	Q9EWM8			Basal machinery
SCO7762	SCO7762	1103199	Q9EWM7			Basal machinery
SCO7765	SCO7765	1103202	Q9EWM4			Basal machinery
SCO7766	SCO7766	1103203	Q9EWM3			Basal machinery
SCO7767	SCO7767	1103204	Q9EWM2			Basal machinery
SCO7768	SCO7768	1103205	Q9EWM1			Basal machinery
SCO7769	SCO7769	1103206	Q9EWM0			Basal machinery
SCO7770	SCO7770	1103207	Q9EWL9			Basal machinery
SCO7773	SCO7773	1103210	Q9EWL7			Basal machinery
SCO7774	SCO7774	1103211	Q9EWL6			Basal machinery
SCO7775	SCO7775	1103212	Q9EWL5			Basal machinery
SCO7776	SCO7776	1103213	Q9EWL4			Basal machinery
SCO7777	SCO7777	1103214	Q9EWL3			Basal machinery
SCO7778	SCO7778	1103215	Q9EWL2			Basal machinery
SCO7781	SCO7781	1103218				Basal machinery
SCO7784	SCO7784	1103221	Q9EWK9			Basal machinery
SCO7785	SCO7785	1103222	Q9EWK8			Basal machinery
SCO7786	SCO7786	1103223	Q9EWK7			Basal machinery
SCO7787	SCO7787	1103224	Q9EWK6			Basal machinery
SCO7788	SCO7788	1103225	Q9EWK5			Basal machinery
SCO7789	SCO7789	1103226	Q9EWK4			Basal machinery
SCO7790	SCO7790	1103227	Q9EWK3			Basal machinery
SCO7792	SCO7792	1103230	Q9FCM2			Basal machinery
SCO7794	SCO7794	1103232	Q9FCM0			Basal machinery
SCO7795	SCO7795	1103233	Q9FCL9			Basal machinery
SCO7796	SCO7796	1103234	Q9FCL8			Basal machinery
SCO7797	SCO7797	1103235	Q9FCL7			Basal machinery
SCO7798	SCO7798	1103236	Q9FCL6			Basal machinery
SCO7800	SCO7800	1103238	Q9FCL4			Basal machinery
SCO7801	SCO7801	1103239	Q9FCL3			Basal machinery
SCO7804	SCO7804	1103242	Q8CJJ0			Basal machinery
SCO7805	SCO7805	1103243	Q9FBX9			Basal machinery
SCO7806	SCO7806	1103244	Q9FBX8			Basal machinery
SCO7807	SCO7807	1103245	Q9FBX7			Basal machinery
SCO7808	SCO7808	1103246	Q9FBX6			Basal machinery
SCO7809	SCO7809	1103247	Q9FBX5			Basal machinery
SCO7810	SCO7810	1103248	Q9FBX4			Basal machinery
SCO7811	SCO7811	1103249	Q9FBX3			Basal machinery
SCO7812	SCO7812	1103250	Q9FBX2			Basal machinery
SCO7813	SCO7813	1103251	Q9FBX1			Basal machinery
SCO7814	SCO7814	1103252				Basal machinery
SCO7815	SCO7815	1103253	Q9FBX0			Basal machinery
SCO7817	SCO7817	1103255	Q9FBW8			Basal machinery
SCO7818	SCO7818	1103256	Q9FBW7			Basal machinery
SCO7821	SCO7821	1103259	Q9FBW4			Basal machinery
SCO7823	SCO7823	1103261	Q9FBW2			Basal machinery
SCO7824	SCO7824	1103262	Q9FBW1			Basal machinery
SCO7825	SCO7825	1103263	Q9FBW0			Basal machinery
SCO7826	SCO7826	1103264	Q9FBV9			Basal machinery
SCO7827	SCO7827	1103265	Q9FBV8			Basal machinery
SCOr14	SCOr14	1099561		rrnA		Basal machinery
SCOr18	SCOr18	1101187		rrnE		M31
SCOt24	SCOt24	1098521		bldA		M16.1
Sc-Ku	SCO5309	1100749	Q9XAF8			Basal machinery
abfB	SCO5932	1101374	O54161			Basal machinery
aceB	SCO6243	1101684	Q9RKU9			M16.5
ackA	SCO5424	1100864	Q9L298			M16.1
acpP	SCO2389	1097823	Q7AKN8			Basal machinery
acpS	SCO4744	1100185	O86785			Basal machinery
acsA	SCO3563	1098999	Q9X928			Basal machinery
actII-2	SCO5083	1100524	P46105		actinorhodin transporter	Intermodular
actII-3	SCO5084	1100525	Q53902		hypothetical protein	Intermodular
actII-4	SCO5085	1100526	P46106		actinorhodin cluster activator protein	M16.1
actIII	SCO5086	1100527	P16544		ketoacyl reductase	M16.1
actVB	SCO5092	1100533	Q02058		actinorhodin polyketide dimerase	Basal machinery
acyP	SCO5576	1101017	Q9ZBQ3			Basal machinery
add1	SCO4901	1100342	Q9AK25	add5		Basal machinery
add2	SCO7268	1102706	Q9X7T2			Basal machinery
adk	SCO4723	1100164	P43414			Basal machinery
afsK	SCO4423	1099863	P54741			Basal machinery
afsQ1	SCO4907	1100348	Q04942			M16.1
afsQ2	SCO4906	1100347	Q04943			Basal machinery
afsR	SCO4426	1099866	P25941	afsB	regulatory protein	M16.1
ahcY	SCO3023	1098456	Q9KZM1	sahH		Basal machinery
ahpD	SCO5031	1100472	Q7AKI6		hypothetical protein	M28
alaS	SCO1501	1096927	Q9KXP9			Basal machinery
alc	SCO6248	1101689	Q9RKU4			Basal machinery
allB	SCO6247	1101688	Q9RKU5			Basal machinery
alr	SCO4745	1100186	O86786			Basal machinery
amfC	SCO4184	1099624	Q54191			M16.1
apeB	SCO3801	1099237	Q9XA76			Basal machinery
apt	SCO1514	1096940	P52561			Basal machinery
arc	SCO1648	1097079	Q9RJ58			Basal machinery
arcA	SCO0613	1096036	Q9RJN1			Basal machinery
argB	SCO1578	1097009	Q9L1A3			Basal machinery
argC	SCO1580	1097011	P54895			Basal machinery
argD	SCO1577	1097008	Q9L1A4			Basal machinery
argF	SCO5976	1101418	Q93JF1	arcB		Basal machinery
argG	SCO7036	1102474	P24532			Basal machinery
argH	SCO1570	1097001	Q9L1B1			Basal machinery
argJ	SCO1579	1097010	Q8CK24			Basal machinery
argR	SCO1576	1097007	Q9L1A5			Global regulator
argS	SCO3304	1098738	Q9WX29			Basal machinery
aroA2	SCO6819	1102258	Q9L213	aroA1		Basal machinery
aroB	SCO1494	1096920	Q9KXQ6			Basal machinery
aroH	SCO2115	1097549	P80574			Basal machinery
arsI	SCO3067	1098500	Q9RIS6			Basal machinery
arsJ	SCO0598	1096021	Q9R3P2			Basal machinery
asd1	SCO2640	1098074	Q9L1Z5			Basal machinery
asd2	SCO3614	1099050	Q9XAI8			Basal machinery
asnO	SCO3236	1098670	Q9Z4Z5			Basal machinery
aspS	SCO3795	1099231	Q9F323			Basal machinery
atpA	SCO5371	1100811	Q9K4D5			Basal machinery
atpB	SCO5367	1100807	Q9K4D8			Basal machinery
atpC	SCO5374	1100814	P0A2Z6			Basal machinery
atpD	SCO5373	1100813	P0A300			Basal machinery
atpE	SCO5368	1100808	P0A304			Basal machinery
atpF	SCO5369	1100809	Q9K4D7			Basal machinery
atpG	SCO5372	1100812	Q9K4D4			Basal machinery
atpH	SCO5370	1100810	Q9K4D6			Basal machinery
atpI	SCO5366	1100806	P0A302			Basal machinery
azoR	SCO0046	1095479	Q9S1U6			Basal machinery
bar	SCO3203	1098637	P21861			Basal machinery
bfr	SCO2113	1097547	Q9S2N0			Basal machinery
bioA	SCO1245	1096668	Q9FCC2			Basal machinery
bioB	SCO1244	1096667	Q9FCC3			Basal machinery
bioD	SCO1246	1096669	Q9FCC1			Basal machinery
carA	SCO1484	1096910	Q9KXR5	pyrAA		Basal machinery
carB	SCO1483	1096909	Q9KXR6	pyrA		Basal machinery
cimA	SCO5529	1100969	O86511			Basal machinery
clpB	SCO3661	1099097	Q8CJV9		ATP-dependent protease ATP-binding subunit	M18
clpP1	SCO2619	1098053	Q9F315	clpP		Basal machinery
clpP2	SCO2618	1098052	Q9ZH58			Basal machinery
clpP5	SCO1238	1096661	Q9FCC9			Basal machinery
clpS	SCO2916	1098349	Q9S2G5			Basal machinery
clpX	SCO2617	1098051	Q9F316			Basal machinery
cmk	SCO1760	1097191	Q9EWW6			Basal machinery
coaD	SCO5568	1101009	Q9ZBR1	kdtB		Basal machinery
coaE	SCO1996	1097430	Q9S2K7		dephospho-CoA kinase	Basal machinery
coaX	SCO3380	1098817	Q9X8N6			Basal machinery
cobB	SCO1852	1097286	Q9RJ16			Basal machinery
cobB1	SCO0452	1095875	Q9RL35			Basal machinery
cobD	SCO1847	1097281	Q9RJ21			Basal machinery
cobQ	SCO1848	1097282	Q9RJ20			Basal machinery
cobS	SCO2177	1097610	Q9S2Q9			Basal machinery
cobT	SCO2175	1097608	Q9S2R1			Basal machinery
cofD	SCO3036	1098469	Q9KZK9			Basal machinery
comB	SCO7611	1103049	Q9F3E6			Basal machinery
cpdA	SCO6075	1101516	Q9X841			Basal machinery
crcB1	SCO7044	1102482	Q9FC39			Basal machinery
crcB2	SCO7046	1102484	Q9FC37	ccrB		Basal machinery
crgA	SCO3854	1099290	Q9XA10			Basal machinery
csd	SCO1921	1097355	Q9XAD5			Basal machinery
cseA	SCO3357	1098794	Q9ZEP5		hypothetical protein	M16.1
cseB	SCO3358	1098795	Q9ZEP4		two-component system response regulator	M16.1
cseC	SCO3359	1098796	Q9ZEP3		sensory histidine kinase contains hydrophobic membrane spanning regions	M16.1
ctaB	SCO1934	1097368	Q9XAC2			M16.1
ctaC	SCO2156	1097590	Q9X814			Basal machinery
ctaD1	SCO2155	1097589	Q9X813			Basal machinery
ctaD2	SCO7234	1102672	Q9K451			Basal machinery
ctaE	SCO2151	1097585	Q9X809			Basal machinery
ctaF	SCO2154	1097588	Q9X812			Basal machinery
cutR	SCO5862	1101304	P0A4I1			Basal machinery
cutS	SCO5863	1101305	P0A4I7			Basal machinery
cya	SCO4928	1100369	P40135			Basal machinery
cyc1	SCO5222	1100663	Q9K499			M16.1
cyc2	SCO6073	1101514	Q9X839			M16.1
cyp158a2	SCO1207	1096630	Q9FCA6			Basal machinery
cysA	SCO3920	1099356	Q59829			Basal machinery
cysC	SCO6099	1101540	Q9ADG4			Basal machinery
cysH	SCO6100	1101541	Q9ADG3			Basal machinery
cysS	SCO4235	1099675	Q9L0Q6	cysS1	cysteinyl-tRNA synthetase	M16.1
dagA	SCO3471	1098908	P07883		extracellular agarase precursor	Intermodular
dapA1	SCO1912	1097346	Q9X9W0			Basal machinery
dapA2	SCO5744	1101183	O86841	dapA		Basal machinery
dapD	SCO1916	1097350	Q9X9V6			Basal machinery
dapF	SCO5793	1101235	O69969			Basal machinery
dasR	SCO5231	1100672	Q9K492		GntR family transcriptional regulator	Global regulator
dcd	SCO3678	1099114	Q9X8W0			Basal machinery
ddl	SCO5560	1101001	Q9ZBR9	ddlA		Basal machinery
def1	SCO0883	1096306	Q9RD27	def	peptide deformylase	Basal machinery
def2	SCO1211	1096634	Q9FCA2			Basal machinery
def4	SCO5221	1100662	Q9K4A0			Basal machinery
der	SCO1758	1097189	Q9EWW8	engA		Basal machinery
disA	SCO3352	1098789	Q9X8L6			Basal machinery
dmdR1	SCO4394	1099834	Q7AKJ7		iron repressor	M16.3
dmdR2	SCO4017	1099453	Q99QQ6		iron dependent repressor	M16.3
dnaA	SCO3879	1099315	P27902			Basal machinery
dnaE	SCO2064	1097498	Q9Z618			Basal machinery
dnaG	SCO2468	1097902	Q9S1N4			Basal machinery
dnaJ1	SCO3669	1099105	P40170		molecular chaperone	M18
dnaJ2	SCO2554	1097988	Q9RDD7			Basal machinery
dnaK	SCO3671	1099107	Q05558			M18
dnaN	SCO3878	1099314	P27903			Basal machinery
dpsA	SCO0596	1096019	Q9R408		DNA-binding protein	M16.3
dtd	SCO4182	1099622	Q9K4F6			Basal machinery
dut	SCO5868	1101310	O54134			Basal machinery
dxr	SCO5694	1101133	Q9KYS1			Basal machinery
dxs1	SCO6768	1102207	Q9X7W3	dxs		Basal machinery
dxs2	SCO6013	1101455	Q8CJP7			Basal machinery
ecaA	SCO7008	1102446	Q9KZE5			M9
ecaD1	SCO4266	1099706	Q9FBQ4			M9
ecrA1	SCO2518	1097952	Q9L2G5			Basal machinery
ecrE2	SCO6422	1101861	O69816			Basal machinery
ectA	SCO1864	1097298	Q93RW2			M16.1
ectB	SCO1865	1097299	Q93RW1			M16.1
ectC	SCO1866	1097300	Q93RW0			M16.1
ectD	SCO1867	1097301	Q93RV9			M16.1
efp	SCO1491	1096917	Q9KXQ9			Basal machinery
eno1	SCO3096	1098530	Q9F2Q3	eno		Basal machinery
eno2	SCO7638	1103076	Q9F3P9			Basal machinery
era	SCO2539	1097973	Q9RDF2			Basal machinery
f42a	SCO5038	1100479	Q9KIM1			Basal machinery
f58a	SCO5171	1100612	Q9KIL8			Basal machinery
fabH1	SCO2388	1097822	P72392			Basal machinery
fabH2	SCO3246	1098680	Q9Z4Y5		3-oxoacyl-(acyl carrier protein) synthase III	Basal machinery
fabH3	SCO5888	1101330	O54151			M16.1
fba	SCO3649	1099085	Q9X8R6			Basal machinery
fbiB	SCO3037	1098470	Q9KZK8			Basal machinery
fbiC	SCO4429	1099869	Q9KZZ7			Basal machinery
fbpC	SCO5648	1101087	O86751			Basal machinery
fdhD	SCO6558	1101997	Q9ZBW0			Basal machinery
ffh	SCO5586	1101027	O69874			Basal machinery
fmt	SCO1473	1096899	Q9L0Y6			Basal machinery
folB	SCO3400	1098837	Q9X8I0			Basal machinery
folD	SCO4824	1100265	Q9K3J6			Basal machinery
folE	SCO3403	1098840	Q9X8I3			Basal machinery
frc	SCO6583	1102022	O87838			Basal machinery
frr	SCO5627	1101068	O86770			Basal machinery
ftsH	SCO5587	1101028	O69875			Basal machinery
ftsH2	SCO3404	1098841	Q9X8I4			Basal machinery
ftsK	SCO5750	1101192	O86810			Basal machinery
ftsY	SCO5580	1101021	Q9ZBP9			M16.1
ftsZ	SCO2082	1097516	P45500			M16.1
fumC	SCO5042	1100483	Q9FBN6			Basal machinery
furA	SCO0561	1095984	Q7BR72		Fe regulatory protein	M10
fusA	SCO4661	1100102	P40173	fus		Basal machinery
gap	SCO1947	1097381	Q9Z518			M16.1
gatA	SCO5499	1100939	Q9Z580			Basal machinery
gatB	SCO5501	1100941	Q9Z578		aspartyl/glutamyl-tRNA amidotransferase subunit B	M16.3
gatC	SCO5498	1100938	Q9Z581			Basal machinery
gcvH	SCO5471	1100911	O86566			Basal machinery
gcvP	SCO1378	1096801	Q9AK84			Basal machinery
gcvT	SCO5472	1100912	O86567			Basal machinery
glgB1	SCO5440	1100880	Q59833	glgBI		Basal machinery
glgB2	SCO7332	1102770	Q59832	glgBII		M16.1
glgC	SCO0961	1096384	P72394			Basal machinery
glgE1	SCO5443	1100883	Q9L1K2	pep1I,pep1,pep1A		Basal machinery
glgE2	SCO7335	1102773	Q9KY04	pep1B,pep1II,pep1		Basal machinery
glkA	SCO2126	1097560	P0A4E1	glk		Basal machinery
glmM	SCO4736	1100177	Q53876			Basal machinery
glmS2	SCO2789	1098223	Q9L065			Basal machinery
glmU	SCO3122	1098556	Q8CJX6			Basal machinery
glnA	SCO2198	1097631	P15106		glutamine synthetase I	Intermodular
glnD	SCO5585	1101026	O69873		PII uridylyl-transferase	Intermodular
glnR	SCO4159	1099599	Q05943		transcriptional regulatory protein	M16.1
glpF	SCO1659	1097090	P19255	gylA	glycerol uptake facilitator protein	M29
glpK1	SCO0509	1095932	Q9RJM2	glpK2,glpK		Basal machinery
glpK2	SCO1660	1097091	Q9ADA7	glpK1	glycerol kinase	M29
gltX	SCO5547	1100987	O86528			Basal machinery
glyA	SCO5470	1100910	O86565			Basal machinery
glyA1	SCO4837	1100278	Q9KZA9	glyA		Basal machinery
glyA3	SCO5364	1100804	Q9K4E0			Basal machinery
glyQS	SCO2504	1097938	Q9L2H9	glyS		Basal machinery
gmhA	SCO6186	1101627	Q9Z5B6		phosphoheptose isomerase	Basal machinery
gmk	SCO1479	1096905	Q9KXS0			Basal machinery
gpmA	SCO4209	1099649	P33158	gpm,pgm		Basal machinery
gpmI	SCO6818	1102257	Q9L214			Basal machinery
gpsA	SCO5559	1101000	Q9ZBS0			Basal machinery
greA	SCO4965	1100406	Q9ADK2			Basal machinery
groL1	SCO4762	1100203	P40171	groEL1,groEL		Basal machinery
groL2	SCO4296	1099736	Q9KXU5	groEL2		M18
groS	SCO4761	1100202	P0A345	groES		Basal machinery
grpE	SCO3670	1099106	Q05562		heat chock protein	M18
guaA	SCO4785	1100226	Q9L0H2			Basal machinery
guaB	SCO4770	1100211	Q9L0I7		inosine 5' monophosphate dehydrogenase	M16.1
gudD	SCO2542	1097976	Q9RDE9			Basal machinery
gvpA1	SCO6500	1101939	Q9ZC13	gvpA		Basal machinery
gvpA2	SCO0650	1096073	Q9RJB4			Basal machinery
gvpJ1	SCO6505	1101944	Q9ZC08	gvpJ		Basal machinery
gvpJ2	SCO0655	1096078	Q9RJA9			Basal machinery
gylR	SCO1658	1097089	P15360		glycerol operon regulatory protein	M29
gyrA	SCO3873	1099309	P35885			Basal machinery
gyrB	SCO3874	1099310	P35886			Basal machinery
hasP	SCO3234	1098668	Q9Z4Z7		phosphotransferase	Basal machinery
hemA	SCO3319	1098753	Q9WX15			Basal machinery
hemB	SCO3311	1098745	P54919			Basal machinery
hemC1	SCO3318	1098752	Q9WX16	hemC		Basal machinery
hemE	SCO6031	1101472	O69861			Basal machinery
hemH	SCO5859	1101301	O50533			Basal machinery
hemL	SCO4469	1099909	Q9F2S0			Basal machinery
hflX	SCO5796	1101238	O69972		hypothetical protein	Basal machinery
hisB	SCO2052	1097486	P16247			Basal machinery
hisC	SCO2053	1097487	P16246			Basal machinery
hisD	SCO2054	1097488	P16245			Basal machinery
hisE	SCO1439	1096865	Q9EWK0			Basal machinery
hisF	SCO2048	1097482	Q9S2T7			Basal machinery
hisG	SCO1438	1096864	Q8CK28			Basal machinery
hisH	SCO2051	1097485	P16249			Basal machinery
hisI	SCO2044	1097478	Q9S2U1			Basal machinery
hisS	SCO1508	1096934	Q9KXP2			Basal machinery
hldE	SCO6187	1101628	Q9Z5B5	rfaE	bifunctional synthase/transferase	Basal machinery
hmgA	SCO1715	1097146	Q9S2B5	hgd		M16.2
hpd	SCO2927	1098360	Q9S2F4		4-hydroxyphenylpyruvate dioxygenase	M16.2
hppA	SCO3547	1098983	Q9X913			Basal machinery
hrcA	SCO2555	1097989	Q9RDD6			Basal machinery
hrdA	SCO2465	1097899	P18182			Basal machinery
hrdB	SCO5820	1101262	P18183	sigA	RNA polymerase sigma factor	Global regulator
hrdC	SCO0895	1096318	P18184			Basal machinery
hrdD	SCO3202	1098636	P18249		RNA polymerase principal sigma factor	M16.1
hspR	SCO3668	1099104	P40183		heat shock protein	M18
htpX1	SCO2202	1097635	Q9RKN3			Basal machinery
hup1	SCO2950	1098383	P0A3H5	hup		M16.1
hup2	SCO5556	1100996	P0A3H7			Basal machinery
hutH	SCO4932	1100373	Q9EWW1			Basal machinery
hutI	SCO3070	1098503	Q9KZ78			Basal machinery
hutU	SCO3073	1098506	Q9KZ75			Basal machinery
hyuA	SCO6415	1101854	O69809			Basal machinery
idi	SCO6750	1102189	Q9X7Q6			Basal machinery
ileS	SCO2076	1097510	Q9S2X5			Basal machinery
ilvC1	SCO5514	1100954	Q9Z565	ilvC		Basal machinery
ilvC2	SCO7154	1102592	Q9FBT8			Basal machinery
ilvD	SCO3345	1098782	O69198			Basal machinery
ilvE	SCO5523	1100963	O86505			Basal machinery
infA	SCO4725	1100166	P60515			Basal machinery
infB	SCO5706	1101145	Q8CJQ8			Basal machinery
infC	SCO1600	1097031	O88060			Basal machinery
iolG	SCO7254	1102692	Q9X7U5			Basal machinery
ispF	SCO4234	1099674	Q9L0Q7			Basal machinery
ispG1	SCO6767	1102206	Q9X7W2	gcpE,ispG		Basal machinery
ispG2	SCO5696	1101135	Q9KYR9	gcpE2		Basal machinery
ispH	SCO5058	1100499	Q9FBM1	lytB		Basal machinery
jag	SCO3884	1099320	Q7BUY9			Basal machinery
katA	SCO6204	1101645	Q9Z598			Basal machinery
katG	SCO0560	1095983	Q9RJH9	catC,cpeB	catalase/peroxidase	M10
kbl	SCO6800	1102239	Q9L232			Basal machinery
kdpA	SCO3718	1099154	Q9X900			Basal machinery
kynU	SCO3645	1099081	Q9X8R2			Basal machinery
lepA	SCO2562	1097996	Q9RDC9			Basal machinery
leuA	SCO2528	1097962	O31046			M16.1
leuB	SCO5522	1100962	O86504			Basal machinery
leuC	SCO5553	1100993	O86534			Basal machinery
leuD	SCO5554	1100994	O86535			Basal machinery
leuS	SCO2571	1098005	Q9RDL5			Basal machinery
lexA	SCO5803	1101245	O69979			M16.11
lgt1	SCO2034	1097468	Q9S2U8			Basal machinery
lgt2	SCO7822	1103260	Q9FBW3			Basal machinery
lig	SCO1202	1096625	Q9FCB1	ligB		M16.1
ligA1	SCO5494	1100934	Q9Z585	ligA		Basal machinery
lipA	SCO2194	1097627	Q9S2P2			M33
lipB	SCO2193	1097626	Q8CK04			Basal machinery
lon	SCO5285	1100726	Q9EVK2		ATP-dependent protease	M18
lpqB	SCO3011	1098444	Q9KYX0			Basal machinery
lspA	SCO2074	1097508	Q9S2X7			Basal machinery
lysA	SCO5353	1100793	Q9ADB5			Basal machinery
lysS	SCO3303	1098737	Q9X895	lysK		Basal machinery
malR	SCO2232	1097665	P72396		maltose operon transcriptional repressor	M16.4
map	SCO4724	1100165	Q7AKJ0			Basal machinery
map2	SCO6409	1101848	O69937			Basal machinery
map3	SCO2266	1097699	Q9RKR2			Basal machinery
mca	SCO4967	1100408	Q9ADK0			Basal machinery
mdh	SCO4827	1100268	Q9K3J3		malate dehydrogenase	Intermodular
menG	SCO4556	1099996	Q9XAP8	ubiE		Basal machinery
metE	SCO0985	1096408	Q93J59			Basal machinery
metG	SCO3792	1099228	Q9F2I9			Basal machinery
metK	SCO1476	1096902	Q9L0Y3			Basal machinery
metN	SCO1559	1096990	Q9L1C3			Basal machinery
mfd	SCO3109	1098543	Q9F2P1			Basal machinery
miaA	SCO5791	1101233	O69967			Basal machinery
mnmA	SCO5488	1100928	O86583	trmU		Basal machinery
moaA	SCO1821	1097255	Q9RJ47			Basal machinery
mprR	SCO7433	1102871	Q9L127	mprR2		Basal machinery
mqnA	SCO4506	1099946	Q9L0T8			Basal machinery
mqnB	SCO4327	1099767	Q9KXN0			Basal machinery
mqnC	SCO4550	1099990	Q9XAP2			Basal machinery
mqnE	SCO4494	1099934	Q8CJT5			Basal machinery
mraY	SCO2087	1097521	P56833	murX		Basal machinery
mshA	SCO4204	1099644	Q9FCG5		glycosyltransferase	M16.1
mshB	SCO5126	1100567	Q9F344			Basal machinery
mshC	SCO1663	1097094	Q9ADA4	cysS2		M16.1
mshD	SCO4151	1099591	Q9KZV0			Basal machinery
msrA	SCO4956	1100397	Q9EWF7			Basal machinery
mtnA	SCO3014	1098447	Q9KYW7			Basal machinery
murC	SCO6060	1101501	Q9X827			Basal machinery
murD	SCO2086	1097520	Q9S2W9			Basal machinery
murE	SCO2089	1097523	Q9S2W7			Basal machinery
nadA	SCO2162	1097596	Q9F364			M16.1
nadB	SCO3382	1098819	Q9X8N8			Basal machinery
nadD	SCO2579	1098013	Q9RDK7			Basal machinery
nadE	SCO0506	1095929	Q9RJM5	nadE2		Basal machinery
nadK2	SCO1781	1097212	Q9S219	ppnK		Basal machinery
nagB	SCO5236	1100677	Q9K487		glucosamine-6-phosphate deaminase	Basal machinery
ndk	SCO2612	1098046	P50589			Basal machinery
nhaA3	SCO3564	1099000	Q9X929	nhaA		Basal machinery
nrdB	SCO5225	1100666	Q9K3C2		ribonucleotide-diphosphate reductase small chain	M17
nrdJ	SCO5805	1101247	O69981		vitamin B12-dependent ribonucleotide reductase	M17
nrdR	SCO5804	1101246	O69980		transcriptional regulator NrdR	M17
nrdS	SCO5224	1100665	Q9K497		AraC family transcription regulator	M17
nsrR	SCO7427	1102865	Q9L132			M24
nucS	SCO5388	1100828	Q9K4C3			Basal machinery
nuoA	SCO4562	1100002	Q9XAQ4			M16.1
nuoB1	SCO4563	1100003	Q9XAQ5			Basal machinery
nuoC	SCO4564	1100004	Q9XAQ6			Basal machinery
nuoD2	SCO4565	1100005	Q9XAQ7			Basal machinery
nuoF	SCO4567	1100007	Q9XAQ9			Basal machinery
nuoG	SCO4568	1100008	Q9XAR0			Basal machinery
nuoH	SCO4569	1100009	Q9XAR1			Basal machinery
nuoI1	SCO4570	1100010	Q9XAR2			Basal machinery
nuoI2	SCO4603	1100043	Q9F2V8			Basal machinery
nuoK2	SCO4572	1100012	Q9XAR4			Basal machinery
nuoL	SCO4573	1100013	Q9XAR5			Basal machinery
nuoN	SCO4575	1100015	Q9XAR7			Basal machinery
nusA	SCO5704	1101143	Q9KYR1			Basal machinery
nusB	SCO1490	1096916	Q9KXR0			Basal machinery
obg	SCO2595	1098029	P95722	obgE		Basal machinery
orfA	SCO0597	1096020	Q9RJP4			Basal machinery
pafA	SCO1640	1097071	Q9RJ61			Basal machinery
panB	SCO2256	1097689	Q9RKS2			Basal machinery
panC	SCO3383	1098820	Q9X844			M16.1
pat	SCO3944	1099380	Q9ZBY8	hisC2		Basal machinery
pckG	SCO4979	1100420	Q93JL5			M16.1
pdxS	SCO1523	1096949	Q9L286			Basal machinery
pdxT	SCO1522	1096948	Q9L287			Basal machinery
pepA	SCO2179	1097612	Q9S2Q7			Basal machinery
pepPI	SCO3970	1099406	P0A3Z1	pepP		Basal machinery
pfkA1	SCO2119	1097553	O08333	pfkA,pfk1,pfp		Basal machinery
pfkA2	SCO5426	1100866	Q9L1L8	pfk2		Basal machinery
pfkA3	SCO1214	1096637	Q9FC99	pfk3		Basal machinery
pgi1	SCO6659	1102098	O88015	pgi		Basal machinery
pgk	SCO1946	1097380	Q9Z519			Basal machinery
pgl	SCO1939	1097373	Q9XAB7	devB		Basal machinery
pheS	SCO1595	1097026	O88055			Basal machinery
pheT	SCO1594	1097025	O88054			Basal machinery
pkaA	SCO2974	1098407	P54739			Basal machinery
pkaB	SCO2973	1098406	P54740			Basal machinery
pksC	SCO3821	1099257	Q9S2C0			Basal machinery
pnp	SCO5737	1101176	Q8CJQ6			Basal machinery
ppa	SCO3409	1098846	Q9X8I9			Basal machinery
ppc	SCO3127	1098561	Q9RNU9			Basal machinery
ppk	SCO4145	1099585	Q9KZV6			Basal machinery
pqrB	SCO1567	1096998	Q9L1B4		transmembrane-transport protein	M21
prcA	SCO1643	1097074	Q7AKQ6			Basal machinery
prcB	SCO1644	1097075	Q7AKQ5			Basal machinery
prfA	SCO5360	1100800	Q9K4E4			Basal machinery
prfB	SCO2972	1098405	Q53915			Basal machinery
priA	SCO2050	1097484	P16250	hisA		Basal machinery
prmC	SCO5361	1100801	Q9K4E3			Basal machinery
proA	SCO2585	1098019	Q9RDK1			Basal machinery
proC	SCO3337	1098774	Q9X8G1			Basal machinery
proS	SCO5699	1101138	Q9KYR6			Basal machinery
prs	SCO3123	1098557	Q9K3U0			Basal machinery
prsH	SCO5244	1100685	Q9R3X8	ushX	anti-sigma factor	M16.1
psd	SCO6468	1101907	Q9ZBK6			Basal machinery
pstB	SCO4139	1099579	Q9KZW2			Basal machinery
pta	SCO5425	1100865	Q8CJR5			Basal machinery
pth	SCO3125	1098559	Q9K3T8			Basal machinery
ptpA	SCO3921	1099357	P53433			Basal machinery
ptsH	SCO5841	1101283	O50515		phosphocarrier protein HPr	Basal machinery
ptsI	SCO1391	1096817	Q9KZP1		phosphoenolpyruvate-protein phosphotransferase	Basal machinery
pup	SCO1646	1097077	Q7AKQ4			Basal machinery
purA	SCO3629	1099065	Q9X8P6			Basal machinery
purC	SCO4071	1099508	Q9RKL1	hemH		Basal machinery
purD	SCO4068	1099505	Q9RKL4			Basal machinery
purE	SCO3059	1098492	Q93J44		phosphoribosylaminoimidazole carboxylase catalytic subunit PurE	M16.1
purF	SCO4086	1099523	Q7AKK3			Basal machinery
purH	SCO4814	1100255	Q9KY50			Basal machinery
purK	SCO3060	1098493	Q8CJX8			Basal machinery
purL	SCO4079	1099516	Q9RKK5			M16.1
purM	SCO4087	1099524	Q7AKK2			Basal machinery
purN	SCO4813	1100254	Q9KY51			Basal machinery
purQ	SCO4078	1099515	Q9RKK6			Basal machinery
purS	SCO4077	1099514	Q9RKK7			Basal machinery
purU	SCO4403	1099843	Q8CJT8			Basal machinery
pyrB	SCO1487	1096913	Q9KXR2			Basal machinery
pyrC	SCO1486	1096912	Q9KXR3			Basal machinery
pyrD	SCO1482	1096908	Q9KXR7			Basal machinery
pyrE	SCO3650	1099086	Q9X8R7			Basal machinery
pyrF	SCO1481	1096907	Q9KXR8			Basal machinery
pyrG	SCO1776	1097207	Q9S224			Basal machinery
pyrH	SCO5626	1101067	O69913			Basal machinery
pyrR	SCO1488	1096914	Q9KXR1			Basal machinery
qcrA	SCO2149	1097583	Q9X807			Basal machinery
qcrB	SCO2148	1097582	Q9X806			Basal machinery
ramS	SCO6682	1102121	O88038		hypothetical protein	M16.1
rbfA	SCO5708	1101147	Q9Z527			Basal machinery
rbpA	SCO1421	1096847	Q9RKY0		hypothetical protein	M7
rbpB	SCO1943	1097377	Q9Z522			Basal machinery
rbsA1	SCO0811	1096234	Q8CK44			M16.1
recA	SCO5769	1101211	O50487			Basal machinery
recD2	SCO2737	1098171	Q9RDI9			Basal machinery
recF	SCO3876	1099312	P36176			Basal machinery
recO	SCO2510	1097944	Q9L2H3			Basal machinery
recR	SCO3618	1099054	Q9XAI4			Basal machinery
recX	SCO5770	1101212	O50488			Basal machinery
redD	SCO5877	1101319	P16922		transcriptional regulator RedD	M16.1
relA	SCO1513	1096939	P52560		GTP pyrophosphokinase	M16.1
rex	SCO3320	1098754	Q9WX14		redox-sensing transcriptional repressor Rex	M34
rho	SCO5357	1100797	Q8CJR6			Basal machinery
ribA1	SCO2687	1098121	Q9KYI5	ribA		Basal machinery
ribA2	SCO6655	1102094	O88011			Basal machinery
ribBA	SCO1441	1096867	Q9EWJ8			Basal machinery
ribH	SCO1440	1096866	Q9EWJ9			Basal machinery
rimM	SCO5593	1101034	P0A4D3			Basal machinery
rimO	SCO5752	1101194	O86812			Basal machinery
rimP	SCO5703	1101142	Q9KYR2			Basal machinery
rlmG	SCO1041	1096464	Q9K3L9			Basal machinery
rlmN	SCO5645	1101084	O86754			Basal machinery
rnc	SCO5572	1101013	Q9ZBQ7	absB		Basal machinery
rnhB	SCO5812	1101254	O69989			Basal machinery
rnpA	SCO3881	1099317	P48206			Basal machinery
rnz	SCO2547	1097981	Q9RDE4			Basal machinery
rpe	SCO1464	1096890	Q9L0Z5			Basal machinery
rph	SCO2904	1098337	Q9S2H7			Basal machinery
rplA	SCO4649	1100090	P48950			Basal machinery
rplB	SCO4705	1100146	Q9L0D7			Basal machinery
rplC	SCO4702	1100143	Q9L0E0			Basal machinery
rplD	SCO4703	1100144	Q9L0D9			Basal machinery
rplE	SCO4714	1100155	Q9L0C8			Basal machinery
rplF	SCO4717	1100158	P46786			Basal machinery
rplI	SCO3909	1099345	Q9X8U5			Basal machinery
rplJ	SCO4652	1100093	P41103			Basal machinery
rplK	SCO4648	1100089	P0A463			Basal machinery
rplL	SCO4653	1100094	P41102			Basal machinery
rplM	SCO4734	1100175	Q53874			Basal machinery
rplN	SCO4712	1100153	Q9L0D0			Basal machinery
rplO	SCO4721	1100162	P46787			Basal machinery
rplP	SCO4709	1100150	Q9L0D3			Basal machinery
rplQ	SCO4730	1100171	O86775			Basal machinery
rplR	SCO4718	1100159	P46788			Basal machinery
rplS	SCO5595	1101036	P0A477			Basal machinery
rplT	SCO1598	1097029	O88058			Basal machinery
rplU	SCO2597	1098031	Q9L1I0			Basal machinery
rplV	SCO4707	1100148	Q9L0D5			Basal machinery
rplW	SCO4704	1100145	Q9L0D8			Basal machinery
rplX	SCO4713	1100154	Q9L0C9			Basal machinery
rplY	SCO3124	1098558	Q9K3T9	ctc		M16.1
rpmA	SCO2596	1098030	Q9L1I1			Basal machinery
rpmB1	SCO5564	1101005	Q9ZBR5	rpmB		M14
rpmB2	SCO3429	1098866	Q9X8K8			M14
rpmC	SCO4710	1100151	Q9L0D2			Basal machinery
rpmD	SCO4720	1100161	P46789			Basal machinery
rpmE	SCO5359	1100799	Q9K4E5			Basal machinery
rpmE2-1	SCO1150	1096573	Q9KZJ5	rpmE2		M14
rpmE2-2	SCO3427	1098864	Q9X8K6			Basal machinery
rpmF1	SCO5571	1101012	Q9ZBQ8	rpmF		M14
rpmF2	SCO0436	1095859	Q9RL50			M14
rpmG1	SCO3428	1098865	Q9X8K7			M14
rpmG2	SCO4635	1100076	P66233			M14
rpmG3	SCO0570	1095993	Q93S00	rpmG,rpmG2		M14
rpmH	SCO3880	1099316	P27901			Basal machinery
rpmI	SCO1599	1097030	O88059			Basal machinery
rpmJ1	SCO4726	1100167	P66301	rpmJ		Basal machinery
rpmJ2	SCO0569	1095992	Q93JH3			Basal machinery
rpoA	SCO4729	1100170	P60312			Basal machinery
rpoB	SCO4654	1100095	Q9L0L0			Basal machinery
rpoC	SCO4655	1100096	Q8CJT1			Basal machinery
rpoZ	SCO1478	1096904	Q9KXS1			Basal machinery
rpsB	SCO5624	1101065	O31212			Basal machinery
rpsC	SCO4708	1100149	Q9L0D4			Basal machinery
rpsD	SCO1505	1096931	Q9KXP5			Basal machinery
rpsE	SCO4719	1100160	P46790			Basal machinery
rpsF	SCO3906	1099342	Q9X8U2			Basal machinery
rpsH	SCO4716	1100157	P49399			Basal machinery
rpsI	SCO4735	1100176	Q53875			Basal machinery
rpsJ	SCO4701	1100142	P66337			Basal machinery
rpsK	SCO4728	1100169	P72403			Basal machinery
rpsL	SCO4659	1100100	P0A4A3			Basal machinery
rpsM	SCO4727	1100168	O86773			Basal machinery
rpsN	SCO3430	1098867	Q9X8K9	rpsN2		M14
rpsO	SCO5736	1101175	O86655			Basal machinery
rpsP	SCO5591	1101032	O69879			Basal machinery
rpsQ	SCO4711	1100152	Q9L0D1			Basal machinery
rpsR1	SCO3908	1099344	P66470	rpsR		Basal machinery
rpsR2	SCO3425	1098862	Q9X8K4			Basal machinery
rpsS	SCO4706	1100147	Q9L0D6			Basal machinery
rpsT	SCO2563	1097997	Q9RDM3			Basal machinery
rpsZ	SCO4715	1100156	P66417	rpsN,rpsN1		Basal machinery
rrnD	rrnD					M7
rsbA	SCO0599	1096022	Q9R422			M16.1
rsbV	SCO3549	1098985	Q9WVX8	bldG		M16.1
rsfS	SCO2577	1098011	Q9RDK9			Basal machinery
rsmG	SCO3885	1099321	O54571	gidB		Basal machinery
rsmH	SCO2092	1097526	Q9S2W4	mraW		Basal machinery
rsmI	SCO3153	1098587	Q9RKD4			Basal machinery
rspG	SCO4660	1100101	Q9L0K4			Basal machinery
rsrA	SCO5217	1100658	Q7AKG8		anti-sigma factor	Basal machinery
ruvA	SCO1519	1096945	Q9L290			Basal machinery
ruvB	SCO1518	1096944	Q9L291			Basal machinery
ruvC	SCO1520	1096946	Q9L289			Basal machinery
sapA	SCO0409	1095832	P12690			Basal machinery
scoF	SCO0527	1095950	P48859			Basal machinery
scoT	SCO6287	1101728	Q9LAS9			M16.1
sdaA	SCO5469	1100909	O86564			Basal machinery
secA	SCO3005	1098438	P0A4G6			Basal machinery
secD	SCO1516	1096942	Q53955			Basal machinery
secE	SCO4646	1100087	P0A4G8			Basal machinery
secF	SCO1515	1096941	Q53956			Basal machinery
secG	SCO1944	1097378	Q9Z521			Basal machinery
secY	SCO4722	1100163	P46785			Basal machinery
sepF1	SCO1749	1097180	Q9EWX7			Basal machinery
sepF2	SCO2079	1097513	Q9S2X2			Basal machinery
sepF3	SCO5967	1101409	Q93JG0			Basal machinery
serC	SCO4366	1099806	Q9F2Y1			M16.1
serS	SCO3961	1099397	Q9ZBX1			Basal machinery
sigB	SCO0600	1096023	Q9R3I8		RNA polymerase sigma factor sig8	M16.1
sigE	SCO3356	1098793	P38133		ECF sigma factor	Global regulator
sigF	SCO4035	1099471	P37971	rpoX	RNA polymerase sigma factor	M16.1
sigH	SCO5243	1100684	Q9RIT0		RNA polymerase sigma factor	M16.1
sigI	SCO3068	1098501	Q9RIS5			M16.1
sigR	SCO5216	1100657	Q7AKG9		RNA polymerase sigma factor RpoE	Global regulator
smc	SCO5577	1101018	Q9ZBQ2			Basal machinery
smpB	SCO2966	1098399	Q9L1S9		SsrA-binding protein	Basal machinery
snpA	SCO7432	1102870	P0A3Z7	mprA2,mprA,prt,lmp		Basal machinery
sodF1	SCO2633	1098067	O51917	sodF,sodB	superoxide dismutase [Fe-Zn]	M16.12
sodN	SCO5254	1100695	P80735	sod1	superoxide dismutase	M16.12
speE1	SCO2455	1097889	Q9L091			Basal machinery
speE2	SCO3655	1099091	Q9X8S2			Basal machinery
ssb2	SCO3907	1099343	Q9X8U3			Basal machinery
ssrA	ssrA					Basal machinery
sti1	SCO0762	1096185	P61152			M16.1
sucC1	SCO4808	1100249	Q9KY56			Basal machinery
tal1	SCO6662	1102101	O88018	tal		Basal machinery
tal2	SCO1936	1097370	Q9XAC0			Basal machinery
tam	SCO3132	1098566	Q9K3T2			M16.5
tap	SCO1230	1096653	Q9FCD7			Basal machinery
tatA	SCO1633	1097064	Q9RJ68			M16.1
tatB	SCO5150	1100591	Q9FBK8			Basal machinery
tatC	SCO1632	1097063	Q9RJ69			Basal machinery
tdk	SCO5845	1101287	O50519			Basal machinery
thiC	SCO3928	1099364	Q9X9U0			Basal machinery
thiD	SCO5563	1101004	Q9ZBR6			Basal machinery
thiG	SCO2109	1097543	Q9S2N4			Basal machinery
thiL	SCO5562	1101003	Q9ZBR7			Basal machinery
thrB	SCO5356	1100796	Q9ADB2			Basal machinery
thrS	SCO1531	1096957	Q9L278			Basal machinery
thyX	SCO5743	1101182	O86840			Basal machinery
tig	SCO2620	1098054	Q9F314			Basal machinery
tilS	SCO3406	1098843	Q9X8I6			Basal machinery
topA	SCO3543	1098979	Q9X909			Basal machinery
tpiA	SCO1945	1097379	Q9Z520	tpi		Basal machinery
tri1	SCO2549	1097983	Q9RDE2			Basal machinery
trmB	SCO4111	1099548	Q9F305			Basal machinery
trmD	SCO5594	1101035	P0A4P1			Basal machinery
trpB	SCO2037	1097471	O05625			Basal machinery
trpC1	SCO2039	1097473	O68814	trpC		Basal machinery
trpC2	SCO3211	1098645	Q9Z4X0		indoleglycerol phosphate synthase	Basal machinery
trpD1	SCO2147	1097581	O68608	trpD		Basal machinery
trpD2	SCO3212	1098646	Q9Z4W9		anthranilate phosphoribotransferase	Basal machinery
trpE	SCO3214	1098648	Q9Z4W7		anthranilate synthase component I	Basal machinery
trpS1	SCO3334	1098771	Q8CJX0			Basal machinery
trpS2	SCO4839	1100280	Q9KZA7	trpS		Basal machinery
truB	SCO5709	1101148	Q9Z528			Basal machinery
trxA	SCO3889	1099325	P52230		thioredoxin	Basal machinery
trxB	SCO3890	1099326	P52215		thioredoxin reductase (NADPH)	Basal machinery
trxC	SCO0885	1096308	Q9RD25		thioredoxin	M16.1
tsaD	SCO4752	1100193	O86793	gcp		Basal machinery
tsf	SCO5625	1101066	O31213			Basal machinery
tuf1	SCO4662	1100103	P40174	tuf		Basal machinery
tuf3	SCO1321	1096744	P40175			Basal machinery
ung1	SCO1114	1096537	Q9EX12			Basal machinery
upp	SCO4041	1099477	Q9AK76			Basal machinery
uppP1	SCO7047	1102485	Q9FC36	bacA1,uppP,upk1		Basal machinery
uppP2	SCO1326	1096749	Q9K407	upk2,bacA2		Basal machinery
uppS1	SCO2509	1097943	Q9L2H4			Basal machinery
uppS2	SCO3858	1099294	Q9XA06			Basal machinery
ureA	SCO1236	1096659	Q9FCD1			M16.1
ushY	SCO5245	1100686	Q9R3I9			Basal machinery
uvrA	SCO1958	1097392	Q9Z507			Basal machinery
uvrB	SCO1966	1097400	Q8CK11			Basal machinery
valS	SCO2615	1098049	O06851			Basal machinery
vanX	SCO3596	1099032	Q9XAK6		D-alanine:D-alanine dipeptidase	M26
vdh	SCO4089	1099526	Q06539			Basal machinery
wblA	SCO3579	1099015	Q9S2B9			Global regulator
wblE	SCO5240	1100681	Q7AKG4			Basal machinery
wblH	SCO6715	1102154	Q9XAL5			Basal machinery
wblI	SCO5046	1100487	Q7AKI4			Basal machinery
wblJ	SCO7106	1102544	Q9FC80			Basal machinery
wblK	SCO7306	1102744	Q9K4K8			Basal machinery
whiA	SCO1950	1097384	Q9Z515			M16.1
whiB	SCO3034	1098467	Q7AKN0	whiB2	sporulation regulatory protein	M16.1
whiB7	SCO5190	1100631	Q9FCJ8	whiB		Basal machinery
whiD	SCO4767	1100208	Q7AKI9	wblB,whiB3		M16.1
whiG	SCO5621	1101062	P17211		RNA polymerase sigma factor WhiG	M16.1
xlnC	SCO0105	1095530	Q9RI72			Basal machinery
xseA	SCO5056	1100497	Q9FBM3			Basal machinery
xylA	SCO1169	1096592	Q9L0B8			Basal machinery
xyoA	SCO6147	1101588	Q9ZBU1	aldo		Basal machinery
ybeY	SCO2533	1097967	Q9L2L4			Basal machinery
ychF	SCO5061	1100502	Q9ADE6			Basal machinery
yidC	SCO3883	1099319	O54569			Basal machinery
zwf	SCO6661	1102100	O88017			Basal machinery
zwf2	SCO1937	1097371	Q9XAB9			Basal machinery
