id,source,target,Effect,Evidence
abrB-yxaM,abrB,yxaM,-,Weak
abrB-rok,abrB,rok,-,Weak
abrB-yerI,abrB,yerI,-,Weak
abrB-epsO,abrB,epsO,-,Weak
abrB-ctaB2,abrB,ctaB2,-,Weak
abrB-yncM,abrB,yncM,-,Weak
abrB-yvrP,abrB,yvrP,-,Weak
abrB-albD,abrB,albD,-,Weak
abrB-yxbD,abrB,yxbD,-,Weak
abrB-epsM,abrB,epsM,-,Weak
abrB-yoaW,abrB,yoaW,-,Weak
abrB-abrB,abrB,abrB,-,Weak
abrB-ydeJ,abrB,ydeJ,-,Weak
abrB-yxbB,abrB,yxbB,-,Weak
abrB-ctaF,abrB,ctaF,-,Weak
abrB-ctaG,abrB,ctaG,-,Weak
abrB-ctaD,abrB,ctaD,-,Weak
abrB-ctaE,abrB,ctaE,-,Weak
abrB-ctaC,abrB,ctaC,-,Weak
abrB-ywqC,abrB,ywqC,-,Weak
abrB-sunS,abrB,sunS,-,Weak
abrB-ywqF,abrB,ywqF,-,Weak
abrB-ywqE,abrB,ywqE,-,Weak
abrB-ywqD,abrB,ywqD,-,Weak
abrB-yrpD,abrB,yrpD,-,Weak
abrB-yjdB,abrB,yjdB,-,Weak
abrB-sboA,abrB,sboA,-,Weak
abrB-ymzB,abrB,ymzB,-,Weak
abrB-phrK,abrB,phrK,-,Weak
abrB-phrH,abrB,phrH,-,Weak
abrB-gmuE,abrB,gmuE,+,Weak
abrB-sboX,abrB,sboX,-,Weak
abrB-rbsA,abrB,rbsA,+,Weak
abrB-rbsC,abrB,rbsC,+,Weak
abrB-rbsB,abrB,rbsB,+,Weak
abrB-spoIIAB,abrB,spoIIAB,-,Weak
abrB-rbsD,abrB,rbsD,+,Weak
abrB-phrE,abrB,phrE,-,Weak
abrB-ctaB1,abrB,ctaB1,-,Weak
abrB-asnH,abrB,asnH,-,Weak
abrB-ydjF,abrB,ydjF,-,Weak
abrB-ydjI,abrB,ydjI,-,Weak
abrB-ydjH,abrB,ydjH,-,Weak
abrB-rocG,abrB,rocG,-,Weak
abrB-rocA,abrB,rocA,-,Weak
abrB-rocB,abrB,rocB,-,Weak
abrB-rocC,abrB,rocC,-,Weak
abrB-ybdZ,abrB,ybdZ,-,Weak
abrB-yjcM,abrB,yjcM,-,Weak
abrB-pksM,abrB,pksM,-,Weak
abrB-gudD,abrB,gudD,-,Weak
abrB-yflA,abrB,yflA,-,Weak
abrB-pksN,abrB,pksN,-,Weak
abrB-ywoF,abrB,ywoF,-,Weak
abrB-ybdO,abrB,ybdO,-,Weak
abrB-ybdN,abrB,ybdN,-,Weak
abrB-gudP,abrB,gudP,-,Weak
abrB-ydeH,abrB,ydeH,-,Weak
abrB-amyE,abrB,amyE,+,Weak
abrB-spoVG,abrB,spoVG,-,Weak
abrB-yocH,abrB,yocH,-,Weak
abrB-yxbC,abrB,yxbC,-,Weak
abrB-pksC,abrB,pksC,-,Weak
abrB-yheH,abrB,yheH,-,Weak
abrB-yheI,abrB,yheI,-,Weak
abrB-yheJ,abrB,yheJ,-,Weak
abrB-yocD,abrB,yocD,-,Weak
abrB-ppsA,abrB,ppsA,-,Weak
abrB-ntdR,abrB,ntdR,-,Weak
abrB-qcrB,abrB,qcrB,-,Weak
abrB-acpK,abrB,acpK,-,Weak
abrB-ywbF,abrB,ywbF,-,Weak
abrB-bacD,abrB,bacD,-,Weak
abrB-bacE,abrB,bacE,-,Weak
abrB-bacB,abrB,bacB,-,Weak
abrB-yolA,abrB,yolA,-,Weak
abrB-sigG,abrB,sigG,-,Weak
abrB-sigF,abrB,sigF,-,Weak
abrB-yweA,abrB,yweA,-,Weak
abrB-bdbA,abrB,bdbA,-,Weak
abrB-bdbB,abrB,bdbB,-,Weak
abrB-besA,abrB,besA,-,Weak
abrB-yvnA,abrB,yvnA,-,Weak
abrB-pksJ,abrB,pksJ,-,Weak
abrB-sipW,abrB,sipW,-,Weak
abrB-sigW,abrB,sigW,-,Weak
abrB-spoIIGA,abrB,spoIIGA,-,Weak
abrB-sdpC,abrB,sdpC,-,Weak
abrB-yobO,abrB,yobO,-,Weak
abrB-dhbE,abrB,dhbE,-,Weak
abrB-pksF,abrB,pksF,-,Weak
abrB-pksG,abrB,pksG,-,Weak
abrB-pksD,abrB,pksD,-,Weak
abrB-pksE,abrB,pksE,-,Weak
abrB-dhbF,abrB,dhbF,-,Weak
abrB-rpmGB,abrB,rpmGB,-,Weak
abrB-pksH,abrB,pksH,-,Weak
abrB-yddT,abrB,yddT,-,Weak
abrB-dhbB,abrB,dhbB,-,Weak
abrB-dhbC,abrB,dhbC,-,Weak
abrB-pksL,abrB,pksL,-,Weak
abrB-dhbA,abrB,dhbA,-,Weak
abrB-xynC,abrB,xynC,-,Weak
abrB-skfE,abrB,skfE,-,Weak
abrB-skfF,abrB,skfF,-,Weak
abrB-skfG,abrB,skfG,-,Weak
abrB-yxeD,abrB,yxeD,-,Weak
abrB-skfA,abrB,skfA,-,Weak
abrB-skfB,abrB,skfB,-,Weak
abrB-skfC,abrB,skfC,-,Weak
abrB-yvgO,abrB,yvgO,-,Weak
abrB-skfH,abrB,skfH,-,Weak
abrB-ynzD,abrB,ynzD,-,Weak
abrB-ycbJ,abrB,ycbJ,-,Weak
abrB-pksR,abrB,pksR,-,Weak
abrB-yvcA,abrB,yvcA,-,Weak
abrB-tlpA,abrB,tlpA,-,Weak
abrB-ycbC,abrB,ycbC,-,Weak
abrB-ydjG,abrB,ydjG,-,Weak
abrB-ycbG,abrB,ycbG,-,Weak
abrB-ycbD,abrB,ycbD,-,Weak
abrB-comK,abrB,comK,-,Weak
abrB-gmuC,abrB,gmuC,+,Weak
abrB-sinI,abrB,sinI,-,Weak
abrB-yokI,abrB,yokI,-,Weak
abrB-yorD,abrB,yorD,-,Weak
abrB-yokJ,abrB,yokJ,-,Weak
abrB-yokL,abrB,yokL,-,Weak
abrB-pbpH,abrB,pbpH,-,Weak
abrB-nprE,abrB,nprE,-,Weak
abrB-epsN,abrB,epsN,-,Weak
abrB-rsiW,abrB,rsiW,-,Weak
abrB-epsL,abrB,epsL,-,Weak
abrB-yxnB,abrB,yxnB,-,Weak
abrB-epsJ,abrB,epsJ,-,Weak
abrB-epsK,abrB,epsK,-,Weak
abrB-epsH,abrB,epsH,-,Weak
abrB-epsI,abrB,epsI,-,Weak
abrB-epsF,abrB,epsF,-,Weak
abrB-epsG,abrB,epsG,-,Weak
abrB-epsD,abrB,epsD,-,Weak
abrB-epsE,abrB,epsE,-,Weak
abrB-ykuV,abrB,ykuV,-,Weak
abrB-ykuU,abrB,ykuU,-,Weak
abrB-yfmJ,abrB,yfmJ,-,Weak
abrB-yfmI,abrB,yfmI,-,Weak
abrB-sunT,abrB,sunT,-,Weak
abrB-yknY,abrB,yknY,-,Weak
abrB-yknW,abrB,yknW,-,Weak
abrB-ymaE,abrB,ymaE,-,Weak
abrB-yqxM,abrB,yqxM,-,Weak
abrB-yfmG,abrB,yfmG,-,Weak
abrB-gntK,abrB,gntK,+,Weak
abrB-yphF,abrB,yphF,-,Weak
abrB-garD,abrB,garD,-,Weak
abrB-yloA,abrB,yloA,-,Weak
abrB-yqxJ,abrB,yqxJ,-,Weak
abrB-yqxI,abrB,yqxI,-,Weak
abrB-gntZ,abrB,gntZ,+,Weak
abrB-bacA,abrB,bacA,-,Weak
abrB-antE,abrB,antE,-,Weak
abrB-gntR,abrB,gntR,+,Weak
abrB-gntP,abrB,gntP,+,Weak
abrB-ylbA,abrB,ylbA,-,Weak
abrB-rbsR,abrB,rbsR,+,Weak
abrB-yqcG,abrB,yqcG,-,Weak
abrB-yqcF,abrB,yqcF,-,Weak
abrB-yscB,abrB,yscB,-,Weak
abrB-ywbE,abrB,ywbE,-,Weak
abrB-yphE,abrB,yphE,-,Weak
abrB-pnbA,abrB,pnbA,-,Weak
abrB-mcpA,abrB,mcpA,-,Weak
abrB-pksI,abrB,pksI,-,Weak
abrB-yveK,abrB,yveK,-,Weak
abrB-yveL,abrB,yveL,-,Weak
abrB-sunA,abrB,sunA,-,Weak
abrB-ywcE,abrB,ywcE,-,Weak
abrB-yvmC,abrB,yvmC,-,Weak
abrB-yydG,abrB,yydG,-,Weak
abrB-yomJ,abrB,yomJ,-,Weak
abrB-yxbA,abrB,yxbA,-,Weak
abrB-ycdA,abrB,ycdA,-,Weak
abrB-cccA,abrB,cccA,-,Weak
abrB-xynD,abrB,xynD,-,Weak
abrB-yoqM,abrB,yoqM,-,Weak
abrB-yknX,abrB,yknX,-,Weak
abrB-spo0E,abrB,spo0E,-,Weak
abrB-yvzA,abrB,yvzA,-,Weak
abrB-sigE,abrB,sigE,-,Weak
abrB-sinR,abrB,sinR,-,Weak
abrB-rbsK,abrB,rbsK,+,Weak
abrB-dacF,abrB,dacF,-,Weak
abrB-yhaQ,abrB,yhaQ,-,Weak
abrB-phy,abrB,phy,-,Weak
abrB-yxzE,abrB,yxzE,-,Weak
abrB-ywfG,abrB,ywfG,-,Weak
abrB-BSU07735,abrB,BSU07735,-,Weak
abrB-cypX,abrB,cypX,-,Weak
abrB-ylaE,abrB,ylaE,-,Weak
abrB-yrzI,abrB,yrzI,-,Weak
abrB-aprE,abrB,aprE,-,Weak
abrB-qcrC,abrB,qcrC,-,Weak
abrB-qcrA,abrB,qcrA,-,Weak
abrB-estA,abrB,estA,-,Weak
abrB-yhaP,abrB,yhaP,-,Weak
abrB-albA,abrB,albA,-,Weak
abrB-hpr,abrB,hpr,+,Weak
abrB-albC,abrB,albC,-,Weak
abrB-albB,abrB,albB,-,Weak
abrB-albE,abrB,albE,-,Weak
abrB-csn,abrB,csn,-,Weak
abrB-albG,abrB,albG,-,Weak
abrB-albF,abrB,albF,-,Weak
abrB-rapK,abrB,rapK,-,Weak
abrB-gmuB,abrB,gmuB,+,Weak
abrB-gmuA,abrB,gmuA,+,Weak
abrB-rapH,abrB,rapH,-,Weak
abrB-gmuG,abrB,gmuG,+,Weak
abrB-gmuF,abrB,gmuF,+,Weak
abrB-yjdG,abrB,yjdG,-,Weak
abrB-gmuD,abrB,gmuD,+,Weak
abrB-ppsE,abrB,ppsE,-,Weak
abrB-ppsD,abrB,ppsD,-,Weak
abrB-yqzG,abrB,yqzG,-,Weak
abrB-yvqJ,abrB,yvqJ,-,Weak
abrB-ppsC,abrB,ppsC,-,Weak
abrB-ppsB,abrB,ppsB,-,Weak
abrB-yxaL,abrB,yxaL,-,Weak
abrB-ybaJ,abrB,ybaJ,-,Weak
abrB-sdpR,abrB,sdpR,-,Weak
abrB-secE,abrB,secE,-,Weak
abrB-yxaJ,abrB,yxaJ,-,Weak
abrB-gmuR,abrB,gmuR,+,Weak
abrB-tasA,abrB,tasA,-,Weak
abrB-yuaB,abrB,yuaB,-,Weak
abrB-yxaB,abrB,yxaB,-,Weak
abrB-bdhA,abrB,bdhA,-,Weak
abrB-sdpA,abrB,sdpA,-,Weak
abrB-slrR,abrB,slrR,-,Weak
abrB-bsn,abrB,bsn,-,Weak
abrB-sdpB,abrB,sdpB,-,Weak
abrB-yknZ,abrB,yknZ,-,Weak
abrB-glxK,abrB,glxK,-,Weak
abrB-epsC,abrB,epsC,-,Weak
abrB-sdpI,abrB,sdpI,-,Weak
abrB-yqaP,abrB,yqaP,-,Weak
abrB-yvcB,abrB,yvcB,-,Weak
abrB-spoIIAA,abrB,spoIIAA,-,Weak
abrB-yokK,abrB,yokK,-,Weak
abrB-bacC,abrB,bacC,-,Weak
abrB-yflD,abrB,yflD,-,Weak
abrB-ybfQ,abrB,ybfQ,-,Weak
abrB-ybfP,abrB,ybfP,-,Weak
abrB-yvrO,abrB,yvrO,-,Weak
abrB-yvrN,abrB,yvrN,-,Weak
abrB-ylqB,abrB,ylqB,-,Weak
abrB-yolC,abrB,yolC,-,Weak
abrB-ycnJ,abrB,ycnJ,-,Weak
abrB-ycnK,abrB,ycnK,-,Weak
abrB-ycnI,abrB,ycnI,-,Weak
abrB-glpD,abrB,glpD,+,Weak
abrB-yddJ,abrB,yddJ,-,Weak
abrB-glpF,abrB,glpF,+,Weak
abrB-yydF,abrB,yydF,-,Weak
abrB-cwlS,abrB,cwlS,-,Weak
abrB-sigH,abrB,sigH,-,Weak
abrB-yydJ,abrB,yydJ,-,Weak
abrB-yolB,abrB,yolB,-,Weak
abrB-yydH,abrB,yydH,-,Weak
abrB-yydI,abrB,yydI,-,Weak
abrB-ybfO,abrB,ybfO,-,Weak
abrB-glpK,abrB,glpK,+,Weak
gltR-gltR,gltR,gltR,-,Weak
gltC-gltA,gltC,gltA,+,Weak
gltC-gltC,gltC,gltC,-,Weak
gltC-gltB,gltC,gltB,+,Weak
ccpN-dfrA,ccpN,dfrA,+,Weak
ccpN-gapB,ccpN,gapB,-,Weak
ccpN-ykzW,ccpN,ykzW,-,Weak
ccpN-pckA,ccpN,pckA,-,Weak
ccpN-speH,ccpN,speH,-,Weak
ccpN-thyA2,ccpN,thyA2,+,Weak
ccpA-fadR,ccpA,fadR,-,Weak
ccpA-prpD,ccpA,prpD,-,Weak
ccpA-kduI,ccpA,kduI,-,Weak
ccpA-prpB,ccpA,prpB,-,Weak
ccpA-scoB,ccpA,scoB,-,Weak
ccpA-scoA,ccpA,scoA,-,Weak
ccpA-citZ,ccpA,citZ,-,Weak
ccpA-pta,ccpA,pta,+,Weak
ccpA-csbX,ccpA,csbX,-,Weak
ccpA-fadA,ccpA,fadA,-,Weak
ccpA-rhaA,ccpA,rhaA,-,Weak
ccpA-fadE,ccpA,fadE,-,Weak
ccpA-rhaB,ccpA,rhaB,-,Weak
ccpA-rhaM,ccpA,rhaM,-,Weak
ccpA-icd,ccpA,icd,-,Weak
ccpA-fadN,ccpA,fadN,-,Weak
ccpA-ctaF,ccpA,ctaF,-,Weak
ccpA-ctaG,ccpA,ctaG,-,Weak
ccpA-ctaD,ccpA,ctaD,-,Weak
ccpA-ctaE,ccpA,ctaE,-,Weak
ccpA-yulB,ccpA,yulB,-,Weak
ccpA-ctaC,ccpA,ctaC,-,Weak
ccpA-sspH,ccpA,sspH,-,Weak
ccpA-ganB,ccpA,ganB,-,Weak
ccpA-ganA,ccpA,ganA,-,Weak
ccpA-nagB,ccpA,nagB,-,Weak
ccpA-nagA,ccpA,nagA,-,Weak
ccpA-resB,ccpA,resB,-,Weak
ccpA-resC,ccpA,resC,-,Weak
ccpA-resA,ccpA,resA,-,Weak
ccpA-odhA,ccpA,odhA,-,Weak
ccpA-resD,ccpA,resD,-,Weak
ccpA-odhB,ccpA,odhB,-,Weak
ccpA-leuD,ccpA,leuD,+,Weak
ccpA-leuB,ccpA,leuB,+,Weak
ccpA-leuC,ccpA,leuC,+,Weak
ccpA-leuA,ccpA,leuA,+,Weak
ccpA-rbsA,ccpA,rbsA,-,Weak
ccpA-phrC,ccpA,phrC,-,Weak
ccpA-rbsC,ccpA,rbsC,-,Weak
ccpA-rbsB,ccpA,rbsB,-,Weak
ccpA-phrF,ccpA,phrF,-,Weak
ccpA-rbsD,ccpA,rbsD,-,Weak
ccpA-phrE,ccpA,phrE,-,Weak
ccpA-kduD,ccpA,kduD,-,Weak
ccpA-ctaB2,ccpA,ctaB2,-,Weak
ccpA-acuC,ccpA,acuC,-,Weak
ccpA-acuB,ccpA,acuB,-,Weak
ccpA-acuA,ccpA,acuA,-,Weak
ccpA-rocG,ccpA,rocG,-,Weak
ccpA-glvR,ccpA,glvR,-,Weak
ccpA-araP,ccpA,araP,-,Weak
ccpA-araQ,ccpA,araQ,-,Weak
ccpA-fadB,ccpA,fadB,-,Weak
ccpA-yttP,ccpA,yttP,-,Weak
ccpA-araB,ccpA,araB,-,Weak
ccpA-glvA,ccpA,glvA,-,Weak
ccpA-araA,ccpA,araA,-,Weak
ccpA-araD,ccpA,araD,-,Weak
ccpA-araE,ccpA,araE,-,Weak
ccpA-crh,ccpA,crh,-,Weak
ccpA-yxjF,ccpA,yxjF,-,Weak
ccpA-araN,ccpA,araN,-,Weak
ccpA-yslB,ccpA,yslB,?,Weak
ccpA-araL,ccpA,araL,-,Weak
ccpA-citM,ccpA,citM,-,Weak
ccpA-mdh,ccpA,mdh,-,Weak
ccpA-ynaJ,ccpA,ynaJ,-,Weak
ccpA-rhgT,ccpA,rhgT,-,Weak
ccpA-mmgD,ccpA,mmgD,-,Weak
ccpA-mmgC,ccpA,mmgC,-,Weak
ccpA-mmgB,ccpA,mmgB,-,Weak
ccpA-mmgA,ccpA,mmgA,-,Weak
ccpA-gmuD,ccpA,gmuD,-,Weak
ccpA-melA,ccpA,melA,-,Weak
ccpA-uxuA,ccpA,uxuA,-,Weak
ccpA-nupC,ccpA,nupC,-,Weak
ccpA-yqkJ,ccpA,yqkJ,-,Weak
ccpA-sigB,ccpA,sigB,-,Weak
ccpA-yxiE,ccpA,yxiE,-,Weak
ccpA-punA,ccpA,punA,-,Weak
ccpA-levD,ccpA,levD,-,Weak
ccpA-sigL,ccpA,sigL,-,Weak
ccpA-yvnA,ccpA,yvnA,-,Weak
ccpA-whiA,ccpA,whiA,-,Weak
ccpA-pel,ccpA,pel,-,Weak
ccpA-tyrS1,ccpA,tyrS1,-,Weak
ccpA-smf,ccpA,smf,-,Weak
ccpA-cydB,ccpA,cydB,-,Weak
ccpA-cydC,ccpA,cydC,-,Weak
ccpA-cydD,ccpA,cydD,-,Weak
ccpA-yesO,ccpA,yesO,-,Weak
ccpA-bglH,ccpA,bglH,-,Weak
ccpA-manR,ccpA,manR,-,Weak
ccpA-yesL,ccpA,yesL,-,Weak
ccpA-egsA,ccpA,egsA,-,Weak
ccpA-acoL,ccpA,acoL,-,Weak
ccpA-uxuB,ccpA,uxuB,-,Weak
ccpA-acoA,ccpA,acoA,-,Weak
ccpA-acoC,ccpA,acoC,-,Weak
ccpA-acoB,ccpA,acoB,-,Weak
ccpA-ganP,ccpA,ganP,-,Weak
ccpA-xynB,ccpA,xynB,-,Weak
ccpA-ganQ,ccpA,ganQ,-,Weak
ccpA-yesZ,ccpA,yesZ,-,Weak
ccpA-yesY,ccpA,yesY,-,Weak
ccpA-yesX,ccpA,yesX,-,Weak
ccpA-yesW,ccpA,yesW,-,Weak
ccpA-yesV,ccpA,yesV,-,Weak
ccpA-yesU,ccpA,yesU,-,Weak
ccpA-acoR,ccpA,acoR,-,Weak
ccpA-yesS,ccpA,yesS,-,Weak
ccpA-BSU_29679,ccpA,BSU_29679,-,Weak
ccpA-yesQ,ccpA,yesQ,-,Weak
ccpA-yesP,ccpA,yesP,-,Weak
ccpA-etfA,ccpA,etfA,-,Weak
ccpA-wprA,ccpA,wprA,-,Weak
ccpA-etfB,ccpA,etfB,-,Weak
ccpA-hutU,ccpA,hutU,-,Weak
ccpA-yopL,ccpA,yopL,-,Weak
ccpA-yozM,ccpA,yozM,-,Weak
ccpA-ykzF,ccpA,ykzF,-,Weak
ccpA-hutP,ccpA,hutP,-,Weak
ccpA-bofC,ccpA,bofC,-,Weak
ccpA-pdp,ccpA,pdp,-,Weak
ccpA-hutM,ccpA,hutM,-,Weak
ccpA-ylbP,ccpA,ylbP,-,Weak
ccpA-drm,ccpA,drm,-,Weak
ccpA-hutH,ccpA,hutH,-,Weak
ccpA-hutG,ccpA,hutG,-,Weak
ccpA-cycB,ccpA,cycB,-,Weak
ccpA-mgfK,ccpA,mgfK,-,Weak
ccpA-abnA,ccpA,abnA,-,Weak
ccpA-opuE,ccpA,opuE,+,Weak
ccpA-sucD,ccpA,sucD,-,Weak
ccpA-ykuK,ccpA,ykuK,-,Weak
ccpA-ykuJ,ccpA,ykuJ,-,Weak
ccpA-ywdA,ccpA,ywdA,-,Weak
ccpA-ykuM,ccpA,ykuM,-,Weak
ccpA-ykuL,ccpA,ykuL,-,Weak
ccpA-yesM,ccpA,yesM,-,Weak
ccpA-abf2,ccpA,abf2,-,Weak
ccpA-citB,ccpA,citB,-,Weak
ccpA-deoC,ccpA,deoC,-,Weak
ccpA-bglS,ccpA,bglS,-,Weak
ccpA-ykuD,ccpA,ykuD,-,Weak
ccpA-gntK,ccpA,gntK,-,Weak
ccpA-degS,ccpA,degS,+,Weak
ccpA-sacA,ccpA,sacA,-,Weak
ccpA-degU,ccpA,degU,+,Weak
ccpA-sacC,ccpA,sacC,-,Weak
ccpA-iolE,ccpA,iolE,-,Weak
ccpA-cydA,ccpA,cydA,-,Weak
ccpA-yqxJ,ccpA,yqxJ,-,Weak
ccpA-yqxI,ccpA,yqxI,-,Weak
ccpA-iolD,ccpA,iolD,-,Weak
ccpA-gntZ,ccpA,gntZ,-,Weak
ccpA-iolF,ccpA,iolF,-,Weak
ccpA-iolG,ccpA,iolG,-,Weak
ccpA-kdgA,ccpA,kdgA,-,Weak
ccpA-iolA,ccpA,iolA,-,Weak
ccpA-iolB,ccpA,iolB,-,Weak
ccpA-iolC,ccpA,iolC,-,Weak
ccpA-gntR,ccpA,gntR,-,Weak
ccpA-gntP,ccpA,gntP,-,Weak
ccpA-iolH,ccpA,iolH,-,Weak
ccpA-iolI,ccpA,iolI,-,Weak
ccpA-iolJ,ccpA,iolJ,-,Weak
ccpA-sacP,ccpA,sacP,-,Weak
ccpA-phoP,ccpA,phoP,-,Weak
ccpA-rbsR,ccpA,rbsR,-,Weak
ccpA-phoR,ccpA,phoR,-,Weak
ccpA-qcrB,ccpA,qcrB,-,Weak
ccpA-treA,ccpA,treA,-,Weak
ccpA-yxkF,ccpA,yxkF,-,Weak
ccpA-yxjC,ccpA,yxjC,-,Weak
ccpA-malP,ccpA,malP,-,Weak
ccpA-yjmC,ccpA,yjmC,-,Weak
ccpA-dctA,ccpA,dctA,-,Weak
ccpA-serA,ccpA,serA,+,Weak
ccpA-xylA,ccpA,xylA,-,Weak
ccpA-treP,ccpA,treP,-,Weak
ccpA-yobO,ccpA,yobO,-,Weak
ccpA-xylB,ccpA,xylB,-,Weak
ccpA-rapF,ccpA,rapF,-,Weak
ccpA-bglP,ccpA,bglP,-,Weak
ccpA-yflN,ccpA,yflN,-,Weak
ccpA-amyD,ccpA,amyD,-,Weak
ccpA-yuxG,ccpA,yuxG,-,Weak
ccpA-mleN,ccpA,mleN,-,Weak
ccpA-yvmB,ccpA,yvmB,-,Weak
ccpA-ypiF,ccpA,ypiF,-,Weak
ccpA-yvmA,ccpA,yvmA,-,Weak
ccpA-rsbS,ccpA,rsbS,-,Weak
ccpA-abn2,ccpA,abn2,-,Weak
ccpA-cccA,ccpA,cccA,-,Weak
ccpA-rsbW,ccpA,rsbW,-,Weak
ccpA-rsbV,ccpA,rsbV,-,Weak
ccpA-rsbU,ccpA,rsbU,-,Weak
ccpA-rsbT,ccpA,rsbT,-,Weak
ccpA-levE,ccpA,levE,-,Weak
ccpA-rsbX,ccpA,rsbX,-,Weak
ccpA-exuT,ccpA,exuT,-,Weak
ccpA-yvoA,ccpA,yvoA,-,Weak
ccpA-new_1056384_1056537,ccpA,new_1056384_1056537,-,Weak
ccpA-exuR,ccpA,exuR,-,Weak
ccpA-yjmD,ccpA,yjmD,-,Weak
ccpA-ysfE,ccpA,ysfE,-,Weak
ccpA-yjmB,ccpA,yjmB,-,Weak
ccpA-rbsK,ccpA,rbsK,-,Weak
ccpA-msmX,ccpA,msmX,-,Weak
ccpA-amyC,ccpA,amyC,-,Weak
ccpA-msmE,ccpA,msmE,-,Weak
ccpA-abfA,ccpA,abfA,-,Weak
ccpA-galT,ccpA,galT,-,Weak
ccpA-qcrC,ccpA,qcrC,-,Weak
ccpA-qcrA,ccpA,qcrA,-,Weak
ccpA-licA,ccpA,licA,-,Weak
ccpA-licB,ccpA,licB,-,Weak
ccpA-licC,ccpA,licC,-,Weak
ccpA-yfkN,ccpA,yfkN,-,Weak
ccpA-gmuC,ccpA,gmuC,-,Weak
ccpA-gmuB,ccpA,gmuB,-,Weak
ccpA-gmuA,ccpA,gmuA,-,Weak
ccpA-msmR,ccpA,msmR,-,Weak
ccpA-gmuG,ccpA,gmuG,-,Weak
ccpA-gmuF,ccpA,gmuF,-,Weak
ccpA-gmuE,ccpA,gmuE,-,Weak
ccpA-lrgB,ccpA,lrgB,-,Weak
ccpA-rapC,ccpA,rapC,-,Weak
ccpA-hutI,ccpA,hutI,-,Weak
ccpA-rapA,ccpA,rapA,-,Weak
ccpA-rapG,ccpA,rapG,-,Weak
ccpA-lrgA,ccpA,lrgA,-,Weak
ccpA-galK,ccpA,galK,-,Weak
ccpA-licH,ccpA,licH,-,Weak
ccpA-phrA,ccpA,phrA,-,Weak
ccpA-ackA,ccpA,ackA,+,Weak
ccpA-gmuR,ccpA,gmuR,-,Weak
ccpA-kdgT,ccpA,kdgT,-,Weak
ccpA-mtlR,ccpA,mtlR,-,Weak
ccpA-cimH,ccpA,cimH,-,Weak
ccpA-kdgR,ccpA,kdgR,-,Weak
ccpA-phrG,ccpA,phrG,-,Weak
ccpA-yvcI,ccpA,yvcI,-,Weak
ccpA-yvcJ,ccpA,yvcJ,-,Weak
ccpA-ilvH,ccpA,ilvH,+,Weak
ccpA-yvcN,ccpA,yvcN,-,Weak
ccpA-kdgK,ccpA,kdgK,-,Weak
ccpA-resE,ccpA,resE,-,Weak
ccpA-treR,ccpA,treR,-,Weak
ccpA-rsbRA,ccpA,rsbRA,-,Weak
ccpA-acsA,ccpA,acsA,-,Weak
ccpA-yesN,ccpA,yesN,-,Weak
ccpA-ilvC,ccpA,ilvC,+,Weak
ccpA-ilvB,ccpA,ilvB,+,Weak
ccpA-glpT,ccpA,glpT,-,Weak
ccpA-uxaA,ccpA,uxaA,-,Weak
ccpA-glpQ,ccpA,glpQ,-,Weak
ccpA-yesR,ccpA,yesR,-,Weak
ccpA-lcfA,ccpA,lcfA,-,Weak
ccpA-cstA,ccpA,cstA,-,Weak
ccpA-yhaR,ccpA,yhaR,-,Weak
ccpA-glpD,ccpA,glpD,-,Weak
ccpA-sucC,ccpA,sucC,-,Weak
ccpA-glpF,ccpA,glpF,-,Weak
ccpA-yneN,ccpA,yneN,-,Weak
ccpA-cwlS,ccpA,cwlS,-,Weak
ccpA-amyE,ccpA,amyE,-,Weak
ccpA-topA,ccpA,topA,-,Weak
ccpA-uxaB,ccpA,uxaB,-,Weak
ccpA-uxaC,ccpA,uxaC,-,Weak
ccpA-levG,ccpA,levG,-,Weak
ccpA-levF,ccpA,levF,-,Weak
ccpA-glpK,ccpA,glpK,-,Weak
ccpA-lcfB,ccpA,lcfB,-,Weak
BSU35239-ycdA,BSU35239,ycdA,+,Weak
rsoA-yvrJ,rsoA,yvrJ,+,Weak
rsoA-yvrL,rsoA,yvrL,+,Weak
rsoA-rsoA,rsoA,rsoA,+,Weak
rsoA-sigO,rsoA,sigO,+,Weak
rsoA-oxdC,rsoA,oxdC,+,Weak
fadR-etfA,fadR,etfA,-,Weak
fadR-fadR,fadR,fadR,-,Weak
fadR-etfB,fadR,etfB,-,Weak
fadR-fadE,fadR,fadE,-,Weak
fadR-acdA,fadR,acdA,-,Weak
fadR-fadB,fadR,fadB,-,Weak
fadR-fadA,fadR,fadA,-,Weak
fadR-fadG,fadR,fadG,-,Weak
fadR-fadF,fadR,fadF,-,Weak
fadR-rpoE,fadR,rpoE,-,Weak
fadR-ykzU,fadR,ykzU,-,Weak
fadR-fadH,fadR,fadH,-,Weak
fadR-lcfA,fadR,lcfA,-,Weak
fadR-fadN,fadR,fadN,-,Weak
fadR-fadM,fadR,fadM,-,Weak
fadR-lcfB,fadR,lcfB,-,Weak
swrAA-flhB,swrAA,flhB,+,Weak
swrAA-flhA,swrAA,flhA,+,Weak
swrAA-flhF,swrAA,flhF,+,Weak
swrAA-ylxG,swrAA,ylxG,+,Weak
swrAA-cheW,swrAA,cheW,+,Weak
swrAA-sigD,swrAA,sigD,+,Weak
swrAA-cheY,swrAA,cheY,+,Weak
swrAA-cheD,swrAA,cheD,+,Weak
swrAA-cheB,swrAA,cheB,+,Weak
swrAA-cheC,swrAA,cheC,+,Weak
swrAA-cheA,swrAA,cheA,+,Weak
swrAA-ylzI,swrAA,ylzI,+,Weak
swrAA-fliY,swrAA,fliY,+,Weak
swrAA-ylxF,swrAA,ylxF,+,Weak
swrAA-fliZ,swrAA,fliZ,+,Weak
swrAA-ylxH,swrAA,ylxH,+,Weak
swrAA-fliQ,swrAA,fliQ,+,Weak
swrAA-fliP,swrAA,fliP,+,Weak
swrAA-fliR,swrAA,fliR,+,Weak
swrAA-fliM,swrAA,fliM,+,Weak
swrAA-fliL,swrAA,fliL,+,Weak
swrAA-fliI,swrAA,fliI,+,Weak
swrAA-fliH,swrAA,fliH,+,Weak
swrAA-fliK,swrAA,fliK,+,Weak
swrAA-fliJ,swrAA,fliJ,+,Weak
swrAA-fliE,swrAA,fliE,+,Weak
swrAA-fliG,swrAA,fliG,+,Weak
swrAA-fliF,swrAA,fliF,+,Weak
swrAA-swrB,swrAA,swrB,+,Weak
swrAA-flgC,swrAA,flgC,+,Weak
swrAA-flgB,swrAA,flgB,+,Weak
swrAA-flgG,swrAA,flgG,+,Weak
yybR-yybR,yybR,yybR,+,Weak
yybR-yfkO,yybR,yfkO,+,Weak
ybbH-ybbC,ybbH,ybbC,-,Weak
ybbH-ybbH,ybbH,ybbH,-,Weak
ybbH-ybbF,ybbH,ybbF,-,Weak
ybbH-ybbE,ybbH,ybbE,-,Weak
ybbH-nagZ,ybbH,nagZ,-,Weak
ybbH-murQ,ybbH,murQ,-,Weak
bmrR-bmr,bmrR,bmr,+,Weak
bmrR-bmrR,bmrR,bmrR,+,Weak
cymR-mccB,cymR,mccB,-,Weak
cymR-ygaN,cymR,ygaN,-,Weak
cymR-moxC,cymR,moxC,-,Weak
cymR-ytnM,cymR,ytnM,-,Weak
cymR-ytnL,cymR,ytnL,-,Weak
cymR-yetJ,cymR,yetJ,-,Weak
cymR-ytlI,cymR,ytlI,-,Weak
cymR-sat,cymR,sat,-,Weak
cymR-sirB,cymR,sirB,-,Weak
cymR-sirC,cymR,sirC,-,Weak
cymR-ytmO,cymR,ytmO,-,Weak
cymR-tcyN,cymR,tcyN,-,Weak
cymR-cysP,cymR,cysP,-,Weak
cymR-yrrT,cymR,yrrT,-,Weak
cymR-yxeP,cymR,yxeP,-,Weak
cymR-yxeQ,cymR,yxeQ,-,Weak
cymR-tcyJ,cymR,tcyJ,-,Weak
cymR-tcyK,cymR,tcyK,-,Weak
cymR-tcyL,cymR,tcyL,-,Weak
cymR-tcyM,cymR,tcyM,-,Weak
cymR-cysK,cymR,cysK,-,Weak
cymR-ribR,cymR,ribR,-,Weak
cymR-cysC,cymR,cysC,-,Weak
cymR-tcyP,cymR,tcyP,-,Weak
cymR-ssuA,cymR,ssuA,-,Weak
cymR-yxeK,cymR,yxeK,-,Weak
cymR-yxeL,cymR,yxeL,-,Weak
cymR-yxeM,cymR,yxeM,-,Weak
cymR-yxeN,cymR,yxeN,-,Weak
cymR-yxeO,cymR,yxeO,-,Weak
cymR-ssuD,cymR,ssuD,-,Weak
cymR-cysH,cymR,cysH,-,Weak
cymR-ydbM,cymR,ydbM,-,Weak
cymR-ssuC,cymR,ssuC,-,Weak
cymR-ssuB,cymR,ssuB,-,Weak
cymR-mccA,cymR,mccA,-,Weak
cymR-sumT,cymR,sumT,-,Weak
cymR-yrhC,cymR,yrhC,-,Weak
cymR-mtnN,cymR,mtnN,-,Weak
cymR-yezD,cymR,yezD,-,Weak
cymR-ytnI,cymR,ytnI,-,Weak
cymR-ytmI,cymR,ytmI,-,Weak
spxA-bshA,spxA,bshA,+,Weak
spxA-dapB,spxA,dapB,+,Weak
spxA-pfyP,spxA,pfyP,+,Weak
spxA-radA,spxA,radA,+,Weak
spxA-trxB,spxA,trxB,+,Weak
spxA-ytpR,spxA,ytpR,+,Weak
spxA-ytpQ,spxA,ytpQ,+,Weak
spxA-trxA,spxA,trxA,+,Weak
spxA-yllA,spxA,yllA,+,Weak
spxA-mcsA,spxA,mcsA,+,Weak
spxA-ylaA,spxA,ylaA,+,Weak
spxA-birA,spxA,birA,+,Weak
spxA-ylaC,spxA,ylaC,+,Weak
spxA-ylaD,spxA,ylaD,+,Weak
spxA-nfrA1,spxA,nfrA1,+,Weak
spxA-mcsB,spxA,mcsB,+,Weak
spxA-disA,spxA,disA,+,Weak
spxA-yjbI,spxA,yjbI,+,Weak
spxA-yjbH,spxA,yjbH,+,Weak
spxA-yojF,spxA,yojF,+,Weak
spxA-ypjD,spxA,ypjD,+,Weak
spxA-panE,spxA,panE,+,Weak
spxA-yacD,spxA,yacD,+,Weak
spxA-clpC,spxA,clpC,+,Weak
spxA-yrrT,spxA,yrrT,+,Weak
spxA-coaX,spxA,coaX,+,Weak
spxA-cysK,spxA,cysK,+,Weak
spxA-yoyC,spxA,yoyC,+,Weak
spxA-msrB,spxA,msrB,+,Weak
spxA-msrA,spxA,msrA,+,Weak
spxA-srfAA,spxA,srfAA,-,Weak
spxA-srfAC,spxA,srfAC,-,Weak
spxA-srfAB,spxA,srfAB,-,Weak
spxA-srfAD,spxA,srfAD,-,Weak
spxA-ylaB,spxA,ylaB,+,Weak
spxA-ytxK,spxA,ytxK,+,Weak
spxA-bshB1,spxA,bshB1,+,Weak
spxA-bshB2,spxA,bshB2,+,Weak
spxA-yugT,spxA,yugT,+,Weak
spxA-mccA,spxA,mccA,+,Weak
spxA-ywcH,spxA,ywcH,+,Weak
spxA-comS,spxA,comS,-,Weak
spxA-mccB,spxA,mccB,+,Weak
spxA-hslO,spxA,hslO,+,Weak
spxA-yrhC,spxA,yrhC,+,Weak
spxA-mtnN,spxA,mtnN,+,Weak
spxA-ytpP,spxA,ytpP,+,Weak
spxA-yugJ,spxA,yugJ,+,Weak
spxA-ctsR,spxA,ctsR,+,Weak
spxA-mgsA,spxA,mgsA,+,Weak
spxA-cca,spxA,cca,+,Weak
spxA-tpx,spxA,tpx,+,Weak
pucR-ureB,pucR,ureB,+,Weak
pucR-ureC,pucR,ureC,+,Weak
pucR-pucB,pucR,pucB,+,Weak
pucR-ureA,pucR,ureA,+,Weak
pucR-pucD,pucR,pucD,+,Weak
pucR-allB,pucR,allB,+,Weak
pucR-pucF,pucR,pucF,+,Weak
pucR-pucA,pucR,pucA,+,Weak
pucR-pucI,pucR,pucI,+,Weak
pucR-pucJ,pucR,pucJ,-,Weak
pucR-pucK,pucR,pucK,-,Weak
pucR-pucL,pucR,pucL,-,Weak
pucR-pucM,pucR,pucM,-,Weak
pucR-pucG,pucR,pucG,+,Weak
pucR-pucR,pucR,pucR,-,Weak
pucR-pucC,pucR,pucC,+,Weak
pucR-guaD,pucR,guaD,+,Weak
pucR-pucE,pucR,pucE,+,Weak
treR-treA,treR,treA,-,Weak
treR-treP,treR,treP,-,Weak
treR-treR,treR,treR,-,Weak
ydfI-ydfJ,ydfI,ydfJ,+,Weak
gmuR-gmuR,gmuR,gmuR,-,Weak
gmuR-gmuC,gmuR,gmuC,-,Weak
gmuR-gmuB,gmuR,gmuB,-,Weak
gmuR-gmuA,gmuR,gmuA,-,Weak
gmuR-gmuG,gmuR,gmuG,-,Weak
gmuR-gmuF,gmuR,gmuF,-,Weak
gmuR-gmuE,gmuR,gmuE,-,Weak
gmuR-gmuD,gmuR,gmuD,-,Weak
padR-padC,padR,padC,-,Weak
padR-yveF,padR,yveF,-,Weak
padR-yveG,padR,yveG,-,Weak
fnr-fnr,fnr,fnr,+,Weak
fnr-acoL,fnr,acoL,+,Weak
fnr-acoA,fnr,acoA,+,Weak
fnr-acoC,fnr,acoC,+,Weak
fnr-acoB,fnr,acoB,+,Weak
fnr-narI,fnr,narI,+,Weak
fnr-narH,fnr,narH,+,Weak
fnr-narK,fnr,narK,+,Weak
fnr-narJ,fnr,narJ,+,Weak
fnr-narG,fnr,narG,+,Weak
fnr-arfM,fnr,arfM,+,Weak
yrkP-psiE,yrkP,psiE,+,Weak
yrkP-yrkN,yrkP,yrkN,+,Weak
yrkP-yrkO,yrkP,yrkO,+,Weak
yrkP-ykcC,yrkP,ykcC,+,Weak
yrkP-ykcB,yrkP,ykcB,+,Weak
yrkP-yrkP,yrkP,yrkP,+,Weak
yrkP-yrkQ,yrkP,yrkQ,+,Weak
tnrA-ycsG,tnrA,ycsG,+,Weak
tnrA-ycsF,tnrA,ycsF,+,Weak
tnrA-yclF,tnrA,yclF,+,Weak
tnrA-ykoL,tnrA,ykoL,+,Weak
tnrA-ywlF,tnrA,ywlF,-,Weak
tnrA-alsT,tnrA,alsT,-,Weak
tnrA-oppF,tnrA,oppF,+,Weak
tnrA-thrB,tnrA,thrB,-,Weak
tnrA-thrC,tnrA,thrC,-,Weak
tnrA-kipR,tnrA,kipR,+,Weak
tnrA-glnQ,tnrA,glnQ,+,Weak
tnrA-kipI,tnrA,kipI,+,Weak
tnrA-appF,tnrA,appF,+,Weak
tnrA-appD,tnrA,appD,+,Weak
tnrA-appC,tnrA,appC,+,Weak
tnrA-BSU11382,tnrA,BSU11382,+,Weak
tnrA-BSU11381,tnrA,BSU11381,+,Weak
tnrA-ywdK,tnrA,ywdK,-,Weak
tnrA-lipC,tnrA,lipC,+,Weak
tnrA-glnH,tnrA,glnH,+,Weak
tnrA-degU,tnrA,degU,-,Weak
tnrA-glnM,tnrA,glnM,+,Weak
tnrA-ywrD,tnrA,ywrD,+,Weak
tnrA-pucJ,tnrA,pucJ,+,Weak
tnrA-pucK,tnrA,pucK,+,Weak
tnrA-pucL,tnrA,pucL,+,Weak
tnrA-pucM,tnrA,pucM,+,Weak
tnrA-ywlG,tnrA,ywlG,-,Weak
tnrA-kipA,tnrA,kipA,+,Weak
tnrA-pel,tnrA,pel,-,Weak
tnrA-yxkC,tnrA,yxkC,+,Weak
tnrA-pucR,tnrA,pucR,+,Weak
tnrA-appB,tnrA,appB,+,Weak
tnrA-ywdJ,tnrA,ywdJ,-,Weak
tnrA-ilvB,tnrA,ilvB,-,Weak
tnrA-yycC,tnrA,yycC,-,Weak
tnrA-yycB,tnrA,yycB,-,Weak
tnrA-yodF,tnrA,yodF,-,Weak
tnrA-glnP,tnrA,glnP,+,Weak
tnrA-yfiR,tnrA,yfiR,+,Weak
tnrA-yfiS,tnrA,yfiS,+,Weak
tnrA-yrbD,tnrA,yrbD,+,Weak
tnrA-yvgT,tnrA,yvgT,-,Weak
tnrA-glnR,tnrA,glnR,-,Weak
tnrA-leuD,tnrA,leuD,-,Weak
tnrA-leuB,tnrA,leuB,-,Weak
tnrA-leuC,tnrA,leuC,-,Weak
tnrA-leuA,tnrA,leuA,-,Weak
tnrA-ycsI,tnrA,ycsI,+,Weak
tnrA-gabP,tnrA,gabP,+,Weak
tnrA-nasB,tnrA,nasB,+,Weak
tnrA-nasC,tnrA,nasC,+,Weak
tnrA-oppC,tnrA,oppC,+,Weak
tnrA-oppB,tnrA,oppB,+,Weak
tnrA-nasF,tnrA,nasF,+,Weak
tnrA-oppD,tnrA,oppD,+,Weak
tnrA-nasD,tnrA,nasD,+,Weak
tnrA-nasE,tnrA,nasE,+,Weak
tnrA-yoyD,tnrA,yoyD,-,Weak
tnrA-pyc,tnrA,pyc,-,Weak
tnrA-yuiA,tnrA,yuiA,-,Weak
tnrA-yycA,tnrA,yycA,-,Weak
tnrA-ilvC,tnrA,ilvC,-,Weak
tnrA-yuiB,tnrA,yuiB,-,Weak
tnrA-ureB,tnrA,ureB,+,Weak
tnrA-oppA,tnrA,oppA,+,Weak
tnrA-ansZ,tnrA,ansZ,+,Weak
tnrA-ureA,tnrA,ureA,+,Weak
tnrA-ywdI,tnrA,ywdI,-,Weak
tnrA-ureC,tnrA,ureC,+,Weak
tnrA-ykzB,tnrA,ykzB,+,Weak
tnrA-tnrA,tnrA,tnrA,+,Weak
tnrA-hom,tnrA,hom,-,Weak
tnrA-nrgB,tnrA,nrgB,+,Weak
tnrA-ftsW,tnrA,ftsW,-,Weak
tnrA-nrgA,tnrA,nrgA,+,Weak
tnrA-ysnD,tnrA,ysnD,+,Weak
tnrA-nasA,tnrA,nasA,+,Weak
tnrA-gltA,tnrA,gltA,-,Weak
tnrA-degS,tnrA,degS,-,Weak
tnrA-gltB,tnrA,gltB,-,Weak
tnrA-glnA,tnrA,glnA,-,Weak
tnrA-yttA,tnrA,yttA,-,Weak
tnrA-ilvH,tnrA,ilvH,-,Weak
glnL-glsA1,glnL,glsA1,+,Weak
glnL-glnT,glnL,glnT,+,Weak
glnR-ureB,glnR,ureB,-,Weak
glnR-ureC,glnR,ureC,-,Weak
glnR-ureA,glnR,ureA,-,Weak
glnR-tnrA,glnR,tnrA,-,Weak
glnR-alsT,glnR,alsT,-,Weak
glnR-glnR,glnR,glnR,-,Weak
glnR-glnA,glnR,glnA,-,Weak
sdpR-sdpR,sdpR,sdpR,-,Weak
sdpR-fadA,sdpR,fadA,+,Weak
sdpR-fadE,sdpR,fadE,+,Weak
sdpR-sdpI,sdpR,sdpI,-,Weak
sdpR-fadN,sdpR,fadN,+,Weak
sdpR-fadM,sdpR,fadM,+,Weak
slrR-lytF,slrR,lytF,-,Weak
slrR-lytA,slrR,lytA,-,Weak
slrR-lytC,slrR,lytC,-,Weak
slrR-lytB,slrR,lytB,-,Weak
xre-xkdC,xre,xkdC,-,Weak
xre-xkdB,xre,xkdB,-,Weak
xre-yjzJ,xre,yjzJ,-,Weak
xre-xkdD,xre,xkdD,-,Weak
xre-xtrA,xre,xtrA,-,Weak
xre-ykzK,xre,ykzK,-,Weak
rsfA-katX,rsfA,katX,+,Weak
rsfA-rsfA,rsfA,rsfA,-,Weak
new_4005137_4005322_c-yxjB,new_4005137_4005322_c,yxjB,-,Weak
araR-araR,araR,araR,-,Weak
araR-araP,araR,araP,-,Weak
araR-araQ,araR,araQ,-,Weak
araR-egsA,araR,egsA,-,Weak
araR-abfA,araR,abfA,-,Weak
araR-abnA,araR,abnA,-,Weak
araR-araB,araR,araB,-,Weak
araR-araA,araR,araA,-,Weak
araR-araD,araR,araD,-,Weak
araR-araE,araR,araE,-,Weak
araR-abf2,araR,abf2,-,Weak
araR-araN,araR,araN,-,Weak
araR-araL,araR,araL,-,Weak
fruR-fruK,fruR,fruK,-,Weak
fruR-fruR,fruR,fruR,-,Weak
fruR-fruA,fruR,fruA,-,Weak
yxdJ-yxeA,yxdJ,yxeA,+,Weak
yxdJ-yxdM,yxdJ,yxdM,+,Weak
yxdJ-yxdL,yxdJ,yxdL,+,Weak
adeR-ald,adeR,ald,+,Weak
acoR-acoA,acoR,acoA,+,Weak
acoR-acoC,acoR,acoC,+,Weak
acoR-acoB,acoR,acoB,+,Weak
acoR-acoL,acoR,acoL,+,Weak
zur-yrpE,zur,yrpE,-,Weak
zur-folE2,zur,folE2,-,Weak
zur-yczL,zur,yczL,-,Weak
zur-new_2477758_2477958_c,zur,new_2477758_2477958_c,-,Weak
zur-rpsN2,zur,rpsN2,-,Weak
zur-yciC,zur,yciC,-,Weak
zur-yciB,zur,yciB,-,Weak
zur-znuC,zur,znuC,-,Weak
zur-znuB,zur,znuB,-,Weak
zur-znuA,zur,znuA,-,Weak
zur-rpmE2,zur,rpmE2,-,Weak
rghR-phrH,rghR,phrH,-,Weak
rghR-yvaM,rghR,yvaM,-,Weak
rghR-phrG,rghR,phrG,-,Weak
rghR-rapH,rghR,rapH,-,Weak
rghR-rapG,rghR,rapG,-,Weak
rghR-rapD,rghR,rapD,-,Weak
mtrB-hisC,mtrB,hisC,+-,Weak
mtrB-trpB,mtrB,trpB,+-,Weak
mtrB-trpC,mtrB,trpC,+-,Weak
mtrB-trpA,mtrB,trpA,+-,Weak
mtrB-trpF,mtrB,trpF,+-,Weak
mtrB-trpD,mtrB,trpD,+-,Weak
mtrB-trpE,mtrB,trpE,+-,Weak
mtrB-aroA,mtrB,aroA,+-,Weak
mtrB-tyrA,mtrB,tyrA,+-,Weak
mta-bmr,mta,bmr,+,Weak
mta-BSU16845,mta,BSU16845,+,Weak
mta-blt,mta,blt,+,Weak
mta-ydfK,mta,ydfK,+,Weak
mta-bmrR,mta,bmrR,+,Weak
mta-ymfH,mta,ymfH,+,Weak
mta-mta,mta,mta,+,Weak
mta-ymfD,mta,ymfD,+,Weak
mta-bltD,mta,bltD,+,Weak
ganR-ganR,ganR,ganR,-,Weak
ganR-ganP,ganR,ganP,-,Weak
ganR-ganQ,ganR,ganQ,-,Weak
ganR-ganB,ganR,ganB,-,Weak
ganR-ganA,ganR,ganA,-,Weak
ganR-cycB,ganR,cycB,-,Weak
malR-maeA,malR,maeA,+,Weak
malR-ywkB,malR,ywkB,+,Weak
malR-yflS,malR,yflS,+,Weak
malR-maeN,malR,maeN,+,Weak
rok-rok,rok,rok,-,Weak
rok-albG,rok,albG,-,Weak
rok-sboX,rok,sboX,-,Weak
rok-albA,rok,albA,-,Weak
rok-bdbA,rok,bdbA,-,Weak
rok-bdbB,rok,bdbB,-,Weak
rok-albB,rok,albB,-,Weak
rok-albE,rok,albE,-,Weak
rok-albD,rok,albD,-,Weak
rok-sunT,rok,sunT,-,Weak
rok-albF,rok,albF,-,Weak
rok-yybJ,rok,yybJ,-,Weak
rok-yybL,rok,yybL,-,Weak
rok-sunA,rok,sunA,-,Weak
rok-yybM,rok,yybM,-,Weak
rok-yxaL,rok,yxaL,-,Weak
rok-yxaJ,rok,yxaJ,-,Weak
rok-sdpA,rok,sdpA,-,Weak
rok-sdpC,rok,sdpC,-,Weak
rok-sdpB,rok,sdpB,-,Weak
rok-sboA,rok,sboA,-,Weak
rok-htpX,rok,htpX,-,Weak
rok-spo0E,rok,spo0E,-,Weak
rok-yjcN,rok,yjcN,-,Weak
rok-comK,rok,comK,-,Weak
rok-yybK,rok,yybK,-,Weak
rok-yydF,rok,yydF,-,Weak
rok-yydG,rok,yydG,-,Weak
rok-yybN,rok,yybN,-,Weak
rok-sunS,rok,sunS,-,Weak
rok-yydJ,rok,yydJ,-,Weak
rok-yydH,rok,yydH,-,Weak
rok-yydI,rok,yydI,-,Weak
rok-albC,rok,albC,-,Weak
sigA-pstS,sigA,pstS,+,Weak
sigA-yutF,sigA,yutF,+,Weak
sigA-yutD,sigA,yutD,+,Weak
sigA-yutE,sigA,yutE,+,Weak
sigA-pta,sigA,pta,+,Weak
sigA-yciC,sigA,yciC,+,Weak
sigA-yciB,sigA,yciB,+,Weak
sigA-speH,sigA,speH,+,Weak
sigA-rhaB,sigA,rhaB,+,Weak
sigA-rhaM,sigA,rhaM,+,Weak
sigA-speE,sigA,speE,+,Weak
sigA-speB,sigA,speB,+,Weak
sigA-znuA,sigA,znuA,+,Weak
sigA-ganP,sigA,ganP,+,Weak
sigA-ganQ,sigA,ganQ,+,Weak
sigA-liaR,sigA,liaR,+,Weak
sigA-liaS,sigA,liaS,+,Weak
sigA-yazB,sigA,yazB,+,Weak
sigA-ganB,sigA,ganB,+,Weak
sigA-veg,sigA,veg,+,Weak
sigA-ganA,sigA,ganA,+,Weak
sigA-thiE,sigA,thiE,+,Weak
sigA-ald,sigA,ald,+,Weak
sigA-liaH,sigA,liaH,+,Weak
sigA-codY,sigA,codY,+,Weak
sigA-ohrR,sigA,ohrR,+,Weak
sigA-tasA,sigA,tasA,+,Weak
sigA-yvyI,sigA,yvyI,+,Weak
sigA-yvyF,sigA,yvyF,+,Weak
sigA-yvyG,sigA,yvyG,+,Weak
sigA-ohrA,sigA,ohrA,+,Weak
sigA-rpsN1,sigA,rpsN1,+,Weak
sigA-yhxA,sigA,yhxA,+,Weak
sigA-fur,sigA,fur,+,Weak
sigA-yokA,sigA,yokA,+,Weak
sigA-yuxG,sigA,yuxG,+,Weak
sigA-yhcZ,sigA,yhcZ,+,Weak
sigA-ureC,sigA,ureC,+,Weak
sigA-yhcY,sigA,yhcY,+,Weak
sigA-hemN,sigA,hemN,+,Weak
sigA-glmS,sigA,glmS,+,Weak
sigA-hemL,sigA,hemL,+,Weak
sigA-hemB,sigA,hemB,+,Weak
sigA-hemC,sigA,hemC,+,Weak
sigA-hemA,sigA,hemA,+,Weak
sigA-hemD,sigA,hemD,+,Weak
sigA-hemZ,sigA,hemZ,+,Weak
sigA-ywoD,sigA,ywoD,+,Weak
sigA-hemX,sigA,hemX,+,Weak
sigA-ywoC,sigA,ywoC,+,Weak
sigA-ywoB,sigA,ywoB,+,Weak
sigA-rhaA,sigA,rhaA,+,Weak
sigA-glmM,sigA,glmM,+,Weak
sigA-BSU21670,sigA,BSU21670,+,Weak
sigA-yotF,sigA,yotF,+,Weak
sigA-abrB,sigA,abrB,+,Weak
sigA-yocH,sigA,yocH,+,Weak
sigA-bacB,sigA,bacB,+,Weak
sigA-frlB,sigA,frlB,+,Weak
sigA-ytnM,sigA,ytnM,+,Weak
sigA-ytnL,sigA,ytnL,+,Weak
sigA-ytnI,sigA,ytnI,+,Weak
sigA-addB,sigA,addB,+,Weak
sigA-addA,sigA,addA,+,Weak
sigA-birA,sigA,birA,+,Weak
sigA-yisB,sigA,yisB,+,Weak
sigA-melA,sigA,melA,+,Weak
sigA-nfrA1,sigA,nfrA1,+,Weak
sigA-sigA,sigA,sigA,+,Weak
sigA-yqkJ,sigA,yqkJ,+,Weak
sigA-ezrA,sigA,ezrA,+,Weak
sigA-sigB,sigA,sigB,+,Weak
sigA-sigE,sigA,sigE,+,Weak
sigA-sigD,sigA,sigD,+,Weak
sigA-sigG,sigA,sigG,+,Weak
sigA-sigI,sigA,sigI,+,Weak
sigA-sigH,sigA,sigH,+,Weak
sigA-sul,sigA,sul,+,Weak
sigA-sigM,sigA,sigM,+,Weak
sigA-cheY,sigA,cheY,+,Weak
sigA-folE,sigA,folE,+,Weak
sigA-sbcC,sigA,sbcC,+,Weak
sigA-cheD,sigA,cheD,+,Weak
sigA-cheB,sigA,cheB,+,Weak
sigA-menB,sigA,menB,+,Weak
sigA-folC,sigA,folC,+,Weak
sigA-folB,sigA,folB,+,Weak
sigA-sigX,sigA,sigX,+,Weak
sigA-yacO,sigA,yacO,+,Weak
sigA-folK,sigA,folK,+,Weak
sigA-ylqC,sigA,ylqC,+,Weak
sigA-med,sigA,med,+,Weak
sigA-cysI,sigA,cysI,+,Weak
sigA-cysH,sigA,cysH,+,Weak
sigA-cysK,sigA,cysK,+,Weak
sigA-cysJ,sigA,cysJ,+,Weak
sigA-dhbF,sigA,dhbF,+,Weak
sigA-spoIIGA,sigA,spoIIGA,+,Weak
sigA-dhbE,sigA,dhbE,+,Weak
sigA-dhbB,sigA,dhbB,+,Weak
sigA-dhbC,sigA,dhbC,+,Weak
sigA-cysC,sigA,cysC,+,Weak
sigA-dhbA,sigA,dhbA,+,Weak
sigA-rpoC,sigA,rpoC,+,Weak
sigA-rpoB,sigA,rpoB,+,Weak
sigA-rpoA,sigA,rpoA,+,Weak
sigA-rpoE,sigA,rpoE,+,Weak
sigA-cysP,sigA,cysP,+,Weak
sigA-cysS,sigA,cysS,+,Weak
sigA-gltX,sigA,gltX,+,Weak
sigA-bsrG,sigA,bsrG,+,Weak
sigA-sspH,sigA,sspH,+,Weak
sigA-skfE,sigA,skfE,+,Weak
sigA-gltR,sigA,gltR,+,Weak
sigA-sinR,sigA,sinR,+,Weak
sigA-skfF,sigA,skfF,+,Weak
sigA-tagD,sigA,tagD,+,Weak
sigA-tagE,sigA,tagE,+,Weak
sigA-tagF,sigA,tagF,+,Weak
sigA-tagG,sigA,tagG,+,Weak
sigA-drm,sigA,drm,+,Weak
sigA-tagA,sigA,tagA,+,Weak
sigA-tagB,sigA,tagB,+,Weak
sigA-sinI,sigA,sinI,+,Weak
sigA-valS,sigA,valS,+,Weak
sigA-gltC,sigA,gltC,+,Weak
sigA-gltB,sigA,gltB,+,Weak
sigA-tagH,sigA,tagH,+,Weak
sigA-epsN,sigA,epsN,+,Weak
sigA-purS,sigA,purS,+,Weak
sigA-rpsE,sigA,rpsE,+,Weak
sigA-murAA,sigA,murAA,+,Weak
sigA-rpsC,sigA,rpsC,+,Weak
sigA-epsK,sigA,epsK,+,Weak
sigA-epsH,sigA,epsH,+,Weak
sigA-epsI,sigA,epsI,+,Weak
sigA-epsF,sigA,epsF,+,Weak
sigA-epsG,sigA,epsG,+,Weak
sigA-rpsM,sigA,rpsM,+,Weak
sigA-yesX,sigA,yesX,+,Weak
sigA-rpsK,sigA,rpsK,+,Weak
sigA-epsC,sigA,epsC,+,Weak
sigA-skfH,sigA,skfH,+,Weak
sigA-ccpA,sigA,ccpA,+,Weak
sigA-perR,sigA,perR,+,Weak
sigA-rpsS,sigA,rpsS,+,Weak
sigA-rpsR,sigA,rpsR,+,Weak
sigA-rpsQ,sigA,rpsQ,+,Weak
sigA-rpsP,sigA,rpsP,+,Weak
sigA-deoC,sigA,deoC,+,Weak
sigA-ppiB,sigA,ppiB,+,Weak
sigA-sirB,sigA,sirB,+,Weak
sigA-liaF,sigA,liaF,+,Weak
sigA-disA,sigA,disA,+,Weak
sigA-comGC,sigA,comGC,+,Weak
sigA-comGB,sigA,comGB,+,Weak
sigA-comGA,sigA,comGA,+,Weak
sigA-mnmA,sigA,mnmA,+,Weak
sigA-comGG,sigA,comGG,+,Weak
sigA-comGF,sigA,comGF,+,Weak
sigA-comGE,sigA,comGE,+,Weak
sigA-yesR,sigA,yesR,+,Weak
sigA-ybgA,sigA,ybgA,+,Weak
sigA-ybgB,sigA,ybgB,+,Weak
sigA-xerC,sigA,xerC,+,Weak
sigA-pucC,sigA,pucC,+,Weak
sigA-phoP,sigA,phoP,+,Weak
sigA-tpiA,sigA,tpiA,+,Weak
sigA-phoR,sigA,phoR,+,Weak
sigA-tuaB,sigA,tuaB,+,Weak
sigA-tuaC,sigA,tuaC,+,Weak
sigA-gapA,sigA,gapA,+,Weak
sigA-tuaA,sigA,tuaA,+,Weak
sigA-BSU35239,sigA,BSU35239,+,Weak
sigA-tuaG,sigA,tuaG,+,Weak
sigA-malP,sigA,malP,+,Weak
sigA-tuaE,sigA,tuaE,+,Weak
sigA-phoA,sigA,phoA,+,Weak
sigA-rplGA,sigA,rplGA,+,Weak
sigA-phoD,sigA,phoD,+,Weak
sigA-thiM,sigA,thiM,+,Weak
sigA-yveK,sigA,yveK,+,Weak
sigA-yveL,sigA,yveL,+,Weak
sigA-ywrB,sigA,ywrB,+,Weak
sigA-csbA,sigA,csbA,+,Weak
sigA-flgC,sigA,flgC,+,Weak
sigA-clpE,sigA,clpE,+,Weak
sigA-yqiI,sigA,yqiI,+,Weak
sigA-des,sigA,des,+,Weak
sigA-msmE,sigA,msmE,+,Weak
sigA-ytxE,sigA,ytxE,+,Weak
sigA-ytxD,sigA,ytxD,+,Weak
sigA-ykzB,sigA,ykzB,+,Weak
sigA-era,sigA,era,+,Weak
sigA-ywkB,sigA,ywkB,+,Weak
sigA-narH,sigA,narH,+,Weak
sigA-mapB,sigA,mapB,+,Weak
sigA-purQ,sigA,purQ,+,Weak
sigA-isp,sigA,isp,+,Weak
sigA-msmR,sigA,msmR,+,Weak
sigA-purT,sigA,purT,+,Weak
sigA-purD,sigA,purD,+,Weak
sigA-leuD,sigA,leuD,+,Weak
sigA-tilS,sigA,tilS,+,Weak
sigA-ykzG,sigA,ykzG,+,Weak
sigA-purC,sigA,purC,+,Weak
sigA-purB,sigA,purB,+,Weak
sigA-purA,sigA,purA,+,Weak
sigA-trxA,sigA,trxA,+,Weak
sigA-narI,sigA,narI,+,Weak
sigA-purF,sigA,purF,+,Weak
sigA-purE,sigA,purE,+,Weak
sigA-narJ,sigA,narJ,+,Weak
sigA-purK,sigA,purK,+,Weak
sigA-ylaA,sigA,ylaA,+,Weak
sigA-ylaB,sigA,ylaB,+,Weak
sigA-purH,sigA,purH,+,Weak
sigA-ylaD,sigA,ylaD,+,Weak
sigA-purN,sigA,purN,+,Weak
sigA-purM,sigA,purM,+,Weak
sigA-purL,sigA,purL,+,Weak
sigA-efeN,sigA,efeN,+,Weak
sigA-ylaC,sigA,ylaC,+,Weak
sigA-ydcH,sigA,ydcH,+,Weak
sigA-albA,sigA,albA,+,Weak
sigA-ydcG,sigA,ydcG,+,Weak
sigA-albC,sigA,albC,+,Weak
sigA-albB,sigA,albB,+,Weak
sigA-albE,sigA,albE,+,Weak
sigA-albD,sigA,albD,+,Weak
sigA-albG,sigA,albG,+,Weak
sigA-eno,sigA,eno,+,Weak
sigA-pucG,sigA,pucG,+,Weak
sigA-rapI,sigA,rapI,+,Weak
sigA-rapH,sigA,rapH,+,Weak
sigA-yqgI,sigA,yqgI,+,Weak
sigA-plsX,sigA,plsX,+,Weak
sigA-rapC,sigA,rapC,+,Weak
sigA-rapB,sigA,rapB,+,Weak
sigA-rapA,sigA,rapA,+,Weak
sigA-rapG,sigA,rapG,+,Weak
sigA-rapD,sigA,rapD,+,Weak
sigA-secA,sigA,secA,+,Weak
sigA-spoIIE,sigA,spoIIE,+,Weak
sigA-yqzE,sigA,yqzE,+,Weak
sigA-secE,sigA,secE,+,Weak
sigA-azoR2,sigA,azoR2,+,Weak
sigA-fabHA,sigA,fabHA,+,Weak
sigA-ilvH,sigA,ilvH,+,Weak
sigA-maf,sigA,maf,+,Weak
sigA-srfAA,sigA,srfAA,+,Weak
sigA-srfAC,sigA,srfAC,+,Weak
sigA-srfAB,sigA,srfAB,+,Weak
sigA-srfAD,sigA,srfAD,+,Weak
sigA-ilvC,sigA,ilvC,+,Weak
sigA-ilvB,sigA,ilvB,+,Weak
sigA-narK,sigA,narK,+,Weak
sigA-argC,sigA,argC,+,Weak
sigA-groL,sigA,groL,+,Weak
sigA-nrgA,sigA,nrgA,+,Weak
sigA-cwlO,sigA,cwlO,+,Weak
sigA-nrgB,sigA,nrgB,+,Weak
sigA-yueD,sigA,yueD,+,Weak
sigA-xynB,sigA,xynB,+,Weak
sigA-cggR,sigA,cggR,+,Weak
sigA-levB,sigA,levB,+,Weak
sigA-recU,sigA,recU,+,Weak
sigA-engB,sigA,engB,+,Weak
sigA-yuxH,sigA,yuxH,+,Weak
sigA-fadR,sigA,fadR,+,Weak
sigA-allB,sigA,allB,+,Weak
sigA-mrgA,sigA,mrgA,+,Weak
sigA-fadB,sigA,fadB,+,Weak
sigA-fadA,sigA,fadA,+,Weak
sigA-yxbA,sigA,yxbA,+,Weak
sigA-fadF,sigA,fadF,+,Weak
sigA-fadE,sigA,fadE,+,Weak
sigA-yxbB,sigA,yxbB,+,Weak
sigA-ribBA,sigA,ribBA,+,Weak
sigA-albF,sigA,albF,+,Weak
sigA-mgfK,sigA,mgfK,+,Weak
sigA-mhqP,sigA,mhqP,+,Weak
sigA-yulB,sigA,yulB,+,Weak
sigA-yrpE,sigA,yrpE,+,Weak
sigA-mhqA,sigA,mhqA,+,Weak
sigA-mhqD,sigA,mhqD,+,Weak
sigA-mhqE,sigA,mhqE,+,Weak
sigA-panE,sigA,panE,+,Weak
sigA-sboA,sigA,sboA,+,Weak
sigA-citR,sigA,citR,+,Weak
sigA-mhqN,sigA,mhqN,+,Weak
sigA-mhqO,sigA,mhqO,+,Weak
sigA-ureB,sigA,ureB,+,Weak
sigA-rbsK,sigA,rbsK,+,Weak
sigA-ylxG,sigA,ylxG,+,Weak
sigA-ylxF,sigA,ylxF,+,Weak
sigA-rbsA,sigA,rbsA,+,Weak
sigA-pyrAB,sigA,pyrAB,+,Weak
sigA-pyrAA,sigA,pyrAA,+,Weak
sigA-ylxH,sigA,ylxH,+,Weak
sigA-rbsD,sigA,rbsD,+,Weak
sigA-ylxM,sigA,ylxM,+,Weak
sigA-ywdA,sigA,ywdA,+,Weak
sigA-ylxR,sigA,ylxR,+,Weak
sigA-ybdZ,sigA,ybdZ,+,Weak
sigA-mrnC,sigA,mrnC,+,Weak
sigA-rsiX,sigA,rsiX,+,Weak
sigA-yotE,sigA,yotE,+,Weak
sigA-rbsR,sigA,rbsR,+,Weak
sigA-ytmI,sigA,ytmI,+,Weak
sigA-mtnA,sigA,mtnA,+,Weak
sigA-divIB,sigA,divIB,+,Weak
sigA-mtnB,sigA,mtnB,+,Weak
sigA-mtnE,sigA,mtnE,+,Weak
sigA-mtnD,sigA,mtnD,+,Weak
sigA-ftsA,sigA,ftsA,+,Weak
sigA-nadC,sigA,nadC,+,Weak
sigA-nadB,sigA,nadB,+,Weak
sigA-gudB,sigA,gudB,+,Weak
sigA-ywbI,sigA,ywbI,+,Weak
sigA-grpE,sigA,grpE,+,Weak
sigA-ftsH,sigA,ftsH,+,Weak
sigA-ftsW,sigA,ftsW,+,Weak
sigA-glyA,sigA,glyA,+,Weak
sigA-mtnU,sigA,mtnU,+,Weak
sigA-mtnW,sigA,mtnW,+,Weak
sigA-nadR,sigA,nadR,+,Weak
sigA-glnT,sigA,glnT,+,Weak
sigA-ftsZ,sigA,ftsZ,+,Weak
sigA-ftsY,sigA,ftsY,+,Weak
sigA-yfmO,sigA,yfmO,+,Weak
sigA-dapA,sigA,dapA,+,Weak
sigA-mdh,sigA,mdh,+,Weak
sigA-dapB,sigA,dapB,+,Weak
sigA-dapG,sigA,dapG,+,Weak
sigA-moxC,sigA,moxC,+,Weak
sigA-rplV,sigA,rplV,+,Weak
sigA-rplW,sigA,rplW,+,Weak
sigA-eglS,sigA,eglS,+,Weak
sigA-ywzB,sigA,ywzB,+,Weak
sigA-rplS,sigA,rplS,+,Weak
sigA-rplP,sigA,rplP,+,Weak
sigA-rplQ,sigA,rplQ,+,Weak
sigA-rplN,sigA,rplN,+,Weak
sigA-rplO,sigA,rplO,+,Weak
sigA-yqzL,sigA,yqzL,+,Weak
sigA-yqzO,sigA,yqzO,+,Weak
sigA-rplF,sigA,rplF,+,Weak
sigA-rplD,sigA,rplD,+,Weak
sigA-rplE,sigA,rplE,+,Weak
sigA-rplB,sigA,rplB,+,Weak
sigA-rplC,sigA,rplC,+,Weak
sigA-nupC,sigA,nupC,+,Weak
sigA-ypqE,sigA,ypqE,+,Weak
sigA-gapB,sigA,gapB,+,Weak
sigA-ytfP,sigA,ytfP,+,Weak
sigA-nrdF,sigA,nrdF,+,Weak
sigA-yeaB,sigA,yeaB,+,Weak
sigA-blt,sigA,blt,+,Weak
sigA-rbfA,sigA,rbfA,+,Weak
sigA-whiA,sigA,whiA,+,Weak
sigA-metC,sigA,metC,+,Weak
sigA-sda,sigA,sda,+,Weak
sigA-mtlR,sigA,mtlR,+,Weak
sigA-tetL,sigA,tetL,+,Weak
sigA-metI,sigA,metI,+,Weak
sigA-smc,sigA,smc,+,Weak
sigA-yvcR,sigA,yvcR,+,Weak
sigA-yesO,sigA,yesO,+,Weak
sigA-sbp,sigA,sbp,+,Weak
sigA-yvcS,sigA,yvcS,+,Weak
sigA-frlD,sigA,frlD,+,Weak
sigA-prfB,sigA,prfB,+,Weak
sigA-pucA,sigA,pucA,+,Weak
sigA-rpmGB,sigA,rpmGB,+,Weak
sigA-yqxD,sigA,yqxD,+,Weak
sigA-guaD,sigA,guaD,+,Weak
sigA-yesZ,sigA,yesZ,+,Weak
sigA-yesY,sigA,yesY,+,Weak
sigA-asd,sigA,asd,+,Weak
sigA-yesW,sigA,yesW,+,Weak
sigA-yesV,sigA,yesV,+,Weak
sigA-yesU,sigA,yesU,+,Weak
sigA-yesS,sigA,yesS,+,Weak
sigA-BSU_29679,sigA,BSU_29679,+,Weak
sigA-yesQ,sigA,yesQ,+,Weak
sigA-yesP,sigA,yesP,+,Weak
sigA-etfA,sigA,etfA,+,Weak
sigA-etfB,sigA,etfB,+,Weak
sigA-recO,sigA,recO,+,Weak
sigA-recA,sigA,recA,+,Weak
sigA-recF,sigA,recF,+,Weak
sigA-ybbA,sigA,ybbA,+,Weak
sigA-bmrR,sigA,bmrR,+,Weak
sigA-yurM,sigA,yurM,+,Weak
sigA-yurN,sigA,yurN,+,Weak
sigA-yurO,sigA,yurO,+,Weak
sigA-yurJ,sigA,yurJ,+,Weak
sigA-carB,sigA,carB,+,Weak
sigA-argB,sigA,argB,+,Weak
sigA-carA,sigA,carA,+,Weak
sigA-bmrA,sigA,bmrA,+,Weak
sigA-ybbR,sigA,ybbR,+,Weak
sigA-argF,sigA,argF,+,Weak
sigA-ybbP,sigA,ybbP,+,Weak
sigA-cymR,sigA,cymR,+,Weak
sigA-citZ,sigA,citZ,+,Weak
sigA-folE2,sigA,folE2,+,Weak
sigA-arsR,sigA,arsR,+,Weak
sigA-htrA,sigA,htrA,+,Weak
sigA-BSU_misc_RNA_2,sigA,BSU_misc_RNA_2,+,Weak
sigA-yfmP,sigA,yfmP,+,Weak
sigA-ykuP,sigA,ykuP,+,Weak
sigA-spxA,sigA,spxA,+,Weak
sigA-pgk,sigA,pgk,+,Weak
sigA-kduI,sigA,kduI,+,Weak
sigA-ytpR,sigA,ytpR,+,Weak
sigA-ytpQ,sigA,ytpQ,+,Weak
sigA-ytpP,sigA,ytpP,+,Weak
sigA-ykuO,sigA,ykuO,+,Weak
sigA-citM,sigA,citM,+,Weak
sigA-ykuM,sigA,ykuM,+,Weak
sigA-citA,sigA,citA,+,Weak
sigA-citB,sigA,citB,+,Weak
sigA-gtaB,sigA,gtaB,+,Weak
sigA-yfmG,sigA,yfmG,+,Weak
sigA-gntK,sigA,gntK,+,Weak
sigA-degQ,sigA,degQ,+,Weak
sigA-pucB,sigA,pucB,+,Weak
sigA-ymfC,sigA,ymfC,+,Weak
sigA-pucD,sigA,pucD,+,Weak
sigA-pucE,sigA,pucE,+,Weak
sigA-pucF,sigA,pucF,+,Weak
sigA-sacB,sigA,sacB,+,Weak
sigA-yxnB,sigA,yxnB,+,Weak
sigA-pucJ,sigA,pucJ,+,Weak
sigA-pucK,sigA,pucK,+,Weak
sigA-pucL,sigA,pucL,+,Weak
sigA-pucM,sigA,pucM,+,Weak
sigA-kdgA,sigA,kdgA,+,Weak
sigA-gntZ,sigA,gntZ,+,Weak
sigA-ahpC,sigA,ahpC,+,Weak
sigA-sacP,sigA,sacP,+,Weak
sigA-gntR,sigA,gntR,+,Weak
sigA-gntP,sigA,gntP,+,Weak
sigA-sacY,sigA,sacY,+,Weak
sigA-sacX,sigA,sacX,+,Weak
sigA-expZ,sigA,expZ,+,Weak
sigA-tcyJ,sigA,tcyJ,+,Weak
sigA-kinE,sigA,kinE,+,Weak
sigA-tcyL,sigA,tcyL,+,Weak
sigA-tcyM,sigA,tcyM,+,Weak
sigA-tcyN,sigA,tcyN,+,Weak
sigA-lutP,sigA,lutP,+,Weak
sigA-yqcK,sigA,yqcK,+,Weak
sigA-ogt,sigA,ogt,+,Weak
sigA-pstB1,sigA,pstB1,+,Weak
sigA-msrB,sigA,msrB,+,Weak
sigA-mbl,sigA,mbl,+,Weak
sigA-msrA,sigA,msrA,+,Weak
sigA-xylA,sigA,xylA,+,Weak
sigA-treP,sigA,treP,+,Weak
sigA-treR,sigA,treR,+,Weak
sigA-yszB,sigA,yszB,+,Weak
sigA-parE,sigA,parE,+,Weak
sigA-copA,sigA,copA,+,Weak
sigA-parC,sigA,parC,+,Weak
sigA-ywtC,sigA,ywtC,+,Weak
sigA-ydfM,sigA,ydfM,+,Weak
sigA-misCA,sigA,misCA,+,Weak
sigA-ydfK,sigA,ydfK,+,Weak
sigA-dnaA,sigA,dnaA,+,Weak
sigA-mccA,sigA,mccA,+,Weak
sigA-cccA,sigA,cccA,+,Weak
sigA-opuAC,sigA,opuAC,+,Weak
sigA-dnaG,sigA,dnaG,+,Weak
sigA-acdA,sigA,acdA,+,Weak
sigA-copZ,sigA,copZ,+,Weak
sigA-tatAd,sigA,tatAd,+,Weak
sigA-nifS,sigA,nifS,+,Weak
sigA-dnaJ,sigA,dnaJ,+,Weak
sigA-acpA,sigA,acpA,+,Weak
sigA-ypzF,sigA,ypzF,+,Weak
sigA-ylqD,sigA,ylqD,+,Weak
sigA-yjmD,sigA,yjmD,+,Weak
sigA-yjmB,sigA,yjmB,+,Weak
sigA-yjmC,sigA,yjmC,+,Weak
sigA-tcyK,sigA,tcyK,+,Weak
sigA-ywfG,sigA,ywfG,+,Weak
sigA-prs,sigA,prs,+,Weak
sigA-prmA,sigA,prmA,+,Weak
sigA-sdhA,sigA,sdhA,+,Weak
sigA-kinB,sigA,kinB,+,Weak
sigA-pdhB,sigA,pdhB,+,Weak
sigA-sdhB,sigA,sdhB,+,Weak
sigA-pdhD,sigA,pdhD,+,Weak
sigA-kinC,sigA,kinC,+,Weak
sigA-aprE,sigA,aprE,+,Weak
sigA-gmuR,sigA,gmuR,+,Weak
sigA-minJ,sigA,minJ,+,Weak
sigA-dnaK,sigA,dnaK,+,Weak
sigA-licA,sigA,licA,+,Weak
sigA-licB,sigA,licB,+,Weak
sigA-licC,sigA,licC,+,Weak
sigA-minD,sigA,minD,+,Weak
sigA-lutC,sigA,lutC,+,Weak
sigA-yfkJ,sigA,yfkJ,+,Weak
sigA-gmuC,sigA,gmuC,+,Weak
sigA-treA,sigA,treA,+,Weak
sigA-gmuA,sigA,gmuA,+,Weak
sigA-gmuG,sigA,gmuG,+,Weak
sigA-gmuF,sigA,gmuF,+,Weak
sigA-gmuE,sigA,gmuE,+,Weak
sigA-gmuD,sigA,gmuD,+,Weak
sigA-yneN,sigA,yneN,+,Weak
sigA-licR,sigA,licR,+,Weak
sigA-licT,sigA,licT,+,Weak
sigA-aprX,sigA,aprX,+,Weak
sigA-yxaM,sigA,yxaM,+,Weak
sigA-qcrB,sigA,qcrB,+,Weak
sigA-gyrB,sigA,gyrB,+,Weak
sigA-cheW,sigA,cheW,+,Weak
sigA-gabT,sigA,gabT,+,Weak
sigA-gabR,sigA,gabR,+,Weak
sigA-gabP,sigA,gabP,+,Weak
sigA-infB,sigA,infB,+,Weak
sigA-yydJ,sigA,yydJ,+,Weak
sigA-yacP,sigA,yacP,+,Weak
sigA-groS,sigA,groS,+,Weak
sigA-gabD,sigA,gabD,+,Weak
sigA-pyc,sigA,pyc,+,Weak
sigA-yydH,sigA,yydH,+,Weak
sigA-sbcD,sigA,sbcD,+,Weak
sigA-qcrC,sigA,qcrC,+,Weak
sigA-yydI,sigA,yydI,+,Weak
sigA-lcfA,sigA,lcfA,+,Weak
sigA-ycnL,sigA,ycnL,+,Weak
sigA-ycnJ,sigA,ycnJ,+,Weak
sigA-ywmB,sigA,ywmB,+,Weak
sigA-ycnI,sigA,ycnI,+,Weak
sigA-argD,sigA,argD,+,Weak
sigA-comFA,sigA,comFA,+,Weak
sigA-comFB,sigA,comFB,+,Weak
sigA-comFC,sigA,comFC,+,Weak
sigA-ybfK,sigA,ybfK,+,Weak
sigA-fliI,sigA,fliI,+,Weak
sigA-ctsR,sigA,ctsR,+,Weak
sigA-flgL,sigA,flgL,+,Weak
sigA-ybfM,sigA,ybfM,+,Weak
sigA-fliH,sigA,fliH,+,Weak
sigA-cdd,sigA,cdd,+,Weak
sigA-ggaA,sigA,ggaA,+,Weak
sigA-adaB,sigA,adaB,+,Weak
sigA-ggaB,sigA,ggaB,+,Weak
sigA-menH,sigA,menH,+,Weak
sigA-ysxA,sigA,ysxA,+,Weak
sigA-menD,sigA,menD,+,Weak
sigA-menE,sigA,menE,+,Weak
sigA-menF,sigA,menF,+,Weak
sigA-comEB,sigA,comEB,+,Weak
sigA-gltA,sigA,gltA,+,Weak
sigA-ytlI,sigA,ytlI,+,Weak
sigA-menC,sigA,menC,+,Weak
sigA-ybzG,sigA,ybzG,+,Weak
sigA-clpX,sigA,clpX,+,Weak
sigA-xylB,sigA,xylB,+,Weak
sigA-nagP,sigA,nagP,+,Weak
sigA-ctaA,sigA,ctaA,+,Weak
sigA-ccdB,sigA,ccdB,+,Weak
sigA-clpP,sigA,clpP,+,Weak
sigA-ccdA,sigA,ccdA,+,Weak
sigA-mtaB,sigA,mtaB,+,Weak
sigA-yojF,sigA,yojF,+,Weak
sigA-yojE,sigA,yojE,+,Weak
sigA-nagB,sigA,nagB,+,Weak
sigA-nagA,sigA,nagA,+,Weak
sigA-jag,sigA,jag,+,Weak
sigA-clpC,sigA,clpC,+,Weak
sigA-odhA,sigA,odhA,+,Weak
sigA-odhB,sigA,odhB,+,Weak
sigA-phrH,sigA,phrH,+,Weak
sigA-phrI,sigA,phrI,+,Weak
sigA-leuB,sigA,leuB,+,Weak
sigA-leuC,sigA,leuC,+,Weak
sigA-sboX,sigA,sboX,+,Weak
sigA-leuA,sigA,leuA,+,Weak
sigA-phrC,sigA,phrC,+,Weak
sigA-phrA,sigA,phrA,+,Weak
sigA-new_148755_148930,sigA,new_148755_148930,+,Weak
sigA-phrG,sigA,phrG,+,Weak
sigA-phrE,sigA,phrE,+,Weak
sigA-ssbA,sigA,ssbA,+,Weak
sigA-fbp,sigA,fbp,+,Weak
sigA-asnH,sigA,asnH,+,Weak
sigA-clpQ,sigA,clpQ,+,Weak
sigA-acuC,sigA,acuC,+,Weak
sigA-acuB,sigA,acuB,+,Weak
sigA-acuA,sigA,acuA,+,Weak
sigA-ntdB,sigA,ntdB,+,Weak
sigA-ntdC,sigA,ntdC,+,Weak
sigA-ntdA,sigA,ntdA,+,Weak
sigA-glvR,sigA,glvR,+,Weak
sigA-ywpJ,sigA,ywpJ,+,Weak
sigA-txpA,sigA,txpA,+,Weak
sigA-argJ,sigA,argJ,+,Weak
sigA-epsO,sigA,epsO,+,Weak
sigA-yrhC,sigA,yrhC,+,Weak
sigA-csrA,sigA,csrA,+,Weak
sigA-glvA,sigA,glvA,+,Weak
sigA-degS,sigA,degS,+,Weak
sigA-crh,sigA,crh,+,Weak
sigA-yviE,sigA,yviE,+,Weak
sigA-yxeP,sigA,yxeP,+,Weak
sigA-ykqA,sigA,ykqA,+,Weak
sigA-radA,sigA,radA,+,Weak
sigA-rhgT,sigA,rhgT,+,Weak
sigA-sacA,sigA,sacA,+,Weak
sigA-ffh,sigA,ffh,+,Weak
sigA-dctA,sigA,dctA,+,Weak
sigA-flhB,sigA,flhB,+,Weak
sigA-opuAA,sigA,opuAA,+,Weak
sigA-opuAB,sigA,opuAB,+,Weak
sigA-flhA,sigA,flhA,+,Weak
sigA-flhF,sigA,flhF,+,Weak
sigA-yjdF,sigA,yjdF,+,Weak
sigA-feuB,sigA,feuB,+,Weak
sigA-uxuA,sigA,uxuA,+,Weak
sigA-BSU35609,sigA,BSU35609,+,Weak
sigA-uxuB,sigA,uxuB,+,Weak
sigA-epsM,sigA,epsM,+,Weak
sigA-comEA,sigA,comEA,+,Weak
sigA-comEC,sigA,comEC,+,Weak
sigA-fadN,sigA,fadN,+,Weak
sigA-sspE,sigA,sspE,+,Weak
sigA-sipW,sigA,sipW,+,Weak
sigA-degU,sigA,degU,+,Weak
sigA-arfM,sigA,arfM,+,Weak
sigA-sipS,sigA,sipS,+,Weak
sigA-comC,sigA,comC,+,Weak
sigA-yukD,sigA,yukD,+,Weak
sigA-manP,sigA,manP,+,Weak
sigA-trmD,sigA,trmD,+,Weak
sigA-manR,sigA,manR,+,Weak
sigA-epsJ,sigA,epsJ,+,Weak
sigA-sufC,sigA,sufC,+,Weak
sigA-clpY,sigA,clpY,+,Weak
sigA-yosX,sigA,yosX,+,Weak
sigA-manA,sigA,manA,+,Weak
sigA-yxeK,sigA,yxeK,+,Weak
sigA-yxeL,sigA,yxeL,+,Weak
sigA-yxeM,sigA,yxeM,+,Weak
sigA-yxeN,sigA,yxeN,+,Weak
sigA-yxeO,sigA,yxeO,+,Weak
sigA-ycbK,sigA,ycbK,+,Weak
sigA-bshB2,sigA,bshB2,+,Weak
sigA-comZ,sigA,comZ,+,Weak
sigA-rimP,sigA,rimP,+,Weak
sigA-fnr,sigA,fnr,+,Weak
sigA-braB,sigA,braB,+,Weak
sigA-hutU,sigA,hutU,+,Weak
sigA-comP,sigA,comP,+,Weak
sigA-cysL,sigA,cysL,+,Weak
sigA-glcP,sigA,glcP,+,Weak
sigA-hutP,sigA,hutP,+,Weak
sigA-glcR,sigA,glcR,+,Weak
sigA-pdp,sigA,pdp,+,Weak
sigA-hutM,sigA,hutM,+,Weak
sigA-wapA,sigA,wapA,+,Weak
sigA-comK,sigA,comK,+,Weak
sigA-hutI,sigA,hutI,+,Weak
sigA-hutH,sigA,hutH,+,Weak
sigA-comA,sigA,comA,+,Weak
sigA-rimM,sigA,rimM,+,Weak
sigA-hutG,sigA,hutG,+,Weak
sigA-dnaN,sigA,dnaN,+,Weak
sigA-cycB,sigA,cycB,+,Weak
sigA-guaA,sigA,guaA,+,Weak
sigA-lytE,sigA,lytE,+,Weak
sigA-new_2273724_2273988_c,sigA,new_2273724_2273988_c,+,Weak
sigA-glmU,sigA,glmU,+,Weak
sigA-lytA,sigA,lytA,+,Weak
sigA-lytC,sigA,lytC,+,Weak
sigA-lytB,sigA,lytB,+,Weak
sigA-mreD,sigA,mreD,+,Weak
sigA-abf2,sigA,abf2,+,Weak
sigA-ywqD,sigA,ywqD,+,Weak
sigA-lytR,sigA,lytR,+,Weak
sigA-ctc,sigA,ctc,+,Weak
sigA-pbpD,sigA,pbpD,+,Weak
sigA-iolR,sigA,iolR,+,Weak
sigA-iolS,sigA,iolS,+,Weak
sigA-secY,sigA,secY,+,Weak
sigA-hprT,sigA,hprT,+,Weak
sigA-lmrB,sigA,lmrB,+,Weak
sigA-iolD,sigA,iolD,+,Weak
sigA-hprK,sigA,hprK,+,Weak
sigA-iolF,sigA,iolF,+,Weak
sigA-iolG,sigA,iolG,+,Weak
sigA-iolA,sigA,iolA,+,Weak
sigA-iolB,sigA,iolB,+,Weak
sigA-iolC,sigA,iolC,+,Weak
sigA-antE,sigA,antE,+,Weak
sigA-yqiH,sigA,yqiH,+,Weak
sigA-yqiK,sigA,yqiK,+,Weak
sigA-yaaB,sigA,yaaB,+,Weak
sigA-iolH,sigA,iolH,+,Weak
sigA-iolI,sigA,iolI,+,Weak
sigA-iolJ,sigA,iolJ,+,Weak
sigA-ysfE,sigA,ysfE,+,Weak
sigA-nadA,sigA,nadA,+,Weak
sigA-arsC,sigA,arsC,+,Weak
sigA-comX,sigA,comX,+,Weak
sigA-hmp,sigA,hmp,+,Weak
sigA-fapR,sigA,fapR,+,Weak
sigA-alsS,sigA,alsS,+,Weak
sigA-bmr,sigA,bmr,+,Weak
sigA-rpmH,sigA,rpmH,+,Weak
sigA-fliZ,sigA,fliZ,+,Weak
sigA-rpmJ,sigA,rpmJ,+,Weak
sigA-lctP,sigA,lctP,+,Weak
sigA-znuC,sigA,znuC,+,Weak
sigA-znuB,sigA,znuB,+,Weak
sigA-rpmC,sigA,rpmC,+,Weak
sigA-rpmD,sigA,rpmD,+,Weak
sigA-lgt,sigA,lgt,+,Weak
sigA-yotM,sigA,yotM,+,Weak
sigA-yotN,sigA,yotN,+,Weak
sigA-yotH,sigA,yotH,+,Weak
sigA-yotI,sigA,yotI,+,Weak
sigA-yotJ,sigA,yotJ,+,Weak
sigA-yotK,sigA,yotK,+,Weak
sigA-yotD,sigA,yotD,+,Weak
sigA-yuxK,sigA,yuxK,+,Weak
sigA-abfA,sigA,abfA,+,Weak
sigA-yotG,sigA,yotG,+,Weak
sigA-yuxO,sigA,yuxO,+,Weak
sigA-yotB,sigA,yotB,+,Weak
sigA-nusA,sigA,nusA,+,Weak
sigA-comQ,sigA,comQ,+,Weak
sigA-bltD,sigA,bltD,+,Weak
sigA-iolE,sigA,iolE,+,Weak
sigA-epsD,sigA,epsD,+,Weak
sigA-lepA,sigA,lepA,+,Weak
sigA-comS,sigA,comS,+,Weak
sigA-rsgI,sigA,rsgI,+,Weak
sigA-hupA,sigA,hupA,+,Weak
sigA-ykoL,sigA,ykoL,+,Weak
sigA-yqgH,sigA,yqgH,+,Weak
sigA-rtpA,sigA,rtpA,+,Weak
sigA-ypbS,sigA,ypbS,+,Weak
sigA-ypbR,sigA,ypbR,+,Weak
sigA-fabD,sigA,fabD,+,Weak
sigA-fabG,sigA,fabG,+,Weak
sigA-fabF,sigA,fabF,+,Weak
sigA-yllA,sigA,yllA,+,Weak
sigA-pdhA,sigA,pdhA,+,Weak
sigA-mcsA,sigA,mcsA,+,Weak
sigA-fabL,sigA,fabL,+,Weak
sigA-narG,sigA,narG,+,Weak
sigA-mcsB,sigA,mcsB,+,Weak
sigA-yqaF,sigA,yqaF,+,Weak
sigA-dus1,sigA,dus1,+,Weak
sigA-BSU_rRNA_19,sigA,BSU_rRNA_19,+,Weak
sigA-pdhC,sigA,pdhC,+,Weak
sigA-mta,sigA,mta,+,Weak
sigA-ylbP,sigA,ylbP,+,Weak
sigA-glnA,sigA,glnA,+,Weak
sigA-gpmI,sigA,gpmI,+,Weak
sigA-ureA,sigA,ureA,+,Weak
sigA-opuBA,sigA,opuBA,+,Weak
sigA-hrcA,sigA,hrcA,+,Weak
sigA-ansA,sigA,ansA,+,Weak
sigA-bacD,sigA,bacD,+,Weak
sigA-glnR,sigA,glnR,+,Weak
sigA-sat,sigA,sat,+,Weak
sigA-cysE,sigA,cysE,+,Weak
sigA-rbsC,sigA,rbsC,+,Weak
sigA-swrAA,sigA,swrAA,+,Weak
sigA-licH,sigA,licH,+,Weak
sigA-sdpR,sigA,sdpR,+,Weak
sigA-ackA,sigA,ackA,+,Weak
sigA-arsB,sigA,arsB,+,Weak
sigA-rpsD,sigA,rpsD,+,Weak
sigA-yvcP,sigA,yvcP,+,Weak
sigA-yvcQ,sigA,yvcQ,+,Weak
sigA-mecA,sigA,mecA,+,Weak
sigA-pssA,sigA,pssA,+,Weak
sigA-ydhF,sigA,ydhF,+,Weak
sigA-kdgR,sigA,kdgR,+,Weak
sigA-yvcI,sigA,yvcI,+,Weak
sigA-yvcJ,sigA,yvcJ,+,Weak
sigA-rocR,sigA,rocR,+,Weak
sigA-glxK,sigA,glxK,+,Weak
sigA-wapI,sigA,wapI,+,Weak
sigA-sdpI,sigA,sdpI,+,Weak
sigA-mtlA,sigA,mtlA,+,Weak
sigA-rsbRA,sigA,rsbRA,+,Weak
sigA-yvcD,sigA,yvcD,+,Weak
sigA-mtlF,sigA,mtlF,+,Weak
sigA-mtlD,sigA,mtlD,+,Weak
sigA-ykoP,sigA,ykoP,+,Weak
sigA-ssuD,sigA,ssuD,+,Weak
sigA-lutR,sigA,lutR,+,Weak
sigA-ssuA,sigA,ssuA,+,Weak
sigA-ssuC,sigA,ssuC,+,Weak
sigA-ssuB,sigA,ssuB,+,Weak
sigA-cspB,sigA,cspB,+,Weak
sigA-yflN,sigA,yflN,+,Weak
sigA-yflI,sigA,yflI,+,Weak
sigA-yflH,sigA,yflH,+,Weak
sigA-swrB,sigA,swrB,+,Weak
sigA-lutA,sigA,lutA,+,Weak
sigA-flgB,sigA,flgB,+,Weak
sigA-defA,sigA,defA,+,Weak
sigA-lutB,sigA,lutB,+,Weak
sigA-flgG,sigA,flgG,+,Weak
sigA-yydG,sigA,yydG,+,Weak
sigA-ywrC,sigA,ywrC,+,Weak
sigA-hpr,sigA,hpr,+,Weak
sigA-flgK,sigA,flgK,+,Weak
sigA-uxaA,sigA,uxaA,+,Weak
sigA-uxaB,sigA,uxaB,+,Weak
sigA-uxaC,sigA,uxaC,+,Weak
sigA-cca,sigA,cca,+,Weak
sigA-topB,sigA,topB,+,Weak
sigA-amyC,sigA,amyC,+,Weak
sigA-lcfB,sigA,lcfB,+,Weak
sigA-rsmB,sigA,rsmB,+,Weak
sigA-maeA,sigA,maeA,+,Weak
sigA-minC,sigA,minC,+,Weak
sigA-rpsF,sigA,rpsF,+,Weak
sigA-ldh,sigA,ldh,+,Weak
sigA-epsL,sigA,epsL,+,Weak
sigA-kduD,sigA,kduD,+,Weak
sigA-glsA1,sigA,glsA1,+,Weak
sigA-iscS1,sigA,iscS1,+,Weak
sigA-yqdA,sigA,yqdA,+,Weak
sigA-yoyC,sigA,yoyC,+,Weak
sigA-gutA,sigA,gutA,+,Weak
sigA-gutB,sigA,gutB,+,Weak
sigA-alsD,sigA,alsD,+,Weak
sigA-cssS,sigA,cssS,+,Weak
sigA-cssR,sigA,cssR,+,Weak
sigA-ylxX,sigA,ylxX,+,Weak
sigA-sufD,sigA,sufD,+,Weak
sigA-gmuB,sigA,gmuB,+,Weak
sigA-mreB,sigA,mreB,+,Weak
sigA-mreC,sigA,mreC,+,Weak
sigA-ywqF,sigA,ywqF,+,Weak
sigA-yczL,sigA,yczL,+,Weak
sigA-fumC,sigA,fumC,+,Weak
sigA-lmrA,sigA,lmrA,+,Weak
sigA-sufS,sigA,sufS,+,Weak
sigA-alkA,sigA,alkA,+,Weak
sigA-sufU,sigA,sufU,+,Weak
sigA-resB,sigA,resB,+,Weak
sigA-resC,sigA,resC,+,Weak
sigA-mtnK,sigA,mtnK,+,Weak
sigA-resA,sigA,resA,+,Weak
sigA-adk,sigA,adk,+,Weak
sigA-resD,sigA,resD,+,Weak
sigA-resE,sigA,resE,+,Weak
sigA-cheC,sigA,cheC,+,Weak
sigA-fliR,sigA,fliR,+,Weak
sigA-epsE,sigA,epsE,+,Weak
sigA-BSU_rRNA_20,sigA,BSU_rRNA_20,+,Weak
sigA-BSU_rRNA_21,sigA,BSU_rRNA_21,+,Weak
sigA-mtnX,sigA,mtnX,+,Weak
sigA-rnc,sigA,rnc,+,Weak
sigA-ccdC,sigA,ccdC,+,Weak
sigA-opuBC,sigA,opuBC,+,Weak
sigA-opuBB,sigA,opuBB,+,Weak
sigA-opuBD,sigA,opuBD,+,Weak
sigA-bshB1,sigA,bshB1,+,Weak
sigA-rpsJ,sigA,rpsJ,+,Weak
sigA-ptsI,sigA,ptsI,+,Weak
sigA-ptsH,sigA,ptsH,+,Weak
sigA-ychF,sigA,ychF,+,Weak
sigA-araQ,sigA,araQ,+,Weak
sigA-rpsH,sigA,rpsH,+,Weak
sigA-cadA,sigA,cadA,+,Weak
sigA-ptsG,sigA,ptsG,+,Weak
sigA-araR,sigA,araR,+,Weak
sigA-galE,sigA,galE,+,Weak
sigA-araP,sigA,araP,+,Weak
sigA-spoIIIE,sigA,spoIIIE,+,Weak
sigA-gamP,sigA,gamP,+,Weak
sigA-yydF,sigA,yydF,+,Weak
sigA-dppA,sigA,dppA,+,Weak
sigA-dppB,sigA,dppB,+,Weak
sigA-sumT,sigA,sumT,+,Weak
sigA-dppD,sigA,dppD,+,Weak
sigA-dppE,sigA,dppE,+,Weak
sigA-araB,sigA,araB,+,Weak
sigA-yotC,sigA,yotC,+,Weak
sigA-gamA,sigA,gamA,+,Weak
sigA-araE,sigA,araE,+,Weak
sigA-thrZ,sigA,thrZ,+,Weak
sigA-amyE,sigA,amyE,+,Weak
sigA-araN,sigA,araN,+,Weak
sigA-cheA,sigA,cheA,+,Weak
sigA-araL,sigA,araL,+,Weak
sigA-capC,sigA,capC,+,Weak
sigA-pstB2,sigA,pstB2,+,Weak
sigA-dppC,sigA,dppC,+,Weak
sigA-ynaJ,sigA,ynaJ,+,Weak
sigA-yvcN,sigA,yvcN,+,Weak
sigA-kdgK,sigA,kdgK,+,Weak
sigA-liaG,sigA,liaG,+,Weak
sigA-mleN,sigA,mleN,+,Weak
sigA-nadE,sigA,nadE,+,Weak
sigA-proI,sigA,proI,+,Weak
sigA-proH,sigA,proH,+,Weak
sigA-mtnN,sigA,mtnN,+,Weak
sigA-psd,sigA,psd,+,Weak
sigA-proB,sigA,proB,+,Weak
sigA-proA,sigA,proA,+,Weak
sigA-new_1399409_1400187,sigA,new_1399409_1400187,+,Weak
sigA-trpP,sigA,trpP,+,Weak
sigA-bacE,sigA,bacE,+,Weak
sigA-gbsB,sigA,gbsB,+,Weak
sigA-bacC,sigA,bacC,+,Weak
sigA-bacA,sigA,bacA,+,Weak
sigA-murB,sigA,murB,+,Weak
sigA-gyrA,sigA,gyrA,+,Weak
sigA-yxeQ,sigA,yxeQ,+,Weak
sigA-murG,sigA,murG,+,Weak
sigA-ydjE,sigA,ydjE,+,Weak
sigA-araA,sigA,araA,+,Weak
sigA-pbpF,sigA,pbpF,+,Weak
sigA-tyrS1,sigA,tyrS1,+,Weak
sigA-ywhA,sigA,ywhA,+,Weak
sigA-yaaA,sigA,yaaA,+,Weak
sigA-ylzI,sigA,ylzI,+,Weak
sigA-bglH,sigA,bglH,+,Weak
sigA-liaI,sigA,liaI,+,Weak
sigA-egsA,sigA,egsA,+,Weak
sigA-araD,sigA,araD,+,Weak
sigA-sirC,sigA,sirC,+,Weak
sigA-ytmO,sigA,ytmO,+,Weak
sigA-yrrT,sigA,yrrT,+,Weak
sigA-ribR,sigA,ribR,+,Weak
sigA-ribT,sigA,ribT,+,Weak
sigA-ycnK,sigA,ycnK,+,Weak
sigA-ribH,sigA,ribH,+,Weak
sigA-xynA,sigA,xynA,+,Weak
sigA-skfG,sigA,skfG,+,Weak
sigA-ykuN,sigA,ykuN,+,Weak
sigA-skfA,sigA,skfA,+,Weak
sigA-skfB,sigA,skfB,+,Weak
sigA-skfC,sigA,skfC,+,Weak
sigA-bglP,sigA,bglP,+,Weak
sigA-bglS,sigA,bglS,+,Weak
sigA-acoR,sigA,acoR,+,Weak
sigA-ribE,sigA,ribE,+,Weak
sigA-ribD,sigA,ribD,+,Weak
sigA-wprA,sigA,wprA,+,Weak
sigA-sufB,sigA,sufB,+,Weak
sigA-kdgT,sigA,kdgT,+,Weak
sigA-yvoD,sigA,yvoD,+,Weak
sigA-obg,sigA,obg,+,Weak
sigA-yvoF,sigA,yvoF,+,Weak
sigA-efeU,sigA,efeU,+,Weak
sigA-yvoA,sigA,yvoA,+,Weak
sigA-capA,sigA,capA,+,Weak
sigA-pheS,sigA,pheS,+,Weak
sigA-map,sigA,map,+,Weak
sigA-efeM,sigA,efeM,+,Weak
sigA-yabE,sigA,yabE,+,Weak
sigA-pheT,sigA,pheT,+,Weak
sigA-yfhQ,sigA,yfhQ,+,Weak
sigA-pyrK,sigA,pyrK,+,Weak
sigA-yueC,sigA,yueC,+,Weak
sigA-yueB,sigA,yueB,+,Weak
sigA-ykzW,sigA,ykzW,+,Weak
sigA-htpG,sigA,htpG,+,Weak
sigA-bshA,sigA,bshA,+,Weak
sigA-abnA,sigA,abnA,+,Weak
sigA-rnjA,sigA,rnjA,+,Weak
sigA-catD,sigA,catD,+,Weak
sigA-catE,sigA,catE,+,Weak
sigA-opuD,sigA,opuD,+,Weak
sigA-BSU_CDS_3119273,sigA,BSU_CDS_3119273,+,Weak
sigA-flgM,sigA,flgM,+,Weak
sigA-feuC,sigA,feuC,+,Weak
sigA-ywqC,sigA,ywqC,+,Weak
sigA-pabC,sigA,pabC,+,Weak
sigA-pabB,sigA,pabB,+,Weak
sigA-pabA,sigA,pabA,+,Weak
sigA-pyrF,sigA,pyrF,+,Weak
sigA-amhX,sigA,amhX,+,Weak
sigA-comGD,sigA,comGD,+,Weak
sigA-ywqE,sigA,ywqE,+,Weak
sigA-ymaB,sigA,ymaB,+,Weak
sigA-ywrA,sigA,ywrA,+,Weak
sigA-tetB,sigA,tetB,+,Weak
sigA-rplX,sigA,rplX,+,Weak
sigA-yxiE,sigA,yxiE,+,Weak
sigA-pyrC,sigA,pyrC,+,Weak
sigA-yqxM,sigA,yqxM,+,Weak
sigA-lysS,sigA,lysS,+,Weak
sigA-kapB,sigA,kapB,+,Weak
sigA-trmFO,sigA,trmFO,+,Weak
sigA-rnjB,sigA,rnjB,+,Weak
sigA-tadA,sigA,tadA,+,Weak
sigA-sdhC,sigA,sdhC,+,Weak
sigA-xpt,sigA,xpt,+,Weak
sigA-rlmN,sigA,rlmN,+,Weak
sigA-fliY,sigA,fliY,+,Weak
sigA-yhdF,sigA,yhdF,+,Weak
sigA-mtrB,sigA,mtrB,+,Weak
sigA-yhdK,sigA,yhdK,+,Weak
sigA-rplR,sigA,rplR,+,Weak
sigA-fliW,sigA,fliW,+,Weak
sigA-fmt,sigA,fmt,+,Weak
sigA-fliQ,sigA,fliQ,+,Weak
sigA-fliP,sigA,fliP,+,Weak
sigA-infA,sigA,infA,+,Weak
sigA-yhdL,sigA,yhdL,+,Weak
sigA-fliM,sigA,fliM,+,Weak
sigA-fliL,sigA,fliL,+,Weak
sigA-yukE,sigA,yukE,+,Weak
sigA-pckA,sigA,pckA,+,Weak
sigA-yukC,sigA,yukC,+,Weak
sigA-yukB,sigA,yukB,+,Weak
sigA-fliK,sigA,fliK,+,Weak
sigA-fliJ,sigA,fliJ,+,Weak
sigA-fliE,sigA,fliE,+,Weak
sigA-glpQ,sigA,glpQ,+,Weak
sigA-fliG,sigA,fliG,+,Weak
sigA-fliF,sigA,fliF,+,Weak
sigA-yclF,sigA,yclF,+,Weak
sigA-ppaX,sigA,ppaX,+,Weak
sigA-rbsB,sigA,rbsB,+,Weak
sigA-amyD,sigA,amyD,+,Weak
sigA-ywcE,sigA,ywcE,+,Weak
sigA-ywcH,sigA,ywcH,+,Weak
sigA-rsbS,sigA,rsbS,+,Weak
sigA-abn2,sigA,abn2,+,Weak
sigA-rsbW,sigA,rsbW,+,Weak
sigA-rsbV,sigA,rsbV,+,Weak
sigA-rsbU,sigA,rsbU,+,Weak
sigA-rsbT,sigA,rsbT,+,Weak
sigA-lon1,sigA,lon1,+,Weak
sigA-azr,sigA,azr,+,Weak
sigA-rsbX,sigA,rsbX,+,Weak
sigA-proJ,sigA,proJ,+,Weak
sigA-exuT,sigA,exuT,+,Weak
sigA-ahpF,sigA,ahpF,+,Weak
sigA-cstA,sigA,cstA,+,Weak
sigA-ktrC,sigA,ktrC,+,Weak
sigA-ygaN,sigA,ygaN,+,Weak
sigA-exuR,sigA,exuR,+,Weak
sigA-ytrA,sigA,ytrA,+,Weak
sigA-lrpC,sigA,lrpC,+,Weak
sigA-ytrC,sigA,ytrC,+,Weak
sigA-ytrB,sigA,ytrB,+,Weak
sigA-ytrE,sigA,ytrE,+,Weak
sigA-tuaH,sigA,tuaH,+,Weak
sigA-ytrF,sigA,ytrF,+,Weak
sigA-punA,sigA,punA,+,Weak
sigA-ylxP,sigA,ylxP,+,Weak
sigA-ycgM,sigA,ycgM,+,Weak
sigA-ponA,sigA,ponA,+,Weak
sigA-yxaB,sigA,yxaB,+,Weak
sigA-yufP,sigA,yufP,+,Weak
sigA-yufQ,sigA,yufQ,+,Weak
sigA-qcrA,sigA,qcrA,+,Weak
sigA-yfkH,sigA,yfkH,+,Weak
sigA-yfkI,sigA,yfkI,+,Weak
sigA-tatC1,sigA,tatC1,+,Weak
sigA-yfkO,sigA,yfkO,+,Weak
sigA-ylxW,sigA,ylxW,+,Weak
sigA-ypjD,sigA,ypjD,+,Weak
sigA-glpF,sigA,glpF,+,Weak
sigA-thrS,sigA,thrS,+,Weak
sigA-pbuX,sigA,pbuX,+,Weak
sigA-ycgO,sigA,ycgO,+,Weak
sigA-ycgN,sigA,ycgN,+,Weak
sigA-pheA,sigA,pheA,+,Weak
sigA-feuA,sigA,feuA,+,Weak
sigA-ytrD,sigA,ytrD,+,Weak
sigA-icd,sigA,icd,+,Weak
sigA-yufN,sigA,yufN,+,Weak
sigA-yufO,sigA,yufO,+,Weak
sigA-yqaI,sigA,yqaI,+,Weak
sigA-yqaH,sigA,yqaH,+,Weak
sigA-yqaK,sigA,yqaK,+,Weak
sigA-yqaJ,sigA,yqaJ,+,Weak
sigA-yqaM,sigA,yqaM,+,Weak
sigA-yqaL,sigA,yqaL,+,Weak
sigA-yqaN,sigA,yqaN,+,Weak
sigA-tuaF,sigA,tuaF,+,Weak
sigA-pyrR,sigA,pyrR,+,Weak
sigA-yqaG,sigA,yqaG,+,Weak
sigA-pyrP,sigA,pyrP,+,Weak
sigA-nasB,sigA,nasB,+,Weak
sigA-nasC,sigA,nasC,+,Weak
sigA-nasF,sigA,nasF,+,Weak
sigA-tuaD,sigA,tuaD,+,Weak
sigA-nasD,sigA,nasD,+,Weak
sigA-nasE,sigA,nasE,+,Weak
sigA-pyrG,sigA,pyrG,+,Weak
sigA-adaA,sigA,adaA,+,Weak
sigA-pyrE,sigA,pyrE,+,Weak
sigA-pyrD,sigA,pyrD,+,Weak
sigA-acsA,sigA,acsA,+,Weak
sigA-pyrB,sigA,pyrB,+,Weak
sigA-nrdE,sigA,nrdE,+,Weak
sigA-spo0A,sigA,spo0A,+,Weak
sigA-glpT,sigA,glpT,+,Weak
sigA-ytkD,sigA,ytkD,+,Weak
sigA-spo0B,sigA,spo0B,+,Weak
sigA-spo0E,sigA,spo0E,+,Weak
sigA-glpP,sigA,glpP,+,Weak
sigA-rsmE,sigA,rsmE,+,Weak
sigA-spo0F,sigA,spo0F,+,Weak
sigA-zosA,sigA,zosA,+,Weak
sigA-gbsA,sigA,gbsA,+,Weak
sigA-mccB,sigA,mccB,+,Weak
sigA-glpD,sigA,glpD,+,Weak
sigA-phoB,sigA,phoB,+,Weak
sigA-BSU_misc_RNA_72,sigA,BSU_misc_RNA_72,+,Weak
sigA-nrdI,sigA,nrdI,+,Weak
sigA-ansZ,sigA,ansZ,+,Weak
sigA-ansB,sigA,ansB,+,Weak
sigA-ycgP,sigA,ycgP,+,Weak
sigA-mgsA,sigA,mgsA,+,Weak
sigA-capB,sigA,capB,+,Weak
sigA-glpK,sigA,glpK,+,Weak
sigB-cdd,sigB,cdd,+,Weak
sigB-yoaA,sigB,yoaA,+,Weak
sigB-ydzE,sigB,ydzE,+,Weak
sigB-aldY,sigB,aldY,+,Weak
sigB-yerD,sigB,yerD,+,Weak
sigB-yxbG,sigB,yxbG,+,Weak
sigB-rnr,sigB,rnr,+,Weak
sigB-menE,sigB,menE,+,Weak
sigB-nnrD,sigB,nnrD,+,Weak
sigB-yuzA,sigB,yuzA,+,Weak
sigB-ydeC,sigB,ydeC,+,Weak
sigB-katX,sigB,katX,+,Weak
sigB-yoxC,sigB,yoxC,+,Weak
sigB-yjbC,sigB,yjbC,+,Weak
sigB-clpP,sigB,clpP,+,Weak
sigB-yczO,sigB,yczO,+,Weak
sigB-disA,sigB,disA,+,Weak
sigB-yfkS,sigB,yfkS,+,Weak
sigB-clpC,sigB,clpC,+,Weak
sigB-katE,sigB,katE,+,Weak
sigB-ymzB,sigB,ymzB,+,Weak
sigB-rpmE2,sigB,rpmE2,+,Weak
sigB-csbA,sigB,csbA,+,Weak
sigB-csbB,sigB,csbB,+,Weak
sigB-BSU23330,sigB,BSU23330,+,Weak
sigB-csbD,sigB,csbD,+,Weak
sigB-yitT,sigB,yitT,+,Weak
sigB-yycD,sigB,yycD,+,Weak
sigB-yvyD,sigB,yvyD,+,Weak
sigB-yxzF,sigB,yxzF,+,Weak
sigB-ohrB,sigB,ohrB,+,Weak
sigB-plsC,sigB,plsC,+,Weak
sigB-yhxD,sigB,yhxD,+,Weak
sigB-csbX,sigB,csbX,+,Weak
sigB-yebE,sigB,yebE,+,Weak
sigB-yoxB,sigB,yoxB,+,Weak
sigB-yebG,sigB,yebG,+,Weak
sigB-new_3708133_3708785,sigB,new_3708133_3708785,+,Weak
sigB-gspA,sigB,gspA,+,Weak
sigB-dps,sigB,dps,+,Weak
sigB-yugU,sigB,yugU,+,Weak
sigB-yyzG,sigB,yyzG,+,Weak
sigB-yyzH,sigB,yyzH,+,Weak
sigB-ydbD,sigB,ydbD,+,Weak
sigB-nadE,sigB,nadE,+,Weak
sigB-bofC,sigB,bofC,+,Weak
sigB-yxjI,sigB,yxjI,+,Weak
sigB-yybO,sigB,yybO,+,Weak
sigB-spoVC,sigB,spoVC,+,Weak
sigB-yacL,sigB,yacL,+,Weak
sigB-yocK,sigB,yocK,+,Weak
sigB-ycdG,sigB,ycdG,+,Weak
sigB-radA,sigB,radA,+,Weak
sigB-nhaX,sigB,nhaX,+,Weak
sigB-yisP,sigB,yisP,+,Weak
sigB-dctB,sigB,dctB,+,Weak
sigB-ywzA,sigB,ywzA,+,Weak
sigB-yqzL,sigB,yqzL,+,Weak
sigB-luxS,sigB,luxS,+,Weak
sigB-gtaB,sigB,gtaB,+,Weak
sigB-est,sigB,est,+,Weak
sigB-ytfP,sigB,ytfP,+,Weak
sigB-phoR,sigB,phoR,+,Weak
sigB-rbfA,sigB,rbfA,+,Weak
sigB-rsbX,sigB,rsbX,+,Weak
sigB-ywsA,sigB,ywsA,+,Weak
sigB-ycbP,sigB,ycbP,+,Weak
sigB-ywsB,sigB,ywsB,+,Weak
sigB-rsbV,sigB,rsbV,+,Weak
sigB-rsbW,sigB,rsbW,+,Weak
sigB-menC,sigB,menC,+,Weak
sigB-ywjB,sigB,ywjB,+,Weak
sigB-ywjC,sigB,ywjC,+,Weak
sigB-ywjA,sigB,ywjA,+,Weak
sigB-BSU23329,sigB,BSU23329,+,Weak
sigB-rsbU,sigB,rsbU,+,Weak
sigB-yhcM,sigB,yhcM,+,Weak
sigB-iolW,sigB,iolW,+,Weak
sigB-sodA,sigB,sodA,+,Weak
sigB-yvgN,sigB,yvgN,+,Weak
sigB-yvgO,sigB,yvgO,+,Weak
sigB-ybyB,sigB,ybyB,+,Weak
sigB-yfhK,sigB,yfhK,+,Weak
sigB-ykzI,sigB,ykzI,+,Weak
sigB-yfhM,sigB,yfhM,+,Weak
sigB-corA,sigB,corA,+,Weak
sigB-yfhO,sigB,yfhO,+,Weak
sigB-bmrU,sigB,bmrU,+,Weak
sigB-ykzC,sigB,ykzC,+,Weak
sigB-yjzE,sigB,yjzE,+,Weak
sigB-ydaG,sigB,ydaG,+,Weak
sigB-yuzH,sigB,yuzH,+,Weak
sigB-yfhD,sigB,yfhD,+,Weak
sigB-yfhF,sigB,yfhF,+,Weak
sigB-rimP,sigB,rimP,+,Weak
sigB-yxlJ,sigB,yxlJ,+,Weak
sigB-ywiE,sigB,ywiE,+,Weak
sigB-ctc,sigB,ctc,+,Weak
sigB-ispD,sigB,ispD,+,Weak
sigB-yjiC,sigB,yjiC,+,Weak
sigB-ispF,sigB,ispF,+,Weak
sigB-yabK,sigB,yabK,+,Weak
sigB-yxnA,sigB,yxnA,+,Weak
sigB-ysdB,sigB,ysdB,+,Weak
sigB-opuD,sigB,opuD,+,Weak
sigB-opuE,sigB,opuE,+,Weak
sigB-pgl,sigB,pgl,+,Weak
sigB-ipi,sigB,ipi,+,Weak
sigB-spxA,sigB,spxA,+,Weak
sigB-new_3460206_3462957,sigB,new_3460206_3462957,+,Weak
sigB-ykuT,sigB,ykuT,+,Weak
sigB-ywlB,sigB,ywlB,+,Weak
sigB-ymaE,sigB,ymaE,+,Weak
sigB-BSU35699,sigB,BSU35699,+,Weak
sigB-ydaP,sigB,ydaP,+,Weak
sigB-guaD,sigB,guaD,+,Weak
sigB-ydaD,sigB,ydaD,+,Weak
sigB-ydaE,sigB,ydaE,+,Weak
sigB-ydaF,sigB,ydaF,+,Weak
sigB-yxiS,sigB,yxiS,+,Weak
sigB-ydaJ,sigB,ydaJ,+,Weak
sigB-ydaK,sigB,ydaK,+,Weak
sigB-ydaL,sigB,ydaL,+,Weak
sigB-ydaM,sigB,ydaM,+,Weak
sigB-ydaN,sigB,ydaN,+,Weak
sigB-yceC,sigB,yceC,+,Weak
sigB-yaaH,sigB,yaaH,+,Weak
sigB-ydaS,sigB,ydaS,+,Weak
sigB-ydaT,sigB,ydaT,+,Weak
sigB-yceF,sigB,yceF,+,Weak
sigB-yceE,sigB,yceE,+,Weak
sigB-yceD,sigB,yceD,+,Weak
sigB-yceG,sigB,yceG,+,Weak
sigB-yceH,sigB,yceH,+,Weak
sigB-phoP,sigB,phoP,+,Weak
sigB-smpB,sigB,smpB,+,Weak
sigB-yocB,sigB,yocB,+,Weak
sigB-BSU07735,sigB,BSU07735,+,Weak
sigB-yhdF,sigB,yhdF,+,Weak
sigB-ydaC,sigB,ydaC,+,Weak
sigB-infB,sigB,infB,+,Weak
sigB-bmr,sigB,bmr,+,Weak
sigB-rplGA,sigB,rplGA,+,Weak
sigB-mhqP,sigB,mhqP,+,Weak
sigB-ykzN,sigB,ykzN,+,Weak
sigB-ytiB,sigB,ytiB,+,Weak
sigB-recO,sigB,recO,+,Weak
sigB-ytxJ,sigB,ytxJ,+,Weak
sigB-new_3035475_3036308_c,sigB,new_3035475_3036308_c,+,Weak
sigB-yqhP,sigB,yqhP,+,Weak
sigB-yqhQ,sigB,yqhQ,+,Weak
sigB-yjgB,sigB,yjgB,+,Weak
sigB-yjgC,sigB,yjgC,+,Weak
sigB-ytxG,sigB,ytxG,+,Weak
sigB-nusA,sigB,nusA,+,Weak
sigB-rsbS,sigB,rsbS,+,Weak
sigB-ytaB,sigB,ytaB,+,Weak
sigB-yqhB,sigB,yqhB,+,Weak
sigB-era,sigB,era,+,Weak
sigB-ycdF,sigB,ycdF,+,Weak
sigB-rsbT,sigB,rsbT,+,Weak
sigB-BSU_misc_RNA_55,sigB,BSU_misc_RNA_55,+,Weak
sigB-mhqO,sigB,mhqO,+,Weak
sigB-spo0E,sigB,spo0E,+,Weak
sigB-mapB,sigB,mapB,+,Weak
sigB-ytxH,sigB,ytxH,+,Weak
sigB-cypC,sigB,cypC,+,Weak
sigB-yfhE,sigB,yfhE,+,Weak
sigB-dacC,sigB,dacC,+,Weak
sigB-suhB,sigB,suhB,+,Weak
sigB-yflH,sigB,yflH,+,Weak
sigB-ywmE,sigB,ywmE,+,Weak
sigB-ygxB,sigB,ygxB,+,Weak
sigB-trxA,sigB,trxA,+,Weak
sigB-mcsA,sigB,mcsA,+,Weak
sigB-yjgD,sigB,yjgD,+,Weak
sigB-bmrR,sigB,bmrR,+,Weak
sigB-yvbG,sigB,yvbG,+,Weak
sigB-yaaI,sigB,yaaI,+,Weak
sigB-ykgA,sigB,ykgA,+,Weak
sigB-csbC,sigB,csbC,+,Weak
sigB-mcsB,sigB,mcsB,+,Weak
sigB-yfkD,sigB,yfkD,+,Weak
sigB-yflT,sigB,yflT,+,Weak
sigB-yfkH,sigB,yfkH,+,Weak
sigB-yfkI,sigB,yfkI,+,Weak
sigB-yfkJ,sigB,yfkJ,+,Weak
sigB-ypuD,sigB,ypuD,+,Weak
sigB-yfkM,sigB,yfkM,+,Weak
sigB-yfkQ,sigB,yfkQ,+,Weak
sigB-yfkR,sigB,yfkR,+,Weak
sigB-new_3036310_3036529_c,sigB,new_3036310_3036529_c,+,Weak
sigB-yfkT,sigB,yfkT,+,Weak
sigB-galM,sigB,galM,+,Weak
sigB-yraA,sigB,yraA,+,Weak
sigB-ydhK,sigB,ydhK,+,Weak
sigB-secG,sigB,secG,+,Weak
sigB-gsiB,sigB,gsiB,+,Weak
sigB-yxjJ,sigB,yxjJ,+,Weak
sigB-yxaB,sigB,yxaB,+,Weak
sigB-yhdN,sigB,yhdN,+,Weak
sigB-yjiB,sigB,yjiB,+,Weak
sigB-sigB,sigB,sigB,+,Weak
sigB-glxK,sigB,glxK,+,Weak
sigB-gabD,sigB,gabD,+,Weak
sigB-rsbRA,sigB,rsbRA,+,Weak
sigB-chaA,sigB,chaA,+,Weak
sigB-rsbRD,sigB,rsbRD,+,Weak
sigB-yflD,sigB,yflD,+,Weak
sigB-yflA,sigB,yflA,+,Weak
sigB-ytkC,sigB,ytkC,+,Weak
sigB-ylxR,sigB,ylxR,+,Weak
sigB-ywmF,sigB,ywmF,+,Weak
sigB-ytkL,sigB,ytkL,+,Weak
sigB-yflI,sigB,yflI,+,Weak
sigB-ytkK,sigB,ytkK,+,Weak
sigB-yvrE,sigB,yvrE,+,Weak
sigB-mgsR,sigB,mgsR,+,Weak
sigB-ysnF,sigB,ysnF,+,Weak
sigB-yydC,sigB,yydC,+,Weak
sigB-ylxP,sigB,ylxP,+,Weak
sigB-yqjL,sigB,yqjL,+,Weak
sigB-ctsR,sigB,ctsR,+,Weak
sigB-ywtG,sigB,ywtG,+,Weak
sigB-ypuB,sigB,ypuB,+,Weak
sigB-yfhL,sigB,yfhL,+,Weak
sigE-prpD,sigE,prpD,+,Weak
sigE-prpB,sigE,prpB,+,Weak
sigE-scoB,sigE,scoB,+,Weak
sigE-scoA,sigE,scoA,+,Weak
sigE-spmA,sigE,spmA,+,Weak
sigE-murD,sigE,murD,+,Weak
sigE-yusR,sigE,yusR,+,Weak
sigE-spoIVFA,sigE,spoIVFA,+,Weak
sigE-spoIVFB,sigE,spoIVFB,+,Weak
sigE-yoaW,sigE,yoaW,+,Weak
sigE-yusQ,sigE,yusQ,+,Weak
sigE-yngHB,sigE,yngHB,+,Weak
sigE-spmB,sigE,spmB,+,Weak
sigE-ylmC,sigE,ylmC,+,Weak
sigE-ctaA,sigE,ctaA,+,Weak
sigE-alr2,sigE,alr2,+,Weak
sigE-mutM,sigE,mutM,+,Weak
sigE-ctpB,sigE,ctpB,+,Weak
sigE-yhjQ,sigE,yhjQ,+,Weak
sigE-yhjR,sigE,yhjR,+,Weak
sigE-cotV,sigE,cotV,+,Weak
sigE-yndA,sigE,yndA,+,Weak
sigE-divIB,sigE,divIB,+,Weak
sigE-spoIIID,sigE,spoIIID,+,Weak
sigE-asnO,sigE,asnO,+,Weak
sigE-yhxC,sigE,yhxC,+,Weak
sigE-yitD,sigE,yitD,+,Weak
sigE-ylxX,sigE,ylxX,+,Weak
sigE-spoIVA,sigE,spoIVA,+,Weak
sigE-ydjO,sigE,ydjO,+,Weak
sigE-divIC,sigE,divIC,+,Weak
sigE-cotW,sigE,cotW,+,Weak
sigE-cotT,sigE,cotT,+,Weak
sigE-yjcA,sigE,yjcA,+,Weak
sigE-yugU,sigE,yugU,+,Weak
sigE-ysxE,sigE,ysxE,+,Weak
sigE-spoVR,sigE,spoVR,+,Weak
sigE-yotK,sigE,yotK,+,Weak
sigE-cotZ,sigE,cotZ,+,Weak
sigE-cotX,sigE,cotX,+,Weak
sigE-safA,sigE,safA,+,Weak
sigE-spoVK,sigE,spoVK,+,Weak
sigE-cotG,sigE,cotG,+,Weak
sigE-bofA,sigE,bofA,+,Weak
sigE-cotE,sigE,cotE,+,Weak
sigE-cotB,sigE,cotB,+,Weak
sigE-yhcO,sigE,yhcO,+,Weak
sigE-spoVM,sigE,spoVM,+,Weak
sigE-yotE,sigE,yotE,+,Weak
sigE-cotO,sigE,cotO,+,Weak
sigE-yxjF,sigE,yxjF,+,Weak
sigE-stoA,sigE,stoA,+,Weak
sigE-spoVE,sigE,spoVE,+,Weak
sigE-spoVD,sigE,spoVD,+,Weak
sigE-yisY,sigE,yisY,+,Weak
sigE-yheC,sigE,yheC,+,Weak
sigE-yheD,sigE,yheD,+,Weak
sigE-yocL,sigE,yocL,+,Weak
sigE-cse60,sigE,cse60,+,Weak
sigE-mmgD,sigE,mmgD,+,Weak
sigE-ytvI,sigE,ytvI,+,Weak
sigE-mmgB,sigE,mmgB,+,Weak
sigE-mmgA,sigE,mmgA,+,Weak
sigE-spoIIIAF,sigE,spoIIIAF,+,Weak
sigE-cotY,sigE,cotY,+,Weak
sigE-yckC,sigE,yckC,+,Weak
sigE-yesJ,sigE,yesJ,+,Weak
sigE-yosX,sigE,yosX,+,Weak
sigE-yeaA,sigE,yeaA,+,Weak
sigE-ypqA,sigE,ypqA,+,Weak
sigE-yybI,sigE,yybI,+,Weak
sigE-yodT,sigE,yodT,+,Weak
sigE-murB,sigE,murB,+,Weak
sigE-bdbC,sigE,bdbC,+,Weak
sigE-yusS,sigE,yusS,+,Weak
sigE-yodQ,sigE,yodQ,+,Weak
sigE-yodR,sigE,yodR,+,Weak
sigE-yodS,sigE,yodS,+,Weak
sigE-ymxH,sigE,ymxH,+,Weak
sigE-accC2,sigE,accC2,+,Weak
sigE-med,sigE,med,+,Weak
sigE-sbp,sigE,sbp,+,Weak
sigE-yesK,sigE,yesK,+,Weak
sigE-uxuA,sigE,uxuA,+,Weak
sigE-uxuB,sigE,uxuB,+,Weak
sigE-yhbB,sigE,yhbB,+,Weak
sigE-yhbH,sigE,yhbH,+,Weak
sigE-spsL,sigE,spsL,+,Weak
sigE-yodP,sigE,yodP,+,Weak
sigE-yxeD,sigE,yxeD,+,Weak
sigE-spsK,sigE,spsK,+,Weak
sigE-spsD,sigE,spsD,+,Weak
sigE-ynzB,sigE,ynzB,+,Weak
sigE-spsF,sigE,spsF,+,Weak
sigE-spsG,sigE,spsG,+,Weak
sigE-spsA,sigE,spsA,+,Weak
sigE-spsB,sigE,spsB,+,Weak
sigE-spsC,sigE,spsC,+,Weak
sigE-yabP,sigE,yabP,+,Weak
sigE-yabQ,sigE,yabQ,+,Weak
sigE-kamA,sigE,kamA,+,Weak
sigE-cotM,sigE,cotM,+,Weak
sigE-yokU,sigE,yokU,+,Weak
sigE-yuzC,sigE,yuzC,+,Weak
sigE-ylbJ,sigE,ylbJ,+,Weak
sigE-yuzH,sigE,yuzH,+,Weak
sigE-ylbO,sigE,ylbO,+,Weak
sigE-yizD,sigE,yizD,+,Weak
sigE-cotH,sigE,cotH,+,Weak
sigE-yfhS,sigE,yfhS,+,Weak
sigE-comB,sigE,comB,+,Weak
sigE-ywrJ,sigE,ywrJ,+,Weak
sigE-yabM,sigE,yabM,+,Weak
sigE-yabN,sigE,yabN,+,Weak
sigE-yabO,sigE,yabO,+,Weak
sigE-mbl,sigE,mbl,+,Weak
sigE-ytrI,sigE,ytrI,+,Weak
sigE-bdbD,sigE,bdbD,+,Weak
sigE-pdaB,sigE,pdaB,+,Weak
sigE-gerM,sigE,gerM,+,Weak
sigE-yqxA,sigE,yqxA,+,Weak
sigE-gerQ,sigE,gerQ,+,Weak
sigE-ydjP,sigE,ydjP,+,Weak
sigE-citN,sigE,citN,+,Weak
sigE-spsE,sigE,spsE,+,Weak
sigE-BSU26390,sigE,BSU26390,+,Weak
sigE-nucB,sigE,nucB,+,Weak
sigE-tgl,sigE,tgl,+,Weak
sigE-usd,sigE,usd,+,Weak
sigE-mraY,sigE,mraY,+,Weak
sigE-yjfA,sigE,yjfA,+,Weak
sigE-cotJA,sigE,cotJA,+,Weak
sigE-cotJC,sigE,cotJC,+,Weak
sigE-cotJB,sigE,cotJB,+,Weak
sigE-yaaH,sigE,yaaH,+,Weak
sigE-polA,sigE,polA,+,Weak
sigE-sqhC,sigE,sqhC,+,Weak
sigE-G8J2-20,sigE,G8J2-20,+,Weak
sigE-yjmD,sigE,yjmD,+,Weak
sigE-murE,sigE,murE,+,Weak
sigE-BSU25760,sigE,BSU25760,+,Weak
sigE-phoR,sigE,phoR,+,Weak
sigE-yyaD,sigE,yyaD,+,Weak
sigE-mmgC,sigE,mmgC,+,Weak
sigE-yxjC,sigE,yxjC,+,Weak
sigE-mciZ,sigE,mciZ,+,Weak
sigE-rmlA,sigE,rmlA,+,Weak
sigE-comZ,sigE,comZ,+,Weak
sigE-yfnH,sigE,yfnH,+,Weak
sigE-yfnG,sigE,yfnG,+,Weak
sigE-yfnF,sigE,yfnF,+,Weak
sigE-yfnE,sigE,yfnE,+,Weak
sigE-yfnD,sigE,yfnD,+,Weak
sigE-cisA,sigE,cisA,+,Weak
sigE-rfbB,sigE,rfbB,+,Weak
sigE-yqhV,sigE,yqhV,+,Weak
sigE-yotM,sigE,yotM,+,Weak
sigE-yotN,sigE,yotN,+,Weak
sigE-ywcB,sigE,ywcB,+,Weak
sigE-yotH,sigE,yotH,+,Weak
sigE-yotI,sigE,yotI,+,Weak
sigE-yotJ,sigE,yotJ,+,Weak
sigE-spoVID,sigE,spoVID,+,Weak
sigE-ytxC,sigE,ytxC,+,Weak
sigE-spoIIIAA,sigE,spoIIIAA,+,Weak
sigE-spoIIIAB,sigE,spoIIIAB,+,Weak
sigE-spoIIIAC,sigE,spoIIIAC,+,Weak
sigE-spoIIIAD,sigE,spoIIIAD,+,Weak
sigE-spoIIIAE,sigE,spoIIIAE,+,Weak
sigE-yotB,sigE,yotB,+,Weak
sigE-spoIIIAG,sigE,spoIIIAG,+,Weak
sigE-yngI,sigE,yngI,+,Weak
sigE-ytaF,sigE,ytaF,+,Weak
sigE-yngE,sigE,yngE,+,Weak
sigE-yngF,sigE,yngF,+,Weak
sigE-yngG,sigE,yngG,+,Weak
sigE-sodF,sigE,sodF,+,Weak
sigE-yabR,sigE,yabR,+,Weak
sigE-exuT,sigE,exuT,+,Weak
sigE-ytrH,sigE,ytrH,+,Weak
sigE-glgB,sigE,glgB,+,Weak
sigE-glgC,sigE,glgC,+,Weak
sigE-glgD,sigE,glgD,+,Weak
sigE-ywcA,sigE,ywcA,+,Weak
sigE-exuR,sigE,exuR,+,Weak
sigE-phoP,sigE,phoP,+,Weak
sigE-cspR,sigE,cspR,+,Weak
sigE-dacB,sigE,dacB,+,Weak
sigE-yjmC,sigE,yjmC,+,Weak
sigE-glgA,sigE,glgA,+,Weak
sigE-glgP,sigE,glgP,+,Weak
sigE-yqkF,sigE,yqkF,+,Weak
sigE-yrzE,sigE,yrzE,+,Weak
sigE-spoVB,sigE,spoVB,+,Weak
sigE-murG,sigE,murG,+,Weak
sigE-yunB,sigE,yunB,+,Weak
sigE-csk22,sigE,csk22,+,Weak
sigE-yotD,sigE,yotD,+,Weak
sigE-prkA,sigE,prkA,+,Weak
sigE-glnH,sigE,glnH,+,Weak
sigE-glnM,sigE,glnM,+,Weak
sigE-ydcC,sigE,ydcC,+,Weak
sigE-ydcA,sigE,ydcA,+,Weak
sigE-ylxW,sigE,ylxW,+,Weak
sigE-ykvU,sigE,ykvU,+,Weak
sigE-coxA,sigE,coxA,+,Weak
sigE-ypjB,sigE,ypjB,+,Weak
sigE-yjdH,sigE,yjdH,+,Weak
sigE-glnQ,sigE,glnQ,+,Weak
sigE-glnP,sigE,glnP,+,Weak
sigE-yrrS,sigE,yrrS,+,Weak
sigE-ycgG,sigE,ycgG,+,Weak
sigE-spoIID,sigE,spoIID,+,Weak
sigE-ybaK,sigE,ybaK,+,Weak
sigE-spoIIM,sigE,spoIIM,+,Weak
sigE-ydhF,sigE,ydhF,+,Weak
sigE-ydhD,sigE,ydhD,+,Weak
sigE-spoIIP,sigE,spoIIP,+,Weak
sigE-coaE,sigE,coaE,+,Weak
sigE-yotC,sigE,yotC,+,Weak
sigE-yjaV,sigE,yjaV,+,Weak
sigE-yotF,sigE,yotF,+,Weak
sigE-cse15,sigE,cse15,+,Weak
sigE-spoIIIAH,sigE,spoIIIAH,+,Weak
sigE-cwlD,sigE,cwlD,+,Weak
sigE-ispG,sigE,ispG,+,Weak
sigE-yhaX,sigE,yhaX,+,Weak
sigE-yngJ,sigE,yngJ,+,Weak
sigE-yqfZ,sigE,yqfZ,+,Weak
sigE-yozE,sigE,yozE,+,Weak
sigE-cwlJ,sigE,cwlJ,+,Weak
sigE-ykvI,sigE,ykvI,+,Weak
sigE-yhaL,sigE,yhaL,+,Weak
sigE-yppG,sigE,yppG,+,Weak
sigE-ysnD,sigE,ysnD,+,Weak
sigE-phoB,sigE,phoB,+,Weak
sigE-yqfD,sigE,yqfD,+,Weak
sigE-uxaA,sigE,uxaA,+,Weak
sigE-uxaB,sigE,uxaB,+,Weak
sigE-pbpI,sigE,pbpI,+,Weak
sigE-yotG,sigE,yotG,+,Weak
sigE-yqfC,sigE,yqfC,+,Weak
sigD-xkdA,sigD,xkdA,+,Weak
sigD-ytlR,sigD,ytlR,+,Weak
sigD-ytlQ,sigD,ytlQ,+,Weak
sigD-ytlP,sigD,ytlP,+,Weak
sigD-yoaH,sigD,yoaH,+,Weak
sigD-dltA,sigD,dltA,+,Weak
sigD-BSU_misc_RNA_82,sigD,BSU_misc_RNA_82,+,Weak
sigD-yoyG,sigD,yoyG,+,Weak
sigD-dltB,sigD,dltB,+,Weak
sigD-fliF,sigD,fliF,+,Weak
sigD-dltD,sigD,dltD,+,Weak
sigD-yjbJ,sigD,yjbJ,+,Weak
sigD-hag,sigD,hag,+,Weak
sigD-yfmS,sigD,yfmS,+,Weak
sigD-ylxG,sigD,ylxG,+,Weak
sigD-ylxF,sigD,ylxF,+,Weak
sigD-yvyF,sigD,yvyF,+,Weak
sigD-yvyG,sigD,yvyG,+,Weak
sigD-yvyD,sigD,yvyD,+,Weak
sigD-ylxH,sigD,ylxH,+,Weak
sigD-yvyC,sigD,yvyC,+,Weak
sigD-lytC,sigD,lytC,+,Weak
sigD-divIC,sigD,divIC,+,Weak
sigD-yjcM,sigD,yjcM,+,Weak
sigD-cgeC,sigD,cgeC,+,Weak
sigD-cgeE,sigD,cgeE,+,Weak
sigD-cgeD,sigD,cgeD,+,Weak
sigD-csrA,sigD,csrA,+,Weak
sigD-yjcP,sigD,yjcP,+,Weak
sigD-yjcQ,sigD,yjcQ,+,Weak
sigD-ybdO,sigD,ybdO,+,Weak
sigD-yvaQ,sigD,yvaQ,+,Weak
sigD-yviE,sigD,yviE,+,Weak
sigD-flhP,sigD,flhP,+,Weak
sigD-rnhB,sigD,rnhB,+,Weak
sigD-flhB,sigD,flhB,+,Weak
sigD-flhA,sigD,flhA,+,Weak
sigD-flhF,sigD,flhF,+,Weak
sigD-comFA,sigD,comFA,+,Weak
sigD-flhO,sigD,flhO,+,Weak
sigD-sigA,sigD,sigA,+,Weak
sigD-cheW,sigD,cheW,+,Weak
sigD-sigD,sigD,sigD,+,Weak
sigD-cheY,sigD,cheY,+,Weak
sigD-cheD,sigD,cheD,+,Weak
sigD-cheB,sigD,cheB,+,Weak
sigD-cheC,sigD,cheC,+,Weak
sigD-cheA,sigD,cheA,+,Weak
sigD-ylzI,sigD,ylzI,+,Weak
sigD-yabP,sigD,yabP,+,Weak
sigD-yabQ,sigD,yabQ,+,Weak
sigD-yabR,sigD,yabR,+,Weak
sigD-tlpA,sigD,tlpA,+,Weak
sigD-tlpB,sigD,tlpB,+,Weak
sigD-tlpC,sigD,tlpC,+,Weak
sigD-yabM,sigD,yabM,+,Weak
sigD-yabN,sigD,yabN,+,Weak
sigD-yabO,sigD,yabO,+,Weak
sigD-lytD,sigD,lytD,+,Weak
sigD-lytF,sigD,lytF,+,Weak
sigD-lytA,sigD,lytA,+,Weak
sigD-yfmT,sigD,yfmT,+,Weak
sigD-lytB,sigD,lytB,+,Weak
sigD-pgdS,sigD,pgdS,+,Weak
sigD-degR,sigD,degR,+,Weak
sigD-ywzH,sigD,ywzH,+,Weak
sigD-new_4164565_4165231,sigD,new_4164565_4165231,+,Weak
sigD-yjfB,sigD,yjfB,+,Weak
sigD-fliY,sigD,fliY,+,Weak
sigD-fliZ,sigD,fliZ,+,Weak
sigD-fliT,sigD,fliT,+,Weak
sigD-fliW,sigD,fliW,+,Weak
sigD-fliQ,sigD,fliQ,+,Weak
sigD-fliP,sigD,fliP,+,Weak
sigD-fliS,sigD,fliS,+,Weak
sigD-fliR,sigD,fliR,+,Weak
sigD-fliM,sigD,fliM,+,Weak
sigD-mcpA,sigD,mcpA,+,Weak
sigD-mcpB,sigD,mcpB,+,Weak
sigD-mcpC,sigD,mcpC,+,Weak
sigD-fliI,sigD,fliI,+,Weak
sigD-fliH,sigD,fliH,+,Weak
sigD-fliK,sigD,fliK,+,Weak
sigD-fliJ,sigD,fliJ,+,Weak
sigD-fliE,sigD,fliE,+,Weak
sigD-fliD,sigD,fliD,+,Weak
sigD-fliG,sigD,fliG,+,Weak
sigD-dltC,sigD,dltC,+,Weak
sigD-hemAT,sigD,hemAT,+,Weak
sigD-dltE,sigD,dltE,+,Weak
sigD-ywcH,sigD,ywcH,+,Weak
sigD-yvzG,sigD,yvzG,+,Weak
sigD-yvbI,sigD,yvbI,+,Weak
sigD-ykoW,sigD,ykoW,+,Weak
sigD-motA,sigD,motA,+,Weak
sigD-motB,sigD,motB,+,Weak
sigD-yscB,sigD,yscB,+,Weak
sigD-nfrA1,sigD,nfrA1,+,Weak
sigD-yxkC,sigD,yxkC,+,Weak
sigD-new_3631609_3631729_c,sigD,new_3631609_3631729_c,+,Weak
sigD-yxkH,sigD,yxkH,+,Weak
sigD-swrAA,sigD,swrAA,+,Weak
sigD-cheV,sigD,cheV,+,Weak
sigD-BSU35239,sigD,BSU35239,+,Weak
sigD-minJ,sigD,minJ,+,Weak
sigD-yqaS,sigD,yqaS,+,Weak
sigD-yqaR,sigD,yqaR,+,Weak
sigD-ylqH,sigD,ylqH,+,Weak
sigD-amyX,sigD,amyX,+,Weak
sigD-fliL,sigD,fliL,+,Weak
sigD-ylqB,sigD,ylqB,+,Weak
sigD-epr,sigD,epr,+,Weak
sigD-swrB,sigD,swrB,+,Weak
sigD-ylqG,sigD,ylqG,+,Weak
sigD-flgC,sigD,flgC,+,Weak
sigD-flgB,sigD,flgB,+,Weak
sigD-flgG,sigD,flgG,+,Weak
sigD-cwlS,sigD,cwlS,+,Weak
sigD-comFB,sigD,comFB,+,Weak
sigD-comFC,sigD,comFC,+,Weak
sigD-flgK,sigD,flgK,+,Weak
sigD-flgM,sigD,flgM,+,Weak
sigD-flgL,sigD,flgL,+,Weak
sigG-yutC,sigG,yutC,+,Weak
sigG-yoaR,sigG,yoaR,+,Weak
sigG-gdh,sigG,gdh,+,Weak
sigG-yoyE,sigG,yoyE,+,Weak
sigG-gerKB,sigG,gerKB,+,Weak
sigG-gerKC,sigG,gerKC,+,Weak
sigG-yfiL,sigG,yfiL,+,Weak
sigG-yfiM,sigG,yfiM,+,Weak
sigG-sspJ,sigG,sspJ,+,Weak
sigG-sspK,sigG,sspK,+,Weak
sigG-sspH,sigG,sspH,+,Weak
sigG-sspI,sigG,sspI,+,Weak
sigG-sspF,sigG,sspF,+,Weak
sigG-sspD,sigG,sspD,+,Weak
sigG-sspE,sigG,sspE,+,Weak
sigG-sspB,sigG,sspB,+,Weak
sigG-sspC,sigG,sspC,+,Weak
sigG-spoVAEA,sigG,spoVAEA,+,Weak
sigG-sspA,sigG,sspA,+,Weak
sigG-new_1569226_1569349_c,sigG,new_1569226_1569349_c,+,Weak
sigG-ctpB,sigG,ctpB,+,Weak
sigG-yojJ,sigG,yojJ,+,Weak
sigG-sspP,sigG,sspP,+,Weak
sigG-yndE,sigG,yndE,+,Weak
sigG-yndD,sigG,yndD,+,Weak
sigG-yndF,sigG,yndF,+,Weak
sigG-yitU,sigG,yitU,+,Weak
sigG-gerBA,sigG,gerBA,+,Weak
sigG-ccpB,sigG,ccpB,+,Weak
sigG-gerBC,sigG,gerBC,+,Weak
sigG-yxzF,sigG,yxzF,+,Weak
sigG-spoIIAB,sigG,spoIIAB,+,Weak
sigG-spoIIAA,sigG,spoIIAA,+,Weak
sigG-yitF,sigG,yitF,+,Weak
sigG-yitG,sigG,yitG,+,Weak
sigG-csbX,sigG,csbX,+,Weak
sigG-ypeB,sigG,ypeB,+,Weak
sigG-rsfA,sigG,rsfA,+,Weak
sigG-spoIVB,sigG,spoIVB,+,Weak
sigG-gerKA,sigG,gerKA,+,Weak
sigG-yhcQ,sigG,yhcQ,+,Weak
sigG-yhcV,sigG,yhcV,+,Weak
sigG-yteA,sigG,yteA,+,Weak
sigG-spoVT,sigG,spoVT,+,Weak
sigG-bofC,sigG,bofC,+,Weak
sigG-pdaA,sigG,pdaA,+,Weak
sigG-yhcN,sigG,yhcN,+,Weak
sigG-yhcM,sigG,yhcM,+,Weak
sigG-exoA,sigG,exoA,+,Weak
sigG-stoA,sigG,stoA,+,Weak
sigG-ligd,sigG,ligd,+,Weak
sigG-yisY,sigG,yisY,+,Weak
sigG-gerAA,sigG,gerAA,+,Weak
sigG-gerAB,sigG,gerAB,+,Weak
sigG-gerAC,sigG,gerAC,+,Weak
sigG-yckD,sigG,yckD,+,Weak
sigG-ybaK,sigG,ybaK,+,Weak
sigG-sigE,sigG,sigE,+,Weak
sigG-ybxH,sigG,ybxH,+,Weak
sigG-sigG,sigG,sigG,+,Weak
sigG-sigF,sigG,sigF,+,Weak
sigG-sleB,sigG,sleB,+,Weak
sigG-yusN,sigG,yusN,+,Weak
sigG-splA,sigG,splA,+,Weak
sigG-yfiN,sigG,yfiN,+,Weak
sigG-ylzJ,sigG,ylzJ,+,Weak
sigG-sspO,sigG,sspO,+,Weak
sigG-spoIIGA,sigG,spoIIGA,+,Weak
sigG-ydfR,sigG,ydfR,+,Weak
sigG-sspL,sigG,sspL,+,Weak
sigG-sspM,sigG,sspM,+,Weak
sigG-tepA,sigG,tepA,+,Weak
sigG-yczF,sigG,yczF,+,Weak
sigG-tlp,sigG,tlp,+,Weak
sigG-yuzA,sigG,yuzA,+,Weak
sigG-glcU,sigG,glcU,+,Weak
sigG-yqjB,sigG,yqjB,+,Weak
sigG-yqjC,sigG,yqjC,+,Weak
sigG-yfhE,sigG,yfhE,+,Weak
sigG-yfhD,sigG,yfhD,+,Weak
sigG-ykzD,sigG,ykzD,+,Weak
sigG-ykzE,sigG,ykzE,+,Weak
sigG-pbpF,sigG,pbpF,+,Weak
sigG-yxlJ,sigG,yxlJ,+,Weak
sigG-yizC,sigG,yizC,+,Weak
sigG-yozQ,sigG,yozQ,+,Weak
sigG-yfhQ,sigG,yfhQ,+,Weak
sigG-yxeD,sigG,yxeD,+,Weak
sigG-ykzP,sigG,ykzP,+,Weak
sigG-yabK,sigG,yabK,+,Weak
sigG-gerD,sigG,gerD,+,Weak
sigG-yvdQ,sigG,yvdQ,+,Weak
sigG-yvdP,sigG,yvdP,+,Weak
sigG-spoVAEB,sigG,spoVAEB,+,Weak
sigG-yrdR,sigG,yrdR,+,Weak
sigG-gpr,sigG,gpr,+,Weak
sigG-yhdB,sigG,yhdB,+,Weak
sigG-new_1077024_1077320_c,sigG,new_1077024_1077320_c,+,Weak
sigG-phoA,sigG,phoA,+,Weak
sigG-yveA,sigG,yveA,+,Weak
sigG-splB,sigG,splB,+,Weak
sigG-sspN,sigG,sspN,+,Weak
sigG-ydfS,sigG,ydfS,+,Weak
sigG-yuzM,sigG,yuzM,+,Weak
sigG-spoVAC,sigG,spoVAC,+,Weak
sigG-spoVAB,sigG,spoVAB,+,Weak
sigG-spoVAA,sigG,spoVAA,+,Weak
sigG-spoVAF,sigG,spoVAF,+,Weak
sigG-csgA,sigG,csgA,+,Weak
sigG-spoVAD,sigG,spoVAD,+,Weak
sigG-ylyA,sigG,ylyA,+,Weak
sigG-ypzG,sigG,ypzG,+,Weak
sigG-ypzF,sigG,ypzF,+,Weak
sigG-ypzA,sigG,ypzA,+,Weak
sigG-yrzR,sigG,yrzR,+,Weak
sigG-yrzQ,sigG,yrzQ,+,Weak
sigG-ypzI,sigG,ypzI,+,Weak
sigG-dacF,sigG,dacF,+,Weak
sigG-ylaJ,sigG,ylaJ,+,Weak
sigG-yrzO,sigG,yrzO,+,Weak
sigG-fabL,sigG,fabL,+,Weak
sigG-ykoS,sigG,ykoS,+,Weak
sigG-yyxA,sigG,yyxA,+,Weak
sigG-ykoT,sigG,ykoT,+,Weak
sigG-chaA,sigG,chaA,+,Weak
sigG-yfkD,sigG,yfkD,+,Weak
sigG-pbpG,sigG,pbpG,+,Weak
sigG-yrrD,sigG,yrrD,+,Weak
sigG-yfkQ,sigG,yfkQ,+,Weak
sigG-yfkR,sigG,yfkR,+,Weak
sigG-yfkS,sigG,yfkS,+,Weak
sigG-yfkT,sigG,yfkT,+,Weak
sigG-yraF,sigG,yraF,+,Weak
sigG-yraG,sigG,yraG,+,Weak
sigG-yraD,sigG,yraD,+,Weak
sigG-yraE,sigG,yraE,+,Weak
sigG-gerBB,sigG,gerBB,+,Weak
sigG-lysA,sigG,lysA,+,Weak
sigG-azoR2,sigG,azoR2,+,Weak
sigG-ymfJ,sigG,ymfJ,+,Weak
sigG-spoIIP,sigG,spoIIP,+,Weak
sigG-adhB,sigG,adhB,+,Weak
sigG-cwlD,sigG,cwlD,+,Weak
sigG-yqfX,sigG,yqfX,+,Weak
sigG-ytzC,sigG,ytzC,+,Weak
sigG-ykvU,sigG,ykvU,+,Weak
sigG-ku,sigG,ku,+,Weak
sigG-ytzL,sigG,ytzL,+,Weak
sigG-yfhF,sigG,yfhF,+,Weak
sigF-katX,sigF,katX,+,Weak
sigF-yfiL,sigF,yfiL,+,Weak
sigF-yfiM,sigF,yfiM,+,Weak
sigF-yjbA,sigF,yjbA,+,Weak
sigF-new_1569226_1569349_c,sigF,new_1569226_1569349_c,+,Weak
sigF-yrzO,sigF,yrzO,+,Weak
sigF-clpC,sigF,clpC,+,Weak
sigF-spoIIAB,sigF,spoIIAB,+,Weak
sigF-spoIIAA,sigF,spoIIAA,+,Weak
sigF-csbX,sigF,csbX,+,Weak
sigF-rsfA,sigF,rsfA,+,Weak
sigF-spoIVB,sigF,spoIVB,+,Weak
sigF-cydD,sigF,cydD,+,Weak
sigF-yqhQ,sigF,yqhQ,+,Weak
sigF-ftsH,sigF,ftsH,+,Weak
sigF-bofC,sigF,bofC,+,Weak
sigF-yhcN,sigF,yhcN,+,Weak
sigF-yhcM,sigF,yhcM,+,Weak
sigF-radA,sigF,radA,+,Weak
sigF-ywzB,sigF,ywzB,+,Weak
sigF-gerAA,sigF,gerAA,+,Weak
sigF-gerAB,sigF,gerAB,+,Weak
sigF-gerAC,sigF,gerAC,+,Weak
sigF-yckD,sigF,yckD,+,Weak
sigF-spoVT,sigF,spoVT,+,Weak
sigF-yqzE,sigF,yqzE,+,Weak
sigF-yqzG,sigF,yqzG,+,Weak
sigF-BSU35609,sigF,BSU35609,+,Weak
sigF-ypfB,sigF,ypfB,+,Weak
sigF-sigE,sigF,sigE,+,Weak
sigF-sigG,sigF,sigG,+,Weak
sigF-sigF,sigF,sigF,+,Weak
sigF-rpoZ,sigF,rpoZ,+,Weak
sigF-cydA,sigF,cydA,+,Weak
sigF-cydB,sigF,cydB,+,Weak
sigF-cydC,sigF,cydC,+,Weak
sigF-ytfI,sigF,ytfI,+,Weak
sigF-csfB,sigF,csfB,+,Weak
sigF-ytfJ,sigF,ytfJ,+,Weak
sigF-gmk,sigF,gmk,+,Weak
sigF-ylzA,sigF,ylzA,+,Weak
sigF-spoIIGA,sigF,spoIIGA,+,Weak
sigF-ylbC,sigF,ylbC,+,Weak
sigF-tlp,sigF,tlp,+,Weak
sigF-yabT,sigF,yabT,+,Weak
sigF-yqxA,sigF,yqxA,+,Weak
sigF-yfhE,sigF,yfhE,+,Weak
sigF-yfhD,sigF,yfhD,+,Weak
sigF-yfhF,sigF,yfhF,+,Weak
sigF-pbpG,sigF,pbpG,+,Weak
sigF-comGB,sigF,comGB,+,Weak
sigF-yabK,sigF,yabK,+,Weak
sigF-pbpI,sigF,pbpI,+,Weak
sigF-murAA,sigF,murAA,+,Weak
sigF-spoIIR,sigF,spoIIR,+,Weak
sigF-gerD,sigF,gerD,+,Weak
sigF-comGF,sigF,comGF,+,Weak
sigF-hprT,sigF,hprT,+,Weak
sigF-citN,sigF,citN,+,Weak
sigF-yrdR,sigF,yrdR,+,Weak
sigF-disA,sigF,disA,+,Weak
sigF-comGC,sigF,comGC,+,Weak
sigF-yloC,sigF,yloC,+,Weak
sigF-comGA,sigF,comGA,+,Weak
sigF-comGG,sigF,comGG,+,Weak
sigF-yphB,sigF,yphB,+,Weak
sigF-comGE,sigF,comGE,+,Weak
sigF-comGD,sigF,comGD,+,Weak
sigF-yhfW,sigF,yhfW,+,Weak
sigF-gpr,sigF,gpr,+,Weak
sigF-yyaC,sigF,yyaC,+,Weak
sigF-tuaB,sigF,tuaB,+,Weak
sigF-tuaC,sigF,tuaC,+,Weak
sigF-tuaA,sigF,tuaA,+,Weak
sigF-tuaF,sigF,tuaF,+,Weak
sigF-tuaG,sigF,tuaG,+,Weak
sigF-tuaD,sigF,tuaD,+,Weak
sigF-tuaE,sigF,tuaE,+,Weak
sigF-yabS,sigF,yabS,+,Weak
sigF-tilS,sigF,tilS,+,Weak
sigF-yqhP,sigF,yqhP,+,Weak
sigF-sspN,sigF,sspN,+,Weak
sigF-yqhG,sigF,yqhG,+,Weak
sigF-lon2,sigF,lon2,+,Weak
sigF-yqhH,sigF,yqhH,+,Weak
sigF-yrzR,sigF,yrzR,+,Weak
sigF-yrzQ,sigF,yrzQ,+,Weak
sigF-ypzI,sigF,ypzI,+,Weak
sigF-tuaH,sigF,tuaH,+,Weak
sigF-dacF,sigF,dacF,+,Weak
sigF-lplD,sigF,lplD,+,Weak
sigF-yetF,sigF,yetF,+,Weak
sigF-mcsA,sigF,mcsA,+,Weak
sigF-mcsB,sigF,mcsB,+,Weak
sigF-ywnJ,sigF,ywnJ,+,Weak
sigF-yfiN,sigF,yfiN,+,Weak
sigF-yqcK,sigF,yqcK,+,Weak
sigF-yrrS,sigF,yrrS,+,Weak
sigF-spoIIE,sigF,spoIIE,+,Weak
sigF-yphA,sigF,yphA,+,Weak
sigF-yhfM,sigF,yhfM,+,Weak
sigF-arsB,sigF,arsB,+,Weak
sigF-arsC,sigF,arsC,+,Weak
sigF-ymfJ,sigF,ymfJ,+,Weak
sigF-spoIIP,sigF,spoIIP,+,Weak
sigF-spoIIQ,sigF,spoIIQ,+,Weak
sigF-arsR,sigF,arsR,+,Weak
sigF-yuiC,sigF,yuiC,+,Weak
sigF-ytkD,sigF,ytkD,+,Weak
sigF-ywmB,sigF,ywmB,+,Weak
sigF-ytzC,sigF,ytzC,+,Weak
sigF-ylbB,sigF,ylbB,+,Weak
sigF-ctsR,sigF,ctsR,+,Weak
sigF-ytzL,sigF,ytzL,+,Weak
sigI-dhbE,sigI,dhbE,+,Weak
sigI-sigI,sigI,sigI,+,Weak
sigI-mreBH,sigI,mreBH,+,Weak
sigI-ykuP,sigI,ykuP,+,Weak
sigI-dhbB,sigI,dhbB,+,Weak
sigI-dhbC,sigI,dhbC,+,Weak
sigI-dhbA,sigI,dhbA,+,Weak
sigI-bcrC,sigI,bcrC,+,Weak
sigI-lytE,sigI,lytE,+,Weak
sigI-ybdZ,sigI,ybdZ,+,Weak
sigI-ykuO,sigI,ykuO,+,Weak
sigI-ykuN,sigI,ykuN,+,Weak
sigI-gsiB,sigI,gsiB,+,Weak
sigI-ykpC,sigI,ykpC,+,Weak
sigI-dhbF,sigI,dhbF,+,Weak
sigI-fabI,sigI,fabI,+,Weak
sigI-rsgI,sigI,rsgI,+,Weak
sigH-hupA,sigH,hupA,+,Weak
sigH-lytE,sigH,lytE,+,Weak
sigH-ytxG,sigH,ytxG,+,Weak
sigH-dacC,sigH,dacC,+,Weak
sigH-yisK,sigH,yisK,+,Weak
sigH-yisL,sigH,yisL,+,Weak
sigH-sigA,sigH,sigA,+,Weak
sigH-yqxD,sigH,yqxD,+,Weak
sigH-sigF,sigH,sigF,+,Weak
sigH-mreB,sigH,mreB,+,Weak
sigH-mreC,sigH,mreC,+,Weak
sigH-minC,sigH,minC,+,Weak
sigH-minD,sigH,minD,+,Weak
sigH-mreD,sigH,mreD,+,Weak
sigH-fumC,sigH,fumC,+,Weak
sigH-rapK,sigH,rapK,+,Weak
sigH-rapI,sigH,rapI,+,Weak
sigH-rapC,sigH,rapC,+,Weak
sigH-galM,sigH,galM,+,Weak
sigH-rapG,sigH,rapG,+,Weak
sigH-rapF,sigH,rapF,+,Weak
sigH-phrK,sigH,phrK,+,Weak
sigH-phrI,sigH,phrI,+,Weak
sigH-vpr,sigH,vpr,+,Weak
sigH-phrC,sigH,phrC,+,Weak
sigH-yvyD,sigH,yvyD,+,Weak
sigH-phrF,sigH,phrF,+,Weak
sigH-phrG,sigH,phrG,+,Weak
sigH-phrE,sigH,phrE,+,Weak
sigH-spoIIAB,sigH,spoIIAB,+,Weak
sigH-ureA,sigH,ureA,+,Weak
sigH-racA,sigH,racA,+,Weak
sigH-spoIIAA,sigH,spoIIAA,+,Weak
sigH-spo0A,sigH,spo0A,+,Weak
sigH-ytxJ,sigH,ytxJ,+,Weak
sigH-ytxH,sigH,ytxH,+,Weak
sigH-ftsA,sigH,ftsA,+,Weak
sigH-ureC,sigH,ureC,+,Weak
sigH-spoVS,sigH,spoVS,+,Weak
sigH-ureB,sigH,ureB,+,Weak
sigH-spo0F,sigH,spo0F,+,Weak
sigH-spo0M,sigH,spo0M,+,Weak
sigH-abn2,sigH,abn2,+,Weak
sigH-kinA,sigH,kinA,+,Weak
sigH-cwlS,sigH,cwlS,+,Weak
sigH-dnaG,sigH,dnaG,+,Weak
sigH-spoVG,sigH,spoVG,+,Weak
sigH-ftsZ,sigH,ftsZ,+,Weak
sigM-minC,sigM,minC,+,Weak
sigM-minD,sigM,minD,+,Weak
sigM-ysxA,sigM,ysxA,+,Weak
sigM-yjbC,sigM,yjbC,+,Weak
sigM-mreB,sigM,mreB,+,Weak
sigM-mreC,sigM,mreC,+,Weak
sigM-mreD,sigM,mreD,+,Weak
sigM-disA,sigM,disA,+,Weak
sigM-clpC,sigM,clpC,+,Weak
sigM-yacD,sigM,yacD,+,Weak
sigM-ylxW,sigM,ylxW,+,Weak
sigM-ylxX,sigM,ylxX,+,Weak
sigM-yebC,sigM,yebC,+,Weak
sigM-divIC,sigM,divIC,+,Weak
sigM-divIB,sigM,divIB,+,Weak
sigM-yrhH,sigM,yrhH,+,Weak
sigM-ftsH,sigM,ftsH,+,Weak
sigM-ywzH,sigM,ywzH,+,Weak
sigM-bscR,sigM,bscR,+,Weak
sigM-abh,sigM,abh,+,Weak
sigM-ywbO,sigM,ywbO,+,Weak
sigM-murB,sigM,murB,+,Weak
sigM-sigM,sigM,sigM,+,Weak
sigM-murF,sigM,murF,+,Weak
sigM-murG,sigM,murG,+,Weak
sigM-metA,sigM,metA,+,Weak
sigM-ddl,sigM,ddl,+,Weak
sigM-yacL,sigM,yacL,+,Weak
sigM-sbp,sigM,sbp,+,Weak
sigM-cysK,sigM,cysK,+,Weak
sigM-ywaC,sigM,ywaC,+,Weak
sigM-yabP,sigM,yabP,+,Weak
sigM-yabQ,sigM,yabQ,+,Weak
sigM-yabR,sigM,yabR,+,Weak
sigM-yqjL,sigM,yqjL,+,Weak
sigM-efeU,sigM,efeU,+,Weak
sigM-pbpX,sigM,pbpX,+,Weak
sigM-efeN,sigM,efeN,+,Weak
sigM-efeM,sigM,efeM,+,Weak
sigM-comN,sigM,comN,+,Weak
sigM-ispD,sigM,ispD,+,Weak
sigM-ispF,sigM,ispF,+,Weak
sigM-yabM,sigM,yabM,+,Weak
sigM-yabN,sigM,yabN,+,Weak
sigM-recU,sigM,recU,+,Weak
sigM-ugtP,sigM,ugtP,+,Weak
sigM-ytpB,sigM,ytpB,+,Weak
sigM-ytpA,sigM,ytpA,+,Weak
sigM-spxA,sigM,spxA,+,Weak
sigM-lytR,sigM,lytR,+,Weak
sigM-radA,sigM,radA,+,Weak
sigM-ydaH,sigM,ydaH,+,Weak
sigM-hprT,sigM,hprT,+,Weak
sigM-yceC,sigM,yceC,+,Weak
sigM-yceG,sigM,yceG,+,Weak
sigM-yceF,sigM,yceF,+,Weak
sigM-yceE,sigM,yceE,+,Weak
sigM-yceD,sigM,yceD,+,Weak
sigM-yceH,sigM,yceH,+,Weak
sigM-yhdK,sigM,yhdK,+,Weak
sigM-yhdL,sigM,yhdL,+,Weak
sigM-dltA,sigM,dltA,+,Weak
sigM-dltB,sigM,dltB,+,Weak
sigM-dltC,sigM,dltC,+,Weak
sigM-dltD,sigM,dltD,+,Weak
sigM-dltE,sigM,dltE,+,Weak
sigM-ywtE,sigM,ywtE,+,Weak
sigM-ywtF,sigM,ywtF,+,Weak
sigM-bcrC,sigM,bcrC,+,Weak
sigM-yngA,sigM,yngA,+,Weak
sigM-yngB,sigM,yngB,+,Weak
sigM-yngC,sigM,yngC,+,Weak
sigM-cypE,sigM,cypE,+,Weak
sigM-tilS,sigM,tilS,+,Weak
sigM-mcsA,sigM,mcsA,+,Weak
sigM-ypbG,sigM,ypbG,+,Weak
sigM-mcsB,sigM,mcsB,+,Weak
sigM-ywnJ,sigM,ywnJ,+,Weak
sigM-rodA,sigM,rodA,+,Weak
sigM-ypuA,sigM,ypuA,+,Weak
sigM-ycgR,sigM,ycgR,+,Weak
sigM-ypuD,sigM,ypuD,+,Weak
sigM-yraA,sigM,yraA,+,Weak
sigM-ponA,sigM,ponA,+,Weak
sigM-rapD,sigM,rapD,+,Weak
sigM-secDF,sigM,secDF,+,Weak
sigM-coaX,sigM,coaX,+,Weak
sigM-maf,sigM,maf,+,Weak
sigM-hslO,sigM,hslO,+,Weak
sigM-ycgQ,sigM,ycgQ,+,Weak
sigM-ltaS1,sigM,ltaS1,+,Weak
sigM-ctsR,sigM,ctsR,+,Weak
sigM-yabO,sigM,yabO,+,Weak
sigL-bfmBB,sigL,bfmBB,+,Weak
sigL-bfmBC,sigL,bfmBC,+,Weak
sigL-yqiS,sigL,yqiS,+,Weak
sigL-yqiT,sigL,yqiT,+,Weak
sigL-sacC,sigL,sacC,+,Weak
sigL-acoL,sigL,acoL,+,Weak
sigL-acoA,sigL,acoA,+,Weak
sigL-acoC,sigL,acoC,+,Weak
sigL-acoB,sigL,acoB,+,Weak
sigL-buk,sigL,buk,+,Weak
sigL-rocD,sigL,rocD,+,Weak
sigL-rocE,sigL,rocE,+,Weak
sigL-rocF,sigL,rocF,+,Weak
sigL-rocG,sigL,rocG,+,Weak
sigL-rocA,sigL,rocA,+,Weak
sigL-rocB,sigL,rocB,+,Weak
sigL-rocC,sigL,rocC,+,Weak
sigL-bfmBAA,sigL,bfmBAA,+,Weak
sigL-bfmBAB,sigL,bfmBAB,+,Weak
sigL-levG,sigL,levG,+,Weak
sigL-levF,sigL,levF,+,Weak
sigL-levE,sigL,levE,+,Weak
sigL-levD,sigL,levD,+,Weak
sigO-yvrJ,sigO,yvrJ,+,Weak
sigO-yvrL,sigO,yvrL,+,Weak
sigO-rsoA,sigO,rsoA,+,Weak
sigO-sigO,sigO,sigO,+,Weak
sigO-oxdC,sigO,oxdC,+,Weak
sigW-bcrC,sigW,bcrC,+,Weak
sigW-rsiW,sigW,rsiW,+,Weak
sigW-ysdB,sigW,ysdB,+,Weak
sigW-yoaG,sigW,yoaG,+,Weak
sigW-yoaF,sigW,yoaF,+,Weak
sigW-cypE,sigW,cypE,+,Weak
sigW-ythQ,sigW,ythQ,+,Weak
sigW-ythP,sigW,ythP,+,Weak
sigW-spxA,sigW,spxA,+,Weak
sigW-yjoB,sigW,yjoB,+,Weak
sigW-ywaC,sigW,ywaC,+,Weak
sigW-fabF,sigW,fabF,+,Weak
sigW-yknW,sigW,yknW,+,Weak
sigW-divIC,sigW,divIC,+,Weak
sigW-xpaC,sigW,xpaC,+,Weak
sigW-sigW,sigW,sigW,+,Weak
sigW-ywnJ,sigW,ywnJ,+,Weak
sigW-yaaN,sigW,yaaN,+,Weak
sigW-yabM,sigW,yabM,+,Weak
sigW-yjbC,sigW,yjbC,+,Weak
sigW-ywbO,sigW,ywbO,+,Weak
sigW-fosB,sigW,fosB,+,Weak
sigW-yuaF,sigW,yuaF,+,Weak
sigW-yceC,sigW,yceC,+,Weak
sigW-yvlD,sigW,yvlD,+,Weak
sigW-efeM,sigW,efeM,+,Weak
sigW-yvlA,sigW,yvlA,+,Weak
sigW-yceF,sigW,yceF,+,Weak
sigW-yaaO,sigW,yaaO,+,Weak
sigW-yceD,sigW,yceD,+,Weak
sigW-yceG,sigW,yceG,+,Weak
sigW-yceH,sigW,yceH,+,Weak
sigW-ydjP,sigW,ydjP,+,Weak
sigW-bscR,sigW,bscR,+,Weak
sigW-yobJ,sigW,yobJ,+,Weak
sigW-yvlC,sigW,yvlC,+,Weak
sigW-ywrE,sigW,ywrE,+,Weak
sigW-yxzE,sigW,yxzE,+,Weak
sigW-yqfB,sigW,yqfB,+,Weak
sigW-yvlB,sigW,yvlB,+,Weak
sigW-yabR,sigW,yabR,+,Weak
sigW-racX,sigW,racX,+,Weak
sigW-fabHA,sigW,fabHA,+,Weak
sigW-yfhL,sigW,yfhL,+,Weak
sigW-yknZ,sigW,yknZ,+,Weak
sigW-ydjG,sigW,ydjG,+,Weak
sigW-yknY,sigW,yknY,+,Weak
sigW-ydjI,sigW,ydjI,+,Weak
sigW-ydjH,sigW,ydjH,+,Weak
sigW-ydjO,sigW,ydjO,+,Weak
sigW-yqeZ,sigW,yqeZ,+,Weak
sigW-yabP,sigW,yabP,+,Weak
sigW-yabQ,sigW,yabQ,+,Weak
sigW-yfhK,sigW,yfhK,+,Weak
sigW-ybfP,sigW,ybfP,+,Weak
sigW-yfhM,sigW,yfhM,+,Weak
sigW-yrhH,sigW,yrhH,+,Weak
sigW-yteJ,sigW,yteJ,+,Weak
sigW-sppA,sigW,sppA,+,Weak
sigW-ybfQ,sigW,ybfQ,+,Weak
sigW-yozO,sigW,yozO,+,Weak
sigW-yeaA,sigW,yeaA,+,Weak
sigW-efeU,sigW,efeU,+,Weak
sigW-spo0M,sigW,spo0M,+,Weak
sigW-ybfO,sigW,ybfO,+,Weak
sigW-yqfA,sigW,yqfA,+,Weak
sigW-efeN,sigW,efeN,+,Weak
sigW-yceE,sigW,yceE,+,Weak
sigW-yuaG,sigW,yuaG,+,Weak
sigW-pbpE,sigW,pbpE,+,Weak
sigW-yxjI,sigW,yxjI,+,Weak
sigW-yqjL,sigW,yqjL,+,Weak
sigW-yknX,sigW,yknX,+,Weak
sigW-ydjF,sigW,ydjF,+,Weak
sigW-ydbS,sigW,ydbS,+,Weak
sigW-yuaI,sigW,yuaI,+,Weak
sigW-ydbT,sigW,ydbT,+,Weak
sigW-yabN,sigW,yabN,+,Weak
sigW-yabO,sigW,yabO,+,Weak
sigV-rsiV,sigV,rsiV,+,Weak
sigV-yrhL,sigV,yrhL,+,Weak
sigV-yqjL,sigV,yqjL,+,Weak
sigV-ywzH,sigV,ywzH,+,Weak
sigV-spoIIB,sigV,spoIIB,+,Weak
sigV-ycgQ,sigV,ycgQ,+,Weak
sigV-ycgR,sigV,ycgR,+,Weak
sigV-ddl,sigV,ddl,+,Weak
sigV-murF,sigV,murF,+,Weak
sigV-bcrC,sigV,bcrC,+,Weak
sigV-abh,sigV,abh,+,Weak
sigV-pbpX,sigV,pbpX,+,Weak
sigV-yrhK,sigV,yrhK,+,Weak
sigV-sigV,sigV,sigV,+,Weak
sigV-ywaC,sigV,ywaC,+,Weak
sigV-dltA,sigV,dltA,+,Weak
sigV-dltB,sigV,dltB,+,Weak
sigV-dltC,sigV,dltC,+,Weak
sigV-dltD,sigV,dltD,+,Weak
sigV-dltE,sigV,dltE,+,Weak
sigV-yebC,sigV,yebC,+,Weak
sigY-sigY,sigY,sigY,+,Weak
sigY-ybgB,sigY,ybgB,+,Weak
sigY-yxlC,sigY,yxlC,+,Weak
sigY-yxlG,sigY,yxlG,+,Weak
sigY-yxlF,sigY,yxlF,+,Weak
sigY-yxlE,sigY,yxlE,+,Weak
sigY-yxlD,sigY,yxlD,+,Weak
sigX-cypE,sigX,cypE,+,Weak
sigX-ywzH,sigX,ywzH,+,Weak
sigX-spxA,sigX,spxA,+,Weak
sigX-bscR,sigX,bscR,+,Weak
sigX-rsiX,sigX,rsiX,+,Weak
sigX-lytR,sigX,lytR,+,Weak
sigX-ywnJ,sigX,ywnJ,+,Weak
sigX-bcrC,sigX,bcrC,+,Weak
sigX-yjbC,sigX,yjbC,+,Weak
sigX-abh,sigX,abh,+,Weak
sigX-ywbO,sigX,ywbO,+,Weak
sigX-yceC,sigX,yceC,+,Weak
sigX-yceG,sigX,yceG,+,Weak
sigX-yceF,sigX,yceF,+,Weak
sigX-yceE,sigX,yceE,+,Weak
sigX-yceD,sigX,yceD,+,Weak
sigX-sigX,sigX,sigX,+,Weak
sigX-yceH,sigX,yceH,+,Weak
sigX-rapD,sigX,rapD,+,Weak
sigX-divIC,sigX,divIC,+,Weak
sigX-csbB,sigX,csbB,+,Weak
sigX-pssA,sigX,pssA,+,Weak
sigX-psd,sigX,psd,+,Weak
sigX-dltA,sigX,dltA,+,Weak
sigX-dltB,sigX,dltB,+,Weak
sigX-dltC,sigX,dltC,+,Weak
sigX-dltD,sigX,dltD,+,Weak
sigX-dltE,sigX,dltE,+,Weak
sigX-yabP,sigX,yabP,+,Weak
sigX-yabQ,sigX,yabQ,+,Weak
sigX-yabR,sigX,yabR,+,Weak
sigX-yrhH,sigX,yrhH,+,Weak
sigX-yfhO,sigX,yfhO,+,Weak
sigX-efeU,sigX,efeU,+,Weak
sigX-pbpX,sigX,pbpX,+,Weak
sigX-efeN,sigX,efeN,+,Weak
sigX-efeM,sigX,efeM,+,Weak
sigX-ybfM,sigX,ybfM,+,Weak
sigX-ybfK,sigX,ybfK,+,Weak
sigX-yabM,sigX,yabM,+,Weak
sigX-yabN,sigX,yabN,+,Weak
sigX-yabO,sigX,yabO,+,Weak
yodB-yodC,yodB,yodC,-,Weak
yodB-catD,yodB,catD,-,Weak
yodB-catE,yodB,catE,-,Weak
yodB-azoR1,yodB,azoR1,-,Weak
yodB-yodB,yodB,yodB,-,Weak
cysL-cysL,cysL,cysL,-,Weak
cysL-cysI,cysL,cysI,+,Weak
cysL-cysJ,cysL,cysJ,+,Weak
perR-spxA,perR,spxA,-,Weak
perR-perR,perR,perR,-,Weak
perR-ymaB,perR,ymaB,-,Weak
perR-yjbC,perR,yjbC,-,Weak
perR-nrdE,perR,nrdE,-,Weak
perR-nrdF,perR,nrdF,-,Weak
perR-nrdI,perR,nrdI,-,Weak
perR-mrgA,perR,mrgA,-,Weak
perR-ahpF,perR,ahpF,-,Weak
perR-ahpC,perR,ahpC,-,Weak
perR-katA,perR,katA,-,Weak
perR-zosA,perR,zosA,-,Weak
perR-srfAA,perR,srfAA,+,Weak
perR-srfAC,perR,srfAC,+,Weak
perR-srfAB,perR,srfAB,+,Weak
perR-srfAD,perR,srfAD,+,Weak
perR-fur,perR,fur,-,Weak
perR-hemL,perR,hemL,-,Weak
perR-hemB,perR,hemB,-,Weak
perR-hemC,perR,hemC,-,Weak
perR-comS,perR,comS,+,Weak
perR-hemA,perR,hemA,-,Weak
perR-hemD,perR,hemD,-,Weak
perR-hemX,perR,hemX,-,Weak
yycF-yocH,yycF,yocH,+,Weak
yycF-lytE,yycF,lytE,+,Weak
yycF-rsgI,yycF,rsgI,+,Weak
yycF-wapI,yycF,wapI,-,Weak
yycF-tagD,yycF,tagD,+,Weak
yycF-tagE,yycF,tagE,+,Weak
yycF-sigI,yycF,sigI,+,Weak
yycF-ykvT,yycF,ykvT,+,Weak
yycF-mreBH,yycF,mreBH,+,Weak
yycF-ykpC,yycF,ykpC,+,Weak
yycF-ywaC,yycF,ywaC,-,Weak
yycF-ydjM,yycF,ydjM,+,Weak
yycF-ydjN,yycF,ydjN,+,Weak
yycF-ftsA,yycF,ftsA,+,Weak
yycF-cwlO,yycF,cwlO,+,Weak
yycF-ftsZ,yycF,ftsZ,+,Weak
yycF-pdaC,yycF,pdaC,-,Weak
yycF-wapA,yycF,wapA,-,Weak
yycF-tagF,yycF,tagF,+,Weak
yycF-tagG,yycF,tagG,+,Weak
yycF-tagA,yycF,tagA,+,Weak
yycF-tagB,yycF,tagB,+,Weak
yycF-ykzS,yycF,ykzS,+,Weak
yycF-tagH,yycF,tagH,+,Weak
yycF-yoeB,yycF,yoeB,-,Weak
purR-purS,purR,purS,-,Weak
purR-purR,purR,purR,-,Weak
purR-purQ,purR,purQ,-,Weak
purR-purC,purR,purC,-,Weak
purR-purB,purR,purB,-,Weak
purR-purA,purR,purA,-,Weak
purR-glyA,purR,glyA,-,Weak
purR-purF,purR,purF,-,Weak
purR-purE,purR,purE,-,Weak
purR-purD,purR,purD,-,Weak
purR-purK,purR,purK,-,Weak
purR-purH,purR,purH,-,Weak
purR-purN,purR,purN,-,Weak
purR-purM,purR,purM,-,Weak
purR-purL,purR,purL,-,Weak
purR-pbuO,purR,pbuO,-,Weak
purR-guaC,purR,guaC,-,Weak
purR-pbuG,purR,pbuG,-,Weak
purR-folD,purR,folD,-,Weak
purR-pbuX,purR,pbuX,-,Weak
purR-xpt,purR,xpt,-,Weak
purR-pyc,purR,pyc,-,Weak
purR-nusB,purR,nusB,-,Weak
purR-steT,purR,steT,-,Weak
purR-ispE,purR,ispE,-,Weak
purR-yabJ,purR,yabJ,-,Weak
purR-pdxS,purR,pdxS,-,Weak
purR-pdxT,purR,pdxT,-,Weak
msmR-amyD,msmR,amyD,-,Weak
msmR-msmE,msmR,msmE,-,Weak
msmR-melA,msmR,melA,-,Weak
msmR-msmR,msmR,msmR,-,Weak
msmR-amyC,msmR,amyC,-,Weak
tilS-tilS,tilS,tilS,+,Weak
tilS-hprT,tilS,hprT,+,Weak
tilS-ftsH,tilS,ftsH,+,Weak
ylaC-ylaA,ylaC,ylaA,+,Weak
ylaC-ylaB,ylaC,ylaB,+,Weak
ylaC-ylaC,ylaC,ylaC,+,Weak
ylaC-ylaD,ylaC,ylaD,+,Weak
ydcH-ydcF,ydcH,ydcF,-,Weak
ydcH-ydcG,ydcH,ydcG,-,Weak
ydcH-ydcH,ydcH,ydcH,-,Weak
yulB-rhaM,yulB,rhaM,-,Weak
yulB-rhaA,yulB,rhaA,-,Weak
yulB-yulB,yulB,yulB,-,Weak
yulB-yuxG,yulB,yuxG,-,Weak
yulB-rhaB,yulB,rhaB,-,Weak
rocR-rocR,rocR,rocR,-,Weak
rocR-lexA,rocR,lexA,-,Weak
rocR-rocD,rocR,rocD,+,Weak
rocR-rocE,rocR,rocE,+,Weak
rocR-rocF,rocR,rocF,+,Weak
rocR-rocG,rocR,rocG,+,Weak
rocR-rocA,rocR,rocA,+,Weak
rocR-rocB,rocR,rocB,+,Weak
rocR-rocC,rocR,rocC,+,Weak
lexA-hupA,lexA,hupA,-,Weak
lexA-xkdA,lexA,xkdA,-,Weak
lexA-recA,lexA,recA,-,Weak
lexA-pcrA,lexA,pcrA,-,Weak
lexA-ydiO,lexA,ydiO,-,Weak
lexA-uvrX,lexA,uvrX,-,Weak
lexA-yqzH,lexA,yqzH,-,Weak
lexA-ydiP,lexA,ydiP,-,Weak
lexA-ydgH,lexA,ydgH,-,Weak
lexA-dinB2,lexA,dinB2,-,Weak
lexA-ruvA,lexA,ruvA,-,Weak
lexA-yerH,lexA,yerH,-,Weak
lexA-ruvB,lexA,ruvB,-,Weak
lexA-uvrC,lexA,uvrC,-,Weak
lexA-uvrB,lexA,uvrB,-,Weak
lexA-uvrA,lexA,uvrA,-,Weak
lexA-yolD,lexA,yolD,-,Weak
lexA-ybaK,lexA,ybaK,-,Weak
lexA-ligA,lexA,ligA,-,Weak
lexA-yolC,lexA,yolC,-,Weak
lexA-yqkC,lexA,yqkC,-,Weak
lexA-yqkB,lexA,yqkB,-,Weak
lexA-yqkA,lexA,yqkA,-,Weak
lexA-pcrB,lexA,pcrB,-,Weak
lexA-ypuD,lexA,ypuD,-,Weak
lexA-yqjZ,lexA,yqjZ,-,Weak
lexA-ydgG,lexA,ydgG,-,Weak
lexA-sipV,lexA,sipV,-,Weak
lexA-dnaE,lexA,dnaE,-,Weak
lexA-ykvR,lexA,ykvR,-,Weak
lexA-aprX,lexA,aprX,-,Weak
lexA-yqjY,lexA,yqjY,-,Weak
lexA-ytsJ,lexA,ytsJ,-,Weak
lexA-yobH,lexA,yobH,-,Weak
lexA-vpr,lexA,vpr,-,Weak
lexA-tagC,lexA,tagC,-,Weak
lexA-parE,lexA,parE,-,Weak
lexA-rocR,lexA,rocR,-,Weak
lexA-sda,lexA,sda,-,Weak
lexA-ynzC,lexA,ynzC,-,Weak
lexA-dinB,lexA,dinB,-,Weak
lexA-cwlD,lexA,cwlD,-,Weak
lexA-yhaM,lexA,yhaM,-,Weak
lexA-parC,lexA,parC,-,Weak
lexA-corA,lexA,corA,-,Weak
lexA-yhaZ,lexA,yhaZ,-,Weak
lexA-yozL,lexA,yozL,-,Weak
lexA-yozM,lexA,yozM,-,Weak
lexA-yozK,lexA,yozK,-,Weak
lexA-yqjX,lexA,yqjX,-,Weak
lexA-yhjE,lexA,yhjE,-,Weak
lexA-yhaN,lexA,yhaN,-,Weak
lexA-yhaO,lexA,yhaO,-,Weak
lexA-yqhB,lexA,yqhB,-,Weak
lexA-yhjD,lexA,yhjD,-,Weak
lexA-yneB,lexA,yneB,-,Weak
lexA-lexA,lexA,lexA,-,Weak
lexA-yneA,lexA,yneA,-,Weak
lexA-yorB,lexA,yorB,-,Weak
lexA-yorC,lexA,yorC,-,Weak
nrdR-nrdI,nrdR,nrdI,-,Weak
nrdR-nrdE,nrdR,nrdE,-,Weak
nrdR-nrdF,nrdR,nrdF,-,Weak
nrdR-ymaB,nrdR,ymaB,-,Weak
yesN-yesO,yesN,yesO,+,Weak
yesN-rhgT,yesN,rhgT,+,Weak
yesN-yesZ,yesN,yesZ,+,Weak
yesN-yesY,yesN,yesY,+,Weak
yesN-yesX,yesN,yesX,+,Weak
yesN-yesW,yesN,yesW,+,Weak
yesN-yesV,yesN,yesV,+,Weak
yesN-yesU,yesN,yesU,+,Weak
yesN-yesS,yesN,yesS,+,Weak
yesN-yesR,yesN,yesR,+,Weak
yesN-yesQ,yesN,yesQ,+,Weak
yesN-yesP,yesN,yesP,+,Weak
yesS-yesO,yesS,yesO,+,Weak
yesS-rhgT,yesS,rhgT,+,Weak
yesS-yesZ,yesS,yesZ,+,Weak
yesS-yesY,yesS,yesY,+,Weak
yesS-yesX,yesS,yesX,+,Weak
yesS-yesW,yesS,yesW,+,Weak
yesS-yesV,yesS,yesV,+,Weak
yesS-yesU,yesS,yesU,+,Weak
yesS-yesS,yesS,yesS,+,Weak
yesS-yesR,yesS,yesR,+,Weak
yesS-yesQ,yesS,yesQ,+,Weak
yesS-yesP,yesS,yesP,+,Weak
argR-rocG,argR,rocG,+,Weak
argR-argC,argR,argC,-,Weak
argR-rocC,argR,rocC,+,Weak
argR-rocA,argR,rocA,+,Weak
argR-argH,argR,argH,-,Weak
argR-carB,argR,carB,-,Weak
argR-argJ,argR,argJ,-,Weak
argR-rocB,argR,rocB,+,Weak
argR-rocD,argR,rocD,+,Weak
argR-rocE,argR,rocE,+,Weak
argR-rocF,argR,rocF,+,Weak
argR-carA,argR,carA,-,Weak
argR-argD,argR,argD,-,Weak
argR-argB,argR,argB,-,Weak
argR-argF,argR,argF,-,Weak
argR-argG,argR,argG,-,Weak
yurK-frlB,yurK,frlB,-,Weak
yurK-frlD,yurK,frlD,-,Weak
yurK-yurM,yurK,yurM,-,Weak
yurK-yurN,yurK,yurN,-,Weak
yurK-yurO,yurK,yurO,-,Weak
yurK-yurJ,yurK,yurJ,-,Weak
citR-citA,citR,citA,-,Weak
citR-yhdF,citR,yhdF,-,Weak
citT-yflN,citT,yflN,+,Weak
citT-citM,citT,citM,+,Weak
ykuM-citZ,ykuM,citZ,-,Weak
ykuM-mdh,ykuM,mdh,-,Weak
ykuM-icd,ykuM,icd,-,Weak
ykuM-yneN,ykuM,yneN,-,Weak
ykuM-ykuM,ykuM,ykuM,-,Weak
ykuM-citB,ykuM,citB,-,Weak
citB-qoxA,citB,qoxA,?,Weak
citB-citZ,citB,citZ,+,Weak
citB-qoxC,citB,qoxC,?,Weak
citB-qoxD,citB,qoxD,?,Weak
citB-gerE,citB,gerE,+,Weak
citB-qoxB,citB,qoxB,?,Weak
citB-icd,citB,icd,+,Weak
citB-mdh,citB,mdh,+,Weak
degU-ywqC,degU,ywqC,+,Weak
degU-ywqF,degU,ywqF,+,Weak
degU-ywqE,degU,ywqE,+,Weak
degU-ywqD,degU,ywqD,+,Weak
degU-yitP,degU,yitP,+,Weak
degU-ylxG,degU,ylxG,-,Weak
degU-ylxF,degU,ylxF,-,Weak
degU-yvyF,degU,yvyF,+,Weak
degU-yvyG,degU,yvyG,+,Weak
degU-ylxH,degU,ylxH,-,Weak
degU-yitO,degU,yitO,+,Weak
degU-yitM,degU,yitM,+,Weak
degU-csrA,degU,csrA,+,Weak
degU-bpr,degU,bpr,+,Weak
degU-yxjI,degU,yxjI,-,Weak
degU-yxjJ,degU,yxjJ,-,Weak
degU-yviE,degU,yviE,+,Weak
degU-capA,degU,capA,+,Weak
degU-capB,degU,capB,+,Weak
degU-capC,degU,capC,+,Weak
degU-flhB,degU,flhB,-,Weak
degU-flhA,degU,flhA,-,Weak
degU-flhF,degU,flhF,-,Weak
degU-cheW,degU,cheW,-,Weak
degU-sigD,degU,sigD,-,Weak
degU-cheY,degU,cheY,-,Weak
degU-sipT,degU,sipT,+,Weak
degU-cheD,degU,cheD,-,Weak
degU-cheB,degU,cheB,-,Weak
degU-cheC,degU,cheC,-,Weak
degU-cheA,degU,cheA,-,Weak
degU-ylzI,degU,ylzI,-,Weak
degU-nprB,degU,nprB,+,Weak
degU-yukC,degU,yukC,+,Weak
degU-wapA,degU,wapA,-,Weak
degU-comK,degU,comK,+,Weak
degU-yukB,degU,yukB,+,Weak
degU-wapI,degU,wapI,-,Weak
degU-yueC,degU,yueC,+,Weak
degU-yueB,degU,yueB,+,Weak
degU-yueD,degU,yueD,+,Weak
degU-degQ,degU,degQ,+,Weak
degU-degS,degU,degS,+,Weak
degU-degU,degU,degU,+,Weak
degU-sacB,degU,sacB,+,Weak
degU-yloA,degU,yloA,-,Weak
degU-sacY,degU,sacY,+,Weak
degU-sacX,degU,sacX,+,Weak
degU-fliY,degU,fliY,-,Weak
degU-fliZ,degU,fliZ,-,Weak
degU-fliW,degU,fliW,+,Weak
degU-BSU35239,degU,BSU35239,+,Weak
degU-fliP,degU,fliP,-,Weak
degU-fliR,degU,fliR,-,Weak
degU-fliM,degU,fliM,-,Weak
degU-fliL,degU,fliL,-,Weak
degU-yukE,degU,yukE,+,Weak
degU-yveA,degU,yveA,+,Weak
degU-fliI,degU,fliI,-,Weak
degU-fliH,degU,fliH,-,Weak
degU-fliK,degU,fliK,-,Weak
degU-fliJ,degU,fliJ,-,Weak
degU-fliE,degU,fliE,-,Weak
degU-fliG,degU,fliG,-,Weak
degU-fliF,degU,fliF,-,Weak
degU-ywtC,degU,ywtC,+,Weak
degU-ycdA,degU,ycdA,+,Weak
degU-yvzA,degU,yvzA,+,Weak
degU-aprE,degU,aprE,+,Weak
degU-minJ,degU,minJ,+,Weak
degU-swrAA,degU,swrAA,+,Weak
degU-fliQ,degU,fliQ,-,Weak
degU-comFC,degU,comFC,+,Weak
degU-yvcA,degU,yvcA,+,Weak
degU-yvcB,degU,yvcB,+,Weak
degU-epr,degU,epr,+,Weak
degU-swrB,degU,swrB,-,Weak
degU-flgC,degU,flgC,-,Weak
degU-flgB,degU,flgB,-,Weak
degU-yukD,degU,yukD,+,Weak
degU-flgG,degU,flgG,-,Weak
degU-comFA,degU,comFA,+,Weak
degU-comFB,degU,comFB,+,Weak
degU-yuaB,degU,yuaB,+,Weak
degU-flgK,degU,flgK,+,Weak
degU-levB,degU,levB,+,Weak
degU-flgM,degU,flgM,+,Weak
degU-flgL,degU,flgL,+,Weak
degA-iolX,degA,iolX,-,Weak
licR-licH,licR,licH,+,Weak
licR-licA,licR,licA,+,Weak
licR-licB,licR,licB,+,Weak
licR-licC,licR,licC,+,Weak
licT-bglP,licT,bglP,+,Weak
licT-bglS,licT,bglS,+,Weak
licT-yxiE,licT,yxiE,+,Weak
licT-bglH,licT,bglH,+,Weak
salA-salA,salA,salA,-,Weak
salA-hpr,salA,hpr,-,Weak
ctsR-clpX,ctsR,clpX,-,Weak
ctsR-radA,ctsR,radA,-,Weak
ctsR-clpP,ctsR,clpP,-,Weak
ctsR-engB,ctsR,engB,-,Weak
ctsR-lon1,ctsR,lon1,-,Weak
ctsR-disA,ctsR,disA,-,Weak
ctsR-trxA,ctsR,trxA,-,Weak
ctsR-mcsA,ctsR,mcsA,-,Weak
ctsR-clpC,ctsR,clpC,-,Weak
ctsR-mcsB,ctsR,mcsB,-,Weak
ctsR-clpE,ctsR,clpE,-,Weak
ctsR-ctsR,ctsR,ctsR,-,Weak
BSU_misc_RNA_81-txpA,BSU_misc_RNA_81,txpA,-,Weak
hxlR-hxlA,hxlR,hxlA,+,Weak
hxlR-hxlB,hxlR,hxlB,+,Weak
spoVT-ligd,spoVT,ligd,+,Weak
spoVT-ylyA,spoVT,ylyA,+,Weak
spoVT-gerAA,spoVT,gerAA,-,Weak
spoVT-gerAB,spoVT,gerAB,-,Weak
spoVT-gerAC,spoVT,gerAC,-,Weak
spoVT-gdh,spoVT,gdh,-,Weak
spoVT-fabL,spoVT,fabL,-,Weak
spoVT-ykoS,spoVT,ykoS,-,Weak
spoVT-ykoT,spoVT,ykoT,-,Weak
spoVT-gerKB,spoVT,gerKB,-,Weak
spoVT-gerKC,spoVT,gerKC,-,Weak
spoVT-gerKA,spoVT,gerKA,-,Weak
spoVT-ybxH,spoVT,ybxH,-,Weak
spoVT-sspD,spoVT,sspD,+,Weak
spoVT-sspE,spoVT,sspE,-,Weak
spoVT-sspB,spoVT,sspB,+,Weak
spoVT-spoVAEB,spoVT,spoVAEB,+,Weak
spoVT-spoVAEA,spoVT,spoVAEA,+,Weak
spoVT-sspA,spoVT,sspA,+,Weak
spoVT-gpr,spoVT,gpr,-,Weak
spoVT-ylzJ,spoVT,ylzJ,-,Weak
spoVT-lysA,spoVT,lysA,+,Weak
spoVT-tepA,spoVT,tepA,-,Weak
spoVT-spoVAB,spoVT,spoVAB,+,Weak
spoVT-spoIVB,spoVT,spoIVB,+,Weak
spoVT-glcU,spoVT,glcU,-,Weak
spoVT-yqjB,spoVT,yqjB,-,Weak
spoVT-yqjC,spoVT,yqjC,-,Weak
spoVT-yteA,spoVT,yteA,+,Weak
spoVT-ku,spoVT,ku,+,Weak
spoVT-spoVAC,spoVT,spoVAC,+,Weak
spoVT-spoIIP,spoVT,spoIIP,-,Weak
spoVT-spoVAA,spoVT,spoVAA,+,Weak
spoVT-spoVAF,spoVT,spoVAF,+,Weak
spoVT-csgA,spoVT,csgA,-,Weak
spoVT-spoVAD,spoVT,spoVAD,+,Weak
yusO-yusO,yusO,yusO,-,Weak
yusO-yusP,yusO,yusP,-,Weak
manR-manP,manR,manP,+,Weak
manR-manA,manR,manA,+,Weak
manR-manR,manR,manR,+,Weak
manR-yjdF,manR,yjdF,+,Weak
ycbG-ycbJ,ycbG,ycbJ,-,Weak
ycbG-ycbC,ycbG,ycbC,-,Weak
ycbG-garD,ycbG,garD,-,Weak
ycbG-gudD,ycbG,gudD,-,Weak
ycbG-ycbG,ycbG,ycbG,-,Weak
ycbG-ycbD,ycbG,ycbD,-,Weak
ycbG-gudP,ycbG,gudP,-,Weak
glcR-ywpJ,glcR,ywpJ,-,Weak
glcR-glcR,glcR,glcR,-,Weak
comK-rpsF,comK,rpsF,+,Weak
comK-mnmE,comK,mnmE,+,Weak
comK-rsmG,comK,rsmG,+,Weak
comK-mnmG,comK,mnmG,+,Weak
comK-comEA,comK,comEA,+,Weak
comK-ykyB,comK,ykyB,-,Weak
comK-yhjC,comK,yhjC,+,Weak
comK-addA,comK,addA,+,Weak
comK-yisB,comK,yisB,+,Weak
comK-comGD,comK,comGD,+,Weak
comK-ysxA,comK,ysxA,+,Weak
comK-yqzE,comK,yqzE,+,Weak
comK-ybdK,comK,ybdK,+,Weak
comK-nucA,comK,nucA,+,Weak
comK-comGC,comK,comGC,+,Weak
comK-mreC,comK,mreC,+,Weak
comK-comGA,comK,comGA,+,Weak
comK-minC,comK,minC,+,Weak
comK-bdbD,comK,bdbD,+,Weak
comK-comGF,comK,comGF,+,Weak
comK-comEC,comK,comEC,+,Weak
comK-yhjB,comK,yhjB,+,Weak
comK-bdbC,comK,bdbC,+,Weak
comK-sbcC,comK,sbcC,+,Weak
comK-comGG,comK,comGG,+,Weak
comK-rapH,comK,rapH,+,Weak
comK-sbcD,comK,sbcD,+,Weak
comK-addB,comK,addB,+,Weak
comK-phrH,comK,phrH,+,Weak
comK-rpsR,comK,rpsR,+,Weak
comK-nin,comK,nin,+,Weak
comK-yvyF,comK,yvyF,+,Weak
comK-yvyG,comK,yvyG,+,Weak
comK-fliW,comK,fliW,+,Weak
comK-minD,comK,minD,+,Weak
comK-noc,comK,noc,+,Weak
comK-ssbA,comK,ssbA,+,Weak
comK-ssbB,comK,ssbB,+,Weak
comK-maf,comK,maf,+,Weak
comK-comGE,comK,comGE,+,Weak
comK-yviE,comK,yviE,+,Weak
comK-yvrO,comK,yvrO,+,Weak
comK-yvrN,comK,yvrN,+,Weak
comK-mreB,comK,mreB,+,Weak
comK-recA,comK,recA,+,Weak
comK-ychF,comK,ychF,+,Weak
comK-comGB,comK,comGB,+,Weak
comK-csrA,comK,csrA,+,Weak
comK-comK,comK,comK,+,Weak
comK-comFA,comK,comFA,+,Weak
comK-comFB,comK,comFB,+,Weak
comK-comFC,comK,comFC,+,Weak
comK-flgK,comK,flgK,+,Weak
comK-comEB,comK,comEB,+,Weak
comK-comC,comK,comC,+,Weak
comK-yvrP,comK,yvrP,+,Weak
comK-mreD,comK,mreD,+,Weak
comK-flgM,comK,flgM,+,Weak
comK-flgL,comK,flgL,+,Weak
comA-fabD,comA,fabD,+,Weak
comA-fabG,comA,fabG,+,Weak
comA-acpA,comA,acpA,+,Weak
comA-degQ,comA,degQ,+,Weak
comA-ycxA,comA,ycxA,+,Weak
comA-pel,comA,pel,+,Weak
comA-rapI,comA,rapI,+,Weak
comA-phrC,comA,phrC,+,Weak
comA-rapC,comA,rapC,+,Weak
comA-rapA,comA,rapA,+,Weak
comA-rapF,comA,rapF,+,Weak
comA-rapE,comA,rapE,+,Weak
comA-phrI,comA,phrI,+,Weak
comA-plsX,comA,plsX,+,Weak
comA-phrA,comA,phrA,+,Weak
comA-phrF,comA,phrF,+,Weak
comA-fapR,comA,fapR,+,Weak
comA-phrE,comA,phrE,+,Weak
comA-ywhH,comA,ywhH,+,Weak
comA-srfAA,comA,srfAA,+,Weak
comA-srfAC,comA,srfAC,+,Weak
comA-srfAB,comA,srfAB,+,Weak
comA-srfAD,comA,srfAD,+,Weak
comA-lutP,comA,lutP,+,Weak
comA-comS,comA,comS,+,Weak
lytT-lrgB,lytT,lrgB,+,Weak
lytT-lrgA,lytT,lrgA,+,Weak
lytR-lytR,lytR,lytR,-,Weak
iolR-iolT,iolR,iolT,-,Weak
iolR-iolR,iolR,iolR,-,Weak
iolR-iolS,iolR,iolS,-,Weak
iolR-iolD,iolR,iolD,-,Weak
iolR-iolE,iolR,iolE,-,Weak
iolR-iolF,iolR,iolF,-,Weak
iolR-iolG,iolR,iolG,-,Weak
iolR-iolA,iolR,iolA,-,Weak
iolR-iolB,iolR,iolB,-,Weak
iolR-iolC,iolR,iolC,-,Weak
iolR-iolH,iolR,iolH,-,Weak
iolR-iolI,iolR,iolI,-,Weak
iolR-iolJ,iolR,iolJ,-,Weak
yofA-ftsW,yofA,ftsW,+,Weak
yofA-pyc,yofA,pyc,+,Weak
nusA-rimP,nusA,rimP,-,Weak
nusA-rbfA,nusA,rbfA,-,Weak
nusA-infB,nusA,infB,-,Weak
nusA-nusA,nusA,nusA,-,Weak
nusA-ylxR,nusA,ylxR,-,Weak
nusA-ylxP,nusA,ylxP,-,Weak
nusA-rplGA,nusA,rplGA,-,Weak
glcT-ptsI,glcT,ptsI,+,Weak
glcT-ptsH,glcT,ptsH,+,Weak
glcT-ptsG,glcT,ptsG,+,Weak
yvcP-yvcP,yvcP,yvcP,+,Weak
yvcP-yvcQ,yvcP,yvcQ,+,Weak
yvcP-yvcR,yvcP,yvcR,+,Weak
yvcP-yvcS,yvcP,yvcS,+,Weak
kdgR-kduI,kdgR,kduI,-,Weak
kdgR-kdgT,kdgR,kdgT,-,Weak
kdgR-kduD,kdgR,kduD,-,Weak
kdgR-kdgR,kdgR,kdgR,-,Weak
kdgR-kdgK,kdgR,kdgK,-,Weak
kdgR-kdgA,kdgR,kdgA,-,Weak
lutR-lutP,lutR,lutP,-,Weak
lutR-sipW,lutR,sipW,+,Weak
lutR-tasA,lutR,tasA,+,Weak
lutR-yqxM,lutR,yqxM,+,Weak
lutR-lutA,lutR,lutA,-,Weak
lutR-lutC,lutR,lutC,-,Weak
lutR-lutB,lutR,lutB,-,Weak
lutR-yuaB,lutR,yuaB,+,Weak
ycgP-ycgM,ycgP,ycgM,+,Weak
ycgP-ycgO,ycgP,ycgO,+,Weak
ycgP-ycgN,ycgP,ycgN,+,Weak
resD-cydC,resD,cydC,+,Weak
resD-ykuP,resD,ykuP,+,Weak
resD-ykuO,resD,ykuO,+,Weak
resD-ykuN,resD,ykuN,+,Weak
resD-ykoP,resD,ykoP,+,Weak
resD-ymaB,resD,ymaB,+,Weak
resD-qcrB,resD,qcrB,+,Weak
resD-ctaG,resD,ctaG,+,Weak
resD-ctaD,resD,ctaD,+,Weak
resD-qcrA,resD,qcrA,+,Weak
resD-ctaC,resD,ctaC,+,Weak
resD-nrdF,resD,nrdF,+,Weak
resD-ctaA,resD,ctaA,+,Weak
resD-albA,resD,albA,+,Weak
resD-nrdI,resD,nrdI,+,Weak
resD-albC,resD,albC,+,Weak
resD-albB,resD,albB,+,Weak
resD-albE,resD,albE,+,Weak
resD-albD,resD,albD,+,Weak
resD-albG,resD,albG,+,Weak
resD-albF,resD,albF,+,Weak
resD-nrdE,resD,nrdE,+,Weak
resD-resB,resD,resB,+,Weak
resD-resC,resD,resC,+,Weak
resD-cydB,resD,cydB,+,Weak
resD-resA,resD,resA,+,Weak
resD-cydD,resD,cydD,+,Weak
resD-BSU_misc_RNA_67,resD,BSU_misc_RNA_67,+,Weak
resD-resE,resD,resE,+,Weak
resD-ctaF,resD,ctaF,+,Weak
resD-sboX,resD,sboX,+,Weak
resD-new_1399409_1400187,resD,new_1399409_1400187,+,Weak
resD-yjlC,resD,yjlC,-,Weak
resD-hmp,resD,hmp,+,Weak
resD-yjlD,resD,yjlD,-,Weak
resD-nasB,resD,nasB,+,Weak
resD-nasC,resD,nasC,+,Weak
resD-yclJ,resD,yclJ,+,Weak
resD-yclK,resD,yclK,+,Weak
resD-nasF,resD,nasF,+,Weak
resD-nasD,resD,nasD,+,Weak
resD-nasE,resD,nasE,+,Weak
resD-cydA,resD,cydA,+,Weak
resD-ctaB2,resD,ctaB2,+,Weak
resD-sboA,resD,sboA,+,Weak
resD-qcrC,resD,qcrC,+,Weak
resD-ctaE,resD,ctaE,+,Weak
resD-ywcE,resD,ywcE,-,Weak
resD-fnr,resD,fnr,+,Weak
resD-glpF,resD,glpF,-,Weak
resD-resD,resD,resD,+,Weak
resD-glpK,resD,glpK,-,Weak
BSU_misc_RNA_92-BSU26055,BSU_misc_RNA_92,BSU26055,-,Weak
BSU_misc_RNA_92-BSU_misc_RNA_81,BSU_misc_RNA_92,BSU_misc_RNA_81,-,Weak
bceR-bceB,bceR,bceB,+,Weak
bceR-bceA,bceR,bceA,+,Weak
yvaP-catD,yvaP,catD,-,Weak
yvaP-catE,yvaP,catE,-,Weak
yqiR-yqiS,yqiR,yqiS,+,Weak
yqiR-yqiT,yqiR,yqiT,+,Weak
yqiR-bfmBB,yqiR,bfmBB,+,Weak
yqiR-bfmBC,yqiR,bfmBC,+,Weak
yqiR-bfmBAA,yqiR,bfmBAA,+,Weak
yqiR-bfmBAB,yqiR,bfmBAB,+,Weak
yqiR-buk,yqiR,buk,+,Weak
ytrA-BSU_CDS_3119273,ytrA,BSU_CDS_3119273,-,Weak
ytrA-ytrA,ytrA,ytrA,-,Weak
ytrA-ytrC,ytrA,ytrC,-,Weak
ytrA-ytrB,ytrA,ytrB,-,Weak
ytrA-ytrE,ytrA,ytrE,-,Weak
ytrA-ytrD,ytrA,ytrD,-,Weak
ytrA-ytrF,ytrA,ytrF,-,Weak
ytrA-ywoD,ytrA,ywoD,-,Weak
ytrA-ywoC,ytrA,ywoC,-,Weak
ytrA-ywoB,ytrA,ywoB,-,Weak
adaA-adaA,adaA,adaA,+,Weak
adaA-adaB,adaA,adaB,+,Weak
adaA-alkA,adaA,alkA,+,Weak
ansR-ansA,ansR,ansA,-,Weak
ansR-ansR,ansR,ansR,-,Weak
ansR-ansB,ansR,ansB,-,Weak
ansR-mleN,ansR,mleN,-,Weak
ansR-yqkJ,ansR,yqkJ,-,Weak
ykyB-new_1399409_1400187,ykyB,new_1399409_1400187,-,Weak
ykyB-ykuP,ykyB,ykuP,-,Weak
ykyB-dhbF,ykyB,dhbF,-,Weak
ykyB-lrgB,ykyB,lrgB,-,Weak
ykyB-lrgA,ykyB,lrgA,-,Weak
ykyB-dhbE,ykyB,dhbE,-,Weak
ykyB-dhbB,ykyB,dhbB,-,Weak
ykyB-dhbC,ykyB,dhbC,-,Weak
ykyB-dhbA,ykyB,dhbA,-,Weak
ykyB-ybdZ,ykyB,ybdZ,-,Weak
ykyB-ykuO,ykyB,ykuO,-,Weak
ykyB-ykuN,ykyB,ykuN,-,Weak
ykyB-ykoP,ykyB,ykoP,-,Weak
mgsR-mgsR,mgsR,mgsR,+,Weak
immR-yddA,immR,yddA,-,Weak
immR-ydcO,immR,ydcO,-,Weak
immR-yddE,immR,yddE,-,Weak
immR-ydzL,immR,ydzL,-,Weak
immR-yddB,immR,yddB,-,Weak
immR-nicK,immR,nicK,-,Weak
immR-yddJ,immR,yddJ,-,Weak
immR-xis,immR,xis,-,Weak
immR-new_535832_536095,immR,new_535832_536095,-,Weak
immR-yddI,immR,yddI,-,Weak
immR-yddH,immR,yddH,-,Weak
immR-yddG,immR,yddG,-,Weak
immR-yddF,immR,yddF,-,Weak
immR-ydcT,immR,ydcT,-,Weak
immR-yddD,immR,yddD,-,Weak
immR-yddC,immR,yddC,-,Weak
immR-ydcS,immR,ydcS,-,Weak
immR-ydcP,immR,ydcP,-,Weak
immR-ydcQ,immR,ydcQ,-,Weak
liaR-yhcZ,liaR,yhcZ,+,Weak
liaR-yhcY,liaR,yhcY,+,Weak
liaR-liaR,liaR,liaR,+,Weak
liaR-liaS,liaR,liaS,+,Weak
liaR-ydhE,liaR,ydhE,+,Weak
liaR-liaF,liaR,liaF,+,Weak
liaR-liaG,liaR,liaG,+,Weak
liaR-azr,liaR,azr,+,Weak
liaR-liaH,liaR,liaH,+,Weak
liaR-liaI,liaR,liaI,+,Weak
ohrR-ohrA,ohrR,ohrA,-,Weak
bsdA-bsdD,bsdA,bsdD,+,Weak
bsdA-bsdC,bsdA,bsdC,+,Weak
bsdA-bsdB,bsdA,bsdB,+,Weak
yuxN-yuzO,yuxN,yuzO,-,Weak
senS-hpr,senS,hpr,+,Weak
abh-ylaE,abh,ylaE,-,Weak
abh-ctaF,abh,ctaF,-,Weak
abh-ctaG,abh,ctaG,-,Weak
abh-ctaD,abh,ctaD,-,Weak
abh-ctaE,abh,ctaE,-,Weak
abh-ctaC,abh,ctaC,-,Weak
abh-sunS,abh,sunS,+,Weak
abh-bdbB,abh,bdbB,+,Weak
abh-sunT,abh,sunT,+,Weak
abh-sunA,abh,sunA,+,Weak
abh-pnbA,abh,pnbA,+,Weak
abh-slrR,abh,slrR,+,Weak
abh-ctaB2,abh,ctaB2,-,Weak
abh-srfAA,abh,srfAA,-,Weak
abh-srfAC,abh,srfAC,-,Weak
abh-srfAB,abh,srfAB,-,Weak
abh-srfAD,abh,srfAD,-,Weak
abh-yflA,abh,yflA,-,Weak
abh-comS,abh,comS,-,Weak
abh-ycdA,abh,ycdA,-,Weak
abh-ywoF,abh,ywoF,-,Weak
abh-cwlS,abh,cwlS,-,Weak
abh-bdbA,abh,bdbA,+,Weak
splA-splA,splA,splA,-,Weak
splA-splB,splA,splB,-,Weak
ylbO-spoVIF,ylbO,spoVIF,+,Weak
ylbO-cgeA,ylbO,cgeA,+,Weak
ylbO-cgeB,ylbO,cgeB,+,Weak
ylbO-cotZ,ylbO,cotZ,+,Weak
ylbO-cotX,ylbO,cotX,+,Weak
ylbO-cotY,ylbO,cotY,+,Weak
ylbO-cotG,ylbO,cotG,+,Weak
ylbO-ynzH,ylbO,ynzH,-,Weak
ylbO-cotB,ylbO,cotB,+,Weak
ylbO-ywrJ,ylbO,ywrJ,+,Weak
ylbO-cotH,ylbO,cotH,+,Weak
yclJ-yclI,yclJ,yclI,+,Weak
yclJ-ykcC,yclJ,ykcC,+,Weak
yclJ-ykcB,yclJ,ykcB,+,Weak
yclJ-yclH,yclJ,yclH,+,Weak
yclJ-yfjR,yclJ,yfjR,+,Weak
yclJ-yycA,yclJ,yycA,+,Weak
yclJ-yngA,yclJ,yngA,+,Weak
yclJ-yngB,yclJ,yngB,+,Weak
yclJ-yngC,yclJ,yngC,+,Weak
mntR-mntH,mntR,mntH,-,Weak
mntR-yeaB,mntR,yeaB,+,Weak
mntR-mntA,mntR,mntA,-,Weak
mntR-mntC,mntR,mntC,-,Weak
mntR-mntB,mntR,mntB,-,Weak
mntR-mntD,mntR,mntD,-,Weak
mntR-ydfM,mntR,ydfM,+,Weak
cggR-gapA,cggR,gapA,-,Weak
cggR-tpiA,cggR,tpiA,-,Weak
cggR-gpmI,cggR,gpmI,-,Weak
cggR-pgk,cggR,pgk,-,Weak
cggR-eno,cggR,eno,-,Weak
cggR-cggR,cggR,cggR,-,Weak
mhqR-mhqP,mhqR,mhqP,-,Weak
mhqR-azoR2,mhqR,azoR2,-,Weak
mhqR-mhqA,mhqR,mhqA,-,Weak
mhqR-mhqD,mhqR,mhqD,-,Weak
mhqR-mhqE,mhqR,mhqE,-,Weak
mhqR-mhqN,mhqR,mhqN,-,Weak
mhqR-mhqO,mhqR,mhqO,-,Weak
BSU_misc_RNA_11-tenI,BSU_misc_RNA_11,tenI,?,Weak
BSU_misc_RNA_11-thiS,BSU_misc_RNA_11,thiS,?,Weak
BSU_misc_RNA_11-tenA,BSU_misc_RNA_11,tenA,?,Weak
BSU_misc_RNA_11-ykoE,BSU_misc_RNA_11,ykoE,?,Weak
BSU_misc_RNA_11-ykoD,BSU_misc_RNA_11,ykoD,?,Weak
BSU_misc_RNA_11-ylmB,BSU_misc_RNA_11,ylmB,-,Weak
BSU_misc_RNA_11-thiT,BSU_misc_RNA_11,thiT,-,Weak
BSU_misc_RNA_11-thiO,BSU_misc_RNA_11,thiO,?,Weak
BSU_misc_RNA_11-thiC,BSU_misc_RNA_11,thiC,?,Weak
BSU_misc_RNA_11-ykoF,BSU_misc_RNA_11,ykoF,?,Weak
BSU_misc_RNA_11-thiG,BSU_misc_RNA_11,thiG,?,Weak
BSU_misc_RNA_11-thiF,BSU_misc_RNA_11,thiF,?,Weak
BSU_misc_RNA_11-ykoC,BSU_misc_RNA_11,ykoC,?,Weak
BSU_misc_RNA_11-thiD,BSU_misc_RNA_11,thiD,?,Weak
opcR-opuBB,opcR,opuBB,-,Weak
opcR-opuCB,opcR,opuCB,-,Weak
opcR-opuCC,opcR,opuCC,-,Weak
opcR-opuBC,opcR,opuBC,-,Weak
opcR-opuCA,opcR,opuCA,-,Weak
opcR-opuBD,opcR,opuBD,-,Weak
opcR-opuCD,opcR,opuCD,-,Weak
opcR-opuBA,opcR,opuBA,-,Weak
sacT-sacA,sacT,sacA,+,Weak
sacT-ywdA,sacT,ywdA,+,Weak
sacT-sacP,sacT,sacP,+,Weak
yfmP-yfmP,yfmP,yfmP,-,Weak
yfmP-yfmO,yfmP,yfmO,-,Weak
kipR-ycsG,kipR,ycsG,-,Weak
kipR-ycsF,kipR,ycsF,-,Weak
kipR-ycsI,kipR,ycsI,-,Weak
kipR-lipC,kipR,lipC,-,Weak
kipR-kipR,kipR,kipR,-,Weak
kipR-kipI,kipR,kipI,-,Weak
kipR-kipA,kipR,kipA,-,Weak
nsrR-ykoP,nsrR,ykoP,-,Weak
nsrR-new_1399409_1400187,nsrR,new_1399409_1400187,-,Weak
nsrR-narK,nsrR,narK,-,Weak
nsrR-ykuP,nsrR,ykuP,-,Weak
nsrR-hmp,nsrR,hmp,-,Weak
nsrR-nasB,nsrR,nasB,-,Weak
nsrR-nasC,nsrR,nasC,-,Weak
nsrR-ykuO,nsrR,ykuO,-,Weak
nsrR-ykuN,nsrR,ykuN,-,Weak
nsrR-nasD,nsrR,nasD,-,Weak
nsrR-nasE,nsrR,nasE,-,Weak
nsrR-nasF,nsrR,nasF,-,Weak
nsrR-fnr,nsrR,fnr,-,Weak
gntR-gntK,gntR,gntK,-,Weak
gntR-gntR,gntR,gntR,-,Weak
gntR-gntP,gntR,gntP,-,Weak
gntR-gntZ,gntR,gntZ,-,Weak
yszB-hom,yszB,hom,-,Weak
yszB-thrB,yszB,thrB,-,Weak
yszB-thrC,yszB,thrC,-,Weak
yszB-yclM,yszB,yclM,-,Weak
new_820648_820823-yfmG,new_820648_820823,yfmG,-,Weak
gabR-gabT,gabR,gabT,+,Weak
gabR-gabR,gabR,gabR,-,Weak
gabR-gabD,gabR,gabD,+,Weak
ytlI-tcyJ,ytlI,tcyJ,+,Weak
ytlI-tcyK,ytlI,tcyK,+,Weak
ytlI-tcyL,ytlI,tcyL,+,Weak
ytlI-tcyM,ytlI,tcyM,+,Weak
ytlI-tcyN,ytlI,tcyN,+,Weak
ytlI-moxC,ytlI,moxC,+,Weak
ytlI-ribR,ytlI,ribR,+,Weak
ytlI-ytnM,ytlI,ytnM,+,Weak
ytlI-ytnL,ytlI,ytnL,+,Weak
ytlI-ytnI,ytlI,ytnI,+,Weak
ytlI-ytmO,ytlI,ytmO,+,Weak
ytlI-ytmI,ytlI,ytmI,+,Weak
BSU25760-ytlD,BSU25760,ytlD,+,Weak
BSU25760-ytlC,BSU25760,ytlC,+,Weak
BSU25760-ytlA,BSU25760,ytlA,+,Weak
BSU25760-lytH,BSU25760,lytH,+,Weak
BSU25760-sspG,BSU25760,sspG,+,Weak
BSU25760-ytdA,BSU25760,ytdA,+,Weak
BSU25760-yhjQ,BSU25760,yhjQ,+,Weak
BSU25760-yhjR,BSU25760,yhjR,+,Weak
BSU25760-yndL,BSU25760,yndL,+,Weak
BSU25760-yitB,BSU25760,yitB,+,Weak
BSU25760-yitA,BSU25760,yitA,+,Weak
BSU25760-yitD,BSU25760,yitD,+,Weak
BSU25760-ytxO,BSU25760,ytxO,+,Weak
BSU25760-spoVIF,BSU25760,spoVIF,+,Weak
BSU25760-cotV,BSU25760,cotV,+,Weak
BSU25760-cotW,BSU25760,cotW,+,Weak
BSU25760-cotT,BSU25760,cotT,+,Weak
BSU25760-cotR,BSU25760,cotR,+,Weak
BSU25760-cotS,BSU25760,cotS,+,Weak
BSU25760-cotP,BSU25760,cotP,+,Weak
BSU25760-cgeA,BSU25760,cgeA,+,Weak
BSU25760-cgeC,BSU25760,cgeC,+,Weak
BSU25760-cgeB,BSU25760,cgeB,+,Weak
BSU25760-cgeE,BSU25760,cgeE,+,Weak
BSU25760-cgeD,BSU25760,cgeD,+,Weak
BSU25760-cotX,BSU25760,cotX,+,Weak
BSU25760-cotY,BSU25760,cotY,+,Weak
BSU25760-cotF,BSU25760,cotF,+,Weak
BSU25760-oxdD,BSU25760,oxdD,+,Weak
BSU25760-cotD,BSU25760,cotD,+,Weak
BSU25760-cotE,BSU25760,cotE,+,Weak
BSU25760-cotB,BSU25760,cotB,+,Weak
BSU25760-yhcO,BSU25760,yhcO,+,Weak
BSU25760-cotA,BSU25760,cotA,+,Weak
BSU25760-cotM,BSU25760,cotM,+,Weak
BSU25760-cotH,BSU25760,cotH,+,Weak
BSU25760-cotI,BSU25760,cotI,+,Weak
BSU25760-dapA,BSU25760,dapA,+,Weak
BSU25760-gerPF,BSU25760,gerPF,+,Weak
BSU25760-gerPE,BSU25760,gerPE,+,Weak
BSU25760-gerPD,BSU25760,gerPD,+,Weak
BSU25760-gerPC,BSU25760,gerPC,+,Weak
BSU25760-gerPB,BSU25760,gerPB,+,Weak
BSU25760-dapG,BSU25760,dapG,+,Weak
BSU25760-cotZ,BSU25760,cotZ,+,Weak
BSU25760-yjqC,BSU25760,yjqC,+,Weak
BSU25760-ydgB,BSU25760,ydgB,+,Weak
BSU25760-ydgA,BSU25760,ydgA,+,Weak
BSU25760-BSU26390,BSU25760,BSU26390,+,Weak
BSU25760-yosX,BSU25760,yosX,+,Weak
BSU25760-lipC,BSU25760,lipC,+,Weak
BSU25760-ypqA,BSU25760,ypqA,+,Weak
BSU25760-cotG,BSU25760,cotG,+,Weak
BSU25760-yodH,BSU25760,yodH,+,Weak
BSU25760-yodI,BSU25760,yodI,+,Weak
BSU25760-csfB,BSU25760,csfB,+,Weak
BSU25760-cotC,BSU25760,cotC,+,Weak
BSU25760-BSU19810,BSU25760,BSU19810,+,Weak
BSU25760-spsL,BSU25760,spsL,+,Weak
BSU25760-ynzH,BSU25760,ynzH,+,Weak
BSU25760-yxeE,BSU25760,yxeE,+,Weak
BSU25760-asd,BSU25760,asd,+,Weak
BSU25760-yhzE,BSU25760,yhzE,+,Weak
BSU25760-spsE,BSU25760,spsE,+,Weak
BSU25760-spsF,BSU25760,spsF,+,Weak
BSU25760-spsG,BSU25760,spsG,+,Weak
BSU25760-spsA,BSU25760,spsA,+,Weak
BSU25760-spsB,BSU25760,spsB,+,Weak
BSU25760-spsC,BSU25760,spsC,+,Weak
BSU25760-ylbE,BSU25760,ylbE,+,Weak
BSU25760-ylbD,BSU25760,ylbD,+,Weak
BSU25760-yisZ,BSU25760,yisZ,+,Weak
BSU25760-yrkC,BSU25760,yrkC,+,Weak
BSU25760-yjzB,BSU25760,yjzB,+,Weak
BSU25760-yurS,BSU25760,yurS,+,Weak
BSU25760-ftsY,BSU25760,ftsY,+,Weak
BSU25760-yabG,BSU25760,yabG,+,Weak
BSU25760-yfhP,BSU25760,yfhP,+,Weak
BSU25760-comB,BSU25760,comB,+,Weak
BSU25760-ywrJ,BSU25760,ywrJ,+,Weak
BSU25760-BSU26559,BSU25760,BSU26559,+,Weak
BSU25760-yisY,BSU25760,yisY,+,Weak
BSU25760-gerE,BSU25760,gerE,+,Weak
BSU25760-spsK,BSU25760,spsK,+,Weak
BSU25760-yvdP,BSU25760,yvdP,+,Weak
BSU25760-spsD,BSU25760,spsD,+,Weak
BSU25760-gerT,BSU25760,gerT,+,Weak
BSU25760-dpaB,BSU25760,dpaB,+,Weak
BSU25760-ymaG,BSU25760,ymaG,+,Weak
BSU25760-dpaA,BSU25760,dpaA,+,Weak
BSU25760-tgl,BSU25760,tgl,+,Weak
BSU25760-ykuD,BSU25760,ykuD,+,Weak
BSU25760-gerPA,BSU25760,gerPA,+,Weak
BSU25760-cotSA,BSU25760,cotSA,+,Weak
BSU25760-yaaO,BSU25760,yaaO,+,Weak
BSU25760-yaaN,BSU25760,yaaN,+,Weak
BSU25760-BSU25760,BSU25760,BSU25760,+,Weak
BSU25760-rmlA,BSU25760,rmlA,+,Weak
BSU25760-yfnH,BSU25760,yfnH,+,Weak
BSU25760-yfnG,BSU25760,yfnG,+,Weak
BSU25760-yfnF,BSU25760,yfnF,+,Weak
BSU25760-yfnE,BSU25760,yfnE,+,Weak
BSU25760-yfnD,BSU25760,yfnD,+,Weak
BSU25760-yppG,BSU25760,yppG,+,Weak
BSU25760-yotM,BSU25760,yotM,+,Weak
BSU25760-yotN,BSU25760,yotN,+,Weak
BSU25760-yotH,BSU25760,yotH,+,Weak
BSU25760-yotI,BSU25760,yotI,+,Weak
BSU25760-yotJ,BSU25760,yotJ,+,Weak
BSU25760-yotK,BSU25760,yotK,+,Weak
BSU25760-yotD,BSU25760,yotD,+,Weak
BSU25760-yotE,BSU25760,yotE,+,Weak
BSU25760-yotF,BSU25760,yotF,+,Weak
BSU25760-yotG,BSU25760,yotG,+,Weak
BSU25760-yotB,BSU25760,yotB,+,Weak
BSU25760-yotC,BSU25760,yotC,+,Weak
BSU25760-spoVK,BSU25760,spoVK,+,Weak
BSU25760-rfbB,BSU25760,rfbB,+,Weak
BSU25760-csk22,BSU25760,csk22,+,Weak
BSU25760-yeeK,BSU25760,yeeK,+,Weak
BSU25760-ykvP,BSU25760,ykvP,+,Weak
BSU25760-ykzQ,BSU25760,ykzQ,+,Weak
BSU25760-cwlC,BSU25760,cwlC,+,Weak
BSU25760-xpaC,BSU25760,xpaC,+,Weak
BSU25760-cwlJ,BSU25760,cwlJ,+,Weak
BSU25760-yqfQ,BSU25760,yqfQ,+,Weak
BSU25760-cwlH,BSU25760,cwlH,+,Weak
BSU25760-ysnD,BSU25760,ysnD,+,Weak
BSU25760-spoIISA,BSU25760,spoIISA,+,Weak
BSU25760-spoIISB,BSU25760,spoIISB,+,Weak
BSU25760-ykvQ,BSU25760,ykvQ,+,Weak
BSU25760-BSU_misc_RNA_79,BSU25760,BSU_misc_RNA_79,+,Weak
BSU25760-ytcB,BSU25760,ytcB,+,Weak
BSU25760-ytcC,BSU25760,ytcC,+,Weak
BSU25760-ytcA,BSU25760,ytcA,+,Weak
alsR-alsD,alsR,alsD,+,Weak
alsR-alsS,alsR,alsS,+,Weak
fapR-plsX,fapR,plsX,-,Weak
fapR-fabHB,fapR,fabHB,-,Weak
fapR-yhdN,fapR,yhdN,-,Weak
fapR-fabG,fapR,fabG,-,Weak
fapR-fabHA,fapR,fabHA,-,Weak
fapR-fabD,fapR,fabD,-,Weak
fapR-plsC,fapR,plsC,-,Weak
fapR-fabF,fapR,fabF,-,Weak
fapR-acpA,fapR,acpA,-,Weak
fapR-fapR,fapR,fapR,-,Weak
fapR-fabI,fapR,fabI,-,Weak
fur-catD,fur,catD,-,Weak
fur-catE,fur,catE,-,Weak
fur-btr,fur,btr,-,Weak
fur-yoaJ,fur,yoaJ,-,Weak
fur-feuC,fur,feuC,-,Weak
fur-dctA,fur,dctA,?,Weak
fur-ycgT,fur,ycgT,-,Weak
fur-yhfQ,fur,yhfQ,-,Weak
fur-yclN,fur,yclN,-,Weak
fur-ykuN,fur,ykuN,-,Weak
fur-yfmC,fur,yfmC,-,Weak
fur-yfmB,fur,yfmB,-,Weak
fur-ykoP,fur,ykoP,-,Weak
fur-yfmF,fur,yfmF,-,Weak
fur-yfmD,fur,yfmD,-,Weak
fur-yfmE,fur,yfmE,-,Weak
fur-new_1399409_1400187,fur,new_1399409_1400187,-,Weak
fur-yusV,fur,yusV,-,Weak
fur-yusU,fur,yusU,-,Weak
fur-besA,fur,besA,-,Weak
fur-yfkM,fur,yfkM,-,Weak
fur-BSU_misc_RNA_69,fur,BSU_misc_RNA_69,-,Weak
fur-yclP,fur,yclP,-,Weak
fur-yclO,fur,yclO,-,Weak
fur-BSU05899,fur,BSU05899,-,Weak
fur-yfiZ,fur,yfiZ,-,Weak
fur-hmoA,fur,hmoA,-,Weak
fur-yfiY,fur,yfiY,-,Weak
fur-BSU05890,fur,BSU05890,-,Weak
fur-ywjB,fur,ywjB,-,Weak
fur-ywjA,fur,ywjA,-,Weak
fur-ywiE,fur,ywiE,-,Weak
fur-ykuP,fur,ykuP,-,Weak
fur-fbpA,fur,fbpA,-,Weak
fur-fbpC,fur,fbpC,-,Weak
fur-dhbF,fur,dhbF,-,Weak
fur-yclQ,fur,yclQ,-,Weak
fur-dhbE,fur,dhbE,-,Weak
fur-dhbB,fur,dhbB,-,Weak
fur-dhbC,fur,dhbC,-,Weak
fur-dhbA,fur,dhbA,-,Weak
fur-nasB,fur,nasB,-,Weak
fur-nasC,fur,nasC,-,Weak
fur-yxeB,fur,yxeB,-,Weak
fur-nasF,fur,nasF,-,Weak
fur-zosA,fur,zosA,+,Weak
fur-nasD,fur,nasD,-,Weak
fur-nasE,fur,nasE,-,Weak
fur-feuB,fur,feuB,-,Weak
fur-ybdZ,fur,ybdZ,-,Weak
fur-ydbN,fur,ydbN,-,Weak
fur-yfhA,fur,yfhA,-,Weak
fur-yfhC,fur,yfhC,-,Weak
fur-efeU,fur,efeU,-,Weak
fur-ybbA,fur,ybbA,-,Weak
fur-efeN,fur,efeN,-,Weak
fur-fhuD,fur,fhuD,-,Weak
fur-fhuG,fur,fhuG,-,Weak
fur-efeM,fur,efeM,-,Weak
fur-fhuC,fur,fhuC,-,Weak
fur-fhuB,fur,fhuB,-,Weak
fur-gltA,fur,gltA,?,Weak
fur-ykuO,fur,ykuO,-,Weak
fur-gltB,fur,gltB,?,Weak
fur-feuA,fur,feuA,-,Weak
BSU33221-sigX,BSU33221,sigX,+,Weak
BSU33221-wprA,BSU33221,wprA,+,Weak
BSU33221-sunA,BSU33221,sunA,+,Weak
BSU33221-rsoA,BSU33221,rsoA,+,Weak
BSU33221-ywzH,BSU33221,ywzH,+,Weak
BSU33221-bdbA,BSU33221,bdbA,+,Weak
BSU33221-bdbB,BSU33221,bdbB,+,Weak
BSU33221-lytA,BSU33221,lytA,-,Weak
BSU33221-sigO,BSU33221,sigO,+,Weak
BSU33221-sunT,BSU33221,sunT,+,Weak
BSU33221-lytB,BSU33221,lytB,-,Weak
BSU33221-wapA,BSU33221,wapA,+,Weak
BSU33221-rsiX,BSU33221,rsiX,+,Weak
BSU33221-lytC,BSU33221,lytC,-,Weak
BSU33221-sunS,BSU33221,sunS,+,Weak
BSU33221-wapI,BSU33221,wapI,+,Weak
BSU33221-dltA,BSU33221,dltA,+,Weak
BSU33221-dltC,BSU33221,dltC,+,Weak
BSU33221-dltD,BSU33221,dltD,+,Weak
BSU33221-dltE,BSU33221,dltE,+,Weak
BSU33221-dltB,BSU33221,dltB,+,Weak
yetL-yetM,yetL,yetM,-,Weak
hrcA-prmA,hrcA,prmA,-,Weak
hrcA-groL,hrcA,groL,-,Weak
hrcA-rsmE,hrcA,rsmE,-,Weak
hrcA-mtaB,hrcA,mtaB,-,Weak
hrcA-hrcA,hrcA,hrcA,-,Weak
hrcA-grpE,hrcA,grpE,-,Weak
hrcA-groS,hrcA,groS,-,Weak
hrcA-dnaK,hrcA,dnaK,-,Weak
hrcA-dnaJ,hrcA,dnaJ,-,Weak
adhR-adhA,adhR,adhA,+,Weak
adhR-yraA,adhR,yraA,+,Weak
deoR-nupC,deoR,nupC,-,Weak
deoR-deoC,deoR,deoC,-,Weak
deoR-pdp,deoR,pdp,-,Weak
mifM-mifM,mifM,mifM,-,Weak
mifM-misCB,mifM,misCB,-,Weak
yvoA-mapB,yvoA,mapB,-,Weak
yvoA-nagP,yvoA,nagP,-,Weak
yvoA-yflI,yvoA,yflI,-,Weak
yvoA-yflH,yvoA,yflH,-,Weak
yvoA-yvoA,yvoA,yvoA,-,Weak
yvoA-nagB,yvoA,nagB,-,Weak
yvoA-nagA,yvoA,nagA,-,Weak
ybgA-ybgA,ybgA,ybgA,-,Weak
ybgA-ybgB,ybgA,ybgB,-,Weak
ybgA-gamA,ybgA,gamA,-,Weak
ybgA-gamP,ybgA,gamP,-,Weak
exuR-exuT,exuR,exuT,-,Weak
exuR-uxuA,exuR,uxuA,-,Weak
exuR-uxuB,exuR,uxuB,-,Weak
exuR-yjmD,exuR,yjmD,-,Weak
exuR-yjmB,exuR,yjmB,-,Weak
exuR-yjmC,exuR,yjmC,-,Weak
exuR-exuR,exuR,exuR,-,Weak
exuR-uxaA,exuR,uxaA,-,Weak
exuR-uxaB,exuR,uxaB,-,Weak
exuR-uxaC,exuR,uxaC,-,Weak
ycnK-ycnJ,ycnK,ycnJ,-,Weak
ycnK-ycnK,ycnK,ycnK,-,Weak
ycnK-ycnI,ycnK,ycnI,-,Weak
pyrR-pyrAB,pyrR,pyrAB,+-,Weak
pyrR-pyrAA,pyrR,pyrAA,+-,Weak
pyrR-pyrR,pyrR,pyrR,+-,Weak
pyrR-pyrP,pyrR,pyrP,+-,Weak
pyrR-pyrK,pyrR,pyrK,+-,Weak
pyrR-pyrF,pyrR,pyrF,+-,Weak
pyrR-pyrE,pyrR,pyrE,+-,Weak
pyrR-pyrD,pyrR,pyrD,+-,Weak
pyrR-pyrC,pyrR,pyrC,+-,Weak
pyrR-pyrB,pyrR,pyrB,+-,Weak
spo0A-rok,spo0A,rok,-,Weak
spo0A-yerB,spo0A,yerB,+,Weak
spo0A-yerC,spo0A,yerC,+,Weak
spo0A-txpA,spo0A,txpA,+,Weak
spo0A-tkt,spo0A,tkt,-,Weak
spo0A-abrB,spo0A,abrB,-,Weak
spo0A-ykqA,spo0A,ykqA,+,Weak
spo0A-fliG,spo0A,fliG,-,Weak
spo0A-fliF,spo0A,fliF,-,Weak
spo0A-ywqC,spo0A,ywqC,+,Weak
spo0A-ywqF,spo0A,ywqF,+,Weak
spo0A-ywqE,spo0A,ywqE,+,Weak
spo0A-ywqD,spo0A,ywqD,+,Weak
spo0A-yvhJ,spo0A,yvhJ,-,Weak
spo0A-cheC,spo0A,cheC,-,Weak
spo0A-ylxG,spo0A,ylxG,-,Weak
spo0A-ylxF,spo0A,ylxF,-,Weak
spo0A-phrA,spo0A,phrA,-,Weak
spo0A-spoIIAB,spo0A,spoIIAB,+,Weak
spo0A-spoIIAA,spo0A,spoIIAA,+,Weak
spo0A-racA,spo0A,racA,+,Weak
spo0A-rocD,spo0A,rocD,-,Weak
spo0A-rocE,spo0A,rocE,-,Weak
spo0A-rocF,spo0A,rocF,-,Weak
spo0A-ykuK,spo0A,ykuK,+,Weak
spo0A-ftsE,spo0A,ftsE,-,Weak
spo0A-ykaA,spo0A,ykaA,-,Weak
spo0A-yxbD,spo0A,yxbD,+,Weak
spo0A-yttP,spo0A,yttP,+,Weak
spo0A-ftsX,spo0A,ftsX,-,Weak
spo0A-yocH,spo0A,yocH,+,Weak
spo0A-yxbC,spo0A,yxbC,+,Weak
spo0A-ywzH,spo0A,ywzH,-,Weak
spo0A-divIVA,spo0A,divIVA,-,Weak
spo0A-yisK,spo0A,yisK,+,Weak
spo0A-flhA,spo0A,flhA,-,Weak
spo0A-flhF,spo0A,flhF,-,Weak
spo0A-yisL,spo0A,yisL,+,Weak
spo0A-yqzC,spo0A,yqzC,-,Weak
spo0A-yqzD,spo0A,yqzD,-,Weak
spo0A-nfrA1,spo0A,nfrA1,-,Weak
spo0A-sigA,spo0A,sigA,-,Weak
spo0A-cheW,spo0A,cheW,-,Weak
spo0A-ylxH,spo0A,ylxH,-,Weak
spo0A-ylmH,spo0A,ylmH,-,Weak
spo0A-sigD,spo0A,sigD,-,Weak
spo0A-sigG,spo0A,sigG,+,Weak
spo0A-sigF,spo0A,sigF,+,Weak
spo0A-ylmD,spo0A,ylmD,-,Weak
spo0A-ylmE,spo0A,ylmE,-,Weak
spo0A-ylmG,spo0A,ylmG,-,Weak
spo0A-cheY,spo0A,cheY,-,Weak
spo0A-yodL,spo0A,yodL,+,Weak
spo0A-cheD,spo0A,cheD,-,Weak
spo0A-cheB,spo0A,cheB,-,Weak
spo0A-metG,spo0A,metG,-,Weak
spo0A-cheA,spo0A,cheA,-,Weak
spo0A-yusE,spo0A,yusE,+,Weak
spo0A-yusD,spo0A,yusD,+,Weak
spo0A-ylzI,spo0A,ylzI,-,Weak
spo0A-med,spo0A,med,-,Weak
spo0A-spoIIGA,spo0A,spoIIGA,+,Weak
spo0A-sepF,spo0A,sepF,-,Weak
spo0A-skfE,spo0A,skfE,+,Weak
spo0A-skfF,spo0A,skfF,+,Weak
spo0A-skfG,spo0A,skfG,+,Weak
spo0A-skfA,spo0A,skfA,+,Weak
spo0A-skfB,spo0A,skfB,+,Weak
spo0A-skfC,spo0A,skfC,+,Weak
spo0A-skfH,spo0A,skfH,+,Weak
spo0A-comZ,spo0A,comZ,-,Weak
spo0A-sinR,spo0A,sinR,+,Weak
spo0A-comK,spo0A,comK,+,Weak
spo0A-yabD,spo0A,yabD,-,Weak
spo0A-sinI,spo0A,sinI,+,Weak
spo0A-lytE,spo0A,lytE,-,Weak
spo0A-yqxJ,spo0A,yqxJ,+,Weak
spo0A-soj,spo0A,soj,-,Weak
spo0A-yfmJ,spo0A,yfmJ,+,Weak
spo0A-ykuJ,spo0A,ykuJ,+,Weak
spo0A-yfmI,spo0A,yfmI,+,Weak
spo0A-ykuM,spo0A,ykuM,+,Weak
spo0A-ykuL,spo0A,ykuL,+,Weak
spo0A-yqxD,spo0A,yqxD,-,Weak
spo0A-sirA,spo0A,sirA,+,Weak
spo0A-accD,spo0A,accD,+,Weak
spo0A-accA,spo0A,accA,+,Weak
spo0A-yqxI,spo0A,yqxI,+,Weak
spo0A-fliY,spo0A,fliY,-,Weak
spo0A-kinC,spo0A,kinC,+,Weak
spo0A-fliZ,spo0A,fliZ,-,Weak
spo0A-fliQ,spo0A,fliQ,-,Weak
spo0A-fliP,spo0A,fliP,-,Weak
spo0A-fliR,spo0A,fliR,-,Weak
spo0A-fliM,spo0A,fliM,-,Weak
spo0A-fliL,spo0A,fliL,-,Weak
spo0A-fliI,spo0A,fliI,-,Weak
spo0A-fliH,spo0A,fliH,-,Weak
spo0A-fliK,spo0A,fliK,-,Weak
spo0A-fliJ,spo0A,fliJ,-,Weak
spo0A-fliE,spo0A,fliE,-,Weak
spo0A-dltA,spo0A,dltA,-,Weak
spo0A-dltB,spo0A,dltB,-,Weak
spo0A-dltC,spo0A,dltC,-,Weak
spo0A-dltD,spo0A,dltD,-,Weak
spo0A-dltE,spo0A,dltE,-,Weak
spo0A-flhB,spo0A,flhB,-,Weak
spo0A-yppE,spo0A,yppE,+,Weak
spo0A-yppD,spo0A,yppD,+,Weak
spo0A-ywcH,spo0A,ywcH,-,Weak
spo0A-yuxH,spo0A,yuxH,-,Weak
spo0A-dnaA,spo0A,dnaA,-,Weak
spo0A-dnaG,spo0A,dnaG,-,Weak
spo0A-dnaN,spo0A,dnaN,-,Weak
spo0A-ykzF,spo0A,ykzF,+,Weak
spo0A-yqcG,spo0A,yqcG,+,Weak
spo0A-pit,spo0A,pit,-,Weak
spo0A-yqcF,spo0A,yqcF,+,Weak
spo0A-yrrL,spo0A,yrrL,-,Weak
spo0A-kinA,spo0A,kinA,+,Weak
spo0A-ycgM,spo0A,ycgM,+,Weak
spo0A-ycgO,spo0A,ycgO,+,Weak
spo0A-ycgN,spo0A,ycgN,+,Weak
spo0A-BSU_misc_RNA_72,spo0A,BSU_misc_RNA_72,?,Weak
spo0A-rapA,spo0A,rapA,-,Weak
spo0A-ktrC,spo0A,ktrC,+,Weak
spo0A-spoIIE,spo0A,spoIIE,+,Weak
spo0A-yvyE,spo0A,yvyE,-,Weak
spo0A-sdpA,spo0A,sdpA,+,Weak
spo0A-sdpC,spo0A,sdpC,+,Weak
spo0A-sdpB,spo0A,sdpB,+,Weak
spo0A-sigE,spo0A,sigE,+,Weak
spo0A-spo0A,spo0A,spo0A,-,Weak
spo0A-spo0F,spo0A,spo0F,+,Weak
spo0A-pdxT,spo0A,pdxT,-,Weak
spo0A-spo0J,spo0A,spo0J,-,Weak
spo0A-epr,spo0A,epr,+,Weak
spo0A-swrB,spo0A,swrB,-,Weak
spo0A-flgC,spo0A,flgC,-,Weak
spo0A-flgB,spo0A,flgB,-,Weak
spo0A-flgG,spo0A,flgG,-,Weak
spo0A-pdxS,spo0A,pdxS,-,Weak
spo0A-yneF,spo0A,yneF,+,Weak
glpP-glpD,glpP,glpD,+,Weak
glpP-glpF,glpP,glpF,+,Weak
glpP-glpQ,glpP,glpQ,+,Weak
glpP-glpK,glpP,glpK,+,Weak
glpP-glpT,glpP,glpT,+,Weak
aseR-BSU05343,aseR,BSU05343,-,Weak
aseR-ydfA,aseR,ydfA,-,Weak
aseR-BSU05344,aseR,BSU05344,-,Weak
aseR-aseR,aseR,aseR,-,Weak
codY-yxbD,codY,yxbD,-,Weak
codY-yxbA,codY,yxbA,-,Weak
codY-yxbC,codY,yxbC,-,Weak
codY-yxbB,codY,yxbB,-,Weak
codY-clpY,codY,clpY,-,Weak
codY-clpQ,codY,clpQ,-,Weak
codY-yhjC,codY,yhjC,-,Weak
codY-hag,codY,hag,-,Weak
codY-codY,codY,codY,-,Weak
codY-ypmP,codY,ypmP,-,Weak
codY-leuD,codY,leuD,-,Weak
codY-leuB,codY,leuB,-,Weak
codY-leuC,codY,leuC,-,Weak
codY-leuA,codY,leuA,-,Weak
codY-phrC,codY,phrC,-,Weak
codY-ylxH,codY,ylxH,-,Weak
codY-flgG,codY,flgG,-,Weak
codY-phrE,codY,phrE,-,Weak
codY-rapC,codY,rapC,-,Weak
codY-mpr,codY,mpr,-,Weak
codY-asnH,codY,asnH,-,Weak
codY-rocD,codY,rocD,-,Weak
codY-rocE,codY,rocE,-,Weak
codY-rocF,codY,rocF,-,Weak
codY-rocA,codY,rocA,-,Weak
codY-rocB,codY,rocB,-,Weak
codY-rocC,codY,rocC,-,Weak
codY-ureB,codY,ureB,-,Weak
codY-ureC,codY,ureC,-,Weak
codY-ureA,codY,ureA,-,Weak
codY-dppA,codY,dppA,-,Weak
codY-dppB,codY,dppB,-,Weak
codY-dppC,codY,dppC,-,Weak
codY-dppD,codY,dppD,-,Weak
codY-bfmBAA,codY,bfmBAA,-,Weak
codY-bfmBAB,codY,bfmBAB,-,Weak
codY-rapE,codY,rapE,-,Weak
codY-yufP,codY,yufP,-,Weak
codY-dppE,codY,dppE,-,Weak
codY-flhB,codY,flhB,-,Weak
codY-flhA,codY,flhA,-,Weak
codY-flhF,codY,flhF,-,Weak
codY-pksF,codY,pksF,+,Weak
codY-citB,codY,citB,-,Weak
codY-acpK,codY,acpK,+,Weak
codY-cheW,codY,cheW,-,Weak
codY-bacD,codY,bacD,-,Weak
codY-metQ,codY,metQ,+,Weak
codY-bacB,codY,bacB,-,Weak
codY-bacC,codY,bacC,-,Weak
codY-bacA,codY,bacA,-,Weak
codY-ylmA,codY,ylmA,-,Weak
codY-cheY,codY,cheY,-,Weak
codY-cheD,codY,cheD,-,Weak
codY-cheB,codY,cheB,-,Weak
codY-cheC,codY,cheC,-,Weak
codY-cheA,codY,cheA,-,Weak
codY-tyrS1,codY,tyrS1,-,Weak
codY-metN,codY,metN,+,Weak
codY-ylzI,codY,ylzI,-,Weak
codY-pksC,codY,pksC,+,Weak
codY-frlB,codY,frlB,-,Weak
codY-frlD,codY,frlD,-,Weak
codY-pksG,codY,pksG,+,Weak
codY-pksD,codY,pksD,+,Weak
codY-pksE,codY,pksE,+,Weak
codY-pksJ,codY,pksJ,+,Weak
codY-pksH,codY,pksH,+,Weak
codY-pksI,codY,pksI,+,Weak
codY-pksN,codY,pksN,+,Weak
codY-pksL,codY,pksL,+,Weak
codY-pksM,codY,pksM,+,Weak
codY-pksR,codY,pksR,+,Weak
codY-braB,codY,braB,-,Weak
codY-oppC,codY,oppC,-,Weak
codY-oppB,codY,oppB,-,Weak
codY-oppD,codY,oppD,-,Weak
codY-oppF,codY,oppF,-,Weak
codY-BSU_29679,codY,BSU_29679,-,Weak
codY-guaB,codY,guaB,+,Weak
codY-oppA,codY,oppA,-,Weak
codY-hutU,codY,hutU,-,Weak
codY-comS,codY,comS,-,Weak
codY-isp,codY,isp,-,Weak
codY-yuiA,codY,yuiA,-,Weak
codY-hutP,codY,hutP,-,Weak
codY-hutM,codY,hutM,-,Weak
codY-yurM,codY,yurM,-,Weak
codY-comK,codY,comK,-,Weak
codY-yurO,codY,yurO,-,Weak
codY-hutI,codY,hutI,-,Weak
codY-hutH,codY,hutH,-,Weak
codY-yurJ,codY,yurJ,-,Weak
codY-carB,codY,carB,-,Weak
codY-argB,codY,argB,-,Weak
codY-argC,codY,argC,-,Weak
codY-argD,codY,argD,-,Weak
codY-argF,codY,argF,-,Weak
codY-nprE,codY,nprE,-,Weak
codY-yxnB,codY,yxnB,-,Weak
codY-thrB,codY,thrB,-,Weak
codY-thrC,codY,thrC,-,Weak
codY-srfAA,codY,srfAA,-,Weak
codY-appF,codY,appF,-,Weak
codY-amhX,codY,amhX,-,Weak
codY-appD,codY,appD,-,Weak
codY-appC,codY,appC,-,Weak
codY-appB,codY,appB,-,Weak
codY-yqiS,codY,yqiS,-,Weak
codY-yqiR,codY,yqiR,-,Weak
codY-guaC,codY,guaC,+,Weak
codY-yqiT,codY,yqiT,-,Weak
codY-yuiC,codY,yuiC,-,Weak
codY-acsA,codY,acsA,-,Weak
codY-ykfD,codY,ykfD,-,Weak
codY-ykfB,codY,ykfB,-,Weak
codY-ykfC,codY,ykfC,-,Weak
codY-kapB,codY,kapB,-,Weak
codY-ykfA,codY,ykfA,-,Weak
codY-xerC,codY,xerC,-,Weak
codY-hutG,codY,hutG,-,Weak
codY-ilvB,codY,ilvB,-,Weak
codY-fliY,codY,fliY,-,Weak
codY-fliZ,codY,fliZ,-,Weak
codY-fliQ,codY,fliQ,-,Weak
codY-fliP,codY,fliP,-,Weak
codY-fliR,codY,fliR,-,Weak
codY-fliM,codY,fliM,-,Weak
codY-fliL,codY,fliL,-,Weak
codY-fliI,codY,fliI,-,Weak
codY-yclM,codY,yclM,-,Weak
codY-fliK,codY,fliK,-,Weak
codY-fliJ,codY,fliJ,-,Weak
codY-fliE,codY,fliE,-,Weak
codY-fliG,codY,fliG,-,Weak
codY-fliF,codY,fliF,-,Weak
codY-vpr,codY,vpr,-,Weak
codY-trmFO,codY,trmFO,-,Weak
codY-bfmBB,codY,bfmBB,-,Weak
codY-bfmBC,codY,bfmBC,-,Weak
codY-ywfG,codY,ywfG,-,Weak
codY-kinB,codY,kinB,-,Weak
codY-yhdG,codY,yhdG,-,Weak
codY-ywfH,codY,ywfH,-,Weak
codY-BSU11382,codY,BSU11382,-,Weak
codY-BSU11381,codY,BSU11381,-,Weak
codY-ylxF,codY,ylxF,-,Weak
codY-aprE,codY,aprE,-,Weak
codY-sigD,codY,sigD,-,Weak
codY-hpr,codY,hpr,-,Weak
codY-hom,codY,hom,-,Weak
codY-yurN,codY,yurN,-,Weak
codY-ycgM,codY,ycgM,-,Weak
codY-ycgO,codY,ycgO,-,Weak
codY-ycgN,codY,ycgN,-,Weak
codY-ycgA,codY,ycgA,-,Weak
codY-argJ,codY,argJ,-,Weak
codY-rapA,codY,rapA,-,Weak
codY-yufN,codY,yufN,-,Weak
codY-yufO,codY,yufO,-,Weak
codY-yxaM,codY,yxaM,-,Weak
codY-phrA,codY,phrA,-,Weak
codY-ackA,codY,ackA,+,Weak
codY-yufQ,codY,yufQ,-,Weak
codY-yhjB,codY,yhjB,-,Weak
codY-metP,codY,metP,+,Weak
codY-gabP,codY,gabP,-,Weak
codY-ylxG,codY,ylxG,-,Weak
codY-bacE,codY,bacE,-,Weak
codY-ilvH,codY,ilvH,-,Weak
codY-ilvK,codY,ilvK,-,Weak
codY-ilvE,codY,ilvE,-,Weak
codY-ilvD,codY,ilvD,-,Weak
codY-srfAC,codY,srfAC,-,Weak
codY-srfAB,codY,srfAB,-,Weak
codY-ilvA,codY,ilvA,-,Weak
codY-srfAD,codY,srfAD,-,Weak
codY-ilvC,codY,ilvC,-,Weak
codY-yuiB,codY,yuiB,-,Weak
codY-ansZ,codY,ansZ,-,Weak
codY-carA,codY,carA,-,Weak
codY-buk,codY,buk,-,Weak
codY-swrB,codY,swrB,-,Weak
codY-flgC,codY,flgC,-,Weak
codY-flgB,codY,flgB,-,Weak
codY-yneN,codY,yneN,-,Weak
codY-ybfJ,codY,ybfJ,-,Weak
codY-fliH,codY,fliH,-,Weak
nhaX-nhaC,nhaX,nhaC,+,Weak
birA-bioB,birA,bioB,-,Weak
birA-bioF,birA,bioF,-,Weak
birA-bioD,birA,bioD,-,Weak
birA-ytbQ,birA,ytbQ,-,Weak
birA-bioK,birA,bioK,-,Weak
birA-bioI,birA,bioI,-,Weak
birA-yhfT,birA,yhfT,-,Weak
birA-phoE,birA,phoE,-,Weak
birA-bioW,birA,bioW,-,Weak
birA-yhfS,birA,yhfS,-,Weak
birA-bioY,birA,bioY,-,Weak
birA-bioYB,birA,bioYB,-,Weak
sinR-epsN,sinR,epsN,-,Weak
sinR-epsO,sinR,epsO,-,Weak
sinR-epsL,sinR,epsL,-,Weak
sinR-epsM,sinR,epsM,-,Weak
sinR-epsJ,sinR,epsJ,-,Weak
sinR-epsK,sinR,epsK,-,Weak
sinR-epsH,sinR,epsH,-,Weak
sinR-epsI,sinR,epsI,-,Weak
sinR-epsF,sinR,epsF,-,Weak
sinR-epsG,sinR,epsG,-,Weak
sinR-epsD,sinR,epsD,-,Weak
sinR-lytF,sinR,lytF,-,Weak
sinR-lytA,sinR,lytA,-,Weak
sinR-epsC,sinR,epsC,-,Weak
sinR-lytC,sinR,lytC,-,Weak
sinR-lytB,sinR,lytB,-,Weak
sinR-rok,sinR,rok,-,Weak
sinR-aprE,sinR,aprE,-,Weak
sinR-ywbD,sinR,ywbD,-,Weak
sinR-degS,sinR,degS,-,Weak
sinR-mstX,sinR,mstX,-,Weak
sinR-degU,sinR,degU,-,Weak
sinR-sigG,sinR,sigG,-,Weak
sinR-sigF,sinR,sigF,-,Weak
sinR-yqxM,sinR,yqxM,-,Weak
sinR-sipW,sinR,sipW,-,Weak
sinR-kapB,sinR,kapB,-,Weak
sinR-spoIIGA,sinR,spoIIGA,-,Weak
sinR-rapG,sinR,rapG,-,Weak
sinR-epsE,sinR,epsE,-,Weak
sinR-kinB,sinR,kinB,-,Weak
sinR-tasA,sinR,tasA,-,Weak
sinR-spoIIAB,sinR,spoIIAB,-,Weak
sinR-phrG,sinR,phrG,-,Weak
sinR-pnbA,sinR,pnbA,-,Weak
sinR-slrR,sinR,slrR,-,Weak
sinR-sigE,sinR,sigE,-,Weak
sinR-yveK,sinR,yveK,-,Weak
sinR-yvgN,sinR,yvgN,-,Weak
sinR-spoIIAA,sinR,spoIIAA,-,Weak
sinR-yveL,sinR,yveL,-,Weak
sinR-spoVG,sinR,spoVG,-,Weak
sinR-epr,sinR,epr,-,Weak
sinR-lutA,sinR,lutA,-,Weak
sinR-lutC,sinR,lutC,-,Weak
sinR-lutB,sinR,lutB,-,Weak
sinR-sinR,sinR,sinR,-,Weak
sinR-sinI,sinR,sinI,-,Weak
sinR-yugO,sinR,yugO,-,Weak
ywrC-ywrB,ywrC,ywrB,-,Weak
ywrC-ywrC,ywrC,ywrC,-,Weak
ywrC-ywrA,ywrC,ywrA,-,Weak
rpsD-rpsD,rpsD,rpsD,-,Weak
rpsB-rpsB,rpsB,rpsB,-,Weak
gerE-BSU_misc_RNA_79,gerE,BSU_misc_RNA_79,-,Weak
gerE-gerPF,gerE,gerPF,-,Weak
gerE-yisY,gerE,yisY,-,Weak
gerE-gerPD,gerE,gerPD,-,Weak
gerE-gerPC,gerE,gerPC,-,Weak
gerE-gerT,gerE,gerT,-,Weak
gerE-gerPA,gerE,gerPA,-,Weak
gerE-ytxO,gerE,ytxO,+,Weak
gerE-spsK,gerE,spsK,+,Weak
gerE-yvdP,gerE,yvdP,+,Weak
gerE-cgeD,gerE,cgeD,+,Weak
gerE-rfbB,gerE,rfbB,+,Weak
gerE-spsD,gerE,spsD,+,Weak
gerE-cotX,gerE,cotX,+,Weak
gerE-BSU25760,gerE,BSU25760,-,Weak
gerE-spsE,gerE,spsE,+,Weak
gerE-ydgB,gerE,ydgB,-,Weak
gerE-ymaG,gerE,ymaG,+,Weak
gerE-ydgA,gerE,ydgA,-,Weak
gerE-yfnE,gerE,yfnE,+,Weak
gerE-BSU26390,gerE,BSU26390,-,Weak
gerE-tgl,gerE,tgl,-,Weak
gerE-gerPB,gerE,gerPB,-,Weak
gerE-lipC,gerE,lipC,+,Weak
gerE-spsG,gerE,spsG,+,Weak
gerE-gerPE,gerE,gerPE,-,Weak
gerE-cotSA,gerE,cotSA,+,Weak
gerE-sspG,gerE,sspG,+,Weak
gerE-cotD,gerE,cotD,+,Weak
gerE-oxdD,gerE,oxdD,-,Weak
gerE-ykzQ,gerE,ykzQ,+,Weak
gerE-yhjQ,gerE,yhjQ,-,Weak
gerE-yhjR,gerE,yhjR,-,Weak
gerE-yppG,gerE,yppG,+,Weak
gerE-yhzE,gerE,yhzE,+,Weak
gerE-ftsY,gerE,ftsY,+,Weak
gerE-yeeK,gerE,yeeK,+,Weak
gerE-yurS,gerE,yurS,+,Weak
gerE-BSU19810,gerE,BSU19810,+,Weak
gerE-spsL,gerE,spsL,+,Weak
gerE-cotZ,gerE,cotZ,+,Weak
gerE-rmlA,gerE,rmlA,+,Weak
gerE-ynzH,gerE,ynzH,+,Weak
gerE-yxeE,gerE,yxeE,+,Weak
gerE-yfnH,gerE,yfnH,+,Weak
gerE-yfnG,gerE,yfnG,+,Weak
gerE-yfnF,gerE,yfnF,+,Weak
gerE-spsF,gerE,spsF,+,Weak
gerE-yfnD,gerE,yfnD,+,Weak
gerE-spsA,gerE,spsA,+,Weak
gerE-spsB,gerE,spsB,+,Weak
gerE-spsC,gerE,spsC,+,Weak
gerE-cotV,gerE,cotV,+,Weak
gerE-cotW,gerE,cotW,+,Weak
gerE-cotT,gerE,cotT,-,Weak
gerE-ylbD,gerE,ylbD,+,Weak
gerE-ylbE,gerE,ylbE,+,Weak
gerE-cotS,gerE,cotS,+,Weak
gerE-cotP,gerE,cotP,-,Weak
gerE-cgeA,gerE,cgeA,+,Weak
gerE-ytcB,gerE,ytcB,-,Weak
gerE-cgeC,gerE,cgeC,+,Weak
gerE-cgeB,gerE,cgeB,+,Weak
gerE-cgeE,gerE,cgeE,+,Weak
gerE-yjzB,gerE,yjzB,+,Weak
gerE-cwlH,gerE,cwlH,+,Weak
gerE-cotY,gerE,cotY,+,Weak
gerE-cotG,gerE,cotG,+,Weak
gerE-ysnD,gerE,ysnD,-,Weak
gerE-cotE,gerE,cotE,-,Weak
gerE-cotB,gerE,cotB,-,Weak
gerE-cotC,gerE,cotC,+,Weak
gerE-cotA,gerE,cotA,-,Weak
gerE-cotM,gerE,cotM,-,Weak
gerE-ywrJ,gerE,ywrJ,-,Weak
gerE-ytcC,gerE,ytcC,-,Weak
gerE-cotH,gerE,cotH,-,Weak
gerE-ytcA,gerE,ytcA,-,Weak
phoP-pstS,phoP,pstS,+,Weak
phoP-ykoL,phoP,ykoL,+,Weak
phoP-phrK,phoP,phrK,+,Weak
phoP-tuaE,phoP,tuaE,+,Weak
phoP-pstB2,phoP,pstB2,+,Weak
phoP-skfG,phoP,skfG,+,Weak
phoP-BSU35609,phoP,BSU35609,+,Weak
phoP-treR,phoP,treR,+,Weak
phoP-ydjM,phoP,ydjM,+,Weak
phoP-yycQ,phoP,yycQ,+,Weak
phoP-yycP,phoP,yycP,+,Weak
phoP-yfkN,phoP,yfkN,+,Weak
phoP-comS,phoP,comS,+,Weak
phoP-rapK,phoP,rapK,+,Weak
phoP-tuaB,phoP,tuaB,+,Weak
phoP-yjdB,phoP,yjdB,+,Weak
phoP-yycO,phoP,yycO,+,Weak
phoP-yqgI,phoP,yqgI,+,Weak
phoP-yqgH,phoP,yqgH,+,Weak
phoP-resB,phoP,resB,+,Weak
phoP-resC,phoP,resC,+,Weak
phoP-yxiO,phoP,yxiO,+,Weak
phoP-resD,phoP,resD,+,Weak
phoP-resE,phoP,resE,+,Weak
phoP-phoP,phoP,phoP,+,Weak
phoP-tuaH,phoP,tuaH,+,Weak
phoP-phoR,phoP,phoR,+,Weak
phoP-vpr,phoP,vpr,+,Weak
phoP-treA,phoP,treA,+,Weak
phoP-tuaC,phoP,tuaC,+,Weak
phoP-yvyD,phoP,yvyD,+,Weak
phoP-tuaA,phoP,tuaA,+,Weak
phoP-tuaF,phoP,tuaF,+,Weak
phoP-tuaG,phoP,tuaG,+,Weak
phoP-tuaD,phoP,tuaD,+,Weak
phoP-ydhF,phoP,ydhF,+,Weak
phoP-phoA,phoP,phoA,+,Weak
phoP-skfE,phoP,skfE,+,Weak
phoP-skfF,phoP,skfF,+,Weak
phoP-phoB,phoP,phoB,+,Weak
phoP-phoD,phoP,phoD,+,Weak
phoP-skfB,phoP,skfB,+,Weak
phoP-skfC,phoP,skfC,+,Weak
phoP-srfAA,phoP,srfAA,+,Weak
phoP-treP,phoP,treP,+,Weak
phoP-srfAC,phoP,srfAC,+,Weak
phoP-srfAB,phoP,srfAB,+,Weak
phoP-skfH,phoP,skfH,+,Weak
phoP-srfAD,phoP,srfAD,+,Weak
phoP-ydjN,phoP,ydjN,+,Weak
phoP-glpT,phoP,glpT,+,Weak
phoP-resA,phoP,resA,+,Weak
phoP-glpQ,phoP,glpQ,+,Weak
phoP-ykzB,phoP,ykzB,+,Weak
phoP-pstB1,phoP,pstB1,+,Weak
phoP-bsn,phoP,bsn,+,Weak
phoP-yttP,phoP,yttP,+,Weak
phoP-tagD,phoP,tagD,-,Weak
phoP-tagE,phoP,tagE,-,Weak
phoP-tagF,phoP,tagF,-,Weak
phoP-tagG,phoP,tagG,-,Weak
phoP-tagA,phoP,tagA,-,Weak
phoP-tagB,phoP,tagB,-,Weak
phoP-tatAd,phoP,tatAd,+,Weak
phoP-tagH,phoP,tagH,-,Weak
phoP-tatC1,phoP,tatC1,+,Weak
phoP-skfA,phoP,skfA,+,Weak
ylxR-hisD,ylxR,hisD,?,Weak
ylxR-artQ,ylxR,artQ,?,Weak
ylxR-hisF,ylxR,hisF,?,Weak
ylxR-hisG,ylxR,hisG,?,Weak
ylxR-hisA,ylxR,hisA,?,Weak
ylxR-hisB,ylxR,hisB,?,Weak
ylxR-artP,ylxR,artP,?,Weak
ylxR-opuCB,ylxR,opuCB,?,Weak
ylxR-opuCC,ylxR,opuCC,?,Weak
ylxR-opuCA,ylxR,opuCA,?,Weak
ylxR-hisH,ylxR,hisH,?,Weak
ylxR-hisI,ylxR,hisI,?,Weak
ylxR-opuCD,ylxR,opuCD,?,Weak
ylxR-artM,ylxR,artM,?,Weak
ylxR-proB,ylxR,proB,?,Weak
ylxR-proA,ylxR,proA,?,Weak
ylxR-yufS,ylxR,yufS,?,Weak
ylxR-yurN,ylxR,yurN,?,Weak
ylxR-yoyE,ylxR,yoyE,?,Weak
ylxR-yhfH,ylxR,yhfH,?,Weak
ylxR-frlB,ylxR,frlB,?,Weak
ylxR-frlD,ylxR,frlD,?,Weak
ylxR-rpsN2,ylxR,rpsN2,?,Weak
ylxR-carA,ylxR,carA,?,Weak
ylxR-hisZ,ylxR,hisZ,?,Weak
ylxR-argH,ylxR,argH,?,Weak
ylxR-yurM,ylxR,yurM,?,Weak
ylxR-argJ,ylxR,argJ,?,Weak
ylxR-yurO,ylxR,yurO,?,Weak
ylxR-yurJ,ylxR,yurJ,?,Weak
ylxR-carB,ylxR,carB,?,Weak
ylxR-argB,ylxR,argB,?,Weak
ylxR-argC,ylxR,argC,?,Weak
ylxR-argD,ylxR,argD,?,Weak
ylxR-argF,ylxR,argF,?,Weak
ylxR-argG,ylxR,argG,?,Weak
nadR-nadC,nadR,nadC,-,Weak
nadR-nadB,nadR,nadB,-,Weak
nadR-nadA,nadR,nadA,-,Weak
nadR-naiP,nadR,naiP,-,Weak
nadR-nadR,nadR,nadR,-,Weak
nadR-nifS,nadR,nifS,-,Weak
rplT-rpmI,rplT,rpmI,-,Weak
rplT-ysdA,rplT,ysdA,-,Weak
rplT-rplT,rplT,rplT,-,Weak
rplT-infC,rplT,infC,-,Weak
rplJ-rplL,rplJ,rplL,-,Weak
rplJ-rplJ,rplJ,rplJ,-,Weak
bscR-cypE,bscR,cypE,-,Weak
bscR-bscR,bscR,bscR,-,Weak
ywaE-tyrS2,ywaE,tyrS2,-,Weak
ywaE-ywaE,ywaE,ywaE,-,Weak
xpf-xhlA,xpf,xhlA,+,Weak
xpf-xhlB,xpf,xhlB,+,Weak
xpf-xkdG,xpf,xkdG,+,Weak
xpf-xkdF,xpf,xkdF,+,Weak
xpf-xkdE,xpf,xkdE,+,Weak
xpf-xkdK,xpf,xkdK,+,Weak
xpf-xkdJ,xpf,xkdJ,+,Weak
xpf-xkdI,xpf,xkdI,+,Weak
xpf-xkdH,xpf,xkdH,+,Weak
xpf-xkdO,xpf,xkdO,+,Weak
xpf-xkdM,xpf,xkdM,+,Weak
xpf-xkdS,xpf,xkdS,+,Weak
xpf-xkdR,xpf,xkdR,+,Weak
xpf-xkdQ,xpf,xkdQ,+,Weak
xpf-xkdP,xpf,xkdP,+,Weak
xpf-xkdW,xpf,xkdW,+,Weak
xpf-xkdV,xpf,xkdV,+,Weak
xpf-xkdU,xpf,xkdU,+,Weak
xpf-xkdT,xpf,xkdT,+,Weak
xpf-xkdX,xpf,xkdX,+,Weak
xpf-xkzA,xpf,xkzA,+,Weak
xpf-xkzB,xpf,xkzB,+,Weak
xpf-xtmB,xpf,xtmB,+,Weak
xpf-xtmA,xpf,xtmA,+,Weak
xpf-xepA,xpf,xepA,+,Weak
xpf-xlyA,xpf,xlyA,+,Weak
xpf-BSU12671,xpf,BSU12671,+,Weak
sacY-levB,sacY,levB,+,Weak
sacY-sacY,sacY,sacY,+,Weak
sacY-sacX,sacY,sacX,+,Weak
sacY-sacB,sacY,sacB,+,Weak
xylR-xylA,xylR,xylA,-,Weak
xylR-xynB,xylR,xynB,-,Weak
xylR-xylB,xylR,xylB,-,Weak
xylR-ynaJ,xylR,ynaJ,-,Weak
yvmB-yvmB,yvmB,yvmB,-,Weak
yvmB-yvmC,yvmB,yvmC,-,Weak
yvmB-yisI,yvmB,yisI,+,Weak
yvmB-yvmA,yvmB,yvmA,-,Weak
yvmB-cypX,yvmB,cypX,-,Weak
dnaA-mnmG,dnaA,mnmG,-,Weak
dnaA-mnmE,dnaA,mnmE,-,Weak
dnaA-rsmG,dnaA,rsmG,-,Weak
dnaA-sunS,dnaA,sunS,-,Weak
dnaA-bdbB,dnaA,bdbB,-,Weak
dnaA-sunT,dnaA,sunT,-,Weak
dnaA-ywlC,dnaA,ywlC,-,Weak
dnaA-sacT,dnaA,sacT,-,Weak
dnaA-sunA,dnaA,sunA,-,Weak
dnaA-yxaL,dnaA,yxaL,-,Weak
dnaA-rlmH,dnaA,rlmH,-,Weak
dnaA-yxaJ,dnaA,yxaJ,-,Weak
dnaA-vpr,dnaA,vpr,-,Weak
dnaA-noc,dnaA,noc,-,Weak
dnaA-sda,dnaA,sda,+,Weak
dnaA-ywcI,dnaA,ywcI,-,Weak
dnaA-yybJ,dnaA,yybJ,-,Weak
dnaA-yybK,dnaA,yybK,-,Weak
dnaA-yybL,dnaA,yybL,-,Weak
dnaA-yybM,dnaA,yybM,-,Weak
dnaA-yybN,dnaA,yybN,-,Weak
dnaA-bdbA,dnaA,bdbA,-,Weak
levR-levE,levR,levE,+,Weak
levR-levG,levR,levG,+,Weak
levR-levF,levR,levF,+,Weak
levR-sacC,levR,sacC,+,Weak
levR-levD,levR,levD,+,Weak
yxaF-yxaF,yxaF,yxaF,-,Weak
yxaF-qdoI,yxaF,qdoI,-,Weak
yxaF-yxaH,yxaF,yxaH,-,Weak
yfiK-yfiN,yfiK,yfiN,+,Weak
yfiK-yfiL,yfiK,yfiL,+,Weak
yfiK-yfiM,yfiK,yfiM,+,Weak
yfiR-yfiR,yfiR,yfiR,-,Weak
yfiR-yfiS,yfiR,yfiS,-,Weak
ntdR-ntdB,ntdR,ntdB,+,Weak
ntdR-glcP,ntdR,glcP,+,Weak
ntdR-ntdC,ntdR,ntdC,+,Weak
ntdR-ntdA,ntdR,ntdA,+,Weak
ywcC-slrA,ywcC,slrA,-,Weak
glvR-glvR,glvR,glvR,+,Weak
glvR-glvA,glvR,glvA,+,Weak
glvR-malP,glvR,malP,+,Weak
BSU_misc_RNA_16-ykkD,BSU_misc_RNA_16,ykkD,+,Weak
BSU_misc_RNA_16-ykkC,BSU_misc_RNA_16,ykkC,+,Weak
btr-ybbA,btr,ybbA,+,Weak
btr-feuA,btr,feuA,+,Weak
btr-feuB,btr,feuB,+,Weak
btr-feuC,btr,feuC,+,Weak
yheJ-yheH,yheJ,yheH,-,Weak
yheJ-yheI,yheJ,yheI,-,Weak
yheJ-yheJ,yheJ,yheJ,-,Weak
ywbI-cidA,ywbI,cidA,+,Weak
ywbI-ywbG,ywbI,ywbG,+,Weak
csoR-yosX,csoR,yosX,-,Weak
csoR-yotN,csoR,yotN,-,Weak
csoR-copA,csoR,copA,-,Weak
csoR-yotH,csoR,yotH,-,Weak
csoR-yotI,csoR,yotI,-,Weak
csoR-yotJ,csoR,yotJ,-,Weak
csoR-yotK,csoR,yotK,-,Weak
csoR-yotD,csoR,yotD,-,Weak
csoR-yotE,csoR,yotE,-,Weak
csoR-yotF,csoR,yotF,-,Weak
csoR-yotG,csoR,yotG,-,Weak
csoR-yotB,csoR,yotB,-,Weak
csoR-yotC,csoR,yotC,-,Weak
csoR-yotM,csoR,yotM,-,Weak
csoR-copZ,csoR,copZ,-,Weak
hutP-hutU,hutP,hutU,+,Weak
hutP-hutP,hutP,hutP,+,Weak
hutP-hutM,hutP,hutM,+,Weak
hutP-hutI,hutP,hutI,+,Weak
hutP-hutH,hutP,hutH,+,Weak
hutP-hutG,hutP,hutG,+,Weak
czrA-cadA,czrA,cadA,-,Weak
czrA-czcO,czrA,czcO,-,Weak
czrA-czcD,czrA,czcD,-,Weak
hprT-tilS,hprT,tilS,+,Weak
hprT-hprT,hprT,hprT,+,Weak
hprT-ftsH,hprT,ftsH,+,Weak
lmrA-yxaF,lmrA,yxaF,-,Weak
lmrA-qdoI,lmrA,qdoI,-,Weak
lmrA-yxaH,lmrA,yxaH,-,Weak
lmrA-lmrB,lmrA,lmrB,-,Weak
lmrA-lmrA,lmrA,lmrA,-,Weak
rpmE-rpmE,rpmE,rpmE,-,Weak
azlB-azlC,azlB,azlC,-,Weak
azlB-azlB,azlB,azlB,-,Weak
azlB-yrdK,azlB,yrdK,-,Weak
azlB-brnQ,azlB,brnQ,-,Weak
azlB-azlD,azlB,azlD,-,Weak
mtlR-mtlA,mtlR,mtlA,+,Weak
mtlR-mtlF,mtlR,mtlF,+,Weak
mtlR-mtlD,mtlR,mtlD,+,Weak
arsR-yqcK,arsR,yqcK,-,Weak
arsR-arsB,arsR,arsB,-,Weak
arsR-arsR,arsR,arsR,-,Weak
arsR-arsC,arsR,arsC,-,Weak
natR-natB,natR,natB,+,Weak
natR-natA,natR,natA,+,Weak
gutR-gutA,gutR,gutA,+,Weak
gutR-gutB,gutR,gutB,+,Weak
gutR-ydjE,gutR,ydjE,+,Weak
cssR-cssS,cssR,cssS,+,Weak
cssR-cssR,cssR,cssR,+,Weak
cssR-yuzO,cssR,yuzO,+,Weak
cssR-htrB,cssR,htrB,+,Weak
cssR-htrA,cssR,htrA,+,Weak
bltR-blt,bltR,blt,+,Weak
bltR-bltD,bltR,bltD,+,Weak
spoIIID-yheC,spoIIID,yheC,+,Weak
spoIIID-yheD,spoIIID,yheD,+,Weak
spoIIID-bofA,spoIIID,bofA,-,Weak
spoIIID-gerE,spoIIID,gerE,+,Weak
spoIIID-cotJA,spoIIID,cotJA,+,Weak
spoIIID-gerM,spoIIID,gerM,-,Weak
spoIIID-spoIVFA,spoIIID,spoIVFA,-,Weak
spoIIID-yrzE,spoIIID,yrzE,-,Weak
spoIIID-ylbO,spoIIID,ylbO,+,Weak
spoIIID-spoIIIAF,spoIIID,spoIIIAF,-,Weak
spoIIID-BSU25760,spoIIID,BSU25760,+,Weak
spoIIID-BSU26390,spoIIID,BSU26390,+,Weak
spoIIID-murG,spoIIID,murG,-,Weak
spoIIID-yqhV,spoIIID,yqhV,-,Weak
spoIIID-mraY,spoIIID,mraY,-,Weak
spoIIID-spoIVA,spoIIID,spoIVA,-,Weak
spoIIID-murB,spoIIID,murB,-,Weak
spoIIID-spoIIIAC,spoIIID,spoIIIAC,-,Weak
spoIIID-murD,spoIIID,murD,-,Weak
spoIIID-murE,spoIIID,murE,-,Weak
spoIIID-cotJC,spoIIID,cotJC,+,Weak
spoIIID-ylmC,spoIIID,ylmC,-,Weak
spoIIID-yaaH,spoIIID,yaaH,-,Weak
spoIIID-ypjB,spoIIID,ypjB,-,Weak
spoIIID-G8J2-20,spoIIID,G8J2-20,+,Weak
spoIIID-cotC,spoIIID,cotC,-,Weak
spoIIID-spoIID,spoIIID,spoIID,-,Weak
spoIIID-cse15,spoIIID,cse15,+,Weak
spoIIID-sbp,spoIIID,sbp,-,Weak
spoIIID-yesK,spoIIID,yesK,+,Weak
spoIIID-yesJ,spoIIID,yesJ,+,Weak
spoIIID-divIB,spoIIID,divIB,-,Weak
spoIIID-spoVK,spoIIID,spoVK,+,Weak
spoIIID-spoVD,spoIIID,spoVD,-,Weak
spoIIID-cotJB,spoIIID,cotJB,+,Weak
spoIIID-ylxW,spoIIID,ylxW,-,Weak
spoIIID-spoIVFB,spoIIID,spoIVFB,-,Weak
spoIIID-ylxX,spoIIID,ylxX,-,Weak
spoIIID-cisA,spoIIID,cisA,+,Weak
spoIIID-spoVE,spoIIID,spoVE,-,Weak
spoIIID-spoIIIAH,spoIIID,spoIIIAH,-,Weak
spoIIID-cotW,spoIIID,cotW,+,Weak
spoIIID-cotT,spoIIID,cotT,+,Weak
spoIIID-yhaX,spoIIID,yhaX,-,Weak
spoIIID-yqfZ,spoIIID,yqfZ,-,Weak
spoIIID-yugU,spoIIID,yugU,-,Weak
spoIIID-cotV,spoIIID,cotV,+,Weak
spoIIID-spoIIIAB,spoIIID,spoIIIAB,-,Weak
spoIIID-ylbJ,spoIIID,ylbJ,-,Weak
spoIIID-spoIIIAD,spoIIID,spoIIIAD,-,Weak
spoIIID-spoIIIAE,spoIIID,spoIIIAE,-,Weak
spoIIID-cotX,spoIIID,cotX,+,Weak
spoIIID-spoIIIAG,spoIIID,spoIIIAG,-,Weak
spoIIID-cotF,spoIIID,cotF,+,Weak
spoIIID-pdaB,spoIIID,pdaB,-,Weak
spoIIID-cotD,spoIIID,cotD,-,Weak
spoIIID-cotB,spoIIID,cotB,+,Weak
spoIIID-yuzH,spoIIID,yuzH,-,Weak
spoIIID-spoVM,spoIIID,spoVM,+,Weak
spoIIID-spoIIIAA,spoIIID,spoIIIAA,-,Weak
spoIIID-yqfD,spoIIID,yqfD,-,Weak
spoIIID-spoVB,spoIIID,spoVB,-,Weak
spoIIID-ispG,spoIIID,ispG,-,Weak
spoIIID-ywrJ,spoIIID,ywrJ,+,Weak
spoIIID-cwlJ,spoIIID,cwlJ,+,Weak
spoIIID-cotH,spoIIID,cotH,+,Weak
spoIIID-yqfC,spoIIID,yqfC,-,Weak
desR-des,desR,des,+,Weak
gbsR-gbsB,gbsR,gbsB,-,Weak
gbsR-gbsA,gbsR,gbsA,-,Weak
gbsR-opuBA,gbsR,opuBA,-,Weak
gbsR-opuBC,gbsR,opuBC,-,Weak
gbsR-opuBB,gbsR,opuBB,-,Weak
gbsR-opuBD,gbsR,opuBD,-,Weak
tyrS2-tyrS2,tyrS2,tyrS2,+,Weak
tyrS2-ywaE,tyrS2,ywaE,+,Weak
ylzA-epsN,ylzA,epsN,+,Weak
ylzA-epsO,ylzA,epsO,+,Weak
ylzA-epsL,ylzA,epsL,+,Weak
ylzA-epsM,ylzA,epsM,+,Weak
ylzA-epsJ,ylzA,epsJ,+,Weak
ylzA-epsK,ylzA,epsK,+,Weak
ylzA-epsH,ylzA,epsH,+,Weak
ylzA-epsI,ylzA,epsI,+,Weak
ylzA-opuCB,ylzA,opuCB,+,Weak
ylzA-epsG,ylzA,epsG,+,Weak
ylzA-epsD,ylzA,epsD,+,Weak
ylzA-opuCA,ylzA,opuCA,+,Weak
ylzA-epsC,ylzA,epsC,+,Weak
ylzA-opuCD,ylzA,opuCD,+,Weak
ylzA-opuAA,ylzA,opuAA,+,Weak
ylzA-opuAB,ylzA,opuAB,+,Weak
ylzA-opuAC,ylzA,opuAC,+,Weak
ylzA-yqxM,ylzA,yqxM,+,Weak
ylzA-epsF,ylzA,epsF,+,Weak
ylzA-sipW,ylzA,sipW,+,Weak
ylzA-opuCC,ylzA,opuCC,+,Weak
ylzA-epsE,ylzA,epsE,+,Weak
ylzA-opuBA,ylzA,opuBA,+,Weak
ylzA-tasA,ylzA,tasA,+,Weak
ylzA-opuBC,ylzA,opuBC,+,Weak
ylzA-opuBB,ylzA,opuBB,+,Weak
ylzA-opuBD,ylzA,opuBD,+,Weak
ylzA-yveK,ylzA,yveK,+,Weak
ylzA-yveL,ylzA,yveL,+,Weak
yfhP-yfhQ,yfhP,yfhQ,-,Weak
yfhP-fabL,yfhP,fabL,-,Weak
yfhP-sspE,yfhP,sspE,-,Weak
rplL-rplL,rplL,rplL,-,Weak
rplL-rplJ,rplL,rplJ,-,Weak
hpr-epr,hpr,epr,-,Weak
hpr-ywfG,hpr,ywfG,-,Weak
hpr-BSU25760,hpr,BSU25760,-,Weak
hpr-appF,hpr,appF,-,Weak
hpr-appD,hpr,appD,-,Weak
hpr-appC,hpr,appC,-,Weak
hpr-BSU11382,hpr,BSU11382,-,Weak
hpr-BSU11381,hpr,BSU11381,-,Weak
hpr-aprE,hpr,aprE,-,Weak
hpr-bacD,hpr,bacD,-,Weak
hpr-bacE,hpr,bacE,-,Weak
hpr-bacB,hpr,bacB,-,Weak
hpr-bacC,hpr,bacC,-,Weak
hpr-bacA,hpr,bacA,-,Weak
hpr-hag,hpr,hag,-,Weak
hpr-phoP,hpr,phoP,-,Weak
hpr-phoR,hpr,phoR,-,Weak
hpr-yvyF,hpr,yvyF,-,Weak
hpr-yvyG,hpr,yvyG,-,Weak
hpr-fliW,hpr,fliW,-,Weak
hpr-comFC,hpr,comFC,-,Weak
hpr-oppA,hpr,oppA,-,Weak
hpr-braB,hpr,braB,-,Weak
hpr-oppC,hpr,oppC,-,Weak
hpr-oppB,hpr,oppB,-,Weak
hpr-oppD,hpr,oppD,-,Weak
hpr-oppF,hpr,oppF,-,Weak
hpr-yclF,hpr,yclF,-,Weak
hpr-nprE,hpr,nprE,-,Weak
hpr-appB,hpr,appB,-,Weak
hpr-sinR,hpr,sinR,-,Weak
hpr-csrA,hpr,csrA,-,Weak
hpr-comFA,hpr,comFA,-,Weak
hpr-comFB,hpr,comFB,-,Weak
hpr-sinI,hpr,sinI,-,Weak
hpr-flgK,hpr,flgK,-,Weak
hpr-yviE,hpr,yviE,-,Weak
hpr-flgM,hpr,flgM,-,Weak
hpr-flgL,hpr,flgL,-,Weak
yqaE-yqaI,yqaE,yqaI,-,Weak
yqaE-yqaH,yqaE,yqaH,-,Weak
yqaE-yqaK,yqaE,yqaK,-,Weak
yqaE-yqaJ,yqaE,yqaJ,-,Weak
yqaE-yqaM,yqaE,yqaM,-,Weak
yqaE-yqaL,yqaE,yqaL,-,Weak
yqaE-yqaN,yqaE,yqaN,-,Weak
yqaE-yqaG,yqaE,yqaG,-,Weak
yqaE-yqaF,yqaE,yqaF,-,Weak
yqaE-yqzO,yqaE,yqzO,-,Weak
yqaE-yqdA,yqaE,yqdA,-,Weak
rex-ywcJ,rex,ywcJ,-,Weak
rex-yjlC,rex,yjlC,-,Weak
rex-ldh,rex,ldh,-,Weak
rex-alsS,rex,alsS,-,Weak
rex-yjlD,rex,yjlD,-,Weak
rex-hemZ,rex,hemZ,-,Weak
rex-lctP,rex,lctP,-,Weak
rex-cydA,rex,cydA,-,Weak
rex-alsD,rex,alsD,-,Weak
rex-cydC,rex,cydC,-,Weak
rex-cydD,rex,cydD,-,Weak
rex-cydB,rex,cydB,-,Weak
rex-BSU_misc_RNA_67,rex,BSU_misc_RNA_67,-,Weak
