id,source,target,Effect,Evidence
xapR-xapA,xapR,xapA,+,Weak
xapR-xapB,xapR,xapB,+,Weak
mlc-crr,mlc,crr,-,Strong
mlc-mlc,mlc,mlc,-,Strong
mlc-manX,mlc,manX,-,Strong
mlc-manY,mlc,manY,-,Strong
mlc-malT,mlc,malT,-,Strong
mlc-ptsI,mlc,ptsI,-,Strong
mlc-ptsH,mlc,ptsH,-,Strong
mlc-bidA,mlc,bidA,-,Strong
mlc-manZ,mlc,manZ,-,Strong
mlc-ptsG,mlc,ptsG,-,Strong
fur-aspC,fur,aspC,-,Strong
fur-cyoA,fur,cyoA,-,Weak
fur-glnD,fur,glnD,-,Strong
fur-sufB,fur,sufB,-,Strong
fur-sufC,fur,sufC,-,Strong
fur-sufA,fur,sufA,-,Strong
fur-yjjZ,fur,yjjZ,-,Strong
fur-sufD,fur,sufD,-,Strong
fur-sufE,fur,sufE,-,Strong
fur-b4707,fur,b4707,+,Strong
fur-fecD,fur,fecD,-,Strong
fur-fumB,fur,fumB,+,Strong
fur-fumC,fur,fumC,-,Strong
fur-sufS,fur,sufS,-,Strong
fur-ompF,fur,ompF,+,Strong
fur-katE,fur,katE,+,Strong
fur-katG,fur,katG,+,Strong
fur-feoC,fur,feoC,-,Weak
fur-gspC,fur,gspC,-,Strong
fur-ybdZ,fur,ybdZ,-,Strong
fur-gspF,fur,gspF,-,Strong
fur-gspG,fur,gspG,-,Strong
fur-gspD,fur,gspD,-,Strong
fur-gspE,fur,gspE,-,Strong
fur-gspJ,fur,gspJ,-,Strong
fur-gspK,fur,gspK,-,Strong
fur-gspH,fur,gspH,-,Strong
fur-gspI,fur,gspI,-,Strong
fur-gspO,fur,gspO,-,Strong
fur-zwf,fur,zwf,-,Strong
fur-gspM,fur,gspM,-,Strong
fur-fhuE,fur,fhuE,-,Weak
fur-fhuD,fur,fhuD,-,Strong
fur-fhuF,fur,fhuF,-,Strong
fur-fhuA,fur,fhuA,-,Strong
fur-yhhY,fur,yhhY,-,Weak
fur-fhuC,fur,fhuC,-,Strong
fur-fhuB,fur,fhuB,-,Strong
fur-flhC,fur,flhC,-,Weak
fur-cirA,fur,cirA,-,Strong
fur-gspL,fur,gspL,-,Strong
fur-flhD,fur,flhD,-,Weak
fur-fepC,fur,fepC,-,Strong
fur-fepB,fur,fepB,-,Strong
fur-fepA,fur,fepA,-,Strong
fur-fepG,fur,fepG,-,Strong
fur-fepE,fur,fepE,-,Strong
fur-fepD,fur,fepD,-,Strong
fur-entA,fur,entA,-,Strong
fur-entC,fur,entC,-,Strong
fur-entB,fur,entB,-,Strong
fur-entE,fur,entE,-,Strong
fur-entD,fur,entD,-,Strong
fur-nrdF,fur,nrdF,-,Weak
fur-entF,fur,entF,-,Strong
fur-nrdH,fur,nrdH,-,Weak
fur-entH,fur,entH,-,Strong
fur-entS,fur,entS,+-,Strong
fur-fecE,fur,fecE,-,Strong
fur-fecB,fur,fecB,-,Strong
fur-fecC,fur,fecC,-,Strong
fur-fecA,fur,fecA,-,Strong
fur-metJ,fur,metJ,-,Weak
fur-metH,fur,metH,-,Weak
fur-fecI,fur,fecI,-,Strong
fur-rpoS,fur,rpoS,-,Strong
fur-zinT,fur,zinT,+,Strong
fur-nohA,fur,nohA,-,Strong
fur-oppC,fur,oppC,-,Strong
fur-oppB,fur,oppB,-,Strong
fur-oppD,fur,oppD,-,Strong
fur-sodA,fur,sodA,-,Strong
fur-amtB,fur,amtB,+-,Strong
fur-ndh,fur,ndh,-,Strong
fur-fnr,fur,fnr,-,Strong
fur-grcA,fur,grcA,-,Strong
fur-fiu,fur,fiu,-,Weak
fur-b4451,fur,b4451,-,Strong
fur-sdhC,fur,sdhC,+,Weak
fur-gltB,fur,gltB,-,Strong
fur-gltD,fur,gltD,-,Strong
fur-gltF,fur,gltF,-,Strong
fur-purR,fur,purR,-,Weak
fur-oppF,fur,oppF,-,Strong
fur-nfeF,fur,nfeF,-,Weak
fur-garL,fur,garL,-,Strong
fur-tonB,fur,tonB,+-,Strong
fur-garK,fur,garK,-,Strong
fur-ompW,fur,ompW,+,Strong
fur-exbB,fur,exbB,-,Strong
fur-exbD,fur,exbD,-,Strong
fur-garR,fur,garR,-,Strong
fur-garP,fur,garP,-,Strong
fur-fes,fur,fes,-,Strong
fur-hmp,fur,hmp,-,Weak
fur-gdhA,fur,gdhA,+-,Strong
fur-fur,fur,fur,-,Strong
fur-ydfN,fur,ydfN,-,Strong
fur-ftnA,fur,ftnA,+,Strong
fur-gnd,fur,gnd,-,Strong
fur-sdhX,fur,sdhX,+,Weak
fur-ygaC,fur,ygaC,-,Weak
fur-sdhA,fur,sdhA,+,Weak
fur-rcnB,fur,rcnB,-,Weak
fur-rcnA,fur,rcnA,-,Weak
fur-soxR,fur,soxR,-,Strong
fur-soxS,fur,soxS,-,Strong
fur-cyoC,fur,cyoC,-,Weak
fur-sdhB,fur,sdhB,+,Weak
fur-cyoE,fur,cyoE,-,Weak
fur-sdhD,fur,sdhD,+,Weak
fur-glnK,fur,glnK,+-,Strong
fur-mntH,fur,mntH,-,Weak
fur-cyoB,fur,cyoB,-,Weak
fur-cyoD,fur,cyoD,-,Weak
fur-feoB,fur,feoB,-,Weak
fur-mntP,fur,mntP,+,Weak
fur-feoA,fur,feoA,-,Weak
fur-b3123,fur,b3123,-,Strong
fur-nac,fur,nac,-,Strong
fur-gpmA,fur,gpmA,-,Strong
fur-fecR,fur,fecR,-,Strong
fur-pyrC,fur,pyrC,-,Strong
fur-nrdE,fur,nrdE,-,Weak
fur-sucA,fur,sucA,+,Weak
fur-sucC,fur,sucC,+,Weak
fur-sucB,fur,sucB,+,Weak
fur-sucD,fur,sucD,+,Weak
fur-nrdI,fur,nrdI,-,Weak
fur-tfaQ,fur,tfaQ,-,Strong
fur-lpd,fur,lpd,+-,Strong
fur-oppA,fur,oppA,-,Strong
bluR-ariR,bluR,ariR,-,Strong
bluR-ymgC,bluR,ymgC,-,Strong
bluR-ymgA,bluR,ymgA,-,Strong
bluR-ycgZ,bluR,ycgZ,-,Strong
btsR-mdh,btsR,mdh,-,Weak
btsR-csgD,btsR,csgD,-,Weak
btsR-yobF,btsR,yobF,-,Weak
btsR-pdhR,btsR,pdhR,-,Weak
btsR-aceF,btsR,aceF,-,Weak
btsR-aceE,btsR,aceE,-,Weak
btsR-csgB,btsR,csgB,-,Weak
btsR-csgG,btsR,csgG,-,Weak
btsR-csgF,btsR,csgF,-,Weak
btsR-csgE,btsR,csgE,-,Weak
btsR-lpd,btsR,lpd,-,Weak
btsR-csgC,btsR,csgC,-,Weak
btsR-cspC,btsR,cspC,-,Weak
btsR-csgA,btsR,csgA,-,Weak
btsR-btsT,btsR,btsT,+,Strong
rcsA-RcsAB,rcsA,RcsAB,+,Strong
rcsB-lolA,rcsB,lolA,+,Strong
rcsB-RcsB-BglJ,rcsB,RcsB-BglJ,+,Strong
rcsB-ydeP,rcsB,ydeP,+,Strong
rcsB-ydeO,rcsB,ydeO,+,Strong
rcsB-rseB,rcsB,rseB,+,Strong
rcsB-rseC,rcsB,rseC,+,Strong
rcsB-rseA,rcsB,rseA,+,Strong
rcsB-rseD,rcsB,rseD,+,Strong
rcsB-RcsAB,rcsB,RcsAB,+,Strong
rcsB-rpoE,rcsB,rpoE,+,Strong
rcsB-rarA,rcsB,rarA,+,Strong
rcsB-osmC,rcsB,osmC,+,Strong
rcsB-osmB,rcsB,osmB,+,Strong
rcsB-gadA,rcsB,gadA,-,Strong
rcsB-gadB,rcsB,gadB,+,Strong
rcsB-gadC,rcsB,gadC,+,Strong
rcsB-hdeD,rcsB,hdeD,+,Strong
rcsB-gadX,rcsB,gadX,-,Strong
rcsB-hdeB,rcsB,hdeB,+,Strong
rcsB-hdeA,rcsB,hdeA,+,Strong
rcsB-GadE-RcsB,rcsB,GadE-RcsB,+,Strong
rcsB-yhiD,rcsB,yhiD,+,Strong
rcsB-sra,rcsB,sra,+,Strong
rcsB-ftsA,rcsB,ftsA,+,Strong
rcsB-b4431,rcsB,b4431,+,Strong
rcsB-b4452,rcsB,b4452,+,Strong
rcsB-safA,rcsB,safA,+,Strong
rcsB-bdm,rcsB,bdm,+,Strong
rcsB-ftsZ,rcsB,ftsZ,+,Strong
cspA-hns,cspA,hns,+,Strong
cspA-gyrA,cspA,gyrA,+,Strong
rssB-rpoS,rssB,rpoS,-,Weak
kdpE-kdpA,kdpE,kdpA,+,Strong
kdpE-kdpC,kdpE,kdpC,+,Strong
kdpE-kdpB,kdpE,kdpB,+,Strong
kdpE-kdpF,kdpE,kdpF,+,Strong
adiY-gadA,adiY,gadA,+,Strong
adiY-gadB,adiY,gadB,+,Strong
adiY-gadC,adiY,gadC,+,Strong
adiY-adiA,adiY,adiA,+,Strong
adiY-gadX,adiY,gadX,+,Strong
adiY-gltB,adiY,gltB,+,Strong
adiY-gltD,adiY,gltD,+,Strong
adiY-gltF,adiY,gltF,+,Strong
arcA-rhaT,arcA,rhaT,-,Strong
arcA-sroD,arcA,sroD,-,Strong
arcA-acnB,arcA,acnB,-,Strong
arcA-acnA,arcA,acnA,-,Strong
arcA-fadB,arcA,fadB,-,Strong
arcA-fadA,arcA,fadA,-,Strong
arcA-fadE,arcA,fadE,-,Strong
arcA-fadD,arcA,fadD,-,Strong
arcA-fadJ,arcA,fadJ,-,Strong
arcA-fadI,arcA,fadI,-,Strong
arcA-fadH,arcA,fadH,-,Strong
arcA-ydeA,arcA,ydeA,-,Strong
arcA-aldA,arcA,aldA,-,Strong
arcA-fadL,arcA,fadL,-,Strong
arcA-ompW,arcA,ompW,-,Strong
arcA-fumA,arcA,fumA,-,Strong
arcA-fumB,arcA,fumB,+,Strong
arcA-fumC,arcA,fumC,-,Strong
arcA-gadE,arcA,gadE,+,Strong
arcA-gadF,arcA,gadF,+,Strong
arcA-gadA,arcA,gadA,+,Strong
arcA-cyoC,arcA,cyoC,-,Strong
arcA-gadX,arcA,gadX,+,Strong
arcA-cyoA,arcA,cyoA,-,Strong
arcA-ptsG,arcA,ptsG,-,Strong
arcA-ssb,arcA,ssb,-,Strong
arcA-moeB,arcA,moeB,+,Strong
arcA-hemA,arcA,hemA,+,Strong
arcA-moeA,arcA,moeA,+,Strong
arcA-nuoB,arcA,nuoB,-,Strong
arcA-nuoC,arcA,nuoC,-,Strong
arcA-nuoA,arcA,nuoA,-,Strong
arcA-nuoF,arcA,nuoF,-,Strong
arcA-nuoG,arcA,nuoG,-,Strong
arcA-ybdN,arcA,ybdN,+,Strong
arcA-nuoJ,arcA,nuoJ,-,Strong
arcA-nuoK,arcA,nuoK,-,Strong
arcA-nuoH,arcA,nuoH,-,Strong
arcA-nuoI,arcA,nuoI,-,Strong
arcA-nuoN,arcA,nuoN,-,Strong
arcA-nuoL,arcA,nuoL,-,Strong
arcA-nuoM,arcA,nuoM,-,Strong
arcA-mdh,arcA,mdh,-,Strong
arcA-rplV,arcA,rplV,-,Strong
arcA-rplW,arcA,rplW,-,Strong
arcA-dctA,arcA,dctA,-,Strong
arcA-rmf,arcA,rmf,-,Strong
arcA-rplD,arcA,rplD,-,Strong
arcA-rplB,arcA,rplB,-,Strong
arcA-rplC,arcA,rplC,-,Strong
arcA-appC,arcA,appC,+,Strong
arcA-xylR,arcA,xylR,+,Strong
arcA-appB,arcA,appB,+,Strong
arcA-uvrA,arcA,uvrA,-,Strong
arcA-cydA,arcA,cydA,+,Strong
arcA-cydB,arcA,cydB,+,Strong
arcA-cydC,arcA,cydC,+,Strong
arcA-cydD,arcA,cydD,+,Strong
arcA-rpoS,arcA,rpoS,-,Strong
arcA-betA,arcA,betA,-,Strong
arcA-caiT,arcA,caiT,+,Strong
arcA-prfA,arcA,prfA,+,Strong
arcA-nuoE,arcA,nuoE,-,Strong
arcA-dcuC,arcA,dcuC,+,Strong
arcA-oppA,arcA,oppA,-,Strong
arcA-oppC,arcA,oppC,-,Strong
arcA-oppB,arcA,oppB,-,Strong
arcA-caiC,arcA,caiC,+,Strong
arcA-caiB,arcA,caiB,+,Strong
arcA-caiA,arcA,caiA,+,Strong
arcA-oppF,arcA,oppF,-,Strong
arcA-ndh,arcA,ndh,-,Strong
arcA-gatD,arcA,gatD,-,Strong
arcA-fnr,arcA,fnr,-,Strong
arcA-grcA,arcA,grcA,+,Strong
arcA-ymjE,arcA,ymjE,-,Strong
arcA-b4450,arcA,b4450,-,Strong
arcA-caiE,arcA,caiE,+,Strong
arcA-dpiB,arcA,dpiB,+,Strong
arcA-dpiA,arcA,dpiA,+,Strong
arcA-caiD,arcA,caiD,+,Strong
arcA-gltA,arcA,gltA,-,Strong
arcA-glcE,arcA,glcE,-,Strong
arcA-glcF,arcA,glcF,-,Strong
arcA-glcG,arcA,glcG,-,Strong
arcA-glcA,arcA,glcA,-,Strong
arcA-glcB,arcA,glcB,-,Strong
arcA-oppD,arcA,oppD,-,Strong
arcA-citX,arcA,citX,-,Strong
arcA-lldR,arcA,lldR,-,Strong
arcA-rpsC,arcA,rpsC,-,Strong
arcA-appY,arcA,appY,+,Strong
arcA-appX,arcA,appX,+,Strong
arcA-sodA,arcA,sodA,-,Strong
arcA-rpsJ,arcA,rpsJ,-,Strong
arcA-rpsS,arcA,rpsS,-,Strong
arcA-rpsQ,arcA,rpsQ,-,Strong
arcA-citC,arcA,citC,-,Strong
arcA-citD,arcA,citD,-,Strong
arcA-citE,arcA,citE,-,Strong
arcA-citF,arcA,citF,-,Strong
arcA-citG,arcA,citG,-,Strong
arcA-hybG,arcA,hybG,-,Strong
arcA-hybF,arcA,hybF,-,Strong
arcA-hybE,arcA,hybE,-,Strong
arcA-hybD,arcA,hybD,-,Strong
arcA-hybC,arcA,hybC,-,Strong
arcA-hybB,arcA,hybB,-,Strong
arcA-prmC,arcA,prmC,+,Strong
arcA-hybO,arcA,hybO,-,Strong
arcA-pflB,arcA,pflB,+,Strong
arcA-cadA,arcA,cadA,-,Strong
arcA-cadB,arcA,cadB,-,Strong
arcA-puuB,arcA,puuB,-,Strong
arcA-puuC,arcA,puuC,-,Strong
arcA-treC,arcA,treC,+,Strong
arcA-puuA,arcA,puuA,-,Strong
arcA-puuD,arcA,puuD,-,Strong
arcA-puuE,arcA,puuE,-,Strong
arcA-rplP,arcA,rplP,-,Strong
arcA-puuR,arcA,puuR,-,Strong
arcA-focA,arcA,focA,+,Strong
arcA-puuP,arcA,puuP,-,Strong
arcA-ubiC,arcA,ubiC,-,Strong
arcA-ubiA,arcA,ubiA,-,Strong
arcA-iraM,arcA,iraM,+,Strong
arcA-betT,arcA,betT,-,Strong
arcA-sdhX,arcA,sdhX,+-,Strong
arcA-appA,arcA,appA,+,Strong
arcA-gatY,arcA,gatY,-,Strong
arcA-gatZ,arcA,gatZ,-,Strong
arcA-rutC,arcA,rutC,+,Strong
arcA-rutB,arcA,rutB,+,Strong
arcA-rutA,arcA,rutA,+,Strong
arcA-sdhD,arcA,sdhD,+-,Strong
arcA-rutG,arcA,rutG,+,Strong
arcA-rutF,arcA,rutF,+,Strong
arcA-rutE,arcA,rutE,+,Strong
arcA-rutD,arcA,rutD,+,Strong
arcA-sdhA,arcA,sdhA,+-,Strong
arcA-sdhC,arcA,sdhC,+-,Strong
arcA-cyoB,arcA,cyoB,-,Strong
arcA-cyoE,arcA,cyoE,-,Strong
arcA-cyoD,arcA,cyoD,-,Strong
arcA-gatB,arcA,gatB,-,Strong
arcA-gatC,arcA,gatC,-,Strong
arcA-aceK,arcA,aceK,-,Strong
arcA-sdhB,arcA,sdhB,+-,Strong
arcA-hybA,arcA,hybA,-,Strong
arcA-glpD,arcA,glpD,-,Strong
arcA-aceB,arcA,aceB,-,Strong
arcA-aceA,arcA,aceA,-,Strong
arcA-aceF,arcA,aceF,-,Strong
arcA-aceE,arcA,aceE,-,Strong
arcA-gatA,arcA,gatA,-,Strong
arcA-rsd,arcA,rsd,-,Strong
arcA-icd,arcA,icd,-,Strong
arcA-lldP,arcA,lldP,-,Strong
arcA-treB,arcA,treB,+,Strong
arcA-ackA,arcA,ackA,+,Strong
arcA-lldD,arcA,lldD,-,Strong
arcA-glcD,arcA,glcD,-,Strong
arcA-rpmC,arcA,rpmC,-,Strong
arcA-hyaB,arcA,hyaB,+,Strong
arcA-hyaC,arcA,hyaC,+,Strong
arcA-hyaA,arcA,hyaA,+,Strong
arcA-hyaF,arcA,hyaF,+,Strong
arcA-hyaD,arcA,hyaD,+,Strong
arcA-hyaE,arcA,hyaE,+,Strong
arcA-sucA,arcA,sucA,+-,Strong
arcA-betB,arcA,betB,-,Strong
arcA-sucC,arcA,sucC,+-,Strong
arcA-sucB,arcA,sucB,+-,Strong
arcA-glpA,arcA,glpA,-,Strong
arcA-sucD,arcA,sucD,+-,Strong
arcA-glpC,arcA,glpC,-,Strong
arcA-glpB,arcA,glpB,-,Strong
arcA-betI,arcA,betI,-,Strong
arcA-lpd,arcA,lpd,-,Strong
arcA-tpx,arcA,tpx,-,Strong
fadR-fadR,fadR,fadR,+,Strong
fadR-sroD,fadR,sroD,-,Strong
fadR-fabB,fadR,fabB,+,Strong
fadR-fabD,fadR,fabD,+,Strong
fadR-fadA,fadR,fadA,-,Strong
fadR-fabA,fadR,fabA,+,Strong
fadR-fadE,fadR,fadE,-,Strong
fadR-fadD,fadR,fadD,-,Strong
fadR-fadJ,fadR,fadJ,-,Strong
fadR-fadI,fadR,fadI,-,Strong
fadR-fadH,fadR,fadH,-,Strong
fadR-fabI,fadR,fabI,+,Strong
fadR-fabH,fadR,fabH,+,Strong
fadR-fadM,fadR,fadM,-,Strong
fadR-fadL,fadR,fadL,-,Strong
fadR-accD,fadR,accD,+,Strong
fadR-accA,fadR,accA,+,Strong
fadR-accC,fadR,accC,+,Strong
fadR-accB,fadR,accB,+,Strong
fadR-iclR,fadR,iclR,+,Strong
fadR-uspA,fadR,uspA,-,Strong
fadR-fadB,fadR,fadB,-,Strong
fadR-fabG,fadR,fabG,+,Strong
evgA-frc,evgA,frc,+,Strong
evgA-emrY,evgA,emrY,+,Strong
evgA-b2083,evgA,b2083,+,Strong
evgA-acrD,evgA,acrD,+,Strong
evgA-evgA,evgA,evgA,+,Strong
evgA-yfdE,evgA,yfdE,+,Strong
evgA-gadE,evgA,gadE,+,Strong
evgA-gadF,evgA,gadF,+,Strong
evgA-oxc,evgA,oxc,+,Strong
evgA-ydeP,evgA,ydeP,+,Strong
evgA-safA,evgA,safA,+,Strong
evgA-evgS,evgA,evgS,+,Strong
evgA-yegR,evgA,yegR,+,Strong
evgA-emrK,evgA,emrK,+,Strong
evgA-mdtF,evgA,mdtF,+,Strong
evgA-mdtE,evgA,mdtE,+,Strong
evgA-ydeO,evgA,ydeO,+,Strong
evgA-yfdV,evgA,yfdV,+,Strong
evgA-yfdX,evgA,yfdX,+,Strong
fis-queA,fis,queA,+,Strong
fis-rsmA,fis,rsmA,+,Strong
fis-yoaG,fis,yoaG,-,Strong
fis-acnB,fis,acnB,-,Strong
fis-fadB,fis,fadB,+,Strong
fis-fadA,fis,fadA,+,Strong
fis-b2590,fis,b2590,+,Strong
fis-dmsA,fis,dmsA,-,Strong
fis-nirC,fis,nirC,-,Strong
fis-dmsC,fis,dmsC,-,Strong
fis-emrD,fis,emrD,+,Strong
fis-aldB,fis,aldB,-,Strong
fis-fis,fis,fis,-,Strong
fis-malE,fis,malE,+,Strong
fis-fumB,fis,fumB,-,Strong
fis-xylG,fis,xylG,-,Strong
fis-b1231,fis,b1231,+,Strong
fis-b1230,fis,b1230,+,Strong
fis-b3799,fis,b3799,+,Strong
fis-katE,fis,katE,-,Strong
fis-b4270,fis,b4270,+,Strong
fis-gadA,fis,gadA,-,Strong
fis-b2911,fis,b2911,+-,Strong
fis-gadC,fis,gadC,-,Strong
fis-b3855,fis,b3855,+,Strong
fis-b3854,fis,b3854,+,Strong
fis-gadX,fis,gadX,-,Strong
fis-rpsI,fis,rpsI,-,Strong
fis-b3853,fis,b3853,+,Strong
fis-b3852,fis,b3852,+,Strong
fis-osmY,fis,osmY,-,Strong
fis-b4370,fis,b4370,+,Strong
fis-ptsG,fis,ptsG,+-,Strong
fis-b2189,fis,b2189,+,Strong
fis-crp,fis,crp,-,Strong
fis-dps,fis,dps,-,Strong
fis-glpT,fis,glpT,+,Strong
fis-nirD,fis,nirD,-,Strong
fis-acs,fis,acs,-,Strong
fis-yjcH,fis,yjcH,-,Strong
fis-b2591,fis,b2591,+,Strong
fis-trg,fis,trg,+,Strong
fis-nuoB,fis,nuoB,+,Strong
fis-nuoC,fis,nuoC,+,Strong
fis-nuoA,fis,nuoA,+,Strong
fis-nuoF,fis,nuoF,+,Strong
fis-nuoG,fis,nuoG,+,Strong
fis-b2348,fis,b2348,+,Strong
fis-nuoE,fis,nuoE,+,Strong
fis-nuoJ,fis,nuoJ,+,Strong
fis-nuoK,fis,nuoK,+,Strong
fis-nuoH,fis,nuoH,+,Strong
fis-nuoI,fis,nuoI,+,Strong
fis-nuoN,fis,nuoN,+,Strong
fis-nuoL,fis,nuoL,+,Strong
fis-nuoM,fis,nuoM,+,Strong
fis-b3275,fis,b3275,+,Strong
fis-b3274,fis,b3274,+,Strong
fis-nanK,fis,nanK,-,Strong
fis-b3276,fis,b3276,+,Strong
fis-dmsB,fis,dmsB,-,Strong
fis-b3273,fis,b3273,+,Strong
fis-b3272,fis,b3272,+,Strong
fis-nanA,fis,nanA,-,Strong
fis-nirB,fis,nirB,-,Strong
fis-nanE,fis,nanE,-,Strong
fis-b0666,fis,b0666,+,Strong
fis-hlyE,fis,hlyE,-,Strong
fis-proP,fis,proP,+,Strong
fis-b3969,fis,b3969,+,Strong
fis-b3968,fis,b3968,+,Strong
fis-rplM,fis,rplM,-,Strong
fis-b4368,fis,b4368,+,Strong
fis-b4369,fis,b4369,+,Strong
fis-nanQ,fis,nanQ,-,Strong
fis-nanT,fis,nanT,-,Strong
fis-b2864,fis,b2864,+,Strong
fis-nrdA,fis,nrdA,+,Strong
fis-nrdB,fis,nrdB,+,Strong
fis-deoC,fis,deoC,+,Strong
fis-b0971,fis,b0971,+,Strong
fis-rbfA,fis,rbfA,+,Strong
fis-b0244,fis,b0244,+,Strong
fis-trmA,fis,trmA,+,Strong
fis-b1032,fis,b1032,+,Strong
fis-b3756,fis,b3756,+,Strong
fis-b3757,fis,b3757,+,Strong
fis-cbpA,fis,cbpA,-,Strong
fis-yeaR,fis,yeaR,-,Strong
fis-cbpM,fis,cbpM,-,Strong
fis-b3759,fis,b3759,+,Strong
fis-b0664,fis,b0664,+,Strong
fis-msrA,fis,msrA,-,Strong
fis-glcC,fis,glcC,-,Strong
fis-b2404,fis,b2404,+,Strong
fis-cysG,fis,cysG,-,Strong
fis-bglB,fis,bglB,-,Strong
fis-b2401,fis,b2401,+,Strong
fis-bglG,fis,bglG,-,Strong
fis-bglF,fis,bglF,-,Strong
fis-deoB,fis,deoB,+,Strong
fis-b3978,fis,b3978,+,Strong
fis-b3979,fis,b3979,+,Strong
fis-b2397,fis,b2397,+,Strong
fis-b3970,fis,b3970,+,Strong
fis-b2402,fis,b2402,+,Strong
fis-b3976,fis,b3976,+,Strong
fis-b3977,fis,b3977,+,Strong
fis-ndh,fis,ndh,+-,Strong
fis-b3171,fis,b3171,+,Strong
fis-rimP,fis,rimP,+,Strong
fis-grcA,fis,grcA,+,Strong
fis-recF,fis,recF,-,Strong
fis-patA,fis,patA,?,Strong
fis-cspI,fis,cspI,-,Strong
fis-carB,fis,carB,+,Strong
fis-carA,fis,carA,+,Strong
fis-b2396,fis,b2396,+,Strong
fis-cspA,fis,cspA,+,Strong
fis-b0203,fis,b0203,+,Strong
fis-b4134,fis,b4134,+,Strong
fis-apaH,fis,apaH,+,Strong
fis-marA,fis,marA,+,Strong
fis-marB,fis,marB,+,Strong
fis-rpsO,fis,rpsO,+,Strong
fis-nrfB,fis,nrfB,-,Strong
fis-apaG,fis,apaG,+,Strong
fis-b3277,fis,b3277,+,Strong
fis-b3545,fis,b3545,+,Strong
fis-b0205,fis,b0205,+,Strong
fis-b0204,fis,b0204,+,Strong
fis-b0668,fis,b0668,+,Strong
fis-b0201,fis,b0201,+,Strong
fis-marR,fis,marR,+,Strong
fis-b0202,fis,b0202,+,Strong
fis-deoA,fis,deoA,+,Strong
fis-mazF,fis,mazF,+,Strong
fis-mazG,fis,mazG,+,Strong
fis-deoD,fis,deoD,+,Strong
fis-b3971,fis,b3971,+,Strong
fis-guaB,fis,guaB,-,Strong
fis-guaA,fis,guaA,-,Strong
fis-nrfF,fis,nrfF,-,Strong
fis-nrfG,fis,nrfG,-,Strong
fis-nrfD,fis,nrfD,-,Strong
fis-nrfE,fis,nrfE,-,Strong
fis-pflB,fis,pflB,-,Strong
fis-nrfC,fis,nrfC,-,Strong
fis-nrfA,fis,nrfA,-,Strong
fis-b0670,fis,b0670,+,Strong
fis-b0672,fis,b0672,+,Strong
fis-b0673,fis,b0673,+,Strong
fis-ygfA,fis,ygfA,+-,Strong
fis-gltX,fis,gltX,-,Strong
fis-ogt,fis,ogt,-,Strong
fis-xylR,fis,xylR,-,Strong
fis-infB,fis,infB,+,Strong
fis-b3278,fis,b3278,+,Strong
fis-b0216,fis,b0216,+,Strong
fis-xylH,fis,xylH,-,Strong
fis-flxA,fis,flxA,+,Strong
fis-b4007,fis,b4007,+,Strong
fis-b0665,fis,b0665,+,Strong
fis-malH,fis,malH,+,Strong
fis-malF,fis,malF,+,Strong
fis-malG,fis,malG,+,Strong
fis-b4009,fis,b4009,+,Strong
fis-b4008,fis,b4008,+,Strong
fis-b3798,fis,b3798,+,Strong
fis-xylF,fis,xylF,-,Strong
fis-b3851,fis,b3851,+,Strong
fis-b0745,fis,b0745,+,Strong
fis-hyaE,fis,hyaE,-,Strong
fis-nusA,fis,nusA,+,Strong
fis-dnaA,fis,dnaA,-,Strong
fis-truB,fis,truB,+,Strong
fis-glpQ,fis,glpQ,+,Strong
fis-dnaN,fis,dnaN,-,Strong
fis-hupA,fis,hupA,+,Strong
fis-hupB,fis,hupB,-,Strong
fis-actP,fis,actP,-,Strong
fis-b2403,fis,b2403,+,Strong
fis-narS,fis,narS,-,Strong
fis-yfaE,fis,yfaE,+,Strong
fis-tufB,fis,tufB,+,Strong
fis-narI,fis,narI,-,Strong
fis-narH,fis,narH,-,Strong
fis-narK,fis,narK,-,Strong
fis-narJ,fis,narJ,-,Strong
fis-cyoA,fis,cyoA,+,Strong
fis-osmE,fis,osmE,-,Strong
fis-narG,fis,narG,-,Strong
fis-cyoB,fis,cyoB,+,Strong
fis-b4010,fis,b4010,+,Strong
fis-cyoC,fis,cyoC,+,Strong
fis-mglA,fis,mglA,-,Strong
fis-mglC,fis,mglC,-,Strong
fis-glnL,fis,glnL,+,Strong
fis-cyoE,fis,cyoE,+,Strong
fis-glnA,fis,glnA,+,Strong
fis-glnG,fis,glnG,+,Strong
fis-cyoD,fis,cyoD,+,Strong
fis-b3796,fis,b3796,+,Strong
fis-adhE,fis,adhE,+,Strong
fis-pnp,fis,pnp,+,Strong
fis-glnQ,fis,glnQ,-,Strong
fis-b3123,fis,b3123,+-,Strong
fis-sra,fis,sra,+,Strong
fis-gyrB,fis,gyrB,-,Strong
fis-gyrA,fis,gyrA,-,Strong
fis-mtlR,fis,mtlR,-,Strong
fis-glpB,fis,glpB,+,Strong
fis-b3758,fis,b3758,+,Strong
fis-b2967,fis,b2967,+,Strong
fis-gadB,fis,gadB,-,Strong
fis-mtlA,fis,mtlA,-,Strong
fis-pyrD,fis,pyrD,-,Strong
fis-mtlD,fis,mtlD,-,Strong
fis-hyaB,fis,hyaB,-,Strong
fis-hyaC,fis,hyaC,-,Strong
fis-hyaA,fis,hyaA,-,Strong
fis-hyaF,fis,hyaF,-,Strong
fis-hyaD,fis,hyaD,-,Strong
fis-b3797,fis,b3797,+,Strong
fis-pdxA,fis,pdxA,+,Strong
fis-mazE,fis,mazE,+,Strong
fis-dusB,fis,dusB,-,Strong
fis-b0744,fis,b0744,+,Strong
fis-b0536,fis,b0536,+,Strong
fis-hns,fis,hns,+,Strong
fis-glpA,fis,glpA,+,Strong
fis-tpr,fis,tpr,+,Strong
fis-glpC,fis,glpC,+,Strong
fis-b0743,fis,b0743,+,Strong
fis-b2588,fis,b2588,+,Strong
fis-ansB,fis,ansB,-,Strong
fis-lpd,fis,lpd,+,Strong
fis-topA,fis,topA,+-,Strong
fis-b2589,fis,b2589,+,Strong
ompR-flhC,ompR,flhC,-,Weak
ompR-flhD,ompR,flhD,-,Weak
ompR-ecnB,ompR,ecnB,-,Weak
ompR-fadL,ompR,fadL,-,Strong
ompR-b4445,ompR,b4445,+,Weak
ompR-b4444,ompR,b4444,+,Weak
ompR-dtpA,ompR,dtpA,+,Strong
ompR-cadA,ompR,cadA,-,Strong
ompR-cadB,ompR,cadB,-,Strong
ompR-cadC,ompR,cadC,-,Strong
ompR-ompC,ompR,ompC,+,Strong
ompR-feoB,ompR,feoB,+,Strong
ompR-feoC,ompR,feoC,+,Strong
ompR-feoA,ompR,feoA,+,Strong
ompR-nmpC,ompR,nmpC,-,Strong
ompR-pgaA,ompR,pgaA,-,Strong
ompR-pgaB,ompR,pgaB,-,Strong
ompR-pgaC,ompR,pgaC,-,Strong
ompR-pgaD,ompR,pgaD,-,Strong
ompR-b4439,ompR,b4439,+,Strong
ompR-bolA,ompR,bolA,-,Strong
ompR-sra,ompR,sra,-,Strong
ompR-ompF,ompR,ompF,+-,Strong
ompR-csgG,ompR,csgG,+,Strong
ompR-csgF,ompR,csgF,+,Strong
ompR-csgE,ompR,csgE,+,Strong
ompR-csgD,ompR,csgD,+,Strong
rcdA-asr,rcdA,asr,+,Strong
rcdA-bluF,rcdA,bluF,+,Strong
rcdA-yagK,rcdA,yagK,-,Strong
rcdA-rsd,rcdA,rsd,+,Strong
rcdA-rmf,rcdA,rmf,+,Strong
rcdA-ydeI,rcdA,ydeI,+,Strong
rcdA-csgG,rcdA,csgG,+,Strong
rcdA-csgF,rcdA,csgF,+,Strong
rcdA-csgE,rcdA,csgE,+,Strong
rcdA-csgD,rcdA,csgD,+,Strong
rcdA-sulA,rcdA,sulA,-,Strong
srlR-srlB,srlR,srlB,-,Strong
srlR-srlA,srlR,srlA,-,Strong
srlR-srlE,srlR,srlE,-,Strong
srlR-srlD,srlR,srlD,-,Strong
srlR-gutQ,srlR,gutQ,-,Strong
srlR-srlR,srlR,srlR,-,Strong
srlR-gutM,srlR,gutM,-,Strong
gcvA-gcvH,gcvA,gcvH,+-,Strong
gcvA-gcvA,gcvA,gcvA,-,Strong
gcvA-gcvP,gcvA,gcvP,+-,Strong
gcvA-b4443,gcvA,b4443,+,Strong
gcvA-gcvT,gcvA,gcvT,+-,Strong
flhD-FlhDC,flhD,FlhDC,+,Strong
zntR-zntA,zntR,zntA,+,Strong
aidB-aidB,aidB,aidB,-,Strong
csqR-yihV,csqR,yihV,-,Strong
csqR-yihT,csqR,yihT,-,Strong
csqR-yihU,csqR,yihU,-,Strong
csqR-csqR,csqR,csqR,-,Strong
csqR-yihS,csqR,yihS,-,Strong
cynR-cynT,cynR,cynT,+,Strong
cynR-cynR,cynR,cynR,-,Strong
cynR-cynS,cynR,cynS,+,Strong
cynR-cynX,cynR,cynX,+,Strong
dcuR-aspA,dcuR,aspA,+,Weak
dcuR-dpiB,dcuR,dpiB,+,Strong
dcuR-frdA,dcuR,frdA,+,Strong
dcuR-frdB,dcuR,frdB,+,Strong
dcuR-frdC,dcuR,frdC,+,Strong
dcuR-frdD,dcuR,frdD,+,Strong
dcuR-dcuA,dcuR,dcuA,+,Weak
dcuR-dcuB,dcuR,dcuB,+,Strong
dcuR-pck,dcuR,pck,+,Weak
dcuR-dpiA,dcuR,dpiA,+,Strong
dcuR-dctA,dcuR,dctA,+,Strong
dcuR-fumB,dcuR,fumB,+,Strong
oxyR-grxA,oxyR,grxA,+,Strong
oxyR-poxB,oxyR,poxB,+,Strong
oxyR-b4458,oxyR,b4458,+,Strong
oxyR-trxC,oxyR,trxC,+,Strong
oxyR-znuB,oxyR,znuB,+,Weak
oxyR-ahpF,oxyR,ahpF,+,Strong
oxyR-hcr,oxyR,hcr,+,Strong
oxyR-mntH,oxyR,mntH,+,Strong
oxyR-hcp,oxyR,hcp,+,Strong
oxyR-sufA,oxyR,sufA,+,Strong
oxyR-yjjZ,oxyR,yjjZ,+,Strong
oxyR-sufD,oxyR,sufD,+,Strong
oxyR-sufE,oxyR,sufE,+,Strong
oxyR-sufS,oxyR,sufS,+,Strong
oxyR-ahpC,oxyR,ahpC,+,Strong
oxyR-uof,oxyR,uof,+,Strong
oxyR-metE,oxyR,metE,+,Weak
oxyR-gntP,oxyR,gntP,-,Weak
oxyR-elaB,oxyR,elaB,+-,Strong
oxyR-katG,oxyR,katG,+,Strong
oxyR-metR,oxyR,metR,+,Weak
oxyR-uxuA,oxyR,uxuA,-,Weak
oxyR-uxuB,oxyR,uxuB,-,Weak
oxyR-sufC,oxyR,sufC,+,Strong
oxyR-ychF,oxyR,ychF,-,Strong
oxyR-ybjC,oxyR,ybjC,-,Strong
oxyR-dps,oxyR,dps,+,Weak
oxyR-znuC,oxyR,znuC,+,Weak
oxyR-ybjN,oxyR,ybjN,-,Strong
oxyR-znuA,oxyR,znuA,+,Weak
oxyR-nfsA,oxyR,nfsA,-,Strong
oxyR-hemH,oxyR,hemH,+,Strong
oxyR-sufB,oxyR,sufB,+,Strong
oxyR-oxyR,oxyR,oxyR,-,Strong
oxyR-zinT,oxyR,zinT,+,Weak
oxyR-fur,oxyR,fur,+,Strong
oxyR-flu,oxyR,flu,-,Strong
oxyR-ccp,oxyR,ccp,+,Strong
oxyR-b4435,oxyR,b4435,-,Strong
oxyR-hemF,oxyR,hemF,+,Strong
oxyR-fhuF,oxyR,fhuF,-,Strong
oxyR-dsbG,oxyR,dsbG,+,Strong
oxyR-gor,oxyR,gor,+,Strong
oxyR-rimK,oxyR,rimK,-,Strong
puuR-puuB,puuR,puuB,-,Strong
puuR-puuC,puuR,puuC,-,Strong
puuR-puuA,puuR,puuA,-,Strong
puuR-puuD,puuR,puuD,-,Strong
puuR-puuE,puuR,puuE,-,Strong
puuR-ymjE,puuR,ymjE,-,Strong
puuR-puuR,puuR,puuR,-,Strong
puuR-puuP,puuR,puuP,-,Strong
treR-treC,treR,treC,-,Strong
treR-treB,treR,treB,-,Strong
mlrA-yhbE,mlrA,yhbE,+,Strong
mlrA-rplU,mlrA,rplU,+,Strong
mlrA-csgG,mlrA,csgG,+,Strong
mlrA-cadC,mlrA,cadC,+,Strong
mlrA-rpmA,mlrA,rpmA,+,Strong
mlrA-csgF,mlrA,csgF,+,Strong
mlrA-csgE,mlrA,csgE,+,Strong
mlrA-csgD,mlrA,csgD,+,Strong
mlrA-ibaG,mlrA,ibaG,+,Strong
mlrA-obgE,mlrA,obgE,+,Strong
pdhR-ftsL,pdhR,ftsL,-,Strong
pdhR-pdhR,pdhR,pdhR,-,Strong
pdhR-aceF,pdhR,aceF,-,Strong
pdhR-hha,pdhR,hha,-,Strong
pdhR-aceE,pdhR,aceE,-,Strong
pdhR-cyoA,pdhR,cyoA,-,Strong
pdhR-cyoC,pdhR,cyoC,-,Strong
pdhR-cyoB,pdhR,cyoB,-,Strong
pdhR-cyoE,pdhR,cyoE,-,Strong
pdhR-cyoD,pdhR,cyoD,-,Strong
pdhR-ddlB,pdhR,ddlB,-,Strong
pdhR-mraZ,pdhR,mraZ,-,Strong
pdhR-mraY,pdhR,mraY,-,Strong
pdhR-murC,pdhR,murC,-,Strong
pdhR-murD,pdhR,murD,-,Strong
pdhR-murE,pdhR,murE,-,Strong
pdhR-murF,pdhR,murF,-,Strong
pdhR-murG,pdhR,murG,-,Strong
pdhR-fecD,pdhR,fecD,+,Strong
pdhR-fecE,pdhR,fecE,+,Strong
pdhR-fecB,pdhR,fecB,+,Strong
pdhR-fecC,pdhR,fecC,+,Strong
pdhR-fecA,pdhR,fecA,+,Strong
pdhR-rsmH,pdhR,rsmH,-,Strong
pdhR-tomB,pdhR,tomB,-,Strong
pdhR-ndh,pdhR,ndh,-,Strong
pdhR-glcG,pdhR,glcG,-,Strong
pdhR-ftsA,pdhR,ftsA,-,Strong
pdhR-hemL,pdhR,hemL,-,Strong
pdhR-grcA,pdhR,grcA,-,Strong
pdhR-lpxC,pdhR,lpxC,-,Strong
pdhR-ftsI,pdhR,ftsI,-,Strong
pdhR-ftsZ,pdhR,ftsZ,-,Strong
pdhR-ftsW,pdhR,ftsW,-,Strong
pdhR-ftsQ,pdhR,ftsQ,-,Strong
pdhR-glcD,pdhR,glcD,-,Strong
pdhR-glcE,pdhR,glcE,-,Strong
pdhR-glcF,pdhR,glcF,-,Strong
pdhR-lpd,pdhR,lpd,-,Strong
pdhR-glcA,pdhR,glcA,-,Strong
pdhR-glcB,pdhR,glcB,-,Strong
chbR-chbG,chbR,chbG,+-,Strong
chbR-chbF,chbR,chbF,+-,Strong
chbR-chbC,chbR,chbC,+-,Strong
chbR-chbB,chbR,chbB,+-,Strong
chbR-chbA,chbR,chbA,+-,Strong
chbR-chbR,chbR,chbR,+-,Strong
slyA-hlyE,slyA,hlyE,+,Strong
slyA-rmf,slyA,rmf,+,Strong
slyA-fecR,slyA,fecR,-,Strong
slyA-pagP,slyA,pagP,+,Weak
slyA-cas1,slyA,cas1,+,Strong
slyA-cas2,slyA,cas2,+,Strong
slyA-fecI,slyA,fecI,-,Strong
slyA-casE,slyA,casE,+,Strong
slyA-casD,slyA,casD,+,Strong
slyA-casA,slyA,casA,+,Strong
slyA-casC,slyA,casC,+,Strong
slyA-casB,slyA,casB,+,Strong
slyA-rsd,slyA,rsd,+,Strong
slyA-leuO,slyA,leuO,+,Strong
slyA-paaB,slyA,paaB,+,Strong
slyA-paaC,slyA,paaC,+,Strong
slyA-paaA,slyA,paaA,+,Strong
slyA-paaF,slyA,paaF,+,Strong
slyA-paaG,slyA,paaG,+,Strong
slyA-paaD,slyA,paaD,+,Strong
slyA-paaE,slyA,paaE,+,Strong
slyA-paaJ,slyA,paaJ,+,Strong
slyA-paaK,slyA,paaK,+,Strong
slyA-paaH,slyA,paaH,+,Strong
slyA-paaI,slyA,paaI,+,Strong
slyA-gspC,slyA,gspC,+,Strong
slyA-gspF,slyA,gspF,+,Strong
slyA-gspG,slyA,gspG,+,Strong
slyA-gspD,slyA,gspD,+,Strong
slyA-gspE,slyA,gspE,+,Strong
slyA-gspJ,slyA,gspJ,+,Strong
slyA-gspK,slyA,gspK,+,Strong
slyA-gspH,slyA,gspH,+,Strong
slyA-gspI,slyA,gspI,+,Strong
slyA-gspO,slyA,gspO,+,Strong
slyA-gspL,slyA,gspL,+,Strong
slyA-gspM,slyA,gspM,+,Strong
fecR-fecI,fecR,fecI,-,Weak
yafQ-DinJ-YafQ,yafQ,DinJ-YafQ,+,Strong
IHF-pstS,IHF,pstS,+,Strong
IHF-envZ,IHF,envZ,-,Strong
IHF-norW,IHF,norW,+-,Strong
IHF-norV,IHF,norV,+-,Strong
IHF-pstC,IHF,pstC,+,Strong
IHF-nirD,IHF,nirD,+-,Strong
IHF-pstA,IHF,pstA,+,Strong
IHF-dmsA,IHF,dmsA,-,Strong
IHF-dmsB,IHF,dmsB,-,Strong
IHF-nirB,IHF,nirB,+-,Strong
IHF-rseB,IHF,rseB,-,Strong
IHF-rseC,IHF,rseC,-,Strong
IHF-rseA,IHF,rseA,-,Strong
IHF-gltA,IHF,gltA,+,Strong
IHF-rseD,IHF,rseD,-,Strong
IHF-sufB,IHF,sufB,+,Strong
IHF-fis,IHF,fis,+,Strong
IHF-yjbE,IHF,yjbE,+,Strong
IHF-sufA,IHF,sufA,+,Strong
IHF-ompR,IHF,ompR,-,Strong
IHF-sufE,IHF,sufE,+,Strong
IHF-ulaD,IHF,ulaD,-,Strong
IHF-ulaE,IHF,ulaE,-,Strong
IHF-ulaF,IHF,ulaF,-,Strong
IHF-ulaG,IHF,ulaG,-,Strong
IHF-ulaA,IHF,ulaA,-,Strong
IHF-ulaB,IHF,ulaB,-,Strong
IHF-ulaC,IHF,ulaC,-,Strong
IHF-sufS,IHF,sufS,+,Strong
IHF-ompF,IHF,ompF,+-,Strong
IHF-ompC,IHF,ompC,-,Strong
IHF-pspE,IHF,pspE,+,Strong
IHF-hycD,IHF,hycD,+,Strong
IHF-osmE,IHF,osmE,-,Strong
IHF-hycE,IHF,hycE,+,Strong
IHF-hycF,IHF,hycF,+,Strong
IHF-tdcF,IHF,tdcF,+,Strong
IHF-osmY,IHF,osmY,-,Strong
IHF-hypD,IHF,hypD,+,Strong
IHF-hypA,IHF,hypA,+,Strong
IHF-hypC,IHF,hypC,+,Strong
IHF-hypB,IHF,hypB,+,Strong
IHF-hycC,IHF,hycC,+,Strong
IHF-dps,IHF,dps,+,Strong
IHF-hycB,IHF,hycB,+,Strong
IHF-pstB,IHF,pstB,+,Strong
IHF-dppA,IHF,dppA,+,Strong
IHF-dppB,IHF,dppB,+,Strong
IHF-hemA,IHF,hemA,+,Strong
IHF-dppD,IHF,dppD,+,Strong
IHF-dppF,IHF,dppF,+,Strong
IHF-nuoB,IHF,nuoB,-,Strong
IHF-nuoC,IHF,nuoC,-,Strong
IHF-nuoA,IHF,nuoA,-,Strong
IHF-nuoF,IHF,nuoF,-,Strong
IHF-nuoG,IHF,nuoG,-,Strong
IHF-nuoE,IHF,nuoE,-,Strong
IHF-nuoJ,IHF,nuoJ,-,Strong
IHF-nuoK,IHF,nuoK,-,Strong
IHF-nuoH,IHF,nuoH,-,Strong
IHF-nuoI,IHF,nuoI,-,Strong
IHF-nuoN,IHF,nuoN,-,Strong
IHF-glcD,IHF,glcD,+,Strong
IHF-nuoL,IHF,nuoL,-,Strong
IHF-nuoM,IHF,nuoM,-,Strong
IHF-yeiL,IHF,yeiL,+,Strong
IHF-dppC,IHF,dppC,+,Strong
IHF-nirC,IHF,nirC,+-,Strong
IHF-proX,IHF,proX,+,Strong
IHF-proW,IHF,proW,+,Strong
IHF-hemF,IHF,hemF,-,Strong
IHF-dmsC,IHF,dmsC,-,Strong
IHF-flhC,IHF,flhC,-,Strong
IHF-atoE,IHF,atoE,+,Strong
IHF-flhD,IHF,flhD,-,Strong
IHF-cysH,IHF,cysH,+,Strong
IHF-b4441,IHF,b4441,+,Strong
IHF-nrfB,IHF,nrfB,+-,Strong
IHF-cysJ,IHF,cysJ,+,Strong
IHF-nmpC,IHF,nmpC,-,Strong
IHF-folA,IHF,folA,+,Strong
IHF-yjbG,IHF,yjbG,+,Strong
IHF-cysI,IHF,cysI,+,Strong
IHF-prfA,IHF,prfA,+,Strong
IHF-yjbF,IHF,yjbF,+,Strong
IHF-dcuD,IHF,dcuD,+,Strong
IHF-hipA,IHF,hipA,+,Strong
IHF-cysG,IHF,cysG,+-,Strong
IHF-atoB,IHF,atoB,+,Strong
IHF-sodB,IHF,sodB,-,Strong
IHF-rpoE,IHF,rpoE,-,Strong
IHF-sodA,IHF,sodA,-,Strong
IHF-uspA,IHF,uspA,+,Strong
IHF-uspB,IHF,uspB,-,Strong
IHF-rpoH,IHF,rpoH,+,Strong
IHF-csgE,IHF,csgE,+,Strong
IHF-ndh,IHF,ndh,-,Strong
IHF-sra,IHF,sra,+,Strong
IHF-fnr,IHF,fnr,+,Strong
IHF-ilvL,IHF,ilvL,+-,Strong
IHF-yadV,IHF,yadV,+,Strong
IHF-acs,IHF,acs,-,Strong
IHF-ilvM,IHF,ilvM,+-,Strong
IHF-atoD,IHF,atoD,+,Strong
IHF-carB,IHF,carB,+-,Strong
IHF-glcE,IHF,glcE,+,Strong
IHF-glcF,IHF,glcF,+,Strong
IHF-glcG,IHF,glcG,+,Strong
IHF-gltD,IHF,gltD,+,Strong
IHF-glcB,IHF,glcB,+,Strong
IHF-gltF,IHF,gltF,+,Strong
IHF-htrE,IHF,htrE,+,Strong
IHF-sgbH,IHF,sgbH,+,Strong
IHF-pspH,IHF,pspH,+,Strong
IHF-pspG,IHF,pspG,+,Strong
IHF-rtcB,IHF,rtcB,+,Strong
IHF-rtcA,IHF,rtcA,+,Strong
IHF-pspD,IHF,pspD,+,Strong
IHF-pspC,IHF,pspC,+,Strong
IHF-pspB,IHF,pspB,+,Strong
IHF-pspA,IHF,pspA,+,Strong
IHF-ilvE,IHF,ilvE,+-,Strong
IHF-tyrP,IHF,tyrP,-,Strong
IHF-ilvD,IHF,ilvD,+-,Strong
IHF-sgbU,IHF,sgbU,+,Strong
IHF-carA,IHF,carA,+-,Strong
IHF-yjbH,IHF,yjbH,+,Strong
IHF-sgbE,IHF,sgbE,+,Strong
IHF-ilvG,IHF,ilvG,+-,Strong
IHF-paaG,IHF,paaG,+,Strong
IHF-glpT,IHF,glpT,-,Strong
IHF-prmC,IHF,prmC,+,Strong
IHF-nrfF,IHF,nrfF,+-,Strong
IHF-nrfG,IHF,nrfG,+-,Strong
IHF-nrfD,IHF,nrfD,+-,Strong
IHF-nrfE,IHF,nrfE,+-,Strong
IHF-pflB,IHF,pflB,+,Strong
IHF-nrfC,IHF,nrfC,+-,Strong
IHF-nrfA,IHF,nrfA,+-,Strong
IHF-proV,IHF,proV,+,Strong
IHF-tcyJ,IHF,tcyJ,-,Strong
IHF-phoU,IHF,phoU,+,Strong
IHF-fliZ,IHF,fliZ,-,Strong
IHF-yjcH,IHF,yjcH,-,Strong
IHF-fhlA,IHF,fhlA,+,Strong
IHF-ihfA,IHF,ihfA,-,Strong
IHF-focA,IHF,focA,+,Strong
IHF-ihfB,IHF,ihfB,-,Strong
IHF-fliA,IHF,fliA,-,Strong
IHF-ubiC,IHF,ubiC,-,Strong
IHF-ubiA,IHF,ubiA,-,Strong
IHF-tdcE,IHF,tdcE,+,Strong
IHF-tdcD,IHF,tdcD,+,Strong
IHF-tdcG,IHF,tdcG,+,Strong
IHF-b4439,IHF,b4439,-,Strong
IHF-tdcA,IHF,tdcA,+,Strong
IHF-hycA,IHF,hycA,+,Strong
IHF-tdcC,IHF,tdcC,+,Strong
IHF-tdcB,IHF,tdcB,+,Strong
IHF-mtr,IHF,mtr,-,Strong
IHF-hycH,IHF,hycH,+,Strong
IHF-hycI,IHF,hycI,+,Strong
IHF-sufD,IHF,sufD,+,Strong
IHF-ibpB,IHF,ibpB,+,Strong
IHF-csgG,IHF,csgG,+,Strong
IHF-csgF,IHF,csgF,+,Strong
IHF-yiaK,IHF,yiaK,+,Strong
IHF-atoA,IHF,atoA,+,Strong
IHF-yiaM,IHF,yiaM,+,Strong
IHF-yiaL,IHF,yiaL,+,Strong
IHF-yiaO,IHF,yiaO,+,Strong
IHF-yiaN,IHF,yiaN,+,Strong
IHF-sdhX,IHF,sdhX,-,Strong
IHF-fimH,IHF,fimH,+,Strong
IHF-actP,IHF,actP,-,Strong
IHF-lyx,IHF,lyx,+,Strong
IHF-narS,IHF,narS,+,Strong
IHF-narI,IHF,narI,+,Strong
IHF-narH,IHF,narH,+,Strong
IHF-narK,IHF,narK,+,Strong
IHF-narJ,IHF,narJ,+,Strong
IHF-narG,IHF,narG,+,Strong
IHF-b4408,IHF,b4408,+,Strong
IHF-aceK,IHF,aceK,+,Strong
IHF-patA,IHF,patA,?,Strong
IHF-glnH,IHF,glnH,+,Strong
IHF-gcd,IHF,gcd,+,Strong
IHF-fimA,IHF,fimA,+,Strong
IHF-aceB,IHF,aceB,+,Strong
IHF-aceA,IHF,aceA,+,Strong
IHF-fimB,IHF,fimB,+,Strong
IHF-hpt,IHF,hpt,-,Strong
IHF-fimC,IHF,fimC,+,Strong
IHF-glnQ,IHF,glnQ,+,Strong
IHF-glnP,IHF,glnP,+,Strong
IHF-ilvX,IHF,ilvX,+-,Strong
IHF-paaZ,IHF,paaZ,+,Strong
IHF-amiA,IHF,amiA,-,Strong
IHF-hipB,IHF,hipB,+,Strong
IHF-paaB,IHF,paaB,+,Strong
IHF-paaC,IHF,paaC,+,Strong
IHF-paaA,IHF,paaA,+,Strong
IHF-paaF,IHF,paaF,+,Strong
IHF-sufC,IHF,sufC,+,Strong
IHF-paaD,IHF,paaD,+,Strong
IHF-paaE,IHF,paaE,+,Strong
IHF-paaJ,IHF,paaJ,+,Strong
IHF-paaK,IHF,paaK,+,Strong
IHF-paaH,IHF,paaH,+,Strong
IHF-paaI,IHF,paaI,+,Strong
IHF-ilvA,IHF,ilvA,+-,Strong
IHF-ssuE,IHF,ssuE,+-,Strong
IHF-ssuD,IHF,ssuD,+-,Strong
IHF-gltB,IHF,gltB,+,Strong
IHF-glpQ,IHF,glpQ,-,Strong
IHF-ssuC,IHF,ssuC,+-,Strong
IHF-ssuB,IHF,ssuB,+-,Strong
IHF-plaR,IHF,plaR,-,Strong
IHF-hycG,IHF,hycG,+,Strong
IHF-ssuA,IHF,ssuA,+-,Strong
IHF-dusB,IHF,dusB,+,Strong
IHF-glcA,IHF,glcA,+,Strong
IHF-sucA,IHF,sucA,-,Strong
IHF-adiA,IHF,adiA,+,Strong
IHF-sucC,IHF,sucC,-,Strong
IHF-sucB,IHF,sucB,-,Strong
IHF-fimD,IHF,fimD,+,Strong
IHF-sucD,IHF,sucD,-,Strong
IHF-fimF,IHF,fimF,+,Strong
IHF-fimG,IHF,fimG,+,Strong
IHF-hypE,IHF,hypE,+,Strong
IHF-fimI,IHF,fimI,+,Strong
IHF-csgD,IHF,csgD,+,Strong
iclR-aceK,iclR,aceK,-,Strong
iclR-aceB,iclR,aceB,-,Strong
iclR-aceA,iclR,aceA,-,Strong
iclR-iclR,iclR,iclR,-,Strong
fnr-pstS,fnr,pstS,+,Strong
fnr-emrY,fnr,emrY,+,Strong
fnr-norW,fnr,norW,-,Weak
fnr-aspA,fnr,aspA,+,Weak
fnr-napC,fnr,napC,+,Strong
fnr-aspC,fnr,aspC,+-,Strong
fnr-poxB,fnr,poxB,+,Strong
fnr-yecR,fnr,yecR,+,Strong
fnr-acnA,fnr,acnA,-,Weak
fnr-dmsD,fnr,dmsD,+,Strong
fnr-moeB,fnr,moeB,-,Strong
fnr-moeA,fnr,moeA,-,Strong
fnr-emrK,fnr,emrK,+,Strong
fnr-dmsA,fnr,dmsA,+,Strong
fnr-nirC,fnr,nirC,+,Strong
fnr-dmsC,fnr,dmsC,+,Strong
fnr-glnD,fnr,glnD,+-,Strong
fnr-focB,fnr,focB,-,Weak
fnr-aldA,fnr,aldA,-,Weak
fnr-norV,fnr,norV,-,Weak
fnr-hyfJ,fnr,hyfJ,-,Weak
fnr-hyfI,fnr,hyfI,-,Weak
fnr-hyfH,fnr,hyfH,-,Weak
fnr-hyfC,fnr,hyfC,-,Weak
fnr-frdA,fnr,frdA,+,Weak
fnr-frdB,fnr,frdB,+,Weak
fnr-frdC,fnr,frdC,+,Weak
fnr-frdD,fnr,frdD,+,Weak
fnr-fumA,fnr,fumA,-,Strong
fnr-hyfE,fnr,hyfE,-,Weak
fnr-fumC,fnr,fumC,-,Strong
fnr-hyfR,fnr,hyfR,-,Weak
fnr-katG,fnr,katG,+,Weak
fnr-xdhC,fnr,xdhC,+,Strong
fnr-napA,fnr,napA,+,Strong
fnr-moaD,fnr,moaD,+,Weak
fnr-gcvP,fnr,gcvP,+,Strong
fnr-gcvT,fnr,gcvT,+,Strong
fnr-gadA,fnr,gadA,-,Weak
fnr-moaB,fnr,moaB,+,Weak
fnr-gcvH,fnr,gcvH,+,Strong
fnr-ybdZ,fnr,ybdZ,+,Weak
fnr-gadX,fnr,gadX,-,Weak
fnr-moaA,fnr,moaA,+,Weak
fnr-ygbA,fnr,ygbA,-,Strong
fnr-hypE,fnr,hypE,+,Strong
fnr-hypD,fnr,hypD,+,Strong
fnr-gadW,fnr,gadW,-,Weak
fnr-cyoA,fnr,cyoA,-,Weak
fnr-hypC,fnr,hypC,+,Strong
fnr-hypB,fnr,hypB,+,Strong
fnr-pstC,fnr,pstC,+,Strong
fnr-ychO,fnr,ychO,-,Strong
fnr-aer,fnr,aer,+,Weak
fnr-nirD,fnr,nirD,+,Strong
fnr-dppA,fnr,dppA,-,Weak
fnr-dppB,fnr,dppB,-,Weak
fnr-hemA,fnr,hemA,-,Strong
fnr-dppD,fnr,dppD,-,Weak
fnr-pstA,fnr,pstA,+,Strong
fnr-dppF,fnr,dppF,-,Weak
fnr-nuoB,fnr,nuoB,-,Strong
fnr-nuoC,fnr,nuoC,-,Strong
fnr-nuoA,fnr,nuoA,-,Strong
fnr-nuoF,fnr,nuoF,-,Strong
fnr-nuoG,fnr,nuoG,-,Strong
fnr-nuoE,fnr,nuoE,-,Strong
fnr-nuoJ,fnr,nuoJ,-,Strong
fnr-acrF,fnr,acrF,+,Strong
fnr-nuoH,fnr,nuoH,-,Strong
fnr-nuoI,fnr,nuoI,-,Strong
fnr-nuoN,fnr,nuoN,-,Strong
fnr-nuoL,fnr,nuoL,-,Strong
fnr-nuoM,fnr,nuoM,-,Strong
fnr-yeiL,fnr,yeiL,-,Weak
fnr-dppC,fnr,dppC,-,Weak
fnr-dmsB,fnr,dmsB,+,Strong
fnr-garR,fnr,garR,+,Strong
fnr-rplV,fnr,rplV,+,Strong
fnr-rplW,fnr,rplW,+,Strong
fnr-rplT,fnr,rplT,-,Strong
fnr-nirB,fnr,nirB,+,Strong
fnr-rplS,fnr,rplS,-,Strong
fnr-hlyE,fnr,hlyE,+,Strong
fnr-rplM,fnr,rplM,-,Strong
fnr-zwf,fnr,zwf,-,Strong
fnr-rplD,fnr,rplD,+,Strong
fnr-rplB,fnr,rplB,+,Strong
fnr-rplC,fnr,rplC,+,Strong
fnr-fepE,fnr,fepE,+,Weak
fnr-iraM,fnr,iraM,+,Weak
fnr-hcr,fnr,hcr,+,Strong
fnr-hcp,fnr,hcp,+,Strong
fnr-cheR,fnr,cheR,+,Strong
fnr-entF,fnr,entF,+,Weak
fnr-cyoD,fnr,cyoD,-,Weak
fnr-bcsZ,fnr,bcsZ,+,Strong
fnr-cheZ,fnr,cheZ,+,Strong
fnr-cheY,fnr,cheY,+,Strong
fnr-ytfE,fnr,ytfE,-,Strong
fnr-sdhA,fnr,sdhA,-,Strong
fnr-bcsB,fnr,bcsB,+,Strong
fnr-gltD,fnr,gltD,-,Weak
fnr-cheB,fnr,cheB,+,Strong
fnr-trmD,fnr,trmD,-,Strong
fnr-ydhU,fnr,ydhU,+,Strong
fnr-cydA,fnr,cydA,+-,Strong
fnr-cydB,fnr,cydB,+-,Strong
fnr-cydC,fnr,cydC,+,Weak
fnr-cydD,fnr,cydD,+,Weak
fnr-caiT,fnr,caiT,+,Weak
fnr-prfA,fnr,prfA,-,Strong
fnr-cysG,fnr,cysG,+,Strong
fnr-ybdN,fnr,ybdN,+,Weak
fnr-dcuA,fnr,dcuA,+,Weak
fnr-dcuB,fnr,dcuB,+,Weak
fnr-dcuC,fnr,dcuC,+,Weak
fnr-caiF,fnr,caiF,+,Weak
fnr-caiE,fnr,caiE,+,Weak
fnr-caiD,fnr,caiD,+,Weak
fnr-caiC,fnr,caiC,+,Weak
fnr-caiB,fnr,caiB,+,Weak
fnr-caiA,fnr,caiA,+,Weak
fnr-sodA,fnr,sodA,-,Weak
fnr-ccmE,fnr,ccmE,+,Strong
fnr-ccmD,fnr,ccmD,+,Strong
fnr-ccmF,fnr,ccmF,+,Strong
fnr-ccmA,fnr,ccmA,+,Strong
fnr-dcuR,fnr,dcuR,+,Strong
fnr-dcuS,fnr,dcuS,+,Strong
fnr-ndh,fnr,ndh,-,Strong
fnr-pstB,fnr,pstB,+,Strong
fnr-fnr,fnr,fnr,-,Strong
fnr-nikD,fnr,nikD,+,Strong
fnr-fixX,fnr,fixX,+,Weak
fnr-ymjE,fnr,ymjE,-,Weak
fnr-iraD,fnr,iraD,+,Strong
fnr-dpiB,fnr,dpiB,-,Weak
fnr-dpiA,fnr,dpiA,-,Weak
fnr-upp,fnr,upp,+,Weak
fnr-hyfB,fnr,hyfB,-,Weak
fnr-rimM,fnr,rimM,-,Strong
fnr-gltB,fnr,gltB,-,Weak
fnr-fixC,fnr,fixC,+,Weak
fnr-fixB,fnr,fixB,+,Weak
fnr-fixA,fnr,fixA,+,Weak
fnr-gltF,fnr,gltF,-,Weak
fnr-citX,fnr,citX,-,Weak
fnr-rpsC,fnr,rpsC,+,Strong
fnr-nikC,fnr,nikC,+,Strong
fnr-fdnG,fnr,fdnG,+-,Strong
fnr-fdnH,fnr,fdnH,+-,Strong
fnr-fdnI,fnr,fdnI,+-,Strong
fnr-moaE,fnr,moaE,+,Weak
fnr-b4699,fnr,b4699,+,Strong
fnr-moaC,fnr,moaC,+,Weak
fnr-rpsJ,fnr,rpsJ,+,Strong
fnr-rpsI,fnr,rpsI,-,Strong
fnr-hyfF,fnr,hyfF,-,Weak
fnr-napG,fnr,napG,+,Strong
fnr-napF,fnr,napF,+,Strong
fnr-napD,fnr,napD,+,Strong
fnr-rpsS,fnr,rpsS,+,Strong
fnr-napB,fnr,napB,+,Strong
fnr-rpsQ,fnr,rpsQ,+,Strong
fnr-rpsP,fnr,rpsP,-,Strong
fnr-citC,fnr,citC,-,Weak
fnr-citD,fnr,citD,-,Weak
fnr-citE,fnr,citE,-,Weak
fnr-citF,fnr,citF,-,Weak
fnr-citG,fnr,citG,-,Weak
fnr-acrE,fnr,acrE,+,Strong
fnr-garL,fnr,garL,+,Strong
fnr-glpT,fnr,glpT,+,Weak
fnr-ompX,fnr,ompX,-,Strong
fnr-garK,fnr,garK,+,Strong
fnr-prmC,fnr,prmC,-,Strong
fnr-nrfF,fnr,nrfF,+,Strong
fnr-amtB,fnr,amtB,+-,Strong
fnr-nrfD,fnr,nrfD,+,Strong
fnr-nrfE,fnr,nrfE,+,Strong
fnr-nrfB,fnr,nrfB,+,Strong
fnr-nrfC,fnr,nrfC,+,Strong
fnr-nrfA,fnr,nrfA,+,Strong
fnr-ompW,fnr,ompW,+-,Strong
fnr-cadC,fnr,cadC,+,Weak
fnr-fes,fnr,fes,+,Weak
fnr-ynfH,fnr,ynfH,+,Strong
fnr-ynfG,fnr,ynfG,+,Strong
fnr-ynfF,fnr,ynfF,+,Strong
fnr-ynfE,fnr,ynfE,+,Strong
fnr-ccmB,fnr,ccmB,+,Strong
fnr-ravA,fnr,ravA,+,Strong
fnr-garP,fnr,garP,+,Strong
fnr-nfeR,fnr,nfeR,+,Strong
fnr-phoU,fnr,phoU,+,Strong
fnr-viaA,fnr,viaA,+,Strong
fnr-idlP,fnr,idlP,+,Strong
fnr-sdhD,fnr,sdhD,-,Strong
fnr-puuA,fnr,puuA,-,Weak
fnr-hmp,fnr,hmp,-,Strong
fnr-malP,fnr,malP,+,Weak
fnr-malQ,fnr,malQ,+,Weak
fnr-napH,fnr,napH,+,Strong
fnr-gdhA,fnr,gdhA,+,Strong
fnr-rplP,fnr,rplP,+,Strong
fnr-focA,fnr,focA,+,Strong
fnr-rpmC,fnr,rpmC,+,Strong
fnr-ubiC,fnr,ubiC,-,Weak
fnr-ubiA,fnr,ubiA,-,Weak
fnr-tdcE,fnr,tdcE,+,Weak
fnr-tdcD,fnr,tdcD,+,Weak
fnr-tdcG,fnr,tdcG,+,Weak
fnr-tdcF,fnr,tdcF,+,Weak
fnr-tdcA,fnr,tdcA,+,Weak
fnr-tdcC,fnr,tdcC,+,Weak
fnr-tdcB,fnr,tdcB,+,Weak
fnr-pdeF,fnr,pdeF,+,Strong
fnr-grcA,fnr,grcA,+-,Strong
fnr-puuP,fnr,puuP,-,Weak
fnr-ccmC,fnr,ccmC,+,Strong
fnr-hyfD,fnr,hyfD,-,Weak
fnr-gnd,fnr,gnd,-,Strong
fnr-uraA,fnr,uraA,+,Weak
fnr-ydeJ,fnr,ydeJ,+,Weak
fnr-pitA,fnr,pitA,+,Strong
fnr-narH,fnr,narH,+,Strong
fnr-nikB,fnr,nikB,+,Strong
fnr-sdhX,fnr,sdhX,-,Strong
fnr-nikA,fnr,nikA,+,Strong
fnr-tap,fnr,tap,+,Strong
fnr-narX,fnr,narX,-,Strong
fnr-tar,fnr,tar,+,Strong
fnr-nikE,fnr,nikE,+,Strong
fnr-pflB,fnr,pflB,+,Strong
fnr-pdhR,fnr,pdhR,+-,Weak
fnr-narS,fnr,narS,+,Strong
fnr-lpd,fnr,lpd,+-,Strong
fnr-nikR,fnr,nikR,+,Strong
fnr-narL,fnr,narL,-,Strong
fnr-hyfA,fnr,hyfA,-,Weak
fnr-narI,fnr,narI,+,Strong
fnr-pheM,fnr,pheM,-,Strong
fnr-narK,fnr,narK,+,Strong
fnr-narJ,fnr,narJ,+,Strong
fnr-soxR,fnr,soxR,-,Strong
fnr-soxS,fnr,soxS,-,Strong
fnr-cyoC,fnr,cyoC,-,Weak
fnr-sdhB,fnr,sdhB,-,Strong
fnr-cyoE,fnr,cyoE,-,Weak
fnr-purN,fnr,purN,-,Strong
fnr-purM,fnr,purM,-,Strong
fnr-glnK,fnr,glnK,+-,Strong
fnr-nac,fnr,nac,-,Strong
fnr-xdhB,fnr,xdhB,+,Strong
fnr-cyoB,fnr,cyoB,-,Weak
fnr-sdhC,fnr,sdhC,-,Strong
fnr-aceF,fnr,aceF,-,Strong
fnr-aceE,fnr,aceE,-,Strong
fnr-pepT,fnr,pepT,+,Strong
fnr-ysgA,fnr,ysgA,-,Strong
fnr-adhE,fnr,adhE,+,Weak
fnr-feoB,fnr,feoB,+,Weak
fnr-feoC,fnr,feoC,+,Weak
fnr-feoA,fnr,feoA,+,Weak
fnr-dsbE,fnr,dsbE,+,Strong
fnr-b3123,fnr,b3123,+,Strong
fnr-arcA,fnr,arcA,+-,Weak
fnr-ackA,fnr,ackA,+,Strong
fnr-ccmH,fnr,ccmH,+,Strong
fnr-xdhA,fnr,xdhA,+,Strong
fnr-hyfG,fnr,hyfG,-,Weak
fnr-ydhY,fnr,ydhY,+,Strong
fnr-ydhX,fnr,ydhX,+,Strong
fnr-nrdD,fnr,nrdD,+,Strong
fnr-fumB,fnr,fumB,+,Weak
fnr-ydhW,fnr,ydhW,+,Strong
fnr-ydhV,fnr,ydhV,+,Strong
fnr-narG,fnr,narG,+,Strong
fnr-ydhT,fnr,ydhT,+,Strong
fnr-ssuE,fnr,ssuE,+,Strong
fnr-ssuD,fnr,ssuD,+,Strong
fnr-fhlA,fnr,fhlA,+,Strong
fnr-glpQ,fnr,glpQ,+,Weak
fnr-ssuC,fnr,ssuC,+,Strong
fnr-nuoK,fnr,nuoK,-,Strong
fnr-fdhF,fnr,fdhF,+,Strong
fnr-nrdG,fnr,nrdG,+,Strong
fnr-ssuA,fnr,ssuA,+,Strong
fnr-ccp,fnr,ccp,+,Strong
fnr-ssuB,fnr,ssuB,+,Strong
fnr-sucA,fnr,sucA,-,Strong
fnr-nrfG,fnr,nrfG,+,Strong
fnr-sucC,fnr,sucC,-,Strong
fnr-sucB,fnr,sucB,-,Strong
fnr-glpA,fnr,glpA,+,Weak
fnr-sucD,fnr,sucD,-,Strong
fnr-glpC,fnr,glpC,+,Weak
fnr-glpB,fnr,glpB,+,Weak
fnr-uxaA,fnr,uxaA,+,Strong
fnr-ansB,fnr,ansB,+,Strong
fnr-uxaC,fnr,uxaC,+,Strong
fnr-tpx,fnr,tpx,-,Weak
b2087-GatR,b2087,GatR,+,Strong
CRP-Sxy-sxy,CRP-Sxy,sxy,+,Weak
putA-putA,putA,putA,-,Strong
putA-putP,putA,putP,-,Strong
pgrR-tyrR,pgrR,tyrR,-,Strong
pgrR-ymjD,pgrR,ymjD,-,Strong
pgrR-mpaA,pgrR,mpaA,-,Strong
pgrR-ycjX,pgrR,ycjX,-,Strong
pgrR-ycjY,pgrR,ycjY,-,Strong
pgrR-ymjC,pgrR,ymjC,-,Strong
pgrR-ycjF,pgrR,ycjF,-,Strong
pgrR-ycjG,pgrR,ycjG,-,Strong
hupA-HU,hupA,HU,+,Strong
hupB-HU,hupB,HU,+,Strong
nikR-nikB,nikR,nikB,-,Strong
nikR-nikC,nikR,nikC,-,Strong
nikR-nikA,nikR,nikA,-,Strong
nikR-nikD,nikR,nikD,-,Strong
nikR-nikE,nikR,nikE,-,Strong
nikR-nikR,nikR,nikR,-,Strong
glnG-rutE,glnG,rutE,+,Weak
glnG-astA,glnG,astA,+,Strong
glnG-astB,glnG,astB,+,Strong
glnG-astC,glnG,astC,+,Strong
glnG-astD,glnG,astD,+,Strong
glnG-astE,glnG,astE,+,Strong
glnG-cbl,glnG,cbl,+,Strong
glnG-rutC,glnG,rutC,+,Weak
glnG-rseB,glnG,rseB,+,Strong
glnG-rutA,glnG,rutA,+,Weak
glnG-hisP,glnG,hisP,+,Weak
glnG-hisQ,glnG,hisQ,+,Weak
glnG-potI,glnG,potI,+,Strong
glnG-potH,glnG,potH,+,Strong
glnG-potG,glnG,potG,+,Strong
glnG-potF,glnG,potF,+,Strong
glnG-relA,glnG,relA,+,Strong
glnG-rseA,glnG,rseA,+,Strong
glnG-rseD,glnG,rseD,+,Strong
glnG-glnK,glnG,glnK,+,Weak
glnG-nac,glnG,nac,+,Weak
glnG-yeaG,glnG,yeaG,+,Strong
glnG-glnH,glnG,glnH,+-,Strong
glnG-ddpX,glnG,ddpX,+,Weak
glnG-glnL,glnG,glnL,+-,Strong
glnG-glnA,glnG,glnA,+-,Strong
glnG-glnG,glnG,glnG,+-,Strong
glnG-yeaH,glnG,yeaH,+,Strong
glnG-rseC,glnG,rseC,+,Strong
glnG-hisM,glnG,hisM,+,Weak
glnG-ddpD,glnG,ddpD,+,Weak
glnG-glnQ,glnG,glnQ,+-,Strong
glnG-glnP,glnG,glnP,+-,Strong
glnG-ddpA,glnG,ddpA,+,Weak
glnG-ddpB,glnG,ddpB,+,Weak
glnG-ddpC,glnG,ddpC,+,Weak
glnG-yhdW,glnG,yhdW,+,Weak
glnG-hisJ,glnG,hisJ,+,Weak
glnG-rpoE,glnG,rpoE,+,Strong
glnG-yhdZ,glnG,yhdZ,+,Weak
glnG-yhdY,glnG,yhdY,+,Weak
glnG-yhdX,glnG,yhdX,+,Weak
glnG-amtB,glnG,amtB,+,Weak
glnG-ddpF,glnG,ddpF,+,Weak
glnG-rutD,glnG,rutD,+,Weak
glnG-rutB,glnG,rutB,+,Weak
glnG-argT,glnG,argT,+,Weak
glnG-patA,glnG,patA,+,Weak
glnG-rutG,glnG,rutG,+,Weak
glnG-rutF,glnG,rutF,+,Weak
zraR-zraS,zraR,zraS,+,Strong
zraR-zraR,zraR,zraR,+,Strong
zraR-zraP,zraR,zraP,+,Strong
gadE-hdeA,gadE,hdeA,+,Strong
gadE-fabZ,gadE,fabZ,+,Strong
gadE-purA,gadE,purA,+,Strong
gadE-cyoA,gadE,cyoA,+,Strong
gadE-cyoC,gadE,cyoC,+,Strong
gadE-cyoB,gadE,cyoB,+,Strong
gadE-cyoE,gadE,cyoE,+,Strong
gadE-cyoD,gadE,cyoD,+,Strong
gadE-skp,gadE,skp,+,Strong
gadE-yjbR,gadE,yjbR,+,Weak
gadE-yjbQ,gadE,yjbQ,+,Weak
gadE-rcsA,gadE,rcsA,+,Strong
gadE-fliX,gadE,fliX,+,Strong
gadE-gadE,gadE,gadE,+,Strong
gadE-gadF,gadE,gadF,+,Strong
gadE-gadB,gadE,gadB,+,Strong
gadE-gadC,gadE,gadC,+,Strong
gadE-lrp,gadE,lrp,+,Strong
gadE-hdeD,gadE,hdeD,+,Strong
gadE-gadX,gadE,gadX,+,Strong
gadE-hdeB,gadE,hdeB,+,Strong
gadE-mdtE,gadE,mdtE,+,Strong
gadE-GadE-RcsB,gadE,GadE-RcsB,+,Strong
gadE-gadW,gadE,gadW,+,Strong
gadE-fliC,gadE,fliC,+,Strong
gadE-yhiD,gadE,yhiD,+,Strong
gadE-lpxA,gadE,lpxA,+,Strong
gadE-lpxD,gadE,lpxD,+,Strong
gadE-gltF,gadE,gltF,+,Strong
gadE-gnd,gadE,gnd,+,Strong
gadE-yhiM,gadE,yhiM,+,Weak
gadE-gltB,gadE,gltB,+,Strong
gadE-gltD,gadE,gltD,+,Strong
gadE-mdtF,gadE,mdtF,+,Strong
gadX-hdeA,gadX,hdeA,+-,Strong
gadX-btuB,gadX,btuB,-,Strong
gadX-ydeM,gadX,ydeM,-,Strong
gadX-ydeN,gadX,ydeN,-,Strong
gadX-speG,gadX,speG,-,Strong
gadX-dctR,gadX,dctR,+,Strong
gadX-glnK,gadX,glnK,+,Strong
gadX-murI,gadX,murI,-,Strong
gadX-amtB,gadX,amtB,+,Strong
gadX-lon,gadX,lon,+,Strong
gadX-dtpA,gadX,dtpA,-,Strong
gadX-cadA,gadX,cadA,+,Strong
gadX-cadB,gadX,cadB,+,Strong
gadX-ybaS,gadX,ybaS,+,Strong
gadX-ynfB,gadX,ynfB,-,Strong
gadX-ybaT,gadX,ybaT,+,Strong
gadX-rpoS,gadX,rpoS,+,Strong
gadX-gadE,gadX,gadE,+,Strong
gadX-gadF,gadX,gadF,+,Strong
gadX-gadA,gadX,gadA,+,Strong
gadX-gadB,gadX,gadB,+,Strong
gadX-gadC,gadX,gadC,+,Strong
gadX-hdeD,gadX,hdeD,+,Strong
gadX-gadX,gadX,gadX,+,Strong
gadX-mdtF,gadX,mdtF,+,Strong
gadX-mdtE,gadX,mdtE,+,Strong
gadX-gadW,gadX,gadW,+-,Strong
gadX-asnB,gadX,asnB,+,Strong
gadX-uspE,gadX,uspE,+,Strong
gadX-yhiD,gadX,yhiD,+-,Strong
gadX-slp,gadX,slp,+,Strong
gadX-b4452,gadX,b4452,+,Strong
gadX-hns,gadX,hns,+,Strong
gadX-hdeB,gadX,hdeB,+-,Strong
GadE-RcsB-yhiM,GadE-RcsB,yhiM,+,Strong
GadE-RcsB-slp,GadE-RcsB,slp,+,Strong
GadE-RcsB-cadB,GadE-RcsB,cadB,+,Strong
GadE-RcsB-gadA,GadE-RcsB,gadA,+,Strong
GadE-RcsB-cadA,GadE-RcsB,cadA,+,Strong
GadE-RcsB-aslB,GadE-RcsB,aslB,+,Strong
GadE-RcsB-adiC,GadE-RcsB,adiC,+,Strong
GadE-RcsB-gadX,GadE-RcsB,gadX,+,Strong
GadE-RcsB-dctR,GadE-RcsB,dctR,+,Strong
gadW-yhiD,gadW,yhiD,+-,Strong
gadW-hdeA,gadW,hdeA,+-,Strong
gadW-gadE,gadW,gadE,+,Strong
gadW-gadF,gadW,gadF,+,Strong
gadW-slp,gadW,slp,-,Strong
gadW-gadA,gadW,gadA,+-,Strong
gadW-gadB,gadW,gadB,+-,Strong
gadW-gadC,gadW,gadC,+-,Strong
gadW-b4452,gadW,b4452,-,Strong
gadW-gadX,gadW,gadX,+-,Strong
gadW-hdeB,gadW,hdeB,+-,Strong
gadW-mdtE,gadW,mdtE,+,Strong
gadW-gadW,gadW,gadW,-,Strong
gadW-dctR,gadW,dctR,-,Strong
gadW-mdtF,gadW,mdtF,+,Strong
stpA-casE,stpA,casE,+,Strong
stpA-casD,stpA,casD,+,Strong
stpA-ygfA,stpA,ygfA,-,Strong
stpA-casA,stpA,casA,+,Strong
stpA-casC,stpA,casC,+,Strong
stpA-casB,stpA,casB,+,Strong
stpA-leuO,stpA,leuO,-,Strong
stpA-bglB,stpA,bglB,-,Strong
stpA-bglG,stpA,bglG,-,Strong
stpA-bglF,stpA,bglF,-,Strong
stpA-cas1,stpA,cas1,+,Strong
stpA-b2911,stpA,b2911,-,Strong
stpA-malH,stpA,malH,+,Strong
stpA-cas2,stpA,cas2,+,Strong
stpA-malF,stpA,malF,+,Strong
stpA-malG,stpA,malG,+,Strong
stpA-malE,stpA,malE,+,Strong
stpA-stpA,stpA,stpA,-,Strong
araC-ygeA,araC,ygeA,+,Strong
araC-araC,araC,araC,+-,Strong
araC-araB,araC,araB,+-,Strong
araC-ydeM,araC,ydeM,-,Strong
araC-ydeN,araC,ydeN,-,Strong
araC-araA,araC,araA,+-,Strong
araC-araF,araC,araF,+,Strong
araC-araG,araC,araG,+,Strong
araC-araD,araC,araD,+-,Strong
araC-araE,araC,araE,+,Strong
araC-araJ,araC,araJ,+,Strong
araC-araH,araC,araH,+,Strong
araC-xylB,araC,xylB,-,Strong
araC-xylA,araC,xylA,-,Strong
HU-galT,HU,galT,-,Strong
HU-tyrP,HU,tyrP,-,Strong
HU-mtr,HU,mtr,-,Strong
HU-seqA,HU,seqA,-,Strong
HU-pgm,HU,pgm,-,Strong
HU-galE,HU,galE,-,Strong
HU-b4439,HU,b4439,+,Strong
HU-galM,HU,galM,-,Strong
HU-galK,HU,galK,-,Strong
uhpA-uhpT,uhpA,uhpT,+,Strong
zur-zinT,zur,zinT,-,Weak
zur-znuC,zur,znuC,-,Strong
zur-znuB,zur,znuB,-,Strong
zur-znuA,zur,znuA,-,Strong
zur-ykgM,zur,ykgM,-,Weak
zur-ykgO,zur,ykgO,-,Weak
relB-RelB-RelE,relB,RelB-RelE,+,Strong
relB-hokD,relB,hokD,-,Strong
relB-relE,relB,relE,-,Strong
relB-relB,relB,relB,-,Strong
relE-RelB-RelE,relE,RelB-RelE,+,Strong
b2090-GatR,b2090,GatR,+,Strong
lrhA-flhC,lrhA,flhC,-,Strong
lrhA-lrhA,lrhA,lrhA,+,Strong
lrhA-fimE,lrhA,fimE,+,Strong
lrhA-flhD,lrhA,flhD,-,Strong
lrhA-leuO,lrhA,leuO,+,Strong
rspR-rspA,rspR,rspA,-,Strong
rspR-rspB,rspR,rspB,-,Strong
idnR-gntK,idnR,gntK,-,Weak
idnR-idnT,idnR,idnT,+,Weak
idnR-idnR,idnR,idnR,+,Weak
idnR-idnO,idnR,idnO,+,Weak
idnR-idnK,idnR,idnK,+,Weak
idnR-idnD,idnR,idnD,+,Weak
idnR-gntU,idnR,gntU,-,Weak
rhaS-rhaT,rhaS,rhaT,+,Strong
rhaS-rhaS,rhaS,rhaS,+,Strong
rhaS-rhaR,rhaS,rhaR,+,Strong
rhaS-rhaD,rhaS,rhaD,+,Strong
rhaS-rhaA,rhaS,rhaA,+,Strong
rhaS-rhaB,rhaS,rhaB,+,Strong
rob-ybiS,rob,ybiS,+,Strong
rob-marA,rob,marA,+,Strong
rob-marB,rob,marB,+,Strong
rob-acrZ,rob,acrZ,+,Weak
rob-rob,rob,rob,-,Strong
rob-acnA,rob,acnA,+,Strong
rob-acrB,rob,acrB,+,Strong
rob-fadB,rob,fadB,-,Strong
rob-fadA,rob,fadA,-,Strong
rob-acrA,rob,acrA,+,Strong
rob-marR,rob,marR,+,Strong
rob-tolC,rob,tolC,+,Weak
rob-aldA,rob,aldA,+,Weak
rob-fadL,rob,fadL,-,Strong
rob-ygiC,rob,ygiC,+,Weak
rob-chaC,rob,chaC,+,Strong
rob-fumC,rob,fumC,+,Strong
rob-inaA,rob,inaA,+,Strong
rob-elaB,rob,elaB,-,Strong
rob-ygiB,rob,ygiB,+,Weak
rob-aslB,rob,aslB,+,Strong
rob-b4439,rob,b4439,+,Strong
rob-ybjC,rob,ybjC,+,Weak
rob-sodA,rob,sodA,+,Strong
rob-ybjN,rob,ybjN,+,Weak
rob-mltF,rob,mltF,+,Strong
rob-nfsA,rob,nfsA,+,Weak
rob-nfsB,rob,nfsB,+,Strong
rob-nfo,rob,nfo,+,Weak
rob-zwf,rob,zwf,+,Strong
rob-yiaG,rob,yiaG,-,Strong
rob-rimK,rob,rimK,+,Weak
dsdC-dsdC,dsdC,dsdC,-,Strong
dsdC-dsdA,dsdC,dsdA,+,Strong
dsdC-dsdX,dsdC,dsdX,+,Strong
lrp-kbl,lrp,kbl,+,Strong
lrp-b2591,lrp,b2591,-,Strong
lrp-b2590,lrp,b2590,-,Strong
lrp-ilvG,lrp,ilvG,-,Strong
lrp-lhgD,lrp,lhgD,+,Strong
lrp-ompC,lrp,ompC,-,Strong
lrp-yojI,lrp,yojI,+,Weak
lrp-osmC,lrp,osmC,+-,Strong
lrp-leuE,lrp,leuE,-,Weak
lrp-gcvP,lrp,gcvP,+,Strong
lrp-gcvT,lrp,gcvT,+,Strong
lrp-b2911,lrp,b2911,-,Strong
lrp-b3855,lrp,b3855,-,Strong
lrp-b3854,lrp,b3854,-,Strong
lrp-b2588,lrp,b2588,-,Strong
lrp-b2589,lrp,b2589,-,Strong
lrp-b3853,lrp,b3853,-,Strong
lrp-b3852,lrp,b3852,-,Strong
lrp-osmY,lrp,osmY,-,Strong
lrp-stpA,lrp,stpA,+,Strong
lrp-livG,lrp,livG,-,Strong
lrp-b0204,lrp,b0204,-,Strong
lrp-b3275,lrp,b3275,-,Strong
lrp-b3274,lrp,b3274,-,Strong
lrp-b3277,lrp,b3277,-,Strong
lrp-b3276,lrp,b3276,-,Strong
lrp-b3273,lrp,b3273,-,Strong
lrp-b3272,lrp,b3272,-,Strong
lrp-b3278,lrp,b3278,-,Strong
lrp-b3969,lrp,b3969,-,Strong
lrp-aroA,lrp,aroA,+,Strong
lrp-aidB,lrp,aidB,-,Strong
lrp-b3756,lrp,b3756,-,Strong
lrp-b3757,lrp,b3757,-,Strong
lrp-b3758,lrp,b3758,-,Strong
lrp-b3759,lrp,b3759,-,Strong
lrp-tdh,lrp,tdh,+,Strong
lrp-oppA,lrp,oppA,-,Strong
lrp-oppC,lrp,oppC,-,Strong
lrp-oppB,lrp,oppB,-,Strong
lrp-oppD,lrp,oppD,-,Strong
lrp-hdeA,lrp,hdeA,-,Weak
lrp-oppF,lrp,oppF,-,Strong
lrp-b3970,lrp,b3970,-,Strong
lrp-b3971,lrp,b3971,-,Strong
lrp-argO,lrp,argO,+,Strong
lrp-gltB,lrp,gltB,+,Strong
lrp-gltD,lrp,gltD,+,Strong
lrp-hdeB,lrp,hdeB,-,Weak
lrp-yeiL,lrp,yeiL,+,Weak
lrp-b0205,lrp,b0205,-,Strong
lrp-livF,lrp,livF,-,Strong
lrp-b0201,lrp,b0201,-,Strong
lrp-b0203,lrp,b0203,-,Strong
lrp-b0202,lrp,b0202,-,Strong
lrp-livM,lrp,livM,-,Strong
lrp-livK,lrp,livK,-,Strong
lrp-livJ,lrp,livJ,-,Strong
lrp-livH,lrp,livH,-,Strong
lrp-avtA,lrp,avtA,-,Strong
lrp-cadA,lrp,cadA,+,Strong
lrp-cadB,lrp,cadB,+,Strong
lrp-ygfA,lrp,ygfA,-,Strong
lrp-malT,lrp,malT,+,Strong
lrp-ridA,lrp,ridA,+,Strong
lrp-b4007,lrp,b4007,-,Strong
lrp-serC,lrp,serC,+,Strong
lrp-serA,lrp,serA,+-,Strong
lrp-b4009,lrp,b4009,-,Strong
lrp-b4008,lrp,b4008,-,Strong
lrp-alaA,lrp,alaA,-,Strong
lrp-b4439,lrp,b4439,-,Strong
lrp-alaE,lrp,alaE,+,Strong
lrp-b3968,lrp,b3968,-,Strong
lrp-glaH,lrp,glaH,+,Strong
lrp-ilvH,lrp,ilvH,+-,Strong
lrp-b4010,lrp,b4010,-,Strong
lrp-adhE,lrp,adhE,-,Weak
lrp-ilvX,lrp,ilvX,-,Strong
lrp-sdaA,lrp,sdaA,-,Strong
lrp-gabT,lrp,gabT,+,Strong
lrp-dadA,lrp,dadA,-,Strong
lrp-gabP,lrp,gabP,+,Strong
lrp-ilvM,lrp,ilvM,-,Strong
lrp-ilvL,lrp,ilvL,-,Strong
lrp-ilvI,lrp,ilvI,+-,Strong
lrp-dadX,lrp,dadX,-,Strong
lrp-fimI,lrp,fimI,+,Strong
lrp-lysP,lrp,lysP,+,Strong
lrp-ilvD,lrp,ilvD,-,Strong
lrp-gabD,lrp,gabD,+,Strong
lrp-ilvA,lrp,ilvA,-,Strong
lrp-lysU,lrp,lysU,-,Strong
lrp-yhiD,lrp,yhiD,-,Weak
lrp-gcvH,lrp,gcvH,+,Strong
lrp-ilvE,lrp,ilvE,-,Strong
lrp-lrp,lrp,lrp,-,Strong
lrp-fimA,lrp,fimA,+,Strong
lrp-fimC,lrp,fimC,+,Strong
lrp-fimD,lrp,fimD,+,Strong
lrp-fimE,lrp,fimE,+,Strong
lrp-fimF,lrp,fimF,+,Strong
lrp-fimG,lrp,fimG,+,Strong
lrp-fimH,lrp,fimH,+,Strong
lrp-b3851,lrp,b3851,-,Strong
lrp-gltF,lrp,gltF,+,Strong
hdfR-flhC,hdfR,flhC,-,Strong
hdfR-gltB,hdfR,gltB,+,Strong
hdfR-gltD,hdfR,gltD,+,Strong
hdfR-flhD,hdfR,flhD,-,Strong
hdfR-gltF,hdfR,gltF,+,Strong
hscC-rpoD,hscC,rpoD,-,Weak
melR-melB,melR,melB,+-,Strong
melR-melR,melR,melR,+-,Strong
melR-melA,melR,melA,+-,Strong
cysB-yciW,cysB,yciW,+,Strong
cysB-yoaC,cysB,yoaC,+,Strong
cysB-cbl,cysB,cbl,+,Strong
cysB-ygeH,cysB,ygeH,+,Strong
cysB-tauB,cysB,tauB,+,Strong
cysB-cysU,cysB,cysU,+,Strong
cysB-cysN,cysB,cysN,+,Strong
cysB-dgcZ,cysB,dgcZ,+,Strong
cysB-cysK,cysB,cysK,+,Strong
cysB-cysM,cysB,cysM,+,Strong
cysB-tauC,cysB,tauC,+,Strong
cysB-tcyJ,cysB,tcyJ,+,Strong
cysB-tauA,cysB,tauA,+,Strong
cysB-cysI,cysB,cysI,+,Strong
cysB-cysH,cysB,cysH,+,Strong
cysB-tauD,cysB,tauD,+,Strong
cysB-cysJ,cysB,cysJ,+,Strong
cysB-cysD,cysB,cysD,+,Strong
cysB-cysA,cysB,cysA,+,Strong
cysB-cysC,cysB,cysC,+,Strong
cysB-cysB,cysB,cysB,-,Strong
cysB-tcyP,cysB,tcyP,+,Strong
cysB-cysW,cysB,cysW,+,Strong
cysB-cysP,cysB,cysP,+,Strong
cysB-ssuE,cysB,ssuE,-,Strong
cysB-ssuD,cysB,ssuD,-,Strong
cysB-ssuA,cysB,ssuA,-,Strong
cysB-ssuC,cysB,ssuC,-,Strong
cysB-ssuB,cysB,ssuB,-,Strong
cysB-hslJ,cysB,hslJ,-,Strong
cysB-ybdN,cysB,ybdN,+,Strong
uxuR-uxuB,uxuR,uxuB,-,Strong
uxuR-lgoR,uxuR,lgoR,-,Strong
uxuR-uxuA,uxuR,uxuA,-,Strong
uxuR-exuR,uxuR,exuR,-,Strong
uxuR-uidB,uxuR,uidB,-,Weak
uxuR-uidC,uxuR,uidC,-,Weak
uxuR-uxuR,uxuR,uxuR,-,Weak
uxuR-uidA,uxuR,uidA,-,Weak
uxuR-gntP,uxuR,gntP,-,Strong
baeR-spy,baeR,spy,+,Strong
baeR-baeR,baeR,baeR,+,Strong
baeR-baeS,baeR,baeS,+,Strong
baeR-mdtC,baeR,mdtC,+,Strong
baeR-mdtB,baeR,mdtB,+,Strong
baeR-mdtA,baeR,mdtA,+,Strong
baeR-acrD,baeR,acrD,+,Strong
baeR-mdtD,baeR,mdtD,+,Strong
nfeR-nfeF,nfeR,nfeF,-,Strong
nfeR-nfeR,nfeR,nfeR,-,Strong
bolA-mreB,bolA,mreB,-,Strong
bolA-ampC,bolA,ampC,+-,Strong
bolA-dacC,bolA,dacC,+-,Strong
bolA-mreD,bolA,mreD,-,Strong
bolA-mreC,bolA,mreC,-,Strong
bolA-csgG,bolA,csgG,+,Strong
bolA-csgF,bolA,csgF,+,Strong
bolA-csgE,bolA,csgE,+,Strong
bolA-csgD,bolA,csgD,+,Strong
bolA-csgA,bolA,csgA,+,Strong
purR-purR,purR,purR,-,Strong
purR-prs,purR,prs,-,Weak
purR-purT,purR,purT,-,Strong
purR-purC,purR,purC,-,Strong
purR-purB,purR,purB,-,Strong
purR-purA,purR,purA,-,Strong
purR-glyA,purR,glyA,-,Strong
purR-purF,purR,purF,-,Strong
purR-purE,purR,purE,-,Weak
purR-purD,purR,purD,-,Strong
purR-purK,purR,purK,-,Weak
purR-purH,purR,purH,-,Strong
purR-speB,purR,speB,-,Weak
purR-purN,purR,purN,-,Strong
purR-purM,purR,purM,-,Strong
purR-purL,purR,purL,-,Weak
purR-hflD,purR,hflD,-,Strong
purR-codB,purR,codB,-,Weak
purR-guaB,purR,guaB,-,Weak
purR-guaA,purR,guaA,-,Weak
purR-codA,purR,codA,-,Weak
purR-glnB,purR,glnB,-,Weak
purR-speA,purR,speA,-,Weak
purR-cvpA,purR,cvpA,-,Strong
purR-ubiX,purR,ubiX,-,Strong
purR-gcvP,purR,gcvP,-,Weak
purR-gcvT,purR,gcvT,-,Weak
purR-gcvH,purR,gcvH,-,Weak
purR-pyrD,purR,pyrD,-,Weak
purR-pyrC,purR,pyrC,-,Strong
purR-carB,purR,carB,-,Strong
purR-carA,purR,carA,-,Strong
ydcI-flu,ydcI,flu,+,Strong
ydcI-b4435,ydcI,b4435,+,Strong
fucR-fucA,fucR,fucA,+,Strong
fucR-fucO,fucR,fucO,+,Strong
fucR-fucK,fucR,fucK,+,Strong
fucR-fucI,fucR,fucI,+,Strong
fucR-fucU,fucR,fucU,+,Strong
fucR-fucR,fucR,fucR,+,Strong
fucR-fucP,fucR,fucP,+,Strong
nemR-gloA,nemR,gloA,-,Strong
nemR-nemA,nemR,nemA,-,Strong
nemR-nemR,nemR,nemR,-,Strong
cdaR-garL,cdaR,garL,+,Strong
cdaR-cdaR,cdaR,cdaR,+,Strong
cdaR-garK,cdaR,garK,+,Strong
cdaR-garD,cdaR,garD,+,Strong
cdaR-gudD,cdaR,gudD,+,Strong
cdaR-gudX,cdaR,gudX,+,Strong
cdaR-garP,cdaR,garP,+,Strong
cdaR-gudP,cdaR,gudP,+,Strong
cdaR-garR,cdaR,garR,+,Strong
cdaR-b3123,cdaR,b3123,+,Strong
uvrY-b4457,uvrY,b4457,+,Strong
uvrY-ydeP,uvrY,ydeP,+,Strong
uvrY-uhpT,uvrY,uhpT,+,Strong
uvrY-luxS,uvrY,luxS,+,Strong
uvrY-b4408,uvrY,b4408,+,Strong
torR-tnaA,torR,tnaA,+,Strong
torR-torD,torR,torD,+,Strong
torR-tnaC,torR,tnaC,+,Strong
torR-tnaB,torR,tnaB,+,Strong
torR-torA,torR,torA,+,Strong
torR-torC,torR,torC,+,Strong
torR-gadA,torR,gadA,-,Strong
torR-gadX,torR,gadX,-,Strong
torR-yhiD,torR,yhiD,+,Strong
torR-hdeA,torR,hdeA,+,Strong
torR-torR,torR,torR,-,Strong
torR-hdeB,torR,hdeB,+,Strong
nimR-nimR,nimR,nimR,-,Strong
nimR-nimT,nimR,nimT,-,Strong
RcsAB-yjbG,RcsAB,yjbG,+,Strong
RcsAB-rcsA,RcsAB,rcsA,+,Strong
RcsAB-yjbE,RcsAB,yjbE,+,Strong
RcsAB-yjbF,RcsAB,yjbF,+,Strong
RcsAB-wcaA,RcsAB,wcaA,+,Strong
RcsAB-yjbH,RcsAB,yjbH,+,Strong
RcsAB-flhC,RcsAB,flhC,-,Strong
RcsAB-wcaB,RcsAB,wcaB,+,Strong
RcsAB-flhD,RcsAB,flhD,-,Strong
RcsAB-csgG,RcsAB,csgG,-,Strong
RcsAB-csgF,RcsAB,csgF,-,Strong
RcsAB-csgE,RcsAB,csgE,-,Strong
RcsAB-csgD,RcsAB,csgD,-,Strong
RcsAB-wzb,RcsAB,wzb,+,Strong
RcsAB-wzc,RcsAB,wzc,+,Strong
RcsAB-wza,RcsAB,wza,+,Strong
ulaR-ulaD,ulaR,ulaD,-,Strong
ulaR-ulaE,ulaR,ulaE,-,Strong
ulaR-ulaF,ulaR,ulaF,-,Strong
ulaR-ulaG,ulaR,ulaG,-,Strong
ulaR-ulaA,ulaR,ulaA,-,Strong
ulaR-ulaB,ulaR,ulaB,-,Strong
ulaR-ulaC,ulaR,ulaC,-,Strong
lexA-uvrD,lexA,uvrD,-,Strong
lexA-recD,lexA,recD,-,Strong
lexA-insK,lexA,insK,-,Strong
lexA-uvrY,lexA,uvrY,-,Strong
lexA-dinJ,lexA,dinJ,-,Strong
lexA-ybiB,lexA,ybiB,-,Strong
lexA-rpsU,lexA,rpsU,-,Strong
lexA-lexA,lexA,lexA,-,Strong
lexA-murF,lexA,murF,-,Strong
lexA-ruvA,lexA,ruvA,-,Strong
lexA-ruvB,lexA,ruvB,-,Strong
lexA-uvrC,lexA,uvrC,-,Strong
lexA-uvrB,lexA,uvrB,-,Strong
lexA-uvrA,lexA,uvrA,-,Strong
lexA-ptrA,lexA,ptrA,-,Strong
lexA-dinG,lexA,dinG,-,Strong
lexA-dinF,lexA,dinF,-,Strong
lexA-dinD,lexA,dinD,-,Strong
lexA-dinB,lexA,dinB,-,Strong
lexA-mraY,lexA,mraY,-,Strong
lexA-ftsL,lexA,ftsL,-,Strong
lexA-murC,lexA,murC,-,Strong
lexA-murD,lexA,murD,-,Strong
lexA-murE,lexA,murE,-,Strong
lexA-dinI,lexA,dinI,-,Strong
lexA-murG,lexA,murG,-,Strong
lexA-polB,lexA,polB,-,Strong
lexA-dinQ,lexA,dinQ,-,Strong
lexA-sulA,lexA,sulA,-,Strong
lexA-ftsZ,lexA,ftsZ,-,Strong
lexA-tisB,lexA,tisB,-,Strong
lexA-yehF,lexA,yehF,-,Strong
lexA-ftsQ,lexA,ftsQ,-,Strong
lexA-hokE,lexA,hokE,-,Strong
lexA-cho,lexA,cho,-,Strong
lexA-sbmC,lexA,sbmC,-,Strong
lexA-rpoD,lexA,rpoD,-,Strong
lexA-phr,lexA,phr,-,Strong
lexA-ddlB,lexA,ddlB,-,Strong
lexA-yebG,lexA,yebG,-,Strong
lexA-ydjM,lexA,ydjM,-,Strong
lexA-ssb,lexA,ssb,-,Strong
lexA-dnaG,lexA,dnaG,-,Strong
lexA-yafN,lexA,yafN,-,Strong
lexA-yafO,lexA,yafO,-,Strong
lexA-recN,lexA,recN,-,Strong
lexA-ftsA,lexA,ftsA,-,Strong
lexA-symE,lexA,symE,-,Strong
lexA-recB,lexA,recB,-,Strong
lexA-umuD,lexA,umuD,-,Strong
lexA-recA,lexA,recA,-,Strong
lexA-ftsK,lexA,ftsK,-,Strong
lexA-umuC,lexA,umuC,-,Strong
lexA-yafQ,lexA,yafQ,-,Strong
lexA-ftsW,lexA,ftsW,-,Strong
lexA-recX,lexA,recX,-,Strong
lexA-ybfE,lexA,ybfE,-,Strong
lexA-lpxC,lexA,lpxC,-,Strong
lexA-recQ,lexA,recQ,-,Strong
lexA-yafP,lexA,yafP,-,Strong
lexA-ftsI,lexA,ftsI,-,Strong
HipAB-mazE,HipAB,mazE,-,Strong
HipAB-mazF,HipAB,mazF,-,Strong
HipAB-hipA,HipAB,hipA,-,Strong
HipAB-relA,HipAB,relA,-,Strong
HipAB-hipB,HipAB,hipB,-,Strong
cytR-cdd,cytR,cdd,-,Strong
cytR-nupC,cytR,nupC,-,Strong
cytR-udp,cytR,udp,-,Strong
cytR-deoC,cytR,deoC,-,Strong
cytR-nupG,cytR,nupG,-,Strong
cytR-ycdZ,cytR,ycdZ,-,Weak
cytR-tsx,cytR,tsx,-,Strong
cytR-deoA,cytR,deoA,-,Strong
cytR-cytR,cytR,cytR,-,Strong
cytR-rpoH,cytR,rpoH,-,Strong
cytR-deoD,cytR,deoD,-,Strong
cytR-deoB,cytR,deoB,-,Strong
cytR-ppiA,cytR,ppiA,-,Strong
nrdR-nrdA,nrdR,nrdA,-,Strong
nrdR-nrdB,nrdR,nrdB,-,Strong
nrdR-nrdD,nrdR,nrdD,-,Strong
nrdR-nrdE,nrdR,nrdE,-,Strong
nrdR-nrdF,nrdR,nrdF,-,Strong
nrdR-nrdG,nrdR,nrdG,-,Strong
nrdR-nrdH,nrdR,nrdH,-,Strong
nrdR-nrdI,nrdR,nrdI,-,Strong
nrdR-yfaE,nrdR,yfaE,-,Strong
argP-nrdA,argP,nrdA,+,Strong
argP-nrdB,argP,nrdB,+,Strong
argP-dapB,argP,dapB,+,Strong
argP-dapD,argP,dapD,+,Strong
argP-argP,argP,argP,-,Weak
argP-lysA,argP,lysA,+,Strong
argP-lysC,argP,lysC,+,Strong
argP-recF,argP,recF,+,Strong
argP-dnaA,argP,dnaA,+,Strong
argP-yfaE,argP,yfaE,+,Strong
argP-gdhA,argP,gdhA,+,Strong
argP-argO,argP,argO,+,Strong
argP-lysP,argP,lysP,+,Strong
argP-dnaN,argP,dnaN,+,Strong
argR-artQ,argR,artQ,-,Strong
argR-artP,argR,artP,-,Strong
argR-argE,argR,argE,-,Strong
argR-rpsO,argR,rpsO,-,Strong
argR-astA,argR,astA,+,Strong
argR-astB,argR,astB,+,Strong
argR-astC,argR,astC,+,Strong
argR-astD,argR,astD,+,Strong
argR-astE,argR,astE,+,Strong
argR-hisJ,argR,hisJ,-,Strong
argR-hisP,argR,hisP,-,Strong
argR-hisQ,argR,hisQ,-,Strong
argR-artI,argR,artI,-,Strong
argR-artJ,argR,artJ,-,Strong
argR-artM,argR,artM,-,Strong
argR-rbfA,argR,rbfA,-,Strong
argR-argC,argR,argC,-,Strong
argR-hisM,argR,hisM,-,Strong
argR-argG,argR,argG,-,Strong
argR-lysO,argR,lysO,-,Strong
argR-pnp,argR,pnp,-,Strong
argR-infB,argR,infB,-,Strong
argR-b3171,argR,b3171,-,Strong
argR-carA,argR,carA,-,Strong
argR-rimP,argR,rimP,-,Strong
argR-argR,argR,argR,-,Strong
argR-nusA,argR,nusA,-,Strong
argR-argH,argR,argH,-,Strong
argR-argI,argR,argI,-,Strong
argR-gltB,argR,gltB,-,Strong
argR-carB,argR,carB,-,Strong
argR-argA,argR,argA,-,Strong
argR-argB,argR,argB,-,Strong
argR-truB,argR,truB,-,Strong
argR-argD,argR,argD,-,Strong
argR-gltD,argR,gltD,-,Strong
argR-argF,argR,argF,-,Strong
argR-gltF,argR,gltF,-,Strong
accB-accC,accB,accC,-,Strong
accB-accB,accB,accB,-,Strong
FlhDC-mdh,FlhDC,mdh,-,Strong
FlhDC-ycgR,FlhDC,ycgR,+,Strong
FlhDC-flgC,FlhDC,flgC,+,Strong
FlhDC-hypF,FlhDC,hypF,+,Strong
FlhDC-sroC,FlhDC,sroC,+,Strong
FlhDC-flhB,FlhDC,flhB,+,Strong
FlhDC-ccmE,FlhDC,ccmE,+,Strong
FlhDC-flhA,FlhDC,flhA,+,Strong
FlhDC-napC,FlhDC,napC,+,Strong
FlhDC-napB,FlhDC,napB,+,Strong
FlhDC-napA,FlhDC,napA,+,Strong
FlhDC-flhE,FlhDC,flhE,+,Strong
FlhDC-flgF,FlhDC,flgF,+,Strong
FlhDC-flgA,FlhDC,flgA,+,Strong
FlhDC-napH,FlhDC,napH,+,Strong
FlhDC-mglA,FlhDC,mglA,-,Strong
FlhDC-mglB,FlhDC,mglB,-,Strong
FlhDC-mglC,FlhDC,mglC,-,Strong
FlhDC-flgD,FlhDC,flgD,+,Strong
FlhDC-nrfF,FlhDC,nrfF,+,Strong
FlhDC-ccmA,FlhDC,ccmA,+,Strong
FlhDC-nrfD,FlhDC,nrfD,+,Strong
FlhDC-nrfE,FlhDC,nrfE,+,Strong
FlhDC-nrfB,FlhDC,nrfB,+,Strong
FlhDC-nrfC,FlhDC,nrfC,+,Strong
FlhDC-nrfA,FlhDC,nrfA,+,Strong
FlhDC-gltJ,FlhDC,gltJ,+,Strong
FlhDC-fliT,FlhDC,fliT,+,Strong
FlhDC-flgG,FlhDC,flgG,+,Strong
FlhDC-dsbE,FlhDC,dsbE,+,Strong
FlhDC-hydN,FlhDC,hydN,+,Strong
FlhDC-tcyJ,FlhDC,tcyJ,+,Strong
FlhDC-flgE,FlhDC,flgE,+,Strong
FlhDC-ygdB,FlhDC,ygdB,+,Strong
FlhDC-fliZ,FlhDC,fliZ,+,Strong
FlhDC-ppdA,FlhDC,ppdA,+,Strong
FlhDC-ppdB,FlhDC,ppdB,+,Strong
FlhDC-ppdC,FlhDC,ppdC,+,Strong
FlhDC-fliQ,FlhDC,fliQ,+,Strong
FlhDC-fliP,FlhDC,fliP,+,Strong
FlhDC-fliS,FlhDC,fliS,+,Strong
FlhDC-yecR,FlhDC,yecR,+,Strong
FlhDC-fliM,FlhDC,fliM,+,Strong
FlhDC-fliL,FlhDC,fliL,+,Strong
FlhDC-fliO,FlhDC,fliO,+,Strong
FlhDC-fliN,FlhDC,fliN,+,Strong
FlhDC-fliI,FlhDC,fliI,+,Strong
FlhDC-ccmH,FlhDC,ccmH,+,Strong
FlhDC-fliK,FlhDC,fliK,+,Strong
FlhDC-fliJ,FlhDC,fliJ,+,Strong
FlhDC-fliE,FlhDC,fliE,+,Strong
FlhDC-ccmD,FlhDC,ccmD,+,Strong
FlhDC-fliG,FlhDC,fliG,+,Strong
FlhDC-ccmF,FlhDC,ccmF,+,Strong
FlhDC-fliA,FlhDC,fliA,+,Strong
FlhDC-ygbK,FlhDC,ygbK,+,Strong
FlhDC-ccmC,FlhDC,ccmC,+,Strong
FlhDC-ccmB,FlhDC,ccmB,+,Strong
FlhDC-napG,FlhDC,napG,+,Strong
FlhDC-fliR,FlhDC,fliR,+,Strong
FlhDC-napF,FlhDC,napF,+,Strong
FlhDC-recC,FlhDC,recC,+,Strong
FlhDC-fliF,FlhDC,fliF,+,Strong
FlhDC-pdeH,FlhDC,pdeH,+,Strong
FlhDC-nrfG,FlhDC,nrfG,+,Strong
FlhDC-fliD,FlhDC,fliD,+,Strong
FlhDC-gltI,FlhDC,gltI,+,Strong
FlhDC-flgB,FlhDC,flgB,+,Strong
FlhDC-gltK,FlhDC,gltK,+,Strong
FlhDC-napD,FlhDC,napD,+,Strong
FlhDC-glpA,FlhDC,glpA,+,Strong
FlhDC-gltL,FlhDC,gltL,+,Strong
FlhDC-glpC,FlhDC,glpC,+,Strong
FlhDC-glpB,FlhDC,glpB,+,Strong
FlhDC-flgJ,FlhDC,flgJ,+,Strong
FlhDC-flgI,FlhDC,flgI,+,Strong
FlhDC-flgH,FlhDC,flgH,+,Strong
FlhDC-flgN,FlhDC,flgN,+,Strong
FlhDC-flgM,FlhDC,flgM,+,Strong
FlhDC-fliH,FlhDC,fliH,+,Strong
flhC-FlhDC,flhC,FlhDC,+,Strong
alaS-alaS,alaS,alaS,-,Strong
yqhC-yqhD,yqhC,yqhD,+,Strong
yqhC-dkgA,yqhC,dkgA,+,Strong
yoeB-YefM-YoeB,yoeB,YefM-YoeB,+,Strong
rcnR-rcnB,rcnR,rcnB,-,Strong
rcnR-rcnA,rcnR,rcnA,-,Strong
rcnR-rcnR,rcnR,rcnR,-,Strong
betI-betB,betI,betB,-,Strong
betI-betA,betI,betA,-,Strong
betI-betI,betI,betI,-,Strong
betI-betT,betI,betT,-,Strong
dicA-ydfE,dicA,ydfE,-,Strong
dicA-ydfD,dicA,ydfD,-,Strong
dicA-dicB,dicA,dicB,-,Strong
dicA-dicC,dicA,dicC,-,Strong
dicA-insD7,dicA,insD7,-,Strong
dicA-ydfW,dicA,ydfW,-,Strong
dicA-intQ,dicA,intQ,-,Strong
dicA-ydfX,dicA,ydfX,-,Strong
GatR-gatY,GatR,gatY,-,Strong
GatR-gatZ,GatR,gatZ,-,Strong
GatR-gatD,GatR,gatD,-,Strong
GatR-gatA,GatR,gatA,-,Strong
GatR-gatB,GatR,gatB,-,Strong
GatR-gatC,GatR,gatC,-,Strong
hcaR-hcaR,hcaR,hcaR,-,Strong
hcaR-hcaD,hcaR,hcaD,+,Strong
hcaR-hcaE,hcaR,hcaE,+,Strong
hcaR-hcaF,hcaR,hcaF,+,Strong
hcaR-hcaB,hcaR,hcaB,+,Strong
hcaR-hcaC,hcaR,hcaC,+,Strong
leuO-casE,leuO,casE,+,Strong
leuO-casD,leuO,casD,+,Strong
leuO-leuD,leuO,leuD,+,Strong
leuO-bglJ,leuO,bglJ,+,Strong
leuO-casA,leuO,casA,+,Strong
leuO-leuC,leuO,leuC,+,Strong
leuO-casC,leuO,casC,+,Strong
leuO-casB,leuO,casB,+,Strong
leuO-leuO,leuO,leuO,+-,Strong
leuO-leuL,leuO,leuL,+,Strong
leuO-bglB,leuO,bglB,+,Strong
leuO-bglG,leuO,bglG,+,Strong
leuO-bglF,leuO,bglF,+,Strong
leuO-b1954,leuO,b1954,-,Strong
leuO-cadC,leuO,cadC,-,Strong
leuO-cas1,leuO,cas1,+,Strong
leuO-yjjQ,leuO,yjjQ,+,Strong
leuO-cas2,leuO,cas2,+,Strong
leuO-leuB,leuO,leuB,+,Strong
leuO-leuA,leuO,leuA,+,Strong
basR-csgD,basR,csgD,+,Strong
basR-qseC,basR,qseC,+,Strong
basR-qseB,basR,qseB,+,Strong
basR-fimB,basR,fimB,+,Strong
basR-hha,basR,hha,+,Strong
basR-yrbL,basR,yrbL,-,Strong
basR-putA,basR,putA,-,Strong
basR-cspI,basR,cspI,+,Strong
basR-csgG,basR,csgG,+,Strong
basR-csgF,basR,csgF,+,Strong
basR-csgE,basR,csgE,+,Strong
basR-dgkA,basR,dgkA,+,Strong
basR-tomB,basR,tomB,+,Strong
asnC-mioC,asnC,mioC,-,Weak
asnC-mnmG,asnC,mnmG,-,Weak
asnC-asnC,asnC,asnC,-,Weak
asnC-asnA,asnC,asnA,+,Weak
creB-talA,creB,talA,+,Strong
creB-malH,creB,malH,-,Strong
creB-malF,creB,malF,-,Strong
creB-malG,creB,malG,-,Strong
creB-malE,creB,malE,-,Strong
creB-creD,creB,creD,+,Strong
comR-bhsA,comR,bhsA,-,Strong
glcC-glcD,glcC,glcD,+,Strong
glcC-glcE,glcC,glcE,+,Strong
glcC-glcF,glcC,glcF,+,Strong
glcC-glcG,glcC,glcG,+,Strong
glcC-glcA,glcC,glcA,+,Strong
glcC-glcB,glcC,glcB,+,Strong
glcC-glcC,glcC,glcC,-,Strong
marA-marA,marA,marA,+,Strong
marA-marB,marA,marB,+,Strong
marA-acrZ,marA,acrZ,+,Weak
marA-poxB,marA,poxB,+,Weak
marA-rob,marA,rob,-,Strong
marA-acnA,marA,acnA,+,Strong
marA-acrB,marA,acrB,+,Strong
marA-pqiB,marA,pqiB,+,Strong
marA-purA,marA,purA,-,Strong
marA-acrA,marA,acrA,+,Strong
marA-putA,marA,putA,+,Strong
marA-marR,marA,marR,+,Strong
marA-xseA,marA,xseA,+,Strong
marA-ariR,marA,ariR,+,Strong
marA-waaZ,marA,waaZ,+,Weak
marA-waaY,marA,waaY,+,Weak
marA-pqiA,marA,pqiA,+,Strong
marA-dctR,marA,dctR,-,Weak
marA-aldA,marA,aldA,+,Weak
marA-inaA,marA,inaA,+,Strong
marA-ygiC,marA,ygiC,+,Weak
marA-lacA,marA,lacA,-,Strong
marA-ycgZ,marA,ycgZ,+,Strong
marA-ymgA,marA,ymgA,+,Strong
marA-fumC,marA,fumC,+,Strong
marA-fpr,marA,fpr,+,Strong
marA-lacY,marA,lacY,-,Strong
marA-lacZ,marA,lacZ,-,Strong
marA-decR,marA,decR,+,Weak
marA-yhiD,marA,yhiD,-,Strong
marA-ygiB,marA,ygiB,+,Weak
marA-b4439,marA,b4439,+,Strong
marA-ybjC,marA,ybjC,+,Weak
marA-hdeB,marA,hdeB,-,Strong
marA-hdeA,marA,hdeA,-,Strong
marA-sodA,marA,sodA,+,Strong
marA-ybjN,marA,ybjN,+,Weak
marA-tolC,marA,tolC,+,Weak
marA-nfsA,marA,nfsA,+,Weak
marA-mlaE,marA,mlaE,+,Strong
marA-mlaF,marA,mlaF,+,Strong
marA-nfsB,marA,nfsB,+,Strong
marA-mlaD,marA,mlaD,+,Strong
marA-mlaB,marA,mlaB,+,Strong
marA-mlaC,marA,mlaC,+,Strong
marA-nfo,marA,nfo,+,Weak
marA-slp,marA,slp,-,Weak
marA-zwf,marA,zwf,+,Strong
marA-yncE,marA,yncE,+,Weak
marA-ymgC,marA,ymgC,+,Strong
marA-rimK,marA,rimK,+,Weak
marA-ymbA,marA,ymbA,+,Strong
marR-marB,marR,marB,-,Strong
marR-marA,marR,marA,-,Strong
marR-marR,marR,marR,-,Strong
ecpR-tcyJ,ecpR,tcyJ,-,Strong
ecpR-fliX,ecpR,fliX,-,Strong
ecpR-fliZ,ecpR,fliZ,-,Strong
ecpR-ecpR,ecpR,ecpR,+,Strong
ecpR-flhC,ecpR,flhC,-,Strong
ecpR-flhD,ecpR,flhD,-,Strong
ecpR-ecpA,ecpR,ecpA,+,Strong
ecpR-fliA,ecpR,fliA,-,Strong
ecpR-fliC,ecpR,fliC,-,Strong
yefM-yefM,yefM,yefM,-,Strong
yefM-YefM-YoeB,yefM,YefM-YoeB,+,Strong
yefM-yoeB,yefM,yoeB,-,Strong
pepA-carB,pepA,carB,-,Strong
pepA-pepA,pepA,pepA,-,Strong
pepA-carA,pepA,carA,-,Strong
nac-nupC,nac,nupC,+,Strong
nac-mnmG,nac,mnmG,-,Strong
nac-gltB,nac,gltB,-,Strong
nac-codB,nac,codB,+,Strong
nac-gltD,nac,gltD,-,Strong
nac-codA,nac,codA,+,Strong
nac-mioC,nac,mioC,-,Strong
nac-gabT,nac,gabT,+,Strong
nac-gltF,nac,gltF,-,Strong
nac-gabP,nac,gabP,+,Strong
nac-ydcS,nac,ydcS,+,Strong
nac-gabD,nac,gabD,+,Strong
nac-nac,nac,nac,-,Strong
nac-gdhA,nac,gdhA,-,Strong
nac-patD,nac,patD,+,Strong
nac-serA,nac,serA,-,Strong
nac-ydcV,nac,ydcV,+,Strong
nac-feaR,nac,feaR,+,Strong
nac-ydcU,nac,ydcU,+,Strong
nac-asnC,nac,asnC,-,Strong
nac-ydcT,nac,ydcT,+,Strong
kdgR-eda,kdgR,eda,-,Strong
kdgR-edd,kdgR,edd,-,Weak
acrR-acrR,acrR,acrR,-,Strong
acrR-b4439,acrR,b4439,-,Strong
acrR-marA,acrR,marA,-,Strong
acrR-marB,acrR,marB,-,Strong
acrR-acrB,acrR,acrB,-,Strong
acrR-flhC,acrR,flhC,-,Strong
acrR-acrA,acrR,acrA,-,Strong
acrR-marR,acrR,marR,-,Strong
acrR-soxR,acrR,soxR,-,Strong
acrR-soxS,acrR,soxS,-,Strong
acrR-flhD,acrR,flhD,-,Strong
ttdR-ttdA,ttdR,ttdA,+,Strong
ttdR-ttdB,ttdR,ttdB,+,Strong
ttdR-ttdT,ttdR,ttdT,+,Strong
ttdR-ttdR,ttdR,ttdR,+,Strong
mqsA-rpoS,mqsA,rpoS,-,Strong
mqsA-mqsR,mqsA,mqsR,-,Strong
mqsA-mqsA,mqsA,mqsA,-,Strong
mqsA-csgG,mqsA,csgG,-,Strong
mqsA-csgF,mqsA,csgF,-,Strong
mqsA-csgE,mqsA,csgE,-,Strong
mqsA-csgD,mqsA,csgD,-,Strong
mqsA-cspD,mqsA,cspD,-,Strong
dpiA-citX,dpiA,citX,+,Strong
dpiA-exuT,dpiA,exuT,+,Strong
dpiA-mdh,dpiA,mdh,+,Strong
dpiA-appY,dpiA,appY,-,Strong
dpiA-dpiB,dpiA,dpiB,+,Strong
dpiA-dpiA,dpiA,dpiA,+,Strong
dpiA-citC,dpiA,citC,+,Strong
dpiA-citD,dpiA,citD,+,Strong
dpiA-citE,dpiA,citE,+,Strong
dpiA-citF,dpiA,citF,+,Strong
dpiA-citG,dpiA,citG,+,Strong
mngR-hrsA,mngR,hrsA,-,Strong
mngR-mngB,mngR,mngB,-,Strong
mngR-mngR,mngR,mngR,-,Strong
pdeL-pdeL,pdeL,pdeL,+,Strong
pdeL-fliI,pdeL,fliI,-,Strong
pdeL-fliH,pdeL,fliH,-,Strong
pdeL-fliK,pdeL,fliK,-,Strong
pdeL-fliJ,pdeL,fliJ,-,Strong
pdeL-fliG,pdeL,fliG,-,Strong
pdeL-fliF,pdeL,fliF,-,Strong
glpR-glpT,glpR,glpT,-,Strong
glpR-glpQ,glpR,glpQ,-,Strong
glpR-glpX,glpR,glpX,-,Strong
glpR-glpD,glpR,glpD,-,Strong
glpR-glpF,glpR,glpF,-,Strong
glpR-glpA,glpR,glpA,-,Strong
glpR-glpC,glpR,glpC,-,Strong
glpR-glpB,glpR,glpB,-,Strong
glpR-glpK,glpR,glpK,-,Strong
cbl-ssuE,cbl,ssuE,+,Strong
cbl-ssuD,cbl,ssuD,+,Strong
cbl-tauA,cbl,tauA,+,Strong
cbl-ssuA,cbl,ssuA,+,Strong
cbl-tauD,cbl,tauD,+,Strong
cbl-ssuC,cbl,ssuC,+,Strong
cbl-ssuB,cbl,ssuB,+,Strong
cbl-tauC,cbl,tauC,+,Strong
cbl-tauB,cbl,tauB,+,Strong
soxR-yjcB,soxR,yjcB,+,Weak
soxR-fumC,soxR,fumC,+,Strong
soxR-tyrA,soxR,tyrA,+,Weak
soxR-yrbL,soxR,yrbL,+,Weak
soxR-aroF,soxR,aroF,+,Weak
soxR-sodA,soxR,sodA,+,Weak
soxR-soxR,soxR,soxR,-,Strong
soxR-soxS,soxR,soxS,+,Strong
soxS-marA,soxS,marA,+,Strong
soxS-marB,soxS,marB,+,Strong
soxS-acrZ,soxS,acrZ,+,Weak
soxS-poxB,soxS,poxB,+,Weak
soxS-rob,soxS,rob,-,Strong
soxS-acnA,soxS,acnA,+,Strong
soxS-acrB,soxS,acrB,+,Strong
soxS-tolC,soxS,tolC,+,Weak
soxS-acrA,soxS,acrA,+,Strong
soxS-marR,soxS,marR,+,Strong
soxS-waaZ,soxS,waaZ,+,Weak
soxS-pqiB,soxS,pqiB,+,Strong
soxS-soxS,soxS,soxS,-,Strong
soxS-waaY,soxS,waaY,+,Weak
soxS-pqiA,soxS,pqiA,+,Strong
soxS-aldA,soxS,aldA,+,Weak
soxS-inaA,soxS,inaA,+,Strong
soxS-ygiC,soxS,ygiC,+,Weak
soxS-ygiB,soxS,ygiB,+,Weak
soxS-ompW,soxS,ompW,-,Strong
soxS-fumC,soxS,fumC,+,Strong
soxS-uof,soxS,uof,+,Strong
soxS-fpr,soxS,fpr,+,Strong
soxS-nepI,soxS,nepI,+,Weak
soxS-fldB,soxS,fldB,+,Weak
soxS-decR,soxS,decR,+,Weak
soxS-fldA,soxS,fldA,+,Strong
soxS-zinT,soxS,zinT,+,Strong
soxS-b4439,soxS,b4439,+,Strong
soxS-ybjC,soxS,ybjC,+,Strong
soxS-ymbA,soxS,ymbA,+,Strong
soxS-sodA,soxS,sodA,+,Strong
soxS-ribA,soxS,ribA,+,Strong
soxS-ybjN,soxS,ybjN,+,Strong
soxS-pgi,soxS,pgi,+,Weak
soxS-ompN,soxS,ompN,+,Strong
soxS-ptsG,soxS,ptsG,+,Strong
soxS-nfsA,soxS,nfsA,+,Strong
soxS-ydbK,soxS,ydbK,+,Strong
soxS-nfsB,soxS,nfsB,+,Strong
soxS-fur,soxS,fur,+,Strong
soxS-nfo,soxS,nfo,+,Weak
soxS-zwf,soxS,zwf,+,Strong
soxS-yrbL,soxS,yrbL,+,Weak
soxS-rimK,soxS,rimK,+,Strong
lysR-lysA,lysR,lysA,+,Strong
lysR-lysR,lysR,lysR,-,Strong
rclR-rclA,rclR,rclA,+,Strong
rclR-rclC,rclR,rclC,+,Strong
rclR-rclB,rclR,rclB,+,Strong
lacI-lacA,lacI,lacA,-,Strong
lacI-lacZ,lacI,lacZ,-,Strong
lacI-lacY,lacI,lacY,-,Strong
rhaR-rhaS,rhaR,rhaS,+,Strong
rhaR-rhaR,rhaR,rhaR,+,Strong
cueR-copA,cueR,copA,+,Strong
cueR-moaE,cueR,moaE,-,Strong
cueR-moaD,cueR,moaD,-,Strong
cueR-moaC,cueR,moaC,-,Strong
cueR-moaB,cueR,moaB,-,Strong
cueR-moaA,cueR,moaA,-,Strong
cueR-cueO,cueR,cueO,+,Strong
nanR-nanK,nanR,nanK,-,Strong
nanR-nanM,nanR,nanM,-,Strong
nanR-nanA,nanR,nanA,-,Strong
nanR-nanC,nanR,nanC,-,Strong
nanR-nanE,nanR,nanE,-,Strong
nanR-nanY,nanR,nanY,-,Strong
nanR-nanX,nanR,nanX,-,Strong
nanR-fimB,nanR,fimB,+,Strong
nanR-nanQ,nanR,nanQ,-,Strong
nanR-nanS,nanR,nanS,-,Strong
nanR-nanT,nanR,nanT,-,Strong
hicB-hicA,hicB,hicA,-,Strong
hicB-hicB,hicB,hicB,-,Strong
dgoR-dgoT,dgoR,dgoT,-,Strong
dgoR-dgoA,dgoR,dgoA,-,Strong
dgoR-dgoR,dgoR,dgoR,-,Strong
dgoR-dgoK,dgoR,dgoK,-,Strong
dgoR-dgoD,dgoR,dgoD,-,Strong
frlR-frlA,frlR,frlA,-,Strong
frlR-frlB,frlR,frlB,-,Strong
frlR-frlC,frlR,frlC,-,Strong
frlR-frlD,frlR,frlD,-,Strong
frlR-frlR,frlR,frlR,-,Strong
yjjQ-ybhL,yjjQ,ybhL,-,Strong
yjjQ-yfiB,yjjQ,yfiB,-,Strong
yjjQ-gfcA,yjjQ,gfcA,-,Strong
yjjQ-dgcN,yjjQ,dgcN,-,Strong
yjjQ-yciX,yjjQ,yciX,-,Strong
yjjQ-flhC,yjjQ,flhC,-,Strong
yjjQ-ymiA,yjjQ,ymiA,-,Strong
yjjQ-flhD,yjjQ,flhD,-,Strong
yjjQ-ompC,yjjQ,ompC,-,Strong
yjjQ-yfiR,yjjQ,yfiR,-,Strong
malT-lamB,malT,lamB,+,Strong
malT-malZ,malT,malZ,+,Strong
malT-malS,malT,malS,+,Strong
malT-malP,malT,malP,+,Strong
malT-malQ,malT,malQ,+,Strong
malT-malM,malT,malM,+,Strong
malT-malK,malT,malK,+,Strong
malT-malH,malT,malH,+,Strong
malT-malF,malT,malF,+,Strong
malT-malG,malT,malG,+,Strong
malT-malE,malT,malE,+,Strong
malI-malI,malI,malI,-,Strong
malI-malX,malI,malX,-,Strong
malI-malY,malI,malY,-,Strong
glaR-gabP,glaR,gabP,-,Strong
glaR-lhgD,glaR,lhgD,-,Strong
glaR-gabD,glaR,gabD,-,Strong
glaR-gabT,glaR,gabT,-,Strong
glaR-glaH,glaR,glaH,-,Strong
csgD-dgcC,csgD,dgcC,+,Strong
csgD-yhbS,csgD,yhbS,-,Strong
csgD-pepD,csgD,pepD,-,Weak
csgD-yccT,csgD,yccT,+,Strong
csgD-yccJ,csgD,yccJ,+,Strong
csgD-tcyJ,csgD,tcyJ,-,Strong
csgD-nlpA,csgD,nlpA,+,Strong
csgD-fliZ,csgD,fliZ,-,Strong
csgD-ubiT,csgD,ubiT,-,Strong
csgD-fliI,csgD,fliI,-,Strong
csgD-fliH,csgD,fliH,-,Strong
csgD-fliK,csgD,fliK,-,Strong
csgD-fliJ,csgD,fliJ,-,Strong
csgD-fliE,csgD,fliE,-,Strong
csgD-fliG,csgD,fliG,-,Strong
csgD-fliF,csgD,fliF,-,Strong
csgD-fliA,csgD,fliA,-,Strong
csgD-iraP,csgD,iraP,+,Strong
csgD-flgN,csgD,flgN,-,Strong
csgD-wrbA,csgD,wrbA,+,Strong
csgD-flgM,csgD,flgM,-,Strong
csgD-csgG,csgD,csgG,+,Strong
csgD-csgF,csgD,csgF,+,Strong
csgD-csgE,csgD,csgE,+,Strong
csgD-csgD,csgD,csgD,+,Strong
csgD-csgC,csgD,csgC,+,Strong
csgD-csgB,csgD,csgB,+,Strong
csgD-csgA,csgD,csgA,+,Strong
YefM-YoeB-yefM,YefM-YoeB,yefM,-,Strong
YefM-YoeB-yoeB,YefM-YoeB,yoeB,-,Strong
mntR-rybA,mntR,rybA,-,Weak
mntR-mntH,mntR,mntH,-,Strong
mntR-mntS,mntR,mntS,-,Weak
mntR-dps,mntR,dps,-,Weak
mntR-mntP,mntR,mntP,+,Weak
ilvY-ilvY,ilvY,ilvY,-,Strong
ilvY-ilvC,ilvY,ilvC,+,Strong
alpA-phoB,alpA,phoB,-,Strong
alpA-phoR,alpA,phoR,-,Strong
allS-allE,allS,allE,+,Weak
allS-allD,allS,allD,+,Weak
allS-allC,allS,allC,+,Weak
allR-allB,allR,allB,-,Strong
allR-allA,allR,allA,-,Strong
allR-glxK,allR,glxK,-,Strong
allR-hyi,allR,hyi,-,Strong
allR-gcl,allR,gcl,-,Strong
allR-glxR,allR,glxR,-,Strong
allR-allS,allR,allS,-,Strong
allR-ybbY,allR,ybbY,-,Strong
allR-ybbW,allR,ybbW,-,Strong
lsrR-lsrA,lsrR,lsrA,-,Strong
lsrR-lsrC,lsrR,lsrC,-,Strong
lsrR-lsrB,lsrR,lsrB,-,Strong
lsrR-lsrD,lsrR,lsrD,-,Strong
lsrR-lsrG,lsrR,lsrG,-,Strong
lsrR-lsrF,lsrR,lsrF,-,Strong
lsrR-lsrK,lsrR,lsrK,-,Strong
lsrR-lsrR,lsrR,lsrR,-,Strong
lsrR-tam,lsrR,tam,-,Strong
rbsR-rbsK,rbsR,rbsK,-,Strong
rbsR-purH,rbsR,purH,-,Strong
rbsR-rbsA,rbsR,rbsA,-,Strong
rbsR-rbsC,rbsR,rbsC,-,Strong
rbsR-rbsB,rbsR,rbsB,-,Strong
rbsR-rbsD,rbsR,rbsD,-,Strong
rbsR-add,rbsR,add,+,Strong
rbsR-purD,rbsR,purD,-,Strong
rbsR-rbsR,rbsR,rbsR,-,Strong
cpxR-spy,cpxR,spy,+,Strong
cpxR-marR,cpxR,marR,+,Strong
cpxR-efeU,cpxR,efeU,-,Strong
cpxR-marA,cpxR,marA,+,Strong
cpxR-baeR,cpxR,baeR,+,Strong
cpxR-baeS,cpxR,baeS,+,Strong
cpxR-yqjA,cpxR,yqjA,+,Strong
cpxR-fabZ,cpxR,fabZ,+,Weak
cpxR-rseB,cpxR,rseB,-,Weak
cpxR-hha,cpxR,hha,+,Strong
cpxR-acrD,cpxR,acrD,+,Strong
cpxR-aroG,cpxR,aroG,+,Strong
cpxR-dgcZ,cpxR,dgcZ,+,Strong
cpxR-rseC,cpxR,rseC,-,Weak
cpxR-kbp,cpxR,kbp,+,Strong
cpxR-rseA,cpxR,rseA,-,Weak
cpxR-ppiA,cpxR,ppiA,+,Strong
cpxR-degP,cpxR,degP,+,Strong
cpxR-cheW,cpxR,cheW,-,Strong
cpxR-motB,cpxR,motB,-,Strong
cpxR-ppiD,cpxR,ppiD,+,Strong
cpxR-marB,cpxR,marB,+,Strong
cpxR-bamE,cpxR,bamE,-,Weak
cpxR-motR,cpxR,motR,-,Strong
cpxR-ompF,cpxR,ompF,-,Strong
cpxR-yidQ,cpxR,yidQ,+,Weak
cpxR-mscM,cpxR,mscM,-,Weak
cpxR-rseD,cpxR,rseD,-,Weak
cpxR-yaiW,cpxR,yaiW,+,Strong
cpxR-cheA,cpxR,cheA,-,Strong
cpxR-dsbA,cpxR,dsbA,+,Strong
cpxR-yccA,cpxR,yccA,+,Strong
cpxR-dsbC,cpxR,dsbC,+,Weak
cpxR-tsr,cpxR,tsr,-,Strong
cpxR-motA,cpxR,motA,-,Strong
cpxR-cpxQ,cpxR,cpxQ,+,Strong
cpxR-mzrA,cpxR,mzrA,+,Strong
cpxR-ompC,cpxR,ompC,+,Strong
cpxR-yqaE,cpxR,yqaE,+,Strong
cpxR-cpxP,cpxR,cpxP,+,Strong
cpxR-psd,cpxR,psd,-,Weak
cpxR-cpxR,cpxR,cpxR,+,Strong
cpxR-mdtC,cpxR,mdtC,+,Strong
cpxR-mdtB,cpxR,mdtB,+,Strong
cpxR-mdtA,cpxR,mdtA,+,Strong
cpxR-rpoE,cpxR,rpoE,-,Weak
cpxR-mdtD,cpxR,mdtD,+,Strong
cpxR-yebE,cpxR,yebE,+,Strong
cpxR-tomB,cpxR,tomB,+,Strong
cpxR-rpoH,cpxR,rpoH,+,Strong
cpxR-cpxA,cpxR,cpxA,+,Strong
cpxR-skp,cpxR,skp,+,Weak
cpxR-b4438,cpxR,b4438,-,Strong
cpxR-uppP,cpxR,uppP,+,Weak
cpxR-sbmA,cpxR,sbmA,+,Strong
cpxR-slt,cpxR,slt,+,Strong
cpxR-lpxA,cpxR,lpxA,+,Weak
cpxR-b4431,cpxR,b4431,+,Strong
cpxR-lpxD,cpxR,lpxD,+,Weak
cpxR-ycfS,cpxR,ycfS,+,Strong
cpxR-rdoA,cpxR,rdoA,+,Strong
cpxR-ycbB,cpxR,ycbB,+,Strong
cpxR-ftnB,cpxR,ftnB,+,Strong
cpxR-ung,cpxR,ung,-,Strong
cpxR-csgG,cpxR,csgG,-,Strong
cpxR-csgF,cpxR,csgF,-,Strong
cpxR-csgE,cpxR,csgE,-,Strong
cpxR-csgD,cpxR,csgD,-,Strong
cpxR-csgC,cpxR,csgC,-,Strong
cpxR-csgB,cpxR,csgB,-,Strong
cpxR-csgA,cpxR,csgA,-,Strong
pspF-pspH,pspF,pspH,+,Strong
pspF-pspG,pspF,pspG,+,Strong
pspF-pspF,pspF,pspF,-,Strong
pspF-pspE,pspF,pspE,+,Strong
pspF-pspD,pspF,pspD,+,Strong
pspF-pspC,pspF,pspC,+,Strong
pspF-pspB,pspF,pspB,+,Strong
pspF-pspA,pspF,pspA,+,Strong
dinJ-DinJ-YafQ,dinJ,DinJ-YafQ,+,Strong
cadC-cadA,cadC,cadA,+,Strong
cadC-cadB,cadC,cadB,+,Strong
cadC-cadC,cadC,cadC,+,Strong
gntR-gntK,gntR,gntK,-,Strong
gntR-eda,gntR,eda,-,Strong
gntR-idnK,gntR,idnK,-,Weak
gntR-edd,gntR,edd,-,Strong
gntR-idnT,gntR,idnT,-,Weak
gntR-idnR,gntR,idnR,-,Weak
gntR-idnO,gntR,idnO,-,Weak
gntR-gntX,gntR,gntX,-,Weak
gntR-nfuA,gntR,nfuA,-,Weak
gntR-idnD,gntR,idnD,-,Weak
gntR-gntU,gntR,gntU,-,Strong
gntR-gntT,gntR,gntT,-,Strong
ascG-ascB,ascG,ascB,-,Strong
ascG-ascF,ascG,ascF,-,Strong
ascG-prpR,ascG,prpR,-,Strong
ascG-ybiT,ascG,ybiT,-,Strong
ascG-htpG,ascG,htpG,-,Strong
glrR-b4441,glrR,b4441,+,Strong
glrR-rpoE,glrR,rpoE,+,Strong
glrR-rseB,glrR,rseB,+,Strong
glrR-rseC,glrR,rseC,+,Strong
glrR-rseA,glrR,rseA,+,Strong
glrR-rseD,glrR,rseD,+,Strong
galR-galT,galR,galT,+-,Strong
galR-mglA,galR,mglA,-,Strong
galR-mglB,galR,mglB,-,Strong
galR-mglC,galR,mglC,-,Strong
galR-galP,galR,galP,-,Strong
galR-galR,galR,galR,-,Strong
galR-galS,galR,galS,-,Strong
galR-galE,galR,galE,+-,Strong
galR-galM,galR,galM,+-,Strong
galR-galK,galR,galK,+-,Strong
galS-galT,galS,galT,+-,Strong
galS-mglA,galS,mglA,-,Strong
galS-mglB,galS,mglB,-,Strong
galS-mglC,galS,mglC,-,Strong
galS-galP,galS,galP,-,Strong
galS-galR,galS,galR,-,Strong
galS-galS,galS,galS,-,Strong
galS-galE,galS,galE,+-,Strong
galS-galM,galS,galM,+-,Strong
galS-galK,galS,galK,+-,Strong
qseB-fimF,qseB,fimF,+,Strong
qseB-fimA,qseB,fimA,+,Strong
qseB-qseC,qseB,qseC,+,Strong
qseB-qseB,qseB,qseB,+,Strong
qseB-flhC,qseB,flhC,+,Strong
qseB-fimC,qseB,fimC,+,Strong
qseB-fimD,qseB,fimD,+,Strong
qseB-flhD,qseB,flhD,+,Strong
qseB-fimG,qseB,fimG,+,Strong
qseB-fimH,qseB,fimH,+,Strong
qseB-fimI,qseB,fimI,+,Strong
qseB-feaR,qseB,feaR,+-,Weak
hipA-HipAB,hipA,HipAB,+,Strong
hipB-hipA,hipB,hipA,-,Strong
hipB-hipB,hipB,hipB,-,Strong
hipB-mazE,hipB,mazE,-,Strong
hipB-mazF,hipB,mazF,-,Strong
hipB-fadH,hipB,fadH,-,Strong
hipB-relA,hipB,relA,-,Strong
hipB-HipAB,hipB,HipAB,+,Strong
plaR-sgbH,plaR,sgbH,-,Strong
plaR-sgbE,plaR,sgbE,-,Strong
plaR-lyx,plaR,lyx,-,Strong
plaR-plaR,plaR,plaR,-,Strong
plaR-sgbU,plaR,sgbU,-,Strong
plaR-yiaK,plaR,yiaK,-,Strong
plaR-yiaM,plaR,yiaM,-,Strong
plaR-yiaL,plaR,yiaL,-,Strong
plaR-yiaO,plaR,yiaO,-,Strong
plaR-yiaN,plaR,yiaN,-,Strong
yhaJ-bssS,yhaJ,bssS,+,Strong
prpR-prpB,prpR,prpB,+,Strong
prpR-prpD,prpR,prpD,+,Strong
prpR-prpE,prpR,prpE,+,Strong
prpR-prpR,prpR,prpR,-,Strong
prpR-prpC,prpR,prpC,+,Strong
hyfR-hyfJ,hyfR,hyfJ,+,Weak
hyfR-hyfI,hyfR,hyfI,+,Weak
hyfR-hyfH,hyfR,hyfH,+,Weak
hyfR-hyfC,hyfR,hyfC,+,Weak
hyfR-hyfB,hyfR,hyfB,+,Weak
hyfR-hyfA,hyfR,hyfA,+,Weak
hyfR-hyfG,hyfR,hyfG,+,Weak
hyfR-hyfF,hyfR,hyfF,+,Weak
hyfR-hyfE,hyfR,hyfE,+,Weak
hyfR-hyfD,hyfR,hyfD,+,Weak
hyfR-hyfR,hyfR,hyfR,+,Weak
hyfR-focB,hyfR,focB,+,Weak
rpiR-rpiR,rpiR,rpiR,-,Strong
rpiR-rpiB,rpiR,rpiB,-,Strong
rpiR-alsE,rpiR,alsE,-,Strong
rpiR-alsB,rpiR,alsB,-,Strong
rpiR-alsC,rpiR,alsC,-,Strong
rpiR-alsA,rpiR,alsA,-,Strong
hypT-metQ,hypT,metQ,+,Strong
hypT-cysH,hypT,cysH,+,Strong
hypT-metB,hypT,metB,+,Strong
hypT-fecD,hypT,fecD,-,Strong
hypT-fecE,hypT,fecE,-,Strong
hypT-fecB,hypT,fecB,-,Strong
hypT-fecC,hypT,fecC,-,Strong
hypT-fecA,hypT,fecA,-,Strong
hypT-cydA,hypT,cydA,+,Strong
hypT-cydB,hypT,cydB,+,Strong
hypT-metI,hypT,metI,+,Strong
hypT-metN,hypT,metN,+,Strong
hypT-metL,hypT,metL,+,Strong
crp-rhaT,crp,rhaT,+,Strong
crp-csqR,crp,csqR,+-,Strong
crp-aspA,crp,aspA,+,Strong
crp-rhaS,crp,rhaS,+,Strong
crp-rhaR,crp,rhaR,+,Strong
crp-rof,crp,rof,-,Strong
crp-rhaD,crp,rhaD,+,Strong
crp-rhaA,crp,rhaA,+,Strong
crp-rhaB,crp,rhaB,+,Strong
crp-rseB,crp,rseB,+,Strong
crp-rseC,crp,rseC,+,Strong
crp-rseA,crp,rseA,+,Strong
crp-speC,crp,speC,-,Strong
crp-rseD,crp,rseD,+,Strong
crp-lacA,crp,lacA,+-,Strong
crp-lacI,crp,lacI,+,Strong
crp-dsdA,crp,dsdA,+,Strong
crp-dsdX,crp,dsdX,+,Strong
crp-lacY,crp,lacY,+-,Strong
crp-lacZ,crp,lacZ,+-,Strong
crp-kbaZ,crp,kbaZ,+,Strong
crp-mlc,crp,mlc,+-,Strong
crp-mpl,crp,mpl,+,Strong
crp-fur,crp,fur,+,Strong
crp-tnaA,crp,tnaA,+,Strong
crp-tnaC,crp,tnaC,+,Strong
crp-tnaB,crp,tnaB,+,Strong
crp-trg,crp,trg,+,Strong
crp-ygcB,crp,ygcB,+,Strong
crp-cyaA,crp,cyaA,-,Strong
crp-nanK,crp,nanK,+,Strong
crp-nanM,crp,nanM,+,Strong
crp-melR,crp,melR,+,Strong
crp-nanC,crp,nanC,+,Strong
crp-nanE,crp,nanE,+,Strong
crp-frlC,crp,frlC,+,Strong
crp-xseA,crp,xseA,-,Strong
crp-melB,crp,melB,+,Strong
crp-nanS,crp,nanS,+,Strong
crp-melA,crp,melA,+,Strong
crp-nanT,crp,nanT,+,Strong
crp-btsT,crp,btsT,+,Strong
crp-entA,crp,entA,+,Strong
crp-entC,crp,entC,+,Strong
crp-entB,crp,entB,+,Strong
crp-entE,crp,entE,+,Strong
crp-dgoK,crp,dgoK,+,Strong
crp-entH,crp,entH,+,Strong
crp-dgoD,crp,dgoD,+,Strong
crp-aaeA,crp,aaeA,+,Strong
crp-dgoA,crp,dgoA,+,Strong
crp-fecD,crp,fecD,+,Strong
crp-fecE,crp,fecE,+,Strong
crp-fecB,crp,fecB,+,Strong
crp-aaeX,crp,aaeX,+,Strong
crp-hicB,crp,hicB,+,Strong
crp-fecA,crp,fecA,+,Strong
crp-dgoT,crp,dgoT,+,Strong
crp-dgoR,crp,dgoR,+,Strong
crp-aaeR,crp,aaeR,-,Strong
crp-rpoS,crp,rpoS,-,Strong
crp-uxuA,crp,uxuA,+,Strong
crp-uxuB,crp,uxuB,+,Strong
crp-nlpE,crp,nlpE,-,Strong
crp-cysG,crp,cysG,-,Strong
crp-rpoE,crp,rpoE,+,Strong
crp-rpoH,crp,rpoH,+-,Strong
crp-yiaK,crp,yiaK,+,Strong
crp-b3171,crp,b3171,-,Strong
crp-grcA,crp,grcA,+,Strong
crp-caiE,crp,caiE,+,Strong
crp-gpsA,crp,gpsA,+,Strong
crp-hyfB,crp,hyfB,+,Strong
crp-gltA,crp,gltA,+,Strong
crp-caiC,crp,caiC,+,Strong
crp-cspD,crp,cspD,+,Strong
crp-cspE,crp,cspE,+,Strong
crp-feaB,crp,feaB,+,Strong
crp-gltF,crp,gltF,-,Strong
crp-rpsF,crp,rpsF,+,Strong
crp-sgbH,crp,sgbH,+,Strong
crp-rpsO,crp,rpsO,-,Strong
crp-sgbE,crp,sgbE,+,Strong
crp-preA,crp,preA,+,Strong
crp-rpsI,crp,rpsI,-,Strong
crp-hupB,crp,hupB,+,Strong
crp-rpsR,crp,rpsR,+,Strong
crp-deoA,crp,deoA,+-,Strong
crp-deoB,crp,deoB,+-,Strong
crp-deoC,crp,deoC,+-,Strong
crp-deoD,crp,deoD,+-,Strong
crp-ppiA,crp,ppiA,+-,Strong
crp-fbaA,crp,fbaA,+,Strong
crp-umpH,crp,umpH,+-,Strong
crp-malX,crp,malX,+,Strong
crp-malY,crp,malY,+,Strong
crp-malT,crp,malT,+,Strong
crp-malS,crp,malS,+,Strong
crp-malM,crp,malM,+,Strong
crp-malK,crp,malK,+,Strong
crp-mdtE,crp,mdtE,-,Strong
crp-malI,crp,malI,+-,Strong
crp-malF,crp,malF,+,Strong
crp-malG,crp,malG,+,Strong
crp-focB,crp,focB,+,Strong
crp-malE,crp,malE,+,Strong
crp-b4438,crp,b4438,+,Strong
crp-ycdZ,crp,ycdZ,+-,Strong
crp-glaH,crp,glaH,+,Strong
crp-csgG,crp,csgG,+,Strong
crp-csgF,crp,csgF,+,Strong
crp-csgE,crp,csgE,+,Strong
crp-csgD,crp,csgD,+,Strong
crp-yiaM,crp,yiaM,+,Strong
crp-yiaL,crp,yiaL,+,Strong
crp-yiaO,crp,yiaO,+,Strong
crp-yiaN,crp,yiaN,+,Strong
crp-lamB,crp,lamB,+,Strong
crp-gatY,crp,gatY,+,Strong
crp-gatZ,crp,gatZ,+,Strong
crp-actP,crp,actP,+,Strong
crp-narQ,crp,narQ,-,Strong
crp-trxA,crp,trxA,-,Strong
crp-gatD,crp,gatD,+,Strong
crp-tam,crp,tam,+,Strong
crp-gatA,crp,gatA,+,Strong
crp-gatB,crp,gatB,+,Strong
crp-gatC,crp,gatC,+,Strong
crp-chiZ,crp,chiZ,+,Strong
crp-gcd,crp,gcd,-,Strong
crp-fucA,crp,fucA,+,Strong
crp-fucO,crp,fucO,+,Strong
crp-chiP,crp,chiP,+,Strong
crp-fucK,crp,fucK,+,Strong
crp-fucI,crp,fucI,+,Strong
crp-fucU,crp,fucU,+,Strong
crp-fucR,crp,fucR,+,Strong
crp-fucP,crp,fucP,+,Strong
crp-azuC,crp,azuC,-,Strong
crp-secB,crp,secB,+,Strong
crp-paaZ,crp,paaZ,+,Strong
crp-cpdB,crp,cpdB,+,Strong
crp-paaB,crp,paaB,+,Strong
crp-paaC,crp,paaC,+,Strong
crp-paaA,crp,paaA,+,Strong
crp-paaF,crp,paaF,+,Strong
crp-paaG,crp,paaG,+,Strong
crp-paaD,crp,paaD,+,Strong
crp-paaE,crp,paaE,+,Strong
crp-paaJ,crp,paaJ,+,Strong
crp-paaK,crp,paaK,+,Strong
crp-paaH,crp,paaH,+,Strong
crp-paaI,crp,paaI,+,Strong
crp-ilvB,crp,ilvB,+,Strong
crp-hfq,crp,hfq,-,Strong
crp-sucA,crp,sucA,+,Strong
crp-sucC,crp,sucC,+,Strong
crp-sucB,crp,sucB,+,Strong
crp-sucD,crp,sucD,+,Strong
crp-ugpE,crp,ugpE,+,Strong
crp-pncB,crp,pncB,-,Strong
crp-ugpB,crp,ugpB,+,Strong
crp-ugpC,crp,ugpC,+,Strong
crp-yfaE,crp,yfaE,+,Strong
crp-fadD,crp,fadD,+,Strong
crp-fadH,crp,fadH,+,Strong
crp-ugpQ,crp,ugpQ,+,Strong
crp-fadL,crp,fadL,+,Strong
crp-fis,crp,fis,+-,Strong
crp-ompW,crp,ompW,-,Strong
crp-ompR,crp,ompR,+-,Strong
crp-fiu,crp,fiu,+,Strong
crp-ulaD,crp,ulaD,+,Strong
crp-ulaE,crp,ulaE,+,Strong
crp-ulaF,crp,ulaF,+,Strong
crp-ulaA,crp,ulaA,+,Strong
crp-ulaB,crp,ulaB,+,Strong
crp-ulaC,crp,ulaC,+,Strong
crp-pck,crp,pck,+-,Strong
crp-ompF,crp,ompF,+,Strong
crp-ompA,crp,ompA,+,Strong
crp-tsx,crp,tsx,+-,Strong
crp-lsrA,crp,lsrA,+,Strong
crp-srlB,crp,srlB,+,Strong
crp-lsrC,crp,lsrC,+,Strong
crp-lsrB,crp,lsrB,+,Strong
crp-lsrD,crp,lsrD,+,Strong
crp-lsrG,crp,lsrG,+,Strong
crp-lsrF,crp,lsrF,+,Strong
crp-gcvP,crp,gcvP,+,Strong
crp-lsrK,crp,lsrK,+,Strong
crp-rbsB,crp,rbsB,+,Strong
crp-gcvT,crp,gcvT,+,Strong
crp-rbsD,crp,rbsD,+,Strong
crp-gcvH,crp,gcvH,+,Strong
crp-modA,crp,modA,+,Strong
crp-modB,crp,modB,+,Strong
crp-lsrR,crp,lsrR,+,Strong
crp-rbsR,crp,rbsR,+,Strong
crp-nadC,crp,nadC,+,Strong
crp-grpE,crp,grpE,+,Strong
crp-psiE,crp,psiE,-,Strong
crp-mdh,crp,mdh,+,Strong
crp-ybiT,crp,ybiT,+-,Strong
crp-hlyE,crp,hlyE,+,Strong
crp-rplM,crp,rplM,-,Strong
crp-rplI,crp,rplI,+,Strong
crp-cytR,crp,cytR,+-,Strong
crp-mazF,crp,mazF,+,Strong
crp-nupC,crp,nupC,+,Strong
crp-gapA,crp,gapA,+,Strong
crp-nrdB,crp,nrdB,+,Strong
crp-nupG,crp,nupG,+-,Strong
crp-rbfA,crp,rbfA,-,Strong
crp-sfsA,crp,sfsA,+,Strong
crp-metK,crp,metK,-,Strong
crp-ytfK,crp,ytfK,+,Strong
crp-frlA,crp,frlA,+,Strong
crp-frlB,crp,frlB,+,Strong
crp-caiT,crp,caiT,+,Strong
crp-frlD,crp,frlD,+,Strong
crp-dcuA,crp,dcuA,+,Strong
crp-dcuB,crp,dcuB,+,Strong
crp-caiF,crp,caiF,+,Strong
crp-frlR,crp,frlR,+,Strong
crp-caiD,crp,caiD,+,Strong
crp-sodB,crp,sodB,-,Strong
crp-caiB,crp,caiB,+,Strong
crp-caiA,crp,caiA,+,Strong
crp-sodA,crp,sodA,+,Strong
crp-dcuR,crp,dcuR,+,Strong
crp-oxyR,crp,oxyR,+,Strong
crp-fixX,crp,fixX,+,Strong
crp-ilvN,crp,ilvN,+,Strong
crp-fixC,crp,fixC,+,Strong
crp-fixB,crp,fixB,+,Strong
crp-fixA,crp,fixA,+,Strong
crp-argG,crp,argG,+,Strong
crp-citX,crp,citX,-,Strong
crp-pgk,crp,pgk,+,Strong
crp-citC,crp,citC,-,Strong
crp-citD,crp,citD,-,Strong
crp-citE,crp,citE,-,Strong
crp-citF,crp,citF,-,Strong
crp-citG,crp,citG,-,Strong
crp-gntK,crp,gntK,+,Strong
crp-guaB,crp,guaB,+,Strong
crp-guaA,crp,guaA,+,Strong
crp-pflB,crp,pflB,+,Strong
crp-nanA,crp,nanA,+,Strong
crp-gntX,crp,gntX,+,Strong
crp-gntP,crp,gntP,+,Strong
crp-gntU,crp,gntU,+,Strong
crp-gntT,crp,gntT,+,Strong
crp-udp,crp,udp,+-,Strong
crp-chbF,crp,chbF,+,Strong
crp-puuB,crp,puuB,-,Strong
crp-puuC,crp,puuC,-,Strong
crp-treC,crp,treC,-,Strong
crp-treB,crp,treB,-,Strong
crp-bhsA,crp,bhsA,-,Strong
crp-puuE,crp,puuE,-,Strong
crp-xylH,crp,xylH,+,Strong
crp-serC,crp,serC,-,Strong
crp-serA,crp,serA,+,Strong
crp-puuR,crp,puuR,-,Strong
crp-ubiG,crp,ubiG,+,Strong
crp-xylB,crp,xylB,+,Strong
crp-xylE,crp,xylE,+,Strong
crp-xylG,crp,xylG,+,Strong
crp-xylF,crp,xylF,+,Strong
crp-aroA,crp,aroA,-,Strong
crp-ascF,crp,ascF,+,Strong
crp-ascB,crp,ascB,+,Strong
crp-sdhX,crp,sdhX,+,Strong
crp-ivbL,crp,ivbL,+,Strong
crp-pdhR,crp,pdhR,+,Strong
crp-nanQ,crp,nanQ,+,Strong
crp-sdhA,crp,sdhA,+,Strong
crp-sdhC,crp,sdhC,+,Strong
crp-sdhB,crp,sdhB,+,Strong
crp-sdhD,crp,sdhD,+,Strong
crp-galT,crp,galT,+-,Strong
crp-galP,crp,galP,+,Strong
crp-galS,crp,galS,+,Strong
crp-yeiP,crp,yeiP,+,Strong
crp-galE,crp,galE,+-,Strong
crp-pnp,crp,pnp,-,Strong
crp-galM,crp,galM,+-,Strong
crp-galK,crp,galK,+-,Strong
crp-xylR,crp,xylR,+,Strong
crp-gyrA,crp,gyrA,+,Strong
crp-yhfA,crp,yhfA,+-,Strong
crp-gabT,crp,gabT,+,Strong
crp-gabP,crp,gabP,+,Strong
crp-puuD,crp,puuD,-,Strong
crp-sohB,crp,sohB,-,Strong
crp-gabD,crp,gabD,+,Strong
crp-epd,crp,epd,+,Strong
crp-entD,crp,entD,+,Strong
crp-hofM,crp,hofM,+,Strong
crp-hofO,crp,hofO,+,Strong
crp-hofN,crp,hofN,+,Strong
crp-plaR,crp,plaR,-,Strong
crp-hofC,crp,hofC,+,Strong
crp-hofB,crp,hofB,+,Strong
crp-lpd,crp,lpd,+-,Strong
crp-hofP,crp,hofP,+,Strong
crp-cdd,crp,cdd,+-,Strong
crp-envZ,crp,envZ,+-,Strong
crp-prpD,crp,prpD,+,Strong
crp-prpE,crp,prpE,+,Strong
crp-prpB,crp,prpB,+,Strong
crp-prpC,crp,prpC,+,Strong
crp-sroD,crp,sroD,+,Strong
crp-acnB,crp,acnB,+,Strong
crp-acnA,crp,acnA,+,Strong
crp-xylA,crp,xylA,+,Strong
crp-pka,crp,pka,+,Strong
crp-prpR,crp,prpR,+,Strong
crp-aaeB,crp,aaeB,+,Strong
crp-aldB,crp,aldB,+,Strong
crp-aldA,crp,aldA,+,Strong
crp-hyfJ,crp,hyfJ,+,Strong
crp-hyfI,crp,hyfI,+,Strong
crp-hyfH,crp,hyfH,+,Strong
crp-yaeQ,crp,yaeQ,-,Strong
crp-yaeP,crp,yaeP,-,Strong
crp-hyfC,crp,hyfC,+,Strong
crp-lhgD,crp,lhgD,+,Strong
crp-hyfA,crp,hyfA,+,Strong
crp-priB,crp,priB,+,Strong
crp-hyfG,crp,hyfG,+,Strong
crp-hyfF,crp,hyfF,+,Strong
crp-hyfE,crp,hyfE,+,Strong
crp-hyfD,crp,hyfD,+,Strong
crp-nagE,crp,nagE,+-,Strong
crp-nagB,crp,nagB,+-,Strong
crp-nagC,crp,nagC,+-,Strong
crp-nagA,crp,nagA,+-,Strong
crp-hyfR,crp,hyfR,+,Strong
crp-feaR,crp,feaR,+,Strong
crp-hicA,crp,hicA,+,Strong
crp-ugpA,crp,ugpA,+,Strong
crp-uidB,crp,uidB,+,Strong
crp-uidC,crp,uidC,+,Strong
crp-uidA,crp,uidA,+,Strong
crp-osmY,crp,osmY,-,Strong
crp-crr,crp,crr,+-,Strong
crp-crp,crp,crp,+-,Strong
crp-aer,crp,aer,+,Strong
crp-yjcH,crp,yjcH,+,Strong
crp-dksA,crp,dksA,+,Strong
crp-dctA,crp,dctA,+,Strong
crp-flhC,crp,flhC,+,Strong
crp-rmf,crp,rmf,+,Strong
crp-flhD,crp,flhD,+,Strong
crp-malH,crp,malH,+,Strong
crp-arfB,crp,arfB,-,Strong
crp-manX,crp,manX,+,Strong
crp-manY,crp,manY,+,Strong
crp-manZ,crp,manZ,+,Strong
crp-manA,crp,manA,+-,Strong
crp-mhpR,crp,mhpR,+,Strong
crp-rimP,crp,rimP,-,Strong
crp-CRP-Sxy,crp,CRP-Sxy,+,Strong
crp-comR,crp,comR,-,Strong
crp-mhpC,crp,mhpC,+,Strong
crp-mhpB,crp,mhpB,+,Strong
crp-mhpA,crp,mhpA,+,Strong
crp-csiE,crp,csiE,+,Strong
crp-mhpF,crp,mhpF,+,Strong
crp-mhpE,crp,mhpE,+,Strong
crp-mhpD,crp,mhpD,+,Strong
crp-glcC,crp,glcC,+,Strong
crp-lgoR,crp,lgoR,+,Strong
crp-uxuR,crp,uxuR,+,Strong
crp-marB,crp,marB,+,Strong
crp-marR,crp,marR,+,Strong
crp-fepA,crp,fepA,+,Strong
crp-cas1,crp,cas1,-,Strong
crp-cas2,crp,cas2,-,Strong
crp-casE,crp,casE,-,Strong
crp-fecC,crp,fecC,+,Strong
crp-agaA,crp,agaA,+,Strong
crp-casA,crp,casA,-,Strong
crp-casC,crp,casC,-,Strong
crp-casB,crp,casB,-,Strong
crp-yjhI,crp,yjhI,+,Strong
crp-yjhH,crp,yjhH,+,Strong
crp-agaW,crp,agaW,+,Strong
crp-agaV,crp,agaV,+,Strong
crp-tdcE,crp,tdcE,+,Strong
crp-tdcD,crp,tdcD,+,Strong
crp-tdcG,crp,tdcG,+,Strong
crp-tdcF,crp,tdcF,+,Strong
crp-tdcA,crp,tdcA,+,Strong
crp-tdcC,crp,tdcC,+,Strong
crp-tdcB,crp,tdcB,+,Strong
crp-nusA,crp,nusA,-,Strong
crp-hupA,crp,hupA,+,Strong
crp-glgA,crp,glgA,+,Strong
crp-glgC,crp,glgC,+,Strong
crp-marA,crp,marA,+,Strong
crp-rbsK,crp,rbsK,+,Strong
crp-glgP,crp,glgP,+,Strong
crp-cyoA,crp,cyoA,+,Strong
crp-glgS,crp,glgS,+,Strong
crp-cyoB,crp,cyoB,+,Strong
crp-srlE,crp,srlE,+,Strong
crp-glnL,crp,glnL,+-,Strong
crp-glnA,crp,glnA,+-,Strong
crp-srlD,crp,srlD,+,Strong
crp-glnG,crp,glnG,+-,Strong
crp-rbsA,crp,rbsA,+,Strong
crp-rbsC,crp,rbsC,+,Strong
crp-focA,crp,focA,+,Strong
crp-ebgA,crp,ebgA,+,Strong
crp-ebgC,crp,ebgC,+,Strong
crp-mtlR,crp,mtlR,+,Strong
crp-dadA,crp,dadA,+-,Strong
crp-ampD,crp,ampD,-,Strong
crp-ampE,crp,ampE,-,Strong
crp-dadX,crp,dadX,+-,Strong
crp-nfuA,crp,nfuA,+,Strong
crp-mtlA,crp,mtlA,+,Strong
crp-yeiW,crp,yeiW,+,Strong
crp-mtlD,crp,mtlD,+,Strong
crp-chbG,crp,chbG,+,Strong
crp-raiA,crp,raiA,+,Strong
crp-gltB,crp,gltB,-,Strong
crp-chbC,crp,chbC,+,Strong
crp-chbB,crp,chbB,+,Strong
crp-chbA,crp,chbA,+,Strong
crp-srlR,crp,srlR,+,Strong
crp-dusB,crp,dusB,+-,Strong
crp-gltD,crp,gltD,-,Strong
crp-modC,crp,modC,+,Strong
crp-chbR,crp,chbR,+,Strong
crp-b4457,crp,b4457,-,Strong
crp-uxaA,crp,uxaA,+,Strong
crp-raiZ,crp,raiZ,+,Strong
crp-uxaC,crp,uxaC,+,Strong
crp-gutQ,crp,gutQ,+,Strong
crp-nirD,crp,nirD,-,Strong
crp-gutM,crp,gutM,+,Strong
crp-nirC,crp,nirC,-,Strong
crp-nirB,crp,nirB,-,Strong
crp-putP,crp,putP,-,Strong
crp-fumA,crp,fumA,+,Strong
crp-fumB,crp,fumB,+,Strong
crp-fumC,crp,fumC,+,Strong
crp-zraS,crp,zraS,+,Strong
crp-zraR,crp,zraR,+,Strong
crp-gadE,crp,gadE,-,Strong
crp-gadF,crp,gadF,-,Strong
crp-ppdD,crp,ppdD,+,Strong
crp-gadA,crp,gadA,-,Strong
crp-gadB,crp,gadB,-,Strong
crp-gadC,crp,gadC,-,Strong
crp-ptsI,crp,ptsI,+-,Strong
crp-ptsH,crp,ptsH,+-,Strong
crp-gadX,crp,gadX,-,Strong
crp-ychH,crp,ychH,+,Strong
crp-ptsG,crp,ptsG,+,Strong
crp-uhpT,crp,uhpT,+,Strong
crp-araB,crp,araB,+,Strong
crp-araC,crp,araC,+,Strong
crp-araA,crp,araA,+,Strong
crp-araF,crp,araF,+,Strong
crp-araG,crp,araG,+,Strong
crp-araD,crp,araD,+,Strong
crp-araE,crp,araE,+,Strong
crp-araJ,crp,araJ,+-,Strong
crp-araH,crp,araH,+,Strong
crp-ygeA,crp,ygeA,+,Strong
crp-proP,crp,proP,+-,Strong
crp-cirA,crp,cirA,+,Strong
crp-preT,crp,preT,+,Strong
crp-murP,crp,murP,+,Strong
crp-murQ,crp,murQ,+,Strong
crp-bglB,crp,bglB,+,Strong
crp-bglG,crp,bglG,+,Strong
crp-bglF,crp,bglF,+,Strong
crp-srlA,crp,srlA,+,Strong
crp-acs,crp,acs,+,Strong
crp-dpiB,crp,dpiB,-,Strong
crp-dpiA,crp,dpiA,-,Strong
crp-sgbU,crp,sgbU,+,Strong
crp-ybiS,crp,ybiS,+-,Strong
crp-mdtF,crp,mdtF,-,Strong
crp-b3864,crp,b3864,-,Strong
crp-mazE,crp,mazE,+,Strong
crp-relA,crp,relA,+,Strong
crp-hflC,crp,hflC,-,Strong
crp-hflK,crp,hflK,-,Strong
crp-b4426,crp,b4426,+,Strong
crp-hflX,crp,hflX,-,Strong
crp-infB,crp,infB,-,Strong
crp-ykgR,crp,ykgR,+,Strong
crp-gdhA,crp,gdhA,-,Strong
crp-bidA,crp,bidA,+,Strong
crp-truB,crp,truB,-,Strong
crp-exuT,crp,exuT,+,Strong
crp-cstA,crp,cstA,+,Strong
crp-exuR,crp,exuR,-,Strong
crp-casD,crp,casD,-,Strong
crp-lyx,crp,lyx,+,Strong
crp-yjhG,crp,yjhG,+,Strong
crp-rspA,crp,rspA,+,Strong
crp-cyoC,crp,cyoC,+,Strong
crp-rspB,crp,rspB,+,Strong
crp-cyoE,crp,cyoE,+,Strong
crp-cyoD,crp,cyoD,+,Strong
crp-aceK,crp,aceK,-,Strong
crp-mglA,crp,mglA,+,Strong
crp-mglB,crp,mglB,+,Strong
crp-mglC,crp,mglC,+,Strong
crp-aceB,crp,aceB,-,Strong
crp-aceA,crp,aceA,-,Strong
crp-aceF,crp,aceF,+,Strong
crp-aceE,crp,aceE,+,Strong
crp-hpt,crp,hpt,+,Strong
crp-nrdA,crp,nrdA,+,Strong
crp-nmpC,crp,nmpC,+,Strong
crp-idnT,crp,idnT,+,Strong
crp-idnR,crp,idnR,+,Strong
crp-idnO,crp,idnO,+,Strong
crp-sbmC,crp,sbmC,+,Strong
crp-idnK,crp,idnK,+,Strong
crp-idnD,crp,idnD,+,Strong
crp-glpT,crp,glpT,+,Strong
crp-glpQ,crp,glpQ,+,Strong
crp-glpR,crp,glpR,+,Strong
crp-uxaB,crp,uxaB,+,Strong
crp-glpX,crp,glpX,+,Strong
crp-ybfN,crp,ybfN,+,Strong
crp-glpE,crp,glpE,+,Strong
crp-glpD,crp,glpD,+,Strong
crp-glpG,crp,glpG,+,Strong
crp-glpF,crp,glpF,+,Strong
crp-glpA,crp,glpA,+,Strong
crp-glpC,crp,glpC,+,Strong
crp-glpB,crp,glpB,+,Strong
crp-ansB,crp,ansB,+,Strong
crp-glpK,crp,glpK,+,Strong
crp-agp,crp,agp,+,Strong
cra-aroP,cra,aroP,+,Strong
cra-ppc,cra,ppc,-,Strong
cra-prpD,cra,prpD,-,Strong
cra-eda,cra,eda,-,Strong
cra-prpB,cra,prpB,-,Strong
cra-marA,cra,marA,-,Strong
cra-edd,cra,edd,-,Strong
cra-betI,cra,betI,+,Strong
cra-poxB,cra,poxB,+,Strong
cra-pdhR,cra,pdhR,-,Strong
cra-acnB,cra,acnB,-,Strong
cra-pgk,cra,pgk,-,Strong
cra-acnA,cra,acnA,+,Strong
cra-fruK,cra,fruK,-,Strong
cra-envC,cra,envC,-,Strong
cra-prpE,cra,prpE,-,Strong
cra-nirC,cra,nirC,-,Strong
cra-nirB,cra,nirB,-,Strong
cra-cyoA,cra,cyoA,-,Strong
cra-fruB,cra,fruB,-,Strong
cra-cyoC,cra,cyoC,-,Strong
cra-cyoB,cra,cyoB,-,Strong
cra-cyoE,cra,cyoE,-,Strong
cra-cyoD,cra,cyoD,-,Strong
cra-prpC,cra,prpC,-,Strong
cra-aceK,cra,aceK,+,Strong
cra-gapA,cra,gapA,-,Strong
cra-marB,cra,marB,-,Strong
cra-manZ,cra,manZ,-,Strong
cra-aceB,cra,aceB,+,Strong
cra-aceA,cra,aceA,+,Strong
cra-gpmI,cra,gpmI,-,Strong
cra-aceF,cra,aceF,-,Strong
cra-aceE,cra,aceE,-,Strong
cra-eno,cra,eno,-,Strong
cra-pck,cra,pck,+,Strong
cra-pykF,cra,pykF,-,Strong
cra-csgG,cra,csgG,+,Strong
cra-fbaB,cra,fbaB,-,Strong
cra-adhE,cra,adhE,-,Strong
cra-manY,cra,manY,-,Strong
cra-cydA,cra,cydA,+,Strong
cra-cydB,cra,cydB,+,Strong
cra-ppsA,cra,ppsA,+,Strong
cra-mpl,cra,mpl,-,Strong
cra-tpiA,cra,tpiA,-,Strong
cra-setA,cra,setA,-,Strong
cra-fruA,cra,fruA,-,Strong
cra-yeaD,cra,yeaD,-,Strong
cra-manX,cra,manX,-,Strong
cra-mtlR,cra,mtlR,-,Strong
cra-cysG,cra,cysG,-,Strong
cra-ptsI,cra,ptsI,+-,Strong
cra-ptsH,cra,ptsH,+-,Strong
cra-glk,cra,glk,-,Strong
cra-yibQ,cra,yibQ,-,Strong
cra-b4577,cra,b4577,-,Strong
cra-mtlA,cra,mtlA,-,Strong
cra-hypF,cra,hypF,-,Strong
cra-csgE,cra,csgE,+,Strong
cra-pfkA,cra,pfkA,-,Strong
cra-mtlD,cra,mtlD,-,Strong
cra-crr,cra,crr,+-,Strong
cra-crp,cra,crp,+,Strong
cra-pdeL,cra,pdeL,-,Strong
cra-betT,cra,betT,+,Strong
cra-sgrT,cra,sgrT,-,Strong
cra-icd,cra,icd,+,Strong
cra-zwf,cra,zwf,-,Strong
cra-betB,cra,betB,+,Strong
cra-betA,cra,betA,+,Strong
cra-nirD,cra,nirD,-,Strong
cra-fbaA,cra,fbaA,-,Strong
cra-csgF,cra,csgF,+,Strong
cra-epd,cra,epd,-,Strong
cra-lpd,cra,lpd,-,Strong
cra-csgD,cra,csgD,+,Strong
cra-marR,cra,marR,-,Strong
cra-glcC,cra,glcC,-,Strong
aaeR-aaeA,aaeR,aaeA,+,Strong
aaeR-aaeX,aaeR,aaeX,+,Strong
aaeR-aaeB,aaeR,aaeB,+,Strong
mhpR-mhpC,mhpR,mhpC,+,Strong
mhpR-mhpB,mhpR,mhpB,+,Strong
mhpR-mhpA,mhpR,mhpA,+,Strong
mhpR-mhpF,mhpR,mhpF,+,Strong
mhpR-mhpE,mhpR,mhpE,+,Strong
mhpR-mhpD,mhpR,mhpD,+,Strong
tdcA-tdcE,tdcA,tdcE,+,Strong
tdcA-tdcD,tdcA,tdcD,+,Strong
tdcA-tdcG,tdcA,tdcG,+,Strong
tdcA-tdcF,tdcA,tdcF,+,Strong
tdcA-tdcA,tdcA,tdcA,+,Strong
tdcA-tdcC,tdcA,tdcC,+,Strong
tdcA-tdcB,tdcA,tdcB,+,Strong
tdcR-tdcE,tdcR,tdcE,+,Strong
tdcR-tdcD,tdcR,tdcD,+,Strong
tdcR-tdcG,tdcR,tdcG,+,Strong
tdcR-tdcF,tdcR,tdcF,+,Strong
tdcR-tdcA,tdcR,tdcA,+,Strong
tdcR-tdcC,tdcR,tdcC,+,Strong
tdcR-tdcB,tdcR,tdcB,+,Strong
rutR-rutR,rutR,rutR,-,Strong
rutR-gadW,rutR,gadW,-,Strong
rutR-nemA,rutR,nemA,-,Strong
rutR-nemR,rutR,nemR,-,Strong
rutR-fepB,rutR,fepB,-,Strong
rutR-gloA,rutR,gloA,-,Strong
rutR-rutC,rutR,rutC,-,Strong
rutR-rutB,rutR,rutB,-,Strong
rutR-rutA,rutR,rutA,-,Strong
rutR-gadX,rutR,gadX,-,Strong
rutR-rutF,rutR,rutF,-,Strong
rutR-rutE,rutR,rutE,-,Strong
rutR-rutD,rutR,rutD,-,Strong
rutR-carB,rutR,carB,+,Strong
rutR-rutG,rutR,rutG,-,Strong
rutR-carA,rutR,carA,+,Strong
rutR-pdeR,rutR,pdeR,-,Strong
ebgR-ebgA,ebgR,ebgA,-,Strong
ebgR-ebgC,ebgR,ebgC,-,Strong
flgM-fliA,flgM,fliA,-,Weak
dhaR-dhaK,dhaR,dhaK,+,Strong
dhaR-dhaR,dhaR,dhaR,-,Strong
dhaR-dhaM,dhaR,dhaM,+,Strong
dhaR-dhaL,dhaR,dhaL,+,Strong
deoR-nupG,deoR,nupG,-,Strong
deoR-tsx,deoR,tsx,-,Weak
deoR-deoA,deoR,deoA,-,Strong
deoR-deoB,deoR,deoB,-,Strong
deoR-deoC,deoR,deoC,-,Strong
deoR-deoD,deoR,deoD,-,Strong
rtcR-rtcB,rtcR,rtcB,+,Strong
rtcR-rtcA,rtcR,rtcA,+,Strong
cecR-ybhG,cecR,ybhG,-,Strong
cecR-ybhF,cecR,ybhF,-,Strong
cecR-ybhS,cecR,ybhS,-,Strong
cecR-cecR,cecR,cecR,-,Strong
cecR-ybhR,cecR,ybhR,-,Strong
lldR-lldP,lldR,lldP,+-,Strong
lldR-lldR,lldR,lldR,+-,Strong
lldR-lldD,lldR,lldD,+-,Strong
DinJ-YafQ-cspE,DinJ-YafQ,cspE,-,Strong
DinJ-YafQ-dinJ,DinJ-YafQ,dinJ,-,Strong
DinJ-YafQ-yafQ,DinJ-YafQ,yafQ,-,Strong
ihfA-IHF,ihfA,IHF,+,Strong
ihfB-IHF,ihfB,IHF,+,Strong
RelB-RelE-relB,RelB-RelE,relB,-,Strong
RelB-RelE-hokD,RelB-RelE,hokD,-,Strong
RelB-RelE-relE,RelB-RelE,relE,-,Strong
atoC-atoB,atoC,atoB,+,Strong
atoC-atoA,atoC,atoA,+,Strong
atoC-atoD,atoC,atoD,+,Strong
atoC-atoE,atoC,atoE,+,Strong
exuR-exuT,exuR,exuT,-,Weak
exuR-lgoR,exuR,lgoR,-,Strong
exuR-uxuA,exuR,uxuA,-,Strong
exuR-exuR,exuR,exuR,-,Strong
exuR-uxuR,exuR,uxuR,-,Weak
exuR-uxaA,exuR,uxaA,-,Weak
exuR-uxaB,exuR,uxaB,-,Weak
exuR-uxaC,exuR,uxaC,-,Weak
exuR-uxuB,exuR,uxuB,-,Strong
sxy-CRP-Sxy,sxy,CRP-Sxy,+,Strong
pyrR-yhjX,pyrR,yhjX,+,Strong
rseA-rpoE,rseA,rpoE,-,Weak
yeiL-yeiL,yeiL,yeiL,+,Strong
nhaR-osmC,nhaR,osmC,+,Strong
nhaR-nhaR,nhaR,nhaR,+,Strong
nhaR-pgaA,nhaR,pgaA,+,Strong
nhaR-pgaB,nhaR,pgaB,+,Strong
nhaR-pgaC,nhaR,pgaC,+,Strong
nhaR-pgaD,nhaR,pgaD,+,Strong
nhaR-nhaA,nhaR,nhaA,+,Strong
birA-bioB,birA,bioB,-,Strong
birA-bioC,birA,bioC,-,Strong
birA-bioD1,birA,bioD1,-,Strong
birA-bioA,birA,bioA,-,Strong
birA-bioF,birA,bioF,-,Strong
rpoS-pstS,rpoS,pstS,+,Strong
rpoS-evgA,rpoS,evgA,+,Strong
rpoS-yciT,rpoS,yciT,+,Strong
rpoS-xapA,rpoS,xapA,+,Strong
rpoS-rsmG,rpoS,rsmG,+,Strong
rpoS-rhaS,rpoS,rhaS,+,Strong
rpoS-rhaR,rpoS,rhaR,+,Strong
rpoS-dhaK,rpoS,dhaK,+,Weak
rpoS-poxB,rpoS,poxB,+,Strong
rpoS-btuF,rpoS,btuF,+,Strong
rpoS-yciZ,rpoS,yciZ,+,Strong
rpoS-dhaM,rpoS,dhaM,+,Weak
rpoS-dhaL,rpoS,dhaL,+,Weak
rpoS-dmsD,rpoS,dmsD,+,Strong
rpoS-dhaR,rpoS,dhaR,+,Weak
rpoS-pstA,rpoS,pstA,+,Strong
rpoS-evgS,rpoS,evgS,+,Strong
rpoS-ariR,rpoS,ariR,+,Strong
rpoS-rseC,rpoS,rseC,+,Strong
rpoS-rseA,rpoS,rseA,+,Strong
rpoS-speB,rpoS,speB,+,Strong
rpoS-aldB,rpoS,aldB,+,Strong
rpoS-rseD,rpoS,rseD,+,Strong
rpoS-fadL,rpoS,fadL,+,Strong
rpoS-pcnB,rpoS,pcnB,+,Strong
rpoS-appY,rpoS,appY,+,Strong
rpoS-galE,rpoS,galE,+,Strong
rpoS-b4704,rpoS,b4704,+,Weak
rpoS-frdA,rpoS,frdA,+,Strong
rpoS-frdB,rpoS,frdB,+,Strong
rpoS-frdC,rpoS,frdC,+,Strong
rpoS-frdD,rpoS,frdD,+,Strong
rpoS-hchA,rpoS,hchA,+,Strong
rpoS-fumC,rpoS,fumC,+,Strong
rpoS-csgB,rpoS,csgB,+,Strong
rpoS-fic,rpoS,fic,+,Strong
rpoS-ompF,rpoS,ompF,+,Strong
rpoS-tktB,rpoS,tktB,+,Strong
rpoS-ada,rpoS,ada,+,Strong
rpoS-yibQ,rpoS,yibQ,+,Strong
rpoS-ompN,rpoS,ompN,+,Strong
rpoS-katE,rpoS,katE,+,Strong
rpoS-elaB,rpoS,elaB,+,Strong
rpoS-hofN,rpoS,hofN,+,Weak
rpoS-lsrA,rpoS,lsrA,+,Weak
rpoS-lsrC,rpoS,lsrC,+,Weak
rpoS-lsrB,rpoS,lsrB,+,Weak
rpoS-osmE,rpoS,osmE,+,Strong
rpoS-lsrD,rpoS,lsrD,+,Weak
rpoS-lsrG,rpoS,lsrG,+,Weak
rpoS-lsrF,rpoS,lsrF,+,Weak
rpoS-b4577,rpoS,b4577,+,Strong
rpoS-gadE,rpoS,gadE,+,Strong
rpoS-mpl,rpoS,mpl,+,Weak
rpoS-gadA,rpoS,gadA,+,Strong
rpoS-b2911,rpoS,b2911,+,Strong
rpoS-gadC,rpoS,gadC,+,Strong
rpoS-ydcV,rpoS,ydcV,+,Strong
rpoS-gadB,rpoS,gadB,+,Strong
rpoS-gadX,rpoS,gadX,+,Strong
rpoS-yhiD,rpoS,yhiD,+,Strong
rpoS-ybaS,rpoS,ybaS,+,Strong
rpoS-osmY,rpoS,osmY,+,Strong
rpoS-gadW,rpoS,gadW,+,Strong
rpoS-pfkB,rpoS,pfkB,+,Strong
rpoS-pfkA,rpoS,pfkA,+,Strong
rpoS-crr,rpoS,crr,+,Strong
rpoS-pstC,rpoS,pstC,+,Strong
rpoS-ydbK,rpoS,ydbK,+,Strong
rpoS-dps,rpoS,dps,+,Strong
rpoS-ddpF,rpoS,ddpF,+,Weak
rpoS-ftsA,rpoS,ftsA,+,Strong
rpoS-pstB,rpoS,pstB,+,Strong
rpoS-yjcH,rpoS,yjcH,+,Strong
rpoS-yciE,rpoS,yciE,+,Weak
rpoS-mtnN,rpoS,mtnN,+,Strong
rpoS-wrbA,rpoS,wrbA,+,Strong
rpoS-csrA,rpoS,csrA,+,Strong
rpoS-ymgC,rpoS,ymgC,+,Strong
rpoS-araF,rpoS,araF,+,Strong
rpoS-folK,rpoS,folK,+,Strong
rpoS-ftsQ,rpoS,ftsQ,+,Strong
rpoS-ycgZ,rpoS,ycgZ,+,Strong
rpoS-yadS,rpoS,yadS,+,Strong
rpoS-araH,rpoS,araH,+,Strong
rpoS-yccJ,rpoS,yccJ,+,Strong
rpoS-yadV,rpoS,yadV,+,Strong
rpoS-ftsZ,rpoS,ftsZ,+,Strong
rpoS-gyrB,rpoS,gyrB,+,Strong
rpoS-hdfR,rpoS,hdfR,+,Weak
rpoS-yeiL,rpoS,yeiL,+,Strong
rpoS-nhaR,rpoS,nhaR,+,Strong
rpoS-sdsN,rpoS,sdsN,+,Strong
rpoS-proX,rpoS,proX,+,Strong
rpoS-proW,rpoS,proW,+,Strong
rpoS-proV,rpoS,proV,+,Strong
rpoS-ldcC,rpoS,ldcC,+,Weak
rpoS-proP,rpoS,proP,+,Strong
rpoS-nhaA,rpoS,nhaA,+,Strong
rpoS-envC,rpoS,envC,+,Strong
rpoS-luxS,rpoS,luxS,+,Strong
rpoS-speG,rpoS,speG,+,Strong
rpoS-ecnB,rpoS,ecnB,+,Strong
rpoS-ilvY,rpoS,ilvY,+,Strong
rpoS-ybiI,rpoS,ybiI,+,Strong
rpoS-gadF,rpoS,gadF,+,Strong
rpoS-btsT,rpoS,btsT,+,Strong
rpoS-gapA,rpoS,gapA,+,Strong
rpoS-rraA,rpoS,rraA,+,Strong
rpoS-ligA,rpoS,ligA,+,Strong
rpoS-aidB,rpoS,aidB,+,Strong
rpoS-appC,rpoS,appC,+,Weak
rpoS-puuP,rpoS,puuP,+,Strong
rpoS-speC,rpoS,speC,+,Weak
rpoS-hdeB,rpoS,hdeB,+,Strong
rpoS-cbpA,rpoS,cbpA,+,Strong
rpoS-murP,rpoS,murP,+,Strong
rpoS-murQ,rpoS,murQ,+,Strong
rpoS-cbpM,rpoS,cbpM,+,Strong
rpoS-dgcC,rpoS,dgcC,+,Strong
rpoS-ybaT,rpoS,ybaT,+,Strong
rpoS-gor,rpoS,gor,+,Weak
rpoS-treA,rpoS,treA,+,Strong
rpoS-asr,rpoS,asr,+,Strong
rpoS-ybjP,rpoS,ybjP,+,Strong
rpoS-gabP,rpoS,gabP,+,Strong
rpoS-sdhX,rpoS,sdhX,+,Strong
rpoS-murR,rpoS,murR,+,Strong
rpoS-cpxR,rpoS,cpxR,+,Weak
rpoS-glgA,rpoS,glgA,+,Strong
rpoS-hdeD,rpoS,hdeD,+,Strong
rpoS-ymbA,rpoS,ymbA,+,Strong
rpoS-hdeA,rpoS,hdeA,+,Strong
rpoS-yddG,rpoS,yddG,+,Strong
rpoS-hyaC,rpoS,hyaC,+,Strong
rpoS-yehX,rpoS,yehX,+,Strong
rpoS-rpoH,rpoS,rpoH,+,Strong
rpoS-cpxA,rpoS,cpxA,+,Weak
rpoS-blr,rpoS,blr,+,Strong
rpoS-bolA,rpoS,bolA,+,Strong
rpoS-sra,rpoS,sra,+,Strong
rpoS-oxyR,rpoS,oxyR,+,Strong
rpoS-b4459,rpoS,b4459,+,Strong
rpoS-msyB,rpoS,msyB,+,Strong
rpoS-recF,rpoS,recF,+,Strong
rpoS-b4452,rpoS,b4452,+,Strong
rpoS-araG,rpoS,araG,+,Strong
rpoS-acs,rpoS,acs,+,Strong
rpoS-sodC,rpoS,sodC,+,Strong
rpoS-metK,rpoS,metK,+,Strong
rpoS-patD,rpoS,patD,+,Strong
rpoS-lhgD,rpoS,lhgD,+,Strong
rpoS-yabI,rpoS,yabI,+,Strong
rpoS-gltB,rpoS,gltB,+,Strong
rpoS-gltD,rpoS,gltD,+,Strong
rpoS-blc,rpoS,blc,+,Strong
rpoS-gltF,rpoS,gltF,+,Strong
rpoS-artQ,rpoS,artQ,+,Strong
rpoS-artP,rpoS,artP,+,Strong
rpoS-htrE,rpoS,htrE,+,Strong
rpoS-ydcS,rpoS,ydcS,+,Strong
rpoS-rpoE,rpoS,rpoE,+,Strong
rpoS-baeR,rpoS,baeR,+,Weak
rpoS-appX,rpoS,appX,+,Weak
rpoS-yggE,rpoS,yggE,+,Strong
rpoS-astA,rpoS,astA,+,Strong
rpoS-astB,rpoS,astB,+,Strong
rpoS-astC,rpoS,astC,+,Strong
rpoS-astD,rpoS,astD,+,Strong
rpoS-astE,rpoS,astE,+,Strong
rpoS-pgi,rpoS,pgi,+,Strong
rpoS-dkgB,rpoS,dkgB,+,Weak
rpoS-sohB,rpoS,sohB,+,Weak
rpoS-puuB,rpoS,puuB,+,Strong
rpoS-dkgA,rpoS,dkgA,+,Strong
rpoS-ddpC,rpoS,ddpC,+,Weak
rpoS-pabA,rpoS,pabA,+,Strong
rpoS-artI,rpoS,artI,+,Strong
rpoS-insI1,rpoS,insI1,+,Strong
rpoS-ppx,rpoS,ppx,+,Strong
rpoS-artM,rpoS,artM,+,Strong
rpoS-uspB,rpoS,uspB,+,Strong
rpoS-appA,rpoS,appA,+,Weak
rpoS-baeS,rpoS,baeS,+,Weak
rpoS-b4587,rpoS,b4587,+,Strong
rpoS-yehY,rpoS,yehY,+,Strong
rpoS-dinB,rpoS,dinB,+,Weak
rpoS-mutS,rpoS,mutS,+,Strong
rpoS-ybgA,rpoS,ybgA,+,Strong
rpoS-pykF,rpoS,pykF,+,Strong
rpoS-yhjG,rpoS,yhjG,+,Strong
rpoS-fbaB,rpoS,fbaB,+,Strong
rpoS-fbaA,rpoS,fbaA,+,Strong
rpoS-ynfH,rpoS,ynfH,+,Strong
rpoS-ynfG,rpoS,ynfG,+,Strong
rpoS-ynfF,rpoS,ynfF,+,Strong
rpoS-ynfE,rpoS,ynfE,+,Strong
rpoS-ravA,rpoS,ravA,+,Strong
rpoS-ynfB,rpoS,ynfB,+,Strong
rpoS-pykA,rpoS,pykA,+,Strong
rpoS-insCD5,rpoS,insCD5,+,Strong
rpoS-tpiA,rpoS,tpiA,+,Strong
rpoS-ygfA,rpoS,ygfA,+,Strong
rpoS-phoU,rpoS,phoU,+,Strong
rpoS-insC5,rpoS,insC5,+,Strong
rpoS-idlP,rpoS,idlP,+,Strong
rpoS-rsd,rpoS,rsd,+,Strong
rpoS-puuC,rpoS,puuC,+,Strong
rpoS-puuA,rpoS,puuA,+,Strong
rpoS-hmp,rpoS,hmp,+,Strong
rpoS-hofO,rpoS,hofO,+,Weak
rpoS-puuD,rpoS,puuD,+,Strong
rpoS-puuE,rpoS,puuE,+,Strong
rpoS-mdtC,rpoS,mdtC,+,Weak
rpoS-mdtB,rpoS,mdtB,+,Weak
rpoS-mdtA,rpoS,mdtA,+,Weak
rpoS-yafO,rpoS,yafO,+,Weak
rpoS-mdtF,rpoS,mdtF,+,Strong
rpoS-mdtE,rpoS,mdtE,+,Strong
rpoS-yffP,rpoS,yffP,+,Strong
rpoS-ihfA,rpoS,ihfA,+,Strong
rpoS-znuA,rpoS,znuA,+,Weak
rpoS-cfa,rpoS,cfa,+,Strong
rpoS-mlrA,rpoS,mlrA,+,Strong
rpoS-pphA,rpoS,pphA,+,Strong
rpoS-glgP,rpoS,glgP,+,Strong
rpoS-b4438,rpoS,b4438,+,Strong
rpoS-b4439,rpoS,b4439,+,Strong
rpoS-appB,rpoS,appB,+,Weak
rpoS-osmF,rpoS,osmF,+,Strong
rpoS-ymiC,rpoS,ymiC,+,Strong
rpoS-b4433,rpoS,b4433,+,Strong
rpoS-ihfB,rpoS,ihfB,+,Strong
rpoS-mglC,rpoS,mglC,+,Weak
rpoS-yffO,rpoS,yffO,+,Strong
rpoS-puuR,rpoS,puuR,+,Strong
rpoS-glaH,rpoS,glaH,+,Strong
rpoS-glgS,rpoS,glgS,+,Strong
rpoS-yqiH,rpoS,yqiH,+,Strong
rpoS-yiaG,rpoS,yiaG,+,Strong
rpoS-ymjE,rpoS,ymjE,+,Strong
rpoS-csgG,rpoS,csgG,+,Strong
rpoS-csgF,rpoS,csgF,+,Strong
rpoS-csgE,rpoS,csgE,+,Strong
rpoS-csgD,rpoS,csgD,+,Strong
rpoS-csgC,rpoS,csgC,+,Strong
rpoS-pdeR,rpoS,pdeR,+,Strong
rpoS-csgA,rpoS,csgA,+,Strong
rpoS-dnaN,rpoS,dnaN,+,Strong
rpoS-mnmG,rpoS,mnmG,+,Strong
rpoS-mdtD,rpoS,mdtD,+,Weak
rpoS-glgC,rpoS,glgC,+,Strong
rpoS-hyaE,rpoS,hyaE,+,Strong
rpoS-actP,rpoS,actP,+,Strong
rpoS-pdhR,rpoS,pdhR,+,Strong
rpoS-osmC,rpoS,osmC,+,Strong
rpoS-insD5,rpoS,insD5,+,Strong
rpoS-tolC,rpoS,tolC,+,Strong
rpoS-galM,rpoS,galM,+,Strong
rpoS-osmB,rpoS,osmB,+,Strong
rpoS-iraD,rpoS,iraD,+,Strong
rpoS-rseB,rpoS,rseB,+,Strong
rpoS-pqiB,rpoS,pqiB,+,Strong
rpoS-tam,rpoS,tam,+,Strong
rpoS-ymgA,rpoS,ymgA,+,Strong
rpoS-pqiA,rpoS,pqiA,+,Strong
rpoS-viaA,rpoS,viaA,+,Strong
rpoS-ygiC,rpoS,ygiC,+,Strong
rpoS-patA,rpoS,patA,+,Strong
rpoS-mglB,rpoS,mglB,+,Weak
rpoS-gpmA,rpoS,gpmA,+,Strong
rpoS-ddpX,rpoS,ddpX,+,Weak
rpoS-yciG,rpoS,yciG,+,Weak
rpoS-glk,rpoS,glk,+,Strong
rpoS-gpmI,rpoS,gpmI,+,Strong
rpoS-aceF,rpoS,aceF,+,Strong
rpoS-aceE,rpoS,aceE,+,Strong
rpoS-eno,rpoS,eno,+,Strong
rpoS-sgrT,rpoS,sgrT,+,Strong
rpoS-yehW,rpoS,yehW,+,Strong
rpoS-bsmA,rpoS,bsmA,+,Strong
rpoS-ansP,rpoS,ansP,+,Strong
rpoS-adhE,rpoS,adhE,+,Strong
rpoS-yihG,rpoS,yihG,+,Strong
rpoS-ddpD,rpoS,ddpD,+,Weak
rpoS-csiE,rpoS,csiE,+,Strong
rpoS-ydcT,rpoS,ydcT,+,Strong
rpoS-ydcU,rpoS,ydcU,+,Strong
rpoS-ddpA,rpoS,ddpA,+,Weak
rpoS-ddpB,rpoS,ddpB,+,Weak
rpoS-galK,rpoS,galK,+,Strong
rpoS-galT,rpoS,galT,+,Strong
rpoS-narU,rpoS,narU,+,Weak
rpoS-yqiG,rpoS,yqiG,+,Strong
rpoS-yciF,rpoS,yciF,+,Weak
rpoS-setA,rpoS,setA,+,Strong
rpoS-ygiB,rpoS,ygiB,+,Strong
rpoS-gabT,rpoS,gabT,+,Strong
rpoS-pgk,rpoS,pgk,+,Strong
rpoS-alkB,rpoS,alkB,+,Strong
rpoS-ytfK,rpoS,ytfK,+,Strong
rpoS-yhfG,rpoS,yhfG,+,Strong
rpoS-otsA,rpoS,otsA,+,Strong
rpoS-ydhY,rpoS,ydhY,+,Strong
rpoS-ydhX,rpoS,ydhX,+,Strong
rpoS-talA,rpoS,talA,+,Strong
rpoS-otsB,rpoS,otsB,+,Strong
rpoS-alkA,rpoS,alkA,+,Strong
rpoS-xapB,rpoS,xapB,+,Strong
rpoS-phr,rpoS,phr,+,Strong
rpoS-gabD,rpoS,gabD,+,Strong
rpoS-treF,rpoS,treF,+,Strong
rpoS-ydhW,rpoS,ydhW,+,Strong
rpoS-ydhV,rpoS,ydhV,+,Strong
rpoS-ydhU,rpoS,ydhU,+,Strong
rpoS-ydhT,rpoS,ydhT,+,Strong
rpoS-hyaB,rpoS,hyaB,+,Strong
rpoS-mglA,rpoS,mglA,+,Weak
rpoS-yafN,rpoS,yafN,+,Weak
rpoS-hyaA,rpoS,hyaA,+,Strong
rpoS-hyaF,rpoS,hyaF,+,Strong
rpoS-hofM,rpoS,hofM,+,Weak
rpoS-hyaD,rpoS,hyaD,+,Strong
rpoS-rssA,rpoS,rssA,+,Strong
rpoS-acnA,rpoS,acnA,+,Strong
rpoS-yhiM,rpoS,yhiM,+,Weak
rpoS-rssB,rpoS,rssB,+,Strong
rpoS-sucA,rpoS,sucA,+,Strong
rpoS-xthA,rpoS,xthA,+,Strong
rpoS-sucC,rpoS,sucC,+,Strong
rpoS-sucB,rpoS,sucB,+,Strong
rpoS-sucD,rpoS,sucD,+,Strong
rpoS-ppk,rpoS,ppk,+,Strong
rpoS-topA,rpoS,topA,+,Strong
rpoS-epd,rpoS,epd,+,Strong
rpoS-lpd,rpoS,lpd,+,Strong
rpoS-yafP,rpoS,yafP,+,Weak
rpoS-hofP,rpoS,hofP,+,Weak
rpoS-ydbD,rpoS,ydbD,+,Weak
rpoS-yqiI,rpoS,yqiI,+,Strong
rpoE-rsmA,rpoE,rsmA,+,Weak
rpoE-rseP,rpoE,rseP,+,Strong
rpoE-rseB,rpoE,rseB,+,Strong
rpoE-rseC,rpoE,rseC,+,Strong
rpoE-rseA,rpoE,rseA,+,Strong
rpoE-rflP,rpoE,rflP,+,Weak
rpoE-clpX,rpoE,clpX,+,Strong
rpoE-skp,rpoE,skp,+,Strong
rpoE-yhjJ,rpoE,yhjJ,+,Strong
rpoE-sgbE,rpoE,sgbE,+,Strong
rpoE-wzb,rpoE,wzb,+,Strong
rpoE-wzc,rpoE,wzc,+,Strong
rpoE-wza,rpoE,wza,+,Strong
rpoE-psd,rpoE,psd,+,Strong
rpoE-plsB,rpoE,plsB,+,Strong
rpoE-ptsN,rpoE,ptsN,+,Strong
rpoE-gspB,rpoE,gspB,+,Strong
rpoE-gspA,rpoE,gspA,+,Strong
rpoE-yieE,rpoE,yieE,+,Strong
rpoE-yeaY,rpoE,yeaY,+,Strong
rpoE-yieF,rpoE,yieF,+,Strong
rpoE-eptB,rpoE,eptB,+,Strong
rpoE-yfgD,rpoE,yfgD,+,Strong
rpoE-waaF,rpoE,waaF,+,Strong
rpoE-rnhB,rpoE,rnhB,+,Strong
rpoE-waaL,rpoE,waaL,+,Strong
rpoE-yfeX,rpoE,yfeX,+,Strong
rpoE-hcr,rpoE,hcr,+,Strong
rpoE-hcp,rpoE,hcp,+,Strong
rpoE-ybaB,rpoE,ybaB,+,Strong
rpoE-opgG,rpoE,opgG,+,Strong
rpoE-dolP,rpoE,dolP,+,Strong
rpoE-opgH,rpoE,opgH,+,Strong
rpoE-sixA,rpoE,sixA,+,Strong
rpoE-ytfJ,rpoE,ytfJ,+,Strong
rpoE-prfB,rpoE,prfB,+,Strong
rpoE-mzrA,rpoE,mzrA,+,Strong
rpoE-hokE,rpoE,hokE,+,Weak
rpoE-rpoE,rpoE,rpoE,+,Strong
rpoE-rpoD,rpoE,rpoD,+,Strong
rpoE-rpoH,rpoE,rpoH,+,Strong
rpoE-uspD,rpoE,uspD,+,Strong
rpoE-rpoN,rpoE,rpoN,+,Strong
rpoE-recJ,rpoE,recJ,+,Strong
rpoE-yicJ,rpoE,yicJ,+,Strong
rpoE-yicI,rpoE,yicI,+,Strong
rpoE-uppP,rpoE,uppP,+,Strong
rpoE-sbmA,rpoE,sbmA,+,Strong
rpoE-yqjA,rpoE,yqjA,+,Strong
rpoE-lpxB,rpoE,lpxB,+,Strong
rpoE-lpxD,rpoE,lpxD,+,Strong
rpoE-bepA,rpoE,bepA,+,Strong
rpoE-micA,rpoE,micA,+,Strong
rpoE-recR,rpoE,recR,+,Strong
rpoE-ibaG,rpoE,ibaG,+,Weak
rpoE-yggN,rpoE,yggN,+,Strong
rpoE-apaH,rpoE,apaH,+,Weak
rpoE-yfeK,rpoE,yfeK,+,Strong
rpoE-apaG,rpoE,apaG,+,Weak
rpoE-yfeS,rpoE,yfeS,+,Strong
rpoE-sgbU,rpoE,sgbU,+,Strong
rpoE-yiiS,rpoE,yiiS,+,Strong
rpoE-yfeY,rpoE,yfeY,+,Strong
rpoE-rzpD,rpoE,rzpD,+,Strong
rpoE-degP,rpoE,degP,+,Strong
rpoE-bamD,rpoE,bamD,+,Strong
rpoE-bamE,rpoE,bamE,+,Strong
rpoE-lon,rpoE,lon,+,Strong
rpoE-bamA,rpoE,bamA,+,Strong
rpoE-bamB,rpoE,bamB,+,Strong
rpoE-bamC,rpoE,bamC,+,Strong
rpoE-ahpF,rpoE,ahpF,+,Strong
rpoE-mscM,rpoE,mscM,+,Strong
rpoE-yaiW,rpoE,yaiW,+,Strong
rpoE-narW,rpoE,narW,+,Strong
rpoE-bhsA,rpoE,bhsA,+,Strong
rpoE-malQ,rpoE,malQ,+,Strong
rpoE-greA,rpoE,greA,+,Strong
rpoE-fabZ,rpoE,fabZ,+,Strong
rpoE-b4438,rpoE,b4438,+,Strong
rpoE-der,rpoE,der,+,Strong
rpoE-ftnB,rpoE,ftnB,+,Strong
rpoE-micL,rpoE,micL,+,Strong
rpoE-dnaE,rpoE,dnaE,+,Strong
rpoE-lpxA,rpoE,lpxA,+,Strong
rpoE-yiaK,rpoE,yiaK,+,Strong
rpoE-yiaM,rpoE,yiaM,+,Strong
rpoE-yiaL,rpoE,yiaL,+,Strong
rpoE-yiaO,rpoE,yiaO,+,Strong
rpoE-yiaN,rpoE,yiaN,+,Strong
rpoE-rutR,rpoE,rutR,+,Strong
rpoE-hldD,rpoE,hldD,+,Strong
rpoE-rnlB,rpoE,rnlB,+,Strong
rpoE-narV,rpoE,narV,+,Strong
rpoE-lyx,rpoE,lyx,+,Strong
rpoE-sgbH,rpoE,sgbH,+,Strong
rpoE-tufA,rpoE,tufA,+,Strong
rpoE-rrrD,rpoE,rrrD,+,Strong
rpoE-rapZ,rpoE,rapZ,+,Strong
rpoE-ygiM,rpoE,ygiM,+,Strong
rpoE-yidQ,rpoE,yidQ,+,Strong
rpoE-fkpA,rpoE,fkpA,+,Strong
rpoE-dsbC,rpoE,dsbC,+,Strong
rpoE-hpf,rpoE,hpf,+,Strong
rpoE-lhr,rpoE,lhr,+,Strong
rpoE-ydhK,rpoE,ydhK,+,Strong
rpoE-ydhJ,rpoE,ydhJ,+,Strong
rpoE-ydhI,rpoE,ydhI,+,Strong
rpoE-lpxP,rpoE,lpxP,+,Strong
rpoE-rfaC,rpoE,rfaC,+,Strong
rpoE-b4417,rpoE,b4417,+,Strong
rpoE-yghF,rpoE,yghF,+,Strong
rpoE-surA,rpoE,surA,+,Strong
rpoE-pdxA,rpoE,pdxA,+,Strong
rpoE-insK,rpoE,insK,+,Weak
rpoE-ybfG,rpoE,ybfG,+,Strong
rpoE-essD,rpoE,essD,+,Strong
rpoE-fusA,rpoE,fusA,+,Strong
rpoE-lptD,rpoE,lptD,+,Strong
rpoE-cca,rpoE,cca,+,Strong
rpoE-lptA,rpoE,lptA,+,Strong
rpoE-lptB,rpoE,lptB,+,Strong
rpoD-xapA,rpoD,xapA,+,Strong
rpoD-xapB,rpoD,xapB,+,Strong
rpoD-xapR,rpoD,xapR,+,Strong
rpoD-xseA,rpoD,xseA,+,Strong
rpoD-speD,rpoD,speD,+,Strong
rpoD-speE,rpoD,speE,+,Strong
rpoD-speB,rpoD,speB,+,Weak
rpoD-speA,rpoD,speA,+,Weak
rpoD-frdA,rpoD,frdA,+,Strong
rpoD-frdB,rpoD,frdB,+,Strong
rpoD-frdC,rpoD,frdC,+,Strong
rpoD-frdD,rpoD,frdD,+,Strong
rpoD-hchA,rpoD,hchA,+,Strong
rpoD-pgpB,rpoD,pgpB,+,Strong
rpoD-pgpA,rpoD,pgpA,+,Strong
rpoD-kbaY,rpoD,kbaY,+,Strong
rpoD-kbaZ,rpoD,kbaZ,+,Strong
rpoD-cmk,rpoD,cmk,+,Strong
rpoD-upp,rpoD,upp,+,Strong
rpoD-bluF,rpoD,bluF,+,Strong
rpoD-bluR,rpoD,bluR,+,Strong
rpoD-xseB,rpoD,xseB,+,Weak
rpoD-entA,rpoD,entA,+,Strong
rpoD-entC,rpoD,entC,+,Strong
rpoD-entB,rpoD,entB,+,Strong
rpoD-entE,rpoD,entE,+,Strong
rpoD-entD,rpoD,entD,+,Strong
rpoD-entF,rpoD,entF,+,Strong
rpoD-entH,rpoD,entH,+,Strong
rpoD-yacC,rpoD,yacC,+,Strong
rpoD-entS,rpoD,entS,+,Strong
rpoD-fecI,rpoD,fecI,+,Strong
rpoD-rcsA,rpoD,rcsA,+,Strong
rpoD-rcsB,rpoD,rcsB,+,Strong
rpoD-rcsD,rpoD,rcsD,+,Strong
rpoD-lacA,rpoD,lacA,+,Strong
rpoD-uspA,rpoD,uspA,+,Strong
rpoD-gltX,rpoD,gltX,+,Strong
rpoD-glk,rpoD,glk,+,Strong
rpoD-grcA,rpoD,grcA,+,Strong
rpoD-gltI,rpoD,gltI,+,Weak
rpoD-gpsA,rpoD,gpsA,+,Strong
rpoD-gltK,rpoD,gltK,+,Weak
rpoD-gltJ,rpoD,gltJ,+,Weak
rpoD-gltL,rpoD,gltL,+,Weak
rpoD-gltA,rpoD,gltA,+,Strong
rpoD-cspD,rpoD,cspD,+,Strong
rpoD-cspE,rpoD,cspE,+,Strong
rpoD-cspB,rpoD,cspB,+,Strong
rpoD-gltD,rpoD,gltD,+,Strong
rpoD-gltF,rpoD,gltF,+,Strong
rpoD-b4134,rpoD,b4134,+,Weak
rpoD-sgbH,rpoD,sgbH,+,Strong
rpoD-glgA,rpoD,glgA,+,Strong
rpoD-sgbE,rpoD,sgbE,+,Strong
rpoD-sgbU,rpoD,sgbU,+,Strong
rpoD-ymiA,rpoD,ymiA,+,Strong
rpoD-fbaA,rpoD,fbaA,+,Strong
rpoD-b0673,rpoD,b0673,+,Weak
rpoD-b4007,rpoD,b4007,+,Weak
rpoD-ddlB,rpoD,ddlB,+,Strong
rpoD-b4008,rpoD,b4008,+,Weak
rpoD-era,rpoD,era,+,Strong
rpoD-mnmG,rpoD,mnmG,+,Strong
rpoD-gatY,rpoD,gatY,+,Strong
rpoD-gatZ,rpoD,gatZ,+,Strong
rpoD-glgX,rpoD,glgX,+,Strong
rpoD-gatD,rpoD,gatD,+,Strong
rpoD-gatA,rpoD,gatA,+,Strong
rpoD-gatB,rpoD,gatB,+,Strong
rpoD-gatC,rpoD,gatC,+,Strong
rpoD-eno,rpoD,eno,+,Strong
rpoD-amiA,rpoD,amiA,+,Strong
rpoD-amiB,rpoD,amiB,+,Strong
rpoD-kdpA,rpoD,kdpA,+,Strong
rpoD-kdpC,rpoD,kdpC,+,Strong
rpoD-kdpB,rpoD,kdpB,+,Strong
rpoD-kdpF,rpoD,kdpF,+,Strong
rpoD-yhiD,rpoD,yhiD,+,Strong
rpoD-argC,rpoD,argC,+,Strong
rpoD-hslJ,rpoD,hslJ,+,Strong
rpoD-yjeF,rpoD,yjeF,+,Strong
rpoD-adiA,rpoD,adiA,+,Strong
rpoD-arcA,rpoD,arcA,+,Strong
rpoD-b3851,rpoD,b3851,+,Strong
rpoD-fadR,rpoD,fadR,+,Strong
rpoD-fadB,rpoD,fadB,+,Strong
rpoD-fadA,rpoD,fadA,+,Strong
rpoD-fadD,rpoD,fadD,+,Strong
rpoD-creA,rpoD,creA,+,Weak
rpoD-fadI,rpoD,fadI,+,Weak
rpoD-creC,rpoD,creC,+,Weak
rpoD-creD,rpoD,creD,+,Weak
rpoD-inaA,rpoD,inaA,+,Weak
rpoD-fis,rpoD,fis,+,Strong
rpoD-ompR,rpoD,ompR,+,Strong
rpoD-fiu,rpoD,fiu,+,Weak
rpoD-rirA,rpoD,rirA,+,Strong
rpoD-ompX,rpoD,ompX,+,Strong
rpoD-ompF,rpoD,ompF,+,Strong
rpoD-ompA,rpoD,ompA,+,Strong
rpoD-ompC,rpoD,ompC,+,Strong
rpoD-ompN,rpoD,ompN,+,Weak
rpoD-decR,rpoD,decR,+,Weak
rpoD-srlB,rpoD,srlB,+,Strong
rpoD-srlA,rpoD,srlA,+,Strong
rpoD-srlE,rpoD,srlE,+,Strong
rpoD-srlD,rpoD,srlD,+,Strong
rpoD-gcvP,rpoD,gcvP,+,Strong
rpoD-gcvR,rpoD,gcvR,+,Strong
rpoD-gcvT,rpoD,gcvT,+,Strong
rpoD-hemH,rpoD,hemH,+,Strong
rpoD-gcvH,rpoD,gcvH,+,Strong
rpoD-srlR,rpoD,srlR,+,Strong
rpoD-tnaB,rpoD,tnaB,+,Strong
rpoD-gcvA,rpoD,gcvA,+,Strong
rpoD-b2189,rpoD,b2189,+,Weak
rpoD-ftsA,rpoD,ftsA,+,Strong
rpoD-ftsL,rpoD,ftsL,+,Strong
rpoD-ftsK,rpoD,ftsK,+,Strong
rpoD-ftsI,rpoD,ftsI,+,Strong
rpoD-safA,rpoD,safA,+,Strong
rpoD-ftsW,rpoD,ftsW,+,Strong
rpoD-ftsQ,rpoD,ftsQ,+,Strong
rpoD-ftsZ,rpoD,ftsZ,+,Strong
rpoD-flhD,rpoD,flhD,+,Strong
rpoD-mdh,rpoD,mdh,+,Strong
rpoD-b3969,rpoD,b3969,+,Strong
rpoD-b3968,rpoD,b3968,+,Strong
rpoD-fepC,rpoD,fepC,+,Strong
rpoD-fepB,rpoD,fepB,+,Strong
rpoD-fepA,rpoD,fepA,+,Strong
rpoD-fepG,rpoD,fepG,+,Strong
rpoD-fepE,rpoD,fepE,+,Strong
rpoD-fepD,rpoD,fepD,+,Strong
rpoD-aidB,rpoD,aidB,+,Strong
rpoD-csqR,rpoD,csqR,+,Strong
rpoD-sfsA,rpoD,sfsA,+,Weak
rpoD-gor,rpoD,gor,+,Weak
rpoD-prfA,rpoD,prfA,+,Strong
rpoD-prfC,rpoD,prfC,+,Strong
rpoD-dcuD,rpoD,dcuD,+,Weak
rpoD-cynR,rpoD,cynR,+,Strong
rpoD-dcuA,rpoD,dcuA,+,Strong
rpoD-dcuB,rpoD,dcuB,+,Strong
rpoD-degS,rpoD,degS,+,Strong
rpoD-sodB,rpoD,sodB,+,Strong
rpoD-sodA,rpoD,sodA,+,Strong
rpoD-dcuR,rpoD,dcuR,+,Strong
rpoD-dcuS,rpoD,dcuS,+,Strong
rpoD-oxyR,rpoD,oxyR,+,Strong
rpoD-fixX,rpoD,fixX,+,Strong
rpoD-umuD,rpoD,umuD,+,Strong
rpoD-umuC,rpoD,umuC,+,Strong
rpoD-ybbY,rpoD,ybbY,+,Weak
rpoD-ybbW,rpoD,ybbW,+,Weak
rpoD-fixC,rpoD,fixC,+,Strong
rpoD-fixB,rpoD,fixB,+,Strong
rpoD-fixA,rpoD,fixA,+,Strong
rpoD-glyS,rpoD,glyS,+,Strong
rpoD-glyQ,rpoD,glyQ,+,Strong
rpoD-glyX,rpoD,glyX,+,Weak
rpoD-glyA,rpoD,glyA,+,Strong
rpoD-pflA,rpoD,pflA,+,Strong
rpoD-exbB,rpoD,exbB,+,Weak
rpoD-exbD,rpoD,exbD,+,Weak
rpoD-ynfH,rpoD,ynfH,+,Strong
rpoD-ynfG,rpoD,ynfG,+,Strong
rpoD-ynfF,rpoD,ynfF,+,Strong
rpoD-ynfE,rpoD,ynfE,+,Strong
rpoD-tcyJ,rpoD,tcyJ,+,Strong
rpoD-idlP,rpoD,idlP,+,Strong
rpoD-qseC,rpoD,qseC,+,Strong
rpoD-qseB,rpoD,qseB,+,Strong
rpoD-treC,rpoD,treC,+,Strong
rpoD-treB,rpoD,treB,+,Strong
rpoD-msrB,rpoD,msrB,+,Strong
rpoD-treR,rpoD,treR,+,Strong
rpoD-mlrA,rpoD,mlrA,+,Strong
rpoD-ydfE,rpoD,ydfE,+,Weak
rpoD-ydfD,rpoD,ydfD,+,Weak
rpoD-ydfA,rpoD,ydfA,+,Strong
rpoD-ydfC,rpoD,ydfC,+,Strong
rpoD-ydfB,rpoD,ydfB,+,Strong
rpoD-ydfN,rpoD,ydfN,+,Weak
rpoD-ydfW,rpoD,ydfW,+,Strong
rpoD-ydfX,rpoD,ydfX,+,Strong
rpoD-obgE,rpoD,obgE,+,Strong
rpoD-pdhR,rpoD,pdhR,+,Strong
rpoD-pqiB,rpoD,pqiB,+,Strong
rpoD-pqiA,rpoD,pqiA,+,Strong
rpoD-b4010,rpoD,b4010,+,Weak
rpoD-b0536,rpoD,b0536,+,Weak
rpoD-adhE,rpoD,adhE,+,Strong
rpoD-yhhY,rpoD,yhhY,+,Weak
rpoD-yfdE,rpoD,yfdE,+,Strong
rpoD-yfdX,rpoD,yfdX,+,Strong
rpoD-uxaA,rpoD,uxaA,+,Weak
rpoD-fecR,rpoD,fecR,+,Strong
rpoD-yfdV,rpoD,yfdV,+,Strong
rpoD-uxaB,rpoD,uxaB,+,Strong
rpoD-uxaC,rpoD,uxaC,+,Weak
rpoD-gloA,rpoD,gloA,+,Strong
rpoD-nei,rpoD,nei,+,Strong
rpoD-yafQ,rpoD,yafQ,+,Weak
rpoD-flgM,rpoD,flgM,+,Weak
rpoD-lpd,rpoD,lpd,+,Strong
rpoD-sroD,rpoD,sroD,+,Strong
rpoD-acnB,rpoD,acnB,+,Strong
rpoD-sroC,rpoD,sroC,+,Weak
rpoD-sroA,rpoD,sroA,+,Weak
rpoD-pka,rpoD,pka,+,Strong
rpoD-menA,rpoD,menA,+,Strong
rpoD-aldA,rpoD,aldA,+,Strong
rpoD-xylE,rpoD,xylE,+,Weak
rpoD-priB,rpoD,priB,+,Strong
rpoD-wzb,rpoD,wzb,+,Strong
rpoD-wzc,rpoD,wzc,+,Strong
rpoD-wza,rpoD,wza,+,Strong
rpoD-hicB,rpoD,hicB,+,Strong
rpoD-mepH,rpoD,mepH,+,Weak
rpoD-alaC,rpoD,alaC,+,Weak
rpoD-yebE,rpoD,yebE,+,Strong
rpoD-yebG,rpoD,yebG,+,Weak
rpoD-yebB,rpoD,yebB,+,Weak
rpoD-yebC,rpoD,yebC,+,Weak
rpoD-wzzE,rpoD,wzzE,+,Weak
rpoD-dctA,rpoD,dctA,+,Strong
rpoD-dctR,rpoD,dctR,+,Strong
rpoD-b3756,rpoD,b3756,+,Weak
rpoD-b3757,rpoD,b3757,+,Weak
rpoD-b3758,rpoD,b3758,+,Weak
rpoD-b3759,rpoD,b3759,+,Weak
rpoD-b2404,rpoD,b2404,+,Weak
rpoD-b2401,rpoD,b2401,+,Weak
rpoD-b2403,rpoD,b2403,+,Weak
rpoD-b2402,rpoD,b2402,+,Weak
rpoD-b3978,rpoD,b3978,+,Weak
rpoD-b3979,rpoD,b3979,+,Weak
rpoD-b3970,rpoD,b3970,+,Strong
rpoD-pitB,rpoD,pitB,+,Weak
rpoD-b3976,rpoD,b3976,+,Weak
rpoD-b3977,rpoD,b3977,+,Weak
rpoD-b2083,rpoD,b2083,+,Strong
rpoD-sraG,rpoD,sraG,+,Strong
rpoD-rimP,rpoD,rimP,+,Strong
rpoD-fnr,rpoD,fnr,+,Strong
rpoD-b4704,rpoD,b4704,+,Weak
rpoD-rimM,rpoD,rimM,+,Strong
rpoD-rimK,rpoD,rimK,+,Strong
rpoD-ETS,rpoD,ETS,+,Weak
rpoD-putP,rpoD,putP,+,Strong
rpoD-putA,rpoD,putA,+,Strong
rpoD-b1986,rpoD,b1986,+,Weak
rpoD-b1989,rpoD,b1989,+,Weak
rpoD-frc,rpoD,frc,+,Strong
rpoD-tonB,rpoD,tonB,+,Strong
rpoD-frr,rpoD,frr,+,Strong
rpoD-znuC,rpoD,znuC,+,Strong
rpoD-znuB,rpoD,znuB,+,Strong
rpoD-slp,rpoD,slp,+,Strong
rpoD-gnd,rpoD,gnd,+,Strong
rpoD-hupB,rpoD,hupB,+,Strong
rpoD-prs,rpoD,prs,+,Strong
rpoD-hldD,rpoD,hldD,+,Strong
rpoD-insD7,rpoD,insD7,+,Weak
rpoD-gpmA,rpoD,gpmA,+,Strong
rpoD-glnL,rpoD,glnL,+,Strong
rpoD-glnB,rpoD,glnB,+,Strong
rpoD-glnA,rpoD,glnA,+,Strong
rpoD-glnG,rpoD,glnG,+,Strong
rpoD-gadE,rpoD,gadE,+,Strong
rpoD-glnS,rpoD,glnS,+,Strong
rpoD-glnQ,rpoD,glnQ,+,Weak
rpoD-cynX,rpoD,cynX,+,Strong
rpoD-cynT,rpoD,cynT,+,Strong
rpoD-dadA,rpoD,dadA,+,Strong
rpoD-cynS,rpoD,cynS,+,Strong
rpoD-glxR,rpoD,glxR,+,Weak
rpoD-dadX,rpoD,dadX,+,Strong
rpoD-glxK,rpoD,glxK,+,Weak
rpoD-gadC,rpoD,gadC,+,Strong
rpoD-gltB,rpoD,gltB,+,Strong
rpoD-cspC,rpoD,cspC,+,Strong
rpoD-epd,rpoD,epd,+,Strong
rpoD-cspA,rpoD,cspA,+,Strong
rpoD-amyA,rpoD,amyA,+,Weak
rpoD-topA,rpoD,topA,+,Strong
rpoD-fadJ,rpoD,fadJ,+,Weak
rpoD-rsmG,rpoD,rsmG,+,Strong
rpoD-rsmH,rpoD,rsmH,+,Strong
rpoD-ychO,rpoD,ychO,+,Weak
rpoD-rnc,rpoD,rnc,+,Strong
rpoD-rnb,rpoD,rnb,+,Strong
rpoD-gadF,rpoD,gadF,+,Strong
rpoD-gadA,rpoD,gadA,+,Strong
rpoD-rne,rpoD,rne,+,Strong
rpoD-rnd,rpoD,rnd,+,Strong
rpoD-gadX,rpoD,gadX,+,Strong
rpoD-stpA,rpoD,stpA,+,Strong
rpoD-mioC,rpoD,mioC,+,Strong
rpoD-araB,rpoD,araB,+,Strong
rpoD-araC,rpoD,araC,+,Strong
rpoD-araA,rpoD,araA,+,Strong
rpoD-araF,rpoD,araF,+,Strong
rpoD-araG,rpoD,araG,+,Strong
rpoD-araD,rpoD,araD,+,Strong
rpoD-araE,rpoD,araE,+,Strong
rpoD-araJ,rpoD,araJ,+,Strong
rpoD-araH,rpoD,araH,+,Strong
rpoD-cedA,rpoD,cedA,+,Weak
rpoD-ygeA,rpoD,ygeA,+,Strong
rpoD-fruK,rpoD,fruK,+,Weak
rpoD-cirA,rpoD,cirA,+,Strong
rpoD-fruB,rpoD,fruB,+,Weak
rpoD-fruA,rpoD,fruA,+,Weak
rpoD-rraB,rpoD,rraB,+,Strong
rpoD-rraA,rpoD,rraA,+,Strong
rpoD-fhuD,rpoD,fhuD,+,Weak
rpoD-rffM,rpoD,rffM,+,Weak
rpoD-deaD,rpoD,deaD,+,Strong
rpoD-ypfN,rpoD,ypfN,+,Strong
rpoD-opgG,rpoD,opgG,+,Strong
rpoD-fhuA,rpoD,fhuA,+,Weak
rpoD-opgH,rpoD,opgH,+,Strong
rpoD-sixA,rpoD,sixA,+,Strong
rpoD-fhuB,rpoD,fhuB,+,Weak
rpoD-adeD,rpoD,adeD,+,Strong
rpoD-hdeD,rpoD,hdeD,+,Strong
rpoD-hdeB,rpoD,hdeB,+,Strong
rpoD-hdeA,rpoD,hdeA,+,Strong
rpoD-ribA,rpoD,ribA,+,Strong
rpoD-ribE,rpoD,ribE,+,Strong
rpoD-ribD,rpoD,ribD,+,Strong
rpoD-ribF,rpoD,ribF,+,Strong
rpoD-bolA,rpoD,bolA,+,Strong
rpoD-pheA,rpoD,pheA,+,Strong
rpoD-corA,rpoD,corA,+,Weak
rpoD-yqjA,rpoD,yqjA,+,Strong
rpoD-efeU,rpoD,efeU,+,Strong
rpoD-pheL,rpoD,pheL,+,Strong
rpoD-pheP,rpoD,pheP,+,Strong
rpoD-ileS,rpoD,ileS,+,Strong
rpoD-panD,rpoD,panD,+,Strong
rpoD-dkgA,rpoD,dkgA,+,Strong
rpoD-relB,rpoD,relB,+,Strong
rpoD-relA,rpoD,relA,+,Strong
rpoD-relE,rpoD,relE,+,Strong
rpoD-loiP,rpoD,loiP,+,Strong
rpoD-hyaF,rpoD,hyaF,+,Strong
rpoD-pykF,rpoD,pykF,+,Strong
rpoD-pykA,rpoD,pykA,+,Strong
rpoD-b0670,rpoD,b0670,+,Weak
rpoD-flgI,rpoD,flgI,+,Strong
rpoD-b0672,rpoD,b0672,+,Weak
rpoD-gntR,rpoD,gntR,+,Strong
rpoD-gdhA,rpoD,gdhA,+,Strong
rpoD-bidA,rpoD,bidA,+,Strong
rpoD-mtr,rpoD,mtr,+,Strong
rpoD-truB,rpoD,truB,+,Strong
rpoD-marR,rpoD,marR,+,Strong
rpoD-dacC,rpoD,dacC,+,Weak
rpoD-cyoA,rpoD,cyoA,+,Strong
rpoD-cyoC,rpoD,cyoC,+,Strong
rpoD-cyoB,rpoD,cyoB,+,Strong
rpoD-cyoE,rpoD,cyoE,+,Strong
rpoD-cyoD,rpoD,cyoD,+,Strong
rpoD-shiA,rpoD,shiA,+,Strong
rpoD-b1665,rpoD,b1665,+,Strong
rpoD-b1666,rpoD,b1666,+,Strong
rpoD-rffG,rpoD,rffG,+,Weak
rpoD-rffD,rpoD,rffD,+,Weak
rpoD-idnR,rpoD,idnR,+,Weak
rpoD-idnK,rpoD,idnK,+,Strong
rpoD-mltF,rpoD,mltF,+,Weak
rpoD-rffA,rpoD,rffA,+,Weak
rpoD-rhaT,rpoD,rhaT,+,Strong
rpoD-aspA,rpoD,aspA,+,Strong
rpoD-rhaS,rpoD,rhaS,+,Strong
rpoD-rhaR,rpoD,rhaR,+,Strong
rpoD-rhaD,rpoD,rhaD,+,Strong
rpoD-rhaA,rpoD,rhaA,+,Strong
rpoD-rhaB,rpoD,rhaB,+,Strong
rpoD-icd,rpoD,icd,+,Strong
rpoD-b4009,rpoD,b4009,+,Weak
rpoD-yjjZ,rpoD,yjjZ,+,Strong
rpoD-dsdC,rpoD,dsdC,+,Weak
rpoD-dtpA,rpoD,dtpA,+,Strong
rpoD-dsdA,rpoD,dsdA,+,Strong
rpoD-pldA,rpoD,pldA,+,Weak
rpoD-dsdX,rpoD,dsdX,+,Strong
rpoD-yhjR,rpoD,yhjR,+,Strong
rpoD-lrp,rpoD,lrp,+,Strong
rpoD-glmU,rpoD,glmU,+,Strong
rpoD-glmS,rpoD,glmS,+,Strong
rpoD-pstB,rpoD,pstB,+,Strong
rpoD-moeA,rpoD,moeA,+,Strong
rpoD-evgS,rpoD,evgS,+,Strong
rpoD-cyaA,rpoD,cyaA,+,Strong
rpoD-hscB,rpoD,hscB,+,Strong
rpoD-hscA,rpoD,hscA,+,Strong
rpoD-acpP,rpoD,acpP,+,Strong
rpoD-acpS,rpoD,acpS,+,Strong
rpoD-melR,rpoD,melR,+,Strong
rpoD-melB,rpoD,melB,+,Strong
rpoD-melA,rpoD,melA,+,Strong
rpoD-cysM,rpoD,cysM,+,Strong
rpoD-cysN,rpoD,cysN,+,Strong
rpoD-cysI,rpoD,cysI,+,Strong
rpoD-cysH,rpoD,cysH,+,Strong
rpoD-cysK,rpoD,cysK,+,Strong
rpoD-cysJ,rpoD,cysJ,+,Strong
rpoD-cysD,rpoD,cysD,+,Strong
rpoD-cysG,rpoD,cysG,+,Strong
rpoD-cysA,rpoD,cysA,+,Strong
rpoD-cysC,rpoD,cysC,+,Strong
rpoD-cysB,rpoD,cysB,+,Weak
rpoD-ymbA,rpoD,ymbA,+,Strong
rpoD-uxuR,rpoD,uxuR,+,Weak
rpoD-cysU,rpoD,cysU,+,Strong
rpoD-cysT,rpoD,cysT,+,Weak
rpoD-cysW,rpoD,cysW,+,Strong
rpoD-cysP,rpoD,cysP,+,Strong
rpoD-b3171,rpoD,b3171,+,Strong
rpoD-b3174,rpoD,b3174,+,Strong
rpoD-def,rpoD,def,+,Strong
rpoD-thrL,rpoD,thrL,+,Strong
rpoD-preA,rpoD,preA,+,Strong
rpoD-thrC,rpoD,thrC,+,Strong
rpoD-thrA,rpoD,thrA,+,Strong
rpoD-livG,rpoD,livG,+,Strong
rpoD-livF,rpoD,livF,+,Strong
rpoD-preT,rpoD,preT,+,Strong
rpoD-livM,rpoD,livM,+,Strong
rpoD-ppiD,rpoD,ppiD,+,Strong
rpoD-livK,rpoD,livK,+,Strong
rpoD-livJ,rpoD,livJ,+,Strong
rpoD-ppiA,rpoD,ppiA,+,Strong
rpoD-livH,rpoD,livH,+,Strong
rpoD-nfeF,rpoD,nfeF,+,Weak
rpoD-yifL,rpoD,yifL,+,Strong
rpoD-umpG,rpoD,umpG,+,Strong
rpoD-xerC,rpoD,xerC,+,Strong
rpoD-umpH,rpoD,umpH,+,Strong
rpoD-xerD,rpoD,xerD,+,Strong
rpoD-ygfB,rpoD,ygfB,+,Strong
rpoD-ygfA,rpoD,ygfA,+,Strong
rpoD-mdtU,rpoD,mdtU,+,Strong
rpoD-yihI,rpoD,yihI,+,Strong
rpoD-b3796,rpoD,b3796,+,Strong
rpoD-b3797,rpoD,b3797,+,Strong
rpoD-mdtF,rpoD,mdtF,+,Strong
rpoD-mdtE,rpoD,mdtE,+,Strong
rpoD-yihV,rpoD,yihV,+,Strong
rpoD-mdtJ,rpoD,mdtJ,+,Strong
rpoD-yihT,rpoD,yihT,+,Strong
rpoD-yihU,rpoD,yihU,+,Strong
rpoD-yihS,rpoD,yihS,+,Strong
rpoD-b3798,rpoD,b3798,+,Strong
rpoD-b3799,rpoD,b3799,+,Strong
rpoD-leuB,rpoD,leuB,+,Strong
rpoD-wecD,rpoD,wecD,+,Weak
rpoD-wecF,rpoD,wecF,+,Weak
rpoD-flu,rpoD,flu,+,Strong
rpoD-wecB,rpoD,wecB,+,Weak
rpoD-can,rpoD,can,+,Strong
rpoD-purR,rpoD,purR,+,Strong
rpoD-purT,rpoD,purT,+,Weak
rpoD-dxs,rpoD,dxs,+,Weak
rpoD-leuD,rpoD,leuD,+,Strong
rpoD-purC,rpoD,purC,+,Strong
rpoD-trxC,rpoD,trxC,+,Strong
rpoD-purA,rpoD,purA,+,Strong
rpoD-trxA,rpoD,trxA,+,Strong
rpoD-purF,rpoD,purF,+,Strong
rpoD-purE,rpoD,purE,+,Strong
rpoD-purD,rpoD,purD,+,Strong
rpoD-purK,rpoD,purK,+,Strong
rpoD-osmE,rpoD,osmE,+,Strong
rpoD-purH,rpoD,purH,+,Strong
rpoD-purN,rpoD,purN,+,Strong
rpoD-purM,rpoD,purM,+,Strong
rpoD-purL,rpoD,purL,+,Strong
rpoD-chiX,rpoD,chiX,+,Strong
rpoD-nemA,rpoD,nemA,+,Strong
rpoD-fucA,rpoD,fucA,+,Weak
rpoD-fucO,rpoD,fucO,+,Strong
rpoD-fucK,rpoD,fucK,+,Weak
rpoD-fucI,rpoD,fucI,+,Weak
rpoD-bioD1,rpoD,bioD1,+,Weak
rpoD-fucU,rpoD,fucU,+,Strong
rpoD-fucR,rpoD,fucR,+,Weak
rpoD-fucP,rpoD,fucP,+,Weak
rpoD-fpr,rpoD,fpr,+,Weak
rpoD-feoB,rpoD,feoB,+,Weak
rpoD-feoC,rpoD,feoC,+,Weak
rpoD-chiA,rpoD,chiA,+,Strong
rpoD-cpdB,rpoD,cpdB,+,Strong
rpoD-groL,rpoD,groL,+,Strong
rpoD-spoT,rpoD,spoT,+,Strong
rpoD-sucA,rpoD,sucA,+,Strong
rpoD-sucC,rpoD,sucC,+,Strong
rpoD-sucB,rpoD,sucB,+,Strong
rpoD-sucD,rpoD,sucD,+,Strong
rpoD-groS,rpoD,groS,+,Strong
rpoD-bioB,rpoD,bioB,+,Weak
rpoD-torA,rpoD,torA,+,Strong
rpoD-torC,rpoD,torC,+,Strong
rpoD-pncB,rpoD,pncB,+,Strong
rpoD-yfaE,rpoD,yfaE,+,Strong
rpoD-torR,rpoD,torR,+,Strong
rpoD-uvrD,rpoD,uvrD,+,Strong
rpoD-uvrC,rpoD,uvrC,+,Strong
rpoD-uvrB,rpoD,uvrB,+,Strong
rpoD-uvrA,rpoD,uvrA,+,Strong
rpoD-cutA,rpoD,cutA,+,Strong
rpoD-ibsD,rpoD,ibsD,+,Strong
rpoD-ulaE,rpoD,ulaE,+,Strong
rpoD-ulaF,rpoD,ulaF,+,Strong
rpoD-ulaA,rpoD,ulaA,+,Strong
rpoD-ulaB,rpoD,ulaB,+,Strong
rpoD-ibsC,rpoD,ibsC,+,Strong
rpoD-b1231,rpoD,b1231,+,Strong
rpoD-b1230,rpoD,b1230,+,Strong
rpoD-ssb,rpoD,ssb,+,Strong
rpoD-ycaR,rpoD,ycaR,+,Strong
rpoD-mntP,rpoD,mntP,+,Strong
rpoD-lexA,rpoD,lexA,+,Strong
rpoD-cobT,rpoD,cobT,+,Strong
rpoD-cobU,rpoD,cobU,+,Strong
rpoD-cobS,rpoD,cobS,+,Strong
rpoD-b2967,rpoD,b2967,+,Weak
rpoD-cytR,rpoD,cytR,+,Strong
rpoD-ilvX,rpoD,ilvX,+,Strong
rpoD-nupC,rpoD,nupC,+,Strong
rpoD-nrdA,rpoD,nrdA,+,Strong
rpoD-b4441,rpoD,b4441,+,Strong
rpoD-nupG,rpoD,nupG,+,Strong
rpoD-nrdE,rpoD,nrdE,+,Strong
rpoD-nrdF,rpoD,nrdF,+,Strong
rpoD-nrdG,rpoD,nrdG,+,Strong
rpoD-nrdH,rpoD,nrdH,+,Strong
rpoD-nrdI,rpoD,nrdI,+,Strong
rpoD-rbfA,rpoD,rbfA,+,Strong
rpoD-nrdR,rpoD,nrdR,+,Strong
rpoD-yeaR,rpoD,yeaR,+,Strong
rpoD-argR,rpoD,argR,+,Strong
rpoD-argS,rpoD,argS,+,Strong
rpoD-argH,rpoD,argH,+,Strong
rpoD-argI,rpoD,argI,+,Strong
rpoD-argO,rpoD,argO,+,Strong
rpoD-carB,rpoD,carB,+,Strong
rpoD-argA,rpoD,argA,+,Weak
rpoD-argB,rpoD,argB,+,Strong
rpoD-carA,rpoD,carA,+,Strong
rpoD-argD,rpoD,argD,+,Strong
rpoD-argE,rpoD,argE,+,Strong
rpoD-argF,rpoD,argF,+,Strong
rpoD-argG,rpoD,argG,+,Weak
rpoD-htrE,rpoD,htrE,+,Strong
rpoD-b3545,rpoD,b3545,+,Weak
rpoD-tyrP,rpoD,tyrP,+,Strong
rpoD-coaD,rpoD,coaD,+,Strong
rpoD-hybG,rpoD,hybG,+,Strong
rpoD-degQ,rpoD,degQ,+,Strong
rpoD-hybE,rpoD,hybE,+,Strong
rpoD-hybD,rpoD,hybD,+,Strong
rpoD-hybC,rpoD,hybC,+,Strong
rpoD-hybB,rpoD,hybB,+,Strong
rpoD-hybA,rpoD,hybA,+,Strong
rpoD-hybO,rpoD,hybO,+,Strong
rpoD-accD,rpoD,accD,+,Strong
rpoD-fmt,rpoD,fmt,+,Strong
rpoD-accA,rpoD,accA,+,Strong
rpoD-accC,rpoD,accC,+,Strong
rpoD-accB,rpoD,accB,+,Strong
rpoD-yjeV,rpoD,yjeV,+,Strong
rpoD-intS,rpoD,intS,+,Strong
rpoD-pnp,rpoD,pnp,+,Strong
rpoD-serC,rpoD,serC,+,Strong
rpoD-serA,rpoD,serA,+,Strong
rpoD-copA,rpoD,copA,+,Strong
rpoD-alaE,rpoD,alaE,+,Strong
rpoD-aroA,rpoD,aroA,+,Strong
rpoD-aroB,rpoD,aroB,+,Strong
rpoD-yqhD,rpoD,yqhD,+,Strong
rpoD-yoeB,rpoD,yoeB,+,Strong
rpoD-rcnR,rpoD,rcnR,+,Strong
rpoD-rnlA,rpoD,rnlA,+,Strong
rpoD-rnlB,rpoD,rnlB,+,Strong
rpoD-flhE,rpoD,flhE,+,Strong
rpoD-rcnB,rpoD,rcnB,+,Strong
rpoD-rcnA,rpoD,rcnA,+,Strong
rpoD-sulA,rpoD,sulA,+,Strong
rpoD-gyrB,rpoD,gyrB,+,Strong
rpoD-gyrA,rpoD,gyrA,+,Strong
rpoD-sohB,rpoD,sohB,+,Strong
rpoD-ykgR,rpoD,ykgR,+,Strong
rpoD-yigB,rpoD,yigB,+,Strong
rpoD-yigA,rpoD,yigA,+,Strong
rpoD-betT,rpoD,betT,+,Strong
rpoD-mrp,rpoD,mrp,+,Strong
rpoD-betB,rpoD,betB,+,Strong
rpoD-betA,rpoD,betA,+,Strong
rpoD-tfaQ,rpoD,tfaQ,+,Weak
rpoD-betI,rpoD,betI,+,Strong
rpoD-ykgM,rpoD,ykgM,+,Weak
rpoD-ykgO,rpoD,ykgO,+,Weak
rpoD-grxC,rpoD,grxC,+,Strong
rpoD-grxB,rpoD,grxB,+,Weak
rpoD-dicB,rpoD,dicB,+,Weak
rpoD-dicC,rpoD,dicC,+,Strong
rpoD-grxD,rpoD,grxD,+,Weak
rpoD-shoB,rpoD,shoB,+,Strong
rpoD-poxB,rpoD,poxB,+,Strong
rpoD-osmC,rpoD,osmC,+,Strong
rpoD-osmB,rpoD,osmB,+,Strong
rpoD-b4270,rpoD,b4270,+,Weak
rpoD-leuC,rpoD,leuC,+,Strong
rpoD-leuA,rpoD,leuA,+,Strong
rpoD-leuO,rpoD,leuO,+,Strong
rpoD-leuL,rpoD,leuL,+,Strong
rpoD-osmY,rpoD,osmY,+,Strong
rpoD-asnC,rpoD,asnC,+,Strong
rpoD-asnA,rpoD,asnA,+,Strong
rpoD-b1954,rpoD,b1954,+,Strong
rpoD-dksA,rpoD,dksA,+,Strong
rpoD-hisF,rpoD,hisF,+,Strong
rpoD-hisA,rpoD,hisA,+,Strong
rpoD-hisB,rpoD,hisB,+,Strong
rpoD-hisM,rpoD,hisM,+,Strong
rpoD-hisH,rpoD,hisH,+,Strong
rpoD-hisI,rpoD,hisI,+,Strong
rpoD-hisJ,rpoD,hisJ,+,Strong
rpoD-hisP,rpoD,hisP,+,Strong
rpoD-hisQ,rpoD,hisQ,+,Strong
rpoD-hisS,rpoD,hisS,+,Strong
rpoD-creB,rpoD,creB,+,Weak
rpoD-b0971,rpoD,b0971,+,Strong
rpoD-frsA,rpoD,frsA,+,Strong
rpoD-arfA,rpoD,arfA,+,Strong
rpoD-hokD,rpoD,hokD,+,Strong
rpoD-manX,rpoD,manX,+,Strong
rpoD-manY,rpoD,manY,+,Strong
rpoD-manZ,rpoD,manZ,+,Strong
rpoD-manA,rpoD,manA,+,Strong
rpoD-ccmH,rpoD,ccmH,+,Strong
rpoD-b4698,rpoD,b4698,+,Strong
rpoD-b4699,rpoD,b4699,+,Strong
rpoD-ccmE,rpoD,ccmE,+,Strong
rpoD-ccmD,rpoD,ccmD,+,Strong
rpoD-ccmF,rpoD,ccmF,+,Strong
rpoD-ccmA,rpoD,ccmA,+,Strong
rpoD-ccmC,rpoD,ccmC,+,Strong
rpoD-ccmB,rpoD,ccmB,+,Strong
rpoD-gnsA,rpoD,gnsA,+,Strong
rpoD-b4458,rpoD,b4458,+,Weak
rpoD-b4454,rpoD,b4454,+,Strong
rpoD-b4456,rpoD,b4456,+,Strong
rpoD-lpxC,rpoD,lpxC,+,Strong
rpoD-b4451,rpoD,b4451,+,Strong
rpoD-csiE,rpoD,csiE,+,Strong
rpoD-glcD,rpoD,glcD,+,Strong
rpoD-glcE,rpoD,glcE,+,Strong
rpoD-glcF,rpoD,glcF,+,Strong
rpoD-glcG,rpoD,glcG,+,Strong
rpoD-lpxT,rpoD,lpxT,+,Strong
rpoD-glcA,rpoD,glcA,+,Strong
rpoD-glcB,rpoD,glcB,+,Strong
rpoD-glcC,rpoD,glcC,+,Strong
rpoD-artQ,rpoD,artQ,+,Strong
rpoD-artP,rpoD,artP,+,Strong
rpoD-marA,rpoD,marA,+,Strong
rpoD-marB,rpoD,marB,+,Strong
rpoD-acrZ,rpoD,acrZ,+,Strong
rpoD-yajO,rpoD,yajO,+,Weak
rpoD-b0205,rpoD,b0205,+,Strong
rpoD-b0204,rpoD,b0204,+,Strong
rpoD-acrA,rpoD,acrA,+,Strong
rpoD-rluA,rpoD,rluA,+,Strong
rpoD-b0203,rpoD,b0203,+,Strong
rpoD-b0202,rpoD,b0202,+,Strong
rpoD-artI,rpoD,artI,+,Strong
rpoD-artJ,rpoD,artJ,+,Strong
rpoD-artM,rpoD,artM,+,Strong
rpoD-panB,rpoD,panB,+,Strong
rpoD-cas1,rpoD,cas1,+,Strong
rpoD-polB,rpoD,polB,+,Weak
rpoD-cas2,rpoD,cas2,+,Strong
rpoD-lspA,rpoD,lspA,+,Strong
rpoD-yajG,rpoD,yajG,+,Strong
rpoD-casE,rpoD,casE,+,Strong
rpoD-casD,rpoD,casD,+,Strong
rpoD-casA,rpoD,casA,+,Strong
rpoD-casC,rpoD,casC,+,Strong
rpoD-casB,rpoD,casB,+,Strong
rpoD-pcm,rpoD,pcm,+,Strong
rpoD-gadB,rpoD,gadB,+,Strong
rpoD-nusB,rpoD,nusB,+,Strong
rpoD-yefM,rpoD,yefM,+,Strong
rpoD-nusA,rpoD,nusA,+,Strong
rpoD-pepA,rpoD,pepA,+,Strong
rpoD-pepD,rpoD,pepD,+,Strong
rpoD-pepP,rpoD,pepP,+,Strong
rpoD-rbsA,rpoD,rbsA,+,Strong
rpoD-ybeD,rpoD,ybeD,+,Strong
rpoD-rbsC,rpoD,rbsC,+,Strong
rpoD-cvpA,rpoD,cvpA,+,Strong
rpoD-nfuA,rpoD,nfuA,+,Weak
rpoD-ssuE,rpoD,ssuE,+,Strong
rpoD-ssuD,rpoD,ssuD,+,Strong
rpoD-hyaA,rpoD,hyaA,+,Strong
rpoD-ssuA,rpoD,ssuA,+,Strong
rpoD-ssuC,rpoD,ssuC,+,Strong
rpoD-ssuB,rpoD,ssuB,+,Strong
rpoD-ccp,rpoD,ccp,+,Strong
rpoD-fimA,rpoD,fimA,+,Strong
rpoD-fimB,rpoD,fimB,+,Strong
rpoD-fimC,rpoD,fimC,+,Strong
rpoD-fimD,rpoD,fimD,+,Strong
rpoD-fimE,rpoD,fimE,+,Strong
rpoD-fimF,rpoD,fimF,+,Strong
rpoD-fimG,rpoD,fimG,+,Strong
rpoD-fimH,rpoD,fimH,+,Strong
rpoD-fimI,rpoD,fimI,+,Strong
rpoD-acrR,rpoD,acrR,+,Weak
rpoD-b2591,rpoD,b2591,+,Weak
rpoD-b2590,rpoD,b2590,+,Weak
rpoD-fumA,rpoD,fumA,+,Strong
rpoD-fumB,rpoD,fumB,+,Strong
rpoD-fumC,rpoD,fumC,+,Strong
rpoD-acrB,rpoD,acrB,+,Strong
rpoD-envZ,rpoD,envZ,+,Strong
rpoD-b1032,rpoD,b1032,+,Weak
rpoD-b0201,rpoD,b0201,+,Strong
rpoD-acrD,rpoD,acrD,+,Weak
rpoD-acrE,rpoD,acrE,+,Weak
rpoD-zwf,rpoD,zwf,+,Strong
rpoD-mtnN,rpoD,mtnN,+,Strong
rpoD-mqsR,rpoD,mqsR,+,Strong
rpoD-yccA,rpoD,yccA,+,Strong
rpoD-mqsA,rpoD,mqsA,+,Strong
rpoD-cydA,rpoD,cydA,+,Strong
rpoD-cydB,rpoD,cydB,+,Strong
rpoD-cydC,rpoD,cydC,+,Strong
rpoD-cydD,rpoD,cydD,+,Strong
rpoD-tdh,rpoD,tdh,+,Strong
rpoD-b2348,rpoD,b2348,+,Weak
rpoD-symE,rpoD,symE,+,Weak
rpoD-acs,rpoD,acs,+,Strong
rpoD-mngR,rpoD,mngR,+,Weak
rpoD-mngB,rpoD,mngB,+,Strong
rpoD-b4429,rpoD,b4429,+,Strong
rpoD-garL,rpoD,garL,+,Weak
rpoD-garK,rpoD,garK,+,Weak
rpoD-nrfF,rpoD,nrfF,+,Strong
rpoD-nrfG,rpoD,nrfG,+,Strong
rpoD-nrfD,rpoD,nrfD,+,Strong
rpoD-nrfE,rpoD,nrfE,+,Strong
rpoD-lon,rpoD,lon,+,Strong
rpoD-nrfC,rpoD,nrfC,+,Strong
rpoD-b4427,rpoD,b4427,+,Strong
rpoD-nrfA,rpoD,nrfA,+,Strong
rpoD-yegR,rpoD,yegR,+,Strong
rpoD-fliJ,rpoD,fliJ,+,Weak
rpoD-garR,rpoD,garR,+,Weak
rpoD-garP,rpoD,garP,+,Weak
rpoD-b0216,rpoD,b0216,+,Weak
rpoD-pdeL,rpoD,pdeL,+,Strong
rpoD-cbl,rpoD,cbl,+,Strong
rpoD-zntA,rpoD,zntA,+,Strong
rpoD-soxR,rpoD,soxR,+,Strong
rpoD-soxS,rpoD,soxS,+,Strong
rpoD-aceK,rpoD,aceK,+,Strong
rpoD-b0745,rpoD,b0745,+,Weak
rpoD-aceB,rpoD,aceB,+,Strong
rpoD-aceA,rpoD,aceA,+,Strong
rpoD-aceF,rpoD,aceF,+,Strong
rpoD-aceE,rpoD,aceE,+,Strong
rpoD-rihB,rpoD,rihB,+,Strong
rpoD-lysO,rpoD,lysO,+,Strong
rpoD-lysA,rpoD,lysA,+,Weak
rpoD-lysC,rpoD,lysC,+,Strong
rpoD-lysP,rpoD,lysP,+,Strong
rpoD-lysR,rpoD,lysR,+,Weak
rpoD-lysU,rpoD,lysU,+,Strong
rpoD-rpmI,rpoD,rpmI,+,Strong
rpoD-ansB,rpoD,ansB,+,Strong
rpoD-b2691,rpoD,b2691,+,Weak
rpoD-b2692,rpoD,b2692,+,Weak
rpoD-b2693,rpoD,b2693,+,Weak
rpoD-b2694,rpoD,b2694,+,Weak
rpoD-b2695,rpoD,b2695,+,Weak
rpoD-pth,rpoD,pth,+,Strong
rpoD-pta,rpoD,pta,+,Strong
rpoD-zinT,rpoD,zinT,+,Strong
rpoD-lacI,rpoD,lacI,+,Strong
rpoD-lacY,rpoD,lacY,+,Strong
rpoD-lacZ,rpoD,lacZ,+,Strong
rpoD-mpl,rpoD,mpl,+,Strong
rpoD-b3855,rpoD,b3855,+,Strong
rpoD-b3854,rpoD,b3854,+,Strong
rpoD-atpI,rpoD,atpI,+,Strong
rpoD-atpH,rpoD,atpH,+,Strong
rpoD-b2588,rpoD,b2588,+,Weak
rpoD-b2589,rpoD,b2589,+,Weak
rpoD-b3853,rpoD,b3853,+,Strong
rpoD-b3852,rpoD,b3852,+,Strong
rpoD-atpC,rpoD,atpC,+,Strong
rpoD-atpB,rpoD,atpB,+,Strong
rpoD-atpA,rpoD,atpA,+,Strong
rpoD-atpG,rpoD,atpG,+,Strong
rpoD-atpF,rpoD,atpF,+,Strong
rpoD-atpE,rpoD,atpE,+,Strong
rpoD-atpD,rpoD,atpD,+,Strong
rpoD-tnaA,rpoD,tnaA,+,Strong
rpoD-tnaC,rpoD,tnaC,+,Strong
rpoD-ybdZ,rpoD,ybdZ,+,Strong
rpoD-hemN,rpoD,hemN,+,Strong
rpoD-hemB,rpoD,hemB,+,Strong
rpoD-hyi,rpoD,hyi,+,Weak
rpoD-hemA,rpoD,hemA,+,Strong
rpoD-hemF,rpoD,hemF,+,Strong
rpoD-ybdN,rpoD,ybdN,+,Weak
rpoD-ftsH,rpoD,ftsH,+,Strong
rpoD-nanK,rpoD,nanK,+,Strong
rpoD-asr,rpoD,asr,+,Strong
rpoD-nanA,rpoD,nanA,+,Strong
rpoD-nanE,rpoD,nanE,+,Strong
rpoD-nanY,rpoD,nanY,+,Strong
rpoD-ariR,rpoD,ariR,+,Strong
rpoD-slmA,rpoD,slmA,+,Weak
rpoD-nanQ,rpoD,nanQ,+,Strong
rpoD-nanT,rpoD,nanT,+,Strong
rpoD-dgoK,rpoD,dgoK,+,Strong
rpoD-dgoD,rpoD,dgoD,+,Strong
rpoD-dgoA,rpoD,dgoA,+,Strong
rpoD-sbcC,rpoD,sbcC,+,Weak
rpoD-trmD,rpoD,trmD,+,Strong
rpoD-sbcD,rpoD,sbcD,+,Weak
rpoD-trmH,rpoD,trmH,+,Strong
rpoD-dgoT,rpoD,dgoT,+,Strong
rpoD-dgoR,rpoD,dgoR,+,Strong
rpoD-ybjC,rpoD,ybjC,+,Strong
rpoD-ybjN,rpoD,ybjN,+,Strong
rpoD-iraM,rpoD,iraM,+,Strong
rpoD-iraD,rpoD,iraD,+,Strong
rpoD-valS,rpoD,valS,+,Strong
rpoD-b1975,rpoD,b1975,+,Weak
rpoD-iraP,rpoD,iraP,+,Strong
rpoD-b1977,rpoD,b1977,+,Weak
rpoD-astA,rpoD,astA,+,Weak
rpoD-astB,rpoD,astB,+,Weak
rpoD-astC,rpoD,astC,+,Weak
rpoD-astD,rpoD,astD,+,Weak
rpoD-astE,rpoD,astE,+,Weak
rpoD-yjjQ,rpoD,yjjQ,+,Strong
rpoD-pntB,rpoD,pntB,+,Weak
rpoD-pntA,rpoD,pntA,+,Weak
rpoD-yhjX,rpoD,yhjX,+,Strong
rpoD-tpiA,rpoD,tpiA,+,Strong
rpoD-malX,rpoD,malX,+,Strong
rpoD-malY,rpoD,malY,+,Strong
rpoD-malT,rpoD,malT,+,Strong
rpoD-malS,rpoD,malS,+,Strong
rpoD-malP,rpoD,malP,+,Strong
rpoD-malQ,rpoD,malQ,+,Strong
rpoD-malM,rpoD,malM,+,Weak
rpoD-malK,rpoD,malK,+,Weak
rpoD-malH,rpoD,malH,+,Strong
rpoD-malI,rpoD,malI,+,Strong
rpoD-malF,rpoD,malF,+,Strong
rpoD-malG,rpoD,malG,+,Strong
rpoD-malE,rpoD,malE,+,Strong
rpoD-b4438,rpoD,b4438,+,Strong
rpoD-b4439,rpoD,b4439,+,Strong
rpoD-b4432,rpoD,b4432,+,Strong
rpoD-b4436,rpoD,b4436,+,Strong
rpoD-b4437,rpoD,b4437,+,Strong
rpoD-b4435,rpoD,b4435,+,Strong
rpoD-csgG,rpoD,csgG,+,Strong
rpoD-csgF,rpoD,csgF,+,Strong
rpoD-csgE,rpoD,csgE,+,Strong
rpoD-csgD,rpoD,csgD,+,Strong
rpoD-csgC,rpoD,csgC,+,Strong
rpoD-csgB,rpoD,csgB,+,Strong
rpoD-csgA,rpoD,csgA,+,Strong
rpoD-actP,rpoD,actP,+,Strong
rpoD-hha,rpoD,hha,+,Strong
rpoD-mntH,rpoD,mntH,+,Strong
rpoD-mgtS,rpoD,mgtS,+,Strong
rpoD-mgtL,rpoD,mgtL,+,Strong
rpoD-mgtA,rpoD,mgtA,+,Strong
rpoD-mntS,rpoD,mntS,+,Strong
rpoD-azuC,rpoD,azuC,+,Strong
rpoD-hicA,rpoD,hicA,+,Strong
rpoD-secB,rpoD,secB,+,Strong
rpoD-ilvY,rpoD,ilvY,+,Strong
rpoD-tsaE,rpoD,tsaE,+,Strong
rpoD-secG,rpoD,secG,+,Strong
rpoD-ilvM,rpoD,ilvM,+,Strong
rpoD-ilvL,rpoD,ilvL,+,Strong
rpoD-ilvN,rpoD,ilvN,+,Strong
rpoD-ilvI,rpoD,ilvI,+,Strong
rpoD-ilvH,rpoD,ilvH,+,Strong
rpoD-ilvE,rpoD,ilvE,+,Strong
rpoD-ilvD,rpoD,ilvD,+,Strong
rpoD-ilvG,rpoD,ilvG,+,Strong
rpoD-ilvA,rpoD,ilvA,+,Strong
rpoD-ilvC,rpoD,ilvC,+,Strong
rpoD-ilvB,rpoD,ilvB,+,Strong
rpoD-hfq,rpoD,hfq,+,Strong
rpoD-allE,rpoD,allE,+,Weak
rpoD-allD,rpoD,allD,+,Weak
rpoD-allC,rpoD,allC,+,Weak
rpoD-allB,rpoD,allB,+,Strong
rpoD-ugpE,rpoD,ugpE,+,Strong
rpoD-gfcA,rpoD,gfcA,+,Strong
rpoD-ugpA,rpoD,ugpA,+,Strong
rpoD-ugpB,rpoD,ugpB,+,Strong
rpoD-ugpC,rpoD,ugpC,+,Strong
rpoD-emrA,rpoD,emrA,+,Strong
rpoD-emrB,rpoD,emrB,+,Strong
rpoD-ugpQ,rpoD,ugpQ,+,Strong
rpoD-pcnB,rpoD,pcnB,+,Strong
rpoD-yibN,rpoD,yibN,+,Strong
rpoD-panC,rpoD,panC,+,Strong
rpoD-pck,rpoD,pck,+,Strong
rpoD-panF,rpoD,panF,+,Strong
rpoD-tatD,rpoD,tatD,+,Strong
rpoD-rbsK,rpoD,rbsK,+,Strong
rpoD-ysgA,rpoD,ysgA,+,Weak
rpoD-lsrK,rpoD,lsrK,+,Weak
rpoD-rbsB,rpoD,rbsB,+,Strong
rpoD-rbsD,rpoD,rbsD,+,Strong
rpoD-b2911,rpoD,b2911,+,Strong
rpoD-lsrR,rpoD,lsrR,+,Weak
rpoD-rbsR,rpoD,rbsR,+,Strong
rpoD-spy,rpoD,spy,+,Strong
rpoD-dapA,rpoD,dapA,+,Strong
rpoD-lolA,rpoD,lolA,+,Strong
rpoD-dapB,rpoD,dapB,+,Strong
rpoD-dapE,rpoD,dapE,+,Strong
rpoD-dapD,rpoD,dapD,+,Strong
rpoD-dapF,rpoD,dapF,+,Strong
rpoD-ybiB,rpoD,ybiB,+,Weak
rpoD-b2864,rpoD,b2864,+,Weak
rpoD-arsB,rpoD,arsB,+,Strong
rpoD-frlA,rpoD,frlA,+,Weak
rpoD-frlB,rpoD,frlB,+,Weak
rpoD-frlC,rpoD,frlC,+,Weak
rpoD-frlD,rpoD,frlD,+,Weak
rpoD-cpxQ,rpoD,cpxQ,+,Strong
rpoD-cpxP,rpoD,cpxP,+,Strong
rpoD-cpxR,rpoD,cpxR,+,Weak
rpoD-frlR,rpoD,frlR,+,Strong
rpoD-cpxA,rpoD,cpxA,+,Weak
rpoD-dinB,rpoD,dinB,+,Weak
rpoD-recJ,rpoD,recJ,+,Strong
rpoD-recN,rpoD,recN,+,Weak
rpoD-recO,rpoD,recO,+,Strong
rpoD-recB,rpoD,recB,+,Strong
rpoD-recC,rpoD,recC,+,Strong
rpoD-recA,rpoD,recA,+,Strong
rpoD-recF,rpoD,recF,+,Strong
rpoD-recG,rpoD,recG,+,Strong
rpoD-recD,rpoD,recD,+,Strong
rpoD-recX,rpoD,recX,+,Strong
rpoD-ispH,rpoD,ispH,+,Strong
rpoD-recQ,rpoD,recQ,+,Weak
rpoD-ispA,rpoD,ispA,+,Weak
rpoD-pspF,rpoD,pspF,+,Strong
rpoD-tatA,rpoD,tatA,+,Strong
rpoD-tatC,rpoD,tatC,+,Strong
rpoD-tatB,rpoD,tatB,+,Strong
rpoD-gntK,rpoD,gntK,+,Strong
rpoD-dinF,rpoD,dinF,+,Strong
rpoD-gph,rpoD,gph,+,Strong
rpoD-guaB,rpoD,guaB,+,Strong
rpoD-guaA,rpoD,guaA,+,Strong
rpoD-dinJ,rpoD,dinJ,+,Weak
rpoD-dinI,rpoD,dinI,+,Strong
rpoD-b1909,rpoD,b1909,+,Weak
rpoD-cadA,rpoD,cadA,+,Strong
rpoD-cadB,rpoD,cadB,+,Strong
rpoD-gntX,rpoD,gntX,+,Weak
rpoD-dinQ,rpoD,dinQ,+,Strong
rpoD-gpt,rpoD,gpt,+,Weak
rpoD-yceJ,rpoD,yceJ,+,Strong
rpoD-yceI,rpoD,yceI,+,Strong
rpoD-gntP,rpoD,gntP,+,Strong
rpoD-gntU,rpoD,gntU,+,Strong
rpoD-gntT,rpoD,gntT,+,Strong
rpoD-hyaB,rpoD,hyaB,+,Strong
rpoD-ubiX,rpoD,ubiX,+,Strong
rpoD-hyaC,rpoD,hyaC,+,Strong
rpoD-bhsA,rpoD,bhsA,+,Strong
rpoD-greA,rpoD,greA,+,Strong
rpoD-ubiH,rpoD,ubiH,+,Strong
rpoD-ubiI,rpoD,ubiI,+,Strong
rpoD-ubiG,rpoD,ubiG,+,Strong
rpoD-cfa,rpoD,cfa,+,Strong
rpoD-ubiC,rpoD,ubiC,+,Weak
rpoD-ubiA,rpoD,ubiA,+,Weak
rpoD-ymiC,rpoD,ymiC,+,Strong
rpoD-glrK,rpoD,glrK,+,Strong
rpoD-hyaD,rpoD,hyaD,+,Strong
rpoD-hyaE,rpoD,hyaE,+,Strong
rpoD-ascF,rpoD,ascF,+,Strong
rpoD-ascB,rpoD,ascB,+,Strong
rpoD-miaA,rpoD,miaA,+,Strong
rpoD-ivbL,rpoD,ivbL,+,Strong
rpoD-ymgC,rpoD,ymgC,+,Strong
rpoD-ymgA,rpoD,ymgA,+,Strong
rpoD-alsE,rpoD,alsE,+,Strong
rpoD-alsB,rpoD,alsB,+,Strong
rpoD-alsC,rpoD,alsC,+,Strong
rpoD-ptrA,rpoD,ptrA,+,Strong
rpoD-galT,rpoD,galT,+,Strong
rpoD-galP,rpoD,galP,+,Strong
rpoD-galR,rpoD,galR,+,Strong
rpoD-galS,rpoD,galS,+,Strong
rpoD-efp,rpoD,efp,+,Weak
rpoD-galE,rpoD,galE,+,Strong
rpoD-galM,rpoD,galM,+,Strong
rpoD-galK,rpoD,galK,+,Strong
rpoD-gabT,rpoD,gabT,+,Strong
rpoD-hipA,rpoD,hipA,+,Strong
rpoD-gabP,rpoD,gabP,+,Strong
rpoD-hipB,rpoD,hipB,+,Strong
rpoD-gabD,rpoD,gabD,+,Strong
rpoD-plaR,rpoD,plaR,+,Strong
rpoD-yhaV,rpoD,yhaV,+,Strong
rpoD-hofC,rpoD,hofC,+,Weak
rpoD-hofB,rpoD,hofB,+,Weak
rpoD-tpr,rpoD,tpr,+,Strong
rpoD-tpx,rpoD,tpx,+,Strong
rpoD-cdd,rpoD,cdd,+,Strong
rpoD-yoaG,rpoD,yoaG,+,Strong
rpoD-yoaE,rpoD,yoaE,+,Strong
rpoD-ygcB,rpoD,ygcB,+,Weak
rpoD-prpR,rpoD,prpR,+,Weak
rpoD-clpX,rpoD,clpX,+,Strong
rpoD-clpP,rpoD,clpP,+,Strong
rpoD-clpA,rpoD,clpA,+,Strong
rpoD-clpB,rpoD,clpB,+,Strong
rpoD-rpiR,rpoD,rpiR,+,Strong
rpoD-plsX,rpoD,plsX,+,Strong
rpoD-rpiB,rpoD,rpiB,+,Strong
rpoD-hypF,rpoD,hypF,+,Strong
rpoD-crr,rpoD,crr,+,Strong
rpoD-crp,rpoD,crp,+,Strong
rpoD-yjcH,rpoD,yjcH,+,Strong
rpoD-rfe,rpoD,rfe,+,Weak
rpoD-oxc,rpoD,oxc,+,Strong
rpoD-mprA,rpoD,mprA,+,Strong
rpoD-b3274,rpoD,b3274,+,Strong
rpoD-b3277,rpoD,b3277,+,Strong
rpoD-b3276,rpoD,b3276,+,Strong
rpoD-b3273,rpoD,b3273,+,Strong
rpoD-b3272,rpoD,b3272,+,Strong
rpoD-b3278,rpoD,b3278,+,Strong
rpoD-uxuA,rpoD,uxuA,+,Strong
rpoD-nlpD,rpoD,nlpD,+,Strong
rpoD-thyA,rpoD,thyA,+,Strong
rpoD-cbpA,rpoD,cbpA,+,Strong
rpoD-cbpM,rpoD,cbpM,+,Strong
rpoD-gmk,rpoD,gmk,+,Strong
rpoD-mzrA,rpoD,mzrA,+,Strong
rpoD-mhpR,rpoD,mhpR,+,Strong
rpoD-mhpC,rpoD,mhpC,+,Strong
rpoD-mhpB,rpoD,mhpB,+,Strong
rpoD-mhpA,rpoD,mhpA,+,Strong
rpoD-mhpF,rpoD,mhpF,+,Strong
rpoD-mhpE,rpoD,mhpE,+,Strong
rpoD-mhpD,rpoD,mhpD,+,Strong
rpoD-damX,rpoD,damX,+,Strong
rpoD-napG,rpoD,napG,+,Strong
rpoD-napF,rpoD,napF,+,Strong
rpoD-napD,rpoD,napD,+,Strong
rpoD-napC,rpoD,napC,+,Strong
rpoD-napB,rpoD,napB,+,Strong
rpoD-napA,rpoD,napA,+,Strong
rpoD-napH,rpoD,napH,+,Strong
rpoD-dut,rpoD,dut,+,Weak
rpoD-ybhS,rpoD,ybhS,+,Weak
rpoD-ybhR,rpoD,ybhR,+,Weak
rpoD-ybhL,rpoD,ybhL,+,Strong
rpoD-ybhG,rpoD,ybhG,+,Weak
rpoD-ybhF,rpoD,ybhF,+,Weak
rpoD-mlc,rpoD,mlc,+,Strong
rpoD-fur,rpoD,fur,+,Strong
rpoD-b1911,rpoD,b1911,+,Weak
rpoD-rutR,rpoD,rutR,+,Strong
rpoD-glgB,rpoD,glgB,+,Strong
rpoD-glgC,rpoD,glgC,+,Strong
rpoD-dgcN,rpoD,dgcN,+,Strong
rpoD-glgP,rpoD,glgP,+,Strong
rpoD-dgcT,rpoD,dgcT,+,Strong
rpoD-dgcZ,rpoD,dgcZ,+,Strong
rpoD-wcaA,rpoD,wcaA,+,Strong
rpoD-wcaB,rpoD,wcaB,+,Strong
rpoD-dsbA,rpoD,dsbA,+,Strong
rpoD-dsbC,rpoD,dsbC,+,Strong
rpoD-b4408,rpoD,b4408,+,Strong
rpoD-dsbE,rpoD,dsbE,+,Strong
rpoD-focA,rpoD,focA,+,Strong
rpoD-ebgA,rpoD,ebgA,+,Weak
rpoD-ebgC,rpoD,ebgC,+,Weak
rpoD-ampC,rpoD,ampC,+,Strong
rpoD-pssA,rpoD,pssA,+,Strong
rpoD-ampG,rpoD,ampG,+,Strong
rpoD-b4413,rpoD,b4413,+,Strong
rpoD-b4414,rpoD,b4414,+,Strong
rpoD-yafN,rpoD,yafN,+,Strong
rpoD-yafO,rpoD,yafO,+,Strong
rpoD-ycfS,rpoD,ycfS,+,Strong
rpoD-flgC,rpoD,flgC,+,Strong
rpoD-flgB,rpoD,flgB,+,Strong
rpoD-flgA,rpoD,flgA,+,Weak
rpoD-flgG,rpoD,flgG,+,Strong
rpoD-flgF,rpoD,flgF,+,Strong
rpoD-flgE,rpoD,flgE,+,Strong
rpoD-flgD,rpoD,flgD,+,Strong
rpoD-lptD,rpoD,lptD,+,Strong
rpoD-flgJ,rpoD,flgJ,+,Strong
rpoD-gsk,rpoD,gsk,+,Strong
rpoD-flgH,rpoD,flgH,+,Strong
rpoD-yafP,rpoD,yafP,+,Strong
rpoD-flgN,rpoD,flgN,+,Weak
rpoD-lptB,rpoD,lptB,+,Strong
rpoD-lptC,rpoD,lptC,+,Strong
rpoD-b0244,rpoD,b0244,+,Weak
rpoD-yjbG,rpoD,yjbG,+,Strong
rpoD-yjbF,rpoD,yjbF,+,Strong
rpoD-yjbE,rpoD,yjbE,+,Strong
rpoD-mreB,rpoD,mreB,+,Strong
rpoD-mreC,rpoD,mreC,+,Strong
rpoD-b4707,rpoD,b4707,+,Strong
rpoD-mreD,rpoD,mreD,+,Strong
rpoD-yjbH,rpoD,yjbH,+,Strong
rpoD-fdnH,rpoD,fdnH,+,Strong
rpoD-bssS,rpoD,bssS,+,Strong
rpoD-ychQ,rpoD,ychQ,+,Strong
rpoD-thrB,rpoD,thrB,+,Strong
rpoD-ptsI,rpoD,ptsI,+,Strong
rpoD-ptsH,rpoD,ptsH,+,Strong
rpoD-ychF,rpoD,ychF,+,Strong
rpoD-ychA,rpoD,ychA,+,Strong
rpoD-ptsO,rpoD,ptsO,+,Weak
rpoD-ptsN,rpoD,ptsN,+,Weak
rpoD-lptA,rpoD,lptA,+,Strong
rpoD-ychH,rpoD,ychH,+,Strong
rpoD-ptsG,rpoD,ptsG,+,Strong
rpoD-dppA,rpoD,dppA,+,Strong
rpoD-dppB,rpoD,dppB,+,Strong
rpoD-dppC,rpoD,dppC,+,Strong
rpoD-dppD,rpoD,dppD,+,Strong
rpoD-dppF,rpoD,dppF,+,Strong
rpoD-uhpT,rpoD,uhpT,+,Strong
rpoD-nuoB,rpoD,nuoB,+,Strong
rpoD-nuoC,rpoD,nuoC,+,Strong
rpoD-nuoA,rpoD,nuoA,+,Strong
rpoD-nuoF,rpoD,nuoF,+,Strong
rpoD-nuoG,rpoD,nuoG,+,Strong
rpoD-fhuC,rpoD,fhuC,+,Weak
rpoD-nuoE,rpoD,nuoE,+,Strong
rpoD-nuoJ,rpoD,nuoJ,+,Strong
rpoD-nuoK,rpoD,nuoK,+,Strong
rpoD-nuoH,rpoD,nuoH,+,Strong
rpoD-nuoI,rpoD,nuoI,+,Strong
rpoD-nuoN,rpoD,nuoN,+,Strong
rpoD-nuoL,rpoD,nuoL,+,Strong
rpoD-nuoM,rpoD,nuoM,+,Strong
rpoD-phnP,rpoD,phnP,+,Strong
rpoD-proX,rpoD,proX,+,Strong
rpoD-proW,rpoD,proW,+,Strong
rpoD-proV,rpoD,proV,+,Strong
rpoD-proS,rpoD,proS,+,Strong
rpoD-proP,rpoD,proP,+,Strong
rpoD-phnF,rpoD,phnF,+,Strong
rpoD-phnG,rpoD,phnG,+,Strong
rpoD-phnD,rpoD,phnD,+,Strong
rpoD-phnE,rpoD,phnE,+,Strong
rpoD-phnC,rpoD,phnC,+,Strong
rpoD-phnN,rpoD,phnN,+,Strong
rpoD-phnO,rpoD,phnO,+,Strong
rpoD-phnL,rpoD,phnL,+,Strong
rpoD-phnM,rpoD,phnM,+,Strong
rpoD-phnJ,rpoD,phnJ,+,Strong
rpoD-phnK,rpoD,phnK,+,Strong
rpoD-phnH,rpoD,phnH,+,Strong
rpoD-phnI,rpoD,phnI,+,Strong
rpoD-lipB,rpoD,lipB,+,Strong
rpoD-bcsZ,rpoD,bcsZ,+,Weak
rpoD-yhfA,rpoD,yhfA,+,Strong
rpoD-bcsB,rpoD,bcsB,+,Weak
rpoD-bcsE,rpoD,bcsE,+,Strong
rpoD-bcsF,rpoD,bcsF,+,Strong
rpoD-bcsG,rpoD,bcsG,+,Strong
rpoD-cecR,rpoD,cecR,+,Weak
rpoD-yehF,rpoD,yehF,+,Strong
rpoD-acrF,rpoD,acrF,+,Weak
rpoD-yobF,rpoD,yobF,+,Strong
rpoD-b2397,rpoD,b2397,+,Weak
rpoD-b2396,rpoD,b2396,+,Weak
rpoD-lldP,rpoD,lldP,+,Strong
rpoD-bioC,rpoD,bioC,+,Weak
rpoD-lldR,rpoD,lldR,+,Strong
rpoD-bioA,rpoD,bioA,+,Weak
rpoD-bioF,rpoD,bioF,+,Weak
rpoD-lldD,rpoD,lldD,+,Strong
rpoD-pabA,rpoD,pabA,+,Strong
rpoD-b3864,rpoD,b3864,+,Strong
rpoD-mukB,rpoD,mukB,+,Weak
rpoD-intQ,rpoD,intQ,+,Weak
rpoD-mukF,rpoD,mukF,+,Weak
rpoD-mukE,rpoD,mukE,+,Weak
rpoD-rlmE,rpoD,rlmE,+,Strong
rpoD-glpB,rpoD,glpB,+,Weak
rpoD-infC,rpoD,infC,+,Strong
rpoD-infB,rpoD,infB,+,Strong
rpoD-infA,rpoD,infA,+,Strong
rpoD-ihfB,rpoD,ihfB,+,Strong
rpoD-fdx,rpoD,fdx,+,Strong
rpoD-azoR,rpoD,azoR,+,Strong
rpoD-exuR,rpoD,exuR,+,Strong
rpoD-lyx,rpoD,lyx,+,Strong
rpoD-tufB,rpoD,tufB,+,Weak
rpoD-tufA,rpoD,tufA,+,Strong
rpoD-sxy,rpoD,sxy,+,Strong
rpoD-ycgZ,rpoD,ycgZ,+,Strong
rpoD-rmlA2,rpoD,rmlA2,+,Weak
rpoD-fldB,rpoD,fldB,+,Strong
rpoD-pyrH,rpoD,pyrH,+,Strong
rpoD-pyrF,rpoD,pyrF,+,Strong
rpoD-pyrD,rpoD,pyrD,+,Strong
rpoD-pyrC,rpoD,pyrC,+,Strong
rpoD-glpT,rpoD,glpT,+,Weak
rpoD-glpQ,rpoD,glpQ,+,Weak
rpoD-cstA,rpoD,cstA,+,Strong
rpoD-glpX,rpoD,glpX,+,Strong
rpoD-b0744,rpoD,b0744,+,Weak
rpoD-glpD,rpoD,glpD,+,Strong
rpoD-glpF,rpoD,glpF,+,Strong
rpoD-glpA,rpoD,glpA,+,Weak
rpoD-glpC,rpoD,glpC,+,Weak
rpoD-b0743,rpoD,b0743,+,Weak
rpoD-glpK,rpoD,glpK,+,Strong
rpoD-yciW,rpoD,yciW,+,Weak
rpoD-eda,rpoD,eda,+,Strong
rpoD-edd,rpoD,edd,+,Strong
rpoD-yciX,rpoD,yciX,+,Strong
rpoD-yciE,rpoD,yciE,+,Weak
rpoD-yciC,rpoD,yciC,+,Weak
rpoD-yciB,rpoD,yciB,+,Weak
rpoD-thiB,rpoD,thiB,+,Weak
rpoD-rseB,rpoD,rseB,+,Strong
rpoD-rseC,rpoD,rseC,+,Strong
rpoD-rseA,rpoD,rseA,+,Strong
rpoD-mdtI,rpoD,mdtI,+,Strong
rpoD-rseD,rpoD,rseD,+,Strong
rpoD-yciH,rpoD,yciH,+,Strong
rpoD-codB,rpoD,codB,+,Strong
rpoD-codA,rpoD,codA,+,Strong
rpoD-katG,rpoD,katG,+,Strong
rpoD-acnA,rpoD,acnA,+,Strong
rpoD-nhaR,rpoD,nhaR,+,Strong
rpoD-yeiB,rpoD,yeiB,+,Weak
rpoD-nhaA,rpoD,nhaA,+,Strong
rpoD-nrdD,rpoD,nrdD,+,Strong
rpoD-b4609,rpoD,b4609,+,Strong
rpoD-b4608,rpoD,b4608,+,Strong
rpoD-folE,rpoD,folE,+,Weak
rpoD-folA,rpoD,folA,+,Strong
rpoD-ssnA,rpoD,ssnA,+,Strong
rpoD-folK,rpoD,folK,+,Strong
rpoD-rpoS,rpoD,rpoS,+,Strong
rpoD-rpoZ,rpoD,rpoZ,+,Strong
rpoD-rpoA,rpoD,rpoA,+,Strong
rpoD-rpoE,rpoD,rpoE,+,Strong
rpoD-rpoD,rpoD,rpoD,+,Strong
rpoD-rpoH,rpoD,rpoH,+,Strong
rpoD-rpoN,rpoD,rpoN,+,Weak
rpoD-rpsF,rpoD,rpsF,+,Strong
rpoD-rpsD,rpoD,rpsD,+,Strong
rpoD-rpsC,rpoD,rpsC,+,Strong
rpoD-rpsB,rpoD,rpsB,+,Strong
rpoD-rpsA,rpoD,rpsA,+,Strong
rpoD-fdnG,rpoD,fdnG,+,Strong
rpoD-rpsO,rpoD,rpsO,+,Strong
rpoD-fdnI,rpoD,fdnI,+,Strong
rpoD-rpsM,rpoD,rpsM,+,Strong
rpoD-rpsK,rpoD,rpsK,+,Strong
rpoD-rpsJ,rpoD,rpsJ,+,Strong
rpoD-apt,rpoD,apt,+,Strong
rpoD-rpsU,rpoD,rpsU,+,Strong
rpoD-rpsS,rpoD,rpsS,+,Strong
rpoD-rpsR,rpoD,rpsR,+,Strong
rpoD-rpsQ,rpoD,rpsQ,+,Strong
rpoD-rpsP,rpoD,rpsP,+,Strong
rpoD-deoA,rpoD,deoA,+,Strong
rpoD-deoB,rpoD,deoB,+,Strong
rpoD-deoC,rpoD,deoC,+,Strong
rpoD-deoD,rpoD,deoD,+,Strong
rpoD-cho,rpoD,cho,+,Weak
rpoD-fes,rpoD,fes,+,Strong
rpoD-phoR,rpoD,phoR,+,Weak
rpoD-phoU,rpoD,phoU,+,Strong
rpoD-b2814,rpoD,b2814,+,Strong
rpoD-b2815,rpoD,b2815,+,Strong
rpoD-thiQ,rpoD,thiQ,+,Weak
rpoD-thiP,rpoD,thiP,+,Weak
rpoD-phoA,rpoD,phoA,+,Weak
rpoD-phoB,rpoD,phoB,+,Weak
rpoD-phoE,rpoD,phoE,+,Strong
rpoD-thiL,rpoD,thiL,+,Strong
rpoD-phoH,rpoD,phoH,+,Strong
rpoD-prlF,rpoD,prlF,+,Strong
rpoD-dinG,rpoD,dinG,+,Weak
rpoD-purB,rpoD,purB,+,Strong
rpoD-uraA,rpoD,uraA,+,Strong
rpoD-yiaK,rpoD,yiaK,+,Strong
rpoD-yojI,rpoD,yojI,+,Weak
rpoD-yiaM,rpoD,yiaM,+,Strong
rpoD-yiaL,rpoD,yiaL,+,Strong
rpoD-yiaO,rpoD,yiaO,+,Strong
rpoD-yiaN,rpoD,yiaN,+,Strong
rpoD-lamB,rpoD,lamB,+,Weak
rpoD-narX,rpoD,narX,+,Weak
rpoD-narU,rpoD,narU,+,Weak
rpoD-narS,rpoD,narS,+,Strong
rpoD-narL,rpoD,narL,+,Weak
rpoD-narI,rpoD,narI,+,Strong
rpoD-narH,rpoD,narH,+,Strong
rpoD-narK,rpoD,narK,+,Strong
rpoD-narJ,rpoD,narJ,+,Strong
rpoD-narG,rpoD,narG,+,Strong
rpoD-rapZ,rpoD,rapZ,+,Weak
rpoD-gcd,rpoD,gcd,+,Strong
rpoD-gcl,rpoD,gcl,+,Weak
rpoD-higA,rpoD,higA,+,Strong
rpoD-higB,rpoD,higB,+,Strong
rpoD-paaX,rpoD,paaX,+,Strong
rpoD-paaY,rpoD,paaY,+,Strong
rpoD-paaB,rpoD,paaB,+,Strong
rpoD-paaC,rpoD,paaC,+,Strong
rpoD-paaA,rpoD,paaA,+,Strong
rpoD-paaF,rpoD,paaF,+,Strong
rpoD-paaG,rpoD,paaG,+,Strong
rpoD-paaD,rpoD,paaD,+,Strong
rpoD-paaE,rpoD,paaE,+,Strong
rpoD-paaJ,rpoD,paaJ,+,Strong
rpoD-paaK,rpoD,paaK,+,Strong
rpoD-paaH,rpoD,paaH,+,Strong
rpoD-paaI,rpoD,paaI,+,Strong
rpoD-sdiA,rpoD,sdiA,+,Strong
rpoD-yrbN,rpoD,yrbN,+,Strong
rpoD-yrbG,rpoD,yrbG,+,Strong
rpoD-kbl,rpoD,kbl,+,Strong
rpoD-dmsD,rpoD,dmsD,+,Strong
rpoD-dmsA,rpoD,dmsA,+,Strong
rpoD-dmsB,rpoD,dmsB,+,Strong
rpoD-dmsC,rpoD,dmsC,+,Strong
rpoD-ruvC,rpoD,ruvC,+,Weak
rpoD-tsf,rpoD,tsf,+,Strong
rpoD-appX,rpoD,appX,+,Weak
rpoD-mutL,rpoD,mutL,+,Strong
rpoD-fhuF,rpoD,fhuF,+,Strong
rpoD-b0883,rpoD,b0883,+,Strong
rpoD-tsx,rpoD,tsx,+,Strong
rpoD-tsr,rpoD,tsr,+,Weak
rpoD-hybF,rpoD,hybF,+,Strong
rpoD-nemR,rpoD,nemR,+,Strong
rpoD-dam,rpoD,dam,+,Strong
rpoD-modA,rpoD,modA,+,Strong
rpoD-modB,rpoD,modB,+,Strong
rpoD-modC,rpoD,modC,+,Strong
rpoD-b4165,rpoD,b4165,+,Weak
rpoD-ydjM,rpoD,ydjM,+,Weak
rpoD-rapA,rpoD,rapA,+,Strong
rpoD-b4163,rpoD,b4163,+,Weak
rpoD-cusS,rpoD,cusS,+,Strong
rpoD-feoA,rpoD,feoA,+,Weak
rpoD-nfo,rpoD,nfo,+,Strong
rpoD-nadB,rpoD,nadB,+,Weak
rpoD-nadE,rpoD,nadE,+,Strong
rpoD-cusA,rpoD,cusA,+,Strong
rpoD-cusC,rpoD,cusC,+,Strong
rpoD-cusB,rpoD,cusB,+,Strong
rpoD-cusF,rpoD,cusF,+,Strong
rpoD-yadS,rpoD,yadS,+,Strong
rpoD-yadV,rpoD,yadV,+,Strong
rpoD-uxuB,rpoD,uxuB,+,Strong
rpoD-psiE,rpoD,psiE,+,Strong
rpoD-psiF,rpoD,psiF,+,Strong
rpoD-waaF,rpoD,waaF,+,Strong
rpoD-rplY,rpoD,rplY,+,Weak
rpoD-rplV,rpoD,rplV,+,Strong
rpoD-rplW,rpoD,rplW,+,Strong
rpoD-rplT,rpoD,rplT,+,Strong
rpoD-rplU,rpoD,rplU,+,Strong
rpoD-waaO,rpoD,waaO,+,Strong
rpoD-rplS,rpoD,rplS,+,Strong
rpoD-rplP,rpoD,rplP,+,Strong
rpoD-rplQ,rpoD,rplQ,+,Strong
rpoD-waaS,rpoD,waaS,+,Strong
rpoD-kdsA,rpoD,kdsA,+,Strong
rpoD-kdsB,rpoD,kdsB,+,Strong
rpoD-kdsC,rpoD,kdsC,+,Strong
rpoD-kdsD,rpoD,kdsD,+,Strong
rpoD-waaU,rpoD,waaU,+,Strong
rpoD-rplI,rpoD,rplI,+,Strong
rpoD-waaZ,rpoD,waaZ,+,Strong
rpoD-rplD,rpoD,rplD,+,Strong
rpoD-rplB,rpoD,rplB,+,Strong
rpoD-rplC,rpoD,rplC,+,Strong
rpoD-metQ,rpoD,metQ,+,Strong
rpoD-rep,rpoD,rep,+,Strong
rpoD-metB,rpoD,metB,+,Strong
rpoD-metC,rpoD,metC,+,Weak
rpoD-metA,rpoD,metA,+,Strong
rpoD-metF,rpoD,metF,+,Strong
rpoD-metG,rpoD,metG,+,Strong
rpoD-metJ,rpoD,metJ,+,Strong
rpoD-metK,rpoD,metK,+,Strong
rpoD-metH,rpoD,metH,+,Strong
rpoD-metI,rpoD,metI,+,Strong
rpoD-metN,rpoD,metN,+,Strong
rpoD-metL,rpoD,metL,+,Strong
rpoD-yhbE,rpoD,yhbE,+,Strong
rpoD-caiT,rpoD,caiT,+,Strong
rpoD-caiF,rpoD,caiF,+,Strong
rpoD-caiE,rpoD,caiE,+,Strong
rpoD-caiD,rpoD,caiD,+,Strong
rpoD-caiC,rpoD,caiC,+,Strong
rpoD-caiB,rpoD,caiB,+,Strong
rpoD-caiA,rpoD,caiA,+,Strong
rpoD-b4616,rpoD,b4616,+,Strong
rpoD-b4611,rpoD,b4611,+,Strong
rpoD-tyrB,rpoD,tyrB,+,Strong
rpoD-b3275,rpoD,b3275,+,Strong
rpoD-nrfB,rpoD,nrfB,+,Strong
rpoD-pgk,rpoD,pgk,+,Strong
rpoD-pgi,rpoD,pgi,+,Strong
rpoD-lapA,rpoD,lapA,+,Strong
rpoD-lapB,rpoD,lapB,+,Strong
rpoD-prmA,rpoD,prmA,+,Strong
rpoD-prmC,rpoD,prmC,+,Strong
rpoD-pflB,rpoD,pflB,+,Strong
rpoD-b3069,rpoD,b3069,+,Weak
rpoD-bamC,rpoD,bamC,+,Strong
rpoD-ahpF,rpoD,ahpF,+,Strong
rpoD-ahpC,rpoD,ahpC,+,Strong
rpoD-udp,rpoD,udp,+,Strong
rpoD-rsd,rpoD,rsd,+,Strong
rpoD-ytiC,rpoD,ytiC,+,Strong
rpoD-ytiD,rpoD,ytiD,+,Strong
rpoD-nfsA,rpoD,nfsA,+,Strong
rpoD-nfsB,rpoD,nfsB,+,Strong
rpoD-rdoA,rpoD,rdoA,+,Strong
rpoD-dnaA,rpoD,dnaA,+,Strong
rpoD-hflX,rpoD,hflX,+,Strong
rpoD-dnaG,rpoD,dnaG,+,Strong
rpoD-dnaN,rpoD,dnaN,+,Strong
rpoD-sdhX,rpoD,sdhX,+,Strong
rpoD-sdhA,rpoD,sdhA,+,Strong
rpoD-sdhC,rpoD,sdhC,+,Strong
rpoD-sdhB,rpoD,sdhB,+,Strong
rpoD-sdhD,rpoD,sdhD,+,Strong
rpoD-trpL,rpoD,trpL,+,Strong
rpoD-trpB,rpoD,trpB,+,Strong
rpoD-trpC,rpoD,trpC,+,Strong
rpoD-trpA,rpoD,trpA,+,Strong
rpoD-trpD,rpoD,trpD,+,Strong
rpoD-trpE,rpoD,trpE,+,Strong
rpoD-b2621,rpoD,b2621,+,Strong
rpoD-trpR,rpoD,trpR,+,Strong
rpoD-trpS,rpoD,trpS,+,Strong
rpoD-yliM,rpoD,yliM,+,Strong
rpoD-rfaG,rpoD,rfaG,+,Strong
rpoD-rfaC,rpoD,rfaC,+,Strong
rpoD-pstS,rpoD,pstS,+,Strong
rpoD-evgA,rpoD,evgA,+,Strong
rpoD-torD,rpoD,torD,+,Strong
rpoD-btuE,rpoD,btuE,+,Strong
rpoD-btuD,rpoD,btuD,+,Strong
rpoD-btuF,rpoD,btuF,+,Strong
rpoD-ydeP,rpoD,ydeP,+,Strong
rpoD-btuB,rpoD,btuB,+,Strong
rpoD-pstC,rpoD,pstC,+,Strong
rpoD-moeB,rpoD,moeB,+,Strong
rpoD-pstA,rpoD,pstA,+,Strong
rpoD-ydeO,rpoD,ydeO,+,Strong
rpoD-ydeJ,rpoD,ydeJ,+,Weak
rpoD-fliF,rpoD,fliF,+,Weak
rpoD-uvrY,rpoD,uvrY,+,Strong
rpoD-feaB,rpoD,feaB,+,Strong
rpoD-yfiB,rpoD,yfiB,+,Strong
rpoD-nagE,rpoD,nagE,+,Strong
rpoD-nagB,rpoD,nagB,+,Strong
rpoD-nagC,rpoD,nagC,+,Strong
rpoD-nagA,rpoD,nagA,+,Strong
rpoD-feaR,rpoD,feaR,+,Strong
rpoD-yfiR,rpoD,yfiR,+,Strong
rpoD-uidR,rpoD,uidR,+,Weak
rpoD-b4577,rpoD,b4577,+,Strong
rpoD-b4370,rpoD,b4370,+,Weak
rpoD-dps,rpoD,dps,+,Strong
rpoD-csrA,rpoD,csrA,+,Strong
rpoD-aroP,rpoD,aroP,+,Strong
rpoD-tyrR,rpoD,tyrR,+,Strong
rpoD-yfgG,rpoD,yfgG,+,Strong
rpoD-flhB,rpoD,flhB,+,Strong
rpoD-flhC,rpoD,flhC,+,Strong
rpoD-tyrA,rpoD,tyrA,+,Strong
rpoD-flhA,rpoD,flhA,+,Strong
rpoD-aroD,rpoD,aroD,+,Strong
rpoD-aroF,rpoD,aroF,+,Strong
rpoD-aroG,rpoD,aroG,+,Strong
rpoD-aroH,rpoD,aroH,+,Strong
rpoD-aroK,rpoD,aroK,+,Strong
rpoD-aroL,rpoD,aroL,+,Strong
rpoD-aroM,rpoD,aroM,+,Strong
rpoD-b4597,rpoD,b4597,+,Strong
rpoD-ydeM,rpoD,ydeM,+,Strong
rpoD-ulaD,rpoD,ulaD,+,Strong
rpoD-ydeN,rpoD,ydeN,+,Strong
rpoD-ttdT,rpoD,ttdT,+,Weak
rpoD-ttdA,rpoD,ttdA,+,Weak
rpoD-ttdB,rpoD,ttdB,+,Weak
rpoD-rpe,rpoD,rpe,+,Strong
rpoD-ulaC,rpoD,ulaC,+,Strong
rpoD-b3971,rpoD,b3971,+,Strong
rpoD-b4625,rpoD,b4625,+,Strong
rpoD-b4624,rpoD,b4624,+,Strong
rpoD-wzyE,rpoD,wzyE,+,Weak
rpoD-agaC,rpoD,agaC,+,Strong
rpoD-agaB,rpoD,agaB,+,Strong
rpoD-agaA,rpoD,agaA,+,Strong
rpoD-alsA,rpoD,alsA,+,Strong
rpoD-agaD,rpoD,agaD,+,Strong
rpoD-sgrT,rpoD,sgrT,+,Strong
rpoD-agaI,rpoD,agaI,+,Strong
rpoD-sgrR,rpoD,sgrR,+,Weak
rpoD-agaS,rpoD,agaS,+,Strong
rpoD-agaR,rpoD,agaR,+,Strong
rpoD-agaW,rpoD,agaW,+,Strong
rpoD-agaV,rpoD,agaV,+,Strong
rpoD-rpmA,rpoD,rpmA,+,Strong
rpoD-rpmC,rpoD,rpmC,+,Strong
rpoD-lgt,rpoD,lgt,+,Strong
rpoD-bdcA,rpoD,bdcA,+,Weak
rpoD-rbn,rpoD,rbn,+,Strong
rpoD-fabD,rpoD,fabD,+,Strong
rpoD-fabG,rpoD,fabG,+,Strong
rpoD-fabF,rpoD,fabF,+,Strong
rpoD-fabA,rpoD,fabA,+,Weak
rpoD-fabB,rpoD,fabB,+,Strong
rpoD-fabH,rpoD,fabH,+,Strong
rpoD-fkpB,rpoD,fkpB,+,Strong
rpoD-eptB,rpoD,eptB,+,Strong
rpoD-b3123,rpoD,b3123,+,Weak
rpoD-setA,rpoD,setA,+,Strong
rpoD-tynA,rpoD,tynA,+,Weak
rpoD-arsC,rpoD,arsC,+,Strong
rpoD-b2816,rpoD,b2816,+,Strong
rpoD-mtlR,rpoD,mtlR,+,Weak
rpoD-alkB,rpoD,alkB,+,Strong
rpoD-arsR,rpoD,arsR,+,Strong
rpoD-alkA,rpoD,alkA,+,Strong
rpoD-mtlA,rpoD,mtlA,+,Weak
rpoD-mtlD,rpoD,mtlD,+,Weak
rpoD-iscU,rpoD,iscU,+,Strong
rpoD-iscS,rpoD,iscS,+,Strong
rpoD-iscR,rpoD,iscR,+,Strong
rpoD-iscX,rpoD,iscX,+,Strong
rpoD-dusB,rpoD,dusB,+,Strong
rpoD-iscA,rpoD,iscA,+,Strong
rpoD-mfd,rpoD,mfd,+,Strong
rpoD-gutQ,rpoD,gutQ,+,Strong
rpoD-chpS,rpoD,chpS,+,Strong
rpoD-nirD,rpoD,nirD,+,Strong
rpoD-gutM,rpoD,gutM,+,Strong
rpoD-nirC,rpoD,nirC,+,Strong
rpoD-nirB,rpoD,nirB,+,Strong
rpoD-chpB,rpoD,chpB,+,Strong
rpoD-sufB,rpoD,sufB,+,Strong
rpoD-sufC,rpoD,sufC,+,Strong
rpoD-sufA,rpoD,sufA,+,Strong
rpoD-sufD,rpoD,sufD,+,Strong
rpoD-sufE,rpoD,sufE,+,Strong
rpoD-gluQ,rpoD,gluQ,+,Strong
rpoD-sufS,rpoD,sufS,+,Strong
rpoD-ada,rpoD,ada,+,Strong
rpoD-sutR,rpoD,sutR,+,Strong
rpoD-ppdD,rpoD,ppdD,+,Weak
rpoD-cusR,rpoD,cusR,+,Strong
rpoD-gspB,rpoD,gspB,+,Strong
rpoD-gspC,rpoD,gspC,+,Strong
rpoD-gspA,rpoD,gspA,+,Strong
rpoD-gspF,rpoD,gspF,+,Strong
rpoD-gspG,rpoD,gspG,+,Strong
rpoD-gspD,rpoD,gspD,+,Strong
rpoD-gspE,rpoD,gspE,+,Strong
rpoD-gspJ,rpoD,gspJ,+,Strong
rpoD-gspK,rpoD,gspK,+,Strong
rpoD-gspH,rpoD,gspH,+,Strong
rpoD-gspI,rpoD,gspI,+,Strong
rpoD-gspO,rpoD,gspO,+,Strong
rpoD-gspL,rpoD,gspL,+,Strong
rpoD-gspM,rpoD,gspM,+,Strong
rpoD-b0668,rpoD,b0668,+,Weak
rpoD-rybA,rpoD,rybA,+,Strong
rpoD-pfkA,rpoD,pfkA,+,Strong
rpoD-b0666,rpoD,b0666,+,Weak
rpoD-b0665,rpoD,b0665,+,Weak
rpoD-b0664,rpoD,b0664,+,Weak
rpoD-b4368,rpoD,b4368,+,Weak
rpoD-b4369,rpoD,b4369,+,Weak
rpoD-cadC,rpoD,cadC,+,Strong
rpoD-murI,rpoD,murI,+,Strong
rpoD-murC,rpoD,murC,+,Strong
rpoD-murD,rpoD,murD,+,Strong
rpoD-murE,rpoD,murE,+,Strong
rpoD-murF,rpoD,murF,+,Strong
rpoD-murG,rpoD,murG,+,Strong
rpoD-murP,rpoD,murP,+,Strong
rpoD-murQ,rpoD,murQ,+,Strong
rpoD-murR,rpoD,murR,+,Strong
rpoD-rarA,rpoD,rarA,+,Strong
rpoD-bglJ,rpoD,bglJ,+,Strong
rpoD-nohA,rpoD,nohA,+,Weak
rpoD-bglX,rpoD,bglX,+,Weak
rpoD-tomB,rpoD,tomB,+,Strong
rpoD-ndh,rpoD,ndh,+,Strong
rpoD-appY,rpoD,appY,+,Strong
rpoD-waaB,rpoD,waaB,+,Strong
rpoD-waaA,rpoD,waaA,+,Strong
rpoD-mazE,rpoD,mazE,+,Strong
rpoD-mazF,rpoD,mazF,+,Strong
rpoD-b4443,rpoD,b4443,+,Strong
rpoD-appC,rpoD,appC,+,Weak
rpoD-appB,rpoD,appB,+,Weak
rpoD-appA,rpoD,appA,+,Weak
rpoD-hflD,rpoD,hflD,+,Strong
rpoD-mraZ,rpoD,mraZ,+,Strong
rpoD-hflC,rpoD,hflC,+,Strong
rpoD-mraY,rpoD,mraY,+,Strong
rpoD-hflK,rpoD,hflK,+,Strong
rpoD-waaJ,rpoD,waaJ,+,Strong
rpoD-nudB,rpoD,nudB,+,Weak
rpoD-waaH,rpoD,waaH,+,Weak
rpoD-yffB,rpoD,yffB,+,Strong
rpoD-fliZ,rpoD,fliZ,+,Strong
rpoD-fliT,rpoD,fliT,+,Strong
rpoD-fliQ,rpoD,fliQ,+,Strong
rpoD-fliP,rpoD,fliP,+,Strong
rpoD-fliS,rpoD,fliS,+,Strong
rpoD-fliR,rpoD,fliR,+,Strong
rpoD-fliM,rpoD,fliM,+,Strong
rpoD-fliL,rpoD,fliL,+,Strong
rpoD-fliO,rpoD,fliO,+,Strong
rpoD-fliN,rpoD,fliN,+,Strong
rpoD-fliI,rpoD,fliI,+,Weak
rpoD-fliH,rpoD,fliH,+,Weak
rpoD-fliK,rpoD,fliK,+,Weak
rpoD-yhdT,rpoD,yhdT,+,Strong
rpoD-fliE,rpoD,fliE,+,Strong
rpoD-fliD,rpoD,fliD,+,Strong
rpoD-fliG,rpoD,fliG,+,Weak
rpoD-waaL,rpoD,waaL,+,Strong
rpoD-fliA,rpoD,fliA,+,Strong
rpoD-yaiA,rpoD,yaiA,+,Strong
rpoD-waaQ,rpoD,waaQ,+,Strong
rpoD-ftnA,rpoD,ftnA,+,Strong
rpoD-ftnB,rpoD,ftnB,+,Strong
rpoD-waaP,rpoD,waaP,+,Strong
rpoD-waaY,rpoD,waaY,+,Strong
rpoD-cmoM,rpoD,cmoM,+,Weak
rpoD-mglA,rpoD,mglA,+,Weak
rpoD-mglB,rpoD,mglB,+,Weak
rpoD-mglC,rpoD,mglC,+,Weak
rpoD-hpt,rpoD,hpt,+,Strong
rpoD-ppsA,rpoD,ppsA,+,Strong
rpoD-hpf,rpoD,hpf,+,Weak
rpoD-yeaE,rpoD,yeaE,+,Weak
rpoD-gapA,rpoD,gapA,+,Strong
rpoD-nrdB,rpoD,nrdB,+,Strong
rpoD-b4447,rpoD,b4447,+,Strong
rpoD-pdxJ,rpoD,pdxJ,+,Strong
rpoD-wzxE,rpoD,wzxE,+,Weak
rpoD-hns,rpoD,hns,+,Strong
rpoD-bcp,rpoD,bcp,+,Strong
rpoH-fxsA,rpoH,fxsA,+,Strong
rpoH-rsmJ,rpoH,rsmJ,+,Strong
rpoH-pncC,rpoH,pncC,+,Strong
rpoH-b2591,rpoH,b2591,+,Weak
rpoH-ydeO,rpoH,ydeO,+,Strong
rpoH-creA,rpoH,creA,+,Strong
rpoH-creB,rpoH,creB,+,Strong
rpoH-creC,rpoH,creC,+,Strong
rpoH-yciH,rpoH,yciH,+,Strong
rpoH-clpX,rpoH,clpX,+,Strong
rpoH-clpP,rpoH,clpP,+,Strong
rpoH-mutL,rpoH,mutL,+,Strong
rpoH-mutM,rpoH,mutM,+,Strong
rpoH-bssS,rpoH,bssS,+,Strong
rpoH-pgpC,rpoH,pgpC,+,Weak
rpoH-yeaD,rpoH,yeaD,+,Strong
rpoH-pgpA,rpoH,pgpA,+,Strong
rpoH-clpB,rpoH,clpB,+,Strong
rpoH-osmF,rpoH,osmF,+,Strong
rpoH-ptsI,rpoH,ptsI,+,Strong
rpoH-ptsH,rpoH,ptsH,+,Strong
rpoH-b3851,rpoH,b3851,+,Weak
rpoH-b2589,rpoH,b2589,+,Weak
rpoH-b3853,rpoH,b3853,+,Weak
rpoH-b3852,rpoH,b3852,+,Weak
rpoH-ldhA,rpoH,ldhA,+,Strong
rpoH-crr,rpoH,crr,+,Strong
rpoH-grpE,rpoH,grpE,+,Strong
rpoH-ftsH,rpoH,ftsH,+,Strong
rpoH-b2590,rpoH,b2590,+,Weak
rpoH-yfjV,rpoH,yfjV,+,Strong
rpoH-hemW,rpoH,hemW,+,Strong
rpoH-b3275,rpoH,b3275,+,Strong
rpoH-b3274,rpoH,b3274,+,Strong
rpoH-b3277,rpoH,b3277,+,Strong
rpoH-b3276,rpoH,b3276,+,Strong
rpoH-yrfG,rpoH,yrfG,+,Strong
rpoH-waaF,rpoH,waaF,+,Strong
rpoH-b3273,rpoH,b3273,+,Strong
rpoH-b3272,rpoH,b3272,+,Strong
rpoH-lnt,rpoH,lnt,+,Strong
rpoH-zntR,rpoH,zntR,+,Strong
rpoH-b3278,rpoH,b3278,+,Strong
rpoH-waaL,rpoH,waaL,+,Strong
rpoH-b3969,rpoH,b3969,+,Strong
rpoH-b3968,rpoH,b3968,+,Strong
rpoH-gapA,rpoH,gapA,+,Strong
rpoH-lipB,rpoH,lipB,+,Strong
rpoH-trmA,rpoH,trmA,+,Strong
rpoH-metA,rpoH,metA,+,Strong
rpoH-b3756,rpoH,b3756,+,Weak
rpoH-b3757,rpoH,b3757,+,Weak
rpoH-b3758,rpoH,b3758,+,Weak
rpoH-b3759,rpoH,b3759,+,Weak
rpoH-ycjX,rpoH,ycjX,+,Strong
rpoH-yehR,rpoH,yehR,+,Strong
rpoH-ycjF,rpoH,ycjF,+,Strong
rpoH-yehW,rpoH,yehW,+,Strong
rpoH-mbiA,rpoH,mbiA,+,Strong
rpoH-b3970,rpoH,b3970,+,Strong
rpoH-b3971,rpoH,b3971,+,Strong
rpoH-ribE,rpoH,ribE,+,Strong
rpoH-htpX,rpoH,htpX,+,Strong
rpoH-hspQ,rpoH,hspQ,+,Strong
rpoH-mhpT,rpoH,mhpT,+,Weak
rpoH-tpke11,rpoH,tpke11,+,Strong
rpoH-yjiT,rpoH,yjiT,+,Strong
rpoH-cnoX,rpoH,cnoX,+,Strong
rpoH-ispH,rpoH,ispH,+,Strong
rpoH-ileS,rpoH,ileS,+,Strong
rpoH-yjaZ,rpoH,yjaZ,+,Strong
rpoH-htpG,rpoH,htpG,+,Strong
rpoH-tyrR,rpoH,tyrR,+,Strong
rpoH-yrdA,rpoH,yrdA,+,Strong
rpoH-rpoD,rpoH,rpoD,+,Strong
rpoH-b0205,rpoH,b0205,+,Strong
rpoH-b0204,rpoH,b0204,+,Strong
rpoH-mngB,rpoH,mngB,+,Weak
rpoH-b0201,rpoH,b0201,+,Strong
rpoH-b0203,rpoH,b0203,+,Strong
rpoH-b0202,rpoH,b0202,+,Strong
rpoH-lapA,rpoH,lapA,+,Strong
rpoH-lapB,rpoH,lapB,+,Strong
rpoH-yehX,rpoH,yehX,+,Strong
rpoH-yehY,rpoH,yehY,+,Strong
rpoH-hflC,rpoH,hflC,+,Strong
rpoH-pphA,rpoH,pphA,+,Strong
rpoH-lon,rpoH,lon,+,Strong
rpoH-hflK,rpoH,hflK,+,Strong
rpoH-cas1,rpoH,cas1,+,Strong
rpoH-cas2,rpoH,cas2,+,Strong
rpoH-yceJ,rpoH,yceJ,+,Strong
rpoH-yceI,rpoH,yceI,+,Strong
rpoH-tadA,rpoH,tadA,+,Weak
rpoH-hflX,rpoH,hflX,+,Strong
rpoH-xerD,rpoH,xerD,+,Strong
rpoH-phoQ,rpoH,phoQ,+,Strong
rpoH-casD,rpoH,casD,+,Strong
rpoH-yjhG,rpoH,yjhG,+,Strong
rpoH-raiA,rpoH,raiA,+,Strong
rpoH-rlmE,rpoH,rlmE,+,Strong
rpoH-yjhI,rpoH,yjhI,+,Strong
rpoH-yjhH,rpoH,yjhH,+,Strong
rpoH-b4007,rpoH,b4007,+,Weak
rpoH-rdgB,rpoH,rdgB,+,Strong
rpoH-thiL,rpoH,thiL,+,Strong
rpoH-prlC,rpoH,prlC,+,Strong
rpoH-b4009,rpoH,b4009,+,Weak
rpoH-b4008,rpoH,b4008,+,Weak
rpoH-rpmE,rpoH,rpmE,+,Strong
rpoH-lspA,rpoH,lspA,+,Strong
rpoH-bidA,rpoH,bidA,+,Strong
rpoH-b2588,rpoH,b2588,+,Weak
rpoH-mlc,rpoH,mlc,+,Strong
rpoH-yibA,rpoH,yibA,+,Strong
rpoH-b4433,rpoH,b4433,+,Strong
rpoH-yccE,rpoH,yccE,+,Strong
rpoH-nusB,rpoH,nusB,+,Strong
rpoH-yiaA,rpoH,yiaA,+,Strong
rpoH-hfq,rpoH,hfq,+,Strong
rpoH-ibpA,rpoH,ibpA,+,Strong
rpoH-can,rpoH,can,+,Strong
rpoH-ibpB,rpoH,ibpB,+,Strong
rpoH-ppiD,rpoH,ppiD,+,Strong
rpoH-dnaK,rpoH,dnaK,+,Strong
rpoH-dnaJ,rpoH,dnaJ,+,Strong
rpoH-holC,rpoH,holC,+,Strong
rpoH-dsbC,rpoH,dsbC,+,Strong
rpoH-casE,rpoH,casE,+,Strong
rpoH-hrsA,rpoH,hrsA,+,Weak
rpoH-miaA,rpoH,miaA,+,Strong
rpoH-phoP,rpoH,phoP,+,Strong
rpoH-hldD,rpoH,hldD,+,Strong
rpoH-rnlA,rpoH,rnlA,+,Strong
rpoH-narP,rpoH,narP,+,Strong
rpoH-b4010,rpoH,b4010,+,Weak
rpoH-rapA,rpoH,rapA,+,Strong
rpoH-ybeZ,rpoH,ybeZ,+,Strong
rpoH-ybeX,rpoH,ybeX,+,Strong
rpoH-ybeY,rpoH,ybeY,+,Strong
rpoH-fkpB,rpoH,fkpB,+,Strong
rpoH-glnS,rpoH,glnS,+,Strong
rpoH-ybeD,rpoH,ybeD,+,Strong
rpoH-ackA,rpoH,ackA,+,Weak
rpoH-hslU,rpoH,hslU,+,Strong
rpoH-sdaA,rpoH,sdaA,+,Strong
rpoH-yhdN,rpoH,yhdN,+,Strong
rpoH-valS,rpoH,valS,+,Strong
rpoH-rfaC,rpoH,rfaC,+,Strong
rpoH-nfuA,rpoH,nfuA,+,Strong
rpoH-groS,rpoH,groS,+,Strong
rpoH-pyrF,rpoH,pyrF,+,Strong
rpoH-ydhQ,rpoH,ydhQ,+,Strong
rpoH-recJ,rpoH,recJ,+,Strong
rpoH-b3855,rpoH,b3855,+,Weak
rpoH-groL,rpoH,groL,+,Strong
rpoH-b3854,rpoH,b3854,+,Weak
rpoH-yafD,rpoH,yafD,+,Strong
rpoH-yafE,rpoH,yafE,+,Strong
rpoH-hslO,rpoH,hslO,+,Strong
rpoH-hslR,rpoH,hslR,+,Strong
rpoH-hslV,rpoH,hslV,+,Strong
rpoH-ybfE,rpoH,ybfE,+,Weak
rpoH-yafU,rpoH,yafU,+,Strong
rpoH-raiZ,rpoH,raiZ,+,Strong
rpoH-topA,rpoH,topA,+,Strong
rpoN-prpD,rpoN,prpD,+,Weak
rpoN-prpE,rpoN,prpE,+,Weak
rpoN-norW,rpoN,norW,+,Strong
rpoN-norV,rpoN,norV,+,Strong
rpoN-xapB,rpoN,xapB,+,Strong
rpoN-sroC,rpoN,sroC,+,Weak
rpoN-rhaD,rpoN,rhaD,+,Weak
rpoN-rseB,rpoN,rseB,+,Strong
rpoN-rseC,rpoN,rseC,+,Strong
rpoN-rseA,rpoN,rseA,+,Strong
rpoN-emrD,rpoN,emrD,+,Weak
rpoN-focB,rpoN,focB,+,Strong
rpoN-rseD,rpoN,rseD,+,Strong
rpoN-prpC,rpoN,prpC,+,Weak
rpoN-hyfJ,rpoN,hyfJ,+,Strong
rpoN-hyfI,rpoN,hyfI,+,Strong
rpoN-hyfH,rpoN,hyfH,+,Strong
rpoN-hyfC,rpoN,hyfC,+,Strong
rpoN-hyfB,rpoN,hyfB,+,Strong
rpoN-hyfA,rpoN,hyfA,+,Strong
rpoN-hyfG,rpoN,hyfG,+,Strong
rpoN-hyfF,rpoN,hyfF,+,Strong
rpoN-hyfE,rpoN,hyfE,+,Strong
rpoN-hyfD,rpoN,hyfD,+,Strong
rpoN-pspG,rpoN,pspG,+,Strong
rpoN-zraR,rpoN,zraR,+,Weak
rpoN-hyfR,rpoN,hyfR,+,Strong
rpoN-rtcA,rpoN,rtcA,+,Strong
rpoN-zraP,rpoN,zraP,+,Weak
rpoN-astD,rpoN,astD,+,Strong
rpoN-pspB,rpoN,pspB,+,Strong
rpoN-hycG,rpoN,hycG,+,Strong
rpoN-hypE,rpoN,hypE,+,Strong
rpoN-hypD,rpoN,hypD,+,Strong
rpoN-hypF,rpoN,hypF,+,Strong
rpoN-hypA,rpoN,hypA,+,Strong
rpoN-ddpF,rpoN,ddpF,+,Weak
rpoN-hypC,rpoN,hypC,+,Strong
rpoN-hypB,rpoN,hypB,+,Strong
rpoN-radD,rpoN,radD,+,Weak
rpoN-acrD,rpoN,acrD,+,Weak
rpoN-hisM,rpoN,hisM,+,Weak
rpoN-hisJ,rpoN,hisJ,+,Weak
rpoN-flhC,rpoN,flhC,+,Weak
rpoN-hisP,rpoN,hisP,+,Weak
rpoN-hisQ,rpoN,hisQ,+,Weak
rpoN-flhD,rpoN,flhD,+,Weak
rpoN-rtcR,rpoN,rtcR,+,Weak
rpoN-b4441,rpoN,b4441,+,Strong
rpoN-yeaH,rpoN,yeaH,+,Weak
rpoN-ssnA,rpoN,ssnA,+,Weak
rpoN-hydN,rpoN,hydN,+,Strong
rpoN-dcuD,rpoN,dcuD,+,Weak
rpoN-rpoE,rpoN,rpoE,+,Strong
rpoN-rpoH,rpoN,rpoH,+,Strong
rpoN-amtB,rpoN,amtB,+,Weak
rpoN-xdhA,rpoN,xdhA,+,Strong
rpoN-gnsA,rpoN,gnsA,+,Strong
rpoN-ymjE,rpoN,ymjE,+,Weak
rpoN-argT,rpoN,argT,+,Weak
rpoN-patA,rpoN,patA,+,Strong
rpoN-gltK,rpoN,gltK,+,Weak
rpoN-gltJ,rpoN,gltJ,+,Weak
rpoN-gltL,rpoN,gltL,+,Weak
rpoN-fdhF,rpoN,fdhF,+,Strong
rpoN-htpG,rpoN,htpG,+,Weak
rpoN-pspH,rpoN,pspH,+,Strong
rpoN-zraS,rpoN,zraS,+,Weak
rpoN-rtcB,rpoN,rtcB,+,Strong
rpoN-astB,rpoN,astB,+,Strong
rpoN-pspD,rpoN,pspD,+,Strong
rpoN-pspC,rpoN,pspC,+,Strong
rpoN-astE,rpoN,astE,+,Strong
rpoN-pspA,rpoN,pspA,+,Strong
rpoN-potI,rpoN,potI,+,Weak
rpoN-potH,rpoN,potH,+,Weak
rpoN-potG,rpoN,potG,+,Weak
rpoN-potF,rpoN,potF,+,Weak
rpoN-relA,rpoN,relA,+,Strong
rpoN-prpB,rpoN,prpB,+,Weak
rpoN-yaaU,rpoN,yaaU,+,Weak
rpoN-gltI,rpoN,gltI,+,Weak
rpoN-ygfK,rpoN,ygfK,+,Weak
rpoN-rcdB,rpoN,rcdB,+,Weak
rpoN-yhdW,rpoN,yhdW,+,Weak
rpoN-yhdZ,rpoN,yhdZ,+,Weak
rpoN-puuP,rpoN,puuP,+,Weak
rpoN-yhdX,rpoN,yhdX,+,Weak
rpoN-hycD,rpoN,hycD,+,Strong
rpoN-hycE,rpoN,hycE,+,Strong
rpoN-hycF,rpoN,hycF,+,Strong
rpoN-yahE,rpoN,yahE,+,Weak
rpoN-hycA,rpoN,hycA,+,Strong
rpoN-hycB,rpoN,hycB,+,Strong
rpoN-hycC,rpoN,hycC,+,Strong
rpoN-hycH,rpoN,hycH,+,Strong
rpoN-hycI,rpoN,hycI,+,Strong
rpoN-ibpB,rpoN,ibpB,+,Strong
rpoN-atoB,rpoN,atoB,+,Weak
rpoN-atoA,rpoN,atoA,+,Weak
rpoN-atoD,rpoN,atoD,+,Weak
rpoN-atoE,rpoN,atoE,+,Weak
rpoN-nikB,rpoN,nikB,+,Weak
rpoN-nikC,rpoN,nikC,+,Weak
rpoN-nikA,rpoN,nikA,+,Weak
rpoN-nikD,rpoN,nikD,+,Weak
rpoN-nikE,rpoN,nikE,+,Weak
rpoN-actP,rpoN,actP,+,Weak
rpoN-yhdY,rpoN,yhdY,+,Weak
rpoN-nikR,rpoN,nikR,+,Weak
rpoN-rutB,rpoN,rutB,+,Weak
rpoN-rutA,rpoN,rutA,+,Weak
rpoN-rutG,rpoN,rutG,+,Weak
rpoN-rutF,rpoN,rutF,+,Weak
rpoN-rutE,rpoN,rutE,+,Weak
rpoN-rutD,rpoN,rutD,+,Weak
rpoN-astA,rpoN,astA,+,Strong
rpoN-glnK,rpoN,glnK,+,Weak
rpoN-nac,rpoN,nac,+,Strong
rpoN-xdhB,rpoN,xdhB,+,Strong
rpoN-glnH,rpoN,glnH,+,Strong
rpoN-ddpX,rpoN,ddpX,+,Weak
rpoN-glnL,rpoN,glnL,+,Strong
rpoN-glnA,rpoN,glnA,+,Strong
rpoN-glnG,rpoN,glnG,+,Strong
rpoN-ddpD,rpoN,ddpD,+,Weak
rpoN-glnQ,rpoN,glnQ,+,Strong
rpoN-glnP,rpoN,glnP,+,Strong
rpoN-ddpA,rpoN,ddpA,+,Weak
rpoN-ddpB,rpoN,ddpB,+,Weak
rpoN-ddpC,rpoN,ddpC,+,Weak
rpoN-chaC,rpoN,chaC,+,Weak
rpoN-pspE,rpoN,pspE,+,Strong
rpoN-yeaG,rpoN,yeaG,+,Weak
rpoN-rutC,rpoN,rutC,+,Weak
rpoN-aslB,rpoN,aslB,+,Weak
rpoN-xdhC,rpoN,xdhC,+,Strong
rpoN-astC,rpoN,astC,+,Strong
rpoN-fhlA,rpoN,fhlA,+,Strong
rpoN-glpQ,rpoN,glpQ,+,Strong
phoP-glgA,phoP,glgA,+,Strong
phoP-glgB,phoP,glgB,+,Weak
phoP-glgC,phoP,glgC,+,Weak
phoP-hdeA,phoP,hdeA,+,Strong
phoP-rstB,phoP,rstB,+,Strong
phoP-ydeP,phoP,ydeP,-,Weak
phoP-rutC,phoP,rutC,+,Weak
phoP-rutB,phoP,rutB,+,Weak
phoP-rutA,phoP,rutA,+,Weak
phoP-acrA,phoP,acrA,-,Weak
phoP-rstA,phoP,rstA,+,Strong
phoP-rutF,phoP,rutF,+,Weak
phoP-rutE,phoP,rutE,+,Weak
phoP-purD,phoP,purD,+,Weak
phoP-glgX,phoP,glgX,+,Weak
phoP-purH,phoP,purH,+,Weak
phoP-fadL,phoP,fadL,+,Weak
phoP-ompT,phoP,ompT,+,Weak
phoP-metB,phoP,metB,+,Weak
phoP-gadW,phoP,gadW,+,Strong
phoP-clpS,phoP,clpS,-,Weak
phoP-mgtS,phoP,mgtS,+,Weak
phoP-mgrB,phoP,mgrB,+,Strong
phoP-dcuD,phoP,dcuD,-,Weak
phoP-mgtL,phoP,mgtL,+,Strong
phoP-nagA,phoP,nagA,+,Strong
phoP-ydeO,phoP,ydeO,-,Strong
phoP-mgtA,phoP,mgtA,+,Strong
phoP-borD,phoP,borD,+,Strong
phoP-metL,phoP,metL,+,Weak
phoP-phoQ,phoP,phoQ,+-,Strong
phoP-phoP,phoP,phoP,+-,Strong
phoP-ygiB,phoP,ygiB,+,Weak
phoP-pagP,phoP,pagP,+,Weak
phoP-gadE,phoP,gadE,+,Weak
phoP-gadF,phoP,gadF,+,Weak
phoP-malS,phoP,malS,+,Weak
phoP-cysB,phoP,cysB,+,Weak
phoP-ybjG,phoP,ybjG,+,Weak
phoP-hdeD,phoP,hdeD,+,Strong
phoP-hdeB,phoP,hdeB,+,Strong
phoP-b4698,phoP,b4698,+,Weak
phoP-glgP,phoP,glgP,+,Strong
phoP-tolC,phoP,tolC,+,Weak
phoP-treR,phoP,treR,-,Strong
phoP-yhiD,phoP,yhiD,+,Strong
phoP-acrB,phoP,acrB,-,Weak
phoP-rutD,phoP,rutD,+,Weak
phoP-hemL,phoP,hemL,+,Strong
phoP-iraM,phoP,iraM,+,Strong
phoP-safA,phoP,safA,-,Strong
phoP-yrbL,phoP,yrbL,+,Strong
phoP-slyB,phoP,slyB,+-,Strong
phoP-rutG,phoP,rutG,+,Weak
phoP-ygiC,phoP,ygiC,+,Weak
phoP-argD,phoP,argD,-,Weak
phoB-pstS,phoB,pstS,+,Strong
phoB-psiE,phoB,psiE,+,Strong
phoB-psiF,phoB,psiF,+,Strong
phoB-eda,phoB,eda,-,Strong
phoB-phnP,phoB,phnP,+,Strong
phoB-ugpE,phoB,ugpE,+-,Strong
phoB-rspR,phoB,rspR,+,Strong
phoB-ugpA,phoB,ugpA,+-,Strong
phoB-ugpB,phoB,ugpB,+-,Strong
phoB-ugpC,phoB,ugpC,+-,Strong
phoB-phnF,phoB,phnF,+,Strong
phoB-phnG,phoB,phnG,+,Strong
phoB-phnD,phoB,phnD,+,Strong
phoB-phnE,phoB,phnE,+,Strong
phoB-prpR,phoB,prpR,-,Strong
phoB-phnC,phoB,phnC,+,Strong
phoB-phnN,phoB,phnN,+,Strong
phoB-phnO,phoB,phnO,+,Strong
phoB-phnL,phoB,phnL,+,Strong
phoB-phnM,phoB,phnM,+,Strong
phoB-phnJ,phoB,phnJ,+,Strong
phoB-phnK,phoB,phnK,+,Strong
phoB-phnH,phoB,phnH,+,Strong
phoB-phnI,phoB,phnI,+,Strong
phoB-gadW,phoB,gadW,+,Strong
phoB-phoR,phoB,phoR,+,Strong
phoB-yegH,phoB,yegH,+,Strong
phoB-ugpQ,phoB,ugpQ,+-,Strong
phoB-sbcC,phoB,sbcC,-,Strong
phoB-ompF,phoB,ompF,+,Strong
phoB-cusB,phoB,cusB,+,Strong
phoB-tktB,phoB,tktB,+,Strong
phoB-sbcD,phoB,sbcD,-,Strong
phoB-rcdB,phoB,rcdB,+,Strong
phoB-feaR,phoB,feaR,-,Strong
phoB-ytfK,phoB,ytfK,+,Strong
phoB-phoQ,phoB,phoQ,+,Strong
phoB-asr,phoB,asr,+,Strong
phoB-waaH,phoB,waaH,+,Strong
phoB-phoU,phoB,phoU,+,Strong
phoB-amn,phoB,amn,+,Strong
phoB-phoA,phoB,phoA,+,Strong
phoB-phoB,phoB,phoB,+,Strong
phoB-gadX,phoB,gadX,+,Strong
phoB-phoH,phoB,phoH,+,Strong
phoB-pitB,phoB,pitB,-,Strong
phoB-pstC,phoB,pstC,+,Strong
phoB-cusS,phoB,cusS,+,Strong
phoB-cusR,phoB,cusR,+,Strong
phoB-pstB,phoB,pstB,+,Strong
phoB-argP,phoB,argP,+,Strong
phoB-mipA,phoB,mipA,+,Strong
phoB-pstA,phoB,pstA,+,Strong
phoB-cusA,phoB,cusA,+,Strong
phoB-cusC,phoB,cusC,+,Strong
phoB-adiC,phoB,adiC,+,Strong
phoB-cra,phoB,cra,-,Strong
phoB-yedX,phoB,yedX,+,Strong
phoB-cusF,phoB,cusF,+,Strong
phoB-phoE,phoB,phoE,+,Strong
narP-norW,narP,norW,-,Weak
narP-nirC,narP,nirC,+,Strong
narP-fdnG,narP,fdnG,-,Strong
narP-fdnH,narP,fdnH,-,Strong
narP-fdnI,narP,fdnI,-,Strong
narP-ydeP,narP,ydeP,-,Strong
narP-napG,narP,napG,+-,Strong
narP-napF,narP,napF,+-,Strong
narP-ydhW,narP,ydhW,-,Strong
narP-napD,narP,napD,+-,Strong
narP-napC,narP,napC,+-,Strong
narP-napB,narP,napB,+-,Strong
narP-napA,narP,napA,+-,Strong
narP-nirB,narP,nirB,+,Strong
narP-yoaG,narP,yoaG,+,Weak
narP-norV,narP,norV,-,Weak
narP-napH,narP,napH,+-,Strong
narP-hcr,narP,hcr,+,Weak
narP-hcp,narP,hcp,+,Weak
narP-nrfF,narP,nrfF,+,Strong
narP-nrfG,narP,nrfG,+,Strong
narP-nrfD,narP,nrfD,+,Strong
narP-nrfE,narP,nrfE,+,Strong
narP-nrfB,narP,nrfB,+,Strong
narP-nrfC,narP,nrfC,+,Strong
narP-nrfA,narP,nrfA,+,Strong
narP-ytfE,narP,ytfE,+,Weak
narP-ccmC,narP,ccmC,+-,Strong
narP-poxB,narP,poxB,+,Weak
narP-ccmB,narP,ccmB,+-,Strong
narP-dsbE,narP,dsbE,+-,Strong
narP-cysG,narP,cysG,+,Strong
narP-yeaR,narP,yeaR,+,Weak
narP-ydhY,narP,ydhY,-,Strong
narP-ydhX,narP,ydhX,-,Strong
narP-ccmH,narP,ccmH,+-,Strong
narP-ccmE,narP,ccmE,+-,Strong
narP-ccmD,narP,ccmD,+-,Strong
narP-ccmF,narP,ccmF,+-,Strong
narP-ccmA,narP,ccmA,+-,Strong
narP-ydhV,narP,ydhV,-,Strong
narP-ydhU,narP,ydhU,-,Strong
narP-ydhT,narP,ydhT,-,Strong
narP-hyaB,narP,hyaB,-,Weak
narP-hyaC,narP,hyaC,-,Weak
narP-hyaA,narP,hyaA,-,Weak
narP-hyaF,narP,hyaF,-,Weak
narP-hyaD,narP,hyaD,-,Weak
narP-hyaE,narP,hyaE,-,Weak
narP-nirD,narP,nirD,+,Strong
narP-fdhF,narP,fdhF,+,Strong
narL-torD,narL,torD,-,Strong
narL-norW,narL,norW,-,Weak
narL-aspA,narL,aspA,-,Strong
narL-torC,narL,torC,-,Strong
narL-poxB,narL,poxB,+,Strong
narL-ydeP,narL,ydeP,+,Strong
narL-dmsD,narL,dmsD,-,Strong
narL-nirD,narL,nirD,+,Strong
narL-moeA,narL,moeA,+,Weak
narL-dmsA,narL,dmsA,-,Strong
narL-nirC,narL,nirC,+,Strong
narL-nirB,narL,nirB,+,Strong
narL-torA,narL,torA,-,Strong
narL-norV,narL,norV,-,Weak
narL-ompW,narL,ompW,-,Strong
narL-frdA,narL,frdA,-,Strong
narL-frdB,narL,frdB,-,Strong
narL-frdC,narL,frdC,-,Strong
narL-frdD,narL,frdD,-,Strong
narL-fumB,narL,fumB,-,Weak
narL-moeB,narL,moeB,+,Weak
narL-nuoB,narL,nuoB,+,Weak
narL-nuoC,narL,nuoC,+,Weak
narL-nuoA,narL,nuoA,+,Weak
narL-nuoF,narL,nuoF,+,Weak
narL-nuoG,narL,nuoG,+,Weak
narL-nuoE,narL,nuoE,+,Weak
narL-nuoJ,narL,nuoJ,+,Weak
narL-nuoK,narL,nuoK,+,Weak
narL-nuoH,narL,nuoH,+,Weak
narL-nuoI,narL,nuoI,+,Weak
narL-nuoN,narL,nuoN,+,Weak
narL-nuoL,narL,nuoL,+,Weak
narL-nuoM,narL,nuoM,+,Weak
narL-dmsB,narL,dmsB,-,Strong
narL-dmsC,narL,dmsC,-,Strong
narL-hcr,narL,hcr,+,Strong
narL-hcp,narL,hcp,+,Strong
narL-nrfB,narL,nrfB,+-,Strong
narL-ytfE,narL,ytfE,+,Weak
narL-yeaR,narL,yeaR,+,Strong
narL-cydC,narL,cydC,+,Weak
narL-cydD,narL,cydD,+,Weak
narL-cysG,narL,cysG,+,Strong
narL-dcuA,narL,dcuA,-,Strong
narL-dcuB,narL,dcuB,-,Weak
narL-caiF,narL,caiF,-,Strong
narL-ccmH,narL,ccmH,-,Strong
narL-ccmE,narL,ccmE,-,Strong
narL-ccmD,narL,ccmD,-,Strong
narL-ccmF,narL,ccmF,-,Strong
narL-ccmA,narL,ccmA,-,Strong
narL-dcuR,narL,dcuR,-,Strong
narL-dcuS,narL,dcuS,-,Strong
narL-nrfF,narL,nrfF,+-,Strong
narL-dpiA,narL,dpiA,-,Weak
narL-fdhF,narL,fdhF,-,Strong
narL-citX,narL,citX,-,Weak
narL-fdnG,narL,fdnG,+,Strong
narL-fdnH,narL,fdnH,+,Strong
narL-fdnI,narL,fdnI,+,Strong
narL-napG,narL,napG,-,Strong
narL-napF,narL,napF,-,Strong
narL-napD,narL,napD,-,Strong
narL-napC,narL,napC,-,Strong
narL-napB,narL,napB,-,Strong
narL-napA,narL,napA,-,Strong
narL-citC,narL,citC,-,Weak
narL-citD,narL,citD,-,Weak
narL-citE,narL,citE,-,Weak
narL-citF,narL,citF,-,Weak
narL-citG,narL,citG,-,Weak
narL-hybG,narL,hybG,-,Weak
narL-hybF,narL,hybF,-,Weak
narL-hybE,narL,hybE,-,Weak
narL-hybD,narL,hybD,-,Weak
narL-hybC,narL,hybC,-,Weak
narL-hybB,narL,hybB,-,Weak
narL-hybA,narL,hybA,-,Weak
narL-hybO,narL,hybO,-,Weak
narL-nrfG,narL,nrfG,+-,Strong
narL-nrfD,narL,nrfD,+-,Strong
narL-nrfE,narL,nrfE,+-,Strong
narL-pflB,narL,pflB,-,Strong
narL-nrfC,narL,nrfC,+-,Strong
narL-nrfA,narL,nrfA,+-,Strong
narL-ccmC,narL,ccmC,-,Strong
narL-ynfH,narL,ynfH,-,Strong
narL-ynfG,narL,ynfG,-,Strong
narL-ynfF,narL,ynfF,-,Strong
narL-ynfE,narL,ynfE,-,Strong
narL-ccmB,narL,ccmB,-,Strong
narL-yoaG,narL,yoaG,+,Strong
narL-ogt,narL,ogt,+,Strong
narL-napH,narL,napH,-,Strong
narL-focA,narL,focA,-,Strong
narL-ubiC,narL,ubiC,-,Strong
narL-ubiA,narL,ubiA,-,Strong
narL-nikB,narL,nikB,-,Strong
narL-nikC,narL,nikC,-,Strong
narL-nikA,narL,nikA,-,Strong
narL-nikD,narL,nikD,-,Strong
narL-nikE,narL,nikE,-,Strong
narL-narS,narL,narS,+,Strong
narL-nikR,narL,nikR,-,Strong
narL-narI,narL,narI,+,Strong
narL-narH,narL,narH,+,Strong
narL-narK,narL,narK,+,Strong
narL-narJ,narL,narJ,+,Strong
narL-narG,narL,narG,+,Strong
narL-dpiB,narL,dpiB,-,Weak
narL-adhE,narL,adhE,-,Weak
narL-dsbE,narL,dsbE,-,Strong
narL-ydhY,narL,ydhY,-,Strong
narL-ydhX,narL,ydhX,-,Strong
narL-ydhW,narL,ydhW,-,Strong
narL-ydhV,narL,ydhV,-,Strong
narL-ydhU,narL,ydhU,-,Strong
narL-ydhT,narL,ydhT,-,Strong
narL-hyaB,narL,hyaB,-,Weak
narL-hyaC,narL,hyaC,-,Weak
narL-hyaA,narL,hyaA,-,Weak
narL-hyaF,narL,hyaF,-,Weak
narL-hyaD,narL,hyaD,-,Weak
narL-hyaE,narL,hyaE,-,Weak
higA-higA,higA,higA,-,Strong
higA-higB,higA,higB,-,Strong
paaX-paaZ,paaX,paaZ,-,Strong
paaX-paaX,paaX,paaX,-,Strong
paaX-paaY,paaX,paaY,-,Strong
paaX-paaB,paaX,paaB,-,Strong
paaX-paaC,paaX,paaC,-,Strong
paaX-paaA,paaX,paaA,-,Strong
paaX-paaF,paaX,paaF,-,Strong
paaX-paaG,paaX,paaG,-,Strong
paaX-paaD,paaX,paaD,-,Strong
paaX-paaE,paaX,paaE,-,Strong
paaX-paaJ,paaX,paaJ,-,Strong
paaX-paaK,paaX,paaK,-,Strong
paaX-paaH,paaX,paaH,-,Strong
paaX-paaI,paaX,paaI,-,Strong
sdiA-rflP,sdiA,rflP,+,Strong
sdiA-ftsA,sdiA,ftsA,-,Strong
sdiA-rsd,sdiA,rsd,+,Strong
sdiA-b4452,sdiA,b4452,+,Strong
sdiA-rmf,sdiA,rmf,+,Strong
sdiA-ftsQ,sdiA,ftsQ,+-,Strong
sdiA-gadW,sdiA,gadW,+,Strong
sdiA-ftsZ,sdiA,ftsZ,-,Strong
modE-napA,modE,napA,+,Strong
modE-moaE,modE,moaE,+,Strong
modE-moaD,modE,moaD,+,Strong
modE-moaC,modE,moaC,+,Strong
modE-moaB,modE,moaB,+,Strong
modE-moaA,modE,moaA,+,Strong
modE-napG,modE,napG,+,Strong
modE-narL,modE,narL,+,Strong
modE-napD,modE,napD,+,Strong
modE-napC,modE,napC,+,Strong
modE-napB,modE,napB,+,Strong
modE-dmsB,modE,dmsB,-,Strong
modE-dmsC,modE,dmsC,-,Strong
modE-deoA,modE,deoA,-,Strong
modE-deoB,modE,deoB,-,Strong
modE-deoC,modE,deoC,-,Strong
modE-deoD,modE,deoD,-,Strong
modE-napH,modE,napH,+,Strong
modE-dsbE,modE,dsbE,+,Strong
modE-dmsA,modE,dmsA,-,Strong
modE-oppA,modE,oppA,-,Strong
modE-modA,modE,modA,-,Strong
modE-oppC,modE,oppC,-,Strong
modE-modC,modE,modC,-,Strong
modE-oppD,modE,oppD,-,Strong
modE-oppF,modE,oppF,-,Strong
modE-ccmE,modE,ccmE,+,Strong
modE-ccmD,modE,ccmD,+,Strong
modE-ccmF,modE,ccmF,+,Strong
modE-ccmA,modE,ccmA,+,Strong
modE-ccmC,modE,ccmC,+,Strong
modE-ccmB,modE,ccmB,+,Strong
modE-hycD,modE,hycD,+,Strong
modE-hycE,modE,hycE,+,Strong
modE-hycF,modE,hycF,+,Strong
modE-hycG,modE,hycG,+,Strong
modE-hycA,modE,hycA,+,Strong
modE-hycB,modE,hycB,+,Strong
modE-napF,modE,napF,+,Strong
modE-narX,modE,narX,+,Strong
modE-hycC,modE,hycC,+,Strong
modE-hycH,modE,hycH,+,Strong
modE-hycI,modE,hycI,+,Strong
modE-oppB,modE,oppB,-,Strong
modE-modB,modE,modB,-,Strong
modE-ccmH,modE,ccmH,+,Strong
metR-metR,metR,metR,-,Strong
metR-metH,metR,metH,+,Weak
metR-glyA,metR,glyA,+-,Strong
metR-hmp,metR,hmp,+,Strong
metR-metE,metR,metE,+,Strong
metJ-metR,metJ,metR,-,Strong
metJ-folE,metJ,folE,-,Strong
metJ-metQ,metJ,metQ,-,Weak
metJ-ahpF,metJ,ahpF,-,Weak
metJ-ahpC,metJ,ahpC,-,Weak
metJ-yeiB,metJ,yeiB,-,Strong
metJ-metB,metJ,metB,-,Weak
metJ-metC,metJ,metC,-,Strong
metJ-metA,metJ,metA,-,Strong
metJ-metF,metJ,metF,-,Strong
metJ-metE,metJ,metE,-,Strong
metJ-metK,metJ,metK,-,Weak
metJ-metI,metJ,metI,-,Weak
metJ-metN,metJ,metN,-,Weak
metJ-metL,metJ,metL,-,Weak
caiF-caiT,caiF,caiT,+,Strong
caiF-fixX,caiF,fixX,+,Strong
caiF-caiE,caiF,caiE,+,Strong
caiF-caiD,caiF,caiD,+,Strong
caiF-caiC,caiF,caiC,+,Strong
caiF-caiB,caiF,caiB,+,Strong
caiF-caiA,caiF,caiA,+,Strong
caiF-fixC,caiF,fixC,+,Strong
caiF-fixB,caiF,fixB,+,Strong
caiF-fixA,caiF,fixA,+,Strong
mprA-mprA,mprA,mprA,-,Strong
mprA-nmpC,mprA,nmpC,-,Strong
mprA-acrB,mprA,acrB,-,Strong
mprA-acrA,mprA,acrA,-,Strong
mprA-emrA,mprA,emrA,-,Strong
mprA-emrB,mprA,emrB,-,Strong
norR-norR,norR,norR,-,Strong
norR-norW,norR,norW,+,Strong
norR-norV,norR,norV,+,Strong
rsd-rpoD,rsd,rpoD,-,Weak
xylR-araC,xylR,araC,-,Strong
xylR-xylR,xylR,xylR,+,Strong
xylR-xylH,xylR,xylH,+,Strong
xylR-xylA,xylR,xylA,+,Strong
xylR-xylB,xylR,xylB,+,Strong
xylR-xylE,xylR,xylE,+,Strong
xylR-xylG,xylR,xylG,+,Strong
xylR-xylF,xylR,xylF,+,Strong
dnaA-yjeV,dnaA,yjeV,-,Strong
dnaA-nrdA,dnaA,nrdA,+-,Strong
dnaA-nrdB,dnaA,nrdB,+-,Strong
dnaA-recN,dnaA,recN,-,Strong
dnaA-guaB,dnaA,guaB,-,Strong
dnaA-guaA,dnaA,guaA,-,Strong
dnaA-recF,dnaA,recF,+-,Strong
dnaA-dnaA,dnaA,dnaA,+-,Strong
dnaA-yfaE,dnaA,yfaE,+-,Strong
dnaA-polA,dnaA,polA,+,Strong
dnaA-rpoH,dnaA,rpoH,-,Strong
dnaA-uvrB,dnaA,uvrB,-,Strong
dnaA-aldA,dnaA,aldA,-,Strong
dnaA-dnaN,dnaA,dnaN,+-,Strong
dnaK-rpoH,dnaK,rpoH,-,Weak
trpR-yaiA,trpR,yaiA,-,Strong
trpR-trpL,trpR,trpL,-,Strong
trpR-mtr,trpR,mtr,-,Strong
trpR-trpC,trpR,trpC,-,Strong
trpR-trpA,trpR,trpA,-,Strong
trpR-trpD,trpR,trpD,-,Strong
trpR-trpE,trpR,trpE,-,Strong
trpR-trpB,trpR,trpB,-,Strong
trpR-trpR,trpR,trpR,-,Strong
trpR-aroH,trpR,aroH,-,Strong
trpR-aroL,trpR,aroL,-,Strong
trpR-aroM,trpR,aroM,-,Strong
envY-ompF,envY,ompF,+,Strong
envY-ompC,envY,ompC,+,Strong
ydeO-hyaB,ydeO,hyaB,+,Strong
ydeO-hyaC,ydeO,hyaC,+,Strong
ydeO-hyaA,ydeO,hyaA,+,Strong
ydeO-hyaF,ydeO,hyaF,+,Strong
ydeO-hyaD,ydeO,hyaD,+,Strong
ydeO-appX,ydeO,appX,+,Strong
ydeO-gadE,ydeO,gadE,+,Strong
ydeO-gadF,ydeO,gadF,+,Strong
ydeO-hyaE,ydeO,hyaE,+,Strong
ydeO-slp,ydeO,slp,+,Strong
ydeO-safA,ydeO,safA,-,Strong
ydeO-dctR,ydeO,dctR,+,Strong
ydeO-ydeO,ydeO,ydeO,-,Strong
ydeO-uspD,ydeO,uspD,+,Strong
ydeO-mdtF,ydeO,mdtF,+,Strong
ydeO-mdtE,ydeO,mdtE,+,Strong
ydeO-yiiS,ydeO,yiiS,+,Strong
ydeO-gadW,ydeO,gadW,+,Strong
ydeO-appC,ydeO,appC,+,Strong
ydeO-appB,ydeO,appB,+,Strong
ydeO-appA,ydeO,appA,+,Strong
nagC-nanM,nagC,nanM,-,Strong
nagC-nanC,nagC,nanC,-,Strong
nagC-ydeP,nagC,ydeP,-,Strong
nagC-ydeM,nagC,ydeM,-,Strong
nagC-ydeN,nagC,ydeN,-,Strong
nagC-creA,nagC,creA,-,Strong
nagC-creB,nagC,creB,-,Strong
nagC-creC,nagC,creC,-,Strong
nagC-creD,nagC,creD,-,Strong
nagC-nanS,nagC,nanS,-,Strong
nagC-chiZ,nagC,chiZ,-,Strong
nagC-galP,nagC,galP,-,Strong
nagC-chiP,nagC,chiP,-,Strong
nagC-dinI,nagC,dinI,-,Strong
nagC-nagE,nagC,nagE,-,Strong
nagC-nagB,nagC,nagB,-,Strong
nagC-nagC,nagC,nagC,-,Strong
nagC-nagA,nagC,nagA,-,Strong
nagC-feoB,nagC,feoB,?,Strong
nagC-feoC,nagC,feoC,?,Strong
nagC-feoA,nagC,feoA,?,Strong
nagC-umpH,nagC,umpH,-,Strong
nagC-chbG,nagC,chbG,-,Strong
nagC-manX,nagC,manX,-,Strong
nagC-manY,nagC,manY,-,Strong
nagC-manZ,nagC,manZ,-,Strong
nagC-ptsI,nagC,ptsI,-,Strong
nagC-ptsH,nagC,ptsH,-,Strong
nagC-chbB,nagC,chbB,-,Strong
nagC-crr,nagC,crr,-,Strong
nagC-chbF,nagC,chbF,-,Strong
nagC-glmU,nagC,glmU,+-,Strong
nagC-chbC,nagC,chbC,-,Strong
nagC-glmS,nagC,glmS,+-,Strong
nagC-chbA,nagC,chbA,-,Strong
nagC-fimB,nagC,fimB,+,Strong
nagC-chbR,nagC,chbR,-,Strong
nagC-ybfN,nagC,ybfN,-,Strong
feaR-feaB,feaR,feaB,+,Strong
feaR-tynA,feaR,tynA,+,Strong
uidR-uidB,uidR,uidB,-,Weak
uidR-uidR,uidR,uidR,-,Strong
uidR-uidC,uidR,uidC,-,Weak
uidR-uidA,uidR,uidA,-,Weak
tyrR-aroP,tyrR,aroP,-,Strong
tyrR-tyrR,tyrR,tyrR,-,Weak
tyrR-tyrP,tyrR,tyrP,+-,Strong
tyrR-mtr,tyrR,mtr,+,Strong
tyrR-tyrB,tyrR,tyrB,-,Strong
tyrR-tyrA,tyrR,tyrA,-,Strong
tyrR-folA,tyrR,folA,+,Strong
tyrR-aroF,tyrR,aroF,-,Strong
tyrR-aroG,tyrR,aroG,-,Strong
tyrR-aroL,tyrR,aroL,-,Strong
tyrR-aroM,tyrR,aroM,-,Strong
tyrR-yaiA,tyrR,yaiA,-,Strong
hprR-cusS,hprR,cusS,+,Strong
hprR-cusR,hprR,cusR,+,Strong
hprR-cusA,hprR,cusA,+,Strong
hprR-cusC,hprR,cusC,+,Strong
hprR-cusB,hprR,cusB,+,Strong
hprR-yedX,hprR,yedX,+,Strong
hprR-cusF,hprR,cusF,+,Strong
hprR-cyoA,hprR,cyoA,-,Weak
hprR-cyoC,hprR,cyoC,-,Weak
hprR-cyoB,hprR,cyoB,-,Weak
hprR-cyoE,hprR,cyoE,-,Weak
hprR-cyoD,hprR,cyoD,-,Weak
sgrR-alaC,sgrR,alaC,+,Strong
sgrR-setA,sgrR,setA,+,Strong
sgrR-sgrT,sgrR,sgrT,+,Strong
sgrR-thiQ,sgrR,thiQ,-,Strong
sgrR-thiP,sgrR,thiP,-,Strong
sgrR-sgrR,sgrR,sgrR,-,Strong
sgrR-sroA,sgrR,sroA,-,Strong
sgrR-b4577,sgrR,b4577,+,Strong
sgrR-thiB,sgrR,thiB,-,Strong
agaR-agaC,agaR,agaC,-,Strong
agaR-agaB,agaR,agaB,-,Strong
agaR-agaA,agaR,agaA,-,Strong
agaR-kbaY,agaR,kbaY,-,Strong
agaR-kbaZ,agaR,kbaZ,-,Strong
agaR-agaD,agaR,agaD,-,Strong
agaR-agaI,agaR,agaI,-,Strong
agaR-agaS,agaR,agaS,-,Strong
agaR-agaR,agaR,agaR,-,Strong
agaR-agaW,agaR,agaW,-,Strong
agaR-agaV,agaR,agaV,-,Strong
fabR-fabA,fabR,fabA,-,Strong
fabR-fabB,fabR,fabB,-,Strong
arsR-arsB,arsR,arsB,-,Strong
arsR-arsR,arsR,arsR,-,Strong
arsR-arsC,arsR,arsC,-,Strong
nsrR-cdd,nsrR,cdd,-,Weak
nsrR-norR,nsrR,norR,-,Weak
nsrR-yoaG,nsrR,yoaG,-,Weak
nsrR-grxD,nsrR,grxD,-,Weak
nsrR-poxB,nsrR,poxB,-,Strong
nsrR-tehA,nsrR,tehA,-,Weak
nsrR-tehB,nsrR,tehB,-,Weak
nsrR-moeB,nsrR,moeB,+,Strong
nsrR-moeA,nsrR,moeA,+,Strong
nsrR-sufB,nsrR,sufB,-,Weak
nsrR-sufC,nsrR,sufC,-,Weak
nsrR-sufA,nsrR,sufA,-,Weak
nsrR-sufD,nsrR,sufD,-,Weak
nsrR-sufE,nsrR,sufE,-,Weak
nsrR-feaB,nsrR,feaB,-,Weak
nsrR-dsdC,nsrR,dsdC,-,Weak
nsrR-sufS,nsrR,sufS,-,Weak
nsrR-pgpC,nsrR,pgpC,-,Weak
nsrR-feaR,nsrR,feaR,-,Weak
nsrR-mepH,nsrR,mepH,-,Weak
nsrR-lrp,nsrR,lrp,-,Weak
nsrR-ygbA,nsrR,ygbA,-,Weak
nsrR-hypE,nsrR,hypE,-,Weak
nsrR-hypD,nsrR,hypD,-,Weak
nsrR-hypA,nsrR,hypA,-,Weak
nsrR-hypC,nsrR,hypC,-,Weak
nsrR-hypB,nsrR,hypB,-,Weak
nsrR-ydbD,nsrR,ydbD,-,Weak
nsrR-wzzE,nsrR,wzzE,-,Weak
nsrR-rfe,nsrR,rfe,-,Weak
nsrR-rplT,nsrR,rplT,-,Weak
nsrR-waaH,nsrR,waaH,-,Weak
nsrR-hcr,nsrR,hcr,-,Strong
nsrR-rffG,nsrR,rffG,-,Weak
nsrR-hcp,nsrR,hcp,-,Strong
nsrR-rffA,nsrR,rffA,-,Weak
nsrR-rffM,nsrR,rffM,-,Weak
nsrR-ytfE,nsrR,ytfE,-,Strong
nsrR-yeaR,nsrR,yeaR,-,Weak
nsrR-tsgA,nsrR,tsgA,-,Weak
nsrR-sodB,nsrR,sodB,-,Weak
nsrR-ndh,nsrR,ndh,-,Weak
nsrR-mhpT,nsrR,mhpT,-,Weak
nsrR-pheM,nsrR,pheM,-,Weak
nsrR-pheS,nsrR,pheS,-,Weak
nsrR-bamE,nsrR,bamE,-,Weak
nsrR-nrfC,nsrR,nrfC,-,Strong
nsrR-dkgB,nsrR,dkgB,-,Weak
nsrR-thrS,nsrR,thrS,-,Weak
nsrR-nrfF,nsrR,nrfF,-,Strong
nsrR-nrfG,nsrR,nrfG,-,Strong
nsrR-nrfD,nsrR,nrfD,-,Strong
nsrR-nrfE,nsrR,nrfE,-,Strong
nsrR-nrfB,nsrR,nrfB,-,Strong
nsrR-wzyE,nsrR,wzyE,-,Weak
nsrR-nrfA,nsrR,nrfA,-,Strong
nsrR-tadA,nsrR,tadA,-,Weak
nsrR-tcyJ,nsrR,tcyJ,-,Strong
nsrR-fliZ,nsrR,fliZ,-,Strong
nsrR-infC,nsrR,infC,-,Weak
nsrR-rpmI,nsrR,rpmI,-,Weak
nsrR-ihfA,nsrR,ihfA,-,Weak
nsrR-fliA,nsrR,fliA,-,Strong
nsrR-hycD,nsrR,hycD,-,Weak
nsrR-hycE,nsrR,hycE,-,Weak
nsrR-hycF,nsrR,hycF,-,Weak
nsrR-hycG,nsrR,hycG,-,Weak
nsrR-hycA,nsrR,hycA,-,Weak
nsrR-hycB,nsrR,hycB,-,Weak
nsrR-hycC,nsrR,hycC,-,Weak
nsrR-wecD,nsrR,wecD,-,Weak
nsrR-bdcA,nsrR,bdcA,-,Weak
nsrR-wecF,nsrR,wecF,-,Weak
nsrR-hycH,nsrR,hycH,-,Weak
nsrR-hycI,nsrR,hycI,-,Weak
nsrR-wecB,nsrR,wecB,-,Weak
nsrR-aceF,nsrR,aceF,-,Weak
nsrR-aceE,nsrR,aceE,-,Weak
nsrR-rmlA2,nsrR,rmlA2,-,Weak
nsrR-yeaE,nsrR,yeaE,-,Weak
nsrR-hmp,nsrR,hmp,-,Weak
nsrR-pheT,nsrR,pheT,-,Weak
nsrR-rffD,nsrR,rffD,-,Weak
nsrR-b4417,nsrR,b4417,-,Strong
nsrR-fhlA,nsrR,fhlA,-,Weak
nsrR-wzxE,nsrR,wzxE,-,Weak
fhlA-hyfJ,fhlA,hyfJ,+,Strong
fhlA-hyfI,fhlA,hyfI,+,Strong
fhlA-hyfH,fhlA,hyfH,+,Strong
fhlA-hyfC,fhlA,hyfC,+,Strong
fhlA-hyfB,fhlA,hyfB,+,Strong
fhlA-hyfA,fhlA,hyfA,+,Strong
fhlA-hyfG,fhlA,hyfG,+,Strong
fhlA-hyfF,fhlA,hyfF,+,Strong
fhlA-hyfE,fhlA,hyfE,+,Strong
fhlA-hyfD,fhlA,hyfD,+,Strong
fhlA-hyfR,fhlA,hyfR,+,Strong
fhlA-hydN,fhlA,hydN,+,Strong
fhlA-fhlA,fhlA,fhlA,+,Strong
fhlA-hypE,fhlA,hypE,+,Strong
fhlA-hypD,fhlA,hypD,+,Strong
fhlA-focB,fhlA,focB,+,Strong
fhlA-hypF,fhlA,hypF,+,Strong
fhlA-hypA,fhlA,hypA,+,Strong
fhlA-hypC,fhlA,hypC,+,Strong
fhlA-hypB,fhlA,hypB,+,Strong
fhlA-hycD,fhlA,hycD,+,Strong
fhlA-hycE,fhlA,hycE,+,Strong
fhlA-hycF,fhlA,hycF,+,Strong
fhlA-hycG,fhlA,hycG,+,Strong
fhlA-hycA,fhlA,hycA,+,Strong
fhlA-hycB,fhlA,hycB,+,Strong
fhlA-hycC,fhlA,hycC,+,Strong
fhlA-hycH,fhlA,hycH,+,Strong
fhlA-hycI,fhlA,hycI,+,Strong
fhlA-fdhF,fhlA,fdhF,+,Strong
iscR-selO,iscR,selO,+,Strong
iscR-rnlA,iscR,rnlA,-,Strong
iscR-rnlB,iscR,rnlB,-,Strong
iscR-napG,iscR,napG,-,Strong
iscR-napF,iscR,napF,-,Strong
iscR-napD,iscR,napD,-,Strong
iscR-napC,iscR,napC,-,Strong
iscR-napB,iscR,napB,-,Strong
iscR-napA,iscR,napA,-,Strong
iscR-napH,iscR,napH,-,Strong
iscR-sufB,iscR,sufB,+,Strong
iscR-sufC,iscR,sufC,+,Strong
iscR-sufA,iscR,sufA,+,Strong
iscR-nrdE,iscR,nrdE,+,Strong
iscR-nrdF,iscR,nrdF,+,Strong
iscR-sufE,iscR,sufE,+,Strong
iscR-nrdH,iscR,nrdH,+,Strong
iscR-nrdI,iscR,nrdI,+,Strong
iscR-erpA,iscR,erpA,-,Strong
iscR-sufS,iscR,sufS,+,Strong
iscR-hyaB,iscR,hyaB,-,Strong
iscR-nfuA,iscR,nfuA,-,Strong
iscR-iscU,iscR,iscU,-,Strong
iscR-hyaC,iscR,hyaC,-,Strong
iscR-hyaA,iscR,hyaA,-,Strong
iscR-hyaF,iscR,hyaF,-,Strong
iscR-iscS,iscR,iscS,-,Strong
iscR-hyaD,iscR,hyaD,-,Strong
iscR-hyaE,iscR,hyaE,-,Strong
iscR-iscR,iscR,iscR,-,Strong
iscR-iscA,iscR,iscA,-,Strong
iscR-sufD,iscR,sufD,+,Strong
gutM-srlB,gutM,srlB,+,Strong
gutM-srlA,gutM,srlA,+,Strong
gutM-srlE,gutM,srlE,+,Strong
gutM-srlD,gutM,srlD,+,Strong
gutM-gutQ,gutM,gutQ,+,Strong
gutM-srlR,gutM,srlR,+,Strong
gutM-gutM,gutM,gutM,+,Strong
ada-aidB,ada,aidB,+,Strong
ada-ada,ada,ada,+-,Strong
ada-alkB,ada,alkB,+-,Strong
ada-alkA,ada,alkA,+,Strong
sutR-cysE,sutR,cysE,-,Strong
sutR-tcyJ,sutR,tcyJ,-,Strong
sutR-fliA,sutR,fliA,-,Strong
sutR-sutR,sutR,sutR,+-,Strong
sutR-fliZ,sutR,fliZ,-,Strong
cusR-cusS,cusR,cusS,+,Strong
cusR-cusR,cusR,cusR,+,Strong
cusR-cusA,cusR,cusA,+,Strong
cusR-cusC,cusR,cusC,+,Strong
cusR-cusB,cusR,cusB,+,Strong
cusR-yedX,cusR,yedX,+,Strong
cusR-cusF,cusR,cusF,+,Strong
cusR-cyoA,cusR,cyoA,+,Weak
cusR-cyoC,cusR,cyoC,+,Weak
cusR-cyoB,cusR,cyoB,+,Weak
cusR-cyoE,cusR,cyoE,+,Weak
cusR-cyoD,cusR,cyoD,+,Weak
rstA-asr,rstA,asr,+,Strong
rstA-ompF,rstA,ompF,-,Weak
rstA-narI,rstA,narI,+,Weak
rstA-narH,rstA,narH,+,Weak
rstA-narJ,rstA,narJ,+,Weak
rstA-csgG,rstA,csgG,-,Strong
rstA-csgF,rstA,csgF,-,Strong
rstA-csgE,rstA,csgE,-,Strong
rstA-csgD,rstA,csgD,-,Strong
rstA-narG,rstA,narG,+,Weak
murR-murP,murR,murP,-,Strong
murR-murQ,murR,murQ,-,Strong
murR-murR,murR,murR,+-,Strong
bglJ-RcsB-BglJ,bglJ,RcsB-BglJ,+,Strong
nadR-nadB,nadR,nadB,-,Strong
nadR-nadA,nadR,nadA,-,Weak
nadR-pnuC,nadR,pnuC,-,Weak
nadR-pncB,nadR,pncB,-,Weak
envR-acrB,envR,acrB,-,Strong
envR-acrA,envR,acrA,-,Strong
RcsB-BglJ-ynbC,RcsB-BglJ,ynbC,+,Weak
RcsB-BglJ-ynbB,RcsB-BglJ,ynbB,+,Weak
RcsB-BglJ-ynbA,RcsB-BglJ,ynbA,+,Weak
RcsB-BglJ-yecT,RcsB-BglJ,yecT,+,Weak
RcsB-BglJ-yehF,RcsB-BglJ,yehF,+,Weak
RcsB-BglJ-ynbD,RcsB-BglJ,ynbD,+,Weak
RcsB-BglJ-leuO,RcsB-BglJ,leuO,+,Strong
RcsB-BglJ-bglB,RcsB-BglJ,bglB,+,Strong
RcsB-BglJ-sfsB,RcsB-BglJ,sfsB,+,Weak
RcsB-BglJ-ynjI,RcsB-BglJ,ynjI,+,Weak
RcsB-BglJ-bglG,RcsB-BglJ,bglG,+,Strong
RcsB-BglJ-bglF,RcsB-BglJ,bglF,+,Strong
RcsB-BglJ-yqhG,RcsB-BglJ,yqhG,+,Weak
RcsB-BglJ-yidL,RcsB-BglJ,yidL,+,Weak
RcsB-BglJ-ygiZ,RcsB-BglJ,ygiZ,+,Weak
RcsB-BglJ-ykiA,RcsB-BglJ,ykiA,+,Weak
appY-hyaB,appY,hyaB,+,Strong
appY-hyaC,appY,hyaC,+,Strong
appY-hyaA,appY,hyaA,+,Strong
appY-hyaF,appY,hyaF,+,Strong
appY-hyaD,appY,hyaD,+,Strong
appY-appX,appY,appX,+,Strong
appY-hyaE,appY,hyaE,+,Strong
appY-appC,appY,appC,+,Strong
appY-appB,appY,appB,+,Strong
appY-appA,appY,appA,+,Strong
mazE-MazE-MazF,mazE,MazE-MazF,+,Strong
mazE-mazF,mazE,mazF,-,Strong
mazE-mazG,mazE,mazG,-,Strong
mazE-mazE,mazE,mazE,-,Strong
mazF-MazE-MazF,mazF,MazE-MazF,+,Strong
mraZ-murC,mraZ,murC,-,Strong
mraZ-mraZ,mraZ,mraZ,-,Strong
mraZ-ftsA,mraZ,ftsA,-,Strong
mraZ-mraY,mraZ,mraY,-,Strong
mraZ-mioC,mraZ,mioC,-,Strong
mraZ-rsmH,mraZ,rsmH,-,Strong
mraZ-lpxC,mraZ,lpxC,-,Strong
mraZ-murD,mraZ,murD,-,Strong
mraZ-murE,mraZ,murE,-,Strong
mraZ-ftsI,mraZ,ftsI,-,Strong
mraZ-murG,mraZ,murG,-,Strong
mraZ-ftsW,mraZ,ftsW,-,Strong
mraZ-ftsL,mraZ,ftsL,-,Strong
mraZ-murF,mraZ,murF,-,Strong
mraZ-ftsQ,mraZ,ftsQ,-,Strong
mraZ-ddlB,mraZ,ddlB,-,Strong
mraZ-ftsZ,mraZ,ftsZ,-,Strong
mcbR-rsd,mcbR,rsd,+,Strong
mcbR-mcbA,mcbR,mcbA,-,Strong
mcbR-yciG,mcbR,yciG,+,Strong
mcbR-yciF,mcbR,yciF,+,Strong
mcbR-yciE,mcbR,yciE,+,Strong
mcbR-rmf,mcbR,rmf,+,Strong
fliZ-yhiD,fliZ,yhiD,-,Strong
fliZ-csgG,fliZ,csgG,-,Strong
fliZ-mdtE,fliZ,mdtE,-,Strong
fliZ-flhD,fliZ,flhD,-,Strong
fliZ-gadE,fliZ,gadE,-,Strong
fliZ-gadF,fliZ,gadF,-,Strong
fliZ-csgC,fliZ,csgC,-,Strong
fliZ-gadB,fliZ,gadB,-,Strong
fliZ-gadC,fliZ,gadC,-,Strong
fliZ-flhC,fliZ,flhC,-,Strong
fliZ-hdeB,fliZ,hdeB,-,Strong
fliZ-hdeA,fliZ,hdeA,-,Strong
fliZ-csgB,fliZ,csgB,-,Strong
fliZ-osmY,fliZ,osmY,-,Strong
fliZ-csgF,fliZ,csgF,-,Strong
fliZ-csgE,fliZ,csgE,-,Strong
fliZ-csgD,fliZ,csgD,-,Strong
fliZ-mlrA,fliZ,mlrA,-,Strong
fliZ-pdeR,fliZ,pdeR,-,Strong
fliZ-csgA,fliZ,csgA,-,Strong
fliZ-mdtF,fliZ,mdtF,-,Strong
fliA-lolB,fliA,lolB,+,Weak
fliA-tap,fliA,tap,+,Strong
fliA-tar,fliA,tar,+,Strong
fliA-fliJ,fliA,fliJ,+,Weak
fliA-flgL,fliA,flgL,+,Strong
fliA-fliT,fliA,fliT,+,Strong
fliA-modA,fliA,modA,+,Weak
fliA-prs,fliA,prs,+,Weak
fliA-fliD,fliA,fliD,+,Strong
fliA-yecF,fliA,yecF,+,Weak
fliA-fliG,fliA,fliG,+,Weak
fliA-motA,fliA,motA,+,Weak
fliA-motB,fliA,motB,+,Weak
fliA-ynjH,fliA,ynjH,+,Weak
fliA-cheR,fliA,cheR,+,Strong
fliA-ves,fliA,ves,+,Strong
fliA-fliZ,fliA,fliZ,+,Strong
fliA-ycgR,fliA,ycgR,+,Weak
fliA-cheZ,fliA,cheZ,+,Strong
fliA-cheY,fliA,cheY,+,Strong
fliA-ykfF,fliA,ykfF,+,Weak
fliA-ykfG,fliA,ykfG,+,Weak
fliA-motR,fliA,motR,+,Weak
fliA-cheB,fliA,cheB,+,Strong
fliA-cheA,fliA,cheA,+,Weak
fliA-oppC,fliA,oppC,+,Weak
fliA-ykfB,fliA,ykfB,+,Weak
fliA-fliN,fliA,fliN,+,Strong
fliA-tsr,fliA,tsr,+,Strong
fliA-ykfH,fliA,ykfH,+,Weak
fliA-ykfI,fliA,ykfI,+,Weak
fliA-tcyJ,fliA,tcyJ,+,Strong
fliA-fliX,fliA,fliX,+,Strong
fliA-ygdB,fliA,ygdB,+,Weak
fliA-cheW,fliA,cheW,+,Weak
fliA-ppdA,fliA,ppdA,+,Weak
fliA-ppdB,fliA,ppdB,+,Weak
fliA-ppdC,fliA,ppdC,+,Weak
fliA-fliQ,fliA,fliQ,+,Strong
fliA-fliP,fliA,fliP,+,Strong
fliA-fliS,fliA,fliS,+,Strong
fliA-fliR,fliA,fliR,+,Strong
fliA-fliM,fliA,fliM,+,Strong
fliA-fliL,fliA,fliL,+,Strong
fliA-fliO,fliA,fliO,+,Strong
fliA-modC,fliA,modC,+,Weak
fliA-fliI,fliA,fliI,+,Weak
fliA-oppD,fliA,oppD,+,Weak
fliA-fliK,fliA,fliK,+,Weak
fliA-oppF,fliA,oppF,+,Weak
fliA-fliE,fliA,fliE,+,Weak
fliA-rdcB,fliA,rdcB,+,Weak
fliA-rdcA,fliA,rdcA,+,Weak
fliA-fliF,fliA,fliF,+,Weak
fliA-fliA,fliA,fliA,+,Strong
fliA-ygbK,fliA,ygbK,+,Weak
fliA-fliC,fliA,fliC,+,Strong
fliA-oppA,fliA,oppA,+,Weak
fliA-aer,fliA,aer,+,Strong
fliA-hemL,fliA,hemL,+,Strong
fliA-flxA,fliA,flxA,+,Weak
fliA-yhiL,fliA,yhiL,+,Weak
fliA-recC,fliA,recC,+,Weak
fliA-pdeH,fliA,pdeH,+,Weak
fliA-modB,fliA,modB,+,Weak
fliA-trg,fliA,trg,+,Strong
fliA-oppB,fliA,oppB,+,Weak
fliA-yafX,fliA,yafX,+,Weak
fliA-yjcS,fliA,yjcS,+,Weak
fliA-flgK,fliA,flgK,+,Strong
fliA-ispE,fliA,ispE,+,Weak
fliA-yafW,fliA,yafW,+,Weak
fliA-flgO,fliA,flgO,+,Strong
fliA-flgN,fliA,flgN,+,Strong
fliA-flgM,fliA,flgM,+,Strong
fliA-fliH,fliA,fliH,+,Weak
MazE-MazF-mazE,MazE-MazF,mazE,-,Strong
MazE-MazF-mazF,MazE-MazF,mazF,-,Strong
MazE-MazF-mazG,MazE-MazF,mazG,-,Strong
hns-evgA,hns,evgA,-,Strong
hns-malH,hns,malH,+,Strong
hns-gutQ,hns,gutQ,+,Strong
hns-mazF,hns,mazF,+,Strong
hns-ydeP,hns,ydeP,-,Strong
hns-yciG,hns,yciG,-,Strong
hns-nirD,hns,nirD,-,Strong
hns-yciE,hns,yciE,-,Strong
hns-evgS,hns,evgS,-,Strong
hns-gutM,hns,gutM,+,Strong
hns-nirC,hns,nirC,-,Strong
hns-nirB,hns,nirB,-,Strong
hns-lacA,hns,lacA,-,Strong
hns-lhgD,hns,lhgD,+,Strong
hns-hchA,hns,hchA,-,Strong
hns-yjjP,hns,yjjP,-,Strong
hns-lacY,hns,lacY,-,Strong
hns-lacZ,hns,lacZ,-,Strong
hns-srlB,hns,srlB,+,Strong
hns-osmC,hns,osmC,-,Strong
hns-srlE,hns,srlE,+,Strong
hns-srlD,hns,srlD,+,Strong
hns-gadE,hns,gadE,-,Strong
hns-gadF,hns,gadF,-,Strong
hns-gadA,hns,gadA,-,Strong
hns-b2911,hns,b2911,-,Strong
hns-lrp,hns,lrp,-,Strong
hns-ybdZ,hns,ybdZ,+,Strong
hns-gadX,hns,gadX,-,Strong
hns-b2589,hns,b2589,-,Strong
hns-gspF,hns,gspF,-,Strong
hns-gadW,hns,gadW,-,Strong
hns-b3758,hns,b3758,-,Strong
hns-stpA,hns,stpA,-,Strong
hns-gspC,hns,gspC,-,Strong
hns-gspA,hns,gspA,-,Strong
hns-dps,hns,dps,-,Strong
hns-gspG,hns,gspG,-,Strong
hns-gspD,hns,gspD,-,Strong
hns-gspE,hns,gspE,-,Strong
hns-gspJ,hns,gspJ,-,Strong
hns-gspK,hns,gspK,-,Strong
hns-gspH,hns,gspH,-,Strong
hns-gspI,hns,gspI,-,Strong
hns-gspO,hns,gspO,-,Strong
hns-gspL,hns,gspL,-,Strong
hns-gspM,hns,gspM,-,Strong
hns-ydeO,hns,ydeO,-,Strong
hns-b0201,hns,b0201,-,Strong
hns-hdfR,hns,hdfR,-,Strong
hns-b3274,hns,b3274,-,Strong
hns-b3277,hns,b3277,-,Strong
hns-nhaR,hns,nhaR,-,Strong
hns-b3273,hns,b3273,-,Strong
hns-b3272,hns,b3272,-,Strong
hns-proW,hns,proW,-,Strong
hns-hisM,hns,hisM,+,Strong
hns-b0202,hns,b0202,-,Strong
hns-b3278,hns,b3278,-,Strong
hns-hisJ,hns,hisJ,+,Strong
hns-nhaA,hns,nhaA,-,Strong
hns-flhC,hns,flhC,+,Strong
hns-bglJ,hns,bglJ,-,Strong
hns-hisP,hns,hisP,+,Strong
hns-hisQ,hns,hisQ,+,Strong
hns-flhD,hns,flhD,+,Strong
hns-dctR,hns,dctR,-,Strong
hns-fepE,hns,fepE,+,Strong
hns-nrdA,hns,nrdA,-,Strong
hns-nrdB,hns,nrdB,-,Strong
hns-nrdD,hns,nrdD,-,Strong
hns-entF,hns,entF,+,Strong
hns-b3756,hns,b3756,-,Strong
hns-b3757,hns,b3757,-,Strong
hns-cydA,hns,cydA,-,Strong
hns-cydB,hns,cydB,-,Strong
hns-b3759,hns,b3759,-,Strong
hns-cysM,hns,cysM,-,Strong
hns-rcsA,hns,rcsA,-,Strong
hns-rcsB,hns,rcsB,-,Strong
hns-caiT,hns,caiT,-,Strong
hns-rcsD,hns,rcsD,-,Strong
hns-cysG,hns,cysG,-,Strong
hns-bglB,hns,bglB,-,Strong
hns-cysA,hns,cysA,-,Strong
hns-bglG,hns,bglG,-,Strong
hns-bglF,hns,bglF,-,Strong
hns-adeD,hns,adeD,-,Strong
hns-caiF,hns,caiF,-,Strong
hns-caiE,hns,caiE,-,Strong
hns-caiD,hns,caiD,-,Strong
hns-caiC,hns,caiC,-,Strong
hns-hdeB,hns,hdeB,-,Strong
hns-caiA,hns,caiA,-,Strong
hns-cysU,hns,cysU,-,Strong
hns-cysW,hns,cysW,-,Strong
hns-b3971,hns,b3971,-,Strong
hns-cysP,hns,cysP,-,Strong
hns-bolA,hns,bolA,-,Strong
hns-hdeD,hns,hdeD,-,Strong
hns-csiE,hns,csiE,+,Strong
hns-cspD,hns,cspD,+,Strong
hns-caiB,hns,caiB,-,Strong
hns-b3275,hns,b3275,-,Strong
hns-hdeA,hns,hdeA,-,Strong
hns-appY,hns,appY,-,Strong
hns-b0205,hns,b0205,-,Strong
hns-b0204,hns,b0204,-,Strong
hns-b3276,hns,b3276,-,Strong
hns-acrF,hns,acrF,-,Strong
hns-yjjQ,hns,yjjQ,-,Strong
hns-b0203,hns,b0203,-,Strong
hns-acrE,hns,acrE,-,Strong
hns-mazE,hns,mazE,+,Strong
hns-relA,hns,relA,+,Strong
hns-b3970,hns,b3970,-,Strong
hns-degP,hns,degP,-,Strong
hns-garL,hns,garL,-,Strong
hns-garK,hns,garK,-,Strong
hns-cadA,hns,cadA,-,Strong
hns-proX,hns,proX,-,Strong
hns-mukB,hns,mukB,+,Strong
hns-cadB,hns,cadB,-,Strong
hns-cadC,hns,cadC,-,Strong
hns-cas1,hns,cas1,-,Strong
hns-fes,hns,fes,+,Strong
hns-mukE,hns,mukE,+,Strong
hns-cas2,hns,cas2,-,Strong
hns-garR,hns,garR,-,Strong
hns-garP,hns,garP,-,Strong
hns-mukF,hns,mukF,+,Strong
hns-casE,hns,casE,-,Strong
hns-casD,hns,casD,-,Strong
hns-tcyJ,hns,tcyJ,+,Strong
hns-ygfA,hns,ygfA,-,Strong
hns-casA,hns,casA,-,Strong
hns-fliX,hns,fliX,+,Strong
hns-casC,hns,casC,-,Strong
hns-fliZ,hns,fliZ,+,Strong
hns-asr,hns,asr,-,Strong
hns-hlyE,hns,hlyE,+-,Strong
hns-mdtE,hns,mdtE,-,Strong
hns-malF,hns,malF,+,Strong
hns-malG,hns,malG,+,Strong
hns-mdtI,hns,mdtI,-,Strong
hns-malE,hns,malE,+,Strong
hns-fliA,hns,fliA,+,Strong
hns-fliC,hns,fliC,+,Strong
hns-b3969,hns,b3969,-,Strong
hns-b4439,hns,b4439,-,Strong
hns-b3968,hns,b3968,-,Strong
hns-slp,hns,slp,-,Strong
hns-ftnA,hns,ftnA,-,Strong
hns-glaH,hns,glaH,+,Strong
hns-adiY,hns,adiY,-,Strong
hns-csgG,hns,csgG,-,Strong
hns-csgF,hns,csgF,-,Strong
hns-csgE,hns,csgE,-,Strong
hns-csgD,hns,csgD,-,Strong
hns-srlA,hns,srlA,+,Strong
hns-yfaE,hns,yfaE,-,Strong
hns-b2591,hns,b2591,-,Strong
hns-cmoM,hns,cmoM,+,Strong
hns-mdtU,hns,mdtU,-,Strong
hns-fimA,hns,fimA,+,Strong
hns-casB,hns,casB,-,Strong
hns-fimB,hns,fimB,-,Strong
hns-b2590,hns,b2590,-,Strong
hns-galE,hns,galE,-,Strong
hns-leuO,hns,leuO,-,Strong
hns-galM,hns,galM,-,Strong
hns-chiA,hns,chiA,-,Strong
hns-b3123,hns,b3123,-,Strong
hns-galK,hns,galK,-,Strong
hns-galT,hns,galT,-,Strong
hns-yciF,hns,yciF,-,Strong
hns-proV,hns,proV,-,Strong
hns-gabT,hns,gabT,+,Strong
hns-mdtJ,hns,mdtJ,-,Strong
hns-gabP,hns,gabP,+,Strong
hns-ilvI,hns,ilvI,-,Strong
hns-ilvH,hns,ilvH,-,Strong
hns-fimI,hns,fimI,+,Strong
hns-gabD,hns,gabD,+,Strong
hns-yhiD,hns,yhiD,-,Strong
hns-srlR,hns,srlR,+,Strong
hns-yhiM,hns,yhiM,-,Strong
hns-nrdG,hns,nrdG,-,Strong
hns-gspB,hns,gspB,-,Strong
hns-adiA,hns,adiA,-,Strong
hns-hns,hns,hns,-,Strong
hns-fimC,hns,fimC,+,Strong
hns-fimD,hns,fimD,+,Strong
hns-fimE,hns,fimE,-,Strong
hns-fimF,hns,fimF,+,Strong
hns-fimG,hns,fimG,+,Strong
hns-fimH,hns,fimH,+,Strong
hns-b2588,hns,b2588,-,Strong
hns-cspA,hns,cspA,-,Strong
hns-mdtF,hns,mdtF,-,Strong
