Gene_name	Locus_tag	NCBI_gene_ID	Uniprot_ID	Synonyms	Product_function	NDA_component
LolR	cg0196	3342760	Q8NTZ4	NCgl0154	GntR family transcriptional regulator	M10.21
OasR	cg1211	3344044	Q8NRI4	NCgl1019,oasR	MarR family transcriptional regulator	M10.24
RegX3	cg0484	3344669	Q8NTA3	cgtR4,NCgl0392	two component response regulator	Basal machinery
SpiA-WhcA	SpiA-WhcA					M10.2
SpiE-WhcE	SpiE-WhcE					M10.2
WhcD-WhiA	WhcD-WhiA					M17
aceA	cg2560	3345421	P42449	NCgl2248	isocitrate lyase	M10.21
aceE	cg2466	3344029	Q8NNF6	NCgl2167	pyruvate dehydrogenase subunit E1	Basal machinery
aceF	cg2421	3344465	Q8NNJ2	sucB,NCgl2126	dihydrolipoamide acetyltransferase	Basal machinery
ackA	cg3047	3344522	P77845	ack,NCgl2656	acetate kinase	Intermodular
acn	cg1737	3344469	Q8NQ98	NCgl1482	aconitate hydratase	M10.3
acnR	cg1738	3344470	Q8NQ97	NCgl1483	TETR family transcriptional regulator	M10.3
acpS	cg2738	3345350	Q8NMS4	ppt1,NCgl2405	4'-phosphopantetheinyl transferase	Basal machinery
acr3	cg1705	3343303	Q8NQC8	arsB1,NCgl1453,arsC2	arsenite efflux pump ACR3 or related permease	M16
acyP	cg2266	3343100	Q8NNW4	NCgl1987	acylphosphatase	Basal machinery
adhA	cg3107	3345150	Q8NLX9	NCgl2709	Zn-dependent alcohol dehydrogenase	Intermodular
adk	cg0648	3344720	P49973	NCgl0533	adenylate kinase	Basal machinery
aftA	cg0236	3343007	Q8NTW4	NCgl0185	membrane protein	Basal machinery
aftB	cg3187	3342697	Q8NLR0	NCgl2780	hypothetical protein	Basal machinery
aftC	cg2077	3344239	Q8NPB7	NCgl1822	hypothetical protein	Basal machinery
ahcY	cg0860	3343536	Q8NSC4	NCgl0719,sahH	S-adenosyl-L-homocysteine hydrolase	Basal machinery
ahpD	cg2674	3344220	Q8NMX8	NCgl2349	alkylhydroperoxidase	Intermodular
alaS	cg1838	3343630	Q8NQ22	NCgl1570	alanyl-tRNA synthetase	Basal machinery
ald	cg3096	3344651	Q8NLZ0	padA,NCgl2698	aldehyde dehydrogenase	Intermodular
alr	cg0681	3343955	Q8RSU9	NCgl0563	alanine racemase	M10.1
amt	cg1785	3343475	P54146	NCgl1521,amtA	high-affinity ammonia permease	M10.9
amtB	cg2261	3344138	Q79VF1	NCgl1983	low affinity ammonium uptake protein	M10.9
amtR	cg0986	3345060	Q79VH8	NCgl0829	transcription regulator AmtR	M10.9
apt	cg1862	3343472	O87330	NCgl1591	adenine phosphoribosyltransferase	Basal machinery
arc	cg1691	3345077	Q8NQD8	NCgl1440	ATPase AAA+	Basal machinery
argB	cg1582	3344361	Q59281	NCgl1342	acetylglutamate kinase	M10.7
argC	cg1580	3344983	Q59279	NCgl1340	N-acetyl-gamma-glutamyl-phosphate reductase	Intermodular
argD	cg1583	3344455	Q59282	NCgl1343	acetylornithine aminotransferase	M10.7
argF	cg1584	3345366	Q59283	NCgl1344	ornithine carbamoyltransferase	M10.7
argG	cg1586	3342925	O85176	NCgl1346	argininosuccinate synthase	M10.7
argH	cg1588	3342602	O88101	NCgl1347	argininosuccinate lyase	M10.7
argJ	cg1581	3343818	Q59280	NCgl1341	bifunctional ornithine acetyltransferase/N-acetylglutamate synthase	M10.7
argR	cg1585	3344825	O85175	NCgl1345	arginine repressor ArgR	M10.7
argS	cg1333	3343206	P35868	NCgl1132	arginyl-tRNA synthetase	Basal machinery
arnA1	arnA1					Basal machinery
arnA2	arnA2					Basal machinery
arnR	cg1340	3344450	Q8NR72	NCgl1138	hypothetical protein	M10.3
aroA	cg0873	3345010	Q9Z470	NCgl0730	3-phosphoshikimate 1-carboxyvinyltransferase	Basal machinery
aroC	cg1829	3343477	Q9X5D0	NCgl1561	chorismate synthase	Basal machinery
aroG	cg1129	3343015	P35170	aroF,NCgl0950	phospho-2-dehydro-3-deoxyheptonate aldolase	M10.1
aroP	cg1257	3343787	Q46065	NCgl1062	aromatic amino acid transporter	Basal machinery
aroQ	cg0503	3344098	O52377	aroD,NCgl0408	3-dehydroquinate dehydratase	M6
arsB2	cg0318	3342805	Q8NTP4	arsC1,NCgl0258	heavy metal resistance membrane protein	M16
arsB3	cg1661	3343913	Q8NQG5	NCgl1414	arsenite efflux pump ACR3 or related permease	Basal machinery
arsC1	cg1706	3343304	P0DKS5	NCgl1454	low molecular weight phosphotyrosine protein phosphatase	M16
arsC2	cg0319	3343791	P0DKS7	NCgl0259,arsX	arsenate reductase	M16
arsR2	cg0317	3342893	Q8NTP5	NCgl0257	hypothetical protein	M16
asd	cg0307	3345564	P0C1D8	NCgl0248	aspartate-semialdehyde dehydrogenase	Basal machinery
asgR	asgR					Basal machinery
aspA	cg1697	3343809	Q59200	NCgl1446	aspartate ammonia-lyase	Basal machinery
aspS	cg1841	3343486	Q8NQ19	NCgl1573	aspartyl-tRNA synthetase	Basal machinery
atlR	cg0146	3342776	Q8NU36	sucR,NCgl0110,mtlR	DeoR family regulatory protein	Global regulator
atpA	cg1366	3344283	Q79VG7	NCgl1163	ATP synthase F0F1 subunit alpha	Basal machinery
atpC	cg1369	3344159	Q9ETA7	NCgl1166	ATP synthase F0F1 subunit epsilon	M10.5
atpD	cg1368	3344381	P42464	NCgl1165	ATP synthase F0F1 subunit beta	Basal machinery
atpE	cg1363	3343367	H7C6C1	NCgl1160	ATP synthase F0F1 subunit C	Basal machinery
atpF	cg1364	3343872	Q79VG9	NCgl1161	ATP synthase F0F1 subunit B	Basal machinery
atpG	cg1367	3343692	Q79VG6	NCgl1164	ATP synthase F0F1 subunit gamma	Basal machinery
atpH	cg1365	3344206	Q7DIC8	NCgl1162	ATP synthase F0F1 subunit delta	Basal machinery
bca	cg2954	3344915	Q8NMA8	cynT,NCgl2579	carbonic anhydrase	Basal machinery
benB	cg2638	3344701	Q8NN08	NCgl2321	benzoate dioxygenase small subunit	M10.15
benC	cg2639	3344617	Q8NN07	NCgl2322	benzoate 1,2-dioxygenase ferredoxin reductase subunit	M10.15
benK3	cg1225	3343942	Q8NRH3	NCgl1031,pcaK	benzoate transport transmembrane protein	M10.8
benR	cg2461	3344791	Q8NN05	NCgl2324	LuxR family transcriptional regulator	M10.15
betP	cg1016	3342778	P54582	NCgl0856	glycine betaine transporter	M10.30
bioA	cg2885	3342736	P46395	NCgl2515	adenosylmethionine-8-amino-7-oxononanoate aminotransferase	M8
bioB	cg0095	3343513	P46396	NCgl0071	biotin synthase	M8
bioD	cg2886	3344953	P46397	NCgl2516	dithiobiotin synthetase	M8
bioQ	cg2309	3345374	Q8NNT1	NCgl2025	TetR family regulatory protein	M8
birA	cg0814	3343169	Q8NSG6	NCgl0679	biotin--protein ligase	Basal machinery
brnE	cg0315	3344066	Q8NTP7	NCgl0255	branched chain amino acid exporter, small subunit	M1
brnF	cg0314	3342679	Q8NTP8	NCgl0254	branched chain amino acid exporter, large subunit	M1
brnQ	cg2537	3342609	O06754	NCgl2228	branched-chain amino acid uptake carrier	Basal machinery
butA	cg2958	3345609	Q8NMA4	NCgl2582	L-2,3-butanediol dehydrogenase/acetoin reductase	M10.22
carA	cg1814	3343549	P58893	NCgl1548	carbamoyl phosphate synthase small subunit	M10.7
carB	cg1813	3342822	P58939	NCgl1547	carbamoyl phosphate synthase large subunit	M10.7
catA1	cg2636	3344944	Q8NN11	NCgl2319,catA	catechol 1,2-dioxygenase	Intermodular
catA3	cg3385	3345640	Q8NL92	NCgl2951,rhcD2	catechol 1,2-dioxygenase	M32
ccsB	cg0524	3343329	Q8NT68	NCgl0427	cytochrome c assembly membrane protein	Basal machinery
cepA	cg3334	3344433	Q8NLD6	NCgl2903	arabinose efflux permease	Basal machinery
cg0004	cg0004	3344144	Q8NUD6	NCgl0002,dnaN	DNA polymerase III subunit beta	Basal machinery
cg0006	cg0006	3343829	Q8NUD4	NCgl0004	hypothetical protein	Basal machinery
cg0007	cg0007	3342713		gyrB	DNA gyrase subunit B	Basal machinery
cg0008	cg0008	3343291	Q8NUD2	NCgl0006	hypothetical protein	Basal machinery
cg0009	cg0009	3344876	Q8NUD1	NCgl0007	hypothetical protein	M10.3
cg0010	cg0010	3344822	Q8NUD0	NCgl0008	hypothetical protein	Basal machinery
cg0015	cg0015	3343245	Q8NUC6	gyrA,NCgl0012	DNA gyrase subunit A	Basal machinery
cg0016	cg0016	3342775	Q8NUC5	NCgl0013	hypothetical protein	Basal machinery
cg0018	cg0018	3343877	Q6M8W7	NCgl0014	hypothetical protein	M19
cg0019	cg0019	3345524	Q8NUC3	NCgl0015	LysR family transcriptional regulator	M19
cg0021	cg0021	3345362	Q8NUC2	NCgl0016	hypothetical protein	Basal machinery
cg0038	cg0038					Basal machinery
cg0039	cg0039					M10.27
cg0041	cg0041	3343211	Q8NUB2	NCgl0026	solute-binding lipoprotein, signal peptid	M10.3
cg0042	cg0042	3344042	Q8NUB1	NCgl0027	ABC transporter protein membrane protein	M10.3
cg0043	cg0043	3345495	Q8NUB0	NCgl0028	ABC transporter ATP-binding protein	M10.3
cg0044	cg0044	3342757	Q8NUA9	NCgl0029	solute-binding lipoprotein, signal peptide	M10.3
cg0045	cg0045	3343151	Q8NUA8	NCgl0030	ABC transporter membrane protein	M10.3
cg0046	cg0046	3343670	Q8NUA7	NCgl0031	ABC transporter ATP-binding protein	M10.3
cg0047	cg0047					Basal machinery
cg0048	cg0048	3344354		ppiA	peptidyl-prolyl cis-trans isomerase B	Basal machinery
cg0051	cg0051	3343704	Q8NUA3	NCgl0035	transcription regulator protein, AraC typ	M22
cg0052	cg0052					M22
cg0053	cg0053	3343363	Q8NUA1	NCgl0037	IRON-siderophore uptake system ATP-bindin	M22
cg0054	cg0054	3342744	Q8NUA0	NCgl0038	iron-chelator utilization protein	M22
cg0061	cg0061	3344606		rodA	FtsW/RodA/SpoVE family cell cycle protein	Basal machinery
cg0064	cg0064					Basal machinery
cg0066	cg0066	3344161	Q8NU90	NCgl0048	hypothetical protein	Basal machinery
cg0067	cg0067	3344396	Q8NU89	NCgl0049,gabD3	succinate-semialdehyde dehydrogenase (NADP+)	Basal machinery
cg0072	cg0072					M10.4
cg0075	cg0075					Basal machinery
cg0081	cg0081	3343488	Q8NU77	NCgl0061	tautomerase	Basal machinery
cg0082	cg0082					M10.5
cg0083	cg0083	3343628	Q8NU75	NCgl0063	mononucleotide transporter	Basal machinery
cg0085	cg0085	3343580		phoH1	ATPase related to phosphate starvation-inducible protein	M10.14
cg0087	cg0087	3343572	Q8NU73	NCgl0065	transmembrane transport protein	Basal machinery
cg0088	cg0088	3343731		citP	citrate transporter	M15
cg0091	cg0091	3343479	Q8NU69	NCgl0069	D-isomer specific 2-hydroxyacid dehydrogenase	Basal machinery
cg0092	cg0092	3343205	Q8NU68	NCgl0070	hypothetical protein	Basal machinery
cg0096	cg0096	3343438	Q8NU67	NCgl0072	hypothetical protein	M8
cg0097	cg0097					M8
cg0104	cg0104	3342796		codA	creatinine deaminase	M10.9
cg0105	cg0105	3343903	Q8NU63	NCgl0076	hypothetical protein	Basal machinery
cg0107	cg0107					Basal machinery
cg0108	cg0108					Basal machinery
cg0109	cg0109	3342844	Q8NU60	NCgl0079	triacylglycerol lipase precursor	Basal machinery
cg0111	cg0111					M10.3
cg0120	cg0120	3344136	Q8NU56	NCgl0090	esterase	M10.3
cg0121	cg0121	3342719	Q8NU55	NCgl0091	major facilitator superfamily permease	Basal machinery
cg0122	cg0122	3343088	Q8NU54	NCgl0092	hypothetical protein	Basal machinery
cg0123	cg0123	3343821	Q8NU53	NCgl0093	HSP90 family protein	Basal machinery
cg0124	cg0124	3344406		amn	AMP nucleosidase	Basal machinery
cg0128	cg0128					Basal machinery
cg0129	cg0129	3344496	Q8NU48	putA,NCgl0098	proline dehydrogenase	Basal machinery
cg0131	cg0131	3345503	Q8NU47	NCgl0099	oxidoreductase	Basal machinery
cg0133	cg0133					M10.30
cg0134	cg0134					M10.30
cg0135	cg0135	3345647	Q8NU44	NCgl0102	hypothetical protein	Basal machinery
cg0136	cg0136	3344914	Q8NU43	NCgl0103	hypothetical protein	M11
cg0138	cg0138					Basal machinery
cg0139	cg0139	3344040	Q8NU41	NCgl0105	DeoR family regulatory protein	Basal machinery
cg0141	cg0141					Basal machinery
cg0142	cg0142	3343125	Q8NU39	NCgl0107,sixA	phosphohistidine phosphatase	Basal machinery
cg0143	cg0143	3344658	Q8NU38	mtlD,NCgl0108	mannitol 2-dehydrogenase	M10.5
cg0144	cg0144	3344428	Q8NU37	NCgl0109,rbtT	ribitol transporter	Intermodular
cg0147	cg0147	3342827		xylB	xylulose kinase	Basal machinery
cg0152	cg0152	3343807	Q8NU32	NCgl0116	hypothetical protein	Basal machinery
cg0153	cg0153	3343936	Q8NU31	NCgl0117,hde	esterase	Basal machinery
cg0154	cg0154					Basal machinery
cg0155	cg0155	3343176	Q8NU29	NCgl0119	acetyltransferase	Basal machinery
cg0159	cg0159					Basal machinery
cg0160	cg0160	3342852	Q8NU25	NCgl0123	hypothetical protein	Basal machinery
cg0161	cg0161	3343410	Q8NU24	NCgl0124	or membrane protein	Basal machinery
cg0162	cg0162	3342747	Q8NU23	NCgl0125	membrane spanning protein	Basal machinery
cg0163	cg0163	3343823	Q8NU22	NCgl0126	N-acetylglucosaminyltransferase	Basal machinery
cg0165	cg0165	3342564	Q8NU21	NCgl0127	ABC-2 type transporter	Basal machinery
cg0166	cg0166	3342933	Q8NU19	NCgl0128	repeat containing protein	Basal machinery
cg0167	cg0167	3343234	Q79VI9	NCgl0129	permease	Basal machinery
cg0168	cg0168					Basal machinery
cg0171	cg0171	3342972	Q8NU16	NCgl0132	hypothetical protein	Basal machinery
cg0173	cg0173	3342807	Q8NU15	NCgl0134	hypothetical protein	Basal machinery
cg0175	cg0175					Basal machinery
cg0176	cg0176					Basal machinery
cg0177	cg0177					Basal machinery
cg0178	cg0178	3344557		hrpB	ATP-dependent RNA helicase	Basal machinery
cg0180	cg0180	3343126		maa	maltose O-acetyltransferase	Basal machinery
cg0184	cg0184	3342946	Q8NU04	NCgl0144	hypothetical protein	Basal machinery
cg0185	cg0185	3343798	Q8NU03	NCgl0145	glyoxalase/bleomycin resistance protein/dioxygenase	Basal machinery
cg0186	cg0186	3345235	Q8NU02	NCgl0146	methylated-DNA--protein-cysteine methyltransferase	Basal machinery
cg0187	cg0187					Basal machinery
cg0188	cg0188					Basal machinery
cg0191	cg0191					Basal machinery
cg0192	cg0192					Basal machinery
cg0193	cg0193	3342830		pepO	endopeptidase O	Basal machinery
cg0194	cg0194	3343986	Q8NTZ6	NCgl0152	hypothetical protein	Basal machinery
cg0195	cg0195	3342772	Q8NTZ5	NCgl0153	membrane protein	Basal machinery
cg0197	cg0197	3345460	Q8NTZ3	NCgl0155,iolC	ribokinase sugar kinase	M10.21
cg0198	cg0198	3343071	Q8NTZ2	NCgl0156	hypothetical protein	M10.21
cg0199	cg0199	3342751	Q8NTZ1	NCgl0157,msmA	aldehyde dehydrogenase	M10.21
cg0201	cg0201	3343010	Q8NTZ0	NCgl0158,iolB	hypothetical protein	M10.21
cg0202	cg0202	3343043		iolD	acetolactate synthase	M10.21
cg0203	cg0203	3344991	Q8NTY8	NCgl0160,iolE	hypothetical protein	M10.21
cg0205	cg0205	3342783		iolH	myo-inositol catabolism protein	M10.21
cg0206	cg0206	3342845	Q8NTY5	NCgl0163	transporter	M10.21
cg0207	cg0207	3343186	Q8NTY4	NCgl0164	oxidoreductase	M10.21
cg0208	cg0208	3343027	Q8NTY3	NCgl0165	hypothetical protein	Basal machinery
cg0209	cg0209					Basal machinery
cg0210	cg0210	3343352	Q8NTY1	NCgl0167	LacI family transcriptional regulator	M10.21
cg0211	cg0211	3343944	Q8NTY0	NCgl0168	oxidoreductase	M10.5
cg0214	cg0214	3343274	Q8NTX8	NCgl0170	hypothetical protein	Basal machinery
cg0215	cg0215	3345330	Q8NTX7	NCgl0171,cspA	cold-shock protein CspA	Basal machinery
cg0218	cg0218					Basal machinery
cg0219	cg0219					Basal machinery
cg0221	cg0221					Basal machinery
cg0222	cg0222	3342800	Q8NTX1	NCgl0177	membrane protein	Basal machinery
cg0233	cg0233	3344552	Q8NTW6	NCgl0183	hypothetical protein	Basal machinery
cg0235	cg0235	3345435	Q8NTW5	embC,NCgl0184	arabinosyltransferase, membrane protein	M10.3
cg0237	cg0237	3342994	Q8NTW3	NCgl0186	short chain dehydrogenase	Basal machinery
cg0238	cg0238	3343832	Q8NTW2	NCgl0187	L-gulonolactone oxidase	Basal machinery
cg0239	cg0239					Basal machinery
cg0240	cg0240	3342818	Q8NTW0	NCgl0189	membrane protein	Basal machinery
cg0241	cg0241	3342900	Q8NTV9	NCgl0190	hypothetical protein	Basal machinery
cg0242	cg0242					Basal machinery
cg0243	cg0243					Basal machinery
cg0244	cg0244	3343270	Q8NTV6	NCgl0193	membrane protein	Basal machinery
cg0245	cg0245	3343994	Q8NTV5	NCgl0194	hypothetical protein	Basal machinery
cg0246	cg0246	3343244	Q8NTV4	NCgl0195	glycosyl transferase	Basal machinery
cg0247	cg0247	3343060	Q8NTV3	NCgl0196	hypothetical protein	Basal machinery
cg0249	cg0249					Basal machinery
cg0250	cg0250					Basal machinery
cg0251	cg0251	3343199	Q8NTU9	NCgl0200	quinone oxidoreductase	Basal machinery
cg0252	cg0252					Basal machinery
cg0253	cg0253					Basal machinery
cg0254	cg0254					Basal machinery
cg0256	cg0256					Basal machinery
cg0259	cg0259	3342977	Q8NTU2	moaB,NCgl0207	molybdenum cofactor biosynthesis protein	Basal machinery
cg0263	cg0263	3343033	Q8NTT8	NCgl0211,modA	molybdate-binding protein	Basal machinery
cg0264	cg0264					Basal machinery
cg0272	cg0272	3343662	Q8NTT1	NCgl0218	LysR family transcriptional regulator	Basal machinery
cg0273	cg0273	3343340	Q8NTT0	NCgl0219	alcohol dehydrogenase	Basal machinery
cg0275	cg0275	3343476		mgtE2	Mg2+ transporter	Basal machinery
cg0277	cg0277					Basal machinery
cg0279	cg0279	3343426		tyrA	prephenate dehydrogenase	Basal machinery
cg0280	cg0280					Basal machinery
cg0281	cg0281					Basal machinery
cg0282	cg0282	3342988	Q8NTS3	NCgl0226	hypothetical protein	M10.30
cg0283	cg0283					Basal machinery
cg0284	cg0284	3343564	Q8NTS1	NCgl0228	RND superfamily drug efflux protein	Basal machinery
cg0285	cg0285	3345604	Q8NTS0	NCgl0229,tgt	tRNA-guanine transglycosylase	Basal machinery
cg0286	cg0286					M10.5
cg0291	cg0291	3343751	Q8NTR5	NCgl0234	3,4-dioxygenase beta subunit	M10.5
cg0292	cg0292	3342566		tnp16a(ISCg16a)	transposase	M10.4
cg0293	cg0293	3343090	Q8NTR3	NCgl0236	hypothetical protein	Basal machinery
cg0294	cg0294	3343262		aspB	aspartate aminotransferase	Basal machinery
cg0295	cg0295	3342716	Q8NTR1	NCgl0238	hypothetical protein	Basal machinery
cg0296	cg0296	3343953	Q8NTR0	NCgl0239,dnaZX	DNA polymerase III subunits gamma and tau	Basal machinery
cg0297	cg0297	3342561	Q8NTQ9	NCgl0240	hypothetical protein	M10.4
cg0300	cg0300	3343150	Q8NTQ6	NCgl0243	tripeptide synthase	Basal machinery
cg0302	cg0302	3344636	Q8NTQ5	NCgl0244	DNA polymerase III subunit epsilon	Basal machinery
cg0304	cg0304	3343063	P42459	NCgl0246	membrane protein	Basal machinery
cg0308	cg0308					Basal machinery
cg0310	cg0310	3344583		katA	catalase	Intermodular
cg0311	cg0311					M10.1
cg0316	cg0316					Basal machinery
cg0326	cg0326	3344660		nuoL	monovalent cation/H+ antiporter subunit A	Basal machinery
cg0327	cg0327	3343347	Q8NTN6	NCgl0266	membrane protein	Basal machinery
cg0334	cg0334	3343784	Q8NTN0	NCgl0272	phosphohydrolase	Basal machinery
cg0335	cg0335	3342921	Q8NTM9	NCgl0273	hypothetical protein	Basal machinery
cg0336	cg0336	3343046	Q8NTM8	NCgl0274,ponA	penicillin-binding protein 1B	Basal machinery
cg0338	cg0338	3343855	Q8NTM5	NCgl0276	hypothetical protein	Basal machinery
cg0339	cg0339	3344693	Q8NTM4	NCgl0277	translation initiation inhibitor	Basal machinery
cg0340	cg0340	3342960	Q8NTM3	NCgl0278	integral membrane transport protein	M2
cg0341	cg0341	3342669		fadD1	fatty-acid--CoA ligase	M2
cg0344	cg0344	3343672	Q8NTM0	fabG1,NCgl0281	3-oxoacyl-ACP reductase	M2
cg0345	cg0345	3345437	Q8NTL9	NCgl0282	metal-dependent hydrolase of the TIM-barrel fold	M2
cg0346	cg0346	3342883	Q8NTL8	fadE,NCgl0283	glutaryl-CoA dehydrogenase	M2
cg0347	cg0347	3343394	Q8NTL7	NCgl0284	acyl dehydratase	M2
cg0349	cg0349	3344113	Q8NTL6	NCgl0285	metallo-beta-lactamase superfamily protein	Basal machinery
cg0352	cg0352	3342936	Q8NTL5	NCgl0287	hypothetical protein	Basal machinery
cg0353	cg0353	3343750	Q8NTL4	nth,NCgl0288	endonuclease III protein	Basal machinery
cg0354	cg0354	3343336	Q8NTL3	NCgl0289	thioredoxin-related protein	Basal machinery
cg0355	cg0355					Basal machinery
cg0356	cg0356					Basal machinery
cg0359	cg0359					Basal machinery
cg0360	cg0360					Basal machinery
cg0364	cg0364					M10.4
cg0366	cg0366	3342892	Q8NTK3	NCgl0299	hypothetical protein	Basal machinery
cg0370	cg0370					Basal machinery
cg0373	cg0373	3344903	Q8NTJ8	topA,NCgl0304	DNA topoisomerase I	Basal machinery
cg0374	cg0374	3343001	Q8NTJ7	NCgl0305	hypothetical protein	Basal machinery
cg0375	cg0375	3343210		cyaB	adenylate cyclase	Basal machinery
cg0376	cg0376	3345275	Q8NTJ5	NCgl0307,dnaX	DNA polymerase III subunit delta'	Basal machinery
cg0378	cg0378	3345073	Q8NTJ3	NCgl0308	phage-associated protein	Basal machinery
cg0380	cg0380					Basal machinery
cg0382	cg0382	3342650	Q8NTJ2	NCgl0309	adenylate kinase	Basal machinery
cg0384	cg0384	3343958	Q8NTJ1	rluC1,NCgl0310	ribosomal large subunit pseudouridine synthase C	M10.4
cg0385	cg0385	3345238	Q8NTJ0	bglS',NCgl0311	beta-glucosidase N-terminal domain-containing protein	M10.5
cg0387	cg0387	3343339	Q8NTI8	adhE,NCgl0313	zinc-type alcohol dehydrogenase	Basal machinery
cg0388	cg0388					Basal machinery
cg0389	cg0389					Basal machinery
cg0390	cg0390	3342615	Q8NTI5	NCgl0316	major facilitator superfamily permease	Basal machinery
cg0391	cg0391	3345003	Q8NTI4	NCgl0317,rmlB2	dTDP-glucose 4,6-dehydratase	Basal machinery
cg0394	cg0394					Basal machinery
cg0395	cg0395	3345538	Q8NTI1	NCgl0320	hypothetical protein	Basal machinery
cg0396	cg0396	3343979	Q8NTI0	NCgl0321	glycosyl transferase	Basal machinery
cg0397	cg0397	3345461	Q8NTH9	NCgl0322	5'-nucleotidase	M10.14
cg0399	cg0399	3344869	Q8NTH7	NCgl0323	hypothetical protein	Basal machinery
cg0400	cg0400	3345296	Q8NTH6	adhC,NCgl0324	alcohol dehydrogenase	Basal machinery
cg0401	cg0401	3344706	Q8NTH5	rmlA1,NCgl0325	TDP-glucose pyrophosphorylase	Basal machinery
cg0402	cg0402	3345475	Q8NTH4	rmlCD,NCgl0326	dTDP-4-dehydrorhamnose 3,5-epimerase, dTDP-dehydrorhamnose reductase	Basal machinery
cg0403	cg0403	3343650		rmlB1	dTDP-glucose 4,6-dehydratase	Basal machinery
cg0404	cg0404	3344485	Q8NTH2	NCgl0328	nitroreductase	Intermodular
cg0405	cg0405	3343775	Q8NTH1	NCgl0329	cobalamin/Fe3+-siderophores transport system, component	Basal machinery
cg0407	cg0407	3343695	Q8NTH0	NCgl0330	hypothetical protein	Basal machinery
cg0408	cg0408					M10.4
cg0409	cg0409	3343736	Q8NTG8	NCgl0332	metallopeptidase	Basal machinery
cg0410	cg0410					Basal machinery
cg0411	cg0411	3343000	Q8NTG6	NCgl0334	hypothetical protein	Basal machinery
cg0412	cg0412	3344949	Q8NTG5	NCgl0335	membrane protein	Basal machinery
cg0414	cg0414	3343378	Q8NTG3	wzz,NCgl0337	cell surface polysaccharide biosynthesis / chain length determinant protein	Basal machinery
cg0415	cg0415	3345620	Q8NTG2	NCgl0338,ptpA2	low molecular weight phosphotyrosine protein phosp	M10.4
cg0416	cg0416	3343048	Q8NTG1	NCgl0339	hypothetical protein	M10.4
cg0417	cg0417	3343127	Q8NTG0	capD,NCgl0340	dTDP-glucose 4,6-dehydratase transmembrane protein	Basal machinery
cg0418	cg0418	3345301	Q8NTF9	NCgl0341	aminotransferase	Basal machinery
cg0419	cg0419	3342930	Q8NTF8	NCgl0342	glycosyltransferase	Basal machinery
cg0420	cg0420	3345271	Q8NTF7	NCgl0343	glycosyl transferase	Basal machinery
cg0424	cg0424	3345225	Q8NTF3	NCgl0347	glycosyltransferase	Basal machinery
cg0427	cg0427	3345091	Q8NTF1	tnp17b(ISCg17a)	transposase	Basal machinery
cg0431	cg0431	3343022	Q8NTE9	NCgl0349	hypothetical protein	Basal machinery
cg0432	cg0432	3344725	Q8NTE8	NCgl0350	lipopolysaccharide modification acyltransferase	Basal machinery
cg0435	cg0435	3345593	Q8NTE7	NCgl0351,udgA1	UDP-glucose 6-dehydrogenase	Basal machinery
cg0436	cg0436					Basal machinery
cg0437	cg0437	3344600	Q8NTE5	NCgl0352	membrane protein	Basal machinery
cg0438	cg0438	3343058	Q8NTE4	NCgl0353	glycosyltransferase	M10.3
cg0439	cg0439	3345613	Q8NTE3	NCgl0354	acetyl transferase	Basal machinery
cg0442	cg0442	3343824	Q8NTE0	NCgl0356,galU2	UTP-glucose-1-phosphate uridylyltransferase	Basal machinery
cg0443	cg0443					Basal machinery
cg0446	cg0446	3345019		sdhA	succinate dehydrogenase flavoprotein subunit	M10.3
cg0447	cg0447	3342704		sdhB	succinate dehydrogenase/fumarate reductase iron-sulfur subunit	M10.3
cg0448	cg0448	3344977	Q8NTD4	NCgl0362	hypothetical protein	M10.3
cg0450	cg0450	3344625	Q8NTD2	NCgl0364	hypothetical protein	Basal machinery
cg0451	cg0451					M10.4
cg0452	cg0452	3344726	Q8NTD0	NCgl0366	hypothetical protein	M10.4
cg0453	cg0453	3345251	Q8NTC9	NCgl0367	hypothetical protein	Basal machinery
cg0454	cg0454					M30
cg0455	cg0455	3343104	Q8NTC7	NCgl0369	major facilitator superfamily permease	M30
cg0456	cg0456	3342896	Q8NTC6	NCgl0370	major facilitator superfamily permease	M30
cg0457	cg0457	3342586	Q8NTC5	NCgl0371,purU	formyltetrahydrofolate deformylase	Basal machinery
cg0461	cg0461					Basal machinery
cg0464	cg0464	3345575		ctpA	copper-transporting ATPase	M10.31
cg0465	cg0465	3345174	Q8NTC0	NCgl0376	hypothetical protein	Basal machinery
cg0466	cg0466					Basal machinery
cg0467	cg0467	3345061	Q8NTB8	NCgl0378	cobalamin/Fe3+-siderophores transport system, component	Basal machinery
cg0468	cg0468					Basal machinery
cg0472	cg0472					Basal machinery
cg0475	cg0475	3344630	Q8NTB1	NCgl0385	hypothetical protein	Basal machinery
cg0477	cg0477					Basal machinery
cg0480	cg0480	3343341	Q8NTA7	fadD5,NCgl0388	long-chain-fatty-acid--CoA ligase	Basal machinery
cg0486	cg0486	3342670	Q8NTA1	NCgl0394	ABC transporter	M11
cg0487	cg0487	3343617	Q8NTA0	NCgl0395	hypothetical protein	Basal machinery
cg0489	cg0489					Basal machinery
cg0491	cg0491					Basal machinery
cg0492	cg0492					Basal machinery
cg0493	cg0493					Basal machinery
cg0494	cg0494					Basal machinery
cg0495	cg0495	3343935	Q8NT93	NCgl0400	phosphatase	Basal machinery
cg0496	cg0496					Basal machinery
cg0499	cg0499	3343073	Q8NT89	NCgl0404	hypothetical protein	Basal machinery
cg0501	cg0501	3342817	Q8NT87	NCgl0406	integral membrane transport protein	M6
cg0502	cg0502	3343222	Q8NT86	NCgl0407	phosphate isomerase/epimerase	M6
cg0505	cg0505	3342882	Q8NT85	NCgl0410	L7/L12 family ribosomal protein	Basal machinery
cg0508	cg0508					Basal machinery
cg0510	cg0510	3342828		hemD	uroporphyrinogen III synthase/methyltransferase	Basal machinery
cg0511	cg0511					Basal machinery
cg0512	cg0512	3342769	Q8NT79	NCgl0416,hemB	delta-aminolevulinic acid dehydratase	Basal machinery
cg0513	cg0513	3343096	Q8NT78	NCgl0417	hypothetical protein	Basal machinery
cg0514	cg0514	3342911	Q8NT77	NCgl0418	hypothetical protein	Basal machinery
cg0515	cg0515					Basal machinery
cg0517	cg0517	3343902		hemY	protoporphyrinogen oxidase	Basal machinery
cg0519	cg0519	3342579	Q8NT72	NCgl0423	phosphoglycerate mutase	Basal machinery
cg0520	cg0520	3344487	Q8NT71	NCgl0424	thiol-disulfide isomerase or thioredoxin	Basal machinery
cg0522	cg0522	3343065		ccsA	cytochrome c biogenesis protein transmembrane prot	Basal machinery
cg0523	cg0523	3342928	Q8NT69	NCgl0426	membrane protein required for cytochrome c biosynthesis	Basal machinery
cg0528	cg0528	3344269	Q8NT64	NCgl0431	hypothetical protein	Basal machinery
cg0530	cg0530					Basal machinery
cg0531	cg0531	3345510	Q8NT62	menA,NCgl0433	1,4-dihydroxy-2-naphthoate octaprenyltransferase	Basal machinery
cg0532	cg0532	3343118	Q8NT61	NCgl0434	hypothetical protein	M11
cg0533	cg0533	3343181		menE	O-succinylbenzoic acid--CoA ligase	Intermodular
cg0534	cg0534	3343608	Q8NT59	NCgl0436	hypothetical protein	Intermodular
cg0536	cg0536	3344404	Q8NT57	NCgl0438	5-dehydro-4-deoxyglucarate dehydratase	Basal machinery
cg0538	cg0538	3343862	Q8NT55	NCgl0440	hypothetical protein	Basal machinery
cg0543	cg0543	3343669	Q8NT52	NCgl0443	hypothetical protein	Basal machinery
cg0544	cg0544	3343941	Q8NT51	NCgl0444	hypothetical protein	M10.14
cg0545	cg0545	3344126	Q8NT50	pitA,NCgl0445	inorganic phosphate transporter	M10.14
cg0548	cg0548	3344577	Q8NT47	menB,NCgl0446	naphthoate synthase	Basal machinery
cg0549	cg0549					Basal machinery
cg0550	cg0550					Basal machinery
cg0551	cg0551	3343845	Q8NT44	NCgl0449,menC	O-succinylbenzoate synthase	Basal machinery
cg0552	cg0552	3344320	Q8NT43	NCgl0450,menD	2-succinyl-5-enolpyruvyl-6-hydroxy-3- cyclohexene-1-carboxylate synthase	Basal machinery
cg0553	cg0553					Basal machinery
cg0555	cg0555	3344090	Q8NT40	NCgl0453	amino acid permease	Basal machinery
cg0557	cg0557	3342779	Q8NT38	NCgl0455	monooxygenase, FAD-binding	Basal machinery
cg0559	cg0559	3344437	Q8NT37	ispB,NCgl0456	octaprenyl-diphosphate synthase	Basal machinery
cg0561	cg0561	3344592	H7C6C7	secE,NCgl0457	preprotein translocase subunit SecE	Basal machinery
cg0562	cg0562	3342656	H7C6D0	NCgl0458,nusG	transcription antitermination protein NusG	Basal machinery
cg0566	cg0566	3342738	Q8NT35	NCgl0462,gabT	4-aminobutyrate aminotransferase	M29
cg0567	cg0567	3344567	Q8NT34	NCgl0463,gabD2	succinate-semialdehyde dehydrogenase (NADP+)	M29
cg0568	cg0568					M29
cg0569	cg0569	3345109	Q8NT32	NCgl0465	cation-transporting ATPase	Basal machinery
cg0570	cg0570	3342746	Q8NT31	NCgl0466	hypothetical protein	Basal machinery
cg0575	cg0575	3345587	Q8NT27	NCgl0470	hypothetical protein	Basal machinery
cg0578	cg0578	3343797	Q8NT24	NCgl0473	hypothetical protein	Basal machinery
cg0579	cg0579	3343759	Q8NT23	NCgl0474	transcriptional regulator	Basal machinery
cg0580	cg0580	3342708	Q8NT22	NCgl0475	hypothetical protein	Basal machinery
cg0588	cg0588	3343663	Q8NT16	NCgl0481	hypothetical protein	Basal machinery
cg0589	cg0589	3343069	Q8NT15	NCgl0482	ABC transporter ATPase	Basal machinery
cg0590	cg0590					Basal machinery
cg0591	cg0591					Basal machinery
cg0606	cg0606					Basal machinery
cg0607	cg0607	3343050	Q8NSZ5	NCgl0498	hypothetical protein	M11
cg0612	cg0612	3345317	Q8NSZ0	dkg,NCgl0503	2,5-diketo-D-gluconic acid reductase	Basal machinery
cg0614	cg0614	3343045	Q8NSY9	NCgl0504	hypothetical protein	Basal machinery
cg0616	cg0616	3343298	Q8NSY8	fdhD,NCgl0505	formate dehydrogenase accessory protein	Basal machinery
cg0617	cg0617	3342927	Q8NSY7	NCgl0506	hypothetical protein	Basal machinery
cg0618	cg0618	3342843		fdhF	formate dehydrogenase oxidoreductase	Basal machinery
cg0620	cg0620					Basal machinery
cg0621	cg0621	3345244	Q8NSY4	NCgl0509	hypothetical protein	M10.3
cg0622	cg0622					M10.3
cg0623	cg0623	3344095	Q8NSY2	NCgl0511	cobalt transport system, permease component	M10.3
cg0624	cg0624	3344399	Q8NSY1	NCgl0512	oxidoreductase	M10.3
cg0625	cg0625	3342663	Q8NSY0	NCgl0513	hypothetical protein	Basal machinery
cg0636	cg0636	3345367	Q8NSX0	NCgl0522	membrane protein	M10.18
cg0637	cg0637	3343265	Q8NSW9	betB,NCgl0523	betaine aldehyde dehydrogenase (BADH) oxidoreductase	Intermodular
cg0638	cg0638	3342964	Q8NSW8	NCgl0524	hypothetical protein	Intermodular
cg0639	cg0639	3343346	Q8NSW7	NCgl0525	ferredoxin reductase	Intermodular
cg0640	cg0640	3345556	Q8NSW6	NCgl0526,fdxB	ferredoxin	Intermodular
cg0641	cg0641	3342957	Q8NSW5	fabG2,NCgl0527	short-chain dehydrogenase	Intermodular
cg0642	cg0642					Intermodular
cg0644	cg0644					Intermodular
cg0645	cg0645	3342905	Q8NSW2	cytP,NCgl0530	cytochrome P450	Intermodular
cg0646	cg0646	3344284	Q8NSW1	NCgl0531	IclR family transcriptional regulator	M10.18
cg0650	cg0650					Basal machinery
cg0658	cg0658					M10.5
cg0660	cg0660	3343834	Q8NSU7	NCgl0545	hypothetical protein	Basal machinery
cg0662	cg0662	3342634	Q8NSU5	NCgl0547	FAD/FMN-containing dehydrogenase	Basal machinery
cg0663	cg0663	3342703		cma	cyclopropane-fatty-acyl-phospholipid syntase	Basal machinery
cg0664	cg0664	3343739	Q8NSU3	NCgl0549	membrane protein	Basal machinery
cg0676	cg0676	3343248	Q8NST3	NCgl0559	hypothetical protein	Basal machinery
cg0678	cg0678	3343252	Q8NST2	NCgl0560	hypothetical protein	Basal machinery
cg0679	cg0679	3342865	Q8NST1	NCgl0561	hypothetical protein	Basal machinery
cg0680	cg0680	3343403	Q8NST0	NCgl0562	hypothetical protein	M10.1
cg0682	cg0682	3343016	Q8NSS9	NCgl0564	hypothetical protein	Basal machinery
cg0683	cg0683	3344803	Q8NSS8	NCgl0565	hypothetical protein	Basal machinery
cg0684	cg0684	3342686		papA	prolyl aminopeptidase	Basal machinery
cg0685	cg0685	3344985	Q8NSS6	NCgl0567	hypothetical protein	Basal machinery
cg0686	cg0686	3342859	Q8NSS5	NCgl0568	GNAT family acetyltransferase	Basal machinery
cg0689	cg0689	3342873	Q8NSS2	NCgl0571	hypothetical protein	Basal machinery
cg0691	cg0691	3342786		groEL'	molecular chaperone GroEL	Intermodular
cg0692	cg2725	3344687	Q8NL16	NCgl1021,cg1213,cg2725,NCgl2392,tnp1c(ISCg1c)	transposase	M10.5
cg0695	cg0695	3344043	Q8NSR9	whiB3,NCgl0574	hypothetical protein	M10.2
cg0697	cg0697	3344696	Q8NSR7	NCgl0576	hypothetical protein	M11
cg0698	cg0698	3345579	Q8NSR6	NCgl0577	hypothetical protein	Basal machinery
cg0699	cg0699	3345623	Q8NSR5	guaB2,NCgl0578	inosine 5'-monophosphate dehydrogenase	Basal machinery
cg0700	cg0700	3345429	Q8NSR4	guaB3,NCgl0579	inosine 5-monophosphate dehydrogenase	Basal machinery
cg0701	cg0701					M25
cg0702	cg0702	3343928	Q8NSR2	NCgl0581	LysR family transcriptional regulator	M25
cg0704	cg0704	3343774	Q8NSR0	NCgl0583	hypothetical protein	Basal machinery
cg0706	cg0706					M10.4
cg0707	cg0707	3343030		cgtS7	two component sensor kinase	M10.4
cg0710	cg0710	3343707	Q8NSQ5	NCgl0587	hypothetical protein	M10.4
cg0711	cg0711	3343905	Q8NSQ4	NCgl0588	membrane protein	Basal machinery
cg0713	cg0713					M10.1
cg0714	cg0714	3344548	Q8NSQ1	NCgl0591	hypothetical protein	M10.1
cg0715	cg0715					M10.30
cg0716	cg0716	3345333	Q8NSP9	NCgl0593	hypothetical protein	Basal machinery
cg0717	cg0717	3343009	Q8NSP8	ubiA,NCgl0594	prenyltransferase	M10.16
cg0718	cg0718	3343170	Q8NSP7	NCgl0595,crtYf	C50 carotenoid epsilon cyclase	M10.16
cg0719	cg0719	3342881		crtYe	C50 carotenoid epsilon cyclase	M10.16
cg0720	cg0720	3345249		crtI2	phytoene dehydrogenase	M10.16
cg0721	cg0721	3344300	Q8NSP4	crtB2,NCgl0598	phytoene synthase	M10.16
cg0722	cg0722	3343008	Q8NSP3	NCgl0599	RND superfamily drug efflux protein	Intermodular
cg0723	cg0723	3344963		crtE	geranylgeranyl-pyrophosphate sythase	M10.16
cg0726	cg0726	3345204	Q8NSP0	NCgl0602	lipoprotein	Basal machinery
cg0727	cg0727					Basal machinery
cg0728	cg0728	3342556		phr	deoxyribodipyrimidine photolyase	Basal machinery
cg0730	cg0730	3342672	Q8NSN7	NCgl0605	glycosyl transferase	Basal machinery
cg0735	cg0735					Basal machinery
cg0739	cg0739					Basal machinery
cg0740	cg0740	3345320	Q8NSM8	NCgl0613	membrane protein	M28
cg0742	cg0742					M10.1
cg0747	cg0747	3343995	Q8NSM3	NCgl0617	cytidine and deoxycytidylate deaminase	Basal machinery
cg0748	cg0748	3343228	Q8NSM2	NCgl0618	cobalamin/Fe3+-siderophores transport systems, component	Basal machinery
cg0749	cg0749	3343364	Q8NSM1	NCgl0619,spoU	tRNA/rRNA methyltransferase	Basal machinery
cg0751	cg0751					M10.5
cg0752	cg0752	3343324	Q8NSL8	NCgl0622	or membrane protein	Basal machinery
cg0753	cg0753	3344140	Q8NSL7	NCgl0623	hypothetical protein	M10.3
cg0756	cg0756	3343822		cstA	carbon starvation protein A	M10.1
cg0757	cg0757					Basal machinery
cg0763	cg0763	3342848	Q8NSK9	NCgl0631,mdh2	malate/L-lactate dehydrogenase	Basal machinery
cg0764	cg0764	3343950	Q8NSK8	NCgl0632	GntR family transcriptional regulator	Basal machinery
cg0765	cg0765	3344979	Q8NSK7	NCgl0633	hypothetical protein	Basal machinery
cg0767	cg0767	3343900	Q8NSK6	NCgl0635	hypothetical protein	Basal machinery
cg0768	cg0768	3344422	Q8NSK5	NCgl0636	ABC-type cobalamin/Fe3+-siderophores transport system, ATPase component	Basal machinery
cg0769	cg0769					Basal machinery
cg0770	cg0770					M10.5
cg0772	cg0772					Basal machinery
cg0773	cg0773					Basal machinery
cg0774	cg0774	3344217	Q8NSJ9	NCgl0642	membrane protein	Basal machinery
cg0775	cg0775					Basal machinery
cg0776	cg0776	3344799	Q8NSJ7	NCgl0644	ABC-type cobalamin/Fe3+-siderophores transport system, component	Basal machinery
cg0777	cg0777	3343143	Q8NSJ6	NCgl0645	ABC-type cobalamin/Fe3+-siderophores transport system, ATPase component	Basal machinery
cg0778	cg0778	3344008	Q8NSJ5	NCgl0646	ABC-type cobalamin/Fe3+-siderophores transport system, permease component	Basal machinery
cg0780	cg0780	3342842	Q8NSJ3	NCgl0648	ribonuclease BN family membrane protein	Basal machinery
cg0781	cg0781	3343870	Q8NSJ2	NCgl0649	membrane protein	M10.4
cg0782	cg0782	3345220		dac	D-alanyl-D-alanine carboxypeptidase	Basal machinery
cg0783	cg0783	3345162	Q8NSJ0	NCgl0651	hypothetical protein	Basal machinery
cg0787	cg0787					Basal machinery
cg0788	cg0788	3345619		pmmB	phosphoglucomutase/phosphomannomutase	Basal machinery
cg0789	cg0789	3342979		amiA	N-acyl-L-amino acid amidohydrolase	Basal machinery
cg0790	cg0790	3342869	Q8NSI4	NCgl0658,lpdA	flavoprotein disulfide reductase	Basal machinery
cg0791	cg0791	3344537	H7C7K2	pyc,NCgl0659	pyruvate carboxylase	Basal machinery
cg0792	cg0792	3344890	Q8NSI3	NCgl0660	thioredoxin domain-containing protein	Basal machinery
cg0793	cg0793	3345291	Q8NSI2	NCgl0661	hypothetical protein	M10.3
cg0794	cg0794	3345055	Q8NSI1	NCgl0662	cobalamin synthesis protein/P47K	M10.3
cg0795	cg0795	3343649	Q8NSI0	NCgl0663	FAD-dependent pyridine nucleotide-disulphide oxidoreductase	M10.3
cg0802	cg0802	3343021	Q79VI2	accBC,NCgl0670	biotin carboxylase and biotin carboxyl carrier protein	M17
cg0806	cg0806	3342560	Q8NSH3	NCgl0672	hypothetical protein	Basal machinery
cg0807	cg0807	3345292	Q8NSH2	NCgl0673	hypothetical protein	Basal machinery
cg0808	cg0808	3344676	Q8NSH1	wbpC,NCgl0674	lipopolysaccharide biosynthesis acyltransferase, m	Basal machinery
cg0809	cg0809	3345507	Q8NSH0	maf,NCgl0675	Maf-like protein	M11
cg0810	cg0810	3344109	Q8NSG9	NCgl0676	hypothetical protein	M11
cg0811	cg0811	3344324	Q8NSG8	NCgl0677,dtsR2	acetyl/propionyl CoA carboxylase subunit beta	M11
cg0815	cg0815	3345326	Q8NSG5	NCgl0680	membrane protein	Basal machinery
cg0816	cg0816	3343124		purK	phosphoribosylaminoimidazole carboxylase ATPase subunit	Basal machinery
cg0819	cg0819	3342799	Q8NSG2	NCgl0683	hypothetical protein	Basal machinery
cg0820	cg0820	3343108	Q8NSG1	purE,NCgl0684	phosphoribosylaminoimidazole carboxylase catalytic subunit	Basal machinery
cg0821	cg0821	3345530	Q8NSG0	NCgl0685	hypothetical protein	Basal machinery
cg0822	cg0822					Basal machinery
cg0823	cg0823	3344489	Q8NSF8	NCgl0687,ntaA	nitrilotriacetate monooxygenase component A	M10.4
cg0824	cg0824	3345011	Q8NL32	NCgl2542,cg2914,NCgl0688,tnp5a(ISCg5a)	transposase	M10.4
cg0826	cg0826	3343644	Q8NSF6	NCgl0690	hypothetical protein	Basal machinery
cg0828	cg0828	3343800	Q8NSF5	NCgl0691	hypothetical protein	Basal machinery
cg0829	cg0829	3343674	Q8NSF4	NCgl0692	hypothetical protein	Basal machinery
cg0830	cg0830	3345558	Q8NSF3	NCgl0693	membrane protein	Basal machinery
cg0832	cg0832	3343760	Q8NSF1	NCgl0695	ABC transporter membrane protein	Basal machinery
cg0833	cg0833					Basal machinery
cg0834	cg0834	3345398	Q8NSE9	NCgl0697	ABC transporter substrate-binding protein	M10.1
cg0835	cg0835	3342692	Q8NSE8	NCgl0698,msiK2	ABC-type sugar transport systems, ATPase component	Basal machinery
cg0836	cg0836					Basal machinery
cg0839	cg0839	3344664	Q8NSE4	NCgl0701	hypothetical protein	Basal machinery
cg0840	cg0840					Basal machinery
cg0841	cg0841	3343655	Q8NSE2	NCgl0703	hypothetical protein	M10.1
cg0844	cg0844					Basal machinery
cg0845	cg0845	3343253	Q8NSD7	NCgl0707	SNF2 family DNA/RNA helicase	Basal machinery
cg0848	cg0848	3343099		wbbL	rhamnosyl transferase WbbL	Basal machinery
cg0849	cg0849	3345539		rmlA2	GDP-mannose pyrophosphorylase	Basal machinery
cg0852	cg0852	3344218	Q8NSD2	NCgl0712	hypothetical protein	Basal machinery
cg0853	cg0853	3344234	Q8NSD1	NCgl0713	hypothetical protein	Basal machinery
cg0854	cg0854	3342989	Q8NSD0	manB,NCgl0714	phosphomannomutase/phosphoglucomutase	Basal machinery
cg0855	cg0855	3343502	Q8NSC9	NCgl0715	hypothetical protein	Basal machinery
cg0856	cg0856	3344387	Q8NSC8	manA,NCgl0716	mannose-6-phosphate isomerase	Basal machinery
cg0858	cg0858					M10.30
cg0859	cg0859	3345496	Q8NSC5	NCgl0718	hypothetical protein	M10.30
cg0861	cg0861	3342924	Q8NSC3	tmk,NCgl0720	thymidylate kinase	Basal machinery
cg0866	cg0866	3342826	Q8NSB9	NCgl0724	hypothetical protein	Basal machinery
cg0867	cg0867	3343793	Q8NSB7	NCgl0725	ribosome-associated protein Y (PSrp-1)	Basal machinery
cg0870	cg0870					Basal machinery
cg0871	cg0871	3344794	Q8NSB4	NCgl0728	hypothetical protein	Basal machinery
cg0874	cg0874					Basal machinery
cg0875	cg0875	3342614	Q8NSB1	NCgl0732	hypothetical protein	M10.1
cg0877	cg0877					M10.1
cg0879	cg0879	3345568	Q8NSB0	NCgl0735	membrane protein	Basal machinery
cg0881	cg0881	3343358	Q8NSA8	NCgl0737,rhlE	ATP-dependent RNA helicase	Basal machinery
cg0882	cg0882	3343430	Q8NSA7	NCgl0738	hypothetical protein	Basal machinery
cg0883	cg0883					Basal machinery
cg0884	cg0884	3344061	Q8NSA5	NCgl0740	hypothetical protein	Basal machinery
cg0885	cg0885	3344893	Q8NSA4	NCgl0741	helicase, UVRD/REP family	Basal machinery
cg0886	cg0886					Basal machinery
cg0887	cg0887					Basal machinery
cg0888	cg0888	3342877	Q8NSA1	NCgl0744	NTP pyrophosphohydrolase	Basal machinery
cg0889	cg0889	3343729	Q8NSA0	NCgl0745	ATP-dependent DNA helicase RecQ	Basal machinery
cg0892	cg0892	3343357	Q8NS97	NCgl0748	hypothetical protein	M10.4
cg0893	cg0893	3343761	Q8NS96	NCgl0749	PDZ domain-containing protein	Basal machinery
cg0895	cg0895	3344543	Q8NS94	NCgl0751	hypothetical protein	Basal machinery
cg0896	cg0896	3343392	Q8NS93	NCgl0752	hypothetical protein	M10.30
cg0901	cg0901	3342815	Q8NS88	NCgl0757	hypothetical protein	Basal machinery
cg0905	cg0905	3344629	Q8NS85	NCgl0760,psp2	hypothetical protein	Basal machinery
cg0906	cg0906	3343906	Q8NS84	NCgl0761	hypothetical protein	Basal machinery
cg0907	cg0907					Basal machinery
cg0908	cg0908	3344215	Q8NS83	NCgl0763	hypothetical protein	Basal machinery
cg0909	cg0909					Basal machinery
cg0911	cg0911					Basal machinery
cg0914	cg0914	3344545	Q8NS77	ftsE,NCgl0768	cell division ATP-binding protein	Basal machinery
cg0915	cg0915	3343380	Q8NS76	NCgl0769,ftsX	cell division protein	Basal machinery
cg0918	cg0918	3344713	Q8NS74	NCgl0771	hypothetical protein	Basal machinery
cg0921	cg0921	3345427	Q8NS72	NCgl0773	siderophore-interacting protein	Basal machinery
cg0922	cg0922	3344746	Q8NS71	NCgl0774	ABC-type cobalamin/Fe3+-siderophores transport system, component	Basal machinery
cg0923	cg0923	3344605	Q8NS70	NCgl0775	membrane protein	Basal machinery
cg0924	cg0924	3344699	Q8NS69	NCgl0776	ABC-type cobalamin/Fe3+-siderophores transport sys	Basal machinery
cg0926	cg0926	3344375	Q8NS68	NCgl0777	ABC-type cobalamin/Fe3+-siderophores transport system, permease component	M10.24
cg0927	cg0927					Basal machinery
cg0928	cg0928	3342596	Q8NS66	NCgl0779	ABC-type cobalamin/Fe3+-siderophores transport system, ATPase component	Basal machinery
cg0931	cg0931					Basal machinery
cg0933	cg0933	3344665	Q8NS63	NCgl0782	superfamily II DNA/RNA helicase	Basal machinery
cg0935	cg0935	3344723	Q8NS61	NCgl0784	hypothetical protein	Basal machinery
cg0938	cg0938					Basal machinery
cg0939	cg0939	3342902	Q8NS58	NCgl0787	hypothetical protein	Basal machinery
cg0940	cg0940	3344828	Q8NS57	NCgl0788	glutamine cyclotransferase precursor	Basal machinery
cg0941	cg0941	3345281	Q8NS56	NCgl0789	hypothetical protein	Basal machinery
cg0944	cg0944					Basal machinery
cg0945	cg0945	3344339	Q8NS54	NCgl0791	23S ribosomal RNA methyltransferase	Basal machinery
cg0947	cg0947	3345674	Q8NS52	NCgl0793	hypothetical protein	Basal machinery
cg0948	cg0948	3343277	Q8NS51	NCgl0794,serC	phosphoserine aminotransferase	Basal machinery
cg0950	cg0950	3343627	P42458	NCgl0796,fkpA	FKBP-type peptidylprolyl isomerase	Basal machinery
cg0951	cg0951	3345392		accDA	acetyl-coenzyme A carboxylase carboxyl transferase	Basal machinery
cg0952	cg0952	3343914	Q8NS50	NCgl0798	hypothetical protein	Basal machinery
cg0953	cg0953	3343485	Q8NS49	NCgl0799	Na+/proline symporter	Basal machinery
cg0954	cg0954					Basal machinery
cg0955	cg0955	3344925	Q8NS47	NCgl0801	hypothetical protein	Basal machinery
cg0957	cg0957	3343360		fas-IB	fatty acid synthase	M17
cg0958	cg0958	3344180	Q8NS45	NCgl0803	hypothetical protein	Basal machinery
cg0960	cg0960	3343817	Q8NS44	NCgl0804	hypothetical protein	Basal machinery
cg0961	cg0961	3343719	Q8NS43	NCgl0805	hypothetical protein	M10.1
cg0962	cg0962	3342866	Q8NS42	NCgl0806	hypothetical protein	Basal machinery
cg0963	cg0963	3344196	Q8NS41	NCgl0807	hypothetical protein	Basal machinery
cg0965	cg0965	3344181	Q8NS39	NCgl0809,folA	dihydrofolate reductase	Basal machinery
cg0967	cg0967	3345270	Q8NS37	NCgl0811,cysQ	3'-phosphoadenosine 5'-phosphosulfate 3'-phosphatase	Basal machinery
cg0968	cg0968	3345337	Q8NS36	NCgl0812	ATP-dependent helicase	Basal machinery
cg0969	cg0969	3342868	Q8NS35	nei,NCgl0813	endonuclease VIII	Basal machinery
cg0970	cg0970	3344745	Q8NS34	NCgl0814	hypothetical protein	Basal machinery
cg0971	cg0971	3344788	Q8NS33	NCgl0815	membrane protein	Basal machinery
cg0975	cg0975					Basal machinery
cg0976	cg0976	3343190	Q8NS28	NCgl0820,pcrA	ATP-dependent helicase PcrA	Basal machinery
cg0977	cg0977	3344698	Q8NS27	NCgl0821	ABC-type transport system, involved in lipoprotein release, permease component	M5
cg0978	cg0978	3343920	Q8NS26	NCgl0822	ABC-type transport system, involved in lipoprotein release, ATPase component	M5
cg0979	cg0979	3343882	Q8NS25	NCgl0823	ParR family transcriptional regulator	M5
cg0980	cg0980	3344880	Q8NS24	NCgl0824,mepB	protein related to metalloendopeptidase	M10.30
cg0982	cg0982					Basal machinery
cg0983	cg0983	3342696		purN	phosphoribosylglycinamide formyltransferase	Basal machinery
cg0985	cg0985	3343052	Q8NS20	citE,NCgl0828	citryl-COA lyase BETA subunit-like protein	Basal machinery
cg0987	cg0987					Basal machinery
cg0992	cg0992	3344892	Q8NS14	NCgl0835	MFS superfamily sulfate permease	M10.5
cg0996	cg0996	3345205		cgtR2	two component response regulator	Basal machinery
cg0997	cg0997	3344177		cgtS2	two component sensor kinase	Basal machinery
cg0998	cg0998					M10.3
cg0999	cg0999	3345354	Q8NS09	NCgl0842	molybdenum cofactor biosynthesis protein	Basal machinery
cg1000	cg1000					Basal machinery
cg1001	cg1001	3343129	Q8NS07	mscL,NCgl0843	large conductance mechanosensitive channel	M10.4
cg1002	cg1002	3343361	Q8NS06	NCgl0844	hypothetical protein	M10.5
cg1003	cg1003	3344820	Q8NS05	NCgl0845	5-formyltetrahydrofolate cyclo-ligase	Basal machinery
cg1004	cg1004	3344004		galU1	UTP-glucose-1-phosphate uridylyltransferase	Basal machinery
cg1005	cg1005	3342808	Q8NS03	moeA2,NCgl0847	molybdenum cofactor biosynthesis protein	Basal machinery
cg1006	cg1006	3344697	Q8NS02	NCgl0848	acetyltransferase	Basal machinery
cg1007	cg1007	3343044	Q8NS01	NCgl0849	hypothetical protein	Basal machinery
cg1009	cg1009	3344722	Q8NS00	NCgl0850	integral membrane transporter	Basal machinery
cg1010	cg1010	3344929	Q8NRZ9	NCgl0851	hypothetical protein	Basal machinery
cg1011	cg1011					Basal machinery
cg1012	cg1012					Basal machinery
cg1015	cg1015					Basal machinery
cg1018	cg1018	3344169	Q8NRZ3	NCgl0858	ATP-dependent DNA helicase	Basal machinery
cg1022	cg1022	3343263		tnp6a(ISCg6a)	transposase	Basal machinery
cg1023	cg1031	3345067	Q8NKX8	NCgl0868,tnp6b(ISCg6a),cg1031,NCgl0863	transposase	Basal machinery
cg1027	cg1027	3344739	Q8NRY8	dld,NCgl0865	D-lactate dehydrogenase	Basal machinery
cg1030	cg1030	3343652		tnp6c(ISCg6c)	transposase	Basal machinery
cg1032	cg1032	3345190	Q8NRY5	NCgl0869	transcription regulator ArsR	M9
cg1033	cg1033					M9
cg1035	cg1035	3342802	Q8NRY3	NCgl0871	TatD related DNase	Basal machinery
cg1040	cg1040	3343359	Q8NRX9	NCgl0875	ABC transporter ATPase	M10.30
cg1041	cg1041	3344424	Q8NRX8	NCgl0876,pdxK	pyridoxal/pyridoxine/pyridoxamine kinase	M10.30
cg1044	cg1044					Basal machinery
cg1045	cg1045	3344240	Q8NRX5	NCgl0879	hypothetical protein	Basal machinery
cg1046	cg1046	3342575	Q8NRX4	NCgl0880,pvdS1	hypothetical protein	Basal machinery
cg1048	cg1048	3342549	Q8NRX3	NCgl0881	HAD family hydrolase	Basal machinery
cg1049	cg1049	3345237	Q8NRX2	NCgl0882	3-hydroxyisobutyryl-CoA hydrolase	Basal machinery
cg1050	cg1050					Basal machinery
cg1051	cg1051					Basal machinery
cg1053	cg1053	3342546	Q8NRW8	NCgl0886	TETR-family transcriptional regulator	M12
cg1054	cg1054	3342541	Q8NRW7	mmpL2,NCgl0887	RND superfamily drug efflux protein	M12
cg1055	cg1055	3342540	Q8NRW6	NCgl0888,menG	ribonuclease activity regulator protein RraA	Basal machinery
cg1056	cg1056					M11
cg1059	cg1059	3344261	Q8NRW3	NCgl0891	hypothetical protein	M10.1
cg1060	cg1060	3344420		prfC	peptide chain release factor 3	Basal machinery
cg1065	cg1065	3343379	Q8NRV8	NCgl0896	ABC-type branched-chain amino acid transport systems, ATPase component	M10.9
cg1066	cg1066	3344962	Q8NRV7	NCgl0897	ABC-type branched-chain amino acid transport systems, ATPase component	M10.9
cg1069	cg1069	3345445		gapX	glyceraldehyde-3-phosphate dehydrogenase	M10.5
cg1070	cg1070					Basal machinery
cg1073	cg1073	3343684	Q8NRV1	NCgl0903	lactoylglutathione lyase	Basal machinery
cg1077	cg1077	3344175	Q8NRU7	NCgl0907	major facilitator superfamily permease	Basal machinery
cg1080	cg1080					M10.1
cg1081	cg1081					M10.1
cg1082	cg1082	3344205	Q8NRU4	NCgl0910	hypothetical protein	M10.1
cg1085	cg1085					M10.1
cg1086	cg1086					Basal machinery
cg1087	cg1087					Basal machinery
cg1088	cg1088					Basal machinery
cg1089	cg1089	3343735	Q8NRT8	NCgl0915	ABC-type multidrug/protein/lipid transport system, ATPase component	Basal machinery
cg1090	cg1090	3343083		ggtB	gamma-glutamyltranspeptidase precursor	M10.3
cg1091	cg1091	3344964	Q8NRT6	NCgl0917	hypothetical protein	M10.1
cg1092	cg1092					Basal machinery
cg1094	cg1757	3344347	Q8NL43	NCgl1496,NCgl0919,cg1757,tnp3a(ISCg3a)	transposase	Basal machinery
cg1095	cg1095					Basal machinery
cg1096	cg1096	3344318	Q8NRT2	NCgl0921	hypothetical protein	Basal machinery
cg1098	cg1098	3344563	Q8NRT0	NCgl0923	TetR family regulatory protein	Basal machinery
cg1099	cg1099	3344569		mfd	transcription-repair coupling factor	Basal machinery
cg1104	cg1104	3344528	P35866	NCgl0928	esterase	Basal machinery
cg1106	cg1106					Basal machinery
cg1107	cg1107	3343369	Q8NRS5	NCgl0931	hypothetical protein	Basal machinery
cg1110	cg1110					Basal machinery
cg1112	cg1112	3344291	Q8NRS0	NCgl0936	hypothetical protein	Basal machinery
cg1113	cg1113					Basal machinery
cg1115	cg1115	3342542	Q8NRR8	ppx2,NCgl0938	exopolyphosphatase	Basal machinery
cg1117	cg1117	3342550	Q8NRR6	NCgl0940	hypothetical protein	Basal machinery
cg1121	cg1121					M10.1
cg1123	cg1123	3343737	Q8NRQ9	NCgl0946,greA	transcription elongation factor GreA	Basal machinery
cg1125	cg1125					Basal machinery
cg1127	cg1127					Basal machinery
cg1128	cg1128	3343014	Q8NRQ6	NCgl0949	hypothetical protein	Basal machinery
cg1131	cg1131	3343854	Q8NRQ4	NCgl0952	hypothetical protein	Basal machinery
cg1136	cg1136	3344743	Q8NRP9	NCgl0957	hypothetical protein	Basal machinery
cg1137	cg1137					Basal machinery
cg1138	cg1138	3343362	Q8NRP7	NCgl0959	phosphinothricin acetyltransferase	Basal machinery
cg1139	cg1139	3344248	Q8NRP6	NCgl0960	allophanate hydrolase subunit 2	Basal machinery
cg1140	cg1140					Basal machinery
cg1141	cg1141	3344452	Q8NRP4	NCgl0962	LamB/YcsF family protein	Basal machinery
cg1142	cg1142					Basal machinery
cg1143	cg1143					Basal machinery
cg1144	cg1144					Basal machinery
cg1147	cg1147	3344596	Q8NRN7	NCgl0968	hypothetical protein	M10.6
cg1150	cg1150	3344891	Q8NRN4	NCgl0971	hypothetical protein	M10.4
cg1151	cg1151	3342812		ssiE	monooxygenase	M10.6
cg1152	cg1152	3342904	Q8NRN2	ssiF,NCgl0973	monoxygenase	M10.6
cg1153	cg1153	3345607	Q8NRN1	NCgl0974,ssiG	monoxygenase	M10.6
cg1156	cg1156	3342777	Q8NRN0	NCgl0975,ssuD2	alkanesulfonate monooxygenase	M10.6
cg1158	cg1158	3345282	Q8NRM8	NCgl0977	hypothetical protein	Basal machinery
cg1159	cg1159					Basal machinery
cg1162	cg1162	3344525	Q8NRM4	NCgl0980,xseB	exodeoxyribonuclease VII small subunit	Basal machinery
cg1165	cg1165	3344729	Q8NRM1	NCgl0983	gamma-aminobutyrate permease or related permease	Basal machinery
cg1166	cg1166					Basal machinery
cg1167	cg1167	3344195	Q8NRL9	NCgl0985	hypothetical protein	Basal machinery
cg1169	cg1169					Basal machinery
cg1171	cg1171	3343782	Q8NRL6	NCgl0988	GTP-dependent nucleic acid-binding protein EngD	Basal machinery
cg1172	cg1172					Basal machinery
cg1173	cg1173	3343668	Q8NRL5	NCgl0989	plasmid maintenance system antidote protein	Basal machinery
cg1174	cg1174	3344714		arcB	ornithine carbamoyltransferase	Basal machinery
cg1176	cg1176					M10.24
cg1179	cg1179					Basal machinery
cg1180	cg1180					Basal machinery
cg1181	cg1181					Basal machinery
cg1182	cg1182	3343163	Q8NRK8	NCgl0996	hypothetical protein	Basal machinery
cg1183	cg1183	3345514	Q8NRK7	NCgl0997	hypothetical protein	Basal machinery
cg1189	cg1189					Basal machinery
cg1190	cg1190	3343666	Q8NRK2	NCgl1001	hypothetical protein	Basal machinery
cg1191	cg1191	3343285	Q8NRK1	NCgl1002	hypothetical protein	Basal machinery
cg1192	cg1192					Basal machinery
cg1195	cg1195					Basal machinery
cg1202	cg1202	3343377	Q8NRJ2	NCgl1011	hypothetical protein	Basal machinery
cg1203	cg1203					Basal machinery
cg1204	cg1204					Basal machinery
cg1205	cg1205	3342945	Q8NRI9	NCgl1014	hypothetical protein	Basal machinery
cg1206	cg1206					Basal machinery
cg1207	cg1207	3343812	Q8NRI7	NCgl1016	ABC transporter ATPase	Basal machinery
cg1209	cg1209	3343728	Q8NRI5	NCgl1018,phnA	hypothetical protein	Basal machinery
cg1210	cg1210					Basal machinery
cg1214	cg1214	3344871	Q8NRI2	NCgl1022	cysteine sulfinate desulfinase/cysteine desulfurase	M10.2
cg1215	cg1215	3344975	Q8NRI1	NCgl1023,nadC	nicotinate-nucleotide pyrophosphorylase	M10.2
cg1220	cg1220					Basal machinery
cg1222	cg1222	3343388		lplA	lipoate-protein ligase	Basal machinery
cg1226	cg1226	3343085		pobB	4-hydroxybenzoate 3-monooxygenase	M10.8
cg1227	cg1227					Basal machinery
cg1228	cg1228	3343671	Q8NRH0	NCgl1034	ABC-type cobalt transport system, ATPase component	Basal machinery
cg1229	cg1229	3344340	Q8NRG9	NCgl1035	ABC-type cobalt transport system, permease component CbiQ	Basal machinery
cg1230	cg1230	3343720	Q8NRG8	NCgl1036	hypothetical protein	Basal machinery
cg1231	cg1231	3344344	Q8NRG7	NCgl1037,chaA	Ca2+/H+ antiporter	Basal machinery
cg1232	cg1232					Basal machinery
cg1233	cg1233	3344832	Q8NRG5	NCgl1039	hypothetical protein	Basal machinery
cg1234	cg1234	3342563	Q8NRG4	NCgl1040	excinuclease ATPase subunit-UvrA-like protein	Basal machinery
cg1237	cg1237	3343560	Q8NRG2	NCgl1042	hypothetical protein	Basal machinery
cg1238	cg1238	3345493	Q8NRG1	NCgl1043	hypothetical protein	Basal machinery
cg1239	cg1239	3343781	Q8NRG0	NCgl1044	2-dehydropantoate 2-reductase	Basal machinery
cg1240	cg1240	3344643	Q8NRF9	NCgl1045	hypothetical protein	Basal machinery
cg1241	cg1241					Basal machinery
cg1243	cg1243	3344309	Q8NRF6	NCgl1048	trypsin-like serine protease	Basal machinery
cg1244	cg1244	3342554	Q8NRF5	NCgl1049	arsenate reductase	Basal machinery
cg1245	cg1245	3344744	Q8NRF4	NCgl1050	hypothetical protein	Basal machinery
cg1246	cg1246	3345494	Q8NRF3	NCgl1051	hypothetical protein	M11
cg1247	cg1247	3344597	Q8NRF2	NCgl1052	hypothetical protein	M11
cg1248	cg1248					Basal machinery
cg1249	cg1249					Basal machinery
cg1251	cg1251					Basal machinery
cg1252	cg1252	3344313	Q8NRE7	fdxC,NCgl1057	ferredoxin	Basal machinery
cg1253	cg1253	3343017	Q8NRE6	dapC,NCgl1058	N-succinyldiaminopimelate aminotransferase	Basal machinery
cg1254	cg1254	3343831	Q8NRE5	NCgl1059	hypothetical protein	Basal machinery
cg1255	cg1255	3343383	Q8NRE4	NCgl1060	HNH endonuclease	Intermodular
cg1259	cg1259	3345561	Q79VH2	NCgl1063,dapD2	tetrahydrodipicolinate N-succinyltransferase	Basal machinery
cg1261	cg1261	3344058	Q8NRE2	NCgl1065	lysine decarboxylase	Basal machinery
cg1262	cg1262	3344189		folP2	dihydropteroate synthase	Basal machinery
cg1263	cg1263					Basal machinery
cg1264	cg1264	3344436	Q8NRD9	NCgl1068	hypothetical protein	Basal machinery
cg1265	cg1265	3344073	Q8NRD8	NCgl1069	hypothetical protein	Basal machinery
cg1266	cg1266	3342785	Q8NRD7	rrmA,NCgl1070	rRNA guanine-N1-methyltransferase	M10.1
cg1267	cg1267	3343745	Q8NRD6	NCgl1071	Beta-fructosidase (levanase/invertase)	Basal machinery
cg1268	cg1268	3344481		glgA	glycosyl transferase	Basal machinery
cg1270	cg1270	3344319	Q8NRD3	NCgl1074	hypothetical protein	Basal machinery
cg1274	cg1274	3343028	Q8NRC9	mrp,NCgl1078	chromosome partitioning ATPase	Basal machinery
cg1276	cg1276	3344444	Q8NRC7	mgtE1,NCgl1080	Mg2+/Co2+ transporter	Basal machinery
cg1277	cg1277					Basal machinery
cg1278	cg1278	3342767	Q8NRC5	NCgl1082	hypothetical protein	Basal machinery
cg1279	cg1279					Basal machinery
cg1281	cg1281	3343286	Q8NRC2	NCgl1085	ABC-type multidrug/protein/lipid transport system, ATPase component	Basal machinery
cg1282	cg1282	3344086	Q8NRC1	NCgl1086	hypothetical protein	Basal machinery
cg1283	cg1283	3343634	Q8NRC0	NCgl1087,aroE	shikimate 5-dehydrogenase	M10.1
cg1284	cg1284	3343769		lipT	type B carboxylesterase	M10.1
cg1285	cg1285	3344549	Q8NRB8	NCgl1089	hypothetical protein	M10.1
cg1286	cg1286					Basal machinery
cg1287	cg1287					Basal machinery
cg1288	cg1288	3344352	Q8NRB5	NCgl1092	major facilitator superfamily permease	M10.1
cg1289	cg1289	3345531	Q8NRB4	NCgl1093	major facilitator superfamily permease	M10.1
cg1291	cg1291	3342664	Q8NRB2	NCgl1095	hypothetical protein	Basal machinery
cg1292	cg1292					M10.1
cg1293	cg1293	3343833	Q8NRB0	NCgl1097	hypothetical protein	M10.1
cg1294	cg1294					M10.1
cg1295	cg1295	3344403	Q8NRA8	NCgl1099	alpha/beta hydrolase	M10.9
cg1296	cg1296	3343084	Q8NRA7	NCgl1100	non-ribosomal peptide synthetase module and related proteins	M10.9
cg1303	cg1303	3345555	Q8NR99	NCgl1106	NTP pyrophosphohydrolase	Basal machinery
cg1304	cg1304	3344351	Q8NR98	NCgl1107	hypothetical protein	Basal machinery
cg1305	cg1305	3344506	Q8NR97	NCgl1108	amino acid permease	Basal machinery
cg1307	cg1307					Basal machinery
cg1309	cg1309	3344054	Q8NR94	NCgl1111,mhpA	3-(3-hydroxyphenyl)propionate hydroxylase	M31
cg1310	cg1310	3344482	Q8NR93	NCgl1112,tfdF	maleylacetate reductase	M31
cg1311	cg1311	3344178	Q8NR92	NCgl1113,catA2	catechol 1,2-dioxygenase	M31
cg1312	cg1312	3344288	Q8NR91	NCgl1114	hypothetical protein	Basal machinery
cg1313	cg1313	3344208	Q8NR90	NCgl1115	hypothetical protein	Basal machinery
cg1314	cg1314	3345186	Q79VH1	NCgl1116,putP	proline transport system	M10.1
cg1318	cg1318	3343382	Q8NR87	NCgl1119	DNA repair exonuclease	M10.1
cg1319	cg1319	3344454	Q8NR86	NCgl1120	DNA repair ATPase	M10.1
cg1322	cg1322	3343647	Q8NR83	NCgl1123	hypothetical protein	M10.4
cg1325	cg1325					M10.4
cg1326	cg1326					Basal machinery
cg1327	cg1327	3342642	Q8NR79	NCgl1127	Crp family regulatory proteins	Basal machinery
cg1328	cg1328	3344427	Q8NR78	NCgl1128	copper chaperone	Basal machinery
cg1332	cg1332	3344441	Q8NR75	NCgl1131	hydrolase	M10.3
cg1336	cg1336	3344301	Q8NR73	NCgl1135	hypothetical protein	Basal machinery
cg1342	cg1342	3342991		narJ	nitrate reductase delta chain	Intermodular
cg1344	cg1344	3345144	Q8NR68	NCgl1142,narG	nitrate reductase 2, alpha subunit	Intermodular
cg1345	cg1345	3342621		narK	nitrate/nitrite transporter	Intermodular
cg1346	cg1346	3345453		mog	molybdopterin biosynthesis mog protein	Basal machinery
cg1349	cg1349	3345482	Q8NR63	NCgl1147	CBS domain-containing protein	Basal machinery
cg1353	cg1353	3344365	Q8NR59	NCgl1151,fadD4	long-chain-fatty-acid--CoA ligase	Basal machinery
cg1354	cg1354	3344896	Q8NR58	rho,NCgl1152	transcription termination factor Rho	Basal machinery
cg1358	cg1358	3344147	Q8NR55	NCgl1155	translation factor (SUA5)	Basal machinery
cg1359	cg1359	3343927	Q8NR54	NCgl1156	membrane protein, UDP-N-acetylmuramyl pentapeptide phosphotransferase/UDP-N-acetylglucosamine-1-pho	Basal machinery
cg1360	cg1360					Basal machinery
cg1362	cg1362	3343952		atpB	ATP synthase F0F1 subunit A	Basal machinery
cg1372	cg1372	3344426	Q8NR48	NCgl1169	hypothetical protein	Basal machinery
cg1373	cg1373	3343911	Q8NR47	NCgl1170	glyoxalase/bleomycin resistance protein/dioxygenase	Basal machinery
cg1374	cg1374					Basal machinery
cg1375	cg1375	3344337	Q8NR45	NCgl1172	thioredoxin	Basal machinery
cg1383	cg1383	3344526	Q8NR37	NCgl1179	ABC-type molybdenum transport system, ATPase component	Basal machinery
cg1384	cg1384					Basal machinery
cg1386	cg1386	3343975	Q8NR34	NCgl1182,fixA	electron transfer flavoprotein, beta subunit	M11
cg1387	cg1387	3344397	Q8NR33	NCgl1183,fixB	electron transfer flavoprotein, alpha subunit	Basal machinery
cg1388	cg1388	3344182	Q8NR32	nifS1,NCgl1184	pyridoxal-phosphate-dependent aminotransferase/cysteine desulfinase	Basal machinery
cg1392	cg1392	3343992	Q8NR29	NCgl1187	Cro/CI family transcriptional regulator	Basal machinery
cg1393	cg1393	3344048	Q8NR28	NCgl1188	acetyltransferase	Basal machinery
cg1394	cg1394	3342825	Q8NR27	NCgl1189	spermidine synthase	Basal machinery
cg1396	cg1396	3344011	Q8NR25	NCgl1191	hypothetical protein	Basal machinery
cg1398	cg1398	3344056	Q8NR23	NCgl1193	hypothetical protein	Basal machinery
cg1400	cg1400					Basal machinery
cg1402	cg1402	3344055	Q8NR19	NCgl1197	hypothetical protein	Basal machinery
cg1405	cg1405	3344046	Q8NR16	NCgl1200	siderophore-interacting protein	Basal machinery
cg1408	cg1408					M10.1
cg1413	cg1413	3344052	Q8NR10	NCgl1206	sugar-binding protein	M10.1
cg1417	cg1417	3344026	Q8NR08	NCgl1208	acetyltransferase	M10.1
cg1418	cg1418	3344089	Q8NR07	NCgl1209	ABC-type cobalamin/Fe3+-siderophores transport system component	Basal machinery
cg1419	cg1419	3343875	Q8NR06	NCgl1210	Na+-dependent transporter	M10.1
cg1421	cg1421					Intermodular
cg1423	cg1423					Basal machinery
cg1426	cg1426	3345074	Q8NR03	NCgl1216	glutathione S-transferase	M10.4
cg1427	cg1427	3342935	Q8NR02	NCgl1217	hypothetical protein	M10.1
cg1429	cg1429	3342773	Q8NR01	NCgl1218	hypothetical protein	Basal machinery
cg1433	cg1433					Basal machinery
cg1434	cg1434	3344539	P42531	yggB,NCgl1221	small-conductance mechanosensitive channel	Basal machinery
cg1436	cg1436	3343142	Q79VG4	NCgl1223,ilvH	acetolactate synthase 3 regulatory subunit	Basal machinery
cg1438	cg1438					Basal machinery
cg1444	cg1444	3344873	Q8NQZ1	NCgl1231	hypothetical protein	Basal machinery
cg1447	cg1447					M10.3
cg1448	cg1448	3344987	Q8NQY9	NCgl1233	hypothetical protein	Basal machinery
cg1449	cg1449					Basal machinery
cg1454	cg1454	3343370	Q8NQY5	NCgl1238	aliphatic sulfonate ABC transporter periplasmic solute-binding protein	M10.5
cg1456	cg1456	3343156	Q8NQY4	NCgl1239	signal transduction protein	M10.3
cg1457	cg1457	3344045		dnaQ2	DNA polymerase III, epsilon subunit	Basal machinery
cg1458	cg1458	3343185	Q8NQY2	NCgl1241	2-hydroxyhepta-2,4-diene-1,7-dioate isomerase	Basal machinery
cg1459	cg1459					Basal machinery
cg1462	cg1462	3345395	Q8NQY0	entC,NCgl1243	isochorismate synthase	Basal machinery
cg1466	cg1466	3343201	Q8NQX6	NCgl1247	hypothetical protein	Basal machinery
cg1467	cg1467	3342834	Q8NQX5	NCgl1248	TETR-family transcriptional regulator	Basal machinery
cg1474	cg1474	3342788	Q8NQW9	NCgl1251	ATP/GTP-binding protein	Basal machinery
cg1475	cg1475	3343402	Q8NQW8	NCgl1252	hypothetical protein	Basal machinery
cg1478	cg1478					Basal machinery
cg1479	cg1479	3343384		glgP1	glycogen phosphorylase	Basal machinery
cg1484	cg1484	3343110	Q8NQW0	NCgl1259	hypothetical protein	Basal machinery
cg1490	cg1490					Basal machinery
cg1494	cg1494					Basal machinery
cg1497	cg1497					Basal machinery
cg1498	cg1498	3345042	Q8NQU7	NCgl1272	RecG-like helicase	Basal machinery
cg1499	cg1499	3344940	Q79VG3	NCgl1273	biotin carboxyl carrier protein	Basal machinery
cg1500	cg1500	3345191	Q8NQU6	NCgl1274	N-6 adenine-specific DNA methylase	Basal machinery
cg1504	cg1504					Basal machinery
cg1505	cg1505	3342849	Q8NQU1	NCgl1279	hypothetical protein	Basal machinery
cg1506	cg1506	3344505	Q8NQU0	NCgl1280	hypothetical protein	Basal machinery
cg1509	cg1509	3342981	Q8NQT7	NCgl1283	hypothetical protein	Basal machinery
cg1510	cg1510	3345470	Q8NQT6	NCgl1284	hypothetical protein	Basal machinery
cg1511	cg1511	3343343	Q8NQT5	NCgl1285	hypothetical protein	Basal machinery
cg1512	cg1512	3344776	Q8NQT4	NCgl1286	hypothetical protein	Basal machinery
cg1514	cg1514					M10.6
cg1517	cg1517					M10.30
cg1519	cg1519	3343805	Q8NQS7	NCgl1293	hypothetical protein	Basal machinery
cg1522	cg1522	3344607	Q8NQS4	NCgl1296	hypothetical protein	Basal machinery
cg1523	cg1523					Basal machinery
cg1524	cg1524	3344670	Q8NQS2	NCgl1298	hypothetical protein	Basal machinery
cg1525	cg1525	3344167		polA	DNA polymerase I	Basal machinery
cg1530	cg1530					Basal machinery
cg1531	cg1531	3344449	Q8NQR5	rpsA,NCgl1304	30S ribosomal protein S1	Basal machinery
cg1543	cg1543	3344909	Q8NQR2	iunH3,NCgl1309	inosine-uridine preferring nucleoside hydrolase	M10.1
cg1545	cg1545	3344432	Q8NQR1	NCgl1310	major facilitator superfamily permease	M10.1
cg1546	cg1546	3345120	Q8NQR0	NCgl1311,rbsK1	ribokinase	M10.1
cg1550	cg1550	3344730		uvrB	excinuclease ABC subunit B	Basal machinery
cg1551	cg1551	3344445	Q8NQQ6	uspA1,NCgl1316	universal stress protein UspA-like nucleotide-binding protein	Basal machinery
cg1553	cg1553	3343919	Q8NQQ4	NCgl1318	nucleoside-diphosphate-sugar epimerase	Intermodular
cg1555	cg1555					Basal machinery
cg1556	cg1556	3343004	Q8NQQ2	NCgl1320	hypothetical protein	Basal machinery
cg1559	cg1559	3345473	Q8NQQ1	NCgl1321	hypothetical protein	M10.1
cg1560	cg1560	3345433	Q8NQQ0	uvrA,NCgl1322	excinuclease ABC subunit A	M10.1
cg1562	cg1562	3345567	Q8NQP9	NCgl1323	hypothetical protein	Basal machinery
cg1568	cg1568	3344102		ugpA	sn-glycerol-3-phosphate transport system permease	M10.14
cg1569	cg1569	3344027	Q8NQP2	ugpE,NCgl1330	sn-glycerol-3-phosphate transport system permease	M10.14
cg1570	cg1570	3344405	Q8NQP1	ugpB,NCgl1331	sn-glycerol-3-phosphate-binding protein	M10.14
cg1571	cg1571	3345576	Q8NQP0	NCgl1332,ugpC	ABC-type sugar transport systems, ATPase component	M10.14
cg1572	cg1572	3344453		glpQ2	glycerophosphoryl diester phosphodiesterase	M10.14
cg1573	cg1573	3345025		tsnR	23S ribosomal RNA methyltransferase	Basal machinery
cg1577	cg1577	3343848	Q8NQN5	NCgl1337	hydrolase	M10.3
cg1578	cg1578	3343918	Q8NQN4	NCgl1338	acyltransferase	Basal machinery
cg1579	cg1579	3345322	Q8NQN3	NCgl1339	hypothetical protein	Basal machinery
cg1589	cg1589	3342555	Q8NQN2	NCgl1348	hypothetical protein	M10.5
cg1590	cg1590	3342636	Q8NQN1	NCgl1349	Mg-chelatase subunit	Basal machinery
cg1591	cg1591	3344374	Q8NQN0	NCgl1350	hypothetical protein	Basal machinery
cg1592	cg1592	3344165	Q8NQM9	NCgl1351	hypothetical protein	Basal machinery
cg1595	cg1595	3344345	Q8NQM7	NCgl1353,uspA2	universal stress protein UspA-like nucleotide-binding protein	M10.21
cg1597	cg1597					Basal machinery
cg1598	cg1598	3343904	Q8NQM4	NCgl1355	HAD superfamily sugar phosphatase	Basal machinery
cg1599	cg1599	3342548	Q8NQM3	NCgl1356	hypothetical protein	Basal machinery
cg1600	cg1600	3344590	Q8NQM2	NCgl1357	rRNA methylase	Basal machinery
cg1602	cg1602	3342552	Q8NQM0	recN,NCgl1359	DNA repair protein RECN	M10.1
cg1603	cg1603	3344327	Q8NQL9	NCgl1360	hypothetical protein	Basal machinery
cg1604	cg1604	3345153	Q8NQL8	NCgl1361	hypothetical protein	Basal machinery
cg1607	cg1607					Basal machinery
cg1610	cg1610	3343094		parA2	chromosome partitioning ATPase	Basal machinery
cg1611	cg1611	3344185	Q8NQL2	NCgl1367	hypothetical protein	Basal machinery
cg1612	cg1612	3345476	Q8NQL1	NCgl1368	acetyltransferase	Intermodular
cg1613	cg1613	3343733	Q8NQL0	NCgl1369,sseA2	rhodanese-related sulfurtransferase	Basal machinery
cg1614	cg1614					Basal machinery
cg1615	cg1615					M10.1
cg1619	cg1619	3343908	Q8NQK4	NCgl1375	hypothetical protein	Basal machinery
cg1620	cg1620	3343632	Q8NQK3	NCgl1376	SAM-dependent methyltransferase	Basal machinery
cg1624	cg1624	3344021	Q8NQJ9	NCgl1380	NhaP-type Na+/H+ and K+/H+ antiporter	Basal machinery
cg1626	cg1626	3343930	Q8NQJ6	NCgl1382	hypothetical protein	Basal machinery
cg1628	cg1628					Basal machinery
cg1632	cg1632	3345557	Q8NQJ1	NCgl1387	hypothetical protein	Basal machinery
cg1633	cg1633	3343116	Q8NQJ0	NCgl1388	transcriptional regulator	Basal machinery
cg1635	cg1635	3344898	Q8NQI9	NCgl1389	hypothetical protein	Basal machinery
cg1636	cg1636	3344899	Q8NQI8	NCgl1390	hypothetical protein	Basal machinery
cg1640	cg1640	3344447	Q8NQI5	NCgl1393	CBS domain-containing protein	Basal machinery
cg1641	cg1641	3344448	Q8NQI4	NCgl1394	superfamily II DNA/RNA helicase	Basal machinery
cg1642	cg1642	3344391	Q8NQI3	NCgl1395	siderophore-interacting protein	M10.5
cg1643	cg1643	3344993	Q8NQI2	NCgl1396,gnd	6-phosphogluconate dehydrogenase	M10.5
cg1644	cg1644	3345419	Q8NQI1	NCgl1397	hypothetical protein	Basal machinery
cg1645	cg1645					Basal machinery
cg1646	cg1646	3344623	Q8NQH9	NCgl1399	ABC-type multidrug transport system, ATPase component	M10.9
cg1647	cg1647	3343391	Q8NQH8	NCgl1400	ABC-type multidrug transport system, permease component	M10.9
cg1648	cg1648					M24
cg1649	cg1649	3345633	Q8NQH6	NCgl1402,pctD	ABC-type phosphate/phosphonate transport system, permease component	M24
cg1650	cg1650	3344460	Q8NQH5	pctC,NCgl1403	ABC-type phosphate/phosphonate transport system, permease component	M24
cg1652	cg1652	3342889	Q8NQH3	pctA,NCgl1405	alkylphosphonate ABC transporter phosphate-binding protein	M24
cg1653	cg1653	3342890	Q8NQH2	NCgl1406,pgp1	hypothetical protein	M24
cg1656	cg1656	3345393	Q79VG1	ndh,NCgl1409	NADH dehydrogenase	Basal machinery
cg1657	cg1657	3345394	Q8NQG9	NCgl1410,ufaA	cyclopropane fatty acid synthase (cyclopropane-fatty-acyl-phospholipid synthase)	Basal machinery
cg1658	cg1658	3344362	Q8NQG8	NCgl1411	major facilitator superfamily permease	M10.1
cg1659	cg1659	3343642	Q8NQG7	NCgl1412,gpt	purine phosphoribosyltransferase	Basal machinery
cg1662	cg1662	3343835	Q8NQG4	NCgl1415	hypothetical protein	Basal machinery
cg1663	cg1663	3343925	Q8NQG3	NCgl1416	hypothetical protein	Basal machinery
cg1664	cg1664					Basal machinery
cg1665	cg1665	3344237	Q8NQG1	NCgl1418	hypothetical protein	M10.30
cg1669	cg1669					Basal machinery
cg1670	cg1670					M10.3
cg1671	cg1671	3344153	Q8NQF8	NCgl1422	hypothetical protein	M10.4
cg1672	cg1672	3344395	Q8NQF7	NCgl1423,ppmC	polyprenol-phosphate-mannose synthase	Basal machinery
cg1675	cg1675	3344886		fxsA	FxsA	Basal machinery
cg1676	cg1676	3344887		lip	hypothetical protein	Basal machinery
cg1677	cg1677	3343825	Q8NQF3	NCgl1427,cobG	hypothetical protein	Basal machinery
cg1678	cg1678	3344135		cobL	precorrin-6Y C5,15-methyltransferase (decarboxylating)	Basal machinery
cg1681	cg1681	3345505	Q8NQE8	NCgl1430,pepE	proline dipeptidase	Basal machinery
cg1682	cg1682	3343945	Q8NQE7	NCgl1431	hypothetical protein	Basal machinery
cg1683	cg1683	3342971	Q8NQE6	NCgl1432	superfamily II DNA/RNA helicase	Basal machinery
cg1684	cg1684	3343771		tatC	Sec-independent protein secretion pathway component	Basal machinery
cg1686	cg1686	3344139	Q8NQE3	NCgl1435	transcriptional regulator	Basal machinery
cg1687	cg1687					Basal machinery
cg1690	cg1690	3345076	Q8NQD9	NCgl1439	proteasome component	Basal machinery
cg1693	cg1693	3343023		pepC	aminopeptidase	Basal machinery
cg1694	cg1694	3343024	Q8NQD5	NCgl1443,recB	endonuclease	Basal machinery
cg1695	cg1695					M10.1
cg1696	cg1696	3343808	Q8NQD3	NCgl1445	major facilitator superfamily permease	M10.1
cg1700	cg1700	3343837	Q8NQD2	NCgl1449	phosphatase/phosphohexomutase	Basal machinery
cg1701	cg1701	3344843		metH	homocysteine methyltransferase	Basal machinery
cg1702	cg1702	3343947	Q8NQD0	NCgl1451	hypothetical protein	Basal machinery
cg1704	cg1704					M16
cg1707	cg1707	3344717	Q8NQC6	NCgl1455	low molecular weight phosphotyrosine protein phosphatase	M16
cg1708	cg1708	3345550	Q8NQC5	NCgl1456	hypothetical protein	Basal machinery
cg1711	cg1711					Basal machinery
cg1712	cg1712	3342966		lppL	hypothetical protein	Basal machinery
cg1715	cg1715	3344394	Q8NQB8	NCgl1463	hypothetical protein	Basal machinery
cg1716	cg1716	3343766		tnp16b(ISCg16b)	transposase	Basal machinery
cg1717	cg1717					Basal machinery
cg1718	cg1718	3344685	Q8NQB5	NCgl1466	phospholipid-binding protein	Basal machinery
cg1722	cg1722	3344976	Q8NQB1	NCgl1469	GCN5-related N-acetyltransferase	Basal machinery
cg1724	cg1724	3343984	Q8NQB0	NCgl1470	arginine/ornithine transport system ATPase	Basal machinery
cg1725	cg1725	3343985	Q8NQA9	mcmB,NCgl1471	methylmalonyl-CoA mutase	Basal machinery
cg1726	cg1726	3344366	Q8NQA8	mcmA,NCgl1472	methylmalonyl-COA mutase small subunit	Basal machinery
cg1727	cg1727					Basal machinery
cg1728	cg1728	3345001	Q8NQA6	NCgl1474	hypothetical protein	Basal machinery
cg1730	cg1730	3342729	Q8NQA5	NCgl1475	protease subunit, stomatin/prohibitin-like protein	Basal machinery
cg1731	cg1731					Basal machinery
cg1732	cg1732	3345138	Q8NQA3	NCgl1477	hypothetical protein	Basal machinery
cg1735	cg1735					Basal machinery
cg1736	cg1736	3343368	Q8NQ99	NCgl1481	hypothetical protein	Basal machinery
cg1740	cg1740					Basal machinery
cg1741	cg1741					Basal machinery
cg1742	cg1742	3343189	Q8NQ94	NCgl1486	hypothetical protein	Basal machinery
cg1743	cg1743	3345146	Q8NQ93	NCgl1487	hypothetical protein	Basal machinery
cg1744	cg1744	3345147	Q8NQ92	pacL,NCgl1488	cation-transporting ATPase	Basal machinery
cg1746	cg1746	3345456	Q8NQ90	NCgl1490	hypothetical protein	M10.1
cg1753	cg1753	3345417	Q8NQ84	NCgl1493	ABC transporter ATPase	Basal machinery
cg1756	cg1756	3345218		nanH	sialidase	M10.12
cg1759	cg1759					M10.1
cg1764	cg1764	3343523	Q8NQ75	NCgl1503,sufB	component of an uncharacterized iron-regulated ABC-type transporter	M10.1
cg1767	cg1767	3343492	Q8NQ72	NCgl1506	ABC-type multidrug transport system, ATPase component	Basal machinery
cg1768	cg1768	3343413	Q8NQ71	NCgl1507	ABC-type multidrug transport system, permease component	Basal machinery
cg1769	cg1769	3343414		ctaA	cytochrome oxidase assembly protein	M10.13
cg1770	cg1770					Basal machinery
cg1771	cg1771	3343607		qor	NADPH:quinone reductase, zeta-crystallin	Basal machinery
cg1774	cg1774	3343601		tkt	transketolase	Intermodular
cg1776	cg1776	3343602	Q8NQ64	NCgl1513,tal	transaldolase	Intermodular
cg1778	cg1778	3345621		zwf	glucose-6-phosphate 1-dehydrogenase	Intermodular
cg1783	cg1783	3343466	Q8NQ59	soxA',NCgl1519	sarcosine oxidase-N-terminal fragment	M10.9
cg1784	cg1784	3343467		ocd	ornithine cyclodeaminase	M10.9
cg1794	cg1794	3343500	Q8NQ56	NCgl1529	hypothetical protein	Basal machinery
cg1796	cg1796	3343508	Q8NQ54	ribX,NCgl1531	hypothetical protein	Basal machinery
cg1799	cg1799	3343506	Q8NQ51	ribC,NCgl1534	riboflavin synthase subunit alpha	Basal machinery
cg1801	cg1801	3343559	Q8NQ49	rpe,NCgl1536	ribulose-phosphate 3-epimerase	Basal machinery
cg1807	cg1807	3343578	Q8NQ44	dfp,NCgl1542	bifunctional phosphopantothenoylcysteine decarboxylase/phosphopantothenate synthase	Basal machinery
cg1811	cg1811	3343474	Q8NQ41	NCgl1545,ihf	hypothetical protein	Basal machinery
cg1819	cg1819					Basal machinery
cg1821	cg1821	3343428	Q8NQ36	NCgl1553	hypothetical protein	Basal machinery
cg1822	cg1822	3343429	Q8NQ35	NCgl1554	hypothetical protein	Basal machinery
cg1823	cg1823					Basal machinery
cg1826	cg1826	3343623	Q8NQ32	pepQ,NCgl1558	XAA-Pro aminopeptidase	Basal machinery
cg1831	cg1831	3343581	Q8NQ29	NCgl1563	transcription regulator ArsR	M14
cg1832	cg1832	3343582	Q8NQ28	NCgl1564	ABC-type cobalamin/Fe3+-siderophores transport system, permease component	M14
cg1833	cg1833	3343425	Q8NQ27	NCgl1565	ABC-type cobalamin/Fe3+-siderophores transport system, component	M14
cg1834	cg1834	3343541	Q8NQ26	NCgl1566	ABC-type cobalamin/Fe3+-siderophores transport system, ATPase component	M14
cg1836	cg1836	3343599	Q8NQ24	NCgl1568	solute-binding protein, aminodeoxychorismate lyase-like	Basal machinery
cg1839	cg1839					Basal machinery
cg1840	cg1840					Basal machinery
cg1842	cg1842					Basal machinery
cg1843	cg1843	3343530	Q8NQ17	NCgl1575	SNF2 family DNA/RNA helicase	Basal machinery
cg1844	cg1844	3343423	Q8NQ16	NCgl1576	membrane protein	M33
cg1845	cg1845	3343424	Q8NQ15	NCgl1577	hypothetical protein	M33
cg1846	cg1846	3343451	Q8NQ14	NCgl1578	TetR family regulatory protein	M33
cg1847	cg1847	3343452	Q8NQ13	NCgl1579	hypothetical protein	M33
cg1848	cg1848	3343567	Q8NQ12	NCgl1580	coenzyme F420-dependent N5,N10-methylene tetrahydromethanopterin reductase or related flavin-dependent	M10.4
cg1849	cg1849					M10.4
cg1850	cg1850					M10.4
cg1852	cg1852	3343561	Q8NQ09	sdaA,NCgl1583	L-serine dehydratase	Basal machinery
cg1853	cg1853	3343562		glpD	glycerol-3-phosphate dehydrogenase	Basal machinery
cg1856	cg1856	3343565	Q8NQ06	NCgl1586	Zn-dependent hydrolase	Basal machinery
cg1857	cg1857	3343566		ppiB	peptidyl-prolyl cis-trans isomerase	Basal machinery
cg1859	cg1859	3343441	Q8NQ03	NCgl1588	hypothetical protein	Basal machinery
cg1860	cg1860					Basal machinery
cg1864	cg1864					Basal machinery
cg1865	cg1865	3343573	Q79VF7	NCgl1593,secF	preprotein translocase subunit SecF	Basal machinery
cg1867	cg1867	3343574		secD	preprotein translocase subunit SecD	Basal machinery
cg1868	cg1868	3343589	Q79VF6	secN,NCgl1595	preprotein translocase subunit YajC-like protein	Basal machinery
cg1872	cg1872	3343450	Q8NPZ8	NCgl1599	hypothetical protein	Basal machinery
cg1873	cg1873	3343616	Q8NPZ7	NCgl1600,tesB2	acyl-CoA thioesterase	Basal machinery
cg1874	cg1874	3343416	Q8NPZ6	NCgl1601	hypothetical protein	Basal machinery
cg1875	cg1875	3343417	Q8NPZ5	NCgl1602	hypothetical protein	Basal machinery
cg1881	cg1881	3342949	Q8NPY9	NCgl1608	iron-dependent peroxidase, protein	M10.1
cg1883	cg1883	3342950	Q8NPY8	NCgl1609	hypothetical protein	M10.1
cg1884	cg1884					M10.1
cg1888	cg1888					Basal machinery
cg1893	cg1893	3343593	Q8NPY3	NCgl1614	acetyltransferase	Basal machinery
cg1894	cg1894					Basal machinery
cg1902	cg1902					Basal machinery
cg1903	cg1903	3343443	Q8NPX4	NCgl1623	ABC-type multidrug transport system, ATPase component	Basal machinery
cg1904	cg1904	3343444	Q8NPX3	NCgl1624	hypothetical protein	Basal machinery
cg1905	cg1905	3343489	Q8NPX1	NCgl1625	hypothetical protein	M10.3
cg1906	cg1906					Basal machinery
cg1907	cg1907					Basal machinery
cg1908	cg1908	3343447	Q8NPW8	NCgl1627	hypothetical protein	Basal machinery
cg1909	cg1909	3343448	Q8NPW7	NCgl1628	hypothetical protein	M10.3
cg1911	cg1911	3343528	Q8NPW5	NCgl1629	hypothetical protein	M10.3
cg1916	cg1916					Basal machinery
cg1917	cg1917	3343532	Q8NPV9	NCgl1634	hypothetical protein	Basal machinery
cg1918	cg1918					M10.3
cg1925	cg1925					Basal machinery
cg1927	cg1927	3343446	Q8NPV0	NCgl1643	molecular chaperone	Basal machinery
cg1928	cg1928					Basal machinery
cg1930	cg1930					Basal machinery
cg1931	cg1931	3343465	Q8NPU6	NCgl1647	hypothetical protein	Basal machinery
cg1939	cg1939					Basal machinery
cg1941	cg1941	3343554	Q8NPT8	NCgl1655	hypothetical protein	Basal machinery
cg1942	cg1942					M10.30
cg1943	cg1943	3343571	Q8NPT6	NCgl1657	hypothetical protein	M10.30
cg1944	cg1944					Basal machinery
cg1945	cg1945					Basal machinery
cg1946	cg1946	3343596	Q8NPT3	NCgl1659	hypothetical protein	Basal machinery
cg1947	cg1947	3343604	Q8NPT2	NCgl1660	hypothetical protein	Basal machinery
cg1948	cg1948					M10.3
cg1949	cg1949	3343618	Q8NPT0	NCgl1661	hypothetical protein	Basal machinery
cg1951	cg1951	3342820	Q8NPS7	NCgl1664,tnp14a(ISCg14a)	transposase	Basal machinery
cg1956	cg1956	3343526		recJ	single-stranded-DNA-specific exonuclease	Basal machinery
cg1962	cg1962	3343586	Q8NPR9	NCgl1672	hypothetical protein	Basal machinery
cg1966	cg1966					Basal machinery
cg1967	cg1967	3343546	Q8NPR4	NCgl1677	hypothetical protein	M10.3
cg1977	cg1977					M10.1
cg1992	cg1992	3344462	Q8NPN9	NCgl1699	hypothetical protein	Basal machinery
cg1996	cg1996	3343003	Q8NPN5	NCgl1703,cglIM	modification methylase	Basal machinery
cg1997	cg1997	3343214	Q8NPN4	cglIR,NCgl1704	type II restriction endonuclease	Basal machinery
cg1998	cg1998	3342908	Q79VF5	cglIIR,NCgl1705	restriction endonuclease CGLIIR protein	Basal machinery
cg2001	cg2001	3345351	Q8NPN1	NCgl1708	hypothetical protein	Basal machinery
cg2004	cg2004					Basal machinery
cg2005	cg2005	3344183	Q8NPM6	NCgl1712	hypothetical protein	Basal machinery
cg2006	cg2006	3344170	Q8NPM5	NCgl1713	hypothetical protein	Basal machinery
cg2012	cg2012	3345072	Q8NPL9	NCgl1719	hypothetical protein	Basal machinery
cg2014	cg2014	3343102	Q8NPL8	NCgl1720	hypothetical protein	Basal machinery
cg2025	cg2025					Basal machinery
cg2026	cg2026	3343305	Q8NPK6	NCgl1732	hypothetical protein	M10.1
cg2028	cg2028	3343726	Q8NPK4	NCgl1734	hypothetical protein	Basal machinery
cg2030	cg2030	3342951	Q8NPK2	NCgl1735	hypothetical protein	Basal machinery
cg2031	cg2031	3343266	Q8NPK1	NCgl1736	hypothetical protein	Basal machinery
cg2033	cg2033	3344386	Q8NPJ9	NCgl1738	hypothetical protein	M10.3
cg2034	cg2034	3345436	Q8NPJ8	NCgl1739	hypothetical protein	M10.1
cg2036	cg2036	3343828	Q8NPJ6	NCgl1741	hypothetical protein	Basal machinery
cg2040	cg2040	3343294	Q8NPJ2	NCgl1745	transcriptional regulator	Basal machinery
cg2041	cg2041	3344250	Q8NPJ1	NCgl1746	hypothetical protein	Basal machinery
cg2043	cg2043	3344512	Q8NPI9	NCgl1748	hypothetical protein	Basal machinery
cg2044	cg2044					Basal machinery
cg2046	cg2046	3343923	Q8NPI7	NCgl1750	hypothetical protein	Basal machinery
cg2047	cg2047	3344877	Q8NPI6	NCgl1751	hypothetical protein	Basal machinery
cg2051	cg2051	3344110	Q8NPI2	NCgl1755	hypothetical protein	Basal machinery
cg2052	cg2052					M10.30
cg2053	cg2053					Basal machinery
cg2060	cg2060	3344080	Q8NPH3	NCgl1765	hypothetical protein	Basal machinery
cg2061	cg2061	3342730	Q8NPH2	psp3,NCgl1766	hypothetical protein	M10.3
cg2066	cg2066	3344793	Q8NPG7	NCgl1771	hypothetical protein	Basal machinery
cg2067	cg2067	3344865	Q8NPG6	NCgl1772	hypothetical protein	Basal machinery
cg2068	cg2068	3344906	Q8NKY1	NCgl1773,NCgl1814	hypothetical protein	Basal machinery
cg2069	cg2069	3343105		psp1	hypothetical protein	Basal machinery
cg2071	cg2071	3345329	Q8NPC3	NCgl1816,int2'	phage integrase (N-terminal fragment)	Basal machinery
cg2076	cg2076	3345411	Q8NPB8	ribD,NCgl1821	hypothetical protein	Basal machinery
cg2078	cg2078	3344984	Q8NPB6	NCgl1823	hypothetical protein	Basal machinery
cg2080	cg2080	3343866	Q8NPB4	NCgl1825	hypothetical protein	Basal machinery
cg2081	cg2081	3345211		rnd	ribonuclease D protein	Basal machinery
cg2084	cg2084	3345033	Q6M4B7	NCgl1828	RNA methyltransferase	Basal machinery
cg2085	cg2085	3345463	Q8NPB0	NCgl1829	hypothetical protein	Basal machinery
cg2088	cg2088	3344292	Q8NPA7	NCgl1832	hypothetical protein	Basal machinery
cg2089	cg2089	3344731	Q8NPA6	NCgl1833	hypothetical protein	Basal machinery
cg2090	cg2090	3344172		suhB	myo-inositol-1(or 4)-monophosphatase	Basal machinery
cg2091	cg2091	3344173		ppgK	polyphosphate glucokinase	Basal machinery
cg2094	cg2094					Basal machinery
cg2095	cg2095					Basal machinery
cg2096	cg2096	3345532	Q8NPA1	NCgl1838	hypothetical protein	M10.30
cg2097	cg2097	3344610	Q8NPA0	NCgl1839	superfamily II DNA/RNA helicase	Basal machinery
cg2098	cg2098	3345250	Q8NP99	NCgl1840	hypothetical protein	Basal machinery
cg2099	cg2099					Basal machinery
cg2100	cg2100	3344504	Q8NP97	NCgl1842	rRNA or tRNA methylase	Basal machinery
cg2106	cg2106	3343387	Q8NP93	NCgl1848	hypothetical protein	Basal machinery
cg2107	cg2107	3343990	Q8NP92	NCgl1849	superfamily II DNA/RNA helicase	Basal machinery
cg2110	cg2110	3343907	Q8NP90	NCgl1851	hypothetical protein	Basal machinery
cg2111	cg2111	3345590	Q8NP89	NCgl1852,hrpA	ATP-dependent RNA helicase	Basal machinery
cg2113	cg2113	3344371	Q8NP87	NCgl1854	hypothetical protein	M10.1
cg2116	cg2116	3343315	Q8NP84	NCgl1857	phosphofructokinase	M10.1
cg2120	cg2120	3343349		ptsF	sugar specific PTS system, fructose/mannitol-specific transport protein	M10.1
cg2124	cg2124	3344811	Q8NP78	NCgl1863	hypothetical protein	Basal machinery
cg2126	cg2126					M10.4
cg2127	cg2127	3344599	Q8NP75	NCgl1866	hypothetical protein	Basal machinery
cg2128	cg2128	3344262	Q8NP74	NCgl1867	hypothetical protein	Basal machinery
cg2131	cg2131	3345540	Q8NP71	NCgl1870	hypothetical protein	Basal machinery
cg2132	cg2132					Basal machinery
cg2133	cg2133	3343123	Q8NP69	NCgl1872	acetyltransferase	Basal machinery
cg2134	cg2134	3343721	Q8NP68	NCgl1873	hypothetical protein	Basal machinery
cg2145	cg2145	3343899	Q8NP65	NCgl1881	hypothetical protein	Basal machinery
cg2146	cg2146	3343381	Q8NP64	NCgl1882	hypothetical protein	Basal machinery
cg2147	cg2147					M8
cg2148	cg2148	3343239	Q8NP62	NCgl1884	ABC transporter ATP-binding protein	M8
cg2149	cg2149	3343240	Q8NP61	NCgl1885	cobalt subfamily permease	M8
cg2151	cg2151	3345430	Q8NP60	NCgl1886	phage shock protein A	Basal machinery
cg2154	cg2154	3345612		pgsA2	CDP-diacylglycerol--glycerol-3-phosphate 3-phosphatidyltransferase	Basal machinery
cg2155	cg2155	3345031	Q8NP56	NCgl1890	hypothetical protein	Basal machinery
cg2156	cg2156					Basal machinery
cg2157	cg2157	3342565	Q8NP54	NCgl1892,terC	tellurium resistance membrane protein	M10.1
cg2159	cg2159	3345113	Q8NP52	NCgl1894	hypothetical protein	Basal machinery
cg2165	cg2165					Basal machinery
cg2169	cg2169	3344497	Q8NP47	ribF,NCgl1903	bifunctional riboflavin kinase/FMN adenylyltransferase	Basal machinery
cg2177	cg2177	3345312	Q8NP39	NCgl1911	nucleic-acid-binding protein implicated in transcription termination	Basal machinery
cg2178	cg2178	3345341	Q8NP38	nusA,NCgl1912	transcription elongation factor NusA	Basal machinery
cg2180	cg2180					Basal machinery
cg2183	cg2183					M10.9
cg2186	cg2186	3345012	Q8NP30	NCgl1920	hypothetical protein	Basal machinery
cg2187	cg2187	3344933	Q8NP29	NCgl1921	Mg-chelatase subunit D	Basal machinery
cg2188	cg2188	3344934	Q8NP28	NCgl1922	Mg-chelatase subunit I	Basal machinery
cg2189	cg2189	3344734	Q8NP27	NCgl1923,cobA	uroporphyrinogen III synthase/methyltransferase	Basal machinery
cg2190	cg2190	3344787	Q8NP26	NCgl1924	hypothetical protein	Basal machinery
cg2191	cg2191					Basal machinery
cg2193	cg2193					Basal machinery
cg2194	cg2194	3342727	Q8NP23	gor,NCgl1928	mycothione reductase	Basal machinery
cg2195	cg2195					Basal machinery
cg2196	cg2196	3344653	Q8NP21	NCgl1930	or membrane protein	Basal machinery
cg2197	cg2197	3345465	Q8NP20	NCgl1931	hypothetical protein	Basal machinery
cg2198	cg2198	3342601		map2	methionine aminopeptidase	Basal machinery
cg2199	cg2199	3345272	Q8NP18	NCgl1933,pbp	penicillin-binding protein, D-alanyl-D-alanine carboxypeptidase	Basal machinery
cg2201	cg2201					Basal machinery
cg2211	cg2211	3345198	Q8NP09	NCgl1941	hypothetical protein	Basal machinery
cg2213	cg2213	3345404	Q8NP07	NCgl1943	ABC-type multidrug transport system, ATPase component	Basal machinery
cg2215	cg2215					Basal machinery
cg2229	cg2229	3345159	Q8NNZ5	NCgl1956	hypothetical protein	Basal machinery
cg2232	cg2232	3344952	Q8NNZ3	NCgl1958,lepB	signal peptidase I	Basal machinery
cg2234	cg2234					Basal machinery
cg2236	cg2236	3344856	Q8NNY9	thiE,NCgl1961	thiamine-phosphate pyrophosphorylase	Basal machinery
cg2237	cg2237	3345092		thiO	D-amino acid oxidase flavoprotein oxidoreductase	Basal machinery
cg2238	cg2238	3344777	Q8NNY7	thiS,NCgl1963	thiamine biosynthesis sulfur transfer protein	Basal machinery
cg2240	cg2240	3342677		thiF	thiamine biosynthesis protein ThiF	Basal machinery
cg2241	cg2241	3345303	Q8NNY4	NCgl1966	transcriptional accessory protein, RNA binding	Basal machinery
cg2244	cg2244	3343786	Q8NNY1	NCgl1969,pcaB2	3-carboxy-cis,cis-muconate cycloisomerase	Basal machinery
cg2247	cg2247					Basal machinery
cg2250	cg2250	3345508	Q8NNX6	NCgl1973	hypothetical protein	Basal machinery
cg2254	cg2254					Basal machinery
cg2256	cg2256	3343041	Q8NNX0	NCgl1979	ABC-type multidrug transport system, ATPase component	Basal machinery
cg2257	cg2257	3345068	Q8NNW9	NCgl1980,srp	Signal recognition particle GTPase	Basal machinery
cg2262	cg2262	3345536		ftsY	Signal recognition particle GTPase	M10.1
cg2263	cg2263					Basal machinery
cg2265	cg2265	3343042	Q8NNW5	NCgl1986,smc	chromosome segregation ATPase	Basal machinery
cg2267	cg2267	3343101	Q8NNW3	NCgl1988	hypothetical protein	Basal machinery
cg2268	cg2268	3342913	Q8NNW2	NCgl1989	LysR family transcriptional regulator	M23
cg2269	cg2269					M23
cg2274	cg2274	3343868	Q8NNV5	NCgl1995	hypothetical protein	Basal machinery
cg2275	cg2275	3343909	Q8NNV4	NCgl1996	hypothetical protein	Basal machinery
cg2277	cg2277					M10.1
cg2279	cg2279	3343856	Q8NNV2	NCgl1998	ABC-type multidrug/protein/lipid transport system, transmembrane ATPase component	M10.1
cg2282	cg2282	3343887	Q8NNV1	glxK,NCgl2000	glycerate kinase	Basal machinery
cg2283	cg2283					Basal machinery
cg2285	cg2285	3344221	Q8NNU8	hipO,NCgl2003	hippurate hydrolase	Basal machinery
cg2290	cg2290	3344973	Q8NNU3	NCgl2007	glyoxalase/bleomycin resistance protein/dioxygenase	M10.19
cg2293	cg2293					Basal machinery
cg2294	cg2294	3345047	Q8NNU0	NCgl2011	hypothetical protein	Basal machinery
cg2298	cg2298	3344564	Q8NNT8	NCgl2014,impA	myo-inositol-1(or 4)-monophosphatase	Basal machinery
cg2301	cg2301					Basal machinery
cg2307	cg2307	3342973	Q8NNT3	NCgl2023	hypothetical protein	Basal machinery
cg2308	cg2308	3342974	Q8NNT2	NCgl2024	hypothetical protein	Basal machinery
cg2310	cg2310	3342944	Q8NNT0	NCgl2026,glgX	glycogen debranching protein	Basal machinery
cg2311	cg2311	3343268	Q8NNS9	NCgl2027	SAM-dependent methyltransferase	M10.3
cg2314	cg2314	3342659	Q8NNS6	NCgl2030	LacI family transcription regulator	Basal machinery
cg2315	cg2315					Basal machinery
cg2317	cg2317	3344213	Q8NNS4	NCgl2032	ABC-type cobalamin/Fe3+-siderophores transport system, permease component	Basal machinery
cg2318	cg2318	3345625	Q8NNS3	NCgl2033	ABC-type cobalamin/Fe3+-siderophores transport system component	Basal machinery
cg2320	cg2320	3344346	Q8NNS2	NCgl2034	transcriptional regulator	M11
cg2321	cg2321					Basal machinery
cg2322	cg2322	3344276	Q8NNS0	NCgl2036	hypothetical protein	Basal machinery
cg2323	cg2323	3344490	Q8NNR9	NCgl2037,treY	maltooligosyl trehalose synthase	Basal machinery
cg2324	cg2324	3344570	Q8NNR8	NCgl2038	hypothetical protein	Basal machinery
cg2325	cg2325					Basal machinery
cg2326	cg2326					Basal machinery
cg2328	cg2328	3344624	Q8NNR6	NCgl2040	hypothetical protein	Basal machinery
cg2329	cg2329	3345315	Q8NNR5	NCgl2041	coenzyme F420-dependent N5,N10-methylene tetrahydromethanopterin reductase or related flavin-dependent	M10.4
cg2330	cg2330	3345316	Q8NNR4	NCgl2042	ribosome-associated heat shock protein implicated in the recycling of the 50S subunit S4-like protein	Basal machinery
cg2331	cg2331					Basal machinery
cg2332	cg2332	3342616	Q8NNR2	NCgl2044	hypothetical protein	Basal machinery
cg2333	cg2333	3342698		treZ	malto-oligosyltrehalose trehalohydrolase	Basal machinery
cg2336	cg2336					M10.3
cg2337	cg2337					Basal machinery
cg2338	cg2338	3344341		dnaE	DNA polymerase III subunit alpha	Basal machinery
cg2339	cg2339	3344342	Q8NNQ7	NCgl2050	permease	Basal machinery
cg2340	cg2340	3345402	Q8NNQ6	NCgl2051	ABC-type amino acid transport system, component	Basal machinery
cg2341	cg2341					Basal machinery
cg2342	cg2342					M10.2
cg2343	cg2343					Basal machinery
cg2344	cg2344	3343055	Q8NNQ2	NCgl2055	hypothetical protein	Basal machinery
cg2347	cg2347	3344467		lspA	lipoprotein signal peptidase	Basal machinery
cg2348	cg2348	3343179	Q8NNP8	NCgl2059	hypothetical protein	Basal machinery
cg2349	cg2349	3342705	Q8NNP7	NCgl2060	ABC transporter ATPase	Basal machinery
cg2350	cg2350					Basal machinery
cg2352	cg2352	3342811	Q8NNP5	NCgl2062,ansA	L-asparaginase	Basal machinery
cg2353	cg2353					Basal machinery
cg2357	cg2357	3342627	Q8NNP2	NCgl2066	MerR family regulatory protein	Basal machinery
cg2361	cg2361	3342684	Q8NNN8	NCgl2070	cell division initiation protein-antigen 84-like protein	Basal machinery
cg2362	cg2362	3345310	Q8NNN7	NCgl2071	hypothetical protein	Basal machinery
cg2363	cg2363	3345311	Q8NNN6	NCgl2072	hypothetical protein	M17
cg2364	cg2364	3343194	O24748	NCgl2073	pyridoxal-5'-phosphate dependent enzyme	Basal machinery
cg2365	cg2365	3343148	P94338	NCgl2074	hypothetical protein	Basal machinery
cg2370	cg2370	3345046	Q8NNN4	NCgl2079,ftsW	cell division membrane protein	Basal machinery
cg2371	cg2371	3342625		murD	UDP-N-acetylmuramoyl-L-alanyl-D-glutamate synthetase	Basal machinery
cg2373	cg2373	3342712	Q8NNN1	murF,NCgl2082	D-alanine:D-alanine-adding enzyme	Basal machinery
cg2380	cg2380	3343177	Q8NNM5	NCgl2088	hypothetical protein	Basal machinery
cg2381	cg2381	3345163	Q8NNM4	NCgl2089	hypothetical protein	M10.1
cg2382	cg2382					Basal machinery
cg2383	cg2383	3345331	Q8NNM2	metF,NCgl2091	5,10-methylenetetrahydrofolate reductase	Basal machinery
cg2384	cg2384	3345108		idsA	geranylgeranyl pyrophosphate synthase	Basal machinery
cg2386	cg2386	3344695	Q8NNL9	NCgl2094	hypothetical protein	Basal machinery
cg2388	cg2388	3344510		pknL	serine/threonine protein kinase	Basal machinery
cg2389	cg2389	3343311	Q8NNL7	NCgl2096	hypothetical protein	Basal machinery
cg2392	cg2392	3345287	Q8NNL4	NCgl2099	hypothetical protein	Basal machinery
cg2393	cg2393					Basal machinery
cg2395	cg2395	3344547	Q8NNL1	NCgl2102	or membrane protein	Basal machinery
cg2397	cg2397					Basal machinery
cg2398	cg2398	3344289		plsC	1-acyl-sn-glycerol-3-phosphate acetyltransferase	Basal machinery
cg2399	cg2399	3344807	Q8NNK9	NCgl2105,glk	glucokinase, transcriptional regulator	M10.5
cg2401	cg2401					Basal machinery
cg2410	cg2410	3345365	Q8NNK1	ltsA,NCgl2116	glutamine-dependent amidotransferase involved in formation of cell wall and L-glutamate biosynthesis	Basal machinery
cg2411	cg2411	3344654	Q79VE6	NCgl2117	hypothetical protein	Basal machinery
cg2412	cg2412					Basal machinery
cg2417	cg2417	3343089	Q8NNJ5	NCgl2122	short chain dehydrogenase	Basal machinery
cg2418	cg2418	3344782	Q79VE5	ilvE,NCgl2123	branched-chain amino acid aminotransferase	M10.1
cg2420	cg2420	3345007	Q8NNJ3	NCgl2125	hypothetical protein	Basal machinery
cg2424	cg2424	3342790	Q8NNI9	NCgl2129	hypothetical protein	Basal machinery
cg2425	cg2425	3344478	Q8NNI8	NCgl2130	permease	Basal machinery
cg2426	cg2426	3342975		tnp2d(ISCg2d)	transposase	M10.4
cg2428	cg2428	3342976	Q8NNI7	NCgl2132	hypothetical protein	Basal machinery
cg2430	cg2430					M10.3
cg2432	cg2432					Basal machinery
cg2434	cg2434					Basal machinery
cg2435	cg2435					Basal machinery
cg2438	cg2438					Basal machinery
cg2440	cg2440	3345040	Q8NNI0	NCgl2141	major facilitator superfamily permease	Basal machinery
cg2441	cg2441					Basal machinery
cg2442	cg2442	3343038	Q8NNH8	NCgl2143	hypothetical protein	Basal machinery
cg2443	cg2443	3344009	Q8NNH7	NCgl2144	major facilitator superfamily permease	Basal machinery
cg2444	cg2444	3344010	Q8NNH6	NCgl2145	hypothetical protein	M10.4
cg2447	cg2447	3344022	Q8NNH4	glnA2,NCgl2148	glutamine synthetase 2	Basal machinery
cg2449	cg2449	3344032	Q8NNH3	NCgl2149	hypothetical protein	M10.1
cg2451	cg2451	3343241	Q8NNH1	NCgl2151	hypothetical protein	Basal machinery
cg2452	cg2452	3343998	Q8NNH0	NCgl2152	galactokinase	Basal machinery
cg2453	cg2453					Basal machinery
cg2457	cg2457					Basal machinery
cg2458	cg2458	3344069	Q8NNG5	pgp2,NCgl2158	HAD family phosphatase	Basal machinery
cg2459	cg2459	3344070		ptpA	protein-tyrosine-phosphatase	Basal machinery
cg2460	cg2460					Basal machinery
cg2462	cg2462					Basal machinery
cg2463	cg2463	3344083	Q8NNF9	NCgl2164	hypothetical protein	Basal machinery
cg2464	cg2464	3344096	Q8NNF8	NCgl2165	hypothetical protein	Basal machinery
cg2467	cg2467					Basal machinery
cg2470	cg2470					Basal machinery
cg2471	cg2471					Basal machinery
cg2472	cg2472					Basal machinery
cg2473	cg2473	3345125	Q8NNE9	NCgl2174,acpM	acyl carrier protein	Basal machinery
cg2474	cg2474	3345483		nagD	phosphatase IN N-acetylglucosamine metabolism	Basal machinery
cg2475	cg2475					Basal machinery
cg2476	cg2476					Basal machinery
cg2477	cg2477					Basal machinery
cg2478	cg2478					Basal machinery
cg2479	cg2479					Basal machinery
cg2480	cg2480					Basal machinery
cg2481	cg2481					Basal machinery
cg2483	cg2483	3345385	Q8NNE1	NCgl2183	hypothetical protein	Basal machinery
cg2484	cg2484	3345386	Q8NNE0	NCgl2184	hypothetical protein	Basal machinery
cg2485	cg2485	3344645		phoD	alkaline phosphatase	M10.4
cg2487	cg2487	3342745	Q8NND8	NCgl2186	hypothetical protein	Basal machinery
cg2488	cg2488	3342749	Q8NND7	NCgl2187	hypothetical protein	Basal machinery
cg2489	cg2489	3342879	Q8NND6	NCgl2188,dnaG	DNA primase	Basal machinery
cg2490	cg2490					Basal machinery
cg2491	cg2491	3343161	Q8NND4	NCgl2190	hypothetical protein	Basal machinery
cg2495	cg2495					Basal machinery
cg2496	cg2496					Basal machinery
cg2498	cg2498					Basal machinery
cg2504	cg2504	3345253	Q8NNC3	NCgl2201	hypothetical protein	Intermodular
cg2514	cg2514	3343395	Q8NNB5	NCgl2209	16S ribosomal RNA methyltransferase RsmE	Basal machinery
cg2517	cg2517	3343250		hemN	coproporphyrinogen III oxidase	Basal machinery
cg2518	cg2518	3344308	Q8NNB1	NCgl2213	hypothetical protein	Basal machinery
cg2519	cg2519					Basal machinery
cg2521	cg2521	3343933	Q8NNA8	NCgl2216,fadD15	long-chain fatty acid COA ligase	Basal machinery
cg2523	cg2523	3345264	Q8NNA7	NCgl2217,malQ	4-alpha-glucanotransferase	Basal machinery
cg2524	cg2524	3343337	Q8NNA6	NCgl2218	BETA (1-->2) glucan export composite transmembrane/ATP-binding protein	Basal machinery
cg2526	cg2526					Basal machinery
cg2527	cg2527	3345340	Q8NNA3	dcp,NCgl2219	peptidyl-dipeptidase A protein	Basal machinery
cg2528	cg2528	3344852	Q8NNA2	NCgl2220	type-B carboxylesterase/lipase	Basal machinery
cg2529	cg2529	3344853		treS	trehalose synthase (maltose alpha-D-glucosyltransferase)	Basal machinery
cg2530	cg2530	3343297	Q8NNA0	treX,NCgl2222	hypothetical protein	Basal machinery
cg2534	cg2534					Basal machinery
cg2535	cg2535	3342734	Q8NN96	NCgl2226	hypothetical protein	Basal machinery
cg2536	cg2536	3342608		aecD	cystathionine beta-lyase	Basal machinery
cg2538	cg2538	3343696	Q8NN94	NCgl2229	alkanal monooxygenase subunit alpha	Basal machinery
cg2539	cg2539	3343846	Q79VE0	ectP,NCgl2230	ectoine/proline/glycine betaine carrier EctP	Basal machinery
cg2540	cg2540	3343852	Q8NN93	NCgl2231	or membrane protein	M18
cg2542	cg2542	3343853	Q8NN92	NCgl2232	permease	M18
cg2543	cg2543	3344748	Q8NN91	glcD,NCgl2233	glycolate oxidase FAD-linked subunit oxidoreductase	M18
cg2545	cg2545					M10.1
cg2546	cg2546	3344274	Q8NN88	NCgl2236	hypothetical protein	M10.1
cg2549	cg2549	3345004	Q8NN86	NCgl2238	ABC-type dipeptide/oligopeptide/nickel transport system, component	Basal machinery
cg2550	cg2550	3344849	Q8NN85	NCgl2239	ABC-type dipeptide/oligopeptide/nickel transport system, permease component	Basal machinery
cg2551	cg2551	3344850	Q8NN84	NCgl2240	ABC-type dipeptide/oligopeptide/nickel transport system, permease component	Basal machinery
cg2552	cg2552	3344673	Q8NN83	NCgl2241	ABC transporter ATPase	Basal machinery
cg2553	cg2553	3345230	Q8NN82	NCgl2242	2'-5' RNA ligase	Basal machinery
cg2554	cg2554	3345231	Q8NN81	rbsK2,NCgl2243	ribokinase	M10.1
cg2556	cg2556	3342724	Q8NN80	NCgl2244	hypothetical protein	Basal machinery
cg2558	cg2558					Basal machinery
cg2562	cg2562					Basal machinery
cg2564	cg2564					Basal machinery
cg2565	cg2565	3345344	Q8NN74	NCgl2253	hypothetical protein	M10.1
cg2566	cg2566					Basal machinery
cg2572	cg2572	3344385	Q8NN67	NCgl2260	hypothetical protein	M11
cg2575	cg2575					Basal machinery
cg2576	cg2576					Basal machinery
cg2579	cg2579	3345458	Q8NN60	NCgl2267	DegV family protein	Basal machinery
cg2581	cg2581	3345276	Q8NN59	NCgl2268	fructose-2,6-bisphosphatase	Basal machinery
cg2582	cg2582	3345277	Q8NN58	NCgl2269	hypothetical protein	Basal machinery
cg2583	cg2583					Basal machinery
cg2585	cg2585	3343322	Q8NN56	NCgl2271	hypothetical protein	Basal machinery
cg2587	cg2587	3344875	P0C1E8	NCgl2273	phosphoglycerate dehydrogenase or related dehydrogenase	Basal machinery
cg2590	cg2590					Basal machinery
cg2591	cg2591	3344502		dkgA	2,5-diketo-D-gluconic acid reductase	Basal machinery
cg2592	cg2592	3343287	Q8NN53	NCgl2278	hypothetical protein	Basal machinery
cg2593	cg2593					Basal machinery
cg2597	cg2597	3344928		rne	ribonuclease E protein	Basal machinery
cg2598	cg2598					Basal machinery
cg2599	cg2599	3344149	Q8NN47	NCgl2283	pirin	M10.4
cg2604	cg2604					Basal machinery
cg2605	cg2605	3342862	Q8NN41	NCgl2289	acetyltransferase	Basal machinery
cg2606	cg2606	3342637	Q8NN40	NCgl2290	hypothetical protein	Basal machinery
cg2607	cg2607	3342630	Q8NN39	NCgl2291	hypothetical protein	Basal machinery
cg2608	cg2608	3342631		folC	folylpolyglutamate synthase	Basal machinery
cg2610	cg2610	3345262	Q8NN36	NCgl2294	ABC-type dipeptide/oligopeptide/nickel transport system, component	Intermodular
cg2611	cg2611	3344062	Q8NN35	hscA,NCgl2295	molecular chaperone DnaK	Basal machinery
cg2612	cg2612	3344063	Q8NN34	NCgl2296	Rossmann fold nucleotide-binding protein	Basal machinery
cg2614	cg2614	3344260	Q8NN32	NCgl2298	TetR family regulatory protein	M10.1
cg2616	cg2616	3344997	Q8NN30	vanA,NCgl2300	vanillate O-demethylase oxygenase	Intermodular
cg2617	cg2617	3344311	Q8NN29	vanB,NCgl2301	vanillate O-demethylase	M10.26
cg2618	cg2618	3342695		vanK	vanillate transporter VanK	M10.26
cg2619	cg2619	3342657	Q8NN27	NCgl2303	permease	Basal machinery
cg2621	cg2621	3342653	Q8NN25	NCgl2305	hypothetical protein	Basal machinery
cg2634	cg2634	3345328	Q8NN13	NCgl2317,catC	hypothetical protein	M10.15
cg2635	cg2635	3345079	Q8NN12	catB,NCgl2318	chloromuconate cycloisomerase	M10.15
cg2637	cg2637	3344945		benA	benzoate 1,2-dioxygenase subunit alpha	M10.15
cg2640	cg2640	3344790	Q8NN06	benD,NCgl2323	1,6-dihydroxycyclohexa-2,4-diene-1-carboxylate dehydrogenase	M10.15
cg2642	cg2642	3344845		benK1	benzoate transport protein	M10.15
cg2643	cg2643	3345039	Q8NN03	benE,NCgl2326	benzoate membrane transport protein	M10.15
cg2648	cg2648	3344965	Q8NMZ8	NCgl2330	transcription regulator ArsR	Basal machinery
cg2649	cg2649					M10.4
cg2651	cg2651	3342655	Q8NMZ5	NCgl2333	hypothetical protein	Intermodular
cg2657	cg2657	3344747	Q8NMZ1	NCgl2336	hypothetical protein	M10.1
cg2661	cg2661	3345128	Q8NMY8	NCgl2339	hypothetical protein	Basal machinery
cg2662	cg2662	3345172	Q8NMY7	NCgl2340,pepN	aminopeptidase	Basal machinery
cg2666	cg2666	3345148	Q8NMY4	NCgl2343	hypothetical protein	Basal machinery
cg2667	cg2667	3344078	Q8NMY3	NCgl2344	hypothetical protein	Basal machinery
cg2675	cg2675	3344075	Q8NMX7	NCgl2350	ABC transporter ATPase	M10.19
cg2676	cg2676	3342580	Q8NMX6	NCgl2351	ABC-type dipeptide/oligopeptide/nickel transport systems, permease component	M10.19
cg2677	cg2677	3342581	Q8NMX5	NCgl2352	ABC-type dipeptide/oligopeptide/nickel transport system, permease component	M10.19
cg2678	cg2678	3342633	Q8NMX4	NCgl2353	ABC-type dipeptide/oligopeptide/nickel transport systems, component	M10.19
cg2679	cg2679	3343208	Q8NMX3	NCgl2354	hypothetical protein	Basal machinery
cg2680	cg2680					Basal machinery
cg2683	cg2683					M10.1
cg2684	cg2684	3344910	Q8NMX0	NCgl2357	DedA family membrane protein	M10.4
cg2685	cg2685	3344911	Q8NMW9	NCgl2358	short chain dehydrogenase	Basal machinery
cg2686	cg2686	3344517	Q8NMW8	NCgl2359	TetR family regulatory protein	Basal machinery
cg2688	cg2688					Basal machinery
cg2689	cg2689	3345107	Q8NMW6	NCgl2362,glbO	hemoglobin-like protein	Basal machinery
cg2690	cg2690	3344359	Q8NMW5	NCgl2363,chrA	chromate transporter	Basal machinery
cg2691	cg2691	3344360	Q8NMW4	NCgl2364	hypothetical protein	M10.5
cg2692	cg2692	3345121	Q8NMW3	NCgl2365	thioesterase	Basal machinery
cg2694	cg2694	3344923	Q8NMW1	NCgl2367	hypothetical protein	Basal machinery
cg2695	cg2695	3344423	Q8NMW0	NCgl2368	ABC transporter ATP-binding protein	Basal machinery
cg2697	cg2697	3344463	Q8NMV9	NCgl2369	single-strand DNA binding protein	Basal machinery
cg2699	cg2699					Basal machinery
cg2700	cg2700	3344550	Q8NMV7	phoB,NCgl2371	alkaline phosphatase	Basal machinery
cg2701	cg2701					Basal machinery
cg2703	cg2703	3342674	Q8NMV5	NCgl2373	sugar permease	Basal machinery
cg2704	cg2704	3345193	Q8NMV4	NCgl2374	ABC-type sugar transport system, permease component	Basal machinery
cg2705	cg2705	3345194	Q8NMV3	amyE,NCgl2375	maltose-binding protein precursor	Basal machinery
cg2707	cg2707	3344092	Q8NMV2	NCgl2376	hypothetical protein	Basal machinery
cg2708	cg2708	3344866	Q8NMV1	msiK1,NCgl2377	ABC-type sugar transport system, ATPase component	Basal machinery
cg2715	cg2715	3344980	Q8NMU4	NCgl2383	hypothetical protein	Basal machinery
cg2716	cg2716	3344981	Q8NMU3	NCgl2384,hyi	hydroxypyruvate isomerase	Basal machinery
cg2717	cg2717	3344369	Q8NMU2	NCgl2385	Short-chain dehydrogenase	Basal machinery
cg2722	cg2722	3343218	Q8NMT8	NCgl2389	ankyrin repeat-containing protein	Basal machinery
cg2733	cg2733					Intermodular
cg2734	cg2734	3344826	Q8NMS8	NCgl2401,pncA	nicotinamidase/ pyrazinamidase	Basal machinery
cg2735	cg2735	3343246	Q8NMS7	NCgl2402	hypothetical protein	Basal machinery
cg2736	cg2736	3343247		bcp	bacterioferritin comigratory oxidoreductase	Basal machinery
cg2737	cg2737					M17
cg2739	cg2739	3345005	Q8NMS3	NCgl2406	major facilitator superfamily permease	Basal machinery
cg2741	cg2741					Basal machinery
cg2743	cg2743	3344203		fas-IA	fatty acid synthase	M17
cg2745	cg2745					Basal machinery
cg2746	cg2746	3345169	Q8NMR9	NCgl2410	sugar diacid utilization regulator	Basal machinery
cg2747	cg2747					M10.30
cg2748	cg2748	3342855	Q8NMR7	NCgl2412	hypothetical protein	Basal machinery
cg2750	cg2750	3342856	Q8NMR6	NCgl2413	hypothetical protein	Basal machinery
cg2757	cg2757	3344895	Q8NMR1	tnp15a(ISCg15a),NCgl2418	transposase	Basal machinery
cg2759	cg2759	3344492	Q8NMQ9	NCgl2420,tnp15b(ISCg15b)	transposase	M10.4
cg2765	cg2765					Basal machinery
cg2766	cg2766	3342907	Q8NMQ5	NCgl2425	MarR family transcriptional regulator	M10.19
cg2767	cg2767	3343207	Q8NMQ4	NCgl2426	hypothetical protein	Basal machinery
cg2773	cg2773					M10.4
cg2774	cg2774	3344082	Q8NMP9	NCgl2431	nicotinate phosphoribosyltransferase	Basal machinery
cg2775	cg2775	3344012	Q8NMP8	NCgl2432	hypothetical protein	Basal machinery
cg2776	cg2776	3344013		dinG	ATP-dependent DNA helicase-related protein	Basal machinery
cg2777	cg2777	3344019	Q8NMP6	NCgl2434	hypothetical protein	M10.30
cg2779	cg2779	3344024		serB	phosphoserine phosphatase	Basal machinery
cg2781	cg2781	3344000	Q79VD6	NCgl2438,nrdF	ribonucleotide-diphosphate reductase subunit beta	Basal machinery
cg2786	cg2786	3344758		nrdE	ribonucleotide-diphosphate reductase subunit alpha	Intermodular
cg2789	cg2789	3344410	Q79VD4	nrdH,NCgl2445	glutaredoxin NrdH	Intermodular
cg2794	cg2794					Basal machinery
cg2795	cg2795	3344143	Q8NMN4	NCgl2449	NADPH quinone reductase or related Zn-dependent oxidoreductase	M10.1
cg2796	cg2796	3345570	Q8NMN3	NCgl2450	MmgE/PrpD family protein	Intermodular
cg2797	cg2797	3345571	Q8NMN2	NCgl2451	hypothetical protein	M10.3
cg2799	cg2799	3344948		pknE	hypothetical protein	Basal machinery
cg2800	cg2800	3343300	Q8NMN0	pgm,NCgl2453	phosphoglucomutase	M10.1
cg2803	cg2803	3344760	Q8NMM7	NCgl2456	hypothetical protein	Basal machinery
cg2804	cg2804	3345132	Q8NMM6	tnp21a(ISCg21a),NCgl2457	transposase	Basal machinery
cg2805	cg2805	3344770	Q8NMM5	psp4,NCgl2458	hypothetical protein	Basal machinery
cg2806	cg2806	3345278	H7C6D4	NCgl2459	hypothetical protein	Basal machinery
cg2809	cg2809					Basal machinery
cg2810	cg2810					Intermodular
cg2811	cg2811					M10.4
cg2812	cg2812					M10.4
cg2824	cg2824	3345059	Q8NML7	NCgl2468	SAM-dependent methyltransferase	Basal machinery
cg2830	cg2830	3344650	Q8NML4	pduO,NCgl2471	hypothetical protein	Basal machinery
cg2833	cg2833	3345254		cysK	O-acetylserine (Thiol)-lyase	M10.1
cg2834	cg2834	3345255		cysE	Serine O-acetyltransferase	Basal machinery
cg2835	cg2835	3344858	Q8NMK9	NCgl2475	acetyltransferase	Basal machinery
cg2838	cg2838					Basal machinery
cg2839	cg2839	3345269	Q8NMK5	NCgl2479	hypothetical protein	Basal machinery
cg2840	cg2840	3345037		actA	butyryl-COA:acetate coenzyme A transferase	Basal machinery
cg2841	cg2841	3344724	Q8NMK3	NCgl2481	hypothetical protein	Basal machinery
cg2842	cg2842	3345479	Q8NMK2	NCgl2482,phoU	phosphate uptake regulator	M10.24
cg2844	cg2844	3344779	Q8NMK0	pstA,NCgl2484	ABC-type phosphate transport system, permease component	Intermodular
cg2845	cg2845	3344648		pstC	ABC-type phosphate transport system, permease component	M10.14
cg2846	cg2846	3344766	Q8NMJ8	pstS,NCgl2486	ABC-type phosphate transport system, component	M10.14
cg2848	cg2848	3344769	Q8NMJ6	NCgl2488	hypothetical protein	Basal machinery
cg2849	cg2849					Basal machinery
cg2850	cg2850	3345472	Q8NMJ4	NCgl2490	hypothetical protein	Basal machinery
cg2851	cg2851					Basal machinery
cg2852	cg2852	3344727	Q8NMJ2	NCgl2492	glycine cleavage system protein T	Basal machinery
cg2853	cg2853	3344728	Q8NMJ1	NCgl2493	hypothetical protein	Basal machinery
cg2856	cg2856	3345334	Q8NMJ0	NCgl2494,purM	phosphoribosylaminoimidazole synthetase	Basal machinery
cg2859	cg2859	3344466	Q8NMI8	NCgl2496	hypothetical protein	Basal machinery
cg2860	cg2860	3344561	Q8NMI7	NCgl2497	acyl-CoA thioester hydrolase	Basal machinery
cg2861	cg2861					Basal machinery
cg2865	cg2865	3345300	Q8NMI3	NCgl2501,purS	phosphoribosylformylglycinamidine synthase subunit PurS	Basal machinery
cg2868	cg2868	3345359	Q8NMI1	NCgl2503,nuc	extracellular nuclease	M10.14
cg2870	cg2870	3345636	Q8NMH8	NCgl2506,dctA	Na+/H+-dicarboxylate symporter	M10.3
cg2873	cg2873	3342791	Q8NMH7	NCgl2507,ptrB	prolyl oligopeptidase	M10.4
cg2875	cg2875					Basal machinery
cg2876	cg2876	3345409	Q8NMH5	NCgl2509,purB	adenylosuccinate lyase	M11
cg2877	cg2877					Basal machinery
cg2880	cg2880					Basal machinery
cg2883	cg2883	3344458	Q8NMH1	NCgl2513	SAM-dependent methyltransferase	M8
cg2884	cg2884					M8
cg2889	cg2889	3345069	Q8NMG7	NCgl2519	MerR family regulatory protein	Basal machinery
cg2890	cg2890					Basal machinery
cg2891	cg2891	3344335	Q8NMG5	NCgl2521,poxB	pyruvate dehydrogenase	M10.1
cg2893	cg2893	3344633	Q8NMG4	NCgl2522	major facilitator superfamily permease	M10.1
cg2894	cg2894	3345637	Q8NMG3	NCgl2523	TetR family regulatory protein	M10.1
cg2895	cg2895					M10.1
cg2896	cg2896	3345410	Q8NMG1	NCgl2525	endoglucanase	M10.3
cg2899	cg2899	3345155	Q8NMF9	NCgl2527	LysR family transcriptional regulator	Basal machinery
cg2901	cg2901	3345093	Q8NMF8	NCgl2529	hypothetical protein	Basal machinery
cg2902	cg2902	3345094	Q8NMF7	NCgl2530	HAD superfamily hydrolase	Basal machinery
cg2903	cg2903					M10.3
cg2904	cg2904	3343404	Q8NMF5	NCgl2532	hypothetical protein	M10.3
cg2905	cg2905	3344785	Q79VD1	NCgl2533,thrE	hypothetical protein	Basal machinery
cg2906	cg2906	3344786	Q8NMF4	NCgl2534	hypothetical protein	Basal machinery
cg2907	cg2907	3343881	Q8NMF3	NCgl2535,otsA	trehalose-6-phosphate synthase	Basal machinery
cg2908	cg2908					Basal machinery
cg2909	cg2909	3345563	Q8NMF1	NCgl2537,otsB	trehalose phosphatase	Basal machinery
cg2911	cg2911	3344737	Q8NME9	NCgl2539	ABC-type Mn/Zn transport system, Mn/Zn-binding (lipo)protein (surface adhesin)	M10.3
cg2912	cg2912	3344738	Q8NME8	NCgl2540	ABC-type cobalamin/Fe3+-siderophores transport system, ATPase component	M10.3
cg2913	cg2913					M10.3
cg2922	cg2922	3342660	Q8NMD9	NCgl2550	IclR family transcriptional regulator	Basal machinery
cg2923	cg2923	3342661	Q8NMD8	NCgl2551	rRNA methyltransferase TRMH family	Basal machinery
cg2927	cg2927	3345082	Q8NMD5	NCgl2554,scrB	sucrose-6-phosphate hydrolase	Basal machinery
cg2929	cg2929	3345377		nagA1	N-acetylglucosamine-6-phosphate deacetylase	M10.12
cg2931	cg2931	3345014	Q8NMD2	NCgl2557,nanA	N-acetylneuraminate lyase	M10.12
cg2932	cg2932	3345375	Q8NMD1	NCgl2558	ROK family transcriptional regulator	M10.12
cg2935	cg2935	3342721	Q8NMC8	NCgl2560,nanP	hypothetical protein	M10.12
cg2937	cg2937	3345467	Q8NMC6	NCgl2562	ABC-type dipeptide/oligopeptide/nickel transport system, component	Intermodular
cg2938	cg2938					M10.12
cg2939	cg2939					M10.12
cg2941	cg2941	3344107	Q8NMC2	NCgl2566	LysE type translocator	M10.1
cg2942	cg2942					M10.1
cg2943	cg2943	3345098	Q8NMC0	NCgl2568	hypothetical protein	Basal machinery
cg2946	cg2946	3345097	Q8NMB7	NCgl2571	CarD-like transcriptional regulator	Basal machinery
cg2949	cg2949	3344675	Q8NMB4	NCgl2574	hypothetical protein	Basal machinery
cg2950	cg2950	3344611	Q8NMB3	radA,NCgl2575	DNA repair protein RadA	M10.1
cg2952	cg2952	3343679	Q8NMB1	NCgl2577	hypothetical protein	Basal machinery
cg2953	cg2953	3344168		xylC	benzaldehyde dehydrogenase	M10.4
cg2955	cg2955	3344916	Q8NMA7	NCgl2580,mutY	A/G-specific adenine glycosylase	Basal machinery
cg2956	cg2956	3345356	Q8NMA6	NCgl2581	hypothetical protein	Basal machinery
cg2957	cg2957					Basal machinery
cg2960	cg2960	3344619	Q8NMA2	NCgl2583	hypothetical protein	Basal machinery
cg2962	cg2962	3344620	Q8NMA1	NCgl2584	hypothetical protein	Basal machinery
cg2964	cg2964	3345512	Q8NM99	guaB1,NCgl2586	inosine 5-monophosphate dehydrogenase	Basal machinery
cg2966	cg2966					M21
cg2968	cg2968	3344812	Q8NM96	NCgl2589	hypothetical protein	Basal machinery
cg2969	cg2969					Basal machinery
cg2970	cg2970	3345197	Q8NM94	NCgl2591	hypothetical protein	Basal machinery
cg2974	cg2974	3345038	Q8NM92	lysS,NCgl2594	lysyl-tRNA synthetase	Basal machinery
cg2975	cg2975	3345056	Q8NM91	NCgl2595	pantoate--beta-alanine ligase	Basal machinery
cg2976	cg2976	3345307	Q8NM90	NCgl2596	hypothetical protein	Basal machinery
cg2977	cg2977					Basal machinery
cg2978	cg2978					Basal machinery
cg2979	cg2979	3345664	Q8NM87	folK,NCgl2599	7, 8-dihydro-6-hydroxymethylpterin-pyrophosphokinase	Basal machinery
cg2981	cg2981	3345209	Q8NM86	NCgl2600,folX	dihydroneopterin aldolase	Basal machinery
cg2982	cg2982	3343212		folP1	dihydropteroate synthase	Basal machinery
cg2985	cg2985	3345086		hpt	hypoxanthine-guanine phosphoribosyltransferase	Basal machinery
cg2987	cg2987	3345629		dacB	penicillin-binding protein, D-Ala-D-Ala carboxypeptidase	Basal machinery
cg2991	cg2991					Basal machinery
cg2992	cg2992	3344846	Q8NM75	NCgl2610	hypothetical protein	Basal machinery
cg2993	cg2993	3344847	Q8NM74	NCgl2611	hypothetical protein	Basal machinery
cg2994	cg2994	3344735	Q8NM73	NCgl2612	hypothetical protein	Basal machinery
cg2999	cg2999	3344486	Q8NM70	NCgl2615	ferredoxin reductase	Basal machinery
cg3000	cg3000	3345258	Q8NM69	NCgl2616	rhodanese-related sulfurtransferase	Basal machinery
cg3003	cg3003	3344609		cps	non-ribosomal peptide synthetase	Basal machinery
cg3004	cg3004	3344829	Q8NM66	NCgl2619	succinic semialdehyde dehydrogenase	M10.4
cg3007	cg3007	3344830		pvdS2	hypothetical protein	Basal machinery
cg3009	cg3009					M11
cg3012	cg3012	3344582	Q8NM63	NCgl2622	hypothetical protein	Basal machinery
cg3013	cg3013	3344969	Q8NM62	NCgl2623	hypothetical protein	Basal machinery
cg3014	cg3014	3344970	Q8NM61	NCgl2624	hypothetical protein	Basal machinery
cg3015	cg3015					Basal machinery
cg3016	cg3016	3345133	Q8NM59	NCgl2626	hypothetical protein	Basal machinery
cg3017	cg3017	3345134	Q8NM58	NCgl2627	hypothetical protein	Basal machinery
cg3018	cg3018					Basal machinery
cg3020	cg3020	3343188	Q8NM55	NCgl2630	hypothetical protein	Basal machinery
cg3021	cg3021	3343056	Q8NM54	NCgl2631	hypothetical protein	Basal machinery
cg3022	cg3022					M10.1
cg3024	cg3024	3344121	Q8NM51	mrpA,NCgl2633	monovalent cation/H+ antiporter subunit A	Basal machinery
cg3025	cg3025	3345661	Q8NM50	mrpC,NCgl2634	monovalent cation/H+ antiporter subunit C	Basal machinery
cg3026	cg3026	3342693		mrpD	monovalent cation/H+ antiporter subunit D	Basal machinery
cg3027	cg3027	3342694		mrpE	monovalent cation/H+ antiporter subunit E	Basal machinery
cg3028	cg3028	3344281	Q8NM47	mrpF,NCgl2637	monovalent cation/H+ antiporter subunit F	Basal machinery
cg3029	cg3029	3344477	Q8NM46	NCgl2638,mrpG	monovalent cation/H+ antiporter subunit G	Basal machinery
cg3032	cg3032					Basal machinery
cg3033	cg3033					Basal machinery
cg3035	cg3035	3345020	Q8NM40	NCgl2644	acetyltransferase	Basal machinery
cg3036	cg3036	3345021	Q8NM39	xthA,NCgl2645	exodeoxyribonuclease III	Basal machinery
cg3037	cg3037	3345439	Q8NM38	cls,NCgl2646	cardiolipin synthetase	Basal machinery
cg3039	cg3039					Basal machinery
cg3042	cg3042					Basal machinery
cg3043	cg3043					Basal machinery
cg3044	cg3044					Basal machinery
cg3045	cg3045	3344682	Q8NM30	NCgl2654	ABC-type amino acid transport system, component	Basal machinery
cg3046	cg3046	3343040		pknG	Serine/threonine protein kinase	Basal machinery
cg3049	cg3049	3342717	Q8NM28	fprA,NCgl2658	ferredoxin/ferredoxin-NADP reductase	Basal machinery
cg3050	cg3050	3344499	Q8NM27	NCgl2659	acyltransferase	Basal machinery
cg3052	cg3052	3345157	Q8NM25	NCgl2661	hypothetical protein	Basal machinery
cg3057	cg3057					Basal machinery
cg3058	cg3058	3345403	Q8NM21	NCgl2665,tnp8b(ISCg8a)	transposase	Basal machinery
cg3059	cg3059	3343283	Q8NM20	tnp8a(ISCg8a),NCgl2666	transposase	Basal machinery
cg3065	cg3065					Basal machinery
cg3066	cg3066	3345502	Q8NM14	NCgl2671	hypothetical protein	Basal machinery
cg3067	cg3067	3345515	Q99340	NCgl2672	hypothetical protein	Basal machinery
cg3069	cg3069					Basal machinery
cg3070	cg3070					Basal machinery
cg3072	cg3072					Basal machinery
cg3073	cg3073	3344529		sseA1	thiosulfate sulfurtransferase	Basal machinery
cg3075	cg3075	3345379	Q79VC7	NCgl2680,cmr	multidrug resistance protein	Basal machinery
cg3077	cg3077					M10.4
cg3078	cg3078	3344740	Q8NM06	NCgl2681	hypothetical protein	Intermodular
cg3082	cg3082					M10.10
cg3083	cg3083					M10.10
cg3084	cg3084	3345627	Q8NM02	NCgl2686	K+ transport flavoprotein	Intermodular
cg3085	cg3085	3345628	Q8NM01	NCgl2687	alkanal monooxygenase subunit alpha	Intermodular
cg3087	cg3087	3343203	Q8NLZ9	NCgl2689	LacI family regulatory protein	Basal machinery
cg3088	cg3088	3343204	Q8NLZ8	arr'	rifampin ADP-ribosyl transferase (N-terminal fragment)	Basal machinery
cg3090	cg3090	3343350	Q8NLZ6	NCgl2692	hypothetical protein	Basal machinery
cg3091	cg3091					Basal machinery
cg3092	cg3092					Basal machinery
cg3093	cg3093	3345065	Q8NLZ3	NCgl2695	carbon-nitrogen hydrolase	Basal machinery
cg3101	cg3101					Basal machinery
cg3102	cg3102	3345595	Q8NLY4	NCgl2704	nucleosidase	Basal machinery
cg3106	cg3106	3344579	Q8NLY0	NCgl2708	hypothetical protein	Basal machinery
cg3109	cg3109	3343034	Q8NLX7	NCgl2711	hypothetical protein	Basal machinery
cg3116	cg3116	3344763		cysH	phosphoadenosine-phosphosulfate reductase	M10.6
cg3117	cg3117					M10.6
cg3120	cg3120					Basal machinery
cg3121	cg3121	3344338	Q8NLW6	NCgl2721	hypothetical protein	Basal machinery
cg3124	cg3124	3345657	Q8NLW4	NCgl2723	hypothetical protein	Basal machinery
cg3125	cg3125					M15
cg3126	cg3126	3344840	Q8NLW2	NCgl2725	hypothetical protein	M15
cg3127	cg3127	3344841	Q8NLW1	NCgl2726	hypothetical protein	M15
cg3129	cg3129					Basal machinery
cg3130	cg3130	3343147	Q8NLV8	NCgl2729	major facilitator superfamily permease	Basal machinery
cg3132	cg3132					Basal machinery
cg3135	cg3135					Basal machinery
cg3136	cg3136	3343345	Q8NLV2	NCgl2735	nitroreductase	Basal machinery
cg3139	cg3139					Intermodular
cg3140	cg3140	3344252	Q8NLU9	NCgl2739,tagA1	DNA-3-methyladenine glycosylase I protein	Basal machinery
cg3142	cg3142	3345242	Q8NLU7	NCgl2741	hypothetical protein	M10.4
cg3143	cg3143	3345528	Q8NLU6	NCgl2742	hypothetical protein	M10.4
cg3145	cg3145	3342702	Q8NLU4	NCgl2744	hypothetical protein	Basal machinery
cg3146	cg3146					Basal machinery
cg3147	cg3147	3343372		bglY'	beta-glucosidase	Basal machinery
cg3149	cg3149					Basal machinery
cg3153	cg3153	3342722	Q8NLU1	NCgl2749	hypothetical protein	Basal machinery
cg3157	cg3157	3342781	Q8NLT6	NCgl2753	hypothetical protein	Basal machinery
cg3158	cg3158	3342899		nagA2	Beta-N-acetylglucosaminidase precursor	Basal machinery
cg3159	cg3159	3344198	Q8NLT4	NCgl2755	hypothetical protein	Basal machinery
cg3160	cg3160	3344199	Q8NLT3	NCgl2756	hypothetical protein	Basal machinery
cg3162	cg3162	3344210	Q8NLT1	NCgl2758	hypothetical protein	Basal machinery
cg3164	cg3164					Basal machinery
cg3165	cg3165	3344913	Q8NLS8	NCgl2761	hypothetical protein	Basal machinery
cg3166	cg3166					Basal machinery
cg3167	cg3167					Basal machinery
cg3168	cg3168	3344588	Q8NLS5	NCgl2764	SAM-dependent methyltransferase	Basal machinery
cg3170	cg3170					Basal machinery
cg3173	cg3173					Basal machinery
cg3174	cg3174	3344479	Q8NLS1	mmpL1,NCgl2769	MMPL family efflux transporter	Basal machinery
cg3175	cg3175	3344480	Q8NLS0	NCgl2770	hypothetical protein	Basal machinery
cg3176	cg3176	3343335	Q8NLR9	NCgl2771	hypothetical protein	Basal machinery
cg3177	cg3177	3343197	Q8NLR8	pccB,NCgl2772	propionyl-CoA carboxylase subunit beta	M11
cg3178	cg3178	3343198	Q8NLR7	pks,NCgl2773	polyketide synthase	M11
cg3179	cg3179	3344659		fadD2	acyl-CoA synthetase	M11
cg3180	cg3180	3344918	Q8NLR5	NCgl2775	hypothetical protein	M11
cg3181	cg3181	3344919	Q8NLR4	NCgl2776	hypothetical protein	M11
cg3189	cg3189	3342646	Q8NLQ9	NCgl2781	phosphoribose diphosphate:decaprenyl-phosphate phosphoribosyltransferase	Basal machinery
cg3191	cg3191					Basal machinery
cg3192	cg3192					Basal machinery
cg3194	cg3194					Basal machinery
cg3195	cg3195					Intermodular
cg3196	cg3196	3343354	Q8NLQ1	glf,NCgl2788	UDP-galactopyranose mutase	Basal machinery
cg3197	cg3197	3345338		psp5	hypothetical protein	Basal machinery
cg3203	cg3203	3344392	Q8NLP4	NCgl2795	hypothetical protein	Basal machinery
cg3204	cg3204	3344103	Q8NLP3	NCgl2796	hypothetical protein	Basal machinery
cg3208	cg3208					Basal machinery
cg3209	cg3209	3342595	Q8NLN9	NCgl2801	metal-dependent membrane protease	Basal machinery
cg3210	cg3210					M10.3
cg3211	cg3211	3343158	Q8NLN7	NCgl2803	hypothetical protein	Basal machinery
cg3212	cg3212	3343229	Q8NLN6	NCgl2804	hypothetical protein	Basal machinery
cg3213	cg3213					Basal machinery
cg3214	cg3214					Basal machinery
cg3215	cg3215	3343972		glpQ1	glycerophosphoryl diester phosphodiesterase	Basal machinery
cg3218	cg3218					Basal machinery
cg3220	cg3220	3344272	Q8NLM9	NCgl2811	hypothetical protein	M10.3
cg3221	cg3221	3344273	Q8NLM8	NCgl2812	HAD superfamily hydrolase	Basal machinery
cg3223	cg3223	3345617	Q8NLM7	NCgl2813	NADPH-dependent FMN reductase	Basal machinery
cg3225	cg3225	3343376	Q8NLM5	NCgl2815	serine/threonine-specific protein phosphatase	Basal machinery
cg3226	cg3226	3343741	Q8NLM4	NCgl2816	major facilitator superfamily permease	M10.1
cg3227	cg3227	3343742		lldA	L-lactate dehydrogenase	M10.1
cg3230	cg3230					M10.22
cg3233	cg3233	3343723	Q8NLL8	NCgl2822	hypothetical protein	Basal machinery
cg3234	cg3234	3343778	Q8NLL7	NCgl2823	metal-dependent amidase/aminoacylase/carboxypeptidase	Basal machinery
cg3239	cg3239	3343701	Q8NLL4	NCgl2827	hypothetical protein	M4
cg3240	cg3240					M4
cg3243	cg3243					Basal machinery
cg3244	cg3244	3344379	Q8NLL0	NCgl2831	hypothetical protein	Basal machinery
cg3246	cg3246	3342926	Q8NLK8	NCgl2833	MarR family transcriptional regulator	Basal machinery
cg3248	cg3248	3343699		cgtS11	two component sensor kinase	Basal machinery
cg3249	cg3249					Basal machinery
cg3250	cg3250	3343755	Q8NLK4	NCgl2837	hypothetical protein	Basal machinery
cg3251	cg3251	3343756	Q8NLK3	NCgl2838	hypothetical protein	Basal machinery
cg3254	cg3254	3343747	Q8NLK0	NCgl2841	hypothetical protein	M10.30
cg3255	cg3255	3343754	Q8NLJ9	uspA3,NCgl2842	universal stress protein	Basal machinery
cg3256	cg3256					Basal machinery
cg3257	cg3257					Basal machinery
cg3258	cg3258	3343762		rluC2	ribosomal pseudouridine synthase	M10.4
cg3261	cg3261	3344321	Q8NLJ5	NCgl2846	GntR family transcriptional regulator	M3
cg3263	cg3263	3344322	Q8NLJ4	NCgl2847	hypothetical protein	M3
cg3264	cg3264	3345535	Q8NLJ3	NCgl2848	hypothetical protein	M10.4
cg3270	cg3270					Basal machinery
cg3271	cg3271					Basal machinery
cg3272	cg3272	3344936	Q8NLI7	NCgl2854	hypothetical protein	M10.4
cg3273	cg3273					M10.4
cg3274	cg3274					M10.4
cg3277	cg3277	3344439	Q8NLI2	NCgl2857	double-stranded beta-helix domain-containing protein	Basal machinery
cg3280	cg3280	3345591	Q8NLI1	NCgl2858	hypothetical protein	Intermodular
cg3282	cg3282					Intermodular
cg3286	cg3286					Intermodular
cg3288	cg3288					Intermodular
cg3289	cg3289					Intermodular
cg3290	cg3290	3345349	Q8NLH3	NCgl2867	oxidoreductase	Basal machinery
cg3291	cg3291	3342953	Q8NLH2	NCgl2868	Crp family regulatory protein	M10.4
cg3292	cg3292	3342954	Q8NLH1	NCgl2869	copper chaperone	Basal machinery
cg3293	cg3293	3344907	Q8NLH0	NCgl2870	hypothetical protein	M10.4
cg3295	cg3295	3343037	Q8NLG8	NCgl2871	cation transport ATPase	M10.4
cg3299	cg3299	3343175		trxB1	thioredoxin	M10.1
cg3300	cg3300					Basal machinery
cg3301	cg3301					Basal machinery
cg3303	cg3303	3343035	Q8NLG3	NCgl2877	ParR family transcriptional regulator	Basal machinery
cg3304	cg3304	3345062	Q8NLG2	dnaB,NCgl2878	replicative DNA helicase	Basal machinery
cg3309	cg3309					M10.1
cg3314	cg3314					M10.3
cg3316	cg3316					M10.3
cg3317	cg3317	3344146	Q8NLF2	NCgl2888	hypothetical protein	Basal machinery
cg3318	cg3318	3345491	Q8NLF1	NCgl2889	hypothetical protein	Basal machinery
cg3319	cg3319	3345492	Q8NLF0	NCgl2890	hypothetical protein	Basal machinery
cg3320	cg3320	3344290	Q8NLE9	NCgl2891	ABC-type transport system, involved in lipoprotein release, permease component	M10.4
cg3321	cg3321	3345651	Q8NLE8	NCgl2892	ABC-type transport system, involved in lipoprotein release, ATPase component	M10.4
cg3322	cg3322					M10.4
cg3324	cg3324					Basal machinery
cg3325	cg3325	3345615	Q8NLE4	NCgl2896	hypothetical protein	Basal machinery
cg3327	cg3327	3344331	Q8NLE3	NCgl2897,dps	starvation-induced DNA protecting protein	M10.1
cg3328	cg3328	3344329		mutM2	formamidopyrimidine-DNA glycosylase	Basal machinery
cg3329	cg3329	3343694	Q8NLE1	NCgl2899	hypothetical protein	Intermodular
cg3330	cg3330	3344838	Q8NLE0	NCgl2900	hypothetical protein	M10.1
cg3332	cg3332	3344457	Q8NLD8	NCgl2902	hypothetical protein	Basal machinery
cg3335	cg3335	3344434	Q8NLD5	mez,NCgl2904	malic enzyme	Intermodular
cg3337	cg3337	3345559	Q8NLD3	NCgl2906	hypothetical protein	Basal machinery
cg3338	cg3338					Basal machinery
cg3339	cg3339	3345645		merA	FAD-dependent pyridine nucleotide-disulphideoxidoreductase	Basal machinery
cg3342	cg3342					Basal machinery
cg3343	cg3343	3344230	Q8NLC7	NCgl2912	membrane protein	M10.3
cg3344	cg3344	3344231	Q8NLC6	NCgl2913	hypothetical protein	Intermodular
cg3345	cg3345	3344232	Q8NLC5	NCgl2914	hypothetical protein	M10.1
cg3347	cg3347	3344389	Q8NLC3	NCgl2916	hypothetical protein	Basal machinery
cg3348	cg3348					Basal machinery
cg3349	cg3349	3343635	Q8NLC1	NCgl2918	mycothiol-dependent maleylpyruvate isomerase	M10.23
cg3350	cg3350	3343636	Q8NLC0	NCgl2919,hpaG	bifunctional enzyme 2-hydroxyhepta-2,4-diene-1,7-dioate isomerase/5-carboxymethyl-2-oxo-hex-3-ene-1,7-dioate decarboxylase	M10.23
cg3351	cg3351	3344241	Q8NLB9	NCgl2920,nagI	gentisate 1,2-dioxygenase oxidoreductase	M10.23
cg3354	cg3354	3345526	Q8NLB6	NCgl2923	aromatic-ring hydroxylase (flavoprotein monooxygenase)	M10.23
cg3356	cg3356	3345585	Q8NLB5	NCgl2924	Na+/H+-dicarboxylate symporter	Basal machinery
cg3357	cg3357	3345586	Q8NLB4	trpP,NCgl2925	tryptophan-specific permease, 5-methyltryptophan resistance	Basal machinery
cg3365	cg3365	3345648	Q8NLB2	NCgl2933,ulaA	PTS system ascorbate-specific transporter subunit IIC	M10.1
cg3366	cg3366	3343884	Q8NLB1	rmpA,NCgl2934	hypothetical protein	M10.1
cg3367	cg3367					Basal machinery
cg3368	cg3368	3343641	Q8NLA9	NCgl2936	ABC-transporter permease	Basal machinery
cg3369	cg3369	3343956	Q8NLA8	qcrA2,NCgl2937	hypothetical protein	Basal machinery
cg3370	cg3370					Basal machinery
cg3371	cg3371					Basal machinery
cg3372	cg3372	3345582	Q8NLA5	NCgl2940	hypothetical protein	M10.6
cg3373	cg3373					M10.28
cg3374	cg3374					Intermodular
cg3375	cg3375	3344155	Q8NLA2	NCgl2943	hypothetical protein	Intermodular
cg3378	cg3378	3345643	Q8NL99	NCgl2946	hypothetical protein	Basal machinery
cg3380	cg3380	3345644	Q8NL97	NCgl2947	short chain dehydrogenase	Basal machinery
cg3381	cg3381	3344378	Q8NL96	NCgl2948	hypothetical protein	Basal machinery
cg3382	cg3382					Basal machinery
cg3384	cg3384	3345672	Q8NL93	NCgl2950	TetR family regulatory protein	Basal machinery
cg3386	cg3386	3344303	Q8NL91	tcbF,NCgl2952	maleylacetate reductase	M32
cg3388	cg3388					M32
cg3389	cg3389	3344266	Q8NL88	NCgl2955	dehydrogenase	M10.3
cg3390	cg3390	3344267	Q8NL87	NCgl2956	hypothetical protein	M10.3
cg3391	cg3391	3345519	Q8NL86	idhA1,NCgl2957	myo-inositol 2-dehydrogenase	M10.3
cg3393	cg3393					M10.14
cg3394	cg3394	3343890	Q8NL83	NCgl2960	hypothetical protein	Basal machinery
cg3395	cg3395	3345602	Q79VC4	NCgl2961,proP	proline/ectoine carrier	Intermodular
cg3396	cg3396	3345603	Q8NL82	NCgl2962	hypothetical protein	Basal machinery
cg3397	cg3397	3344154	Q8NL81	NCgl2963	hypothetical protein	Basal machinery
cg3398	cg3398					Basal machinery
cg3399	cg3399	3345574	Q8NL79	NCgl2965	major facilitator superfamily permease	M10.5
cg3402	cg3402					Basal machinery
cg3404	cg3404					Basal machinery
cg3405	cg3405					M10.2
cg3407	cg3407	3343312	Q8NL72	NCgl2972	hypothetical protein	Basal machinery
cg3408	cg3408					Basal machinery
cg3409	cg3409	3345601	Q8NL70	NCgl2973,thiD2	phosphomethylpyrimidine kinase	Basal machinery
cg3410	cg3410	3345542	Q8NL69	NCgl2974	hypothetical protein	Basal machinery
cg3411	cg3411	3345543	Q8NL68	NCgl2975	copper chaperone	M10.31
cg3413	cg3413	3345577	Q8NL66	azlC,NCgl2977	branched-chain amino acid permease (azaleucine resistance)	M10.4
cg3415	cg3415	3344157		pcnA	poly(A) polymerase	Basal machinery
cg3417	cg3417					Basal machinery
cg3418	cg3418	3345667	Q8NL62	NCgl2981	hypothetical protein	M10.4
cg3423	cg3423	3345517		trxC	thioredoxin	Intermodular
cg3424	cg3424	3344256		cwlM	N-acetymuramyl-L-alanine amidase	Intermodular
cg3426	cg3426	3344224		parB	transcriptional regulator involved in chromosome patitioning	Basal machinery
cg3427	cg3427	3344655		parA1	chromosome partitioning ATPase	Basal machinery
cg3429	cg3429	3345666	Q8NL52	NCgl2991	inner membrane protein translocase component YidC	Basal machinery
cg3434	cg3434					Basal machinery
cg4001	cg4001	3345626	Q8NTD3	NCgl0363	hypothetical protein	Basal machinery
cg4004	cg4004					Basal machinery
cg4005	cg4005					M10.6
cg4006	cg4006					Basal machinery
cg4009	cg4009					Basal machinery
cg4012	cg4012					Basal machinery
cg4013	cg4013					Basal machinery
cg4014	cg4014					Basal machinery
cg4015	cg4015					Basal machinery
cg4016	cg4016					Basal machinery
cg4017	cg4017					Basal machinery
cg4018	cg4018					Basal machinery
cg4019	cg4019					Basal machinery
cg4021	cg4021					Basal machinery
cg4027	cg4027					Basal machinery
cgtR10	cg1084	3343895	Q8NRU2	NCgl0912	two component response regulator	M10.1
cgtR6	cg3061	3344627	Q8NM18	NCgl2668	two component response regulator	Basal machinery
cgtS10	cg1083	3344207	Q8NRU3	NCgl0911	two component sensor kinase	M10.1
cgtS4	cg0483	3345443	Q8NTA4	senX3,NCgl0391	two component sensor kinase	Basal machinery
cgtS5	cg2948	3344674	Q8NMB5	NCgl2573	two component sensor kinase	Basal machinery
chrA	cg2200	3344076	Q8NP17	cgtR8,NCgl1934	response regulator	M7
citB	cg0090	3343804	Q8NU70	NCgl0068	two-component response regulator CitB	M15
clgR	cg2152	3344966	Q8NP59	NCgl1887	transcriptional regulator	M10.4
clpB	cg3079	3344741	P53532	NCgl2682	ATP-dependent protease	Intermodular
clpC	cg2963	3345370	Q8NMA0	NCgl2585	ATP-dependent protease	M10.4
clpP1	cg2644	3345289	Q8NN02	NCgl2327,clpP2	ATP-dependent Clp protease proteolytic subunit	M10.4
clpP2	cg2645	3345290	Q8NN01	NCgl2328,clpP	ATP-dependent Clp protease proteolytic subunit	M10.4
clpS	cg2772	3343987	Q8NMQ1	NCgl2429	ATP-dependent Clp protease adaptor protein ClpS	Basal machinery
clpX	cg2620	3342658	Q8NN26	NCgl2304	ATP-dependent protease ATP-binding subunit ClpX	Basal machinery
cmk	cg1616	3344857	Q8NQK7	NCgl1372	cytidylate kinase	M10.1
cmt1	cg0413	3343299	Q8NTG4	NCgl0336	trehalose corynomycolyl transferase	M11
cmt2	cg3186	3345054	Q8NLR1	NCgl2779	trehalose corynomycolyl transferase	Basal machinery
cmt3	cg1052	3344429	Q83ZP2		corynomycolyl transferase	M11
cmt4	cg2394	3344546	Q8NNL2	NCgl2101	corynomycolyl transferase	Basal machinery
coaA	cg1132	3342901	Q8NRQ2	NCgl0953	pantothenate kinase	Basal machinery
coaD	cg1501	3345017	Q8NQU5	NCgl1275	phosphopantetheine adenylyltransferase	Basal machinery
coaE	cg1538	3344150	P58897	NCgl1306	dephospho-CoA kinase	Basal machinery
cobB	cg0745	3345527	Q8NSM4	NCgl0616	NAD-dependent deacetylase	Basal machinery
cobS	cg2415	3343184	Q8NNJ7	NCgl2121	cobalamin synthase	Basal machinery
cobT	cg2414	3345274	Q8NNJ8	NCgl2120	nicotinate-nucleotide--dimethylbenzimidazole phosphoribosyltransferase	Basal machinery
cobU	cg2413	3345180	Q8NNJ9	NCgl2119	cobinamide kinase / cobinamide phosphate guanylyltransferase	Basal machinery
cop1	cg3182	3344407	Q83ZP3		trehalose corynomycolyl transferase	M11
copB	cg3281	3345592	Q8NLI0	NCgl2859	cation-transporting ATPase transmembrane protein	Intermodular
copO	cg3287	3344939	Q8NLH5	NCgl2865	multicopper oxidase	M10.20
copR	cg3285	3342668	Q8NLH7	NCgl2863,cgtR9	two component response regulator	M10.20
copS	cg3284	3343141	Q8NLH8	NCgl2862,cgtS9	two component sensor kinase	Intermodular
cosR	cg3001	3345259	Q8NM68	NCgl2617	hypothetical protein	M13
cpdA	cg2761	3345088	Q8NMQ7	NCgl2422	beta-lactamase superfamily hydrolase	Basal machinery
creA	cg0635	3342920	Q8NSX1	NCgl0521	NAD-dependent aldehyde dehydrogenase	M10.18
crnT	cg0103	3344833	Q8NU65	NCgl0074	major facilitator superfamily permease	M10.9
crtR	cg0725	3345464	Q8NSP1	NCgl0601	MarR family transcriptional regulator	M10.16
cseE	cg1272	3342903	Q8NRD1	NCgl1076	hypothetical protein	M10.1
csoR	cg0463	3342814	Q8NTC2	NCgl0374	hypothetical protein	M10.31
cspA2	cg0371	3344855	Q8NTJ9	NCgl0303	cold-shock protein CspA	M10.32
ctaB	cg1773	3343117	Q8NQ66	NCgl1511	protoheme IX farnesyltransferase	Intermodular
ctaC	cg2409	3345096	Q8NNK2	NCgl2115	cytochrome C oxidase chain II	Basal machinery
ctaD	cg2780	3344025	Q79VD7	NCgl2437	cytochrome C oxidase polypeptide subunit	Basal machinery
ctaE	cg2406	3345371	Q9AEL8	NCgl2112	cytochrome c oxidase subunit 3	M10.13
ctaF	cg2408	3345095	Q8NNK3	NCgl2114	hypothetical protein	Basal machinery
cydA	cg1301	3345523	Q8NRA2	NCgl1104	cytochrome D ubiquinol oxidase subunit I	Intermodular
cydB	cg1300	3343971	Q8NRA3	NCgl1103	cytochrome D terminal oxidase polypeptide subunit	Intermodular
cydC	cg1298	3344961	Q8NRA5	NCgl1101	ABC-type multidrug/protein/lipid transport system, ATPase component	Intermodular
cydD	cg1299	3344047	Q8NRA4	NCgl1102	ABC-type multidrug/protein/lipid transport system, ATPase component	Intermodular
cysD	cg3115	3345298	Q8NLX1	NCgl2716	sulfate adenylyltransferase subunit 2	Intermodular
cysI	cg3118	3342851	Q8NLW9	NCgl2718	sulfite reductase (hemoprotein)	M10.6
cysJ	cg3119	3343921	Q8NLW8	NCgl2719,fpr2	sulfite reductase (flavoprotein)	M10.6
cysN	cg3114	3345294	Q8NLX2	NCgl2715	Sulfate adenyltransferase subunit 1	M10.6
cysR	cg0156	3344348	Q8NU28	NCgl0120	Crp family regulatory proteins	M10.6
cysS	cg2924	3342707	Q8NMD7	NCgl2552,cysS1	cysteinyl-tRNA synthetase	Basal machinery
cysY	cg3113	3345414	Q8NLX3	NCgl2714	hypothetical protein	M10.6
cysZ	cg3112	3345413	Q8NLX4	NCgl2713	permease	M10.6
dadA	cg3340	3344325	Q8NLD0	NCgl2909	D-amino acid dehydrogenase (deaminating)	Basal machinery
dapA	cg2161	3345490	P19808	NCgl1896	dihydrodipicolinate synthase	Basal machinery
dapB	cg2163	3345049	P40110	NCgl1898	dihydrodipicolinate reductase	M10.1
dapD	cg1256	3343062	Q8NRE3	NCgl1061	tetrahydrodipicolinate succinylase	M10.9
dapE	cg1260	3344279	Q59284	NCgl1064	succinyl-diaminopimelate desuccinylase	Basal machinery
dapF	cg2129	3342635	Q8NP73	NCgl1868	diaminopimelate epimerase	Basal machinery
dcd	cg3155	3344679	Q8NLT9	NCgl2751	deoxycytidine triphosphate deaminase	Basal machinery
ddh	cg2900	3344238	P04964	NCgl2528	meso-diaminopimelate dehydrogenase	Basal machinery
ddl	cg1493	3344280	Q8NQV2	NCgl1267,ddlA	D-alanyl-alanine synthetase A	M10.5
def1	cg1804	3343555	Q8NQ46	NCgl1539,def	peptide deformylase	Basal machinery
def2	cg3034	3344287	Q8NM41	NCgl2643	peptide deformylase	Basal machinery
deoC	cg0458	3344707	Q8NTC4	NCgl0372	deoxyribose-phosphate aldolase	Basal machinery
der	cg1617	3344088	Q8NQK6	engA,NCgl1373	GTP-binding protein EngA	M10.1
dgt	cg2494	3343386	Q8NND1	NCgl2193	deoxyguanosinetriphosphate triphosphohydrolase-like protein	Basal machinery
dinB	cg2355	3345143	Q8NNP4	dinP,NCgl2064	DNA polymerase IV	Basal machinery
disA	cg2951	3343678	Q8NMB2	NCgl2576	DNA integrity scanning protein DisA	Basal machinery
dnaE2	cg0738	3342922	Q6M7C6	NCgl0611	error-prone DNA polymerase	M10.1
dnaJ1	cg2515	3343763	Q8NNB4	NCgl2210,dnaJ2	molecular chaperone DnaJ	Basal machinery
dnaJ2	cg3098	3345201	Q8NLY8	dnaJ,NCgl2700	molecular chaperone DnaJ	M10.4
dnaK	cg3100	3345407	Q8NLY6	NCgl2702	molecular chaperone DnaK	M10.4
dtd	cg2101	3344530	Q8NP96	NCgl1843	D-tyrosyl-tRNA(Tyr) deacylase	Basal machinery
dtsR1	cg0812	3345446	Q8NSG7	NCgl0678,accD1	acetyl/propionyl-COA carboxylase subunit beta	M17
dtxR	cg2103	3343964	Q8NP95	NCgl1845	IRON dependent regulatory protein-DTXR-like protein	Global regulator
dut	cg2086	3344413	Q8NPA9	NCgl1830	deoxyuridine 5'-triphosphate nucleotidohydrolase	Basal machinery
dxr	cg2208	3345361	Q8NP10	NCgl1940	1-deoxy-D-xylulose 5-phosphate reductoisomerase	Basal machinery
dxs	cg2083	3345212	Q8NPB2	NCgl1827	1-deoxy-D-xylulose-5-phosphate synthase	Basal machinery
efp	cg1825	3343484	Q45288	NCgl1557	elongation factor P	Basal machinery
eno	cg1111	3344443	Q8NRS1	NCgl0935	phosphopyruvate hydratase	M10.1
era	cg2510	3343296	Q8NNB9	bex,NCgl2205	GTP-binding protein Era	Basal machinery
esrR	cg0709	3342585	Q8NSQ6	cgtR7,NCgl0586	two component response regulator	M10.4
fabG	cg0825	3344390	Q8NSF7	NCgl0689	3-ketoacyl-ACP reductase	Basal machinery
farR	cg3202	3342620	Q8NLP5	NCgl2794	GntR family transcriptional regulator	M10.7
fba	cg3068	3345516	P19537	fda,NCgl2673	fructose-bisphosphate aldolase	M10.1
folD	cg0750	3342640	Q8NSM0	NCgl0620	bifunctional 5,10-methylene-tetrahydrofolate dehydrogenase/ 5,10-methylene-tetrahydrofolate cyclohydrolase	Basal machinery
folE	cg2983	3344752	Q8NM84	NCgl2602	GTP cyclohydrolase I	Basal machinery
frr	cg2217	3345233	Q8NP03	NCgl1947	ribosome recycling factor	Basal machinery
fruR	cg2118	3345260	Q8NP82	NCgl1859	sugar metabolism transcriptional regulator	M10.1
ftn	cg2782	3344050	Q8NMP2	NCgl2439	ferritin	Intermodular
ftsH	cg2984	3344753	Q6M2F0	NCgl2603	cell-division protein (ATP-dependent Zn metallopeptidase)	Basal machinery
ftsK	cg2158	3342553	Q8NP53	NCgl1893	cell division protein, required for cell division and chromosomepartitioning	M10.1
ftsQ	cg2367	3342806	P94336	divB,NCgl2076	cell division septal protein	Basal machinery
ftsR	cg1631	3343115	Q8NQJ2	NCgl1386	hypothetical protein	M17
ftsZ	cg2366	3343149	P94337	NCgl2075	cell division protein FtsZ	M17
fumC	cg1145	3344954	Q8NRN8	NCgl0967,fum	fumarate hydratase	M10.1
fusA	cg0583	3343612	Q8NT19	NCgl0478	elongation factor G	Basal machinery
gabR	cg0565	3343327	Q8NT36	NCgl0461	transcriptional regulator	M29
galE	cg2104	3343869	Q45291	NCgl1846	UDP-glucose 4-epimerase	Basal machinery
gap	cg1791	3343497	Q01651	gapA,NCgl1526	glyceraldehyde-3-phosphate dehydrogenase	M10.1
gat	cg1739	3343047	Q8NQ96	NCgl1484	glutamine amidotransferase	M10.3
gatA	cg1404	3344067	Q8NR17	NCgl1199	aspartyl/glutamyl-tRNA amidotransferase subunit A	Basal machinery
gatB	cg1420	3343018	Q8NR05	NCgl1211	aspartyl/glutamyl-tRNA amidotransferase subunit B	Basal machinery
gatC	cg1403	3344064	Q8NR18	NCgl1198	aspartyl/glutamyl-tRNA amidotransferase subunit C	Basal machinery
gdh	cg2280	3343980	P31026	NCgl1999	glutamate dehydrogenase	Intermodular
genK	cg3353	3343815	Q8NLB7	NCgl2922,benK2	benzoate transport protein	M10.23
genR	cg3352	3343814	Q8NLB8	NCgl2921	hypothetical protein	M10.23
glcB	cg2559	3345106	P42450	NCgl2247,aceB	malate synthase G	Intermodular
glgC	cg1269	3343799	Q8NRD4	NCgl1073	glucose-1-phosphate adenylyltransferase	Basal machinery
glgE	cg1382	3344162	Q8NR39	NCgl1178	alpha-amylase	M10.4
glmM	cg0675	3343718	Q8NST4	NCgl0558	phosphoglucosamine mutase	Basal machinery
glmS	cg2492	3342700	Q8NND3	NCgl2191	glucosamine--fructose-6-phosphate aminotransferase	Basal machinery
glmU	cg1076	3344367	Q8NRU8	NCgl0906	bifunctional N-acetylglucosamine-1-phosphate uridyltransferase/glucosamine-1-phosphate acetyltransferase	Basal machinery
glnA	cg2429	3345165	Q79VE3	NCgl2133	glutamine synthetase I	M10.9
glnD	cg2258	3343788	Q9X706	NCgl1981	PII uridylyl-transferase	M10.9
glnK	cg2260	3343789	Q79VF2	NCgl1982	nitrogen regulatory protein PII	M10.9
glpK	cg3198	3345184	Q8NLP9	NCgl2790	glycerol kinase	Basal machinery
glpX	cg1157	3343264	Q6M6E7	NCgl0976,fbp	fructose 1,6-bisphosphatase II	Basal machinery
glsA	cg2728	3342801	Q8NMT3	glsK,NCgl2395	glutaminase	Basal machinery
gltA	cg0949	3344398	P42457	NCgl0795	type II citrate synthase	Basal machinery
gltB	cg0229	3344534	Q8NTW8	NCgl0181	glutamine 2-oxoglutarate aminotransferase large SU	Intermodular
gltD	cg0230	3344661	Q8NTW7	NCgl0182	glutamate synthase subunit beta	Intermodular
gltX	cg1463	3344640	Q8NQX9	NCgl1244,gltS	glutamyl-tRNA synthetase	Basal machinery
gluA	cg2136	3343710	P48243	NCgl1875	glutamate uptake system ATP-binding protein	Intermodular
gluB	cg2137	3344186	P48242	NCgl1876	glutamate binding protein	Intermodular
gluC	cg2138	3343768	P48244	NCgl1877	glutamate permease	Intermodular
gluD	cg2139	3343859	P48245	NCgl1878	glutamate permease	M10.9
gluQ	cg0289	3344120	Q8NTR6	NCgl0233	glutamyl-Q tRNA(Asp) synthetase	Basal machinery
glxR	cg0350	3344870	Q79VI7	NCgl0286	CRP/FNR family transcriptional regulator	Global regulator
glyA	cg1133	3343293	Q93PM7	NCgl0954	serine hydroxymethyltransferase	M10.3
glyQS	cg2499	3343390	Q8NNC6	glyS,NCgl2198	glycyl-tRNA synthetase	Basal machinery
glyR	cg0527	3342958	Q8NT65	NCgl0430	ArsR family transcriptional regulator	M10.3
gmk	cg1810	3343588	Q8NQ42	NCgl1544,drp113	guanylate kinase	Basal machinery
gntP	cg3216	3343973	Q79VC5	NCgl2808	gluconate permease	M10.5
gntR1	cg2783	3344051	Q8NMP1	NCgl2440	GntR family transcriptional regulator	M10.5
gntR2	cg1935	3343505	Q8NPU3	NCgl1650	GntR family transcriptional regulator	M10.5
gntR3	cg2544	3345265	Q8NN90	NCgl2234	GntR family transcriptional regulator	M18
gntV	cg2732	3345026	Q8NMT0	NCgl2399,gntK	gluconokinase	M10.5
gpmA	cg0482	3344861	Q8NTA5	NCgl0390	phosphoglyceromutase	Basal machinery
gpsA	cg1492	3343081	Q8NQV3	NCgl1266	NAD(P)H-dependent glycerol-3-phosphate dehydrogenase	Basal machinery
groL1	cg0693	3342605	Q8NSS0	NCgl0573,groEL1	molecular chaperone GroEL	Basal machinery
groL2	cg3011	3344960	Q8NM64	NCgl2621,groEL,groEL2	molecular chaperone GroEL	Intermodular
groS	cg0690	3342794	Q8NSS1	groES,NCgl0572	co-chaperonin GroES	Intermodular
grpE	cg3099	3345406	Q6M259	NCgl2701	heat shock protein GrpE	M10.4
guaA	cg0703	3344806	Q8NSR1	NCgl0582	GMP synthase	Basal machinery
hemA	cg0497	3342982	P0C543	NCgl0402	glutamyl-tRNA reductase	Basal machinery
hemC	cg0498	3342574	Q8NT90	NCgl0403	porphobilinogen deaminase	Basal machinery
hemE	cg0516	3344294	Q8NT75	NCgl0420	uroporphyrinogen decarboxylase	Basal machinery
hemH	cg1734	3342583	Q8NQA1	NCgl1479	ferrochelatase	M10.1
hemL	cg0518	3345431	Q8NT73	NCgl0422	glutamate-1-semialdehyde aminotransferase	Basal machinery
hemQ	cg2079	3345105	Q8NPB5	NCgl1824	hypothetical protein	Basal machinery
hemY	cg0571	3343221	Q8NT30	NCgl0467	hypothetical protein	Basal machinery
hisA	cg2299	3344802	O68602	NCgl2015	phosphoribosyl isomerase A	Basal machinery
hisB	cg2303	3345196	Q9KJU3	NCgl2019	imidazoleglycerol-phosphate dehydratase	Basal machinery
hisD	cg2305	3343227	Q8NNT5	NCgl2021	histidinol dehydrogenase	Basal machinery
hisE	cg1699	3343836	Q9Z471	NCgl1448	phosphoribosyl-ATP pyrophosphatase	Basal machinery
hisF	cg2297	3343677	O31139	NCgl2013	imidazole glycerol phosphate synthase subunit HisF	Basal machinery
hisG	cg1698	3344249	Q9Z472	NCgl1447	ATP phosphoribosyltransferase	Basal machinery
hisH	cg2300	3343712	O69043	NCgl2016	imidazole glycerol phosphate synthase subunit HisH	Basal machinery
hisI	cg2296	3343676	Q8NNT9	NCgl2012	phosphoribosyl-AMP cyclohydrolase	Basal machinery
hisN	cg0910	3342571	Q8NS80	NCgl0765	inositol monophosphatase	Basal machinery
hisS	cg1855	3343445	Q8NQ07	NCgl1585	histidyl-tRNA synthetase	Basal machinery
hkm	cg0228	3344425	Q8NTW9	NCgl0180	sensor histidine kinase of two-component system, fragment	M10.9
hmp	cg3141	3344253	Q8NLU8	NCgl2740	flavohemoprotein	Intermodular
hmuO	cg2445	3344037	Q8NNH5	NCgl2146	hypothetical protein	Basal machinery
hmuV	cg0469	3342912	Q8NTB6	NCgl0380	cobalamin/Fe3+-siderophores transport system, ATPase component	Basal machinery
hom	cg1337	3343957	P08499	thrA,NCgl1136	homoserine dehydrogenase	Basal machinery
hrcA	cg2516	3343249	Q8NNB3	NCgl2211	heat-inducible transcription repressor	M10.29
hrrA	cg3247	3343698	Q8NLK7	NCgl2834,cgtR11	two component response regulator	Global regulator
hrtA	cg2204	3344688	Q8NP14	NCgl1937	ABC-type transport system, involved in lipoprotein release, ATPase component	M7
hrtB	cg2202	3344798	Q8NP15	NCgl1936	ABC-type transport system, involved in lipoprotein release, permease component	M7
hspR	cg3097	3344652	Q8NLY9	NCgl2699	transcriptional regulator MERR family	M10.4
htaB	cg0470	3344332	Q8NTB5	NCgl0381	hypothetical protein	Intermodular
htaC	cg0471	3342591	Q8NTB4	NCgl0382	hypothetical protein	Intermodular
htaD	cg3156	3342780	Q8NLT7	NCgl2752	hypothetical protein	M10.3
icd	cg0766	3345662	P50216	NCgl0634	isocitrate dehydrogenase	M10.5
idi	cg2531	3345302	Q8NN99	NCgl2223	isopentenyl-diphosphate delta-isomerase	Basal machinery
ileS	cg2359	3345452	Q8NNP0	NCgl2068	isoleucyl-tRNA synthetase	Basal machinery
ilvA	cg2334	3342699	Q04513	NCgl2046	threonine dehydratase	Basal machinery
ilvB	cg1435	3345149	P42463	NCgl1222	acetolactate synthase 1 catalytic subunit	Basal machinery
ilvC	cg1437	3343961	Q57179	NCgl1224	ketol-acid reductoisomerase	Basal machinery
ilvD	cg1432	3344114	Q8NQZ9	NCgl1219	dihydroxy-acid dehydratase	Basal machinery
infA	cg0651	3343886	Q8NSV7	NCgl0536	translation initiation factor IF-1	Basal machinery
infB	cg2176	3345189	Q8NP40	NCgl1910	translation initiation factor IF-2	Basal machinery
infC	cg1563	3344750	Q8NQP8	NCgl1324	translation initiation factor IF-3	Basal machinery
ino1	cg3323	3343841	Q8NLE6	NCgl2894	myo-inositol-1-phosphate synthase	M10.3
iolG	cg0204	3342797	Q8NTY7	NCgl0161	oxidoreductase myo-inositol 2-dehydrogena	M10.21
iolT1	cg0223	3342898	Q8NTX0	NCgl0178	metabolite transport protein	M10.21
iolT2	cg3387	3344304	Q8NL90	NCgl2953	major facilitator superfamily permease	M32
ipsA	cg2910	3344955	Q8NMF0	NCgl2538	LacI family transcription regulator	M10.3
irp1	cg0771	3344014	Q8NSK2	NCgl0639	DTXR/IRON regulated lipoprotein precursor, secrete	Basal machinery
ispE	cg1039	3344553	Q8NRY0	NCgl0874	4-diphosphocytidyl-2-C-methyl-D-erythritol kinase	M10.30
ispG	cg2206	3345243	Q8NP12	NCgl1938	4-hydroxy-3-methylbut-2-en-1-yl diphosphate synthase	Basal machinery
ispH	cg1164	3343288	Q8NRM2	lytB,NCgl0982	4-hydroxy-3-methylbut-2-enyl diphosphate reductase	Basal machinery
kup	cg0817	3343233	Q8NSG3	NCgl0682	K+ potassium transporter	Basal machinery
ldh	cg3219	3344649	Q8NLN0	NCgl2810	L-lactate dehydrogenase	Intermodular
lepA	cg2571	3344384	Q8NN68	NCgl2259	GTP-binding protein LepA	Basal machinery
leuA	cg0303	3344881	P42455	NCgl0245	2-isopropylmalate synthase	Basal machinery
leuB	cg1453	3345533	P94631	NCgl1237	3-isopropylmalate dehydrogenase	M10.1
leuC	cg1487	3345229	P58946	NCgl1262	isopropylmalate isomerase large subunit	Intermodular
leuD	cg1488	3345257	Q8NQV7	NCgl1263	isopropylmalate isomerase small subunit	Intermodular
leuS	cg3346	3344388	Q8NLC4	NCgl2915	leucyl-tRNA synthetase	Basal machinery
lexA	cg2114	3344521	Q8NP86	NCgl1855	LexA repressor	M10.1
lgt	cg2292	3342764	Q8NNU2	NCgl2009	prolipoprotein diacylglyceryl transferase	Basal machinery
ligA	cg1401	3344018	Q8NR20	NCgl1196	NAD-dependent DNA ligase LigA	Basal machinery
lipA	cg2423	3345051	Q8NNJ0	NCgl2128	lipoyl synthase	Basal machinery
lipB	cg2422	3345050	Q8NNJ1	NCgl2127	lipoate-protein ligase B	Basal machinery
lldR	cg3224	3345618	Q8NLM6	NCgl2814	GntR family transcriptional regulator	M10.1
lpd	cg0441	3344602	Q8NTE1	NCgl0355	dihydrolipoamide dehydrogenase	M10.1
lppS	cg2720	3343849	Q8NMT9	NCgl2388	ErfK/YbiS/YcfS/YnhG family lipoprotein	M11
lpqB	cg0865	3344233	Q8NSC0	NCgl0723	lipoprotein LpqB	Basal machinery
lrp	cg0313	3344174	Q8NTP9	NCgl0253	leucine responsive regulator	M1
ltbR	cg1486	3344520	Q8NQV8	NCgl1261	IclR family transcriptional regulator	M10.1
lysA	cg1334	3344931	P09890	NCgl1133	diaminopimelate decarboxylase	Basal machinery
lysC	cg0306	3345161	P26512	NCgl0247	aspartate kinase	Basal machinery
lysE	cg1424	3343730	P94633	NCgl1214	lysine efflux permease	M20
lysG	cg1425	3344417	P94632	NCgl1215	chromosome replication initiation inhibitor protein	M20
lysI	cg1105	3343706	P35865	NCgl0929	L-lysine permease	Basal machinery
mag	cg0151	3344100	Q8NU33	NCgl0115	3-methyladenine DNA glycosylase	Basal machinery
malR	cg3315	3345213	Q8NLF4	NCgl2886	MarR family transcriptional regulator	M10.3
mcbR	cg3253	3343746	Q8NLK1	NCgl2840	TetR-type transcriptional regulator of sulfur metabolism	Global regulator
mdh	cg2613	3345438	Q8NN33	NCgl2297	malate dehydrogenase	Basal machinery
menG	cg0556	3344323	Q8NT39	NCgl0454,ubiE	ubiquinone/menaquinone biosynthesis methyltransferase	Basal machinery
metB	cg2687	3344584	Q79VD9	NCgl2360	cystathionine gamma-synthase	Basal machinery
metE	cg1290	3342567	Q8NRB3	NCgl1094	5-methyltetrahydropteroyltriglutamate-- homocysteine S-methyltransferase	M10.3
metG	cg1017	3344867	Q8NRZ4	NCgl0857,metS	methionyl-tRNA synthetase	Basal machinery
metK	cg1806	3343585	Q9K5E4	NCgl1541	S-adenosylmethionine synthetase	Basal machinery
metN	cg0736	3344780	Q8NSN2	NCgl0609	ABC-type transporter ATPase component	Basal machinery
metQ	cg0737	3342831	Q8NSN1	NCgl0610	ABC-type transport system, lipoprotein component	Basal machinery
metX	cg0754	3343119	O68640	NCgl0624,metA	homoserine O-acetyltransferase	Basal machinery
metY	cg0755	3345610	Q79VI4	NCgl0625	O-acetylhomoserine aminocarboxypropyltransferase	Basal machinery
mfs	cg3311	3343082	Q8NRI3	NCgl1020	major facilitator superfamily permease	Intermodular
mgtA	cg0554	3343917	Q8NT41	NCgl0452	glycosyl transferase	Basal machinery
miaB	cg2135	3344824	Q8NP67	NCgl1874	(dimethylallyl)adenosine tRNA methylthiotransferase	Basal machinery
mnmA	cg1397	3344074	Q8NR24	trmU,NCgl1192	tRNA-specific 2-thiouridylase MnmA	Basal machinery
mntR	cg0741	3343002	Q8NSM7	NCgl0614,sirR	iron repressor protein	M28
moaA	cg1352	3344493	Q8NR60	NCgl1150	molybdenum cofactor biosynthesis protein A	Basal machinery
mptA	cg2385	3344694	Q8NNM0	NCgl2093	hypothetical protein	Basal machinery
mptB	cg1766	3343012	Q8NQ73	NCgl1505	hypothetical protein	Basal machinery
mpx	cg2867	3344863	Q8NMI2	gpx,NCgl2502	glutathione peroxidase	M13
mqo	cg2192	3345228	O69282	NCgl1926	malate:quinone oxidoreductase	Basal machinery
mraY	cg2372	3342711	Q8NNN2	NCgl2081	phospho-N-acetylmuramoyl-pentapeptide- transferase	Basal machinery
mraZ	cg2378	3342864	Q8NNM6	NCgl2087	cell division protein MraZ	Basal machinery
mrpD1	cg0324	3343396	Q8NTN9	NCgl0263,mnhD	monovalent cation/H+ antiporter subunit D	Basal machinery
mrpE1	cg0323	3343861	Q8NTP0	NCgl0262,mnhE	monovalent cation/H+ antiporter subunit E	Basal machinery
mrpF1	cg0322	3343940	Q8NTP1	mnhF,NCgl0261	monovalent cation/H+ antiporter subunit F	Basal machinery
mrpG1	cg0321	3342888	Q8NTP2	mnhG,NCgl0260	monovalent cation/H+ antiporter subunit G	Basal machinery
mrx1	cg0964	3345589	P0DKS9	NCgl0808	hypothetical protein	Basal machinery
mshA	cg0481	3342701	Q8NTA6	NCgl0389	sucrose-phosphate synthase	Basal machinery
mshB	cg1250	3345309	Q8NRE9	NCgl1055	hypothetical protein	Basal machinery
mshC	cg1709	3345551	Q8NQC4	cysS2,NCgl1457,cysS	cysteinyl-tRNA synthetase	Basal machinery
mshD	cg2847	3344767	Q8NMJ7	NCgl2487	GCN5-related N-acetyltransferase	Basal machinery
msrA	cg3236	3343039	Q8NLL5	NCgl2825	methionine sulfoxide reductase A	M10.4
mtrA	cg0862	3343847	Q8NSC2	NCgl0721	response regulator	M10.30
mtrB	cg0864	3344419	Q8NSC1	NCgl0722	Signal transduction histidine kinase	Basal machinery
murA	cg0422	3344810	Q8NML5	NCgl2470,murA2	UDP-N-acetylglucosamine 1-carboxyvinyltransferase	M10.3
murB1	cg0423	3343172	Q8NTF4	NCgl0346,murB	UDP-N-acetylenolpyruvoylglucosamine reductase	Basal machinery
murB2	cg0476	3344837	Q8NTB0	NCgl0386	UDP-N-acetylenolpyruvoylglucosamine reductase	Basal machinery
murC	cg2368	3345028	P94335	NCgl2077	UDP-N-acetylmuramate--L-alanine ligase	Basal machinery
murE	cg2374	3345142	Q8NNN0	NCgl2083	UDP-N-acetylmuramoylalanyl-D-glutamate--2, 6-diaminopimelate ligase	Basal machinery
murG	cg2369	3343111	Q8NNN5	NCgl2078	undecaprenyldiphospho-muramoylpentapeptide beta-N- acetylglucosaminyltransferase	Basal machinery
murI	cg2762	3342768	Q9XDZ7	NCgl2423	glutamate racemase	Basal machinery
nadA	cg1216	3343087	Q8NRI0	NCgl1024	quinolinate synthetase	M10.2
nadD	cg2584	3343295	Q8NN57	NCgl2270	nicotinic acid mononucleotide adenylyltransferase	Basal machinery
nadE	cg2792	3343843	Q8NMN7	NCgl2446	NAD synthetase	Basal machinery
nadK	cg1601	3342543	Q8NQM1	NCgl1358,ppnK	inorganic polyphosphate/ATP-NAD kinase	Basal machinery
nagB	cg2928	3345083	Q8NMD4	NCgl2555	N-acetylglucosamine-6-phosphate isomerase	M10.12
nanE	cg2933	3345376	Q8NMD0	NCgl2559	N-acetylmannosamine-6-phosphate 2-epimerase	M10.12
nanR	cg2936	3345466	Q8NMC7	NCgl2561	GntR family transcriptional regulator	M10.12
narH	cg1343	3345043	Q8NR69	NCgl1141	respiratory nitrate reductase oxidoreduct	Intermodular
narI	cg1341	3343864	Q8NR71	NCgl1139	respiratory nitrate reductase 2 gamma chain	Intermodular
ndk	cg2603	3343078	Q8NN43	NCgl2287	nucleoside diphosphate kinase	Basal machinery
nlpC	cg2402	3344615	Q8NNK6	NCgl2108	NPL/P60 family protein	Intermodular
nnr	cg0688	3342833	Q8NSS3	NCgl0570	hypothetical protein	Basal machinery
nrdI	cg2787	3344414	Q9XD64	NCgl2444	ribonucleotide reductase stimulatory protein	Intermodular
nrdR	cg2112	3344115	Q8NP88	NCgl1853	transcriptional regulator NrdR	M10.1
nrtR	cg1218	3342562	Q8NRH9	NCgl1025	ADP-ribose pyrophosphatase	M10.2
nucS	cg1371	3344411	Q8NR49	NCgl1168	hypothetical protein	Basal machinery
obg	cg2589	3345477	P0C1E6	obgE,NCgl2275	GTPase ObgE	Basal machinery
odhA	cg1280	3343144	Q8NRC3	kgd,NCgl1084	alpha-ketoglutarate decarboxylase	Basal machinery
odhI	cg1630	3343114	Q8NQJ3	NCgl1385	signal transduction protein, FHA domain	Basal machinery
ohr	cg0040	3344117	Q8NUB3	NCgl0025	hypothetical protein	Intermodular
opcA	cg1779	3345622	Q8NQ62	NCgl1515	hypothetical protein	Intermodular
oppA	cg2181	3345355	Q8NP35	NCgl1915	ABC-type peptide transport system, component	Intermodular
oppB	cg2182	3345182	Q8NP34	NCgl1916	ABC-type peptide transport system, permease component	Intermodular
oppD	cg2184	3343656	Q8NP32	NCgl1918	peptide ABC transporter ATPase	M10.9
orn	cg2718	3343891	Q8NMU1	ornA,NCgl2386	oligoribonuclease	Basal machinery
oxyR	cg2109	3343991	Q8NP91	NCgl1850	hydrogen peroxide sensing regulator	M10.1
pafA	cg1688	3343131	Q8NQE1	NCgl1437	proteasome component	Basal machinery
panB	cg0149	3345597	Q9X712	NCgl0113	3-methyl-2-oxobutanoate hydroxymethyltransferase	Basal machinery
pat	cg0267	3343931	Q8NTT4	NCgl0215	aminotransferase	Basal machinery
pbpS	cg3313	3345285	Q8NLF6	NCgl2884,mrcB	membrane carboxypeptidase, penicillin-binding protein	M10.3
pcaB	cg2629	3344835	Q8NN17	NCgl2313,pcaB1	3-carboxy-cis,cis-muconate cycloisomerase	M10.8
pcaC	cg2628	3345441	Q8NN18	pcaI,NCgl2312	hypothetical protein	M10.8
pcaD	cg2626	3344686	Q8NN20	NCgl2310,pcaL	3-oxoadipate enol-lactone hydrolase/4-carboxymuconolactone decarboxylase	M10.8
pcaF	cg2625	3345052	Q8NN21	NCgl2309	acetyl-CoA acetyltransferase	M10.8
pcaG	cg2630	3344559	Q8NN16	NCgl2314	protocatechuate dioxygenase alpha subunit	Intermodular
pcaH	cg2631	3344475	Q8NN15	NCgl2315	protocatechuate dioxygenase beta subunit	M10.8
pcaI	cg2623	3343989	Q8NN23	scoA,NCgl2307	fesuccinyl-CoA:3-ketoacid-coenzyme A transferase subunit	M10.8
pcaJ	cg2622	3343988	Q8NN24	scoB,NCgl2306	succinyl-CoA:3-ketoacid-coenzyme A transferase subunit	M10.8
pcaO	cg2627	3345440	Q8NN19	NCgl2311	LuxR family transcriptional regulator	M10.8
pcaR	cg2624	3345216	Q8NN22	NCgl2308	IclR family transcriptional regulator	M10.8
pckG	cg3169	3345234	Q9AEM1	NCgl2765,pck	phosphoenolpyruvate carboxykinase	Intermodular
pdxR	cg0897	3345549	Q8NS92	NCgl0753	pyridoxine biosynthesis transcriptional regulator, aminotransferase	M10.25
pdxS	cg0898	3345506	P82134	NCgl0754	pyridoxal biosynthesis lyase PdxS	Intermodular
pdxT	cg0899	3344716	Q8NS90	NCgl0755	glutamine amidotransferase subunit PdxT	Intermodular
pepA	cg2419	3344783	Q8NNJ4	NCgl2124,pepB	leucyl aminopeptidase	Basal machinery
pfkA	cg1409	3344017	Q8NR14	NCgl1202	6-phosphofructokinase	M10.1
pfkB	cg2119	3343316	Q8NP81	fruK,NCgl1860	1-phosphofructokinase	M10.1
pgi	cg1780	3345267	Q8NS31	NCgl0817	glucose-6-phosphate isomerase	Intermodular
pgk	cg1790	3343494	Q01655	NCgl1525	phosphoglycerate kinase	M10.1
phdR	cg0343	3345168	Q8NTM1	NCgl0280	transcription regulator protein, MarR fam	M2
pheA	cg3207	3343256	P10341	NCgl2799	prephenate dehydratase	Basal machinery
pheR	cg2965	3345352	Q8NM98	NCgl2587	AraC family transcriptional regulator	M21
pheS	cg1574	3342992	Q8NQN7	NCgl1335	phenylalanyl-tRNA synthetase subunit alpha	Basal machinery
pheT	cg1575	3344639	Q8NQN6	NCgl1336	phenylalanyl-tRNA synthetase subunit beta	Basal machinery
phnB1	cg3122	3345656	Q8NLW5	NCgl2722	hypothetical protein	Basal machinery
phnB2	cg1224	3344188	Q8NRH4	NCgl1030	alkylphosphonate uptake operon protein PhnB	Basal machinery
phnC	cg1651	3343840	Q8NQH4	NCgl1404,pctB	ABC-type phosphate/phosphonate transport system, ATPase component	M24
phoR	cg2888	3343717	Q8NMG8	cgtR3,NCgl2518	two component response regulator	M10.14
phoS	cg2887	3343716	Q8NMG9	NCgl2517,cgtS3	two component sensor kinase	M10.14
pimB	cg2400	3344808	Q8NNK8	NCgl2106	glycosyl transferase	Basal machinery
pknB	cg0057	3344986	Q8NU98	NCgl0040	serine/threonine kinase	Basal machinery
pmt	cg1014	3343200	Q8NRZ6	NCgl0854	dolichyl-phosphate-mannose-protein mannosyltransferase	Basal machinery
pnp	cg2166	3342644	Q8NP50	gpsI,NCgl1900	polynucleotide phosphorylase	Basal machinery
porB	cg1109	3344968	Q8NRS3	NCgl0933	anion-specific porin precursor	Intermodular
porC	cg1108	3344834	Q84CP7	NCgl0932	hypothetical protein	Basal machinery
ppa	cg2988	3345630	Q8NM79	NCgl2607	inorganic pyrophosphatase	Basal machinery
ppc	cg1787	3343481	P12880	NCgl1523	phosphoenolpyruvate carboxylase	M10.1
ppmA	cg3138	3345364	Q8NLV0	NCgl2737	membrane protease subunit stomatin/prohibitin-like protein	Intermodular
ppx1	cg0488	3343619	Q8NT99	NCgl0396	exopolyphosphatase	Basal machinery
prfA	cg1355	3344982	Q8NR57	NCgl1153	peptide chain release factor 1	Basal machinery
prfB	cg0913	3344831	Q8NS78	NCgl0767	peptide chain release factor 2	Basal machinery
prmC	cg1356	3343748	P0DJB1	hemK,NCgl1154	rRNA or tRNA methylase	Basal machinery
proA	cg2586	3344874	P0C1E0	NCgl2272	gamma-glutamyl phosphate reductase	Basal machinery
proB	cg2588	3345200	P0C1E2	NCgl2274	gamma-glutamyl kinase	Basal machinery
proC	cg0490	3343255	P0C1E4	NCgl0398	pyrroline-5-carboxylate reductase	Basal machinery
proS	cg2185	3344363	Q8NP31	NCgl1919	prolyl-tRNA synthetase	Basal machinery
prpB1	cg0797	3343135	Q8NSH8	NCgl0665	methylisocitric acid lyase	M10.5
prpB2	cg0760	3345588	Q8NSL2	NCgl0629	methylisocitric acid lyase	M27
prpC1	cg0798	3345454	Q8NSH7	NCgl0666	citrate synthase	M10.5
prpC2	cg0762	3342742	Q8NSL1	NCgl0630	citrate synthase	M27
prpD1	cg0796	3343519	Q8NSH9	NCgl0664	propionate catabolic protein PRPD	Intermodular
prpD2	cg0759	3343400	Q8NSL3		propionate catabolism protein prpD	M27
prpR	cg0800	3342978	Q8NSH5	NCgl0668	MerR family transcriptional regulator	M27
prs	cg1075	3343409	Q8NRU9	prsA,NCgl0905	ribose-phosphate pyrophosphokinase	Basal machinery
pstB	cg2843	3345480	Q8NMK1	NCgl2483	phosphate transporter ATP-binding protein	M10.14
pta	cg3048	3344523	P77844	eutD,NCgl2657	phosphotransacetylase	M10.3
pth1	cg1071	3343697	Q8NRV3	NCgl0901	peptidyl-tRNA hydrolase	Basal machinery
pth2	cg1067	3345030	Q8NRV6	NCgl0898	peptidyl-tRNA hydrolase	Basal machinery
ptsH	cg2121	3345653	Q8NP79	NCgl1862	hypothetical protein	M10.1
ptsI	cg2117	3345481	Q8NP83	NCgl1858	phosphoenolpyruvate:sugar phosphotransferase system ENZYMEI	M10.1
ptsM	cg1537	3344282	Q46072	ptsG,NCgl1305	glucose-specific enzyme II BC component of PTS	Intermodular
ptsS	cg2925	3345489	Q8NMD6	NCgl2553	enzyme II sucrose protein	Intermodular
pup	cg1689	3344016	Q8NQE0	NCgl1438	hypothetical protein	Basal machinery
purA	cg3063	3345002	Q8NM16	NCgl2669	adenylosuccinate synthetase	Basal machinery
purC	cg2874	3344613	Q8NMH6	NCgl2508	phosphoribosylaminoimidazole-succinocarboxamide synthase	Basal machinery
purD	cg2878	3343136	Q8NMH3	NCgl2511	phosphoribosylamine--glycine ligase	Basal machinery
purF	cg2857	3345335	Q8NMI9	NCgl2495	amidophosphoribosyltransferase	Basal machinery
purH	cg0984	3343365	Q8NS21	NCgl0827	bifunctional phosphoribosylaminoimidazolecarboxamide formyltransferase/IMP cyclohydrolase	Basal machinery
purL	cg2862	3345013	Q8NMI5	NCgl2499	phosphoribosylformylglycinamidine synthase II	Basal machinery
purQ	cg2863	3345299	Q8NMI4	NCgl2500	phosphoribosylformylglycinamidine synthase I	Basal machinery
purT	cg3054	3344709	Q8NM23	NCgl2663	phosphoribosylglycinamide formyltransferase 2	Basal machinery
pyk	cg2291	3344974	Q46078	NCgl2008	pyruvate kinase	Intermodular
pyrB	cg1816	3343548	Q8NQ38	NCgl1550	aspartate carbamoyltransferase	M26
pyrC	cg1815	3343550	Q8NQ39	NCgl1549	dihydroorotase	M26
pyrD	cg1713	3342649	Q8NQC0	NCgl1461	dihydroorotate dehydrogenase 2	Basal machinery
pyrE	cg3071	3344905	Q8NM11	NCgl2676	orotate phosphoribosyltransferase	Basal machinery
pyrF	cg1812	3342821	Q8NQ40	NCgl1546	orotidine 5'-phosphate decarboxylase	M10.7
pyrG	cg1606	3345117	Q8NQL7	NCgl1362	CTP synthetase	Basal machinery
pyrH	cg2218	3343232	P59004	NCgl1948	uridylate kinase	Basal machinery
pyrR	cg1817	3343591	P59011	NCgl1551	bifunctional pyrimidine regulatory protein PyrR uracil phosphoribosyltransferase	M26
qcrA	cg2404	3344621	Q79VE8	qcrA1,NCgl2110	Rieske iron-sulfur protein	M10.13
qcrB	cg2403	3344616	Q79VE9	NCgl2109	cytochrome b, membrane protein	M10.13
qcrC	cg2405	3344781	Q8NNK5	NCgl2111	cytochrome C1	M10.13
qorR	cg1552	3345221	Q8NQQ5	NCgl1317	transcriptional regulator	M10.17
qsuD	cg0504	3343183	Q9X5C9	NCgl0409	quinate/shikimate dehydrogenase	M6
qsuR	cg0500	3344692	Q8NT88	NCgl0405	LysR family transcriptional regulator	M6
ramA	cg2831	3344672	Q8NML3	NCgl2472	LuxR family transcriptional regulator	Global regulator
ramB	cg0444	3342934	Q8NTD8	NCgl0358	MerR family transcriptional regulator	Global regulator
rbfA	cg2175	3344932	Q8NP41	NCgl1909	ribosome-binding factor A	Basal machinery
rbsA	cg1411	3343996	Q8NR12	NCgl1204	ABC-type sugar (aldose) transport system, ATPase component	M10.1
rbsC	cg1412	3343251	Q8NR11	NCgl1205	ribose/xylose/arabinose/galactoside ABC-type transporter permease	M10.1
rbsD	cg1414	3344071	Q8NR09	NCgl1207	D-ribose pyranase	M10.1
rbsR	cg1410	3344005	Q8NR13	NCgl1203	LacI family transcriptional regulator	M10.1
recA	cg2141	3344495	P42442	NCgl1880	recombinase A	M10.1
recF	cg0005	3344122	Q6M8X7	NCgl0003	recombination protein F	Basal machinery
recR	cg0298	3343031	Q8NTQ8	NCgl0241	recombination protein RecR	M10.4
recX	cg2140	3344494	Q8NP66	NCgl1879	recombination regulator RecX	M10.1
relA	cg1861	3343569	O87331	NCgl1590,rel	ppGpp synthetase, ppGpp pyrophosphorylase	M10.1
res	cg1929	3343463	Q8NPU8	NCgl1645	recombinase	M10.3
rhcR	cg1308	3345380	Q8NR95	NCgl1110	TetR family regulatory protein	M31
ribBA	cg1798	3343515	Q8NQ52	ribA,NCgl1533	bifunctional 3,4-dihydroxy-2-butanone 4-phosphate synthase/GTP cyclohydrolase II protein	Basal machinery
rimM	cg2251	3344087	Q8NNX5	NCgl1974	16S rRNA-processing protein RimM	Basal machinery
rimP	cg2179	3345342	Q8NP37	NCgl1913	hypothetical protein	Basal machinery
ripA	cg1120	3343780	Q8NRR3	NCgl0943	AraC family transcriptional regulator	M10.3
rlmN	cg2214	3345405	Q8NP06	NCgl1944	ribosomal RNA large subunit methyltransferase N	Basal machinery
rnc	cg2273	3344302	Q8NNV6	NCgl1994	ribonuclease III	Basal machinery
rnhB	cg2230	3345428	Q8NNZ4	NCgl1957	ribonuclease HII	Basal machinery
rnj	cg2160	3345114	P54122	NCgl1895	hydrolase of metallo-BETA-lactamase superfamily	Basal machinery
rosR	cg1324	3344908	Q8NR82	NCgl1124	MarR family transcriptional regulator	M10.4
rpf1	cg0936	3343267	Q6M6W5	NCgl0785	RPF protein precursor	M10.3
rpf2	cg1037	3342641	Q6M6N7	NCgl0872	hypothetical protein	M10.30
rph	cg2753	3342887	Q8NMR4	NCgl2415	ribonuclease PH	Basal machinery
rpi	cg2658	3344527	Q8NMZ0	NCgl2337	ribose-5-phosphate isomerase B	Basal machinery
rplA	cg0564	3344662	Q9LAK5	NCgl0460	50S ribosomal protein L1	M10.5
rplB	cg0598	3342582	Q8NT05	NCgl0490	50S ribosomal protein L2	M10.3
rplC	cg0594	3342968	Q8NT09	NCgl0487	50S ribosomal protein L3	M10.3
rplD	cg0596	3343086	Q8NT08	NCgl0488	50S ribosomal protein L4	Basal machinery
rplE	cg0610	3343657	Q8NSZ2	NCgl0501	50S ribosomal protein L5	Basal machinery
rplF	cg0629	3344671	Q8NSX7	NCgl0516	50S ribosomal protein L6	Basal machinery
rplJ	cg0572	3345176	Q8NT29	NCgl0468	50S ribosomal protein L10	Basal machinery
rplK	cg0563	3342728	Q9LAK6	NCgl0459	50S ribosomal protein L11	Basal machinery
rplL	cg0573	3342929	Q8NT28	NCgl0469	50S ribosomal protein L7/L12	Basal machinery
rplM	cg0673	3342750	Q8NST6	NCgl0556	50S ribosomal protein L13	Basal machinery
rplN	cg0608	3343072	Q8NSZ4	NCgl0499	50S ribosomal protein L14	Basal machinery
rplO	cg0634	3345424	P0C544	NCgl0520	50S ribosomal protein L15	Basal machinery
rplP	cg0602	3343534	Q8NT00	NCgl0494	50S ribosomal protein L16	M10.3
rplQ	cg0656	3342680	Q8NSV1	NCgl0541	50S ribosomal protein L17	Basal machinery
rplR	cg0630	3344235	Q8NSX6	NCgl0517	50S ribosomal protein L18	Basal machinery
rplS	cg2235	3343753	Q8NNZ0	NCgl1960	50S ribosomal protein L19	Basal machinery
rplT	cg1565	3344751	Q8NQP6	NCgl1326	50S ribosomal protein L20	Basal machinery
rplU	cg2595	3345449	Q8NN50	NCgl2280	50S ribosomal protein L21	Basal machinery
rplV	cg0600	3345552	Q8NT02	NCgl0492	50S ribosomal protein L22	M10.3
rplW	cg0597	3344754	Q8NT06	NCgl0489	50S ribosomal protein L23	Basal machinery
rplX	cg0609	3343708	Q8NSZ3	NCgl0500	50S ribosomal protein L24	Basal machinery
rplY	cg1072	3343373	Q8NRV2	ctc,NCgl0902	50S ribosomal protein L25	Basal machinery
rpmB	cg0991	3345642	Q8NS15	NCgl0834	50S ribosomal protein L28	Basal machinery
rpmC	cg0603	3343026	Q8NSZ9	NCgl0495	50S ribosomal protein L29	Basal machinery
rpmD	cg0632	3343926	Q8NSX3	NCgl0519	50S ribosomal protein L30	Basal machinery
rpmE2	cg0994	3343714	Q8NS12	rpmE,NCgl0837	50S ribosomal protein L31	Basal machinery
rpmF	cg0995	3344192	Q8NS11	NCgl0838	50S ribosomal protein L32	Basal machinery
rpmG	cg0990	3342967	Q8NS16	NCgl0833	50S ribosomal protein L33	Basal machinery
rpmH	cg3432	3345634	Q6M1C1	NCgl2993	50S ribosomal protein L34	Basal machinery
rpmI	cg1564	3342875	Q8NQP7	NCgl1325	50S ribosomal protein L35	Basal machinery
rpmJ	cg2791	3343842	P61173	NCgl2446a	50S ribosomal protein L36	Basal machinery
rpoA	cg0655	3344491	Q8NSV2	NCgl0540	DNA-directed RNA polymerase subunit alpha	Basal machinery
rpoB	cg0576	3343811	Q8NT26	NCgl0471	DNA-directed RNA polymerase subunit beta	Basal machinery
rpoC	cg0577	3342916	Q8NT25	NCgl0472	DNA-directed RNA polymerase subunit beta'	Basal machinery
rpoZ	cg1809	3343587	Q8NQ43	NCgl1543	DNA-directed RNA polymerase subunit omega	Basal machinery
rpsB	cg2222	3342578	Q8NP01	NCgl1950	30S ribosomal protein S2	Basal machinery
rpsC	cg0601	3344572	Q8NT01	NCgl0493	30S ribosomal protein S3	M10.3
rpsD	cg0654	3343734	Q8NSV4	NCgl0539	30S ribosomal protein S4	Basal machinery
rpsE	cg0631	3343785	Q8NSX5	NCgl0518	30S ribosomal protein S5	Basal machinery
rpsF	cg3308	3344072	Q8NLF9	NCgl2881	30S ribosomal protein S6	Basal machinery
rpsG	cg0582	3343946	Q8NT20	NCgl0477	30S ribosomal protein S7	Basal machinery
rpsH	cg0628	3343309	Q8NSX8	NCgl0515	30S ribosomal protein S8	Basal machinery
rpsI	cg0674	3344565	Q8NST5	NCgl0557	30S ribosomal protein S9	Basal machinery
rpsJ	cg0593	3344258	P66326	NCgl0486	30S ribosomal protein S10	M10.3
rpsK	cg0653	3343654	Q8NSV5	NCgl0538	30S ribosomal protein S11	Basal machinery
rpsL	cg0581	3343178	Q8NT21	NCgl0476	30S ribosomal protein S12	Basal machinery
rpsM	cg0652	3344631	Q8NSV6	NCgl0537	30S ribosomal protein S13	Basal machinery
rpsO	cg2167	3345215	Q8NP49	NCgl1901	30S ribosomal protein S15	Basal machinery
rpsP	cg2253	3345658	Q8NNX3	NCgl1976	30S ribosomal protein S16	Basal machinery
rpsQ	cg0604	3344535	Q8NSZ7	NCgl0496	30S ribosomal protein S17	Basal machinery
rpsS	cg0599	3342943	P66482	NCgl0491	30S ribosomal protein S19	M10.3
rpsT	cg2573	3344864	Q8NN66	NCgl2261	30S ribosomal protein S20	Basal machinery
rsmA	cg1038	3345130	Q8NRY1	NCgl0873,ksgA	dimethyladenosine transferase	M10.30
rsmG	cg3428	3344656	Q8NL53	NCgl2990,gidB	16S rRNA methyltransferase GidB	Basal machinery
rsmH	cg2377	3342863	Q8NNM7	NCgl2086,mraW	S-adenosyl-methyltransferase MraW	M10.3
ruvA	cg1870	3343552	Q9AE10	NCgl1597	Holliday junction DNA helicase RuvA	M10.1
ruvB	cg1869	3343551	Q9AE09	NCgl1596	Holliday junction DNA helicase RuvB	M10.1
ruvC	cg1871	3343449	Q9AE11	NCgl1598	Holliday junction resolvase	M10.1
sdhC	cg0445	3345314	Q8NTD7	sdhCD,NCgl0359	succinate dehydrogenase Cd	Intermodular
secA1	cg0868	3342590	Q8NSB6	NCgl0726,secA	preprotein translocase subunit SecA	Basal machinery
secA2	cg1629	3343231	Q8NQJ4	NCgl1384	preprotein translocase subunit SecA	Basal machinery
secG	cg1786	3343480	Q9Z469	NCgl1522	preprotein translocase subunit SecG	Basal machinery
secY	cg0647	3342606	P38376	NCgl0532	preprotein translocase subunit SecY	Basal machinery
serA	cg1451	3345035	Q8NQY7	NCgl1235	D-3-phosphoglycerate dehydrogenase	M10.5
serS	cg3201	3342619	Q8NLP6	NCgl2793	seryl-tRNA synthetase	Basal machinery
siaI	cg2940	3343682	Q8NMC3	NCgl2565	ABC transporter ATPase	Intermodular
sigA	cg2092	3345373	Q8NPA3	NCgl1836	RNA polymerase sigma factor	Global regulator
sigB	cg2102	3344244	Q79VF3	NCgl1844	RNA polymerase sigma factor SigB	M10.1
sigC	cg0309	3344137	Q8NTQ2	NCgl0250	RNA polymerase sigma factor	M10.13
sigD	cg0696	3343878	Q8NSR8	NCgl0575	RNA polymerase sigma factor SigD	M11
sigE	cg1271	3345206	Q8NRD2	NCgl1075	RNA polymerase sigma factor SigE	M10.1
sigH	cg0876	3342809	Q79VI1	NCgl0733	RNA polymerase sigma factor RpoE	Global regulator
sigM	cg3420	3345669	Q8NL60	NCgl2983	RNA polymerase sigma-70 factor, ECF subfamily	M10.1
smpB	cg0916	3345081	Q8NS75	NCgl0770	SsrA-binding protein	Basal machinery
sodA	cg3237	3343659	Q9APY3	sod,NCgl2826	manganese superoxide dismutase	Intermodular
speE	cg2990	3345247	Q8NM77	NCgl2608	spermidine synthase	Basal machinery
spiA	cg1068	3345447	Q8NRV5	NCgl0899	oxidoreductase	M10.2
spiE	cg1758	3342854	Q8NQ81	NCgl1497	hypothetical protein	M10.2
ssuA	cg1380	3344967	Q8NR41	NCgl1176	aliphatic sulfonate binding protein	M10.6
ssuB	cg1379	3343138	Q8NR42	NCgl1175	aliphatic sulfonate ABC transporter ATP-binding protein	M10.6
ssuC	cg1377	3344431	Q8NR43	NCgl1174	aliphatic sulfonate ABC transporter transmembrane protein	M10.6
ssuD1	cg1376	3343844	Q8NR44	NCgl1173	alkanesulfonate monooxygenase	M10.6
ssuR	cg0012	3344456	Q8NUC9	NCgl0009	transcription regulator protein	M10.6
sucC	cg2837	3345415	Q8NMK7	NCgl2477	succinyl-CoA synthetase subunit beta	M10.1
sucD	cg2836	3345089	Q8NMK8	NCgl2476	succinyl-CoA synthetase subunit alpha	Intermodular
sufC	cg1762	3343499	Q8NQ77	NCgl1501	Iron-regulated ABC transporter ATPase subunit	M10.1
sufD	cg1763	3343522	Q8NQ76	NCgl1502	components of an uncharacterized iron-regulated ABC-type transporter	M10.1
sufR	cg1765	3343011	Q8NQ74	NCgl1504	transcriptional regulator	M10.1
sufS	cg1761	3345101	Q8NQ78	nifS2,NCgl1500	cysteine desulfhydrase / selenocysteine lyase	M10.1
sufU	cg1760	3345100	Q8NQ79	NCgl1499	NifU homologs involved in Fe-S cluster formation	M10.1
sugR	cg2115	3343314	Q8NP85	NCgl1856	transcriptional regulators of sugar metabolism, DeoR family	M10.1
sutR	cg0993	3343664	Q8NS13	NCgl0836	regulatory protein, arsR fam	M10.5
tatA	cg1685	3343772	Q8NQE4	NCgl1434,tatX	twin arginine translocase A	Basal machinery
tatB	cg1273	3345252	Q8NRD0	NCgl1077	sec-independent translocase	Basal machinery
thiC	cg1476	3343053	Q8NQW7	NCgl1253	thiamine biosynthesis protein ThiC	M10.3
thiG	cg2239	3342632	Q8NNY6	NCgl1964	thiazole synthase	Basal machinery
thiL	cg1495	3344604	Q8NQV0	NCgl1269	thiamine monophosphate kinase	Basal machinery
thiM	cg1655	3342857	Q8NQH0	NCgl1408	hydroxyethylthiazole kinase	Basal machinery
thiX	cg2561	3345422	P42461	NCgl2249	protein potentially involved into thiamin biosynthesis	Basal machinery
thrB	cg1338	3345034	P07128	NCgl1137	homoserine kinase	Basal machinery
thrC	cg2437	3342939	P23669	NCgl2139	threonine synthase	Basal machinery
thrS	cg1880	3343437	Q8NPZ0	NCgl1607	threonyl-tRNA synthetase	Basal machinery
thtR	cg0803	3342624	P71121	NCgl0671	thiosulfate sulfurtransferase	Basal machinery
thyA	cg0966	3345293	Q8NS38	NCgl0810	thymidylate synthase	Basal machinery
thyX	cg2162	3342737	P40111	NCgl1897	FAD-dependent thymidylate synthase	M10.1
tig	cg2647	3345346	Q8NMZ9	NCgl2329	trigger factor	Basal machinery
tpiA	cg1789	3343493	P19583	NCgl1524,tpi	triosephosphate isomerase	M10.1
tpx	cg1236	3343397	Q8NRG3	prx,NCgl1041	thiol peroxidase	Basal machinery
traP	cg3312	3343080	Q8NLF7	NCgl2883	hypothetical protein	M10.3
trmB	cg3172	3344957	Q8NLS3	NCgl2767	tRNA (guanine-N(7)-)-methyltransferase	Basal machinery
trmD	cg2249	3343898	Q8NNX7	NCgl1972	tRNA (guanine-N(1)-)-methyltransferase	Basal machinery
trpA	cg3364	3345554	P06562	NCgl2932	tryptophan synthase subunit alpha	M10.1
trpB	cg3363	3345553	P06561	NCgl2931	tryptophan synthase subunit beta	M10.1
trpC	cg3362	3345646	P06560	NCgl2930,trpCF	bifunctional indole-3-glycerol phosphate synthase/phosphoribosylanthranilate isomerase	M10.1
trpD	cg3361	3344310	P06559	NCgl2929	anthranilate phosphoribosyltransferase	M10.1
trpE	cg3359	3345521	P06557	NCgl2927	anthranilate synthase component I	M10.1
trpG	cg3360	3345522	P06558	NCgl2928	anthranilate synthase component II	M10.1
trpS	cg0779	3344474	Q8NSJ4	NCgl0647	tryptophanyl-tRNA synthetase	Basal machinery
truA	cg0657	3345426	Q8NSV0	NCgl0542	tRNA pseudouridine synthase A	Basal machinery
truB	cg2170	3344971	Q8NP46	NCgl1904	tRNA pseudouridine synthase B	Basal machinery
trxB	cg3422	3344184	Q8NL59	NCgl2984	thioredoxin reductase	Intermodular
tsaD	cg0687	3344383	Q8NSS4	NCgl0569,gcp	DNA-binding/iron metalloprotein/AP endonuclease	M10.5
tsf	cg2221	3342577	Q8NP02	NCgl1949	elongation factor Ts	Basal machinery
tuf	cg0587	3343112	P42439	NCgl0480	elongation factor Tu	Basal machinery
tusG	cg0831	3344364	Q8NSF2	NCgl0694	sugar ABC transporter permease	Basal machinery
tyrS	cg1594	3345673	Q8NQM8	NCgl1352	tyrosyl-tRNA synthetase	Basal machinery
ung	cg1496	3345485	Q8NQU9	NCgl1270	uracil-DNA glycosylase	Basal machinery
upp	cg0786	3345580	P58998	NCgl0654	uracil phosphoribosyltransferase	Basal machinery
uppP	cg1710	3343389	Q8NQC3	bacA upk,NCgl1458	undecaprenyl pyrophosphate phosphatase	Basal machinery
uppS1	cg1130	3343639	P38118	NCgl0951	undecaprenyl pyrophosphate synthase	Basal machinery
uppS2	cg2508	3344555	Q8NNC1	NCgl2203	undecaprenyl pyrophosphate synthase	Basal machinery
uraA	cg2125	3343398	Q8NP77	NCgl1864	uracyl permease	M10.5
ureA	cg0113	3342860	Q9RHM6	NCgl0083	urease subunit gamma	Intermodular
ureB	cg0114	3342867	Q79VJ4	NCgl0084	urease subunit beta	Intermodular
ureC	cg0115	3342915	Q79VJ3	NCgl0085	urease subunit alpha	Intermodular
ureD1	cg0119	3345382	Q79VJ0	NCgl0089,ureD	urease accessory protein	Intermodular
ureE	cg0116	3345641	Q9RHM3	NCgl0086	urease accessory protein UreE	Intermodular
ureF	cg0117	3342891	Q79VJ2	NCgl0087	urease accessory protein	Intermodular
ureG	cg0118	3343152	Q79VJ1	NCgl0088	urease accessory protein	Intermodular
ureR	cg0112	3342576	Q8NU57	NCgl0082	MarR family transcriptional regulator	M10.11
uriR	cg1547	3345171	Q8NQQ9	NCgl1312,ccpA1	LacI family transcriptional regulator	M10.1
urtA	cg1061	3343375	Q8NRW1	NCgl0893	ABC-type branched-chain amino acid transport systems, component	M10.9
urtB	cg1062	3343688	Q8NRW0	NCgl0894	branched chain amino acid ABC transporter permease	M10.9
urtC	cg1064	3343399	Q8NRV9	NCgl0895	branched chain amino acid ABC transporter permease	M10.9
valS	cg2609	3344278	Q8NN37	NCgl2293	valyl-tRNA synthetase	Basal machinery
vanR	cg2615	3344996	Q8NN31	NCgl2299	PadR-like family transcriptional regulator	M10.26
whcA	cg0337	3343216	Q8NTM7	NCgl0275,whiB4	regulatory protein (WHIB-related protein)	M10.2
whcD	cg0850	3344259	Q8NSD3	NCgl0711,whiB2	hypothetical protein	M17
whcE	cg0878	3342878	Q79VI0	NCgl0734,whiB1	hypothetical protein	M10.2
whiA	cg1792	3343495	Q8NQ58	NCgl1527	hypothetical protein	M17
wzx	cg0421	3343217	Q8NTF6	NCgl0344	translocase involved in export of a cell surface polysaccaride	Basal machinery
xerC	cg2224	3345434	Q8NNZ9	NCgl1952	site-specific tyrosine recombinase XerC	Basal machinery
xerD	cg1608	3344765	Q8NQL5	NCgl1364	site-specific tyrosine recombinase XerD	Basal machinery
yidC	cg3252	3343648	Q8NLK2	NCgl2839	inner membrane protein translocase component YidC	Basal machinery
znR	cg2500	3344111	Q8NNC5	NCgl2199	ArsR family transcriptional regulator	M10.3
zupT	cg1623	3344889	Q8NQK0	NCgl1379	zinc transporter ZupT	M28
zur	cg2502	3344112	Q8NNC4	fur,NCgl2200	ferric uptake regulation protein	M10.3
