id,source,target,Effect,Evidence
PA5085-PA5083,PA5085,PA5083,+,Strong
PA5085-PA5082,PA5085,PA5082,+,Strong
PA5085-dadA2,PA5085,dadA2,+,Strong
gltR-oprB,gltR,oprB,-,Strong
gltR-glk,gltR,glk,-,Strong
gltR-edd,gltR,edd,-,Strong
gltR-eta,gltR,eta,-,Strong
armR-mexR,armR,mexR,-,Strong
rsaL-PA5324,rsaL,PA5324,?,Strong
rsaL-PA3669,rsaL,PA3669,?,Strong
rsaL-PA3774,rsaL,PA3774,?,Strong
rsaL-PA0845,rsaL,PA0845,?,Strong
rsaL-gyrA,rsaL,gyrA,?,Strong
rsaL-PA0158,rsaL,PA0158,?,Strong
rsaL-tilS,rsaL,tilS,?,Strong
rsaL-PA2228,rsaL,PA2228,?,Strong
rsaL-retS,rsaL,retS,?,Strong
rsaL-PA3722,rsaL,PA3722,?,Strong
rsaL-glyA2,rsaL,glyA2,?,Strong
rsaL-PA2226,rsaL,PA2226,?,Strong
rsaL-PA3342,rsaL,PA3342,?,Strong
rsaL-ratA,rsaL,ratA,?,Strong
rsaL-acpP1,rsaL,acpP1,?,Strong
rsaL-PA1333,rsaL,PA1333,?,Strong
rsaL-pqsH,rsaL,pqsH,?,Strong
rsaL-PA5517,rsaL,PA5517,?,Strong
rsaL-PA3513,rsaL,PA3513,?,Strong
dnr-narK2,dnr,narK2,+,Strong
dnr-narK1,dnr,narK1,+,Strong
dnr-nirQ,dnr,nirQ,+,Strong
dnr-narX,dnr,narX,+,Strong
dnr-nirS,dnr,nirS,+,Strong
dnr-nirE,dnr,nirE,+,Strong
dnr-nirD,dnr,nirD,+,Strong
dnr-nirG,dnr,nirG,+,Strong
dnr-nirF,dnr,nirF,+,Strong
dnr-narI,dnr,narI,+,Strong
dnr-narH,dnr,narH,+,Strong
dnr-nirC,dnr,nirC,+,Strong
dnr-narJ,dnr,narJ,+,Strong
dnr-nirM,dnr,nirM,+,Strong
dnr-nirL,dnr,nirL,+,Strong
dnr-narG,dnr,narG,+,Strong
dnr-nirN,dnr,nirN,+,Strong
dnr-nirH,dnr,nirH,+,Strong
dnr-nirJ,dnr,nirJ,+,Strong
dnr-dnr,dnr,dnr,+,Strong
dnr-norB,dnr,norB,+,Strong
dnr-nosR,dnr,nosR,+,Strong
dnr-nosY,dnr,nosY,+,Strong
dnr-nosZ,dnr,nosZ,+,Strong
dnr-nosD,dnr,nosD,+,Strong
dnr-nosF,dnr,nosF,+,Strong
dnr-nosL,dnr,nosL,+,Strong
dnr-norC,dnr,norC,+,Strong
dnr-hemN,dnr,hemN,+,Strong
dnr-narL,dnr,narL,+,Strong
dnr-hemA,dnr,hemA,+,Strong
dnr-hemF,dnr,hemF,+,Strong
dnr-anr,dnr,anr,+,Strong
dnr-aroE,dnr,aroE,+,Strong
PA0739-sdsA1,PA0739,sdsA1,+,Strong
PA0739-PA0739,PA0739,PA0739,+,Strong
bfmR-PA0691,bfmR,PA0691,+,Strong
bfmR-rhlR,bfmR,rhlR,-,Strong
PA0601-PA0603,PA0601,PA0603,+,Strong
PA0601-PA0605,PA0601,PA0605,+,Strong
PA0601-PA0604,PA0601,PA0604,+,Strong
PA0601-PA0606,PA0601,PA0606,+,Strong
agmR-exaA,agmR,exaA,+,Strong
agmR-exaB,agmR,exaB,+,Strong
agmR-exaC,agmR,exaC,+,Strong
agmR-pqqB,agmR,pqqB,+,Strong
agmR-pqqC,agmR,pqqC,+,Strong
agmR-pqqA,agmR,pqqA,+,Strong
agmR-eraR,agmR,eraR,+,Strong
agmR-eraS,agmR,eraS,+,Strong
agmR-pqqD,agmR,pqqD,+,Strong
agmR-pqqE,agmR,pqqE,+,Strong
agmR-pqqH,agmR,pqqH,+,Strong
PA2206-PA0472,PA2206,PA0472,?,Strong
PA2206-femI,PA2206,femI,?,Strong
PA2206-pvdS,PA2206,pvdS,?,Strong
clpP1-algU,clpP1,algU,-,Strong
vfr-lasR,vfr,lasR,+,Strong
vfr-exsA,vfr,exsA,+,Strong
vfr-cpdA,vfr,cpdA,+,Strong
vfr-ptxR,vfr,ptxR,+,Strong
vfr-algR,vfr,algR,+,Strong
vfr-fleQ,vfr,fleQ,-,Strong
vfr-eta,vfr,eta,+,Strong
vfr-rhlR,vfr,rhlR,+,Strong
vfr-toxR,vfr,toxR,+,Strong
vfr-amrZ,vfr,amrZ,+,Strong
vfr-vfr,vfr,vfr,+,Strong
PA2657-rhlA,PA2657,rhlA,+,Strong
PA2657-rhlB,PA2657,rhlB,+,Strong
PA2657-pqsA,PA2657,pqsA,+,Strong
PA2657-phnA,PA2657,phnA,+,Strong
PA5471-mexZ,PA5471,mexZ,-,Strong
PA5471-mexX,PA5471,mexX,+,Strong
PA5471-algD,PA5471,algD,+,Strong
PA5471-mexY,PA5471,mexY,+,Strong
roxS-ccoO1,roxS,ccoO1,+,Strong
roxS-ccoN2,roxS,ccoN2,+,Strong
roxS-ccoN1,roxS,ccoN1,+,Strong
roxS-coIII,roxS,coIII,+,Strong
roxS-coxA,roxS,coxA,+,Strong
roxS-cioA,roxS,cioA,+,Strong
roxS-cioB,roxS,cioB,+,Strong
roxS-cyoD,roxS,cyoD,+,Strong
roxS-ccoQ2,roxS,ccoQ2,+,Strong
roxS-ccoQ1,roxS,ccoQ1,+,Strong
roxS-ccoO2,roxS,ccoO2,+,Strong
roxS-coxB,roxS,coxB,+,Strong
roxS-PA0107,roxS,PA0107,+,Strong
roxS-cyoC,roxS,cyoC,+,Strong
roxS-cyoB,roxS,cyoB,+,Strong
roxS-cyoA,roxS,cyoA,+,Strong
roxS-ccoP1,roxS,ccoP1,+,Strong
roxS-ccoP2,roxS,ccoP2,+,Strong
roxS-cyoE2,roxS,cyoE2,+,Strong
roxR-ccoO1,roxR,ccoO1,+,Strong
roxR-ccoN2,roxR,ccoN2,+,Strong
roxR-ccoN1,roxR,ccoN1,+,Strong
roxR-coIII,roxR,coIII,+,Strong
roxR-coxA,roxR,coxA,+,Strong
roxR-cioA,roxR,cioA,+,Strong
roxR-cioB,roxR,cioB,+,Strong
roxR-cyoD,roxR,cyoD,+,Strong
roxR-ccoQ2,roxR,ccoQ2,+,Strong
roxR-ccoQ1,roxR,ccoQ1,+,Strong
roxR-ccoO2,roxR,ccoO2,+,Strong
roxR-coxB,roxR,coxB,+,Strong
roxR-PA0107,roxR,PA0107,+,Strong
roxR-cyoC,roxR,cyoC,+,Strong
roxR-cyoB,roxR,cyoB,+,Strong
roxR-cyoA,roxR,cyoA,+,Strong
roxR-ccoP1,roxR,ccoP1,+,Strong
roxR-ccoP2,roxR,ccoP2,+,Strong
roxR-cyoE2,roxR,cyoE2,+,Strong
oxyR-pvdS,oxyR,pvdS,?,Strong
fhpR-hmp,fhpR,hmp,+,Strong
fhpR-fhpR,fhpR,fhpR,-,Strong
PA4354-xenB,PA4354,xenB,+,Strong
PA4354-PA4355,PA4354,PA4355,+,Strong
PA4354-PA4354,PA4354,PA4354,+,Strong
PA2010-hmgA,PA2010,hmgA,-,Strong
PA0149-PA2384,PA0149,PA2384,?,Strong
pchR-PA3836,pchR,PA3836,?,Strong
pchR-PA3835,pchR,PA3835,?,Strong
pchR-PA5088,pchR,PA5088,?,Strong
pchR-PA3691,pchR,PA3691,?,Strong
pchR-PA0042,pchR,PA0042,?,Strong
pchR-PA5087,pchR,PA5087,?,Strong
pchR-PA4139,pchR,PA4139,?,Strong
pchR-dusA,pchR,dusA,?,Strong
pchR-PA3327,pchR,PA3327,?,Strong
pchR-PA3520,pchR,PA3520,?,Strong
pchR-rsmY,pchR,rsmY,?,Strong
pchR-wbpG,pchR,wbpG,?,Strong
pchR-phzD1,pchR,phzD1,?,Strong
pchR-wbpH,pchR,wbpH,?,Strong
pchR-wzz,pchR,wzz,?,Strong
pchR-hisF2,pchR,hisF2,?,Strong
pchR-wbpM,pchR,wbpM,?,Strong
pchR-phzF2,pchR,phzF2,?,Strong
pchR-phzB1,pchR,phzB1,?,Strong
pchR-PA2698,pchR,PA2698,?,Strong
pchR-hisH2,pchR,hisH2,?,Strong
pchR-phzE1,pchR,phzE1,?,Strong
pchR-acpP1,pchR,acpP1,?,Strong
pchR-phzH,pchR,phzH,?,Strong
pchR-PA3044,pchR,PA3044,?,Strong
pchR-PA3045,pchR,PA3045,?,Strong
pchR-PA0041a,pchR,PA0041a,?,Strong
pchR-PA3866,pchR,PA3866,?,Strong
pchR-PA0643,pchR,PA0643,?,Strong
pchR-rpoC,pchR,rpoC,?,Strong
pchR-phzA1,pchR,phzA1,?,Strong
pchR-PA4080,pchR,PA4080,?,Strong
pchR-PA4087,pchR,PA4087,?,Strong
pchR-PA3290,pchR,PA3290,?,Strong
pchR-algD,pchR,algD,?,Strong
pchR-bfrB,pchR,bfrB,?,Strong
pchR-fimV,pchR,fimV,?,Strong
pchR-phzG1,pchR,phzG1,?,Strong
pchR-PA0986,pchR,PA0986,?,Strong
pchR-PA2667,pchR,PA2667,?,Strong
pchR-phzC1,pchR,phzC1,?,Strong
pchR-PA1372,pchR,PA1372,?,Strong
pchR-PA5232,pchR,PA5232,?,Strong
pchR-PA0981,pchR,PA0981,?,Strong
pchR-arcD,pchR,arcD,?,Strong
pchR-PA3190,pchR,PA3190,?,Strong
pchR-PA0499,pchR,PA0499,?,Strong
pchR-PA0984,pchR,PA0984,?,Strong
pchR-arnB,pchR,arnB,?,Strong
atuR-atuD,atuR,atuD,-,Strong
atuR-atuE,atuR,atuE,-,Strong
atuR-atuF,atuR,atuF,-,Strong
atuR-atuG,atuR,atuG,-,Strong
atuR-atuA,atuR,atuA,-,Strong
atuR-atuB,atuR,atuB,-,Strong
atuR-atuC,atuR,atuC,-,Strong
atuR-atuH,atuR,atuH,-,Strong
pmrB-pmrA,pmrB,pmrA,+,Strong
pmrA-PA3559,pmrA,PA3559,+,Strong
pmrA-arnT,pmrA,arnT,+,Strong
pmrA-pmrB,pmrA,pmrB,+,Strong
pmrA-pmrA,pmrA,pmrA,+,Strong
pmrA-arnC,pmrA,arnC,+,Strong
pmrA-arnB,pmrA,arnB,+,Strong
pmrA-arnA,pmrA,arnA,+,Strong
pmrA-arnF,pmrA,arnF,+,Strong
pmrA-arnE,pmrA,arnE,+,Strong
pmrA-arnD,pmrA,arnD,+,Strong
mucC-algU,mucC,algU,-,Strong
mucB-algU,mucB,algU,-,Strong
mucA-algU,mucA,algU,+,Strong
mucD-algU,mucD,algU,-,Strong
exsD-exsA,exsD,exsA,-,Strong
exsE-exsC,exsE,exsC,-,Strong
exsC-exsD,exsC,exsD,-,Strong
exsA-PA0456,exsA,PA0456,?,Strong
exsA-pscJ,exsA,pscJ,+,Strong
exsA-pscK,exsA,pscK,+,Strong
exsA-pscH,exsA,pscH,+,Strong
exsA-pscI,exsA,pscI,+,Strong
exsA-pscL,exsA,pscL,+,Strong
exsA-pscB,exsA,pscB,+,Strong
exsA-pscC,exsA,pscC,+,Strong
exsA-pscF,exsA,pscF,+,Strong
exsA-pscG,exsA,pscG,+,Strong
exsA-pscD,exsA,pscD,+,Strong
exsA-pscE,exsA,pscE,+,Strong
exsA-exsD,exsA,exsD,+,Strong
exsA-exsE,exsA,exsE,+,Strong
exsA-exsB,exsA,exsB,+,Strong
exsA-exsC,exsA,exsC,+,Strong
exsA-exsA,exsA,exsA,+,Strong
exsA-pqsD,exsA,pqsD,?,Strong
exsA-pqsE,exsA,pqsE,?,Strong
exsA-pqsA,exsA,pqsA,?,Strong
exsA-pqsB,exsA,pqsB,?,Strong
exsA-pqsC,exsA,pqsC,?,Strong
exsA-PA3843,exsA,PA3843,+,Strong
exsA-orf1,exsA,orf1,+,Strong
exsA-surA,exsA,surA,?,Strong
exsA-PA2004,exsA,PA2004,?,Strong
exsA-exoT,exsA,exoT,+,Strong
exsA-exoS,exsA,exoS,+,Strong
bauR-bauD,bauR,bauD,+,Strong
bauR-bauA,bauR,bauA,+,Strong
bauR-bauB,bauR,bauB,+,Strong
bauR-bauC,bauR,bauC,+,Strong
bauR-bauR,bauR,bauR,+,Strong
bauR-PA1566,bauR,PA1566,+,Strong
PA4595-exsD,PA4595,exsD,-,Strong
PA4595-exsE,PA4595,exsE,-,Strong
PA4595-exsB,PA4595,exsB,-,Strong
PA4595-exsC,PA4595,exsC,-,Strong
PA4595-exsA,PA4595,exsA,-,Strong
PA4595-exoS,PA4595,exoS,-,Strong
PA4595-pscJ,PA4595,pscJ,-,Strong
PA4595-pscH,PA4595,pscH,-,Strong
PA4595-pscI,PA4595,pscI,-,Strong
PA4595-pscL,PA4595,pscL,-,Strong
PA4595-pscB,PA4595,pscB,-,Strong
PA4595-pscC,PA4595,pscC,-,Strong
PA4595-exoY,PA4595,exoY,-,Strong
PA4595-pscF,PA4595,pscF,-,Strong
PA4595-pscG,PA4595,pscG,-,Strong
PA4595-pscD,PA4595,pscD,-,Strong
PA4595-pscE,PA4595,pscE,-,Strong
PA4596-oprJ,PA4596,oprJ,-,Strong
PA4596-mexD,PA4596,mexD,-,Strong
PA4596-mexC,PA4596,mexC,-,Strong
trpI-trpB,trpI,trpB,+,Strong
trpI-trpA,trpI,trpA,+,Strong
PA4878-phoQ,PA4878,phoQ,-,Strong
PA4878-phoP,PA4878,phoP,-,Strong
PA4878-oprH,PA4878,oprH,-,Strong
PA4878-oprN,PA4878,oprN,+,Strong
PA4878-oprM,PA4878,oprM,+,Strong
PA4878-PA1875,PA4878,PA1875,+,Strong
PA4878-PA1874,PA4878,PA1874,+,Strong
PA4878-PA1877,PA4878,PA1877,+,Strong
PA4878-PA1876,PA4878,PA1876,+,Strong
PA4878-mexF,PA4878,mexF,+,Strong
PA4878-mexE,PA4878,mexE,+,Strong
PA4878-mexB,PA4878,mexB,+,Strong
PA4878-mexA,PA4878,mexA,+,Strong
deaD-exsA,deaD,exsA,+,Strong
algZ-algZ,algZ,algZ,-,Strong
algZ-alg8,algZ,alg8,+,Strong
algZ-exsA,algZ,exsA,-,Strong
algZ-fleQ,algZ,fleQ,-,Strong
algZ-algX,algZ,algX,+,Strong
algZ-alg44,algZ,alg44,+,Strong
algZ-algJ,algZ,algJ,+,Strong
algZ-algK,algZ,algK,+,Strong
algZ-algI,algZ,algI,+,Strong
algZ-algL,algZ,algL,+,Strong
algZ-algC,algZ,algC,+,Strong
algZ-algA,algZ,algA,+,Strong
algZ-algF,algZ,algF,+,Strong
algZ-algG,algZ,algG,+,Strong
algZ-algD,algZ,algD,+,Strong
algZ-algE,algZ,algE,+,Strong
algR-pilW,algR,pilW,+,Strong
algR-pilV,algR,pilV,+,Strong
algR-pilX,algR,pilX,+,Strong
algR-alc,algR,alc,?,Strong
algR-PA3325,algR,PA3325,?,Strong
algR-PA3774,algR,PA3774,?,Strong
algR-phzB1,algR,phzB1,?,Strong
algR-PA4735,algR,PA4735,?,Strong
algR-PA3676,algR,PA3676,?,Strong
algR-PA4676,algR,PA4676,?,Strong
algR-PA1819,algR,PA1819,+,Strong
algR-PA5152,algR,PA5152,+,Strong
algR-PA5153,algR,PA5153,+,Strong
algR-PA2867,algR,PA2867,?,Strong
algR-alg44,algR,alg44,+,Strong
algR-PA1333,algR,PA1333,?,Strong
algR-atpI,algR,atpI,?,Strong
algR-phzC1,algR,phzC1,?,Strong
algR-PA3761,algR,PA3761,?,Strong
algR-PA1736,algR,PA1736,?,Strong
algR-csrA,algR,csrA,+,Strong
algR-PA1159,algR,PA1159,?,Strong
algR-PA0277,algR,PA0277,?,Strong
algR-PA4019,algR,PA4019,?,Strong
algR-PA4654,algR,PA4654,?,Strong
algR-ldcA,algR,ldcA,+,Strong
algR-ampDh3,algR,ampDh3,?,Strong
algR-cobO,algR,cobO,?,Strong
algR-nrdA,algR,nrdA,+,Strong
algR-nrdB,algR,nrdB,+,Strong
algR-xcpT,algR,xcpT,?,Strong
algR-PA1727,algR,PA1727,+,Strong
algR-opgG,algR,opgG,?,Strong
algR-PA4392,algR,PA4392,?,Strong
algR-sigX,algR,sigX,?,Strong
algR-PA0839,algR,PA0839,?,Strong
algR-algZ,algR,algZ,-,Strong
algR-algX,algR,algX,+,Strong
algR-algR,algR,algR,+,Strong
algR-braZ,algR,braZ,+,Strong
algR-PA0263.1,algR,PA0263.1,?,Strong
algR-algJ,algR,algJ,+,Strong
algR-algK,algR,algK,+,Strong
algR-lasB,algR,lasB,?,Strong
algR-algI,algR,algI,+,Strong
algR-algL,algR,algL,+,Strong
algR-asd,algR,asd,?,Strong
algR-algC,algR,algC,+,Strong
algR-algA,algR,algA,+,Strong
algR-algF,algR,algF,+,Strong
algR-algG,algR,algG,+,Strong
algR-algD,algR,algD,+,Strong
algR-algE,algR,algE,+,Strong
algR-phzA1,algR,phzA1,?,Strong
algR-phzF2,algR,phzF2,?,Strong
algR-PA3572,algR,PA3572,?,Strong
algR-PrrF2,algR,PrrF2,+,Strong
algR-argB,algR,argB,+,Strong
algR-PA0947,algR,PA0947,?,Strong
algR-argG,algR,argG,-,Strong
algR-maeA,algR,maeA,?,Strong
algR-PA4340,algR,PA4340,?,Strong
algR-putP,algR,putP,?,Strong
algR-PA4171,algR,PA4171,?,Strong
algR-rcpC,algR,rcpC,?,Strong
algR-PA3535,algR,PA3535,?,Strong
algR-sstT,algR,sstT,+,Strong
algR-PA4570,algR,PA4570,?,Strong
algR-pvdS,algR,pvdS,-,Strong
algR-PA0456,algR,PA0456,?,Strong
algR-PA3934,algR,PA3934,+,Strong
algR-PA0691,algR,PA0691,?,Strong
algR-tonB,algR,tonB,?,Strong
algR-PA2523,algR,PA2523,+,Strong
algR-exsA,algR,exsA,+,Strong
algR-PA4475,algR,PA4475,?,Strong
algR-pqsD,algR,pqsD,?,Strong
algR-pqsE,algR,pqsE,?,Strong
algR-glyA2,algR,glyA2,?,Strong
algR-pqsA,algR,pqsA,?,Strong
algR-pqsB,algR,pqsB,?,Strong
algR-pqsC,algR,pqsC,?,Strong
algR-femI,algR,femI,?,Strong
algR-rhlB,algR,rhlB,-,Strong
algR-rhlA,algR,rhlA,-,Strong
algR-rlmF,algR,rlmF,?,Strong
algR-rhlI,algR,rhlI,-,Strong
algR-fliL,algR,fliL,?,Strong
algR-gdhA,algR,gdhA,-,Strong
algR-PA3740,algR,PA3740,?,Strong
algR-phzG1,algR,phzG1,?,Strong
algR-PA1107,algR,PA1107,?,Strong
algR-cat,algR,cat,?,Strong
algR-dnaA,algR,dnaA,?,Strong
algR-dnaE,algR,dnaE,?,Strong
algR-PA2301,algR,PA2301,?,Strong
algR-oprJ,algR,oprJ,?,Strong
algR-PA0328,algR,PA0328,+,Strong
algR-PA1131,algR,PA1131,?,Strong
algR-PA4320,algR,PA4320,?,Strong
algR-cyoA,algR,cyoA,?,Strong
algR-PA4357,algR,PA4357,?,Strong
algR-phzD1,algR,phzD1,?,Strong
algR-lip,algR,lip,-,Strong
algR-hcnA,algR,hcnA,-,Strong
algR-dsbE,algR,dsbE,?,Strong
algR-PA1287,algR,PA1287,?,Strong
algR-PA0703,algR,PA0703,?,Strong
algR-alg8,algR,alg8,+,Strong
algR-PA4948,algR,PA4948,?,Strong
algR-PA3067,algR,PA3067,?,Strong
algR-liuE,algR,liuE,?,Strong
algR-pyrG,algR,pyrG,?,Strong
algR-lap,algR,lap,?,Strong
algR-fimU,algR,fimU,+,Strong
algR-fimV,algR,fimV,?,Strong
algR-PA3722,algR,PA3722,?,Strong
algR-phzE1,algR,phzE1,?,Strong
algR-arcD,algR,arcD,+,Strong
algR-arcA,algR,arcA,+,Strong
algR-arcB,algR,arcB,+,Strong
algR-arcC,algR,arcC,+,Strong
algP-rhlR,algP,rhlR,-,Strong
algQ-lasR,algQ,lasR,-,Strong
algQ-rhlR,algQ,rhlR,-,Strong
algQ-rpoD,algQ,rpoD,-,Strong
algW-mucA,algW,mucA,+,Strong
algW-algD,algW,algD,+,Strong
algW-algU,algW,algU,+,Strong
algU-PA5121,algU,PA5121,+,Weak
algU-PA0880,algU,PA0880,+,Weak
algU-PA4308,algU,PA4308,+,Weak
algU-PA1743,algU,PA1743,+,Weak
algU-PA1745,algU,PA1745,+,Weak
algU-PA1744,algU,PA1744,+,Weak
algU-katE,algU,katE,+,Weak
algU-PA3962,algU,PA3962,+,Weak
algU-PA5492.1,algU,PA5492.1,+,Strong
algU-PA3459,algU,PA3459,+,Weak
algU-PA3458,algU,PA3458,+,Weak
algU-PA2108,algU,PA2108,+,Weak
algU-PA3793,algU,PA3793,+,Weak
algU-PA3794,algU,PA3794,+,Weak
algU-PA3795,algU,PA3795,+,Weak
algU-PA4017,algU,PA4017,+,Weak
algU-PA2546,algU,PA2546,+,Weak
algU-PA2815,algU,PA2815,+,Weak
algU-PA3819,algU,PA3819,+,Strong
algU-PA1324,algU,PA1324,+,Weak
algU-PA4881,algU,PA4881,+,Weak
algU-PA4880,algU,PA4880,+,Weak
algU-PA0598,algU,PA0598,+,Weak
algU-rpoH,algU,rpoH,+,Strong
algU-PA3076,algU,PA3076,+,Weak
algU-gltR,algU,gltR,?,Strong
algU-gcvT2,algU,gcvT2,+,Weak
algU-PA3274,algU,PA3274,+,Weak
algU-PA3270,algU,PA3270,+,Weak
algU-PA3273,algU,PA3273,+,Weak
algU-PA3177,algU,PA3177,+,Weak
algU-PA4345,algU,PA4345,+,Weak
algU-fbp,algU,fbp,+,Weak
algU-PA4343,algU,PA4343,+,Weak
algU-PA5246,algU,PA5246,+,Weak
algU-PA0377,algU,PA0377,+,Weak
algU-PA3004,algU,PA3004,+,Weak
algU-PA3001,algU,PA3001,+,Weak
algU-cbrB,algU,cbrB,?,Strong
algU-PA2367,algU,PA2367,+,Weak
algU-amrZ,algU,amrZ,+,Strong
algU-clpB,algU,clpB,+,Weak
algU-PA3856,algU,PA3856,+,Weak
algU-PA0329,algU,PA0329,+,Weak
algU-PA2417,algU,PA2417,+,Weak
algU-tal,algU,tal,+,Strong
algU-osmE,algU,osmE,+,Weak
algU-PA2583,algU,PA2583,+,Weak
algU-purN,algU,purN,+,Weak
algU-PA1605,algU,PA1605,+,Weak
algU-PA2152,algU,PA2152,+,Weak
algU-PA0137,algU,PA0137,+,Weak
algU-PA0136,algU,PA0136,+,Weak
algU-PA0134,algU,PA0134,+,Weak
algU-phnC2,algU,phnC2,+,Weak
algU-PA1958,algU,PA1958,+,Weak
algU-PA1957,algU,PA1957,+,Weak
algU-PA0138,algU,PA0138,+,Weak
algU-vfr,algU,vfr,?,Strong
algU-poxB,algU,poxB,+,Weak
algU-PA4639,algU,PA4639,+,Weak
algU-ruvB,algU,ruvB,+,Weak
algU-PA0856,algU,PA0856,+,Strong
algU-PA1288,algU,PA1288,+,Weak
algU-mutM,algU,mutM,+,Weak
algU-PA3042,algU,PA3042,+,Weak
algU-PA3040,algU,PA3040,+,Weak
algU-PA3041,algU,PA3041,+,Weak
algU-alg44,algU,alg44,+,Strong
algU-PA4313,algU,PA4313,+,Weak
algU-PA4312,algU,PA4312,+,Weak
algU-PA4311,algU,PA4311,+,Weak
algU-ftsE,algU,ftsE,+,Weak
algU-fleQ,algU,fleQ,-,Strong
algU-ftsY,algU,ftsY,+,Weak
algU-ftsX,algU,ftsX,+,Weak
algU-phuR,algU,phuR,+,Strong
algU-lolD,algU,lolD,+,Weak
algU-PA2896,algU,PA2896,?,Weak
algU-PA2895,algU,PA2895,+,Weak
algU-PA3952,algU,PA3952,+,Strong
algU-PA5473,algU,PA5473,+,Weak
algU-PA5472,algU,PA5472,+,Weak
algU-PA1170,algU,PA1170,+,Weak
algU-PA3460,algU,PA3460,+,Weak
algU-PA3461,algU,PA3461,+,Weak
algU-mrcB,algU,mrcB,+,Weak
algU-sltB1,algU,sltB1,+,Weak
algU-blc,algU,blc,+,Weak
algU-PA0071,algU,PA0071,+,Weak
algU-PA2559,algU,PA2559,+,Weak
algU-PA0371,algU,PA0371,+,Weak
algU-PA0370,algU,PA0370,+,Weak
algU-PA0372,algU,PA0372,+,Weak
algU-PA2365,algU,PA2365,+,Weak
algU-PA2366,algU,PA2366,+,Weak
algU-uppP,algU,uppP,+,Weak
algU-PA2368,algU,PA2368,+,Weak
algU-PA2369,algU,PA2369,+,Weak
algU-PA2414,algU,PA2414,+,Weak
algU-PA2415,algU,PA2415,+,Weak
algU-PA2164,algU,PA2164,+,Weak
algU-PA2162,algU,PA2162,+,Weak
algU-PA2163,algU,PA2163,+,Weak
algU-PA2160,algU,PA2160,+,Weak
algU-PA2161,algU,PA2161,+,Weak
algU-argB,algU,argB,+,Weak
algU-PA2169,algU,PA2169,+,Weak
algU-PA4172,algU,PA4172,+,Weak
algU-PA4171,algU,PA4171,+,Weak
algU-PA4170,algU,PA4170,+,Weak
algU-pgk,algU,pgk,+,Weak
algU-PA3734,algU,PA3734,+,Weak
algU-PA2526,algU,PA2526,+,Weak
algU-PA2527,algU,PA2527,+,Weak
algU-PA2525,algU,PA2525,+,Weak
algU-PA2528,algU,PA2528,+,Weak
algU-ppyR,algU,ppyR,?,Strong
algU-PA1857,algU,PA1857,+,Weak
algU-kinB,algU,kinB,?,Strong
algU-treA,algU,treA,+,Weak
algU-PA2706,algU,PA2706,+,Weak
algU-PA2704,algU,PA2704,+,Weak
algU-PA2705,algU,PA2705,+,Weak
algU-PA0962,algU,PA0962,+,Weak
algU-PA1323,algU,PA1323,+,Weak
algU-PA3012,algU,PA3012,+,Weak
algU-PA0805,algU,PA0805,+,Weak
algU-PA2986,algU,PA2986,+,Weak
algU-PA5109,algU,PA5109,+,Weak
algU-PA5108,algU,PA5108,+,Weak
algU-anr,algU,anr,?,Strong
algU-PA4458,algU,PA4458,+,Weak
algU-galU,algU,galU,+,Weak
algU-clsB,algU,clsB,+,Weak
algU-PA4698,algU,PA4698,+,Weak
algU-PA4699,algU,PA4699,+,Weak
algU-PA2798,algU,PA2798,+,Weak
algU-PA2797,algU,PA2797,+,Weak
algU-PA0333,algU,PA0333,+,Weak
algU-PA0332,algU,PA0332,+,Weak
algU-PA2883,algU,PA2883,+,Weak
algU-kguD,algU,kguD,+,Weak
algU-kguK,algU,kguK,+,Weak
algU-surA,algU,surA,+,Weak
algU-PA5037,algU,PA5037,+,Weak
algU-PA1615,algU,PA1615,+,Weak
algU-PA1616,algU,PA1616,+,Weak
algU-ku,algU,ku,+,Weak
algU-PA4033,algU,PA4033,+,Strong
algU-nalD,algU,nalD,+,Weak
algU-PA2751,algU,PA2751,+,Weak
algU-acnA,algU,acnA,+,Weak
algU-PA3204,algU,PA3204,+,Weak
algU-PA3203,algU,PA3203,+,Weak
algU-nagZ,algU,nagZ,+,Weak
algU-PA5245,algU,PA5245,+,Weak
algU-pfpI,algU,pfpI,+,Weak
algU-osmC,algU,osmC,+,Strong
algU-PA4788,algU,PA4788,+,Weak
algU-PA4786,algU,PA4786,+,Weak
algU-PA0567,algU,PA0567,+,Weak
algU-PA3649,algU,PA3649,+,Weak
algU-adcA,algU,adcA,+,Weak
algU-PA3762,algU,PA3762,+,Weak
algU-PA3888,algU,PA3888,+,Weak
algU-PA3889,algU,PA3889,+,Weak
algU-csrA,algU,csrA,+,Strong
algU-dksA,algU,dksA,+,Strong
algU-PA5146,algU,PA5146,+,Weak
algU-PA5148,algU,PA5148,+,Weak
algU-PA4713,algU,PA4713,+,Weak
algU-aroB,algU,aroB,+,Weak
algU-PA4717,algU,PA4717,+,Weak
algU-PA4714,algU,PA4714,+,Weak
algU-ppgL,algU,ppgL,+,Weak
algU-PA2754,algU,PA2754,+,Weak
algU-PA1408,algU,PA1408,+,Weak
algU-PA4394,algU,PA4394,+,Weak
algU-PA0833,algU,PA0833,+,Weak
algU-PA4390,algU,PA4390,+,Weak
algU-lasR,algU,lasR,?,Strong
algU-PA2884,algU,PA2884,+,Weak
algU-PA3940,algU,PA3940,+,Weak
algU-PA2881,algU,PA2881,+,Weak
algU-PA3945,algU,PA3945,+,Weak
algU-PA2882,algU,PA2882,+,Weak
algU-PA3378,algU,PA3378,+,Weak
algU-PA3379,algU,PA3379,+,Weak
algU-PA2281,algU,PA2281,+,Weak
algU-PA3374,algU,PA3374,+,Weak
algU-PA5566,algU,PA5566,+,Weak
algU-PA3376,algU,PA3376,+,Weak
algU-PA3377,algU,PA3377,+,Weak
algU-PA3372,algU,PA3372,+,Weak
algU-nhaP,algU,nhaP,+,Weak
algU-pcaC,algU,pcaC,+,Weak
algU-PA1659,algU,PA1659,+,Weak
algU-PA1658,algU,PA1658,+,Weak
algU-PA1657,algU,PA1657,+,Weak
algU-PA1656,algU,PA1656,+,Weak
algU-PA0061,algU,PA0061,+,Weak
algU-PA0060,algU,PA0060,+,Weak
algU-PA0062,algU,PA0062,+,Weak
algU-PA3375,algU,PA3375,+,Weak
algU-mucC,algU,mucC,+,Weak
algU-mucB,algU,mucB,+,Strong
algU-mucA,algU,mucA,+,Strong
algU-mucD,algU,mucD,+,Weak
algU-PA2371,algU,PA2371,+,Weak
algU-PA2370,algU,PA2370,+,Weak
algU-PA2175,algU,PA2175,+,Weak
algU-PA2177,algU,PA2177,?,Strong
algU-PA2176,algU,PA2176,+,Weak
algU-PA2172,algU,PA2172,+,Weak
algU-PA4842,algU,PA4842,+,Weak
algU-PA4841,algU,PA4841,+,Weak
algU-PA1832,algU,PA1832,+,Weak
algU-PA0886,algU,PA0886,+,Weak
algU-PA0885,algU,PA0885,+,Weak
algU-PA0884,algU,PA0884,+,Weak
algU-PA1578,algU,PA1578,+,Weak
algU-PA1579,algU,PA1579,+,Weak
algU-PA0881,algU,PA0881,+,Weak
algU-PA1270,algU,PA1270,+,Weak
algU-PA1577,algU,PA1577,+,Weak
algU-PA1571,algU,PA1571,+,Weak
algU-PA1572,algU,PA1572,+,Weak
algU-PA1573,algU,PA1573,+,Weak
algU-mutY,algU,mutY,+,Weak
algU-PA5212,algU,PA5212,+,Weak
algU-PA3094,algU,PA3094,+,Weak
algU-ptxR,algU,ptxR,+,Weak
algU-PA3093,algU,PA3093,+,Weak
algU-davD,algU,davD,+,Weak
algU-PA0597,algU,PA0597,+,Weak
algU-PA0596,algU,PA0596,+,Weak
algU-PA3256,algU,PA3256,+,Weak
algU-glgA,algU,glgA,+,Weak
algU-glgB,algU,glgB,+,Weak
algU-glgE,algU,glgE,+,Weak
algU-glgP,algU,glgP,+,Weak
algU-fabA,algU,fabA,+,Weak
algU-fabB,algU,fabB,+,Weak
algU-ivy,algU,ivy,+,Strong
algU-gpsA,algU,gpsA,+,Weak
algU-PA2988,algU,PA2988,+,Weak
algU-gpmI,algU,gpmI,+,Weak
algU-PA3612,algU,PA3612,+,Weak
algU-PA3611,algU,PA3611,+,Weak
algU-PA0878,algU,PA0878,+,Weak
algU-PA0879,algU,PA0879,+,Weak
algU-PA4923,algU,PA4923,+,Weak
algU-dsbA,algU,dsbA,+,Weak
algU-pqqH,algU,pqqH,+,Weak
algU-PA5488,algU,PA5488,+,Weak
algU-PA5526,algU,PA5526,+,Weak
algU-PA5487,algU,PA5487,+,Weak
algU-PA4338,algU,PA4338,+,Weak
algU-PA5181.1,algU,PA5181.1,?,Strong
algU-PA1594,algU,PA1594,+,Weak
algU-PA1592,algU,PA1592,+,Strong
algU-PA1593,algU,PA1593,+,Weak
algU-lptF,algU,lptF,+,Strong
algU-lptA,algU,lptA,+,Strong
algU-lptB,algU,lptB,+,Strong
algU-PA0309,algU,PA0309,+,Weak
algU-PA0658,algU,PA0658,+,Weak
algU-pilO,algU,pilO,+,Weak
algU-mreB,algU,mreB,+,Weak
algU-mreC,algU,mreC,+,Weak
algU-mreD,algU,mreD,+,Weak
algU-PA2135,algU,PA2135,+,Weak
algU-PA0157,algU,PA0157,+,Weak
algU-PA0156,algU,PA0156,+,Weak
algU-PA0158,algU,PA0158,+,Weak
algU-oprF,algU,oprF,+,Strong
algU-rnd,algU,rnd,+,Weak
algU-mifR,algU,mifR,+,Weak
algU-mifS,algU,mifS,+,Weak
algU-PA5258,algU,PA5258,+,Weak
algU-PA4877,algU,PA4877,+,Weak
algU-PA4874,algU,PA4874,+,Weak
algU-sotB,algU,sotB,+,Weak
algU-PA4879,algU,PA4879,+,Weak
algU-phnE,algU,phnE,+,Weak
algU-phnN,algU,phnN,+,Weak
algU-alg8,algU,alg8,+,Strong
algU-PA3891,algU,PA3891,+,Weak
algU-PA3890,algU,PA3890,+,Weak
algU-PA3710,algU,PA3710,+,Weak
algU-PA3069,algU,PA3069,+,Weak
algU-PA1870,algU,PA1870,+,Weak
algU-opgG,algU,opgG,+,Weak
algU-PA3262,algU,PA3262,+,Strong
algU-algZ,algU,algZ,+,Strong
algU-algX,algU,algX,+,Strong
algU-algR,algU,algR,+,Strong
algU-algU,algU,algU,+,Strong
algU-algJ,algU,algJ,+,Strong
algU-algK,algU,algK,+,Strong
algU-algI,algU,algI,+,Strong
algU-algL,algU,algL,+,Strong
algU-algB,algU,algB,+,Strong
algU-algC,algU,algC,+,Strong
algU-algA,algU,algA,+,Strong
algU-algF,algU,algF,+,Strong
algU-algG,algU,algG,+,Strong
algU-algD,algU,algD,+,Strong
algU-algE,algU,algE,+,Strong
algU-bolA,algU,bolA,+,Strong
algU-PA0943,algU,PA0943,+,Weak
algU-PA2485,algU,PA2485,+,Weak
algU-PA2484,algU,PA2484,+,Weak
algU-PA2486,algU,PA2486,+,Weak
algU-ppk,algU,ppk,+,Weak
algU-pvdH,algU,pvdH,+,Weak
algU-PA1053,algU,PA1053,+,Strong
algU-PA4575,algU,PA4575,+,Weak
algU-PA5514,algU,PA5514,+,Weak
algU-PA1111,algU,PA1111,+,Weak
algU-PA1116,algU,PA1116,+,Weak
algU-PA1114,algU,PA1114,+,Weak
algU-PA1115,algU,PA1115,+,Weak
algU-PA0356,algU,PA0356,+,Weak
algU-PA0354,algU,PA0354,+,Weak
algU-PA2434,algU,PA2434,+,Weak
algU-pckA,algU,pckA,+,Weak
algU-PA2433,algU,PA2433,+,Weak
algU-PA0681,algU,PA0681,+,Weak
algU-PA0682,algU,PA0682,+,Weak
algU-PA5291,algU,PA5291,+,Strong
algU-PA5290,algU,PA5290,+,Weak
algU-PA5428,algU,PA5428,+,Weak
algU-PA2143,algU,PA2143,+,Weak
algU-PA2146,algU,PA2146,+,Weak
algU-PA2148,algU,PA2148,+,Weak
algU-PA2149,algU,PA2149,+,Weak
algU-PA2265,algU,PA2265,+,Weak
algU-azu,algU,azu,+,Weak
algU-PA0537,algU,PA0537,+,Weak
algU-PA0536,algU,PA0536,+,Weak
algU-PA3691,algU,PA3691,+,Weak
algU-PA3992,algU,PA3992,+,Weak
algU-PA3386,algU,PA3386,+,Weak
algU-PA3381,algU,PA3381,+,Weak
algU-PA3380,algU,PA3380,+,Weak
algU-PA3383,algU,PA3383,+,Weak
algU-sdaA,algU,sdaA,+,Weak
algU-pyrR,algU,pyrR,?,Strong
algU-PA1833,algU,PA1833,+,Weak
algU-PA0225,algU,PA0225,+,Weak
algU-PA3039,algU,PA3039,+,Weak
algU-PA0883,algU,PA0883,+,Weak
algU-PA1295,algU,PA1295,+,Weak
algU-PA3031,algU,PA3031,+,Weak
algU-PA0882,algU,PA0882,+,Weak
algB-algD,algB,algD,+,Strong
acoR-acoB,acoR,acoB,+,Strong
acoR-PA4148,acoR,PA4148,+,Strong
acoR-PA4149,acoR,PA4149,+,Strong
acoR-PA4150,acoR,PA4150,+,Strong
acoR-PA4153,acoR,PA4153,+,Strong
acoR-PA4152,acoR,PA4152,+,Strong
dauR-dauR,dauR,dauR,-,Strong
dauR-dauB,dauR,dauB,-,Strong
dauR-dauA,dauR,dauA,-,Strong
erdR-acsA1,erdR,acsA1,+,Strong
PA5295-pslO,PA5295,pslO,-,Strong
PA5295-pslA,PA5295,pslA,-,Strong
PA5295-pelA,PA5295,pelA,-,Strong
PA5295-pelB,PA5295,pelB,-,Strong
rocA1-cupC1,rocA1,cupC1,+,Strong
rocA1-cupB1,rocA1,cupB1,+,Strong
lrp-lrp,lrp,lrp,+,Strong
lrp-dadA1,lrp,dadA1,+,Strong
lrp-dadX,lrp,dadX,+,Strong
cyaB-exsA,cyaB,exsA,+,Strong
PA0367-calB,PA0367,calB,-,Strong
PA0367-PA0365,PA0367,PA0365,-,Strong
PA0367-PA0364,PA0367,PA0364,-,Strong
sigX-PA3972,sigX,PA3972,+,Weak
sigX-PA1096,sigX,PA1096,+,Weak
sigX-PA1093,sigX,PA1093,+,Weak
sigX-mexH,sigX,mexH,+,Weak
sigX-nirS,sigX,nirS,+,Weak
sigX-aspC,sigX,aspC,+,Weak
sigX-PA4132,sigX,PA4132,?,Strong
sigX-PA4131,sigX,PA4131,+,Weak
sigX-PA0418,sigX,PA0418,+,Weak
sigX-pvdD,sigX,pvdD,+,Weak
sigX-PA1942,sigX,PA1942,+,Weak
sigX-PA3327,sigX,PA3327,+,Weak
sigX-PA5462,sigX,PA5462,+,Weak
sigX-bioA,sigX,bioA,+,Weak
sigX-PA3284,sigX,PA3284,+,Weak
sigX-PA3285,sigX,PA3285,+,Weak
sigX-PA3286,sigX,PA3286,+,Weak
sigX-nirN,sigX,nirN,+,Weak
sigX-PA0256,sigX,PA0256,+,Weak
sigX-PA3281,sigX,PA3281,+,Weak
sigX-PA3282,sigX,PA3282,+,Weak
sigX-PA3328,sigX,PA3328,+,Weak
sigX-popB,sigX,popB,+,Weak
sigX-PA3517,sigX,PA3517,+,Weak
sigX-pntAB,sigX,pntAB,+,Weak
sigX-gmhB,sigX,gmhB,+,Weak
sigX-PA3595,sigX,PA3595,+,Weak
sigX-cmpX,sigX,cmpX,+,Weak
sigX-mexB,sigX,mexB,+,Weak
sigX-PA2560,sigX,PA2560,+,Weak
sigX-hvn,sigX,hvn,+,Weak
sigX-PA2566,sigX,PA2566,+,Weak
sigX-PA1500,sigX,PA1500,+,Weak
sigX-PA3912,sigX,PA3912,+,Weak
sigX-PA2565,sigX,PA2565,+,Weak
sigX-PA5464,sigX,PA5464,+,Weak
sigX-PA2777,sigX,PA2777,+,Weak
sigX-mexA,sigX,mexA,+,Weak
sigX-PA3871,sigX,PA3871,+,Weak
sigX-rplC,sigX,rplC,+,Weak
sigX-PA4625,sigX,PA4625,+,Weak
sigX-PA4624,sigX,PA4624,+,Weak
sigX-mexZ,sigX,mexZ,?,Strong
sigX-folC,sigX,folC,+,Weak
sigX-oprM,sigX,oprM,+,Weak
sigX-PA4620,sigX,PA4620,+,Weak
sigX-PA2211,sigX,PA2211,+,Weak
sigX-hmuV,sigX,hmuV,+,Weak
sigX-oprG,sigX,oprG,+,Weak
sigX-PA4781,sigX,PA4781,?,Strong
sigX-PA4782,sigX,PA4782,+,Weak
sigX-PA4783,sigX,PA4783,+,Weak
sigX-PA0248,sigX,PA0248,+,Weak
sigX-atpH,sigX,atpH,+,Weak
sigX-PA3865.1,sigX,PA3865.1,+,Weak
sigX-PA3808,sigX,PA3808,+,Weak
sigX-mexI,sigX,mexI,+,Weak
sigX-atpC,sigX,atpC,+,Weak
sigX-PA5463,sigX,PA5463,+,Weak
sigX-atpA,sigX,atpA,+,Weak
sigX-PA5461,sigX,PA5461,+,Weak
sigX-atpG,sigX,atpG,+,Weak
sigX-atpF,sigX,atpF,+,Weak
sigX-atpE,sigX,atpE,+,Weak
sigX-atpD,sigX,atpD,+,Weak
sigX-PA4455,sigX,PA4455,+,Weak
sigX-pilA,sigX,pilA,+,Weak
sigX-rpsQ,sigX,rpsQ,+,Weak
sigX-aer,sigX,aer,+,Weak
sigX-PA3459,sigX,PA3459,+,Weak
sigX-PA3458,sigX,PA3458,?,Strong
sigX-nirD,sigX,nirD,+,Weak
sigX-PA1530,sigX,PA1530,+,Weak
sigX-ftsL,sigX,ftsL,+,Weak
sigX-PA3762,sigX,PA3762,+,Weak
sigX-pmtA,sigX,pmtA,+,Weak
sigX-pncB1,sigX,pncB1,+,Weak
sigX-PA3110,sigX,PA3110,+,Weak
sigX-PA5519,sigX,PA5519,+,Weak
sigX-PA0454,sigX,PA0454,+,Weak
sigX-aguR,sigX,aguR,?,Strong
sigX-phuS,sigX,phuS,+,Weak
sigX-rpsA,sigX,rpsA,+,Weak
sigX-phzC1,sigX,phzC1,+,Weak
sigX-phuW,sigX,phuW,+,Weak
sigX-PA4657,sigX,PA4657,+,Weak
sigX-phuU,sigX,phuU,+,Weak
sigX-phuT,sigX,phuT,+,Weak
sigX-rplV,sigX,rplV,+,Weak
sigX-rplW,sigX,rplW,+,Weak
sigX-tolQ,sigX,tolQ,+,Weak
sigX-exsB,sigX,exsB,+,Weak
sigX-rplP,sigX,rplP,+,Weak
sigX-rplN,sigX,rplN,+,Weak
sigX-PA3819,sigX,PA3819,+,Weak
sigX-PA2541,sigX,PA2541,+,Weak
sigX-PA0107,sigX,PA0107,+,Weak
sigX-kefB,sigX,kefB,+,Weak
sigX-tolB,sigX,tolB,+,Weak
sigX-tolA,sigX,tolA,+,Weak
sigX-rplE,sigX,rplE,+,Weak
sigX-rplB,sigX,rplB,+,Weak
sigX-PA5510,sigX,PA5510,+,Weak
sigX-lipA,sigX,lipA,+,Weak
sigX-lysS,sigX,lysS,+,Weak
sigX-PA4899,sigX,PA4899,+,Weak
sigX-fabB,sigX,fabB,+,Weak
sigX-PA2692,sigX,PA2692,+,Weak
sigX-PA3460,sigX,PA3460,+,Weak
sigX-PA3461,sigX,PA3461,+,Weak
sigX-PA4881,sigX,PA4881,+,Weak
sigX-rbfA,sigX,rbfA,+,Weak
sigX-PA3899,sigX,PA3899,?,Strong
sigX-PA2462,sigX,PA2462,+,Weak
sigX-roxS,sigX,roxS,?,Strong
sigX-PA5517,sigX,PA5517,+,Weak
sigX-PA3267,sigX,PA3267,+,Weak
sigX-PA0834,sigX,PA0834,+,Weak
sigX-PA2215,sigX,PA2215,+,Weak
sigX-PA3109,sigX,PA3109,+,Weak
sigX-aroP1,sigX,aroP1,+,Weak
sigX-sigX,sigX,sigX,?,Weak
sigX-oprD,sigX,oprD,+,Weak
sigX-tyrS2,sigX,tyrS2,+,Weak
sigX-lasR,sigX,lasR,?,Strong
sigX-PA5440,sigX,PA5440,?,Strong
sigX-PA2950,sigX,PA2950,+,Weak
sigX-PA5174,sigX,PA5174,+,Weak
sigX-pscD,sigX,pscD,+,Weak
sigX-PA2881,sigX,PA2881,+,Weak
sigX-PA2882,sigX,PA2882,+,Weak
sigX-algJ,sigX,algJ,+,Weak
sigX-PA1499,sigX,PA1499,+,Weak
sigX-pscF,sigX,pscF,+,Weak
sigX-PA2405,sigX,PA2405,+,Weak
sigX-PA0502,sigX,PA0502,+,Weak
sigX-lasI,sigX,lasI,+,Weak
sigX-PA3822,sigX,PA3822,+,Weak
sigX-algF,sigX,algF,+,Weak
sigX-PA3081,sigX,PA3081,+,Weak
sigX-lptA,sigX,lptA,+,Weak
sigX-coxA,sigX,coxA,+,Weak
sigX-lpxA,sigX,lpxA,+,Weak
sigX-PA2410,sigX,PA2410,+,Weak
sigX-rpoA,sigX,rpoA,+,Weak
sigX-PA1659,sigX,PA1659,+,Weak
sigX-PA1658,sigX,PA1658,+,Weak
sigX-PA0346,sigX,PA0346,+,Weak
sigX-PA3331,sigX,PA3331,+,Weak
sigX-PA1848,sigX,PA1848,+,Weak
sigX-PA0942,sigX,PA0942,+,Weak
sigX-PrrF1,sigX,PrrF1,?,Strong
sigX-aroQ1,sigX,aroQ1,+,Weak
sigX-bioB,sigX,bioB,+,Weak
sigX-glyS,sigX,glyS,+,Weak
sigX-narK1,sigX,narK1,+,Weak
sigX-glyQ,sigX,glyQ,+,Weak
sigX-PA1196,sigX,PA1196,?,Strong
sigX-bioD,sigX,bioD,+,Weak
sigX-PA2486,sigX,PA2486,+,Weak
sigX-pntB,sigX,pntB,+,Weak
sigX-pvdL,sigX,pvdL,+,Weak
sigX-rpsL,sigX,rpsL,+,Weak
sigX-pvdJ,sigX,pvdJ,+,Weak
sigX-rpsJ,sigX,rpsJ,+,Weak
sigX-rpsI,sigX,rpsI,+,Weak
sigX-PA1053,sigX,PA1053,+,Weak
sigX-pscK,sigX,pscK,+,Weak
sigX-PA5518,sigX,PA5518,+,Weak
sigX-pscI,sigX,pscI,+,Weak
sigX-rpsS,sigX,rpsS,+,Weak
sigX-pscL,sigX,pscL,+,Weak
sigX-pscB,sigX,pscB,+,Weak
sigX-pscC,sigX,pscC,+,Weak
sigX-PA0690,sigX,PA0690,+,Weak
sigX-PA0691,sigX,PA0691,+,Weak
sigX-PA0102,sigX,PA0102,+,Weak
sigX-PA0697,sigX,PA0697,+,Weak
sigX-PA2072,sigX,PA2072,+,Weak
sigX-pscE,sigX,pscE,+,Weak
sigX-PA2409,sigX,PA2409,+,Weak
sigX-exsD,sigX,exsD,+,Weak
sigX-exsE,sigX,exsE,+,Weak
sigX-phzF1,sigX,phzF1,+,Weak
sigX-exsC,sigX,exsC,+,Weak
sigX-PA1662,sigX,PA1662,+,Weak
sigX-exsA,sigX,exsA,+,Weak
sigX-PA0469,sigX,PA0469,+,Weak
sigX-PA2403,sigX,PA2403,+,Weak
sigX-PA2402,sigX,PA2402,+,Weak
sigX-accA,sigX,accA,+,Weak
sigX-PA2404,sigX,PA2404,+,Weak
sigX-accC,sigX,accC,+,Weak
sigX-accB,sigX,accB,+,Weak
sigX-pdxA2,sigX,pdxA2,+,Weak
sigX-PA2406,sigX,PA2406,+,Weak
sigX-pykF,sigX,pykF,+,Weak
sigX-pqsA,sigX,pqsA,+,Weak
sigX-bioF,sigX,bioF,+,Weak
sigX-dnr,sigX,dnr,?,Strong
sigX-PA0951,sigX,PA0951,+,Weak
sigX-PA1852,sigX,PA1852,+,Weak
sigX-PA0953,sigX,PA0953,+,Weak
sigX-cupB2,sigX,cupB2,+,Weak
sigX-cbrB,sigX,cbrB,?,Strong
sigX-coIII,sigX,coIII,+,Weak
sigX-rhlB,sigX,rhlB,+,Weak
sigX-PA4849,sigX,PA4849,+,Weak
sigX-rhlA,sigX,rhlA,+,Weak
sigX-pilN,sigX,pilN,+,Weak
sigX-PA0359,sigX,PA0359,+,Weak
sigX-PA0358,sigX,PA0358,+,Weak
sigX-PA5508,sigX,PA5508,+,Weak
sigX-bioC,sigX,bioC,+,Weak
sigX-rhlR,sigX,rhlR,?,Strong
sigX-fpvA,sigX,fpvA,+,Weak
sigX-amrZ,sigX,amrZ,?,Strong
sigX-rpmC,sigX,rpmC,+,Weak
sigX-fliA,sigX,fliA,?,Strong
sigX-PA5504,sigX,PA5504,+,Weak
sigX-fliC,sigX,fliC,+,Weak
sigX-PA5506,sigX,PA5506,?,Strong
sigX-phzE1,sigX,phzE1,+,Weak
sigX-PA5217,sigX,PA5217,+,Weak
sigX-phzG2,sigX,phzG2,+,Weak
sigX-rplX,sigX,rplX,+,Weak
sigX-narL,sigX,narL,?,Strong
sigX-der,sigX,der,+,Weak
sigX-PA0968,sigX,PA0968,+,Weak
sigX-PA2384,sigX,PA2384,?,Strong
sigX-phzB1,sigX,phzB1,+,Weak
sigX-snr1,sigX,snr1,+,Weak
sigX-potC,sigX,potC,+,Weak
sigX-PA3012,sigX,PA3012,+,Weak
sigX-coxB,sigX,coxB,+,Weak
sigX-crfX,sigX,crfX,+,Weak
sigX-truB,sigX,truB,+,Weak
sigX-lpxB,sigX,lpxB,+,Weak
sigX-acyP,sigX,acyP,+,Weak
sigX-pctC,sigX,pctC,+,Weak
sigX-PA1181,sigX,PA1181,+,Weak
sigX-PA0320,sigX,PA0320,+,Weak
sigX-PA3329,sigX,PA3329,+,Weak
sigX-PA4452,sigX,PA4452,+,Weak
sigX-foxA,sigX,foxA,+,Weak
sigX-PA4453,sigX,PA4453,+,Weak
sigX-PA0046,sigX,PA0046,+,Weak
sigX-tilS,sigX,tilS,+,Weak
sigX-fabZ,sigX,fabZ,+,Weak
sigX-PA4454,sigX,PA4454,+,Weak
sigX-fabD,sigX,fabD,+,Weak
sigX-PA4456,sigX,PA4456,+,Weak
sigX-PA0987,sigX,PA0987,+,Weak
sigX-fabA,sigX,fabA,+,Weak
sigX-narH,sigX,narH,+,Weak
sigX-anr,sigX,anr,?,Strong
sigX-narJ,sigX,narJ,+,Weak
sigX-gacA,sigX,gacA,?,Strong
sigX-tam,sigX,tam,+,Weak
sigX-PA1208,sigX,PA1208,+,Weak
sigX-rplD,sigX,rplD,+,Weak
sigX-PA2658,sigX,PA2658,+,Weak
sigX-clpP2,sigX,clpP2,+,Weak
sigX-phzD1,sigX,phzD1,+,Weak
sigX-PA1689,sigX,PA1689,+,Weak
sigX-pscH,sigX,pscH,+,Weak
sigX-PA0419,sigX,PA0419,+,Weak
sigX-aceE,sigX,aceE,+,Weak
sigX-fabH,sigX,fabH,+,Weak
sigX-rpsC,sigX,rpsC,+,Weak
sigX-PA2317,sigX,PA2317,+,Weak
sigX-PA5303,sigX,PA5303,+,Weak
sigX-pilP,sigX,pilP,+,Weak
sigX-dgcA,sigX,dgcA,+,Weak
sigX-hcnB,sigX,hcnB,+,Weak
sigX-PA2318,sigX,PA2318,+,Weak
sigX-ccoP2,sigX,ccoP2,+,Weak
sigX-PA3225,sigX,PA3225,?,Strong
sigX-PA5220,sigX,PA5220,+,Weak
sigX-secE,sigX,secE,+,Weak
sigX-pscJ,sigX,pscJ,+,Weak
sigX-PA0722,sigX,PA0722,+,Weak
sigX-PA2485,sigX,PA2485,+,Weak
sigX-PA3867,sigX,PA3867,+,Weak
sigX-narK2,sigX,narK2,+,Weak
sigX-opmD,sigX,opmD,+,Weak
sigX-PA4441,sigX,PA4441,+,Weak
sigX-PA5507,sigX,PA5507,+,Weak
sigX-rho,sigX,rho,+,Weak
sigX-secY,sigX,secY,+,Weak
sigX-PA5132,sigX,PA5132,+,Weak
sigX-kdpB,sigX,kdpB,+,Weak
sigX-pscG,sigX,pscG,+,Weak
sigX-kdpD,sigX,kdpD,?,Strong
sigX-narG,sigX,narG,+,Weak
sigX-narI,sigX,narI,+,Weak
sigX-PA3283,sigX,PA3283,+,Weak
sigX-PA1006,sigX,PA1006,+,Weak
sigX-PA1007,sigX,PA1007,+,Weak
sigX-PA3330,sigX,PA3330,+,Weak
sigX-vreR,sigX,vreR,?,Strong
sigX-PA3332,sigX,PA3332,+,Weak
sigX-rnhB,sigX,rnhB,+,Weak
sigX-PA3334,sigX,PA3334,+,Weak
sigX-nrdJb,sigX,nrdJb,+,Weak
sigX-PA3336,sigX,PA3336,+,Weak
sigX-fdx,sigX,fdx,+,Weak
sigX-pprB,sigX,pprB,?,Strong
sigX-tolR,sigX,tolR,+,Weak
sigX-psrA,sigX,psrA,?,Strong
sigX-PA5546,sigX,PA5546,+,Weak
sigX-PA1611,sigX,PA1611,+,Weak
sigX-arcA,sigX,arcA,+,Weak
sigX-arcB,sigX,arcB,+,Weak
sigX-PA1612,sigX,PA1612,+,Weak
sigX-arcC,sigX,arcC,+,Weak
sigX-phzB2,sigX,phzB2,+,Weak
sigX-moaA1,sigX,moaA1,+,Weak
sigX-opdC,sigX,opdC,+,Weak
cysB-algJ,cysB,algJ,+,Strong
cysB-algX,cysB,algX,+,Strong
cysB-msuD,cysB,msuD,+,Strong
cysB-algG,cysB,algG,+,Strong
cysB-cysH,cysB,cysH,+,Strong
cysB-msuC,cysB,msuC,+,Strong
cysB-mvfR,cysB,mvfR,+-,Strong
cysB-alg8,cysB,alg8,+,Strong
cysB-cysB,cysB,cysB,-,Strong
cysB-retS,cysB,retS,-,Strong
cysB-algK,cysB,algK,+,Strong
cysB-algI,cysB,algI,+,Strong
cysB-pvdS,cysB,pvdS,+,Strong
cysB-algL,cysB,algL,+,Strong
cysB-alg44,cysB,alg44,+,Strong
cysB-algA,cysB,algA,+,Strong
cysB-algF,cysB,algF,+,Strong
cysB-msuE,cysB,msuE,+,Strong
cysB-algD,cysB,algD,+,Strong
cysB-algE,cysB,algE,+,Strong
mvaT-oprN,mvaT,oprN,-,Strong
mvaT-ptxS,mvaT,ptxS,+,Strong
mvaT-oprD,mvaT,oprD,+,Strong
mvaT-rsmZ,mvaT,rsmZ,-,Strong
mvaT-cupA1,mvaT,cupA1,-,Strong
mvaT-aotJ,mvaT,aotJ,-,Strong
mvaT-sigX,mvaT,sigX,?,Strong
mvaT-mexF,mvaT,mexF,-,Strong
mvaT-cupC1,mvaT,cupC1,-,Strong
mvaT-mexE,mvaT,mexE,-,Strong
mvaT-cupB1,mvaT,cupB1,-,Strong
fpvR-fpvI,fpvR,fpvI,-,Strong
fpvR-pvdS,fpvR,pvdS,-,Strong
fpvI-pvdD,fpvI,pvdD,+,Weak
fpvI-pvdA,fpvI,pvdA,+,Weak
fpvI-PA4902,fpvI,PA4902,+,Weak
fpvI-PA1254,fpvI,PA1254,+,Weak
fpvI-PA2403,fpvI,PA2403,+,Weak
fpvI-PA2402,fpvI,PA2402,+,Weak
fpvI-pvdJ,fpvI,pvdJ,+,Weak
fpvI-PA2404,fpvI,PA2404,+,Weak
fpvI-PA1253,fpvI,PA1253,+,Weak
fpvI-PA2406,fpvI,PA2406,+,Weak
fpvI-PA3952,fpvI,PA3952,+,Weak
fpvI-PA4287,fpvI,PA4287,+,Weak
fpvI-PA2405,fpvI,PA2405,+,Weak
fpvI-PrrF1,fpvI,PrrF1,?,Strong
fpvI-PA5106,fpvI,PA5106,+,Weak
fpvI-fpvI,fpvI,fpvI,?,Weak
fpvI-hasR,fpvI,hasR,+,Weak
fpvI-fpvA,fpvI,fpvA,+,Strong
PA2588-PA4340,PA2588,PA4340,?,Strong
PA2588-PA3854,PA2588,PA3854,?,Strong
PA2588-PA0845,PA2588,PA0845,?,Strong
PA2588-PA4676,PA2588,PA4676,?,Strong
PA2588-tilS,PA2588,tilS,?,Strong
PA2588-PA2588,PA2588,PA2588,?,Strong
PA2588-PA1333,PA2588,PA1333,?,Strong
PA2588-lpdV,PA2588,lpdV,?,Strong
PA2588-mutY,PA2588,mutY,?,Strong
PA2588-amiR,PA2588,amiR,?,Strong
argP-PA4182,argP,PA4182,+,Strong
argP-PA4181,argP,PA4181,+,Strong
argP-PA4365,argP,PA4365,+,Strong
argR-astA,argR,astA,+,Strong
argR-astB,argR,astB,+,Strong
argR-astD,argR,astD,+,Strong
argR-astE,argR,astE,+,Strong
argR-sstT,argR,sstT,+,Strong
argR-PA3934,argR,PA3934,+,Strong
argR-alr,argR,alr,-,Strong
argR-dauR,argR,dauR,+,Strong
argR-aotP,argR,aotP,+,Strong
argR-aotQ,argR,aotQ,+,Strong
argR-PA4757,argR,PA4757,-,Strong
argR-PA4754,argR,PA4754,-,Strong
argR-dauB,argR,dauB,+,Strong
argR-dauA,argR,dauA,+,Strong
argR-aotM,argR,aotM,+,Strong
argR-aotO,argR,aotO,+,Strong
argR-PA0328,argR,PA0328,+,Strong
argR-aotJ,argR,aotJ,+,Strong
argR-argG,argR,argG,-,Strong
argR-PA5152,argR,PA5152,+,Strong
argR-PA5153,argR,PA5153,+,Strong
argR-PA0900,argR,PA0900,+,Strong
argR-PA5154,argR,PA5154,+,Strong
argR-PA5155,argR,PA5155,+,Strong
argR-braZ,argR,braZ,+,Strong
argR-oprD,argR,oprD,+,Strong
argR-aruG,argR,aruG,+,Strong
argR-gdhA,argR,gdhA,-,Strong
argR-greA,argR,greA,-,Strong
argR-gdhB,argR,gdhB,+,Strong
argR-lysP,argR,lysP,-,Strong
argR-PA3538,argR,PA3538,-,Strong
argR-aruH,argR,aruH,-,Strong
argR-gltB,argR,gltB,-,Strong
argR-argR,argR,argR,+,Strong
argR-arcD,argR,arcD,+,Strong
argR-arcA,argR,arcA,+,Strong
argR-arcB,argR,arcB,+,Strong
argR-arcC,argR,arcC,+,Strong
argR-carB,argR,carB,-,Strong
argR-carA,argR,carA,-,Strong
argR-gltD,argR,gltD,-,Strong
argR-argF,argR,argF,-,Strong
argR-aruC,argR,aruC,+,Strong
PA4853-exsB,PA4853,exsB,+,Strong
PA4853-exsA,PA4853,exsA,+,Strong
liuR-liuR,liuR,liuR,-,Strong
liuR-liuB,liuR,liuB,-,Strong
liuR-liuC,liuR,liuC,-,Strong
liuR-liuA,liuR,liuA,-,Strong
liuR-liuD,liuR,liuD,-,Strong
liuR-liuE,liuR,liuE,-,Strong
cifR-morB,cifR,morB,-,Strong
cifR-cifR,cifR,cifR,-,Strong
cifR-cif,cifR,cif,-,Strong
betI-betB,betI,betB,-,Strong
betI-betA,betI,betA,-,Strong
betI-gbdR,betI,gbdR,-,Strong
nalC-armR,nalC,armR,-,Strong
nalC-mexA,nalC,mexA,-,Strong
PA5324-PA4139,PA5324,PA4139,?,Strong
PA5324-PA5088,PA5324,PA5088,?,Strong
PA5324-PA5087,PA5324,PA5087,?,Strong
PA5324-PA3327,PA5324,PA3327,?,Strong
PA5324-PA3520,PA5324,PA3520,?,Strong
PA5324-PA5324,PA5324,PA5324,?,Strong
PA5324-PA2569,PA5324,PA2569,?,Strong
PA5324-wzz,PA5324,wzz,?,Strong
PA5324-wbpM,PA5324,wbpM,?,Strong
PA5324-phzB1,PA5324,phzB1,?,Strong
PA5324-clpS,PA5324,clpS,?,Strong
PA5324-wbpE,PA5324,wbpE,?,Strong
PA5324-PA3047,PA5324,PA3047,?,Strong
PA5324-PA3044,PA5324,PA3044,?,Strong
PA5324-PA3045,PA5324,PA3045,?,Strong
PA5324-oprI,PA5324,oprI,?,Strong
PA5324-PA0643,PA5324,PA0643,?,Strong
PA5324-atpI,PA5324,atpI,?,Strong
PA5324-PA5546,PA5324,PA5546,?,Strong
PA5324-PA3519,PA5324,PA3519,?,Strong
PA5324-PA3291,PA5324,PA3291,?,Strong
PA5324-oprP,PA5324,oprP,?,Strong
PA5324-PA2793,PA5324,PA2793,?,Strong
PA5324-PA0845,PA5324,PA0845,?,Strong
PA5324-adcA,PA5324,adcA,?,Strong
PA5324-PA3190,PA5324,PA3190,?,Strong
PA5324-phzC1,PA5324,phzC1,?,Strong
PA5324-PA0499,PA5324,PA0499,?,Strong
PA5324-PA2223,PA5324,PA2223,?,Strong
PA5324-imm2,PA5324,imm2,?,Strong
PA5324-PA2229,PA5324,PA2229,?,Strong
PA5324-PA0718,PA5324,PA0718,?,Strong
PA5324-aroQ,PA5324,aroQ,?,Strong
PA5324-pys2,PA5324,pys2,?,Strong
PA5324-rplC,PA5324,rplC,?,Strong
PA5324-PA2698,PA5324,PA2698,?,Strong
PA5324-PA2461,PA5324,PA2461,?,Strong
PA5324-mrcA,PA5324,mrcA,?,Strong
PA5324-tyrS2,PA5324,tyrS2,?,Strong
PA5324-PA1383,PA5324,PA1383,?,Strong
PA5324-PA5446,PA5324,PA5446,?,Strong
PA5324-wbpJ,PA5324,wbpJ,?,Strong
PA5324-rpoC,PA5324,rpoC,?,Strong
PA5324-phzA1,PA5324,phzA1,?,Strong
PA5324-PA4080,PA5324,PA4080,?,Strong
PA5324-PA4087,PA5324,PA4087,?,Strong
PA5324-algD,PA5324,algD,?,Strong
PA5324-qscR,PA5324,qscR,?,Strong
PA5324-wbpA,PA5324,wbpA,?,Strong
PA5324-PA1656,PA5324,PA1656,?,Strong
PA5324-rpsG,PA5324,rpsG,?,Strong
PA5324-PA3835,PA5324,PA3835,?,Strong
PA5324-nuoA2,PA5324,nuoA2,?,Strong
PA5324-PA0691,PA5324,PA0691,?,Strong
PA5324-PA2373,PA5324,PA2373,?,Strong
PA5324-hisF2,PA5324,hisF2,?,Strong
PA5324-phzF2,PA5324,phzF2,?,Strong
PA5324-PA0959,PA5324,PA0959,?,Strong
PA5324-PA3489,PA5324,PA3489,?,Strong
PA5324-cupB3,PA5324,cupB3,?,Strong
PA5324-bfrB,PA5324,bfrB,?,Strong
PA5324-arnB,PA5324,arnB,?,Strong
PA5324-amrZ,PA5324,amrZ,?,Strong
PA5324-PA2459,PA5324,PA2459,?,Strong
PA5324-phzG1,PA5324,phzG1,?,Strong
PA5324-flp,PA5324,flp,?,Strong
PA5324-PA1372,PA5324,PA1372,?,Strong
PA5324-PA1370,PA5324,PA1370,?,Strong
PA5324-PA1371,PA5324,PA1371,?,Strong
PA5324-dnaA,PA5324,dnaA,?,Strong
PA5324-cupC3,PA5324,cupC3,?,Strong
PA5324-PA0042,PA5324,PA0042,?,Strong
PA5324-phzE1,PA5324,phzE1,?,Strong
PA5324-PA4202,PA5324,PA4202,?,Strong
PA5324-phzD1,PA5324,phzD1,?,Strong
PA5324-aprA,PA5324,aprA,?,Strong
PA5324-hisH2,PA5324,hisH2,?,Strong
PA5324-acpP1,PA5324,acpP1,?,Strong
PA5324-phzH,PA5324,phzH,?,Strong
PA5324-PA0874,PA5324,PA0874,?,Strong
PA5324-PA0041a,PA5324,PA0041a,?,Strong
PA5324-gyrA,PA5324,gyrA,?,Strong
PA5324-PA3866,PA5324,PA3866,?,Strong
PA5324-PA3309,PA5324,PA3309,?,Strong
PA5324-PA4523,PA5324,PA4523,?,Strong
PA5324-fimV,PA5324,fimV,?,Strong
PA5324-PA0984,PA5324,PA0984,?,Strong
PA5324-dusA,PA5324,dusA,?,Strong
PA5324-PA0981,PA5324,PA0981,?,Strong
PA5324-PA3290,PA5324,PA3290,?,Strong
PA2449-gcvP1,PA2449,gcvP1,+,Strong
PA2449-gcvH1,PA2449,gcvH1,+,Strong
PA2449-glyA2,PA2449,glyA2,+,Strong
PA2449-gcvT2,PA2449,gcvT2,+,Strong
PA2449-sdaA,PA2449,sdaA,+,Strong
rpoN-PA0158,rpoN,PA0158,+,Weak
rpoN-PA1096,rpoN,PA1096,+,Weak
rpoN-PA1093,rpoN,PA1093,+,Weak
rpoN-pth,rpoN,pth,+,Weak
rpoN-alc,rpoN,alc,+,Weak
rpoN-plcN,rpoN,plcN,+,Weak
rpoN-PA3526,rpoN,PA3526,+,Weak
rpoN-queE,rpoN,queE,+,Weak
rpoN-alr,rpoN,alr,+,Weak
rpoN-PA4739,rpoN,PA4739,+,Weak
rpoN-PA4738,rpoN,PA4738,+,Weak
rpoN-ccoO2,rpoN,ccoO2,+,Weak
rpoN-codB,rpoN,codB,+,Weak
rpoN-codA,rpoN,codA,+,Weak
rpoN-thiG,rpoN,thiG,+,Weak
rpoN-ileS,rpoN,ileS,+,Weak
rpoN-PA0910,rpoN,PA0910,+,Weak
rpoN-ohrR,rpoN,ohrR,+,Weak
rpoN-rpsR,rpoN,rpsR,+,Weak
rpoN-mvfR,rpoN,mvfR,+,Strong
rpoN-PA3353,rpoN,PA3353,+,Weak
rpoN-atpI,rpoN,atpI,+,Weak
rpoN-mifR,rpoN,mifR,+,Strong
rpoN-atpB,rpoN,atpB,+,Weak
rpoN-PA5460,rpoN,PA5460,+,Weak
rpoN-PA3359,rpoN,PA3359,+,Weak
rpoN-PA5397,rpoN,PA5397,+,Weak
rpoN-PA3594,rpoN,PA3594,+,Weak
rpoN-ureC,rpoN,ureC,+,Weak
rpoN-PA3596,rpoN,PA3596,+,Weak
rpoN-PA3597,rpoN,PA3597,+,Weak
rpoN-ureF,rpoN,ureF,+,Weak
rpoN-ureG,rpoN,ureG,+,Weak
rpoN-ureD,rpoN,ureD,+,Weak
rpoN-ureE,rpoN,ureE,+,Weak
rpoN-hemE,rpoN,hemE,+,Weak
rpoN-PA1736,rpoN,PA1736,+,Weak
rpoN-PA1737,rpoN,PA1737,+,Weak
rpoN-PA2992,rpoN,PA2992,+,Weak
rpoN-PA1732,rpoN,PA1732,+,Weak
rpoN-PA1733,rpoN,PA1733,+,Weak
rpoN-PA1730,rpoN,PA1730,+,Weak
rpoN-PA1731,rpoN,PA1731,+,Weak
rpoN-PA1679,rpoN,PA1679,+,Weak
rpoN-PA0168,rpoN,PA0168,+,Weak
rpoN-PA0165,rpoN,PA0165,+,Weak
rpoN-PA3798,rpoN,PA3798,+,Weak
rpoN-PA0167,rpoN,PA0167,+,Weak
rpoN-PA4013,rpoN,PA4013,+,Weak
rpoN-PA3187,rpoN,PA3187,+,Weak
rpoN-nhaB,rpoN,nhaB,+,Weak
rpoN-PA1324,rpoN,PA1324,+,Weak
rpoN-PA0444,rpoN,PA0444,+,Weak
rpoN-PA3189,rpoN,PA3189,+,Weak
rpoN-PA3188,rpoN,PA3188,+,Weak
rpoN-PA1474,rpoN,PA1474,+,Weak
rpoN-PA4880,rpoN,PA4880,+,Weak
rpoN-trmB,rpoN,trmB,+,Weak
rpoN-trmD,rpoN,trmD,+,Weak
rpoN-PA2351,rpoN,PA2351,+,Weak
rpoN-PA2354,rpoN,PA2354,+,Weak
rpoN-folK,rpoN,folK,+,Weak
rpoN-PA4643,rpoN,PA4643,+,Weak
rpoN-PA4866,rpoN,PA4866,+,Weak
rpoN-PA4645,rpoN,PA4645,+,Weak
rpoN-PA4644,rpoN,PA4644,+,Weak
rpoN-PA4863,rpoN,PA4863,+,Weak
rpoN-PA4862,rpoN,PA4862,+,Weak
rpoN-rpoC,rpoN,rpoC,+,Weak
rpoN-PA0508,rpoN,PA0508,+,Weak
rpoN-PA1490,rpoN,PA1490,+,Weak
rpoN-rpoN,rpoN,rpoN,?,Weak
rpoN-PA2604,rpoN,PA2604,+,Weak
rpoN-PA1259,rpoN,PA1259,+,Weak
rpoN-PA1258,rpoN,PA1258,+,Weak
rpoN-PA1255,rpoN,PA1255,+,Weak
rpoN-hasE,rpoN,hasE,+,Weak
rpoN-PA1257,rpoN,PA1257,+,Weak
rpoN-PA1256,rpoN,PA1256,+,Weak
rpoN-PA1967,rpoN,PA1967,+,Weak
rpoN-PA3274,rpoN,PA3274,+,Weak
rpoN-PA3273,rpoN,PA3273,+,Weak
rpoN-PA3177,rpoN,PA3177,+,Weak
rpoN-PA1968,rpoN,PA1968,+,Weak
rpoN-PA4345,rpoN,PA4345,+,Weak
rpoN-rpsE,rpoN,rpsE,+,Weak
rpoN-rpsD,rpoN,rpsD,+,Weak
rpoN-rpsC,rpoN,rpsC,+,Weak
rpoN-PA4341,rpoN,PA4341,+,Weak
rpoN-PA1194,rpoN,PA1194,+,Weak
rpoN-PA1195,rpoN,PA1195,+,Weak
rpoN-nqrE,rpoN,nqrE,+,Weak
rpoN-PA5246,rpoN,PA5246,+,Weak
rpoN-rpsL,rpoN,rpsL,+,Weak
rpoN-PA5167,rpoN,PA5167,+,Weak
rpoN-rpsJ,rpoN,rpsJ,+,Weak
rpoN-rpsI,rpoN,rpsI,+,Weak
rpoN-pscU,rpoN,pscU,+,Weak
rpoN-PA1786,rpoN,PA1786,+,Strong
rpoN-PA1785,rpoN,PA1785,+,Strong
rpoN-pscI,rpoN,pscI,+,Weak
rpoN-rpsS,rpoN,rpsS,+,Weak
rpoN-pscO,rpoN,pscO,+,Weak
rpoN-rpsQ,rpoN,rpsQ,+,Weak
rpoN-PA2770,rpoN,PA2770,+,Weak
rpoN-typA,rpoN,typA,+,Weak
rpoN-pscC,rpoN,pscC,+,Weak
rpoN-pscF,rpoN,pscF,+,Weak
rpoN-pscG,rpoN,pscG,+,Weak
rpoN-PA0218,rpoN,PA0218,+,Weak
rpoN-PA0219,rpoN,PA0219,+,Weak
rpoN-rsaL,rpoN,rsaL,+,Strong
rpoN-pqsD,rpoN,pqsD,+,Strong
rpoN-PA0811,rpoN,PA0811,+,Weak
rpoN-PA0812,rpoN,PA0812,+,Weak
rpoN-pqsA,rpoN,pqsA,+,Strong
rpoN-pqsB,rpoN,pqsB,+,Strong
rpoN-pqsC,rpoN,pqsC,+,Strong
rpoN-pqsH,rpoN,pqsH,+,Strong
rpoN-cbrB,rpoN,cbrB,+,Weak
rpoN-thiI,rpoN,thiI,+,Weak
rpoN-ddlA,rpoN,ddlA,+,Weak
rpoN-PA4584,rpoN,PA4584,+,Weak
rpoN-PA4582,rpoN,PA4582,+,Weak
rpoN-PA5504,rpoN,PA5504,+,Weak
rpoN-eutB,rpoN,eutB,+,Weak
rpoN-eutC,rpoN,eutC,+,Weak
rpoN-PA4463,rpoN,PA4463,+,Weak
rpoN-PA1782,rpoN,PA1782,+,Weak
rpoN-nqrC,rpoN,nqrC,+,Weak
rpoN-PA1779,rpoN,PA1779,+,Weak
rpoN-PA1473,rpoN,PA1473,+,Weak
rpoN-cdsA,rpoN,cdsA,+,Weak
rpoN-PA0322,rpoN,PA0322,+,Weak
rpoN-PA0321,rpoN,PA0321,+,Weak
rpoN-PA0324,rpoN,PA0324,+,Weak
rpoN-PA0328,rpoN,PA0328,+,Weak
rpoN-PA0329,rpoN,PA0329,+,Weak
rpoN-PA0046,rpoN,PA0046,+,Weak
rpoN-PA0045,rpoN,PA0045,+,Weak
rpoN-purF,rpoN,purF,+,Weak
rpoN-purD,rpoN,purD,+,Weak
rpoN-purH,rpoN,purH,+,Weak
rpoN-PA5183,rpoN,PA5183,+,Weak
rpoN-PA5022,rpoN,PA5022,+,Weak
rpoN-PA5023,rpoN,PA5023,+,Weak
rpoN-PA3307,rpoN,PA3307,+,Weak
rpoN-PA3306,rpoN,PA3306,+,Weak
rpoN-PA1605,rpoN,PA1605,+,Weak
rpoN-PA1602,rpoN,PA1602,+,Weak
rpoN-PA1603,rpoN,PA1603,+,Weak
rpoN-PA1600,rpoN,PA1600,+,Weak
rpoN-PA2158,rpoN,PA2158,+,Weak
rpoN-PA2157,rpoN,PA2157,+,Weak
rpoN-PA2162,rpoN,PA2162,+,Weak
rpoN-PA2154,rpoN,PA2154,+,Weak
rpoN-PA2152,rpoN,PA2152,+,Weak
rpoN-PA1608,rpoN,PA1608,+,Weak
rpoN-PA0137,rpoN,PA0137,+,Weak
rpoN-PA4046,rpoN,PA4046,+,Weak
rpoN-PA4045,rpoN,PA4045,+,Weak
rpoN-secE,rpoN,secE,+,Weak
rpoN-PA0777,rpoN,PA0777,+,Weak
rpoN-PA1956,rpoN,PA1956,+,Weak
rpoN-PA1954,rpoN,PA1954,+,Weak
rpoN-PA1955,rpoN,PA1955,+,Weak
rpoN-PA1952,rpoN,PA1952,+,Weak
rpoN-PA1953,rpoN,PA1953,+,Weak
rpoN-PA0138,rpoN,PA0138,+,Weak
rpoN-gcvP1,rpoN,gcvP1,+,Weak
rpoN-secY,rpoN,secY,+,Weak
rpoN-groL,rpoN,groL,+,Weak
rpoN-PA3983,rpoN,PA3983,+,Weak
rpoN-PA2511,rpoN,PA2511,+,Weak
rpoN-hslV,rpoN,hslV,+,Weak
rpoN-PA2326,rpoN,PA2326,+,Weak
rpoN-arcC,rpoN,arcC,+,Weak
rpoN-groS,rpoN,groS,+,Weak
rpoN-vfr,rpoN,vfr,+,Weak
rpoN-gpmI,rpoN,gpmI,+,Weak
rpoN-lecB,rpoN,lecB,+,Weak
rpoN-catA,rpoN,catA,+,Weak
rpoN-PA3460,rpoN,PA3460,+,Weak
rpoN-ffh,rpoN,ffh,+,Weak
rpoN-ntrB,rpoN,ntrB,+,Weak
rpoN-ntrC,rpoN,ntrC,+,Weak
rpoN-PA3771,rpoN,PA3771,+,Weak
rpoN-pcnB,rpoN,pcnB,+,Weak
rpoN-gmhA,rpoN,gmhA,+,Weak
rpoN-tsf,rpoN,tsf,+,Weak
rpoN-PA0602,rpoN,PA0602,+,Weak
rpoN-ctpH,rpoN,ctpH,+,Weak
rpoN-rtcA,rpoN,rtcA,+,Weak
rpoN-ureB,rpoN,ureB,+,Weak
rpoN-PA2159,rpoN,PA2159,+,Weak
rpoN-PA4424,rpoN,PA4424,+,Weak
rpoN-PA1601,rpoN,PA1601,+,Weak
rpoN-ureA,rpoN,ureA,+,Weak
rpoN-PA2021,rpoN,PA2021,+,Weak
rpoN-PA2156,rpoN,PA2156,+,Weak
rpoN-PA2187,rpoN,PA2187,+,Weak
rpoN-PA2971,rpoN,PA2971,+,Weak
rpoN-PA2181,rpoN,PA2181,+,Weak
rpoN-ccoN2,rpoN,ccoN2,+,Weak
rpoN-hcpA,rpoN,hcpA,+,Strong
rpoN-PA1144,rpoN,PA1144,+,Weak
rpoN-PA2747,rpoN,PA2747,+,Weak
rpoN-fleS,rpoN,fleS,+,Weak
rpoN-fleR,rpoN,fleR,+,Weak
rpoN-PA3400,rpoN,PA3400,+,Weak
rpoN-grpE,rpoN,grpE,+,Weak
rpoN-PA1439,rpoN,PA1439,+,Weak
rpoN-PA0921,rpoN,PA0921,+,Weak
rpoN-pcrV,rpoN,pcrV,+,Weak
rpoN-PA1531,rpoN,PA1531,+,Weak
rpoN-dapB,rpoN,dapB,+,Weak
rpoN-cobQ,rpoN,cobQ,+,Weak
rpoN-rplX,rpoN,rplX,+,Weak
rpoN-PA0136,rpoN,PA0136,+,Weak
rpoN-PA3954,rpoN,PA3954,+,Weak
rpoN-rplW,rpoN,rplW,+,Weak
rpoN-PA2895,rpoN,PA2895,+,Weak
rpoN-rplR,rpoN,rplR,+,Weak
rpoN-rplS,rpoN,rplS,+,Weak
rpoN-rplP,rpoN,rplP,+,Weak
rpoN-rplQ,rpoN,rplQ,+,Weak
rpoN-rplN,rpoN,rplN,+,Weak
rpoN-PA3340,rpoN,PA3340,+,Weak
rpoN-rplL,rpoN,rplL,+,Weak
rpoN-rplM,rpoN,rplM,+,Weak
rpoN-rplJ,rpoN,rplJ,+,Weak
rpoN-cobA,rpoN,cobA,+,Weak
rpoN-PA3346,rpoN,PA3346,+,Weak
rpoN-PA3349,rpoN,PA3349,+,Weak
rpoN-rplD,rpoN,rplD,+,Weak
rpoN-rplE,rpoN,rplE,+,Weak
rpoN-rplB,rpoN,rplB,+,Weak
rpoN-rplC,rpoN,rplC,+,Weak
rpoN-rplA,rpoN,rplA,+,Weak
rpoN-ligD,rpoN,ligD,+,Weak
rpoN-nrdA,rpoN,nrdA,+,Weak
rpoN-PA2115,rpoN,PA2115,+,Weak
rpoN-amgR,rpoN,amgR,+,Weak
rpoN-metZ,rpoN,metZ,+,Weak
rpoN-rbfA,rpoN,rbfA,+,Weak
rpoN-PA1646,rpoN,PA1646,+,Weak
rpoN-PA3783,rpoN,PA3783,+,Weak
rpoN-PA3782,rpoN,PA3782,+,Weak
rpoN-zapE,rpoN,zapE,+,Weak
rpoN-PA4826,rpoN,PA4826,+,Weak
rpoN-guaB,rpoN,guaB,+,Weak
rpoN-PA5075,rpoN,PA5075,+,Weak
rpoN-PA5074,rpoN,PA5074,+,Weak
rpoN-PA5076,rpoN,PA5076,+,Weak
rpoN-PA5072,rpoN,PA5072,+,Weak
rpoN-PA2414,rpoN,PA2414,+,Weak
rpoN-PA2415,rpoN,PA2415,+,Weak
rpoN-PA2166,rpoN,PA2166,+,Weak
rpoN-PA2167,rpoN,PA2167,+,Weak
rpoN-PA2164,rpoN,PA2164,+,Weak
rpoN-ispH,rpoN,ispH,+,Weak
rpoN-PA2163,rpoN,PA2163,+,Weak
rpoN-PA2160,rpoN,PA2160,+,Weak
rpoN-PA2161,rpoN,PA2161,+,Weak
rpoN-carB,rpoN,carB,+,Weak
rpoN-ispE,rpoN,ispE,+,Weak
rpoN-PA2168,rpoN,PA2168,+,Weak
rpoN-PA2200,rpoN,PA2200,+,Weak
rpoN-PA4173,rpoN,PA4173,+,Weak
rpoN-PA4172,rpoN,PA4172,+,Weak
rpoN-PA4171,rpoN,PA4171,+,Weak
rpoN-PA1829,rpoN,PA1829,+,Weak
rpoN-PA4858,rpoN,PA4858,+,Weak
rpoN-PA4913,rpoN,PA4913,+,Weak
rpoN-sstT,rpoN,sstT,+,Weak
rpoN-PA1821,rpoN,PA1821,+,Weak
rpoN-PA1545,rpoN,PA1545,+,Weak
rpoN-PA0456,rpoN,PA0456,+,Weak
rpoN-PA4070,rpoN,PA4070,+,Weak
rpoN-dinB,rpoN,dinB,+,Weak
rpoN-guaA,rpoN,guaA,+,Weak
rpoN-PA1260,rpoN,PA1260,+,Weak
rpoN-PA3081,rpoN,PA3081,+,Weak
rpoN-PA1913,rpoN,PA1913,+,Weak
rpoN-PA4015,rpoN,PA4015,+,Weak
rpoN-PA3249,rpoN,PA3249,+,Weak
rpoN-PA0166,rpoN,PA0166,+,Weak
rpoN-PA1182,rpoN,PA1182,+,Weak
rpoN-kinB,rpoN,kinB,+,Weak
rpoN-treA,rpoN,treA,+,Weak
rpoN-PA2704,rpoN,PA2704,+,Weak
rpoN-PA2708,rpoN,PA2708,+,Weak
rpoN-cobB2,rpoN,cobB2,+,Weak
rpoN-PA2199,rpoN,PA2199,+,Weak
rpoN-PA2662,rpoN,PA2662,+,Weak
rpoN-PA3017,rpoN,PA3017,+,Weak
rpoN-flhA,rpoN,flhA,+,Weak
rpoN-PA1701,rpoN,PA1701,+,Weak
rpoN-PA4558,rpoN,PA4558,+,Weak
rpoN-dnaJ,rpoN,dnaJ,+,Weak
rpoN-pctB,rpoN,pctB,+,Weak
rpoN-pra,rpoN,pra,+,Weak
rpoN-PA0354,rpoN,PA0354,+,Weak
rpoN-anr,rpoN,anr,+,Weak
rpoN-flgA,rpoN,flgA,+,Weak
rpoN-PA1440,rpoN,PA1440,+,Weak
rpoN-PA1441,rpoN,PA1441,+,Weak
rpoN-lip,rpoN,lip,+,Weak
rpoN-PA2793,rpoN,PA2793,+,Weak
rpoN-estX,rpoN,estX,+,Weak
rpoN-hslU,rpoN,hslU,+,Weak
rpoN-gcvH1,rpoN,gcvH1,+,Weak
rpoN-flgD,rpoN,flgD,+,Weak
rpoN-infB,rpoN,infB,+,Weak
rpoN-PA5138,rpoN,PA5138,+,Weak
rpoN-lptF,rpoN,lptF,+,Weak
rpoN-PA4520,rpoN,PA4520,+,Weak
rpoN-PA4523,rpoN,PA4523,+,Weak
rpoN-PA5139,rpoN,PA5139,+,Weak
rpoN-PA2126,rpoN,PA2126,+,Weak
rpoN-nalC,rpoN,nalC,+,Weak
rpoN-queC,rpoN,queC,+,Weak
rpoN-PA0146,rpoN,PA0146,+,Weak
rpoN-PA0147,rpoN,PA0147,+,Weak
rpoN-PA0144,rpoN,PA0144,+,Weak
rpoN-PA1342,rpoN,PA1342,+,Weak
rpoN-popB,rpoN,popB,+,Weak
rpoN-allA,rpoN,allA,+,Weak
rpoN-dctA2,rpoN,dctA2,+,Weak
rpoN-PA2560,rpoN,PA2560,+,Weak
rpoN-PA2449,rpoN,PA2449,+,Strong
rpoN-PA5245,rpoN,PA5245,+,Weak
rpoN-PA4625,rpoN,PA4625,+,Weak
rpoN-PA4624,rpoN,PA4624,+,Weak
rpoN-plsX,rpoN,plsX,+,Weak
rpoN-pqsE,rpoN,pqsE,+,Strong
rpoN-PA3641,rpoN,PA3641,+,Weak
rpoN-PA4502,rpoN,PA4502,+,Weak
rpoN-aer,rpoN,aer,+,Weak
rpoN-PA5059,rpoN,PA5059,+,Weak
rpoN-spuH,rpoN,spuH,+,Weak
rpoN-adcA,rpoN,adcA,+,Weak
rpoN-spuF,rpoN,spuF,+,Weak
rpoN-spuG,rpoN,spuG,+,Weak
rpoN-PA3888,rpoN,PA3888,+,Weak
rpoN-trmL,rpoN,trmL,+,Weak
rpoN-gbt,rpoN,gbt,+,Weak
rpoN-PA1864,rpoN,PA1864,+,Weak
rpoN-PA4368,rpoN,PA4368,+,Weak
rpoN-PA2198,rpoN,PA2198,+,Weak
rpoN-flhF,rpoN,flhF,+,Weak
rpoN-PA3436,rpoN,PA3436,+,Weak
rpoN-PA2197,rpoN,PA2197,+,Weak
rpoN-PA4496,rpoN,PA4496,+,Weak
rpoN-PA4497,rpoN,PA4497,+,Weak
rpoN-PA1404,rpoN,PA1404,+,Weak
rpoN-PA2754,rpoN,PA2754,+,Weak
rpoN-dnaB,rpoN,dnaB,+,Weak
rpoN-PA0939,rpoN,PA0939,+,Weak
rpoN-lasR,rpoN,lasR,+,Strong
rpoN-PA5440,rpoN,PA5440,+,Weak
rpoN-PA3748,rpoN,PA3748,+,Weak
rpoN-lasI,rpoN,lasI,+,Strong
rpoN-PA3370,rpoN,PA3370,+,Weak
rpoN-PA3371,rpoN,PA3371,+,Weak
rpoN-PA4030,rpoN,PA4030,+,Weak
rpoN-icmP,rpoN,icmP,+,Weak
rpoN-hutU,rpoN,hutU,+,Weak
rpoN-amgS,rpoN,amgS,+,Weak
rpoN-exaC,rpoN,exaC,+,Weak
rpoN-hutH,rpoN,hutH,+,Weak
rpoN-nhaP2,rpoN,nhaP2,+,Weak
rpoN-rimM,rpoN,rimM,+,Weak
rpoN-cyoE2,rpoN,cyoE2,+,Weak
rpoN-tgt,rpoN,tgt,+,Weak
rpoN-retS,rpoN,retS,+,Weak
rpoN-PA5286,rpoN,PA5286,+,Weak
rpoN-PA5530,rpoN,PA5530,+,Weak
rpoN-PA2175,rpoN,PA2175,+,Weak
rpoN-glyA2,rpoN,glyA2,+,Weak
rpoN-PA2171,rpoN,PA2171,+,Weak
rpoN-PA2170,rpoN,PA2170,+,Weak
rpoN-PA2173,rpoN,PA2173,+,Weak
rpoN-PA2172,rpoN,PA2172,+,Weak
rpoN-lspA,rpoN,lspA,+,Weak
rpoN-PA0505,rpoN,PA0505,+,Weak
rpoN-PA2178,rpoN,PA2178,+,Weak
rpoN-rhlB,rpoN,rhlB,+,Weak
rpoN-rhlA,rpoN,rhlA,+,Weak
rpoN-hmp,rpoN,hmp,+,Weak
rpoN-rpmI,rpoN,rpmI,+,Weak
rpoN-rhlR,rpoN,rhlR,+,Weak
rpoN-PA4068,rpoN,PA4068,+,Weak
rpoN-PA0115,rpoN,PA0115,+,Weak
rpoN-rpmC,rpoN,rpmC,+,Weak
rpoN-PA0116,rpoN,PA0116,+,Weak
rpoN-PA0443,rpoN,PA0443,+,Weak
rpoN-rpmD,rpoN,rpmD,+,Weak
rpoN-rpmF,rpoN,rpmF,+,Weak
rpoN-nusG,rpoN,nusG,+,Weak
rpoN-PA3889,rpoN,PA3889,+,Weak
rpoN-PA3255,rpoN,PA3255,+,Weak
rpoN-PA3254,rpoN,PA3254,+,Weak
rpoN-PA3253,rpoN,PA3253,+,Weak
rpoN-PA3252,rpoN,PA3252,+,Weak
rpoN-PA3251,rpoN,PA3251,+,Weak
rpoN-PA3250,rpoN,PA3250,+,Weak
rpoN-dgcB,rpoN,dgcB,+,Weak
rpoN-glgA,rpoN,glgA,+,Weak
rpoN-glgB,rpoN,glgB,+,Weak
rpoN-dgcA,rpoN,dgcA,+,Weak
rpoN-PA5153,rpoN,PA5153,+,Weak
rpoN-PA2896,rpoN,PA2896,?,Weak
rpoN-PA4023,rpoN,PA4023,+,Weak
rpoN-glgP,rpoN,glgP,+,Weak
rpoN-fabD,rpoN,fabD,+,Weak
rpoN-fabG,rpoN,fabG,+,Weak
rpoN-PA4022,rpoN,PA4022,+,Weak
rpoN-PA1887,rpoN,PA1887,+,Weak
rpoN-PA5505,rpoN,PA5505,+,Weak
rpoN-PA4202,rpoN,PA4202,+,Weak
rpoN-glnK,rpoN,glnK,+,Strong
rpoN-PA0431,rpoN,PA0431,+,Weak
rpoN-PA0974,rpoN,PA0974,+,Weak
rpoN-glnA,rpoN,glnA,+,Weak
rpoN-PA2653,rpoN,PA2653,+,Weak
rpoN-PA2654,rpoN,PA2654,+,Weak
rpoN-PA1566,rpoN,PA1566,+,Weak
rpoN-PA4926,rpoN,PA4926,+,Weak
rpoN-PA3023,rpoN,PA3023,+,Weak
rpoN-nosY,rpoN,nosY,+,Strong
rpoN-PA4298,rpoN,PA4298,+,Weak
rpoN-pal,rpoN,pal,+,Weak
rpoN-PA4929,rpoN,PA4929,+,Weak
rpoN-PA5481,rpoN,PA5481,+,Weak
rpoN-PA5482,rpoN,PA5482,+,Weak
rpoN-PA2993,rpoN,PA2993,+,Weak
rpoN-PA1089,rpoN,PA1089,+,Weak
rpoN-phaD,rpoN,phaD,+,Weak
rpoN-ppyR,rpoN,ppyR,+,Weak
rpoN-PA4685,rpoN,PA4685,+,Weak
rpoN-PA4684,rpoN,PA4684,+,Weak
rpoN-PA4686,rpoN,PA4686,+,Weak
rpoN-PA4681,rpoN,PA4681,+,Weak
rpoN-PA4680,rpoN,PA4680,+,Weak
rpoN-PA4683,rpoN,PA4683,+,Weak
rpoN-PA4682,rpoN,PA4682,+,Weak
rpoN-PA2005,rpoN,PA2005,+,Strong
rpoN-PA2004,rpoN,PA2004,+,Weak
rpoN-opdP,rpoN,opdP,+,Weak
rpoN-gltD,rpoN,gltD,+,Weak
rpoN-flgC,rpoN,flgC,+,Weak
rpoN-flgB,rpoN,flgB,+,Weak
rpoN-clsB,rpoN,clsB,+,Weak
rpoN-flgG,rpoN,flgG,+,Weak
rpoN-flgF,rpoN,flgF,+,Weak
rpoN-flgE,rpoN,flgE,+,Weak
rpoN-PA1591,rpoN,PA1591,+,Weak
rpoN-flgK,rpoN,flgK,+,Weak
rpoN-flgJ,rpoN,flgJ,+,Weak
rpoN-flgI,rpoN,flgI,+,Weak
rpoN-flgH,rpoN,flgH,+,Weak
rpoN-lptB,rpoN,lptB,+,Weak
rpoN-flgL,rpoN,flgL,+,Weak
rpoN-mexH,rpoN,mexH,+,Weak
rpoN-rpsF,rpoN,rpsF,+,Weak
rpoN-nirD,rpoN,nirD,+,Strong
rpoN-PA1828,rpoN,PA1828,+,Weak
rpoN-PA5001,rpoN,PA5001,+,Weak
rpoN-nirB,rpoN,nirB,+,Strong
rpoN-PA1196,rpoN,PA1196,+,Strong
rpoN-metN1,rpoN,metN1,+,Weak
rpoN-metN2,rpoN,metN2,+,Weak
rpoN-rpsA,rpoN,rpsA,+,Weak
rpoN-PA1014,rpoN,PA1014,+,Weak
rpoN-PA3440,rpoN,PA3440,+,Weak
rpoN-pscR,rpoN,pscR,+,Weak
rpoN-nqrD,rpoN,nqrD,+,Weak
rpoN-PA2135,rpoN,PA2135,+,Weak
rpoN-PA2134,rpoN,PA2134,+,Weak
rpoN-PA2137,rpoN,PA2137,+,Weak
rpoN-PA2136,rpoN,PA2136,+,Weak
rpoN-PA4021,rpoN,PA4021,+,Weak
rpoN-nosR,rpoN,nosR,+,Strong
rpoN-nqrF,rpoN,nqrF,+,Weak
rpoN-pslN,rpoN,pslN,+,Weak
rpoN-PA0157,rpoN,PA0157,+,Weak
rpoN-PA0156,rpoN,PA0156,+,Weak
rpoN-armR,rpoN,armR,+,Weak
rpoN-nosZ,rpoN,nosZ,+,Strong
rpoN-oprE,rpoN,oprE,+,Weak
rpoN-oprD,rpoN,oprD,+,Weak
rpoN-ychF,rpoN,ychF,+,Weak
rpoN-nosD,rpoN,nosD,+,Strong
rpoN-apt,rpoN,apt,+,Weak
rpoN-nosF,rpoN,nosF,+,Strong
rpoN-mexF,rpoN,mexF,+,Weak
rpoN-nqrB,rpoN,nqrB,+,Weak
rpoN-nosL,rpoN,nosL,+,Strong
rpoN-nqrA,rpoN,nqrA,+,Weak
rpoN-pscK,rpoN,pscK,+,Weak
rpoN-PA4894,rpoN,PA4894,+,Weak
rpoN-dppB,rpoN,dppB,+,Weak
rpoN-dppC,rpoN,dppC,+,Weak
rpoN-PA2575,rpoN,PA2575,+,Weak
rpoN-pscH,rpoN,pscH,+,Weak
rpoN-dppF,rpoN,dppF,+,Weak
rpoN-PA2348,rpoN,PA2348,+,Weak
rpoN-PA2349,rpoN,PA2349,+,Weak
rpoN-gbcB,rpoN,gbcB,+,Weak
rpoN-PA2346,rpoN,PA2346,+,Weak
rpoN-nadA,rpoN,nadA,+,Weak
rpoN-PA2345,rpoN,PA2345,+,Weak
rpoN-PA4657,rpoN,PA4657,+,Weak
rpoN-dppD,rpoN,dppD,+,Weak
rpoN-rpsP,rpoN,rpsP,+,Weak
rpoN-flp,rpoN,flp,+,Weak
rpoN-PA0476,rpoN,PA0476,+,Weak
rpoN-PA0578,rpoN,PA0578,+,Weak
rpoN-pelE,rpoN,pelE,+,Weak
rpoN-pelD,rpoN,pelD,+,Weak
rpoN-pelG,rpoN,pelG,+,Weak
rpoN-pelF,rpoN,pelF,+,Weak
rpoN-pelA,rpoN,pelA,+,Weak
rpoN-pelC,rpoN,pelC,+,Weak
rpoN-pelB,rpoN,pelB,+,Weak
rpoN-PA3891,rpoN,PA3891,+,Weak
rpoN-PA3890,rpoN,PA3890,+,Weak
rpoN-PA1243,rpoN,PA1243,+,Weak
rpoN-PA1870,rpoN,PA1870,+,Weak
rpoN-PA3106,rpoN,PA3106,+,Weak
rpoN-icp,rpoN,icp,+,Weak
rpoN-PA2956,rpoN,PA2956,+,Weak
rpoN-PA2955,rpoN,PA2955,+,Weak
rpoN-PA2954,rpoN,PA2954,+,Weak
rpoN-PA2045,rpoN,PA2045,+,Weak
rpoN-PA2046,rpoN,PA2046,+,Weak
rpoN-algB,rpoN,algB,+,Strong
rpoN-amtB,rpoN,amtB,+,Strong
rpoN-ribF,rpoN,ribF,+,Weak
rpoN-PA2769,rpoN,PA2769,+,Weak
rpoN-PA2347,rpoN,PA2347,+,Weak
rpoN-pheS,rpoN,pheS,+,Weak
rpoN-pheT,rpoN,pheT,+,Weak
rpoN-PA0942,rpoN,PA0942,+,Weak
rpoN-PA0940,rpoN,PA0940,+,Weak
rpoN-PA0941,rpoN,PA0941,+,Weak
rpoN-PA0947,rpoN,PA0947,+,Weak
rpoN-pcrD,rpoN,pcrD,+,Weak
rpoN-catB,rpoN,catB,+,Weak
rpoN-catC,rpoN,catC,+,Weak
rpoN-rcpA,rpoN,rcpA,+,Weak
rpoN-rtcB,rpoN,rtcB,+,Weak
rpoN-PA4860,rpoN,PA4860,+,Weak
rpoN-pvdH,rpoN,pvdH,+,Weak
rpoN-PA3402,rpoN,PA3402,+,Weak
rpoN-PA3403,rpoN,PA3403,+,Weak
rpoN-PA3369,rpoN,PA3369,+,Weak
rpoN-PA3401,rpoN,PA3401,+,Weak
rpoN-PA4574,rpoN,PA4574,+,Weak
rpoN-PA3360,rpoN,PA3360,+,Weak
rpoN-PA0810,rpoN,PA0810,+,Weak
rpoN-tadZ,rpoN,tadZ,+,Weak
rpoN-PA3567,rpoN,PA3567,+,Weak
rpoN-PA1111,rpoN,PA1111,+,Weak
rpoN-lon,rpoN,lon,+,Weak
rpoN-PA1114,rpoN,PA1114,+,Weak
rpoN-PA1115,rpoN,PA1115,+,Weak
rpoN-rplV,rpoN,rplV,+,Weak
rpoN-gbdR,rpoN,gbdR,+,Weak
rpoN-tadG,rpoN,tadG,+,Weak
rpoN-tadA,rpoN,tadA,+,Weak
rpoN-tadC,rpoN,tadC,+,Weak
rpoN-tadB,rpoN,tadB,+,Weak
rpoN-rplU,rpoN,rplU,+,Weak
rpoN-PA0575,rpoN,PA0575,+,Weak
rpoN-fliQ,rpoN,fliQ,+,Weak
rpoN-fliP,rpoN,fliP,+,Weak
rpoN-fliS,rpoN,fliS,+,Weak
rpoN-fliR,rpoN,fliR,+,Weak
rpoN-fliM,rpoN,fliM,+,Weak
rpoN-fliL,rpoN,fliL,+,Weak
rpoN-fliO,rpoN,fliO,+,Weak
rpoN-fliN,rpoN,fliN,+,Weak
rpoN-fliI,rpoN,fliI,+,Weak
rpoN-fliH,rpoN,fliH,+,Weak
rpoN-fliJ,rpoN,fliJ,+,Weak
rpoN-fliE,rpoN,fliE,+,Weak
rpoN-fliD,rpoN,fliD,+,Weak
rpoN-fliG,rpoN,fliG,+,Weak
rpoN-fliF,rpoN,fliF,+,Weak
rpoN-PA5291,rpoN,PA5291,+,Weak
rpoN-PA5293,rpoN,PA5293,+,Weak
rpoN-fgtA,rpoN,fgtA,+,Weak
rpoN-PA3318,rpoN,PA3318,+,Weak
rpoN-rplO,rpoN,rplO,+,Weak
rpoN-PA5055,rpoN,PA5055,+,Weak
rpoN-PA1029,rpoN,PA1029,+,Weak
rpoN-PA2140,rpoN,PA2140,+,Weak
rpoN-PA2141,rpoN,PA2141,+,Weak
rpoN-PA2142,rpoN,PA2142,+,Weak
rpoN-PA2143,rpoN,PA2143,+,Weak
rpoN-PA2149,rpoN,PA2149,+,Weak
rpoN-truB,rpoN,truB,+,Weak
rpoN-PA2265,rpoN,PA2265,+,Weak
rpoN-PA2264,rpoN,PA2264,+,Weak
rpoN-PA2266,rpoN,PA2266,+,Weak
rpoN-PA3691,rpoN,PA3691,+,Weak
rpoN-rplI,rpoN,rplI,+,Weak
rpoN-PA1513,rpoN,PA1513,+,Weak
rpoN-PA0439,rpoN,PA0439,+,Weak
rpoN-psrA,rpoN,psrA,+,Weak
rpoN-PA3952,rpoN,PA3952,+,Weak
rpoN-cyoA,rpoN,cyoA,+,Weak
rpoN-cyoC,rpoN,cyoC,+,Weak
rpoN-cyoB,rpoN,cyoB,+,Weak
rpoN-cyoD,rpoN,cyoD,+,Weak
rpoN-pdxY,rpoN,pdxY,+,Weak
rpoN-PA3386,rpoN,PA3386,+,Weak
rpoN-phaC1,rpoN,phaC1,+,Weak
rpoN-PA1932,rpoN,PA1932,+,Weak
rpoN-phaC2,rpoN,phaC2,+,Weak
rpoN-PA1170,rpoN,PA1170,+,Weak
rpoN-sdaA,rpoN,sdaA,+,Weak
rpoN-nasA,rpoN,nasA,+,Strong
rpoN-PA0222,rpoN,PA0222,+,Weak
rpoN-PA0221,rpoN,PA0221,+,Weak
rpoN-PA0220,rpoN,PA0220,+,Weak
rpoN-PA1516,rpoN,PA1516,+,Weak
rpoN-PA1517,rpoN,PA1517,+,Weak
rpoN-PA4927,rpoN,PA4927,+,Weak
rpoN-PA4933,rpoN,PA4933,+,Weak
rpoN-glpD,rpoN,glpD,+,Weak
rpoN-PA3039,rpoN,PA3039,+,Weak
rpoN-PA4069,rpoN,PA4069,+,Weak
rpoN-msuE,rpoN,msuE,+,Weak
rpoN-msuD,rpoN,msuD,+,Weak
rpoN-msuC,rpoN,msuC,+,Weak
PA2050-PA2384,PA2050,PA2384,?,Strong
pruR-putA,pruR,putA,+,Strong
pilA-pilA,pilA,pilA,-,Strong
ladS-gacA,ladS,gacA,+,Strong
ladS-gacS,ladS,gacS,+,Strong
ladS-rsaL,ladS,rsaL,+,Strong
PA3899-phuR,PA3899,phuR,+,Weak
PA3899-pchR,PA3899,pchR,+,Weak
PA3899-pvdA,PA3899,pvdA,+,Weak
PA3899-PA5082,PA3899,PA5082,+,Weak
PA3899-PA5083,PA3899,PA5083,+,Weak
PA3899-PA0387,PA3899,PA0387,+,Weak
PA3899-PA4090,PA3899,PA4090,+,Weak
PA3899-pvdS,PA3899,pvdS,?,Weak
PA3899-PA1302,PA3899,PA1302,+,Weak
PA3899-PA4200,PA3899,PA4200,+,Weak
PA3899-potD,PA3899,potD,+,Weak
PA3899-PA0101,PA3899,PA0101,+,Weak
PA3899-PA4199,PA3899,PA4199,+,Weak
PA3899-PA4198,PA3899,PA4198,+,Weak
PA3899-PA4986,PA3899,PA4986,+,Weak
PA3899-PA4987,PA3899,PA4987,+,Weak
PA3899-PA5229,PA3899,PA5229,+,Weak
PA3899-PA4881,PA3899,PA4881,+,Weak
PA3899-PA3899,PA3899,PA3899,?,Weak
PA3899-PA1873,PA3899,PA1873,+,Weak
PA3899-PA1872,PA3899,PA1872,+,Weak
PA3899-PA3268,PA3899,PA3268,+,Weak
PA3899-leuB,PA3899,leuB,+,Weak
PA3899-PA3900,PA3899,PA3900,+,Weak
PA3899-oprG,PA3899,oprG,+,Weak
PA3899-PA3410,PA3899,PA3410,+,Weak
PA3899-hasAp,PA3899,hasAp,+,Weak
PA3899-PA1925,PA3899,PA1925,+,Weak
PA3899-PA0096,PA3899,PA0096,+,Weak
PA3899-PA0097,PA3899,PA0097,+,Weak
PA3899-PA0098,PA3899,PA0098,+,Weak
PA3899-PA0099,PA3899,PA0099,+,Weak
PA3899-bfiS,PA3899,bfiS,+,Weak
PA3899-bfiR,PA3899,bfiR,+,Weak
PA3899-PA2380,PA3899,PA2380,+,Weak
PA3899-dadA2,PA3899,dadA2,+,Weak
PA3899-PA1631,PA3899,PA1631,+,Weak
PA3899-PA1924,PA3899,PA1924,+,Weak
PA3899-PA1923,PA3899,PA1923,+,Weak
PA3899-PA1922,PA3899,PA1922,+,Weak
PA3899-PA1630,PA3899,PA1630,+,Weak
PA3899-PA0492,PA3899,PA0492,+,Weak
PA3899-hasR,PA3899,hasR,+,Weak
PA3899-PA1342,PA3899,PA1342,+,Weak
PA3898-PA5159,PA3898,PA5159,+,Strong
PA3898-PA5160,PA3898,PA5160,+,Strong
PA3898-mexB,PA3898,mexB,-,Strong
PA3898-oprM,PA3898,oprM,-,Strong
PA3898-mexA,PA3898,mexA,-,Strong
PA2047-mexF,PA2047,mexF,+,Strong
PA2047-mexE,PA2047,mexE,+,Strong
PA2047-oprN,PA2047,oprN,+,Strong
PA3343-rsmY,PA3343,rsmY,+,Strong
pvdS-PA4177,pvdS,PA4177,+,Weak
pvdS-pvdF,pvdS,pvdF,+,Weak
pvdS-pvdD,pvdS,pvdD,+,Weak
pvdS-pvdE,pvdS,pvdE,+,Weak
pvdS-PA4656,pvdS,PA4656,+,Weak
pvdS-rrmA,pvdS,rrmA,+,Weak
pvdS-pvdG,pvdS,pvdG,+,Weak
pvdS-PA4793,pvdS,PA4793,+,Weak
pvdS-pvdO,pvdS,pvdO,+,Weak
pvdS-prpL,pvdS,prpL,+,Weak
pvdS-pvdJ,pvdS,pvdJ,+,Weak
pvdS-PA4796,pvdS,PA4796,+,Weak
pvdS-PA4795,pvdS,PA4795,+,Weak
pvdS-PA2567,pvdS,PA2567,+,Weak
pvdS-PA1134,pvdS,PA1134,+,Weak
pvdS-pvdR,pvdS,pvdR,+,Weak
pvdS-pvdS,pvdS,pvdS,?,Weak
pvdS-pvdP,pvdS,pvdP,+,Weak
pvdS-PA1133,pvdS,PA1133,+,Weak
pvdS-dapE,pvdS,dapE,+,Weak
pvdS-PA3286,pvdS,PA3286,+,Weak
pvdS-PA5106,pvdS,PA5106,+,Weak
pvdS-PA3285,pvdS,PA3285,+,Weak
pvdS-gcd,pvdS,gcd,+,Weak
pvdS-PA4430,pvdS,PA4430,+,Weak
pvdS-PA4431,pvdS,PA4431,+,Weak
pvdS-PA2403,pvdS,PA2403,+,Weak
pvdS-gpmI,pvdS,gpmI,+,Weak
pvdS-PA2405,pvdS,PA2405,+,Weak
pvdS-PA2404,pvdS,PA2404,+,Weak
pvdS-grx,pvdS,grx,+,Weak
pvdS-sspA,pvdS,sspA,+,Weak
pvdS-PA2406,pvdS,PA2406,+,Weak
pvdS-PA4290,pvdS,PA4290,+,Weak
pvdS-PA0661,pvdS,PA0661,+,Weak
pvdS-PA4390,pvdS,PA4390,+,Weak
pvdS-PA2402,pvdS,PA2402,+,Weak
pvdS-PA3226,pvdS,PA3226,+,Weak
pvdS-pvdL,pvdS,pvdL,+,Weak
pvdS-PA3225,pvdS,PA3225,+,Weak
pvdS-lasR,pvdS,lasR,?,Strong
pvdS-secB,pvdS,secB,+,Weak
pvdS-PA1185,pvdS,PA1185,+,Weak
pvdS-fpr,pvdS,fpr,+,Weak
pvdS-PA5150,pvdS,PA5150,+,Weak
pvdS-PA1186,pvdS,PA1186,+,Weak
pvdS-PA2912,pvdS,PA2912,+,Weak
pvdS-PA0938,pvdS,PA0938,+,Weak
pvdS-sspB,pvdS,sspB,+,Weak
pvdS-pvdA,pvdS,pvdA,+,Weak
pvdS-mqo1,pvdS,mqo1,+,Weak
pvdS-rhlR,pvdS,rhlR,?,Strong
pvdS-PA3641,pvdS,PA3641,+,Weak
pvdS-PA5130,pvdS,PA5130,+,Weak
pvdS-exsB,pvdS,exsB,+,Weak
pvdS-PA4144,pvdS,PA4144,+,Weak
pvdS-opmQ,pvdS,opmQ,+,Weak
pvdS-PA4142,pvdS,PA4142,+,Weak
pvdS-PA4143,pvdS,PA4143,+,Weak
pvdS-PA4141,pvdS,PA4141,+,Weak
pvdS-PA0660,pvdS,PA0660,+,Weak
pvdS-hemH,pvdS,hemH,+,Weak
pvdS-PA2531,pvdS,PA2531,+,Weak
pvdS-PA2451,pvdS,PA2451,+,Weak
pvdS-PA2412,pvdS,PA2412,+,Weak
pvdS-ptxR,pvdS,ptxR,?,Strong
pvdS-exsA,pvdS,exsA,+,Weak
pvdS-PA4429,pvdS,PA4429,+,Weak
pvdS-PA2383,pvdS,PA2383,?,Strong
pvdS-pvdN,pvdS,pvdN,+,Weak
pvdS-PA1160,pvdS,PA1160,+,Weak
pvdS-mvfR,pvdS,mvfR,?,Strong
pvdS-exoT,pvdS,exoT,+,Weak
pvdS-toxR,pvdS,toxR,+,Weak
pvdS-PA2427,pvdS,PA2427,+,Weak
pvdS-PA2393,pvdS,PA2393,+,Weak
pvdS-argA,pvdS,argA,+,Weak
pvdS-PA2411,pvdS,PA2411,+,Weak
pvdS-macB,pvdS,macB,+,Weak
pvdS-PA4794,pvdS,PA4794,+,Weak
pvdS-hisC2,pvdS,hisC2,+,Weak
PA3345-PA3347,PA3345,PA3347,+,Strong
PA3345-PA3346,PA3345,PA3346,-,Strong
gbdR-rpsG,gbdR,rpsG,?,Strong
gbdR-PA3836,gbdR,PA3836,?,Strong
gbdR-PA3835,gbdR,PA3835,?,Strong
gbdR-dgcA,gbdR,dgcA,+,Strong
gbdR-pchP,gbdR,pchP,+,Strong
gbdR-soxB,gbdR,soxB,+,Strong
gbdR-wbpG,gbdR,wbpG,?,Strong
gbdR-soxA,gbdR,soxA,+,Strong
gbdR-soxG,gbdR,soxG,+,Strong
gbdR-soxD,gbdR,soxD,+,Strong
gbdR-PA5388,gbdR,PA5388,-,Strong
gbdR-phzD1,gbdR,phzD1,?,Strong
gbdR-hisF2,gbdR,hisF2,?,Strong
gbdR-phzF2,gbdR,phzF2,?,Strong
gbdR-phzB1,gbdR,phzB1,?,Strong
gbdR-wbpA,gbdR,wbpA,?,Strong
gbdR-PA2698,gbdR,PA2698,?,Strong
gbdR-glyA1,gbdR,glyA1,+,Strong
gbdR-dgcB,gbdR,dgcB,+,Strong
gbdR-gbdR,gbdR,gbdR,+,Strong
gbdR-plcH,gbdR,plcH,+-,Strong
gbdR-cupB3,gbdR,cupB3,?,Strong
gbdR-PA3044,gbdR,PA3044,?,Strong
gbdR-PA3045,gbdR,PA3045,?,Strong
gbdR-oprI,gbdR,oprI,?,Strong
gbdR-sdaB,gbdR,sdaB,+,Strong
gbdR-bfrB,gbdR,bfrB,?,Strong
gbdR-phzA1,gbdR,phzA1,?,Strong
gbdR-PA4087,gbdR,PA4087,?,Strong
gbdR-PA3291,gbdR,PA3291,?,Strong
gbdR-PA3290,gbdR,PA3290,?,Strong
gbdR-phzE1,gbdR,phzE1,?,Strong
gbdR-PA4139,gbdR,PA4139,?,Strong
gbdR-fimV,gbdR,fimV,?,Strong
gbdR-phzG1,gbdR,phzG1,?,Strong
gbdR-wzy,gbdR,wzy,?,Strong
gbdR-dusA,gbdR,dusA,?,Strong
gbdR-PA2459,gbdR,PA2459,?,Strong
gbdR-phzC1,gbdR,phzC1,?,Strong
gbdR-gbcB,gbdR,gbcB,+,Strong
gbdR-gbcA,gbdR,gbcA,+,Strong
gbdR-arnB,gbdR,arnB,?,Strong
soxR-cobB2,soxR,cobB2,?,Strong
soxR-PA4340,soxR,PA4340,?,Strong
soxR-PA4676,soxR,PA4676,?,Strong
soxR-PA4586,soxR,PA4586,?,Strong
soxR-PA1200,soxR,PA1200,?,Strong
soxR-PA4570,soxR,PA4570,?,Strong
soxR-glnD,soxR,glnD,?,Strong
soxR-PA0344,soxR,PA0344,?,Strong
soxR-ppgL,soxR,ppgL,?,Strong
soxR-PA3328,soxR,PA3328,?,Strong
soxR-PA2502,soxR,PA2502,?,Strong
soxR-PA4987,soxR,PA4987,?,Strong
soxR-PA3892,soxR,PA3892,?,Strong
soxR-PA4510,soxR,PA4510,?,Strong
soxR-PA4735,soxR,PA4735,?,Strong
soxR-PA1012,soxR,PA1012,?,Strong
soxR-PA3759,soxR,PA3759,?,Strong
soxR-PA4291,soxR,PA4291,?,Strong
soxR-acpP1,soxR,acpP1,?,Strong
soxR-PA5149.1,soxR,PA5149.1,?,Strong
soxR-lpdV,soxR,lpdV,?,Strong
soxR-PA0570,soxR,PA0570,?,Strong
soxR-PA0874,soxR,PA0874,?,Strong
soxR-lysC,soxR,lysC,?,Strong
soxR-opmD,soxR,opmD,?,Strong
soxR-rhlR,soxR,rhlR,?,Strong
soxR-amiC,soxR,amiC,?,Strong
soxR-mexH,soxR,mexH,?,Strong
soxR-mexI,soxR,mexI,?,Strong
soxR-pyrG,soxR,pyrG,?,Strong
soxR-mexG,soxR,mexG,?,Strong
soxR-amiR,soxR,amiR,?,Strong
soxR-PA4685,soxR,PA4685,?,Strong
soxR-PA3592,soxR,PA3592,?,Strong
soxR-PA2004,soxR,PA2004,?,Strong
soxR-PA3761,soxR,PA3761,?,Strong
soxR-cat,soxR,cat,?,Strong
soxR-PA2274,soxR,PA2274,+,Strong
soxR-PA4289,soxR,PA4289,?,Strong
mvfR-PA2874,mvfR,PA2874,?,Strong
mvfR-aruI,mvfR,aruI,?,Strong
mvfR-PA4112,mvfR,PA4112,?,Strong
mvfR-PA4340,mvfR,PA4340,?,Strong
mvfR-PA0540,mvfR,PA0540,?,Strong
mvfR-eddB,mvfR,eddB,?,Strong
mvfR-PA4676,mvfR,PA4676,?,Strong
mvfR-pchG,mvfR,pchG,?,Strong
mvfR-PA1200,mvfR,PA1200,?,Strong
mvfR-phnB,mvfR,phnB,+,Strong
mvfR-phnA,mvfR,phnA,+,Strong
mvfR-PA3740,mvfR,PA3740,?,Strong
mvfR-pelC,mvfR,pelC,?,Strong
mvfR-PA4611,mvfR,PA4611,?,Strong
mvfR-PA3067,mvfR,PA3067,?,Strong
mvfR-PA4987,mvfR,PA4987,?,Strong
mvfR-PA0138,mvfR,PA0138,?,Strong
mvfR-PA4735,mvfR,PA4735,?,Strong
mvfR-PA0851,mvfR,PA0851,?,Strong
mvfR-PA3759,mvfR,PA3759,?,Strong
mvfR-pqsD,mvfR,pqsD,+,Strong
mvfR-pqsE,mvfR,pqsE,+,Strong
mvfR-PA0557,mvfR,PA0557,?,Strong
mvfR-PA4291,mvfR,PA4291,?,Strong
mvfR-pqsA,mvfR,pqsA,+,Strong
mvfR-pqsB,mvfR,pqsB,+,Strong
mvfR-pqsC,mvfR,pqsC,+,Strong
mvfR-sigX,mvfR,sigX,?,Strong
mvfR-lpdV,mvfR,lpdV,?,Strong
mvfR-PA0570,mvfR,PA0570,?,Strong
mvfR-PA0874,mvfR,PA0874,?,Strong
mvfR-femI,mvfR,femI,?,Strong
mvfR-lysC,mvfR,lysC,?,Strong
mvfR-PA0157,mvfR,PA0157,?,Strong
mvfR-PA2864,mvfR,PA2864,?,Strong
mvfR-mvfR,mvfR,mvfR,-,Strong
mvfR-rlmF,mvfR,rlmF,?,Strong
mvfR-amiC,mvfR,amiC,?,Strong
mvfR-rhlI,mvfR,rhlI,+,Strong
mvfR-xcpT,mvfR,xcpT,?,Strong
mvfR-rhlR,mvfR,rhlR,?,Strong
mvfR-PA0643,mvfR,PA0643,?,Strong
mvfR-PA5543,mvfR,PA5543,?,Strong
mvfR-PA3375,mvfR,PA3375,?,Strong
mvfR-PA0422,mvfR,PA0422,?,Strong
mvfR-pelB,mvfR,pelB,?,Strong
mvfR-PA5136,mvfR,PA5136,?,Strong
mvfR-amiR,mvfR,amiR,?,Strong
mvfR-PA4992,mvfR,PA4992,?,Strong
mvfR-PA3077,mvfR,PA3077,?,Strong
mvfR-PA5210,mvfR,PA5210,?,Strong
mvfR-PA3592,mvfR,PA3592,?,Strong
mvfR-PA3214,mvfR,PA3214,?,Strong
mvfR-PA2004,mvfR,PA2004,?,Strong
mvfR-PA3313,mvfR,PA3313,?,Strong
mvfR-PA3761,mvfR,PA3761,?,Strong
mvfR-PA0802,mvfR,PA0802,?,Strong
mvfR-PA4289,mvfR,PA4289,?,Strong
mvfR-PA0883,mvfR,PA0883,?,Strong
mvfR-PA1295,mvfR,PA1295,?,Strong
mvfR-aguR,mvfR,aguR,?,Strong
mvfR-algU,mvfR,algU,?,Strong
bexR-aprA,bexR,aprA,+,Strong
bexR-bexR,bexR,bexR,+,Strong
bexR-PA1202,bexR,PA1202,+,Strong
bexR-PA1203,bexR,PA1203,+,Strong
bexR-PA1204,bexR,PA1204,+,Strong
bexR-PA1205,bexR,PA1205,+,Strong
bexR-PA0572,bexR,PA0572,+,Strong
gbuR-gbuA,gbuR,gbuA,+-,Strong
gbuR-glpR,gbuR,glpR,+,Strong
amrZ-PA4033,amrZ,PA4033,-,Strong
amrZ-lecA,amrZ,lecA,+,Strong
amrZ-nirS,amrZ,nirS,+,Strong
amrZ-PA4222,amrZ,PA4222,-,Strong
amrZ-PA0149,amrZ,PA0149,?,Strong
amrZ-PA1941,amrZ,PA1941,-,Strong
amrZ-PA0082,amrZ,PA0082,+,Strong
amrZ-pstC,amrZ,pstC,?,Strong
amrZ-PA1680,amrZ,PA1680,-,Strong
amrZ-PA1340,amrZ,PA1340,-,Strong
amrZ-lecB,amrZ,lecB,+,Strong
amrZ-wbpM,amrZ,wbpM,?,Strong
amrZ-PA2567,amrZ,PA2567,-,Strong
amrZ-PA1159,amrZ,PA1159,?,Strong
amrZ-pauA,amrZ,pauA,?,Strong
amrZ-mutY,amrZ,mutY,?,Strong
amrZ-ctpL,amrZ,ctpL,-,Strong
amrZ-oprJ,amrZ,oprJ,?,Strong
amrZ-PA4625,amrZ,PA4625,+,Strong
amrZ-PA1199,amrZ,PA1199,-,Strong
amrZ-PA2867,amrZ,PA2867,-,Strong
amrZ-pslA,amrZ,pslA,-,Strong
amrZ-PA3353,amrZ,PA3353,-,Strong
amrZ-PA2471,amrZ,PA2471,?,Strong
amrZ-hemH,amrZ,hemH,-,Strong
amrZ-PA1069,amrZ,PA1069,+,Strong
amrZ-PA3592,amrZ,PA3592,?,Strong
amrZ-adcA,amrZ,adcA,-,Strong
amrZ-fleQ,amrZ,fleQ,-,Strong
amrZ-PA3110,amrZ,PA3110,?,Strong
amrZ-PA3401,amrZ,PA3401,-,Strong
amrZ-PA0494,amrZ,PA0494,-,Strong
amrZ-PA2229,amrZ,PA2229,?,Strong
amrZ-PA1738,amrZ,PA1738,-,Strong
amrZ-PA3959,amrZ,PA3959,?,Strong
amrZ-PA0165,amrZ,PA0165,?,Strong
amrZ-PA3951,amrZ,PA3951,-,Strong
amrZ-hasAp,amrZ,hasAp,+,Strong
amrZ-pchG,amrZ,pchG,-,Strong
amrZ-PA0472,amrZ,PA0472,-,Strong
amrZ-PA1107,amrZ,PA1107,?,Strong
amrZ-ampDh3,amrZ,ampDh3,?,Strong
amrZ-cobO,amrZ,cobO,?,Strong
amrZ-cobH,amrZ,cobH,?,Strong
amrZ-pelB,amrZ,pelB,+,Strong
amrZ-PA1736,amrZ,PA1736,?,Strong
amrZ-xcpP,amrZ,xcpP,?,Strong
amrZ-PA3367,amrZ,PA3367,-,Strong
amrZ-PA2462,amrZ,PA2462,-,Strong
amrZ-PA2461,amrZ,PA2461,?,Strong
amrZ-PA4392,amrZ,PA4392,?,Strong
amrZ-PA0938,amrZ,PA0938,-,Strong
amrZ-sigX,amrZ,sigX,?,Strong
amrZ-PA1664,amrZ,PA1664,-,Strong
amrZ-PA0172,amrZ,PA0172,-,Strong
amrZ-PA0263.1,amrZ,PA0263.1,?,Strong
amrZ-PA4488,amrZ,PA4488,?,Strong
amrZ-phzA1,amrZ,phzA1,-,Strong
amrZ-asd,amrZ,asd,?,Strong
amrZ-algD,amrZ,algD,+,Strong
amrZ-PA1088,amrZ,PA1088,-,Strong
amrZ-prtN,amrZ,prtN,+,Strong
amrZ-ispF,amrZ,ispF,-,Strong
amrZ-PA0947,amrZ,PA0947,?,Strong
amrZ-PA1657,amrZ,PA1657,-,Strong
amrZ-PA3836,amrZ,PA3836,?,Strong
amrZ-putP,amrZ,putP,?,Strong
amrZ-PA4677,amrZ,PA4677,-,Strong
amrZ-PA5167,amrZ,PA5167,-,Strong
amrZ-lldA,amrZ,lldA,?,Strong
amrZ-PA1784,amrZ,PA1784,+,Strong
amrZ-pvdS,amrZ,pvdS,?,Strong
amrZ-PA1055,amrZ,PA1055,?,Strong
amrZ-PA0691,amrZ,PA0691,?,Strong
amrZ-PA0102,amrZ,PA0102,+,Strong
amrZ-PA1383,amrZ,PA1383,?,Strong
amrZ-PA4980,amrZ,PA4980,-,Strong
amrZ-PA4987,amrZ,PA4987,?,Strong
amrZ-PA1668,amrZ,PA1668,-,Strong
amrZ-PA1913,amrZ,PA1913,-,Strong
amrZ-gbdR,amrZ,gbdR,?,Strong
amrZ-femI,amrZ,femI,?,Strong
amrZ-rhlE,amrZ,rhlE,?,Strong
amrZ-rhlA,amrZ,rhlA,+,Strong
amrZ-PA3722,amrZ,PA3722,-,Strong
amrZ-PA3413,amrZ,PA3413,-,Strong
amrZ-rhlR,amrZ,rhlR,-,Strong
amrZ-amrZ,amrZ,amrZ,-,Strong
amrZ-fliF,amrZ,fliF,-,Strong
amrZ-fpvI,amrZ,fpvI,?,Strong
amrZ-flp,amrZ,flp,-,Strong
amrZ-pys2,amrZ,pys2,+,Strong
amrZ-dnaE,amrZ,dnaE,?,Strong
amrZ-PA1473,amrZ,PA1473,?,Strong
amrZ-PA3019,amrZ,PA3019,-,Strong
amrZ-pctC,amrZ,pctC,-,Strong
amrZ-PA3854,amrZ,PA3854,?,Strong
amrZ-PA3691,amrZ,PA3691,-,Strong
amrZ-nosR,amrZ,nosR,+,Strong
amrZ-PA4324,amrZ,PA4324,-,Strong
amrZ-PA1131,amrZ,PA1131,?,Strong
amrZ-PA2504,amrZ,PA2504,?,Strong
amrZ-PA1363,amrZ,PA1363,?,Strong
amrZ-PA1939,amrZ,PA1939,-,Strong
amrZ-PA1211,amrZ,PA1211,?,Strong
amrZ-PA3533,amrZ,PA3533,?,Strong
amrZ-PA5138,amrZ,PA5138,-,Strong
amrZ-PA0038,amrZ,PA0038,-,Strong
amrZ-PA4683,amrZ,PA4683,-,Strong
amrZ-surA,amrZ,surA,?,Strong
amrZ-flgG,amrZ,flgG,-,Strong
amrZ-flgE,amrZ,flgE,-,Strong
amrZ-vreA,amrZ,vreA,+,Strong
amrZ-PA3235,amrZ,PA3235,-,Strong
amrZ-PA3234,amrZ,PA3234,-,Strong
PA2780-rsmZ,PA2780,rsmZ,+,Strong
PA2251-ansA,PA2251,ansA,+,Strong
PA2251-PA2252,PA2251,PA2252,+,Strong
mgtE-gacS,mgtE,gacS,+,Strong
mgtE-exsA,mgtE,exsA,-,Strong
hfq-foxI,hfq,foxI,?,Strong
hfq-PA1300,hfq,PA1300,?,Strong
hfq-PA0714.1,hfq,PA0714.1,+,Strong
hfq-PA0149,hfq,PA0149,?,Strong
hfq-PA1363,hfq,PA1363,?,Strong
hfq-femI,hfq,femI,?,Strong
hfq-sigX,hfq,sigX,?,Strong
hfq-rsmY,hfq,rsmY,+,Strong
hfq-pvdS,hfq,pvdS,?,Strong
PA2100-PA5159,PA2100,PA5159,+,Strong
PA2100-PA5160,PA2100,PA5160,+,Strong
PA2100-mexB,PA2100,mexB,-,Strong
PA2100-oprM,PA2100,oprM,-,Strong
PA2100-mexA,PA2100,mexA,-,Strong
cdhR-PA5384,cdhR,PA5384,+,Strong
cdhR-cdhC,cdhR,cdhC,+,Strong
cdhR-cdhB,cdhR,cdhB,+,Strong
cdhR-PA5388,cdhR,PA5388,+,Strong
cdhR-cdhR,cdhR,cdhR,-,Strong
cdhR-lcdH,cdhR,lcdH,+,Strong
PA2896-PA2896,PA2896,PA2896,+,Strong
PA2896-PA0167,PA2896,PA0167,?,Strong
PA2896-bexR,PA2896,bexR,?,Strong
PA2896-PA1494,PA2896,PA1494,?,Strong
PA2896-PA0839,PA2896,PA0839,?,Strong
PA2895-PA2896,PA2895,PA2896,-,Strong
PA2523-czcB,PA2523,czcB,+,Strong
PA2523-czcC,PA2523,czcC,+,Strong
PA2523-czcA,PA2523,czcA,+,Strong
PA2523-oprD,PA2523,oprD,-,Strong
PA2523-phzA1,PA2523,phzA1,-,Strong
PA2523-lasI,PA2523,lasI,-,Strong
anr-narK2,anr,narK2,+,Strong
anr-narK1,anr,narK1,+,Strong
anr-nirQ,anr,nirQ,+,Strong
anr-narX,anr,narX,+,Strong
anr-nirS,anr,nirS,+,Strong
anr-PA2896,anr,PA2896,?,Strong
anr-plcH,anr,plcH,-,Strong
anr-norC,anr,norC,+,Strong
anr-narL,anr,narL,+,Strong
anr-narI,anr,narI,+,Strong
anr-narH,anr,narH,+,Strong
anr-anr,anr,anr,+,Strong
anr-narJ,anr,narJ,+,Strong
anr-narG,anr,narG,+,Strong
anr-PA1300,anr,PA1300,?,Strong
anr-PA0521,anr,PA0521,+,Strong
anr-murI,anr,murI,+-,Strong
anr-ccoO2,anr,ccoO2,+,Strong
anr-PA1746,anr,PA1746,+,Strong
anr-prmC,anr,prmC,+-,Strong
anr-PA3899,anr,PA3899,?,Strong
anr-adhA,anr,adhA,-,Strong
anr-dnr,anr,dnr,+,Strong
anr-hcnA,anr,hcnA,+,Strong
anr-hcnC,anr,hcnC,+,Strong
anr-hcnB,anr,hcnB,+,Strong
anr-ccoP2,anr,ccoP2,+,Strong
anr-PA4352,anr,PA4352,+,Strong
anr-prfA,anr,prfA,+,Strong
anr-PA0522,anr,PA0522,+,Strong
anr-cioA,anr,cioA,-,Strong
anr-cioB,anr,cioB,-,Strong
anr-oprE,anr,oprE,+,Strong
anr-PA3305.1,anr,PA3305.1,+,Strong
anr-PA1571,anr,PA1571,+,Strong
anr-ccmB,anr,ccmB,+,Strong
anr-ccoN2,anr,ccoN2,+,Strong
anr-glpT,anr,glpT,+,Strong
anr-aer,anr,aer,+,Strong
anr-hemN,anr,hemN,+,Strong
anr-norB,anr,norB,+,Strong
anr-hemA,anr,hemA,+,Strong
anr-hemF,anr,hemF,+,Strong
anr-arcD,anr,arcD,+,Strong
anr-ccoQ2,anr,ccoQ2,+,Strong
anr-moeB,anr,moeB,+-,Strong
anr-arcA,anr,arcA,+,Strong
anr-arcB,anr,arcB,+,Strong
anr-arcC,anr,arcC,+,Strong
anr-coxB,anr,coxB,-,Strong
anr-coxA,anr,coxA,-,Strong
anr-azu,anr,azu,+,Strong
anr-aroE,anr,aroE,+,Strong
PA1261-PA1268,PA1261,PA1268,+,Strong
PA1261-PA1258,PA1261,PA1258,+,Strong
PA1261-PA1260,PA1261,PA1260,+,Strong
PA1261-PA1257,PA1261,PA1257,+,Strong
PA1261-PA1256,PA1261,PA1256,+,Strong
PA1261-PA1266,PA1261,PA1266,+,Strong
PA1261-PA1267,PA1261,PA1267,+,Strong
PA1261-PA1266.1,PA1261,PA1266.1,+,Strong
gntR-gnuT,gntR,gnuT,-,Strong
PA2667-cupA1,PA2667,cupA1,-,Strong
PA2667-aotJ,PA2667,aotJ,-,Strong
PA2082-PA2082,PA2082,PA2082,+,Strong
PA2082-kynU,PA2082,kynU,+,Strong
PA2082-kynB,PA2082,kynB,+,Strong
PA2082-PA2079,PA2082,PA2079,+,Strong
PA2082-kynA,PA2082,kynA,+,Strong
PA3204-mexB,PA3204,mexB,+,Strong
PA3204-oprM,PA3204,oprM,+,Strong
PA3204-mexA,PA3204,mexA,+,Strong
clpX-algU,clpX,algU,-,Strong
crc-rpoS,crc,rpoS,-,Strong
crc-PA1182,crc,PA1182,-,Strong
crc-PA5530,crc,PA5530,+,Strong
crc-prpC,crc,prpC,-,Strong
crc-nirS,crc,nirS,+,Strong
crc-PA2486,crc,PA2486,+,Strong
crc-cpdA,crc,cpdA,-,Strong
crc-ptrB,crc,ptrB,-,Strong
crc-gltR,crc,gltR,-,Strong
crc-PA0886,crc,PA0886,-,Strong
crc-PA0885,crc,PA0885,-,Strong
crc-PA0884,crc,PA0884,-,Strong
crc-acsA1,crc,acsA1,-,Strong
crc-fimL,crc,fimL,-,Strong
lasR-aroQ,lasR,aroQ,?,Strong
lasR-plcB,lasR,plcB,+,Strong
lasR-hvn,lasR,hvn,+,Strong
lasR-PA4677,lasR,PA4677,?,Strong
lasR-PA2588,lasR,PA2588,+,Strong
lasR-kynU,lasR,kynU,+,Strong
lasR-inh,lasR,inh,+,Strong
lasR-pvdS,lasR,pvdS,+,Strong
lasR-nuh,lasR,nuh,+,Strong
lasR-rhlB,lasR,rhlB,+,Strong
lasR-flp,lasR,flp,+,Strong
lasR-aprE,lasR,aprE,+,Strong
lasR-aprD,lasR,aprD,+,Strong
lasR-phzD1,lasR,phzD1,+,Strong
lasR-aprF,lasR,aprF,+,Strong
lasR-aprA,lasR,aprA,+,Strong
lasR-xcpQ,lasR,xcpQ,+,Strong
lasR-xcpP,lasR,xcpP,+,Strong
lasR-phzB1,lasR,phzB1,+,Strong
lasR-rhlA,lasR,rhlA,+,Strong
lasR-PA3535.1,lasR,PA3535.1,-,Strong
lasR-PA1159,lasR,PA1159,?,Strong
lasR-pqsD,lasR,pqsD,+,Strong
lasR-pqsE,lasR,pqsE,+,Strong
lasR-acpP1,lasR,acpP1,+,Strong
lasR-pqsA,lasR,pqsA,+,Strong
lasR-pqsB,lasR,pqsB,+,Strong
lasR-pqsC,lasR,pqsC,+,Strong
lasR-hcnA,lasR,hcnA,+,Strong
lasR-hcnC,lasR,hcnC,+,Strong
lasR-hcnB,lasR,hcnB,+,Strong
lasR-pqsH,lasR,pqsH,+,Strong
lasR-aprX,lasR,aprX,+,Strong
lasR-phzM,lasR,phzM,+,Strong
lasR-pslK,lasR,pslK,+,Strong
lasR-rhlG,lasR,rhlG,+,Strong
lasR-pslI,lasR,pslI,+,Strong
lasR-pslH,lasR,pslH,+,Strong
lasR-phnC2,lasR,phnC2,+,Strong
lasR-pslL,lasR,pslL,+,Strong
lasR-pslC,lasR,pslC,+,Strong
lasR-pslB,lasR,pslB,+,Strong
lasR-pslA,lasR,pslA,+,Strong
lasR-rpoS,lasR,rpoS,+,Strong
lasR-pslF,lasR,pslF,+,Strong
lasR-pslE,lasR,pslE,+,Strong
lasR-pslD,lasR,pslD,+,Strong
lasR-phzA1,lasR,phzA1,+,Strong
lasR-lasB,lasR,lasB,+,Strong
lasR-rhlR,lasR,rhlR,+,Strong
lasR-amrZ,lasR,amrZ,?,Strong
lasR-PA3535,lasR,PA3535,?,Strong
lasR-lasI,lasR,lasI,+,Strong
lasR-pslG,lasR,pslG,+,Strong
lasR-rhlI,lasR,rhlI,+,Strong
lasR-lap,lasR,lap,?,Strong
lasR-lpdV,lasR,lpdV,+,Strong
lasR-rsaL,lasR,rsaL,+,Strong
lasR-pslJ,lasR,pslJ,+,Strong
lasR-mexR,lasR,mexR,+,Strong
lasR-bphP,lasR,bphP,+,Strong
lasR-phzC1,lasR,phzC1,+,Strong
lasR-phzF1,lasR,phzF1,+,Strong
lasR-PA5232,lasR,PA5232,?,Strong
lasR-clpP2,lasR,clpP2,?,Strong
lasR-mvfR,lasR,mvfR,+,Strong
lasR-clpP1,lasR,clpP1,+,Strong
lasR-vqsR,lasR,vqsR,+,Strong
lasR-bphO,lasR,bphO,+,Strong
lasR-tpbA,lasR,tpbA,+,Strong
lasR-kynB,lasR,kynB,+,Strong
lasR-PA1656,lasR,PA1656,?,Strong
lasR-PA0028,lasR,PA0028,?,Strong
gacS-gacA,gacS,gacA,+,Strong
gacA-PA2874,gacA,PA2874,?,Strong
gacA-PA3973,gacA,PA3973,?,Strong
gacA-cobB2,gacA,cobB2,?,Strong
gacA-PA0557,gacA,PA0557,?,Strong
gacA-PA0028,gacA,PA0028,?,Strong
gacA-speH,gacA,speH,?,Strong
gacA-rsmZ,gacA,rsmZ,+,Strong
gacA-rsmY,gacA,rsmY,+,Strong
gacA-PA3328,gacA,PA3328,?,Strong
gacA-PA0851,gacA,PA0851,?,Strong
gacA-PA1012,gacA,PA1012,?,Strong
gacA-PA5149.1,gacA,PA5149.1,?,Strong
gacA-pauA,gacA,pauA,?,Strong
gacA-mutY,gacA,mutY,?,Strong
gacA-pslJ,gacA,pslJ,?,Strong
gacA-PA0157,gacA,PA0157,?,Strong
gacA-PA2864,gacA,PA2864,?,Strong
gacA-PA0158,gacA,PA0158,?,Strong
gacA-PA5543,gacA,PA5543,?,Strong
gacA-PA3510,gacA,PA3510,?,Strong
gacA-PA4312,gacA,PA4312,?,Strong
gacA-PA2471,gacA,PA2471,?,Strong
gacA-PA1069,gacA,PA1069,?,Strong
gacA-PA3592,gacA,PA3592,?,Strong
gacA-PA3214,gacA,PA3214,?,Strong
gacA-PA4896,gacA,PA4896,?,Strong
gacA-PA3325,gacA,PA3325,?,Strong
gacA-PA3761,gacA,PA3761,?,Strong
gacA-PA3110,gacA,PA3110,?,Strong
gacA-csrA,gacA,csrA,+,Strong
gacA-aguR,gacA,aguR,?,Strong
gacA-desB,gacA,desB,?,Strong
gacA-PA0277,gacA,PA0277,?,Strong
gacA-PA4019,gacA,PA4019,?,Strong
gacA-PA4654,gacA,PA4654,?,Strong
gacA-PA0165,gacA,PA0165,?,Strong
gacA-pchG,gacA,pchG,?,Strong
gacA-pchF,gacA,pchF,?,Strong
gacA-PA3342,gacA,PA3342,?,Strong
gacA-cobH,gacA,cobH,?,Strong
gacA-ppgL,gacA,ppgL,?,Strong
gacA-pelC,gacA,pelC,?,Strong
gacA-pelB,gacA,pelB,?,Strong
gacA-xcpT,gacA,xcpT,?,Strong
gacA-PA3892,gacA,PA3892,?,Strong
gacA-PA0344,gacA,PA0344,?,Strong
gacA-PA3899,gacA,PA3899,?,Strong
gacA-PA1300,gacA,PA1300,?,Strong
gacA-PA3457,gacA,PA3457,?,Strong
gacA-lasR,gacA,lasR,+,Strong
gacA-PA0172,gacA,PA0172,?,Strong
gacA-PA4488,gacA,PA4488,?,Strong
gacA-PA4948,gacA,PA4948,?,Strong
gacA-PA3375,gacA,PA3375,?,Strong
gacA-PA3077,gacA,PA3077,?,Strong
gacA-PA3572,gacA,PA3572,?,Strong
gacA-recD,gacA,recD,?,Strong
gacA-PA4340,gacA,PA4340,?,Strong
gacA-PA4171,gacA,PA4171,?,Strong
gacA-eddB,gacA,eddB,?,Strong
gacA-PA4676,gacA,PA4676,?,Strong
gacA-PA5167,gacA,PA5167,?,Strong
gacA-lldA,gacA,lldA,?,Strong
gacA-pvdS,gacA,pvdS,?,Strong
gacA-PA1055,gacA,PA1055,?,Strong
gacA-PA0691,gacA,PA0691,?,Strong
gacA-PA0102,gacA,PA0102,?,Strong
gacA-PA5517,gacA,PA5517,?,Strong
gacA-PA3959,gacA,PA3959,?,Strong
gacA-tonB,gacA,tonB,?,Strong
gacA-exsB,gacA,exsB,?,Strong
gacA-PA4987,gacA,PA4987,?,Strong
gacA-PA3564,gacA,PA3564,?,Strong
gacA-PA4475,gacA,PA4475,?,Strong
gacA-lpdV,gacA,lpdV,?,Strong
gacA-rhlE,gacA,rhlE,?,Strong
gacA-rhlR,gacA,rhlR,?,Strong
gacA-greB,gacA,greB,?,Strong
gacA-PA4586,gacA,PA4586,?,Strong
gacA-aruI,gacA,aruI,?,Strong
gacA-PA4992,gacA,PA4992,?,Strong
gacA-PA5210,gacA,PA5210,?,Strong
gacA-PA2958.1,gacA,PA2958.1,+,Strong
gacA-PA3313,gacA,PA3313,?,Strong
gacA-PA1107,gacA,PA1107,?,Strong
gacA-PA1473,gacA,PA1473,?,Strong
gacA-PA2301,gacA,PA2301,?,Strong
gacA-PA0802,gacA,PA0802,?,Strong
gacA-foxI,gacA,foxI,?,Strong
gacA-PA4112,gacA,PA4112,?,Strong
gacA-PA2588,gacA,PA2588,?,Strong
gacA-PA5342,gacA,PA5342,?,Strong
gacA-PA1200,gacA,PA1200,?,Strong
gacA-cyoA,gacA,cyoA,?,Strong
gacA-PA4611,gacA,PA4611,?,Strong
gacA-aprE,gacA,aprE,?,Strong
gacA-PA2502,gacA,PA2502,?,Strong
gacA-PA3309,gacA,PA3309,?,Strong
gacA-PA4510,gacA,PA4510,?,Strong
gacA-PA1363,gacA,PA1363,?,Strong
gacA-glnD,gacA,glnD,?,Strong
gacA-PA4925,gacA,PA4925,?,Strong
gacA-PA4291,gacA,PA4291,?,Strong
gacA-hcnA,gacA,hcnA,+,Strong
gacA-hcnC,gacA,hcnC,+,Strong
gacA-hcnB,gacA,hcnB,+,Strong
gacA-dsbE,gacA,dsbE,?,Strong
gacA-PA1287,gacA,PA1287,?,Strong
gacA-PA0874,gacA,PA0874,?,Strong
gacA-PA0041a,gacA,PA0041a,?,Strong
gacA-PA0703,gacA,PA0703,?,Strong
gacA-amiC,gacA,amiC,?,Strong
gacA-PA0138,gacA,PA0138,?,Strong
gacA-PA1211,gacA,PA1211,?,Strong
gacA-PA3533,gacA,PA3533,?,Strong
gacA-PA0540,gacA,PA0540,?,Strong
gacA-liuE,gacA,liuE,?,Strong
gacA-pyrG,gacA,pyrG,?,Strong
gacA-PA2504,gacA,PA2504,?,Strong
gacA-PA0422,gacA,PA0422,?,Strong
gacA-PA5136,gacA,PA5136,?,Strong
gacA-amiR,gacA,amiR,?,Strong
gacA-PA4685,gacA,PA4685,?,Strong
gacA-PA3669,gacA,PA3669,?,Strong
gacA-PA3749,gacA,PA3749,?,Strong
gacA-vreI,gacA,vreI,?,Strong
gacA-PA4289,gacA,PA4289,?,Strong
gacA-PA1295,gacA,PA1295,?,Strong
ampR-PA2896,ampR,PA2896,?,Strong
ampR-poxB,ampR,poxB,+,Strong
ampR-PA0149,ampR,PA0149,?,Strong
ampR-mexF,ampR,mexF,+,Strong
ampR-pvdS,ampR,pvdS,?,Strong
ampR-ampDh2,ampR,ampDh2,+,Strong
ampR-ampDh3,ampR,ampDh3,+,Strong
ampR-rsmZ,ampR,rsmZ,+,Strong
ampR-creD,ampR,creD,-,Strong
ampR-nagZ,ampR,nagZ,+,Strong
ampR-femI,ampR,femI,?,Strong
ampR-ampC,ampR,ampC,+,Strong
ampR-rpoS,ampR,rpoS,+,Strong
ampR-lasR,ampR,lasR,-,Strong
ampR-oprN,ampR,oprN,+,Strong
ampR-mvfR,ampR,mvfR,+,Strong
ampR-mexT,ampR,mexT,-,Strong
ampR-ampG,ampR,ampG,+,Strong
ampR-ampD,ampR,ampD,+,Strong
ampR-algU,ampR,algU,-,Strong
ampR-lasA,ampR,lasA,-,Strong
ampR-lasB,ampR,lasB,+,Strong
ampR-rhlR,ampR,rhlR,+,Strong
ampR-algB,ampR,algB,-,Strong
ampR-lasI,ampR,lasI,-,Strong
ampR-mexE,ampR,mexE,+,Strong
ampR-prtR,ampR,prtR,+,Strong
ampR-PA4218,ampR,PA4218,+,Strong
vreI-vreR,vreI,vreR,?,Strong
vreI-PA2384,vreI,PA2384,?,Strong
vreI-PA0149,vreI,PA0149,?,Strong
vreI-PA5403,vreI,PA5403,?,Strong
mexZ-mexX,mexZ,mexX,-,Strong
mexZ-mexY,mexZ,mexY,-,Strong
mexT-lldP,mexT,lldP,-,Strong
mexT-PA2486,mexT,PA2486,+,Strong
mexT-phnA,mexT,phnA,-,Strong
mexT-PA1942,mexT,PA1942,+,Strong
mexT-phnB,mexT,phnB,-,Strong
mexT-PA2812,mexT,PA2812,+,Strong
mexT-PA2813,mexT,PA2813,+,Strong
mexT-PA2811,mexT,PA2811,+,Strong
mexT-xenB,mexT,xenB,+,Strong
mexT-pscE,mexT,pscE,-,Strong
mexT-PA3205,mexT,PA3205,+,Strong
mexT-PA2759,mexT,PA2759,+,Strong
mexT-PA4772,mexT,PA4772,-,Strong
mexT-PA4881,mexT,PA4881,+,Strong
mexT-rhlA,mexT,rhlA,-,Strong
mexT-fabH,mexT,fabH,-,Strong
mexT-pqsD,mexT,pqsD,-,Strong
mexT-pqsE,mexT,pqsE,-,Strong
mexT-cbpD,mexT,cbpD,-,Strong
mexT-pqsA,mexT,pqsA,-,Strong
mexT-pqsB,mexT,pqsB,-,Strong
mexT-pqsC,mexT,pqsC,-,Strong
mexT-hcnA,mexT,hcnA,-,Strong
mexT-hcnC,mexT,hcnC,-,Strong
mexT-hcnB,mexT,hcnB,-,Strong
mexT-exsA,mexT,exsA,-,Strong
mexT-PA2491,mexT,PA2491,+,Strong
mexT-PA4623,mexT,PA4623,+,Strong
mexT-oprN,mexT,oprN,+,Strong
mexT-PA4355,mexT,PA4355,+,Strong
mexT-PA4354,mexT,PA4354,+,Strong
mexT-PA1970,mexT,PA1970,+,Strong
mexT-mexT,mexT,mexT,+,Strong
mexT-acpP2,mexT,acpP2,-,Strong
mexT-oprD,mexT,oprD,-,Strong
mexT-rhlI,mexT,rhlI,+,Strong
mexT-pvdA,mexT,pvdA,+,Strong
mexT-PA1333,mexT,PA1333,+,Strong
mexT-PA3530,mexT,PA3530,+,Strong
mexT-mexF,mexT,mexF,+,Strong
mexT-mexE,mexT,mexE,+,Strong
mexT-PA4141,mexT,PA4141,+,Strong
mexT-PA3331,mexT,PA3331,-,Strong
mexT-PA3332,mexT,PA3332,-,Strong
mexT-PA1744,mexT,PA1744,+,Strong
mexT-lasB,mexT,lasB,-,Strong
mexT-clpP2,mexT,clpP2,-,Strong
mexT-PA1658,mexT,PA1658,-,Strong
mexT-lldD,mexT,lldD,-,Strong
mexT-PA3229,mexT,PA3229,+,Strong
mexT-PA1657,mexT,PA1657,-,Strong
mexR-nalC,mexR,nalC,-,Strong
mexR-mexT,mexR,mexT,-,Strong
mexR-mexB,mexR,mexB,-,Strong
mexR-oprM,mexR,oprM,-,Strong
mexR-mexA,mexR,mexA,-,Strong
PA5166-PA0886,PA5166,PA0886,+,Strong
PA5166-PA0885,PA5166,PA0885,+,Strong
PA5166-PA0884,PA5166,PA0884,+,Strong
PA5166-dctA2,PA5166,dctA2,+,Strong
mifR-PA5530,mifR,PA5530,+,Strong
flgM-fliA,flgM,fliA,-,Strong
flgM-fliC,flgM,fliC,-,Strong
hexR-zwf,hexR,zwf,-,Strong
PA4778-PA3523,PA4778,PA3523,+,Strong
ihfA-narK2,ihfA,narK2,+,Strong
ihfA-narK1,ihfA,narK1,+,Strong
ihfA-hemA,ihfA,hemA,+,Strong
ihfA-pchP,ihfA,pchP,+,Strong
ihfA-algX,ihfA,algX,+,Strong
ihfA-moeB,ihfA,moeB,+,Strong
ihfA-narI,ihfA,narI,+,Strong
ihfA-narH,ihfA,narH,+,Strong
ihfA-narJ,ihfA,narJ,+,Strong
ihfA-narG,ihfA,narG,+,Strong
ihfA-murI,ihfA,murI,+,Strong
ihfA-alg8,ihfA,alg8,+,Strong
ihfA-prmC,ihfA,prmC,+,Strong
ihfA-gbdR,ihfA,gbdR,+,Strong
ihfA-lasR,ihfA,lasR,+,Strong
ihfA-oprE,ihfA,oprE,+,Strong
ihfA-alg44,ihfA,alg44,+,Strong
ihfA-algJ,ihfA,algJ,+,Strong
ihfA-algK,ihfA,algK,+,Strong
ihfA-algI,ihfA,algI,+,Strong
ihfA-algL,ihfA,algL,+,Strong
ihfA-algB,ihfA,algB,+,Strong
ihfA-fliD,ihfA,fliD,+,Strong
ihfA-algA,ihfA,algA,+,Strong
ihfA-algF,ihfA,algF,+,Strong
ihfA-algG,ihfA,algG,+,Strong
ihfA-algD,ihfA,algD,+,Strong
ihfA-algE,ihfA,algE,+,Strong
ihfA-fleS,ihfA,fleS,+,Strong
ihfA-fleR,ihfA,fleR,+,Strong
ihfB-narK2,ihfB,narK2,+,Strong
ihfB-narK1,ihfB,narK1,+,Strong
ihfB-hemA,ihfB,hemA,+,Strong
ihfB-pchP,ihfB,pchP,+,Strong
ihfB-algX,ihfB,algX,+,Strong
ihfB-moeB,ihfB,moeB,+,Strong
ihfB-narI,ihfB,narI,+,Strong
ihfB-narH,ihfB,narH,+,Strong
ihfB-narJ,ihfB,narJ,+,Strong
ihfB-narG,ihfB,narG,+,Strong
ihfB-murI,ihfB,murI,+,Strong
ihfB-alg8,ihfB,alg8,+,Strong
ihfB-prmC,ihfB,prmC,+,Strong
ihfB-gbdR,ihfB,gbdR,+,Strong
ihfB-lasR,ihfB,lasR,+,Strong
ihfB-oprE,ihfB,oprE,+,Strong
ihfB-alg44,ihfB,alg44,+,Strong
ihfB-algJ,ihfB,algJ,+,Strong
ihfB-algK,ihfB,algK,+,Strong
ihfB-algI,ihfB,algI,+,Strong
ihfB-algL,ihfB,algL,+,Strong
ihfB-algB,ihfB,algB,+,Strong
ihfB-fliD,ihfB,fliD,+,Strong
ihfB-algA,ihfB,algA,+,Strong
ihfB-algF,ihfB,algF,+,Strong
ihfB-algG,ihfB,algG,+,Strong
ihfB-algD,ihfB,algD,+,Strong
ihfB-algE,ihfB,algE,+,Strong
ihfB-fleS,ihfB,fleS,+,Strong
ihfB-fleR,ihfB,fleR,+,Strong
toxR-orf1,toxR,orf1,+,Strong
toxR-tolR,toxR,tolR,+,Strong
toxR-tolQ,toxR,tolQ,+,Strong
toxR-eta,toxR,eta,+,Strong
toxR-tolB,toxR,tolB,+,Strong
toxR-tolA,toxR,tolA,+,Strong
toxR-pal,toxR,pal,+,Strong
glpR-glpT,glpR,glpT,-,Strong
glpR-glpD,glpR,glpD,-,Strong
glpR-glpF,glpR,glpF,-,Strong
glpR-agmR,glpR,agmR,+,Strong
glpR-ihfA,glpR,ihfA,-,Strong
glpR-pelA,glpR,pelA,-,Strong
cmpX-exoS,cmpX,exoS,+,Strong
cmpX-rsmY,cmpX,rsmY,-,Strong
cmpX-oprF,cmpX,oprF,+,Strong
cmpX-sigX,cmpX,sigX,+,Strong
fur-foxI,fur,foxI,-,Strong
fur-phuR,fur,phuR,+,Strong
fur-pchR,fur,pchR,-,Strong
fur-gbuR,fur,gbuR,-,Strong
fur-phuT,fur,phuT,+,Strong
fur-tolR,fur,tolR,-,Strong
fur-tolQ,fur,tolQ,-,Strong
fur-PA0149,fur,PA0149,?,Strong
fur-hasAp,fur,hasAp,-,Strong
fur-pchF,fur,pchF,-,Strong
fur-PA2050,fur,PA2050,?,Strong
fur-pchD,fur,pchD,-,Strong
fur-pchC,fur,pchC,-,Strong
fur-pchB,fur,pchB,-,Strong
fur-pchA,fur,pchA,-,Strong
fur-pvdQ,fur,pvdQ,+,Strong
fur-tolB,fur,tolB,-,Strong
fur-tolA,fur,tolA,-,Strong
fur-foxR,fur,foxR,-,Strong
fur-piuC,fur,piuC,-,Strong
fur-rplA,fur,rplA,+,Strong
fur-PA1300,fur,PA1300,?,Strong
fur-PA3899,fur,PA3899,?,Strong
fur-rplJ,fur,rplJ,+,Strong
fur-femI,fur,femI,?,Strong
fur-pal,fur,pal,-,Strong
fur-pfeR,fur,pfeR,-,Strong
fur-fpvR,fur,fpvR,+,Strong
fur-fptB,fur,fptB,+,Strong
fur-PA3410,fur,PA3410,?,Strong
fur-PA3530,fur,PA3530,-,Strong
fur-fptA,fur,fptA,+,Strong
fur-fpvI,fur,fpvI,-,Strong
fur-fagA,fur,fagA,-,Strong
fur-PA0472,fur,PA0472,?,Strong
fur-PA4896,fur,PA4896,?,Strong
fur-pchE,fur,pchE,-,Strong
fur-eta,fur,eta,-,Strong
fur-rplL,fur,rplL,+,Strong
fur-PrrF2,fur,PrrF2,+,Strong
fur-PrrF1,fur,PrrF1,+,Strong
fur-icmP,fur,icmP,+,Strong
fur-hasR,fur,hasR,+,Strong
fur-pvdS,fur,pvdS,-,Strong
aguR-aguB,aguR,aguB,-,Strong
aguR-aguA,aguR,aguA,-,Strong
rpoS-aer2,rpoS,aer2,+,Weak
rpoS-plcB,rpoS,plcB,+,Weak
rpoS-PA2746,rpoS,PA2746,+,Weak
rpoS-ldh,rpoS,ldh,+,Weak
rpoS-recO,rpoS,recO,+,Weak
rpoS-acnA,rpoS,acnA,+,Weak
rpoS-PA4639,rpoS,PA4639,+,Weak
rpoS-pprA,rpoS,pprA,+,Weak
rpoS-PA1343,rpoS,PA1343,+,Weak
rpoS-PA3289,rpoS,PA3289,+,Weak
rpoS-PA4631,rpoS,PA4631,+,Weak
rpoS-PA0027,rpoS,PA0027,+,Weak
rpoS-PA1076,rpoS,PA1076,+,Weak
rpoS-PA5537,rpoS,PA5537,+,Weak
rpoS-PA4430,rpoS,PA4430,+,Weak
rpoS-PA4431,rpoS,PA4431,+,Weak
rpoS-PA2563,rpoS,PA2563,+,Weak
rpoS-PA1014,rpoS,PA1014,+,Weak
rpoS-sspB,rpoS,sspB,+,Weak
rpoS-sspA,rpoS,sspA,+,Weak
rpoS-PA0440,rpoS,PA0440,+,Weak
rpoS-yfiR,rpoS,yfiR,+,Weak
rpoS-PA0918,rpoS,PA0918,+,Weak
rpoS-PA4624,rpoS,PA4624,+,Weak
rpoS-cioA,rpoS,cioA,+,Strong
rpoS-PA0312,rpoS,PA0312,+,Weak
rpoS-cioB,rpoS,cioB,+,Strong
rpoS-PA4781,rpoS,PA4781,+,Weak
rpoS-PA0315,rpoS,PA0315,+,Weak
rpoS-bkdB,rpoS,bkdB,+,Weak
rpoS-PA1333,rpoS,PA1333,+,Weak
rpoS-PA2024,rpoS,PA2024,+,Weak
rpoS-PA0397,rpoS,PA0397,+,Weak
rpoS-PA4702,rpoS,PA4702,+,Weak
rpoS-PA4703,rpoS,PA4703,+,Weak
rpoS-PA4607,rpoS,PA4607,+,Weak
rpoS-glpK2,rpoS,glpK2,+,Weak
rpoS-pprB,rpoS,pprB,+,Weak
rpoS-PA3591,rpoS,PA3591,+,Weak
rpoS-PA0563,rpoS,PA0563,+,Weak
rpoS-halS,rpoS,halS,+,Weak
rpoS-PA4299,rpoS,PA4299,+,Weak
rpoS-PA3590,rpoS,PA3590,+,Weak
rpoS-PA2475,rpoS,PA2475,+,Weak
rpoS-PA0096,rpoS,PA0096,+,Weak
rpoS-PA0097,rpoS,PA0097,+,Weak
rpoS-PA0098,rpoS,PA0098,+,Weak
rpoS-PA0099,rpoS,PA0099,+,Weak
rpoS-PA4540,rpoS,PA4540,+,Weak
rpoS-PA3593,rpoS,PA3593,+,Weak
rpoS-PA4429,rpoS,PA4429,+,Weak
rpoS-PA0452,rpoS,PA0452,+,Weak
rpoS-zwf,rpoS,zwf,+,Weak
rpoS-PA1065,rpoS,PA1065,+,Weak
rpoS-csrA,rpoS,csrA,+,Weak
rpoS-PA1860,rpoS,PA1860,+,Weak
rpoS-PA1784,rpoS,PA1784,+,Weak
rpoS-PA5319,rpoS,PA5319,+,Weak
rpoS-PA1039,rpoS,PA1039,+,Weak
rpoS-PA2573,rpoS,PA2573,+,Weak
rpoS-PA0028,rpoS,PA0028,+,Weak
rpoS-PA4652,rpoS,PA4652,+,Weak
rpoS-PA4653,rpoS,PA4653,+,Weak
rpoS-PA4874,rpoS,PA4874,+,Weak
rpoS-PA4875,rpoS,PA4875,+,Weak
rpoS-PA4657,rpoS,PA4657,+,Weak
rpoS-PA3451,rpoS,PA3451,+,Weak
rpoS-PA3956,rpoS,PA3956,+,Weak
rpoS-PA3957,rpoS,PA3957,+,Weak
rpoS-PA0109,rpoS,PA0109,+,Weak
rpoS-PA3340,rpoS,PA3340,+,Weak
rpoS-PA3347,rpoS,PA3347,+,Weak
rpoS-PA3346,rpoS,PA3346,+,Weak
rpoS-PA4362,rpoS,PA4362,+,Weak
rpoS-PA0575,rpoS,PA0575,+,Weak
rpoS-PA4496,rpoS,PA4496,+,Weak
rpoS-PA4497,rpoS,PA4497,+,Weak
rpoS-snr1,rpoS,snr1,+,Weak
rpoS-PA5359,rpoS,PA5359,+,Weak
rpoS-PA3589,rpoS,PA3589,+,Weak
rpoS-PA3588,rpoS,PA3588,+,Weak
rpoS-PA3465,rpoS,PA3465,+,Weak
rpoS-roxS,rpoS,roxS,+,Weak
rpoS-roxR,rpoS,roxR,+,Weak
rpoS-sbcC,rpoS,sbcC,+,Weak
rpoS-cheD,rpoS,cheD,+,Weak
rpoS-PA1875,rpoS,PA1875,+,Weak
rpoS-PA0833,rpoS,PA0833,+,Weak
rpoS-sbcD,rpoS,sbcD,+,Weak
rpoS-PA3261,rpoS,PA3261,+,Weak
rpoS-PA0483,rpoS,PA0483,+,Weak
rpoS-PA0769,rpoS,PA0769,+,Weak
rpoS-PA3592,rpoS,PA3592,+,Weak
rpoS-PA0484,rpoS,PA0484,+,Weak
rpoS-rpoS,rpoS,rpoS,?,Weak
rpoS-PA0179,rpoS,PA0179,+,Weak
rpoS-PA0178,rpoS,PA0178,+,Weak
rpoS-PA5440,rpoS,PA5440,+,Weak
rpoS-PA3786,rpoS,PA3786,+,Weak
rpoS-PA4649,rpoS,PA4649,+,Weak
rpoS-PA4648,rpoS,PA4648,+,Weak
rpoS-PA0177,rpoS,PA0177,+,Weak
rpoS-PA1118,rpoS,PA1118,+,Weak
rpoS-PA3945,rpoS,PA3945,+,Weak
rpoS-braB,rpoS,braB,+,Weak
rpoS-PA2370,rpoS,PA2370,+,Weak
rpoS-PA2801,rpoS,PA2801,+,Weak
rpoS-PA1041,rpoS,PA1041,+,Weak
rpoS-PA2047,rpoS,PA2047,+,Weak
rpoS-PA3254,rpoS,PA3254,+,Weak
rpoS-PA0506,rpoS,PA0506,+,Weak
rpoS-PA2364,rpoS,PA2364,+,Weak
rpoS-PA2365,rpoS,PA2365,+,Weak
rpoS-PA2366,rpoS,PA2366,+,Weak
rpoS-PA2367,rpoS,PA2367,+,Weak
rpoS-PA2360,rpoS,PA2360,+,Weak
rpoS-PA1745,rpoS,PA1745,+,Weak
rpoS-PA2362,rpoS,PA2362,+,Weak
rpoS-PA2363,rpoS,PA2363,+,Weak
rpoS-cheB2,rpoS,cheB2,+,Weak
rpoS-PA3572,rpoS,PA3572,+,Weak
rpoS-PA2369,rpoS,PA2369,+,Weak
rpoS-bkdA2,rpoS,bkdA2,+,Weak
rpoS-PA0820,rpoS,PA0820,+,Weak
rpoS-PA2677,rpoS,PA2677,+,Weak
rpoS-carB,rpoS,carB,+,Weak
rpoS-PA1040,rpoS,PA1040,+,Weak
rpoS-carA,rpoS,carA,+,Weak
rpoS-ppc,rpoS,ppc,+,Weak
rpoS-PA1728,rpoS,PA1728,+,Weak
rpoS-coIII,rpoS,coIII,+,Strong
rpoS-phhA,rpoS,phhA,+,Weak
rpoS-gbuR,rpoS,gbuR,+,Weak
rpoS-rcpA,rpoS,rcpA,+,Weak
rpoS-yfiB,rpoS,yfiB,+,Weak
rpoS-rcpC,rpoS,rcpC,+,Weak
rpoS-PA4915,rpoS,PA4915,+,Weak
rpoS-PA4650,rpoS,PA4650,+,Weak
rpoS-PA4573,rpoS,PA4573,+,Weak
rpoS-PA0451,rpoS,PA0451,+,Weak
rpoS-napE,rpoS,napE,+,Weak
rpoS-PA4651,rpoS,PA4651,+,Weak
rpoS-napC,rpoS,napC,+,Weak
rpoS-napB,rpoS,napB,+,Weak
rpoS-napA,rpoS,napA,+,Weak
rpoS-rluB,rpoS,rluB,+,Weak
rpoS-PA0107,rpoS,PA0107,+,Strong
rpoS-PA2076,rpoS,PA2076,+,Weak
rpoS-PA5283,rpoS,PA5283,+,Weak
rpoS-PA2072,rpoS,PA2072,+,Weak
rpoS-PA0101,rpoS,PA0101,+,Weak
rpoS-PA5207,rpoS,PA5207,+,Weak
rpoS-PA2371,rpoS,PA2371,+,Weak
rpoS-exsE,rpoS,exsE,+,Strong
rpoS-exsB,rpoS,exsB,+,Strong
rpoS-exsC,rpoS,exsC,+,Strong
rpoS-trkA,rpoS,trkA,+,Weak
rpoS-tadZ,rpoS,tadZ,+,Weak
rpoS-PA2571,rpoS,PA2571,+,Weak
rpoS-PA5208,rpoS,PA5208,+,Weak
rpoS-PA0959,rpoS,PA0959,+,Weak
rpoS-PA0586,rpoS,PA0586,+,Weak
rpoS-PA0587,rpoS,PA0587,+,Weak
rpoS-PA3858,rpoS,PA3858,+,Weak
rpoS-PA0818,rpoS,PA0818,+,Weak
rpoS-PA0588,rpoS,PA0588,+,Weak
rpoS-tadA,rpoS,tadA,+,Weak
rpoS-tadC,rpoS,tadC,+,Weak
rpoS-tadB,rpoS,tadB,+,Weak
rpoS-PA2368,rpoS,PA2368,+,Weak
rpoS-PA2933,rpoS,PA2933,+,Weak
rpoS-recF,rpoS,recF,+,Weak
rpoS-PA0050,rpoS,PA0050,+,Weak
rpoS-PA0052,rpoS,PA0052,+,Weak
rpoS-rhlI,rpoS,rhlI,-,Strong
rpoS-PA3688,rpoS,PA3688,+,Weak
rpoS-PA3250,rpoS,PA3250,+,Weak
rpoS-rhlR,rpoS,rhlR,+,Weak
rpoS-PA3921,rpoS,PA3921,+,Weak
rpoS-PA3920,rpoS,PA3920,+,Weak
rpoS-PA2361,rpoS,PA2361,+,Weak
rpoS-PA5343,rpoS,PA5343,+,Weak
rpoS-fur,rpoS,fur,+,Weak
rpoS-PA5059,rpoS,PA5059,+,Weak
rpoS-PA5342,rpoS,PA5342,+,Weak
rpoS-flp,rpoS,flp,+,Weak
rpoS-PA1414,rpoS,PA1414,+,Weak
rpoS-PA3311,rpoS,PA3311,+,Weak
rpoS-dnaA,rpoS,dnaA,+,Weak
rpoS-efp,rpoS,efp,+,Weak
rpoS-PA0439,rpoS,PA0439,+,Weak
rpoS-tpbB,rpoS,tpbB,+,Weak
rpoS-era,rpoS,era,+,Weak
rpoS-uraA,rpoS,uraA,+,Weak
rpoS-coxB,rpoS,coxB,+,Strong
rpoS-PA3255,rpoS,PA3255,+,Weak
rpoS-coxA,rpoS,coxA,+,Strong
rpoS-PA3253,rpoS,PA3253,+,Weak
rpoS-PA3252,rpoS,PA3252,+,Weak
rpoS-PA3251,rpoS,PA3251,+,Weak
rpoS-dnaN,rpoS,dnaN,+,Weak
rpoS-rlmM,rpoS,rlmM,+,Weak
rpoS-PA4112,rpoS,PA4112,+,Weak
rpoS-PA1327,rpoS,PA1327,+,Weak
rpoS-bkdA1,rpoS,bkdA1,+,Weak
rpoS-PA1880,rpoS,PA1880,+,Weak
rpoS-PA1881,rpoS,PA1881,+,Weak
rpoS-PA2779,rpoS,PA2779,+,Weak
rpoS-oprH,rpoS,oprH,+,Weak
rpoS-PA1887,rpoS,PA1887,+,Weak
rpoS-PA1888,rpoS,PA1888,+,Weak
rpoS-sdhC,rpoS,sdhC,+,Weak
rpoS-sdhB,rpoS,sdhB,+,Weak
rpoS-PA5101,rpoS,PA5101,+,Weak
rpoS-sdhD,rpoS,sdhD,+,Weak
rpoS-PA5103,rpoS,PA5103,+,Weak
rpoS-PA5102,rpoS,PA5102,+,Weak
rpoS-arcD,rpoS,arcD,+,Weak
rpoS-PA3833,rpoS,PA3833,+,Weak
rpoS-PA3305,rpoS,PA3305,+,Weak
rpoS-napF,rpoS,napF,+,Weak
rpoS-PA1038,rpoS,PA1038,+,Weak
rpoS-aceE,rpoS,aceE,+,Weak
rpoS-rnc,rpoS,rnc,+,Weak
rpoS-ndvB,rpoS,ndvB,+,Weak
rpoS-PA1289,rpoS,PA1289,+,Weak
rpoS-PA4294,rpoS,PA4294,+,Weak
rpoS-azu,rpoS,azu,+,Strong
rpoS-PA2790,rpoS,PA2790,+,Weak
rpoS-dht,rpoS,dht,+,Weak
rpoS-PA1930,rpoS,PA1930,+,Weak
rpoS-PA4929,rpoS,PA4929,+,Weak
rpoS-phaC2,rpoS,phaC2,+,Weak
rpoS-exsA,rpoS,exsA,+,Strong
rpoS-gyrB,rpoS,gyrB,+,Weak
rpoS-PA2501,rpoS,PA2501,+,Weak
rpoS-PA0459,rpoS,PA0459,+,Weak
rpoS-PA0703,rpoS,PA0703,+,Weak
rpoS-PA0704,rpoS,PA0704,+,Weak
rpoS-PA1951,rpoS,PA1951,+,Weak
rpoS-PA4608,rpoS,PA4608,+,Weak
rpoS-cheR2,rpoS,cheR2,+,Weak
rpoS-PA2841,rpoS,PA2841,+,Weak
rpoS-PA0423,rpoS,PA0423,+,Weak
rpoS-PA0422,rpoS,PA0422,+,Weak
rpoS-lap,rpoS,lap,+,Weak
rpoS-sdhA,rpoS,sdhA,+,Weak
rpoS-lpd3,rpoS,lpd3,+,Weak
rpoS-PA1358,rpoS,PA1358,+,Weak
rpoS-bfrB,rpoS,bfrB,+,Weak
rpoS-pdxJ,rpoS,pdxJ,+,Weak
rpoS-PA4523,rpoS,PA4523,+,Weak
rpoS-PA0788,rpoS,PA0788,+,Weak
rpoS-PA3740,rpoS,PA3740,+,Weak
rpoS-PA0988,rpoS,PA0988,+,Weak
rpoS-PA2572,rpoS,PA2572,+,Weak
rpoS-napD,rpoS,napD,+,Weak
rpoS-PA1351,rpoS,PA1351,?,Strong
rpoS-clpP2,rpoS,clpP2,+,Weak
rpoS-PA4757,rpoS,PA4757,+,Weak
rpoS-slyD,rpoS,slyD,+,Weak
rpoS-glpF,rpoS,glpF,+,Weak
rpoS-sodB,rpoS,sodB,+,Weak
rpoS-arcA,rpoS,arcA,+,Weak
rpoS-arcB,rpoS,arcB,+,Weak
rpoS-arcC,rpoS,arcC,+,Weak
rpoS-PA0861,rpoS,PA0861,+,Weak
rpoS-PA0862,rpoS,PA0862,+,Weak
rpoS-opdB,rpoS,opdB,+,Weak
rpoD-PA3711,rpoD,PA3711,+,Weak
rpoD-aspA,rpoD,aspA,+,Weak
rpoD-senC,rpoD,senC,+,Weak
rpoD-PA5080,rpoD,PA5080,+,Weak
rpoD-ddlA,rpoD,ddlA,+,Weak
rpoD-PA3529,rpoD,PA3529,+,Weak
rpoD-PA1953,rpoD,PA1953,+,Weak
rpoD-PA1241,rpoD,PA1241,+,Weak
rpoD-speA,rpoD,speA,+,Weak
rpoD-PA1747,rpoD,PA1747,+,Weak
rpoD-PA1570,rpoD,PA1570,+,Weak
rpoD-PA4734,rpoD,PA4734,+,Weak
rpoD-dsdA,rpoD,dsdA,+,Weak
rpoD-PA0442,rpoD,PA0442,+,Weak
rpoD-PA4122,rpoD,PA4122,+,Weak
rpoD-PA0112,rpoD,PA0112,+,Weak
rpoD-PA4038,rpoD,PA4038,+,Weak
rpoD-PA2860,rpoD,PA2860,+,Weak
rpoD-PA3965,rpoD,PA3965,+,Weak
rpoD-dsbE,rpoD,dsbE,+,Weak
rpoD-PA3966,rpoD,PA3966,+,Weak
rpoD-PA0312,rpoD,PA0312,+,Weak
rpoD-PA0311,rpoD,PA0311,+,Weak
rpoD-lrp,rpoD,lrp,+,Weak
rpoD-PA3356,rpoD,PA3356,+,Weak
rpoD-orf1,rpoD,orf1,+,Weak
rpoD-PA3358,rpoD,PA3358,+,Weak
rpoD-PA2107,rpoD,PA2107,+,Weak
rpoD-PA3455,rpoD,PA3455,+,Weak
rpoD-PA4540,rpoD,PA4540,+,Weak
rpoD-hemA,rpoD,hemA,+,Weak
rpoD-PA1149,rpoD,PA1149,+,Weak
rpoD-cyaY,rpoD,cyaY,+,Weak
rpoD-PA1736,rpoD,PA1736,+,Weak
rpoD-PA1737,rpoD,PA1737,+,Weak
rpoD-hscB,rpoD,hscB,+,Weak
rpoD-nhaP,rpoD,nhaP,+,Weak
rpoD-hscA,rpoD,hscA,+,Weak
rpoD-PA4010,rpoD,PA4010,+,Weak
rpoD-PA4011,rpoD,PA4011,+,Weak
rpoD-PA3187,rpoD,PA3187,+,Weak
rpoD-PA0360,rpoD,PA0360,+,Weak
rpoD-PA3188,rpoD,PA3188,+,Weak
rpoD-PA5062,rpoD,PA5062,+,Weak
rpoD-PA5307,rpoD,PA5307,+,Weak
rpoD-fdxA,rpoD,fdxA,+,Weak
rpoD-PA5303,rpoD,PA5303,+,Weak
rpoD-PA2462,rpoD,PA2462,+,Weak
rpoD-PA5301,rpoD,PA5301,+,Weak
rpoD-folD,rpoD,folD,+,Weak
rpoD-folB,rpoD,folB,+,Weak
rpoD-sigX,rpoD,sigX,?,Weak
rpoD-PA0485,rpoD,PA0485,+,Weak
rpoD-PA3390,rpoD,PA3390,+,Weak
rpoD-PA0264,rpoD,PA0264,+,Weak
rpoD-PA4902,rpoD,PA4902,+,Weak
rpoD-PA4903,rpoD,PA4903,+,Weak
rpoD-PA4900,rpoD,PA4900,+,Weak
rpoD-fadD1,rpoD,fadD1,+,Weak
rpoD-fadD2,rpoD,fadD2,+,Weak
rpoD-cysB,rpoD,cysB,+,Weak
rpoD-PA0467,rpoD,PA0467,+,Weak
rpoD-PA4087,rpoD,PA4087,+,Weak
rpoD-rpoD,rpoD,rpoD,+,Weak
rpoD-PA2603,rpoD,PA2603,+,Weak
rpoD-PA2602,rpoD,PA2602,+,Weak
rpoD-PA4089,rpoD,PA4089,+,Weak
rpoD-PA4088,rpoD,PA4088,+,Weak
rpoD-PA1997,rpoD,PA1997,+,Weak
rpoD-PA1994,rpoD,PA1994,+,Weak
rpoD-PA4167,rpoD,PA4167,+,Weak
rpoD-gltX,rpoD,gltX,+,Weak
rpoD-bfiS,rpoD,bfiS,+,Weak
rpoD-bfiR,rpoD,bfiR,+,Weak
rpoD-PA3275,rpoD,PA3275,+,Weak
rpoD-PA3276,rpoD,PA3276,+,Weak
rpoD-gltA,rpoD,gltA,+,Weak
rpoD-cspD,rpoD,cspD,+,Weak
rpoD-cspA,rpoD,cspA,+,Weak
rpoD-pelA,rpoD,pelA,+,Weak
rpoD-phhA,rpoD,phhA,+,Weak
rpoD-mvaT,rpoD,mvaT,+,Weak
rpoD-PA1195,rpoD,PA1195,+,Weak
rpoD-rpsO,rpoD,rpsO,+,Weak
rpoD-PA1198,rpoD,PA1198,+,Weak
rpoD-PA1199,rpoD,PA1199,+,Weak
rpoD-PA2776,rpoD,PA2776,+,Weak
rpoD-PA2775,rpoD,PA2775,+,Weak
rpoD-PA2774,rpoD,PA2774,+,Weak
rpoD-PA3933,rpoD,PA3933,+,Weak
rpoD-PA2079,rpoD,PA2079,+,Weak
rpoD-PA2075,rpoD,PA2075,+,Weak
rpoD-ppiD,rpoD,ppiD,+,Weak
rpoD-PA1789,rpoD,PA1789,+,Weak
rpoD-PA0219,rpoD,PA0219,+,Weak
rpoD-PA0186,rpoD,PA0186,+,Weak
rpoD-rsaL,rpoD,rsaL,+,Weak
rpoD-PA3631,rpoD,PA3631,+,Weak
rpoD-PA2678,rpoD,PA2678,+,Weak
rpoD-PA3632,rpoD,PA3632,+,Weak
rpoD-PA2676,rpoD,PA2676,+,Weak
rpoD-PA2677,rpoD,PA2677,+,Weak
rpoD-PA2674,rpoD,PA2674,+,Weak
rpoD-PA2675,rpoD,PA2675,+,Weak
rpoD-PA2672,rpoD,PA2672,+,Weak
rpoD-PA2673,rpoD,PA2673,+,Weak
rpoD-PA2671,rpoD,PA2671,+,Weak
rpoD-gloA2,rpoD,gloA2,+,Weak
rpoD-purU1,rpoD,purU1,+,Weak
rpoD-gloA1,rpoD,gloA1,+,Weak
rpoD-PA3003,rpoD,PA3003,+,Weak
rpoD-dnr,rpoD,dnr,+,Weak
rpoD-xerC,rpoD,xerC,+,Weak
rpoD-cupB4,rpoD,cupB4,+,Weak
rpoD-cupB3,rpoD,cupB3,+,Weak
rpoD-rdgC,rpoD,rdgC,+,Weak
rpoD-amrZ,rpoD,amrZ,+,Weak
rpoD-prlC,rpoD,prlC,+,Weak
rpoD-PA5115,rpoD,PA5115,+,Weak
rpoD-dsbD2,rpoD,dsbD2,+,Weak
rpoD-PA3559,rpoD,PA3559,+,Weak
rpoD-PA1677,rpoD,PA1677,+,Weak
rpoD-PA1676,rpoD,PA1676,+,Weak
rpoD-PA1675,rpoD,PA1675,+,Weak
rpoD-PA2589,rpoD,PA2589,+,Weak
rpoD-PA4463,rpoD,PA4463,+,Weak
rpoD-PA4465,rpoD,PA4465,+,Weak
rpoD-PA1772,rpoD,PA1772,+,Weak
rpoD-ppiC1,rpoD,ppiC1,+,Weak
rpoD-def,rpoD,def,+,Weak
rpoD-mnmC,rpoD,mnmC,+,Weak
rpoD-PA0328,rpoD,PA0328,+,Weak
rpoD-PA2423,rpoD,PA2423,+,Weak
rpoD-PA3919,rpoD,PA3919,+,Weak
rpoD-trxA,rpoD,trxA,+,Weak
rpoD-PA2581,rpoD,PA2581,+,Weak
rpoD-PA2429,rpoD,PA2429,+,Weak
rpoD-PA2583,rpoD,PA2583,+,Weak
rpoD-PA5029,rpoD,PA5029,+,Weak
rpoD-PA5022,rpoD,PA5022,+,Weak
rpoD-PA5023,rpoD,PA5023,+,Weak
rpoD-PA3301,rpoD,PA3301,+,Weak
rpoD-PA3302,rpoD,PA3302,+,Weak
rpoD-rapA,rpoD,rapA,+,Weak
rpoD-map,rpoD,map,+,Weak
rpoD-secB,rpoD,secB,+,Weak
rpoD-tsaD,rpoD,tsaD,+,Weak
rpoD-secD,rpoD,secD,+,Weak
rpoD-secG,rpoD,secG,+,Weak
rpoD-PA4040,rpoD,PA4040,+,Weak
rpoD-PA1956,rpoD,PA1956,+,Weak
rpoD-PA1954,rpoD,PA1954,+,Weak
rpoD-PA1955,rpoD,PA1955,+,Weak
rpoD-PA1952,rpoD,PA1952,+,Weak
rpoD-PA4121,rpoD,PA4121,+,Weak
rpoD-azoR1,rpoD,azoR1,+,Weak
rpoD-amiB,rpoD,amiB,+,Weak
rpoD-carB,rpoD,carB,+,Weak
rpoD-PA1036,rpoD,PA1036,+,Weak
rpoD-ilvI,rpoD,ilvI,+,Weak
rpoD-ilvH,rpoD,ilvH,+,Weak
rpoD-PA0786,rpoD,PA0786,+,Weak
rpoD-PA0787,rpoD,PA0787,+,Weak
rpoD-ilvC,rpoD,ilvC,+,Weak
rpoD-PA2454,rpoD,PA2454,+,Weak
rpoD-PA2455,rpoD,PA2455,+,Weak
rpoD-PA2453,rpoD,PA2453,+,Weak
rpoD-PA5238,rpoD,PA5238,+,Weak
rpoD-hfq,rpoD,hfq,+,Weak
rpoD-PA5236,rpoD,PA5236,+,Weak
rpoD-PA1923,rpoD,PA1923,+,Weak
rpoD-PA3230,rpoD,PA3230,+,Weak
rpoD-PA1925,rpoD,PA1925,+,Weak
rpoD-PA1924,rpoD,PA1924,+,Weak
rpoD-PA4388,rpoD,PA4388,+,Weak
rpoD-lecA,rpoD,lecA,+,Weak
rpoD-PA4958,rpoD,PA4958,+,Weak
rpoD-oruR,rpoD,oruR,+,Weak
rpoD-fadB,rpoD,fadB,+,Weak
rpoD-fadA,rpoD,fadA,+,Weak
rpoD-PA0259,rpoD,PA0259,+,Weak
rpoD-ffh,rpoD,ffh,+,Weak
rpoD-PA4632,rpoD,PA4632,+,Weak
rpoD-PA2737,rpoD,PA2737,+,Weak
rpoD-uvrB,rpoD,uvrB,+,Weak
rpoD-PA3771,rpoD,PA3771,+,Weak
rpoD-PA0850,rpoD,PA0850,+,Weak
rpoD-PA1504,rpoD,PA1504,+,Weak
rpoD-PA1507,rpoD,PA1507,+,Weak
rpoD-PA0858,rpoD,PA0858,+,Weak
rpoD-mutL,rpoD,mutL,+,Weak
rpoD-PA3676,rpoD,PA3676,+,Weak
rpoD-gcdH,rpoD,gcdH,+,Weak
rpoD-rbsK,rpoD,rbsK,+,Weak
rpoD-kynU,rpoD,kynU,+,Weak
rpoD-PA0308,rpoD,PA0308,+,Weak
rpoD-rbsA,rpoD,rbsA,+,Weak
rpoD-rbsC,rpoD,rbsC,+,Weak
rpoD-rbsB,rpoD,rbsB,+,Weak
rpoD-PA2027,rpoD,PA2027,+,Weak
rpoD-PA3518,rpoD,PA3518,+,Weak
rpoD-PA3519,rpoD,PA3519,+,Weak
rpoD-PA4319,rpoD,PA4319,+,Weak
rpoD-PA4318,rpoD,PA4318,+,Weak
rpoD-PA4317,rpoD,PA4317,+,Weak
rpoD-PA3515,rpoD,PA3515,+,Weak
rpoD-PA3516,rpoD,PA3516,+,Weak
rpoD-rbsR,rpoD,rbsR,+,Weak
rpoD-phzH,rpoD,phzH,+,Weak
rpoD-PA2973,rpoD,PA2973,+,Weak
rpoD-PA2972,rpoD,PA2972,+,Weak
rpoD-spuH,rpoD,spuH,+,Weak
rpoD-nadC,rpoD,nadC,+,Weak
rpoD-PA4928,rpoD,PA4928,+,Weak
rpoD-hemB,rpoD,hemB,+,Weak
rpoD-PA0922,rpoD,PA0922,+,Weak
rpoD-pcrV,rpoD,pcrV,+,Weak
rpoD-PA0925,rpoD,PA0925,+,Weak
rpoD-ftsZ,rpoD,ftsZ,+,Weak
rpoD-dapA,rpoD,dapA,+,Weak
rpoD-lolB,rpoD,lolB,+,Weak
rpoD-PA5383,rpoD,PA5383,+,Weak
rpoD-PA5382,rpoD,PA5382,+,Weak
rpoD-dapF,rpoD,dapF,+,Weak
rpoD-dhcA,rpoD,dhcA,+,Weak
rpoD-rplT,rpoD,rplT,+,Weak
rpoD-dhcB,rpoD,dhcB,+,Weak
rpoD-PA3341,rpoD,PA3341,+,Weak
rpoD-kdsD,rpoD,kdsD,+,Weak
rpoD-cobL,rpoD,cobL,+,Weak
rpoD-fepB,rpoD,fepB,+,Weak
rpoD-PA5473,rpoD,PA5473,+,Weak
rpoD-dhcR,rpoD,dhcR,+,Weak
rpoD-fepG,rpoD,fepG,+,Weak
rpoD-PA5477,rpoD,PA5477,+,Weak
rpoD-fepD,rpoD,fepD,+,Weak
rpoD-xcpW,rpoD,xcpW,+,Weak
rpoD-xcpV,rpoD,xcpV,+,Weak
rpoD-xcpU,rpoD,xcpU,+,Weak
rpoD-ppx,rpoD,ppx,+,Weak
rpoD-xcpS,rpoD,xcpS,+,Weak
rpoD-xcpR,rpoD,xcpR,+,Weak
rpoD-xcpQ,rpoD,xcpQ,+,Weak
rpoD-psdR,rpoD,psdR,+,Weak
rpoD-metX,rpoD,metX,+,Weak
rpoD-secF,rpoD,secF,+,Weak
rpoD-xcpZ,rpoD,xcpZ,+,Weak
rpoD-xcpY,rpoD,xcpY,+,Weak
rpoD-xcpX,rpoD,xcpX,+,Weak
rpoD-PA4821,rpoD,PA4821,+,Weak
rpoD-PA1727,rpoD,PA1727,+,Weak
rpoD-PA1729,rpoD,PA1729,+,Weak
rpoD-PA4823,rpoD,PA4823,+,Weak
rpoD-PA4009,rpoD,PA4009,+,Weak
rpoD-PA4822,rpoD,PA4822,+,Weak
rpoD-prfA,rpoD,prfA,+,Weak
rpoD-carA,rpoD,carA,+,Weak
rpoD-PA4824,rpoD,PA4824,+,Weak
rpoD-PA3828,rpoD,PA3828,+,Weak
rpoD-PA2551,rpoD,PA2551,+,Weak
rpoD-PA2557,rpoD,PA2557,+,Weak
rpoD-PA2556,rpoD,PA2556,+,Weak
rpoD-PA3481,rpoD,PA3481,+,Weak
rpoD-PA5279,rpoD,PA5279,+,Weak
rpoD-PA3826,rpoD,PA3826,+,Weak
rpoD-PA3827,rpoD,PA3827,+,Weak
rpoD-etfA,rpoD,etfA,+,Weak
rpoD-etfB,rpoD,etfB,+,Weak
rpoD-PA5071,rpoD,PA5071,+,Weak
rpoD-recF,rpoD,recF,+,Weak
rpoD-argJ,rpoD,argJ,+,Weak
rpoD-PA2209,rpoD,PA2209,+,Weak
rpoD-PA2208,rpoD,PA2208,+,Weak
rpoD-PA2207,rpoD,PA2207,+,Weak
rpoD-ispE,rpoD,ispE,+,Weak
rpoD-argC,rpoD,argC,+,Weak
rpoD-ispB,rpoD,ispB,+,Weak
rpoD-PA4675,rpoD,PA4675,+,Weak
rpoD-PA4913,rpoD,PA4913,+,Weak
rpoD-tatC,rpoD,tatC,+,Weak
rpoD-tatB,rpoD,tatB,+,Weak
rpoD-PA3730,rpoD,PA3730,+,Weak
rpoD-PA0456,rpoD,PA0456,+,Weak
rpoD-PA0457,rpoD,PA0457,+,Weak
rpoD-PA4076,rpoD,PA4076,+,Weak
rpoD-PA4077,rpoD,PA4077,+,Weak
rpoD-potD,rpoD,potD,+,Weak
rpoD-potC,rpoD,potC,+,Weak
rpoD-potB,rpoD,potB,+,Weak
rpoD-PA1269,rpoD,PA1269,+,Weak
rpoD-PA5205,rpoD,PA5205,+,Weak
rpoD-prmC,rpoD,prmC,+,Weak
rpoD-PA4985,rpoD,PA4985,+,Weak
rpoD-bamD,rpoD,bamD,+,Weak
rpoD-bamE,rpoD,bamE,+,Weak
rpoD-PA1262,rpoD,PA1262,+,Weak
rpoD-trkH,rpoD,trkH,+,Weak
rpoD-PA0583,rpoD,PA0583,+,Weak
rpoD-ahpC,rpoD,ahpC,+,Weak
rpoD-PA1856,rpoD,PA1856,+,Weak
rpoD-PA1855,rpoD,PA1855,+,Weak
rpoD-PA4351,rpoD,PA4351,+,Weak
rpoD-PA1182,rpoD,PA1182,+,Weak
rpoD-PA0201,rpoD,PA0201,+,Weak
rpoD-PA0200,rpoD,PA0200,+,Weak
rpoD-ubiH,rpoD,ubiH,+,Weak
rpoD-PA1750,rpoD,PA1750,+,Weak
rpoD-ubiD,rpoD,ubiD,+,Weak
rpoD-PA0194,rpoD,PA0194,+,Weak
rpoD-PA3602,rpoD,PA3602,+,Weak
rpoD-PA0191,rpoD,PA0191,+,Weak
rpoD-PA3605,rpoD,PA3605,+,Weak
rpoD-PA0193,rpoD,PA0193,+,Weak
rpoD-PA0192,rpoD,PA0192,+,Weak
rpoD-dadA1,rpoD,dadA1,+,Weak
rpoD-PA4185,rpoD,PA4185,+,Weak
rpoD-PA3015,rpoD,PA3015,+,Weak
rpoD-PA4369,rpoD,PA4369,+,Weak
rpoD-hflX,rpoD,hflX,+,Weak
rpoD-rmf,rpoD,rmf,+,Weak
rpoD-dnaN,rpoD,dnaN,+,Weak
rpoD-pra,rpoD,pra,+,Weak
rpoD-selD,rpoD,selD,+,Weak
rpoD-PA4350,rpoD,PA4350,+,Weak
rpoD-PA4322,rpoD,PA4322,+,Weak
rpoD-PA4323,rpoD,PA4323,+,Weak
rpoD-PA4320,rpoD,PA4320,+,Weak
rpoD-PA4321,rpoD,PA4321,+,Weak
rpoD-sdhA,rpoD,sdhA,+,Weak
rpoD-PA4594,rpoD,PA4594,+,Weak
rpoD-sdhC,rpoD,sdhC,+,Weak
rpoD-sdhB,rpoD,sdhB,+,Weak
rpoD-PA4458,rpoD,PA4458,+,Weak
rpoD-rsgA,rpoD,rsgA,+,Weak
rpoD-PA4593,rpoD,PA4593,+,Weak
rpoD-PA4592,rpoD,PA4592,+,Weak
rpoD-PA4697,rpoD,PA4697,+,Weak
rpoD-aprA,rpoD,aprA,+,Weak
rpoD-PA4757,rpoD,PA4757,+,Weak
rpoD-trpC,rpoD,trpC,+,Weak
rpoD-arnT,rpoD,arnT,+,Weak
rpoD-trpG,rpoD,trpG,+,Weak
rpoD-trpD,rpoD,trpD,+,Weak
rpoD-ppgL,rpoD,ppgL,+,Weak
rpoD-PA2799,rpoD,PA2799,+,Weak
rpoD-PA2798,rpoD,PA2798,+,Weak
rpoD-pvcD,rpoD,pvcD,+,Weak
rpoD-pvcC,rpoD,pvcC,+,Weak
rpoD-PA3189,rpoD,PA3189,+,Weak
rpoD-hpcC,rpoD,hpcC,+,Weak
rpoD-PA1761,rpoD,PA1761,+,Weak
rpoD-PA1760,rpoD,PA1760,+,Weak
rpoD-PA2794,rpoD,PA2794,+,Weak
rpoD-PA2797,rpoD,PA2797,+,Weak
rpoD-liuR,rpoD,liuR,+,Weak
rpoD-PA0709,rpoD,PA0709,+,Weak
rpoD-PA0335,rpoD,PA0335,+,Weak
rpoD-PA0334,rpoD,PA0334,+,Weak
rpoD-PA2590,rpoD,PA2590,+,Weak
rpoD-PA0338,rpoD,PA0338,+,Weak
rpoD-rppH,rpoD,rppH,+,Weak
rpoD-liuB,rpoD,liuB,+,Weak
rpoD-liuC,rpoD,liuC,+,Weak
rpoD-liuA,rpoD,liuA,+,Weak
rpoD-liuD,rpoD,liuD,+,Weak
rpoD-PA1922,rpoD,PA1922,+,Weak
rpoD-PA2842,rpoD,PA2842,+,Weak
rpoD-arnC,rpoD,arnC,+,Weak
rpoD-PA4523,rpoD,PA4523,+,Weak
rpoD-bifA,rpoD,bifA,+,Weak
rpoD-arnB,rpoD,arnB,+,Weak
rpoD-PA1009,rpoD,PA1009,+,Weak
rpoD-arnA,rpoD,arnA,+,Weak
rpoD-betB,rpoD,betB,+,Weak
rpoD-PA0634,rpoD,PA0634,+,Weak
rpoD-potA2,rpoD,potA2,+,Weak
rpoD-PA0909,rpoD,PA0909,+,Weak
rpoD-PA0630,rpoD,PA0630,+,Weak
rpoD-PA2127,rpoD,PA2127,+,Weak
rpoD-PA0632,rpoD,PA0632,+,Weak
rpoD-PA0633,rpoD,PA0633,+,Weak
rpoD-prpB,rpoD,prpB,+,Weak
rpoD-prpC,rpoD,prpC,+,Weak
rpoD-PA2463,rpoD,PA2463,+,Weak
rpoD-prpL,rpoD,prpL,+,Weak
rpoD-PA4039,rpoD,PA4039,+,Weak
rpoD-PA4137,rpoD,PA4137,+,Weak
rpoD-PA1940,rpoD,PA1940,+,Weak
rpoD-PA4135,rpoD,PA4135,+,Weak
rpoD-lhpD,rpoD,lhpD,+,Weak
rpoD-moeB,rpoD,moeB,+,Weak
rpoD-PA3971,rpoD,PA3971,+,Weak
rpoD-PA0797,rpoD,PA0797,+,Weak
rpoD-PA1225,rpoD,PA1225,+,Weak
rpoD-PA0794,rpoD,PA0794,+,Weak
rpoD-PA0389,rpoD,PA0389,+,Weak
rpoD-popB,rpoD,popB,+,Weak
rpoD-PA2447,rpoD,PA2447,+,Weak
rpoD-PA1702,rpoD,PA1702,+,Weak
rpoD-popD,rpoD,popD,+,Weak
rpoD-clpS,rpoD,clpS,+,Weak
rpoD-popN,rpoD,popN,+,Weak
rpoD-PA5244,rpoD,PA5244,+,Weak
rpoD-PA3920,rpoD,PA3920,+,Weak
rpoD-PA0657,rpoD,PA0657,+,Weak
rpoD-clpA,rpoD,clpA,+,Weak
rpoD-PA2820,rpoD,PA2820,+,Weak
rpoD-leuD,rpoD,leuD,+,Weak
rpoD-PA4963,rpoD,PA4963,+,Weak
rpoD-leuC,rpoD,leuC,+,Weak
rpoD-bkdB,rpoD,bkdB,+,Weak
rpoD-PA5195,rpoD,PA5195,+,Weak
rpoD-PA0842,rpoD,PA0842,+,Weak
rpoD-PA0840,rpoD,PA0840,+,Weak
rpoD-PA4500,rpoD,PA4500,+,Weak
rpoD-PA3880,rpoD,PA3880,+,Weak
rpoD-spuI,rpoD,spuI,+,Weak
rpoD-spuF,rpoD,spuF,+,Weak
rpoD-spuG,rpoD,spuG,+,Weak
rpoD-spuE,rpoD,spuE,+,Weak
rpoD-spuB,rpoD,spuB,+,Weak
rpoD-spuC,rpoD,spuC,+,Weak
rpoD-mfd,rpoD,mfd,+,Weak
rpoD-spuA,rpoD,spuA,+,Weak
rpoD-csrA,rpoD,csrA,+,Weak
rpoD-PA1864,rpoD,PA1864,+,Weak
rpoD-PA3052,rpoD,PA3052,+,Weak
rpoD-PA3057,rpoD,PA3057,+,Weak
rpoD-PA4498,rpoD,PA4498,+,Weak
rpoD-PA4368,rpoD,PA4368,+,Weak
rpoD-pchD,rpoD,pchD,+,Weak
rpoD-pchC,rpoD,pchC,+,Weak
rpoD-pchB,rpoD,pchB,+,Weak
rpoD-pchA,rpoD,pchA,+,Weak
rpoD-PA4714,rpoD,PA4714,+,Weak
rpoD-PA2940,rpoD,PA2940,+,Weak
rpoD-dtd,rpoD,dtd,+,Weak
rpoD-PA0250,rpoD,PA0250,+,Weak
rpoD-dnaA,rpoD,dnaA,+,Weak
rpoD-PA2759,rpoD,PA2759,+,Weak
rpoD-fhpR,rpoD,fhpR,+,Weak
rpoD-PA0939,rpoD,PA0939,+,Weak
rpoD-PA0938,rpoD,PA0938,+,Weak
rpoD-PA0937,rpoD,PA0937,+,Weak
rpoD-PA0269,rpoD,PA0269,+,Weak
rpoD-PA0838,rpoD,PA0838,+,Weak
rpoD-PA0839,rpoD,PA0839,+,Weak
rpoD-PA2491,rpoD,PA2491,+,Weak
rpoD-PA2496,rpoD,PA2496,+,Weak
rpoD-PA2497,rpoD,PA2497,+,Weak
rpoD-PA3678,rpoD,PA3678,+,Weak
rpoD-braZ,rpoD,braZ,+,Weak
rpoD-wbpI,rpoD,wbpI,+,Weak
rpoD-PA4564,rpoD,PA4564,+,Weak
rpoD-braB,rpoD,braB,+,Weak
rpoD-lasB,rpoD,lasB,+,Weak
rpoD-ccmH,rpoD,ccmH,+,Weak
rpoD-PA0806,rpoD,PA0806,+,Weak
rpoD-ccmE,rpoD,ccmE,+,Weak
rpoD-ccmD,rpoD,ccmD,+,Weak
rpoD-ccmF,rpoD,ccmF,+,Weak
rpoD-ccmC,rpoD,ccmC,+,Weak
rpoD-PA1044,rpoD,PA1044,+,Weak
rpoD-wapR,rpoD,wapR,+,Weak
rpoD-PA3573,rpoD,PA3573,+,Weak
rpoD-cycH,rpoD,cycH,+,Weak
rpoD-nhaP2,rpoD,nhaP2,+,Weak
rpoD-fdhA,rpoD,fdhA,+,Weak
rpoD-cyoE1,rpoD,cyoE1,+,Weak
rpoD-PA3835,rpoD,PA3835,+,Weak
rpoD-PA0068,rpoD,PA0068,+,Weak
rpoD-cbiD,rpoD,cbiD,+,Weak
rpoD-PA3677,rpoD,PA3677,+,Weak
rpoD-rluC,rpoD,rluC,+,Weak
rpoD-PA5289,rpoD,PA5289,+,Weak
rpoD-miaA,rpoD,miaA,+,Weak
rpoD-PA2601,rpoD,PA2601,+,Weak
rpoD-PA4828,rpoD,PA4828,+,Weak
rpoD-PA5281,rpoD,PA5281,+,Weak
rpoD-tonB,rpoD,tonB,+,Weak
rpoD-PA0468,rpoD,PA0468,+,Weak
rpoD-purC,rpoD,purC,+,Weak
rpoD-PA0664,rpoD,PA0664,+,Weak
rpoD-PA0663,rpoD,PA0663,+,Weak
rpoD-PA1995,rpoD,PA1995,+,Weak
rpoD-PA4037,rpoD,PA4037,+,Weak
rpoD-antC,rpoD,antC,+,Weak
rpoD-antB,rpoD,antB,+,Weak
rpoD-PA0526,rpoD,PA0526,+,Weak
rpoD-rhlE,rpoD,rhlE,+,Weak
rpoD-PA0521,rpoD,PA0521,+,Weak
rpoD-PA0522,rpoD,PA0522,+,Weak
rpoD-PA0285,rpoD,PA0285,+,Weak
rpoD-PA1627,rpoD,PA1627,+,Weak
rpoD-PA4667,rpoD,PA4667,+,Weak
rpoD-rhlI,rpoD,rhlI,+,Weak
rpoD-rpmI,rpoD,rpmI,+,Weak
rpoD-rpmA,rpoD,rpmA,+,Weak
rpoD-PA3729,rpoD,PA3729,+,Weak
rpoD-PA0444,rpoD,PA0444,+,Weak
rpoD-PA0443,rpoD,PA0443,+,Weak
rpoD-lpxO1,rpoD,lpxO1,+,Weak
rpoD-lpxO2,rpoD,lpxO2,+,Weak
rpoD-PA0440,rpoD,PA0440,+,Weak
rpoD-PA2534,rpoD,PA2534,+,Weak
rpoD-fur,rpoD,fur,+,Weak
rpoD-hchA,rpoD,hchA,+,Weak
rpoD-PA5219,rpoD,PA5219,+,Weak
rpoD-PA0597,rpoD,PA0597,+,Weak
rpoD-PA0596,rpoD,PA0596,+,Weak
rpoD-PA0598,rpoD,PA0598,+,Weak
rpoD-lepA,rpoD,lepA,+,Weak
rpoD-lepB,rpoD,lepB,+,Weak
rpoD-hupB,rpoD,hupB,+,Weak
rpoD-PA2909,rpoD,PA2909,+,Weak
rpoD-PA2712,rpoD,PA2712,+,Weak
rpoD-PA1239,rpoD,PA1239,+,Weak
rpoD-selU,rpoD,selU,+,Weak
rpoD-pepP,rpoD,pepP,+,Weak
rpoD-PA4203,rpoD,PA4203,+,Weak
rpoD-PA4202,rpoD,PA4202,+,Weak
rpoD-PA5221,rpoD,PA5221,+,Weak
rpoD-fkl,rpoD,fkl,+,Weak
rpoD-PA4591,rpoD,PA4591,+,Weak
rpoD-glnE,rpoD,glnE,+,Weak
rpoD-sdhD,rpoD,sdhD,+,Weak
rpoD-PA4291,rpoD,PA4291,+,Weak
rpoD-ptsP,rpoD,ptsP,+,Weak
rpoD-dht,rpoD,dht,+,Weak
rpoD-acsA1,rpoD,acsA1,+,Weak
rpoD-dsbG,rpoD,dsbG,+,Weak
rpoD-PA5523,rpoD,PA5523,+,Weak
rpoD-PA5522,rpoD,PA5522,+,Weak
rpoD-PA5525,rpoD,PA5525,+,Weak
rpoD-PA5524,rpoD,PA5524,+,Weak
rpoD-PA1139,rpoD,PA1139,+,Weak
rpoD-pssA,rpoD,pssA,+,Weak
rpoD-cynR,rpoD,cynR,+,Weak
rpoD-PA1122,rpoD,PA1122,+,Weak
rpoD-PA3530,rpoD,PA3530,+,Weak
rpoD-PA1126,rpoD,PA1126,+,Weak
rpoD-nfuA,rpoD,nfuA,+,Weak
rpoD-PA3535,rpoD,PA3535,+,Weak
rpoD-PA5130,rpoD,PA5130,+,Weak
rpoD-PA3432,rpoD,PA3432,+,Weak
rpoD-PA3431,rpoD,PA3431,+,Weak
rpoD-PA3995,rpoD,PA3995,+,Weak
rpoD-iscU,rpoD,iscU,+,Weak
rpoD-PA1699,rpoD,PA1699,+,Weak
rpoD-iscS,rpoD,iscS,+,Weak
rpoD-iscR,rpoD,iscR,+,Weak
rpoD-fimX,rpoD,fimX,+,Weak
rpoD-PA1759,rpoD,PA1759,+,Weak
rpoD-slyX,rpoD,slyX,+,Weak
rpoD-iscA,rpoD,iscA,+,Weak
rpoD-PA2017,rpoD,PA2017,+,Weak
rpoD-lptD,rpoD,lptD,+,Weak
rpoD-kynB,rpoD,kynB,+,Weak
rpoD-PA3428,rpoD,PA3428,+,Weak
rpoD-PA0908,rpoD,PA0908,+,Weak
rpoD-lptC,rpoD,lptC,+,Weak
rpoD-PA3972,rpoD,PA3972,+,Weak
rpoD-PA3973,rpoD,PA3973,+,Weak
rpoD-PA2877,rpoD,PA2877,+,Weak
rpoD-nirQ,rpoD,nirQ,+,Weak
rpoD-PA2871,rpoD,PA2871,+,Weak
rpoD-nirS,rpoD,nirS,+,Weak
rpoD-PA0305,rpoD,PA0305,+,Weak
rpoD-pilZ,rpoD,pilZ,+,Weak
rpoD-PA3288,rpoD,PA3288,+,Weak
rpoD-aceE,rpoD,aceE,+,Weak
rpoD-PA2974,rpoD,PA2974,+,Weak
rpoD-PA4437,rpoD,PA4437,+,Weak
rpoD-PA4434,rpoD,PA4434,+,Weak
rpoD-PA3517,rpoD,PA3517,+,Weak
rpoD-PA1014,rpoD,PA1014,+,Weak
rpoD-PA1012,rpoD,PA1012,+,Weak
rpoD-PA1011,rpoD,PA1011,+,Weak
rpoD-PA0629,rpoD,PA0629,+,Weak
rpoD-PA0628,rpoD,PA0628,+,Weak
rpoD-PA2029,rpoD,PA2029,+,Weak
rpoD-PA1626,rpoD,PA1626,+,Weak
rpoD-ada,rpoD,ada,+,Weak
rpoD-PA2028,rpoD,PA2028,+,Weak
rpoD-pvcB,rpoD,pvcB,+,Weak
rpoD-PA4021,rpoD,PA4021,+,Weak
rpoD-PA2929,rpoD,PA2929,+,Weak
rpoD-mexZ,rpoD,mexZ,+,Weak
rpoD-pvcA,rpoD,pvcA,+,Weak
rpoD-amn,rpoD,amn,+,Weak
rpoD-oprB,rpoD,oprB,+,Weak
rpoD-mexT,rpoD,mexT,+,Weak
rpoD-mexR,rpoD,mexR,+,Weak
rpoD-PA1503,rpoD,PA1503,+,Weak
rpoD-ptsH,rpoD,ptsH,+,Weak
rpoD-PA0391,rpoD,PA0391,+,Weak
rpoD-PA1238,rpoD,PA1238,+,Weak
rpoD-ptsN,rpoD,ptsN,+,Weak
rpoD-PA0528,rpoD,PA0528,+,Weak
rpoD-PA1237,rpoD,PA1237,+,Weak
rpoD-PA1236,rpoD,PA1236,+,Weak
rpoD-PA5312,rpoD,PA5312,+,Weak
rpoD-PA5313,rpoD,PA5313,+,Weak
rpoD-PA5314,rpoD,PA5314,+,Weak
rpoD-PA4899,rpoD,PA4899,+,Weak
rpoD-PA0217,rpoD,PA0217,+,Weak
rpoD-PA3190,rpoD,PA3190,+,Weak
rpoD-PA2477,rpoD,PA2477,+,Weak
rpoD-rpsU,rpoD,rpsU,+,Weak
rpoD-PA2576,rpoD,PA2576,+,Weak
rpoD-PA2226,rpoD,PA2226,+,Weak
rpoD-PA0491,rpoD,PA0491,+,Weak
rpoD-PA0492,rpoD,PA0492,+,Weak
rpoD-PA0708,rpoD,PA0708,+,Weak
rpoD-PA0270,rpoD,PA0270,+,Weak
rpoD-PA0271,rpoD,PA0271,+,Weak
rpoD-PA3939,rpoD,PA3939,+,Weak
rpoD-lppL,rpoD,lppL,+,Weak
rpoD-pelE,rpoD,pelE,+,Weak
rpoD-PA3868,rpoD,PA3868,+,Weak
rpoD-pelG,rpoD,pelG,+,Weak
rpoD-pelF,rpoD,pelF,+,Weak
rpoD-psd,rpoD,psd,+,Weak
rpoD-proB,rpoD,proB,+,Weak
rpoD-pelC,rpoD,pelC,+,Weak
rpoD-PA3869,rpoD,PA3869,+,Weak
rpoD-murI,rpoD,murI,+,Weak
rpoD-PA3892,rpoD,PA3892,+,Weak
rpoD-gyrA,rpoD,gyrA,+,Weak
rpoD-PA3717,rpoD,PA3717,+,Weak
rpoD-PA1240,rpoD,PA1240,+,Weak
rpoD-icd,rpoD,icd,+,Weak
rpoD-PA0714,rpoD,PA0714,+,Weak
rpoD-PA4806,rpoD,PA4806,+,Weak
rpoD-zapA,rpoD,zapA,+,Weak
rpoD-PA2953,rpoD,PA2953,+,Weak
rpoD-dsbB2,rpoD,dsbB2,+,Weak
rpoD-algQ,rpoD,algQ,+,Weak
rpoD-PA2040,rpoD,PA2040,+,Weak
rpoD-PA0182,rpoD,PA0182,+,Weak
rpoD-PA4375,rpoD,PA4375,+,Weak
rpoD-PA4374,rpoD,PA4374,+,Weak
rpoD-qscR,rpoD,qscR,+,Weak
rpoD-pheC,rpoD,pheC,+,Weak
rpoD-PA1412,rpoD,PA1412,+,Weak
rpoD-obg,rpoD,obg,+,Weak
rpoD-PA2763,rpoD,PA2763,+,Weak
rpoD-bkdA1,rpoD,bkdA1,+,Weak
rpoD-PA2765,rpoD,PA2765,+,Weak
rpoD-bkdA2,rpoD,bkdA2,+,Weak
rpoD-PA0827,rpoD,PA0827,+,Weak
rpoD-PA0826,rpoD,PA0826,+,Weak
rpoD-idh,rpoD,idh,+,Weak
rpoD-PA0940,rpoD,PA0940,+,Weak
rpoD-PA0941,rpoD,PA0941,+,Weak
rpoD-ppc,rpoD,ppc,+,Weak
rpoD-pcrD,rpoD,pcrD,+,Weak
rpoD-pcrG,rpoD,pcrG,+,Weak
rpoD-PA0275,rpoD,PA0275,+,Weak
rpoD-ppk,rpoD,ppk,+,Weak
rpoD-liuE,rpoD,liuE,+,Weak
rpoD-pcrH,rpoD,pcrH,+,Weak
rpoD-PA1050,rpoD,PA1050,+,Weak
rpoD-pabB,rpoD,pabB,+,Weak
rpoD-pcrR,rpoD,pcrR,+,Weak
rpoD-rtcR,rpoD,rtcR,+,Weak
rpoD-hexR,rpoD,hexR,+,Weak
rpoD-PA4473,rpoD,PA4473,+,Weak
rpoD-PA3488,rpoD,PA3488,+,Weak
rpoD-pdxA1,rpoD,pdxA1,+,Weak
rpoD-PA2723,rpoD,PA2723,+,Weak
rpoD-PA2894,rpoD,PA2894,+,Weak
rpoD-PA1701,rpoD,PA1701,+,Weak
rpoD-PA1700,rpoD,PA1700,+,Weak
rpoD-dbpA,rpoD,dbpA,+,Weak
rpoD-rlmJ,rpoD,rlmJ,+,Weak
rpoD-infC,rpoD,infC,+,Weak
rpoD-infA,rpoD,infA,+,Weak
rpoD-rmlC,rpoD,rmlC,+,Weak
rpoD-rmlB,rpoD,rmlB,+,Weak
rpoD-rmlA,rpoD,rmlA,+,Weak
rpoD-arnF,rpoD,arnF,+,Weak
rpoD-arnE,rpoD,arnE,+,Weak
rpoD-arnD,rpoD,arnD,+,Weak
rpoD-ihfA,rpoD,ihfA,+,Weak
rpoD-gyrB,rpoD,gyrB,+,Weak
rpoD-PA5290,rpoD,PA5290,+,Weak
rpoD-PA5428,rpoD,PA5428,+,Weak
rpoD-rhdA,rpoD,rhdA,+,Weak
rpoD-PA0952,rpoD,PA0952,+,Weak
rpoD-PA5190,rpoD,PA5190,+,Weak
rpoD-antA,rpoD,antA,+,Weak
rpoD-surA,rpoD,surA,+,Weak
rpoD-PA2381,rpoD,PA2381,+,Weak
rpoD-rmlD,rpoD,rmlD,+,Weak
rpoD-PA4838,rpoD,PA4838,+,Weak
rpoD-PA4115,rpoD,PA4115,+,Weak
rpoD-PA4114,rpoD,PA4114,+,Weak
rpoD-PA0535,rpoD,PA0535,+,Weak
rpoD-PA0534,rpoD,PA0534,+,Weak
rpoD-PA4832,rpoD,PA4832,+,Weak
rpoD-PA4833,rpoD,PA4833,+,Weak
rpoD-PA0539,rpoD,PA0539,+,Weak
rpoD-PA4836,rpoD,PA4836,+,Weak
rpoD-PA4837,rpoD,PA4837,+,Weak
rpoD-PA4834,rpoD,PA4834,+,Weak
rpoD-PA4835,rpoD,PA4835,+,Weak
rpoD-fepC,rpoD,fepC,+,Weak
rpoD-PA1200,rpoD,PA1200,+,Weak
rpoD-PA0439,rpoD,PA0439,+,Weak
rpoD-pelD,rpoD,pelD,+,Weak
rpoD-desA,rpoD,desA,+,Weak
rpoD-PA5220,rpoD,PA5220,+,Weak
rpoD-PA2501,rpoD,PA2501,+,Weak
rpoD-PA5222,rpoD,PA5222,+,Weak
rpoD-PA5225,rpoD,PA5225,+,Weak
rpoD-PA5226,rpoD,PA5226,+,Weak
rpoD-PA5228,rpoD,PA5228,+,Weak
rpoD-moaA2,rpoD,moaA2,+,Weak
rpoD-grx,rpoD,grx,+,Weak
rpoD-PA2315,rpoD,PA2315,+,Weak
rpoD-PA2314,rpoD,PA2314,+,Weak
rpoD-sotB,rpoD,sotB,+,Weak
rpoD-pelB,rpoD,pelB,+,Weak
rpoD-lysA,rpoD,lysA,+,Weak
rpoD-PA4948,rpoD,PA4948,+,Weak
rpoD-PA4949,rpoD,PA4949,+,Weak
rpoD-PA0544,rpoD,PA0544,+,Weak
rpoD-xcpT,rpoD,xcpT,+,Weak
rpoD-PA0540,rpoD,PA0540,+,Weak
rpoD-PA0635,rpoD,PA0635,+,Weak
rpoD-pyrF,rpoD,pyrF,+,Weak
rpoD-pyrE,rpoD,pyrE,+,Weak
rpoD-PA0221,rpoD,PA0221,+,Weak
rpoD-PA0220,rpoD,PA0220,+,Weak
rpoD-pdxH,rpoD,pdxH,+,Weak
rpoD-PA3747,rpoD,PA3747,+,Weak
rpoD-PA1518,rpoD,PA1518,+,Weak
rpoD-PA1519,rpoD,PA1519,+,Weak
rpoD-PA3662,rpoD,PA3662,+,Weak
rpoD-xcpP,rpoD,xcpP,+,Weak
rpoD-PA3748,rpoD,PA3748,+,Weak
rpoD-PA0631,rpoD,PA0631,+,Weak
rpoD-PA3132,rpoD,PA3132,+,Weak
rpoD-PA3133,rpoD,PA3133,+,Weak
rpoD-PA3037,rpoD,PA3037,+,Weak
rpoD-PA3036,rpoD,PA3036,+,Weak
rpoD-PA3035,rpoD,PA3035,+,Weak
rpoD-bcp,rpoD,bcp,+,Weak
rpoH-pilQ,rpoH,pilQ,+,Weak
rpoH-PA4033,rpoH,PA4033,+,Weak
rpoH-pilP,rpoH,pilP,+,Weak
rpoH-senC,rpoH,senC,+,Weak
rpoH-acnB,rpoH,acnB,+,Weak
rpoH-PA2163,rpoH,PA2163,+,Weak
rpoH-PA4387,rpoH,PA4387,+,Weak
rpoH-PA1343,rpoH,PA1343,+,Weak
rpoH-PA5024,rpoH,PA5024,+,Weak
rpoH-PA0253,rpoH,PA0253,+,Weak
rpoH-PA1220,rpoH,PA1220,+,Weak
rpoH-PA5412,rpoH,PA5412,+,Weak
rpoH-PA0254,rpoH,PA0254,+,Weak
rpoH-pilN,rpoH,pilN,+,Weak
rpoH-PA4739,rpoH,PA4739,+,Weak
rpoH-PA4738,rpoH,PA4738,+,Weak
rpoH-PA2569,rpoH,PA2569,+,Weak
rpoH-PA3446,rpoH,PA3446,+,Weak
rpoH-PA3445,rpoH,PA3445,+,Weak
rpoH-PA3443,rpoH,PA3443,+,Weak
rpoH-PA3441,rpoH,PA3441,+,Weak
rpoH-ppk,rpoH,ppk,+,Weak
rpoH-katB,rpoH,katB,+,Weak
rpoH-bdlA,rpoH,bdlA,+,Weak
rpoH-PA0919,rpoH,PA0919,+,Weak
rpoH-katE,rpoH,katE,+,Weak
rpoH-PA2594,rpoH,PA2594,+,Weak
rpoH-ohrR,rpoH,ohrR,+,Weak
rpoH-PA5157,rpoH,PA5157,+,Weak
rpoH-PA5158,rpoH,PA5158,+,Weak
rpoH-rbsB,rpoH,rbsB,+,Weak
rpoH-cysNC,rpoH,cysNC,+,Weak
rpoH-mexI,rpoH,mexI,+,Weak
rpoH-oprP,rpoH,oprP,+,Weak
rpoH-ssuB1,rpoH,ssuB1,+,Weak
rpoH-PA2029,rpoH,PA2029,+,Weak
rpoH-PA4299,rpoH,PA4299,+,Weak
rpoH-hemB,rpoH,hemB,+,Weak
rpoH-grpE,rpoH,grpE,+,Weak
rpoH-ftsH,rpoH,ftsH,+,Weak
rpoH-PA0920,rpoH,PA0920,+,Weak
rpoH-nuoC,rpoH,nuoC,+,Weak
rpoH-PA2226,rpoH,PA2226,+,Weak
rpoH-nuoF,rpoH,nuoF,+,Weak
rpoH-nuoG,rpoH,nuoG,+,Weak
rpoH-PA1568,rpoH,PA1568,+,Weak
rpoH-nuoE,rpoH,nuoE,+,Weak
rpoH-nuoJ,rpoH,nuoJ,+,Weak
rpoH-nuoK,rpoH,nuoK,+,Weak
rpoH-nuoH,rpoH,nuoH,+,Weak
rpoH-glmM,rpoH,glmM,+,Weak
rpoH-nuoN,rpoH,nuoN,+,Weak
rpoH-ptxR,rpoH,ptxR,+,Weak
rpoH-PA1631,rpoH,PA1631,+,Weak
rpoH-PA1630,rpoH,PA1630,+,Weak
rpoH-dapB,rpoH,dapB,+,Weak
rpoH-PA5383,rpoH,PA5383,+,Weak
rpoH-PA4870,rpoH,PA4870,+,Weak
rpoH-PA4079,rpoH,PA4079,+,Weak
rpoH-sbp,rpoH,sbp,+,Weak
rpoH-PA3952,rpoH,PA3952,+,Weak
rpoH-PA2198,rpoH,PA2198,+,Weak
rpoH-PA1488,rpoH,PA1488,+,Weak
rpoH-PA1489,rpoH,PA1489,+,Weak
rpoH-atuC,rpoH,atuC,+,Weak
rpoH-PA1487,rpoH,PA1487,+,Weak
rpoH-nuoB,rpoH,nuoB,+,Weak
rpoH-alg8,rpoH,alg8,+,Weak
rpoH-PA2697,rpoH,PA2697,+,Weak
rpoH-folP,rpoH,folP,+,Weak
rpoH-pilM,rpoH,pilM,+,Weak
rpoH-PA4881,rpoH,PA4881,+,Weak
rpoH-PA2698,rpoH,PA2698,+,Weak
rpoH-PA2699,rpoH,PA2699,+,Weak
rpoH-PA1221,rpoH,PA1221,+,Weak
rpoH-PA3133,rpoH,PA3133,+,Weak
rpoH-pilO,rpoH,pilO,+,Weak
rpoH-pmbA,rpoH,pmbA,+,Weak
rpoH-folK,rpoH,folK,+,Weak
rpoH-PA5446,rpoH,PA5446,+,Weak
rpoH-PA4909,rpoH,PA4909,+,Weak
rpoH-PA1742,rpoH,PA1742,+,Weak
rpoH-cysD,rpoH,cysD,+,Weak
rpoH-PA1740,rpoH,PA1740,+,Weak
rpoH-lasI,rpoH,lasI,+,Weak
rpoH-PA2600,rpoH,PA2600,+,Weak
rpoH-PA3371,rpoH,PA3371,+,Weak
rpoH-nuoI,rpoH,nuoI,+,Weak
rpoH-PA2048,rpoH,PA2048,+,Weak
rpoH-PA2764,rpoH,PA2764,+,Weak
rpoH-PA2164,rpoH,PA2164,+,Weak
rpoH-PA2162,rpoH,PA2162,+,Weak
rpoH-nuoL,rpoH,nuoL,+,Weak
rpoH-PA2160,rpoH,PA2160,+,Weak
rpoH-PA2161,rpoH,PA2161,+,Weak
rpoH-PA2204,rpoH,PA2204,+,Weak
rpoH-cyoE1,rpoH,cyoE1,+,Weak
rpoH-htpG,rpoH,htpG,+,Weak
rpoH-gshA,rpoH,gshA,+,Weak
rpoH-rpsA,rpoH,rpsA,+,Weak
rpoH-PA4674,rpoH,PA4674,+,Weak
rpoH-rcpC,rpoH,rcpC,+,Weak
rpoH-PA5160,rpoH,PA5160,+,Weak
rpoH-rpsI,rpoH,rpsI,+,Weak
rpoH-nuoA2,rpoH,nuoA2,+,Weak
rpoH-rplM,rpoH,rplM,+,Weak
rpoH-PA3731,rpoH,PA3731,+,Weak
rpoH-PA4078,rpoH,PA4078,+,Weak
rpoH-PA3733,rpoH,PA3733,+,Weak
rpoH-rtcR,rpoH,rtcR,+,Weak
rpoH-PA2070,rpoH,PA2070,+,Weak
rpoH-PA3931,rpoH,PA3931,+,Weak
rpoH-rpoH,rpoH,rpoH,?,Weak
rpoH-tadZ,rpoH,tadZ,+,Weak
rpoH-PA2674,rpoH,PA2674,+,Weak
rpoH-lon,rpoH,lon,+,Weak
rpoH-rcpA,rpoH,rcpA,+,Weak
rpoH-cupB5,rpoH,cupB5,+,Weak
rpoH-tadA,rpoH,tadA,+,Weak
rpoH-tadC,rpoH,tadC,+,Weak
rpoH-tadB,rpoH,tadB,+,Weak
rpoH-tpiA,rpoH,tpiA,+,Weak
rpoH-kinB,rpoH,kinB,+,Weak
rpoH-treA,rpoH,treA,+,Weak
rpoH-hmp,rpoH,hmp,+,Weak
rpoH-PA2701,rpoH,PA2701,+,Weak
rpoH-PA0201,rpoH,PA0201,+,Weak
rpoH-PA0200,rpoH,PA0200,+,Weak
rpoH-PA2829,rpoH,PA2829,+,Weak
rpoH-PA2828,rpoH,PA2828,+,Weak
rpoH-phnX,rpoH,phnX,+,Weak
rpoH-PA0112,rpoH,PA0112,+,Weak
rpoH-PA4188,rpoH,PA4188,+,Weak
rpoH-clpB,rpoH,clpB,+,Weak
rpoH-PA0574,rpoH,PA0574,+,Weak
rpoH-nuoM,rpoH,nuoM,+,Weak
rpoH-PA4500,rpoH,PA4500,+,Weak
rpoH-PA5055,rpoH,PA5055,+,Weak
rpoH-PA2662,rpoH,PA2662,+,Weak
rpoH-PA1516,rpoH,PA1516,+,Weak
rpoH-PA2815,rpoH,PA2815,+,Weak
rpoH-ibpA,rpoH,ibpA,+,Weak
rpoH-hflX,rpoH,hflX,+,Weak
rpoH-PA3782,rpoH,PA3782,+,Weak
rpoH-dnaK,rpoH,dnaK,+,Weak
rpoH-dnaJ,rpoH,dnaJ,+,Weak
rpoH-PA1324,rpoH,PA1324,+,Weak
rpoH-pctC,rpoH,pctC,+,Weak
rpoH-glgA,rpoH,glgA,+,Weak
rpoH-clpX,rpoH,clpX,+,Weak
rpoH-PA2368,rpoH,PA2368,+,Weak
rpoH-cupC3,rpoH,cupC3,+,Weak
rpoH-PA1569,rpoH,PA1569,+,Weak
rpoH-PA0439,rpoH,PA0439,+,Weak
rpoH-PA2583,rpoH,PA2583,+,Weak
rpoH-PA4612,rpoH,PA4612,+,Weak
rpoH-PA0123,rpoH,PA0123,+,Weak
rpoH-PA5183,rpoH,PA5183,+,Weak
rpoH-PA5182,rpoH,PA5182,+,Weak
rpoH-PA1567,rpoH,PA1567,+,Weak
rpoH-cdhB,rpoH,cdhB,+,Weak
rpoH-aceE,rpoH,aceE,+,Weak
rpoH-pcnB,rpoH,pcnB,+,Weak
rpoH-acpP1,rpoH,acpP1,+,Weak
rpoH-dht,rpoH,dht,+,Weak
rpoH-PA3226,rpoH,PA3226,+,Weak
rpoH-PA1739,rpoH,PA1739,+,Weak
rpoH-PA3225,rpoH,PA3225,+,Weak
rpoH-PA2597,rpoH,PA2597,+,Weak
rpoH-PA5159,rpoH,PA5159,+,Weak
rpoH-PA3869,rpoH,PA3869,+,Weak
rpoH-PA2599,rpoH,PA2599,+,Weak
rpoH-PA2598,rpoH,PA2598,+,Weak
rpoH-PA1217,rpoH,PA1217,+,Weak
rpoH-PA1216,rpoH,PA1216,+,Weak
rpoH-PA1219,rpoH,PA1219,+,Weak
rpoH-PA1218,rpoH,PA1218,+,Weak
rpoH-PA0440,rpoH,PA0440,+,Weak
rpoH-ppyR,rpoH,ppyR,+,Weak
rpoH-ssuD,rpoH,ssuD,+,Weak
rpoH-groL,rpoH,groL,+,Weak
rpoH-hfq,rpoH,hfq,+,Weak
rpoH-PA5030,rpoH,PA5030,+,Weak
rpoH-nrdJb,rpoH,nrdJb,+,Weak
rpoH-PA1597,rpoH,PA1597,+,Weak
rpoH-PA2086,rpoH,PA2086,+,Weak
rpoH-PA3132,rpoH,PA3132,+,Weak
rpoH-hslV,rpoH,hslV,+,Weak
rpoH-hslU,rpoH,hslU,+,Weak
rpoH-PA2327,rpoH,PA2327,+,Weak
rpoH-groS,rpoH,groS,+,Weak
rpoH-PA1921,rpoH,PA1921,+,Weak
rpoH-opdB,rpoH,opdB,+,Weak
bfiS-gacA,bfiS,gacA,+,Strong
bfiS-gacS,bfiS,gacS,+,Strong
bfiS-cafA,bfiS,cafA,+,Strong
PA1196-PA1195,PA1196,PA1195,+,Strong
cbrA-csrA,cbrA,csrA,+,Strong
cbrB-aotP,cbrB,aotP,+,Strong
cbrB-aotQ,cbrB,aotQ,+,Strong
cbrB-spuH,cbrB,spuH,+,Strong
cbrB-spuI,cbrB,spuI,+,Strong
cbrB-spuF,cbrB,spuF,+,Strong
cbrB-spuG,cbrB,spuG,+,Strong
cbrB-pmrA,cbrB,pmrA,-,Strong
cbrB-spuE,cbrB,spuE,+,Strong
cbrB-spuB,cbrB,spuB,+,Strong
cbrB-spuC,cbrB,spuC,+,Strong
cbrB-spuA,cbrB,spuA,+,Strong
cbrB-csrA,cbrB,csrA,+,Strong
cbrB-lip,cbrB,lip,+,Strong
cbrB-spuD,cbrB,spuD,+,Strong
cbrB-aotM,cbrB,aotM,+,Strong
cbrB-PA4726.11,cbrB,PA4726.11,+,Strong
cbrB-hutU,cbrB,hutU,+,Strong
cbrB-aotJ,cbrB,aotJ,+,Strong
cbrB-cbrB,cbrB,cbrB,+,Strong
phoQ-phoQ,phoQ,phoQ,+,Strong
phoQ-phoP,phoQ,phoP,+,Strong
phoQ-oprH,phoQ,oprH,+,Strong
phoP-phoQ,phoP,phoQ,+,Strong
phoP-PA3559,phoP,PA3559,+,Strong
phoP-oprH,phoP,oprH,+,Strong
phoP-phoP,phoP,phoP,+,Strong
phoP-arnT,phoP,arnT,+,Strong
phoP-arnC,phoP,arnC,+,Strong
phoP-arnB,phoP,arnB,+,Strong
phoP-arnA,phoP,arnA,+,Strong
phoP-arnF,phoP,arnF,+,Strong
phoP-arnE,phoP,arnE,+,Strong
phoP-arnD,phoP,arnD,+,Strong
phoB-PA3835,phoB,PA3835,?,Strong
phoB-PA0165,phoB,PA0165,?,Strong
phoB-rcpC,phoB,rcpC,?,Strong
phoB-PA4139,phoB,PA4139,?,Strong
phoB-pstC,phoB,pstC,?,Strong
phoB-PA3520,phoB,PA3520,?,Strong
phoB-PA0691,phoB,PA0691,?,Strong
phoB-PA4202,phoB,PA4202,?,Strong
phoB-rplC,phoB,rplC,?,Strong
phoB-phzD1,phoB,phzD1,?,Strong
phoB-wbpH,phoB,wbpH,?,Strong
phoB-phzF2,phoB,phzF2,?,Strong
phoB-phzB1,phoB,phzB1,?,Strong
phoB-wbpG,phoB,wbpG,?,Strong
phoB-PA0959,phoB,PA0959,?,Strong
phoB-opgG,phoB,opgG,?,Strong
phoB-PA2793,phoB,PA2793,?,Strong
phoB-cupB3,phoB,cupB3,?,Strong
phoB-ctpL,phoB,ctpL,?,Strong
phoB-PA3044,phoB,PA3044,?,Strong
phoB-PA3045,phoB,PA3045,?,Strong
phoB-phnC2,phoB,phnC2,?,Strong
phoB-phzA1,phoB,phzA1,?,Strong
phoB-PA4080,phoB,PA4080,?,Strong
phoB-rhlR,phoB,rhlR,?,Strong
phoB-PA3519,phoB,PA3519,?,Strong
phoB-amrZ,phoB,amrZ,?,Strong
phoB-oprP,phoB,oprP,?,Strong
phoB-algD,phoB,algD,?,Strong
phoB-qscR,phoB,qscR,?,Strong
phoB-PA3327,phoB,PA3327,?,Strong
phoB-phzG1,phoB,phzG1,?,Strong
phoB-PA3190,phoB,PA3190,?,Strong
phoB-PA2667,phoB,PA2667,?,Strong
phoB-phzC1,phoB,phzC1,?,Strong
phoB-phzE1,phoB,phzE1,?,Strong
phoB-PA2459,phoB,PA2459,?,Strong
phoB-vreI,phoB,vreI,?,Strong
phoB-PA4087,phoB,PA4087,?,Strong
phoB-arnB,phoB,arnB,?,Strong
PA5438-PA2634,PA5438,PA2634,?,Strong
PA2511-antA,PA2511,antA,+,Strong
PA2511-PA2511,PA2511,PA2511,+,Strong
PA2511-antC,PA2511,antC,+,Strong
PA2511-antB,PA2511,antB,+,Strong
fleQ-PA3836,fleQ,PA3836,?,Strong
fleQ-PA3835,fleQ,PA3835,?,Strong
fleQ-phzC1,fleQ,phzC1,?,Strong
fleQ-PA4080,fleQ,PA4080,?,Strong
fleQ-PA0042,fleQ,PA0042,?,Strong
fleQ-PA5087,fleQ,PA5087,?,Strong
fleQ-PA4139,fleQ,PA4139,?,Strong
fleQ-PA5446,fleQ,PA5446,?,Strong
fleQ-flhB,fleQ,flhB,+,Strong
fleQ-nuoA2,fleQ,nuoA2,?,Strong
fleQ-flhA,fleQ,flhA,+,Strong
fleQ-wbpE,fleQ,wbpE,?,Strong
fleQ-PA0981,fleQ,PA0981,?,Strong
fleQ-pelA,fleQ,pelA,+-,Strong
fleQ-fliG,fleQ,fliG,+,Strong
fleQ-pelB,fleQ,pelB,-,Strong
fleQ-PA2373,fleQ,PA2373,?,Strong
fleQ-wbpJ,fleQ,wbpJ,?,Strong
fleQ-phzD1,fleQ,phzD1,?,Strong
fleQ-PA2569,fleQ,PA2569,?,Strong
fleQ-aprA,fleQ,aprA,?,Strong
fleQ-hisF2,fleQ,hisF2,?,Strong
fleQ-pys2,fleQ,pys2,?,Strong
fleQ-phzF2,fleQ,phzF2,?,Strong
fleQ-phzB1,fleQ,phzB1,?,Strong
fleQ-wbpA,fleQ,wbpA,?,Strong
fleQ-phzE1,fleQ,phzE1,?,Strong
fleQ-PA2461,fleQ,PA2461,?,Strong
fleQ-PA5546,fleQ,PA5546,?,Strong
fleQ-PA0959,fleQ,PA0959,?,Strong
fleQ-mrcA,fleQ,mrcA,?,Strong
fleQ-PA3489,fleQ,PA3489,?,Strong
fleQ-acpP1,fleQ,acpP1,?,Strong
fleQ-arcD,fleQ,arcD,?,Strong
fleQ-wzy,fleQ,wzy,?,Strong
fleQ-PA2793,fleQ,PA2793,?,Strong
fleQ-tyrS2,fleQ,tyrS2,?,Strong
fleQ-PA3047,fleQ,PA3047,?,Strong
fleQ-PA3045,fleQ,PA3045,?,Strong
fleQ-PA0041a,fleQ,PA0041a,?,Strong
fleQ-oprI,fleQ,oprI,?,Strong
fleQ-PA0172,fleQ,PA0172,?,Strong
fleQ-PA3866,fleQ,PA3866,?,Strong
fleQ-phoA2,fleQ,phoA2,-,Strong
fleQ-fliQ,fleQ,fliQ,+,Strong
fleQ-fliP,fleQ,fliP,+,Strong
fleQ-PA0643,fleQ,PA0643,?,Strong
fleQ-fliR,fleQ,fliR,+,Strong
fleQ-rpoC,fleQ,rpoC,?,Strong
fleQ-phzA1,fleQ,phzA1,?,Strong
fleQ-fliO,fleQ,fliO,+,Strong
fleQ-fliN,fleQ,fliN,+,Strong
fleQ-fliI,fleQ,fliI,+,Strong
fleQ-fliJ,fleQ,fliJ,+,Strong
fleQ-fliE,fleQ,fliE,+,Strong
fleQ-fliD,fleQ,fliD,+,Strong
fleQ-PA3291,fleQ,PA3291,?,Strong
fleQ-fliF,fleQ,fliF,+,Strong
fleQ-cupC3,fleQ,cupC3,?,Strong
fleQ-wzz,fleQ,wzz,?,Strong
fleQ-fliM,fleQ,fliM,+,Strong
fleQ-PA4523,fleQ,PA4523,?,Strong
fleQ-fur,fleQ,fur,-,Strong
fleQ-fimV,fleQ,fimV,?,Strong
fleQ-fliL,fleQ,fliL,+,Strong
fleQ-phzG1,fleQ,phzG1,?,Strong
fleQ-fleS,fleQ,fleS,+,Strong
fleQ-fleR,fleQ,fleR,+,Strong
fleQ-PA1372,fleQ,PA1372,?,Strong
fleQ-dusA,fleQ,dusA,?,Strong
fleQ-PA1370,fleQ,PA1370,?,Strong
fleQ-PA1371,fleQ,PA1371,?,Strong
fleQ-clpP2,fleQ,clpP2,?,Strong
fleQ-PA0986,fleQ,PA0986,?,Strong
fleQ-PA3290,fleQ,PA3290,?,Strong
fleQ-PA2226,fleQ,PA2226,?,Strong
fleQ-PA0499,fleQ,PA0499,?,Strong
fleQ-PA2223,fleQ,PA2223,?,Strong
fleQ-PA4087,fleQ,PA4087,?,Strong
fleQ-imm2,fleQ,imm2,?,Strong
fleQ-clpS,fleQ,clpS,?,Strong
fleQ-pslA,fleQ,pslA,?,Strong
fleQ-PA0718,fleQ,PA0718,?,Strong
fleN-fleQ,fleN,fleQ,-,Strong
fleN-phoA2,fleN,phoA2,-,Strong
PA3347-PA3343,PA3347,PA3343,+,Strong
PA3347-flgM,PA3347,flgM,-,Strong
metR-PA4223,metR,PA4223,+,Strong
metR-pvdD,metR,pvdD,+,Strong
metR-PA0848,metR,PA0848,-,Strong
metR-pvdH,metR,pvdH,+,Strong
metR-atuF,metR,atuF,+,Strong
metR-PA4144,metR,PA4144,+,Strong
metR-PA0633,metR,PA0633,-,Strong
metR-metH,metR,metH,+,Strong
metR-ntrC,metR,ntrC,-,Strong
lon-hfq,lon,hfq,-,Strong
lon-hmp,lon,hmp,+,Strong
lon-mexX,lon,mexX,+,Strong
lon-mexY,lon,mexY,+,Strong
vqsM-PA0007,vqsM,PA0007,+,Strong
vqsM-hscB,vqsM,hscB,+,Strong
vqsM-phuU,vqsM,phuU,+,Strong
vqsM-cobS,vqsM,cobS,+,Strong
vqsM-ppk,vqsM,ppk,+,Strong
vqsM-accA,vqsM,accA,+,Strong
vqsM-pvdQ,vqsM,pvdQ,+,Strong
vqsM-PA0526,vqsM,PA0526,+,Strong
vqsM-tilS,vqsM,tilS,?,Strong
vqsM-PA2588,vqsM,PA2588,+,Strong
vqsM-PA5342,vqsM,PA5342,?,Strong
vqsM-PA5518,vqsM,PA5518,+,Strong
vqsM-PA3342,vqsM,PA3342,+,Strong
vqsM-recD,vqsM,recD,+,Strong
vqsM-purD,vqsM,purD,+,Strong
vqsM-PA3676,vqsM,PA3676,?,Strong
vqsM-PA5517,vqsM,PA5517,?,Strong
vqsM-PA5324,vqsM,PA5324,+,Strong
vqsM-PA3565,vqsM,PA3565,+,Strong
vqsM-PA3670,vqsM,PA3670,+,Strong
vqsM-pyrC',vqsM,pyrC',+,Strong
vqsM-PA3899,vqsM,PA3899,?,Strong
vqsM-trkH,vqsM,trkH,+,Strong
vqsM-PA4925,vqsM,PA4925,?,Strong
vqsM-PA5149.1,vqsM,PA5149.1,?,Strong
vqsM-ratA,vqsM,ratA,?,Strong
vqsM-PA3106,vqsM,PA3106,+,Strong
vqsM-PA3513,vqsM,PA3513,?,Strong
vqsM-pqsH,vqsM,pqsH,?,Strong
vqsM-ctpL,vqsM,ctpL,?,Strong
vqsM-PA3907,vqsM,PA3907,+,Strong
vqsM-PA0525,vqsM,PA0525,+,Strong
vqsM-smpB,vqsM,smpB,+,Strong
vqsM-tsaC,vqsM,tsaC,+,Strong
vqsM-PA3900,vqsM,PA3900,+,Strong
vqsM-cysG,vqsM,cysG,+,Strong
vqsM-PA3514,vqsM,PA3514,+,Strong
vqsM-spdH,vqsM,spdH,+,Strong
vqsM-gcvP2,vqsM,gcvP2,+,Strong
vqsM-nosD,vqsM,nosD,+,Strong
vqsM-PA5423,vqsM,PA5423,+,Strong
vqsM-opr86,vqsM,opr86,+,Strong
vqsM-vqsM,vqsM,vqsM,+,Strong
vqsM-PA3925,vqsM,PA3925,+,Strong
vqsM-waaC,vqsM,waaC,+,Strong
vqsM-PA3510,vqsM,PA3510,?,Strong
vqsM-PA5290,vqsM,PA5290,+,Strong
vqsM-PA0440,vqsM,PA0440,+,Strong
vqsM-retS,vqsM,retS,?,Strong
vqsM-PA5216,vqsM,PA5216,+,Strong
vqsM-PA0845,vqsM,PA0845,+,Strong
vqsM-PA1333,vqsM,PA1333,?,Strong
vqsM-PA2005,vqsM,PA2005,+,Strong
vqsM-PA2004,vqsM,PA2004,?,Strong
vqsM-PA3457,vqsM,PA3457,?,Strong
vqsM-PA2661,vqsM,PA2661,+,Strong
vqsM-recG,vqsM,recG,+,Strong
vqsM-PA1253,vqsM,PA1253,+,Strong
vqsM-PA4908,vqsM,PA4908,+,Strong
vqsM-PA4894,vqsM,PA4894,+,Strong
vqsM-PA2228,vqsM,PA2228,+,Strong
vqsM-PA3749,vqsM,PA3749,+,Strong
PA1182-dctA2,PA1182,dctA2,-,Strong
amgR-mexB,amgR,mexB,+,Strong
amgR-oprM,amgR,oprM,+,Strong
amgR-mexA,amgR,mexA,+,Strong
csrA-foxI,csrA,foxI,?,Strong
csrA-PA3899,csrA,PA3899,?,Strong
csrA-PA0472,csrA,PA0472,?,Strong
csrA-femI,csrA,femI,?,Strong
csrA-PA1300,csrA,PA1300,?,Strong
csrA-pvdS,csrA,pvdS,?,Strong
gpuR-gpuR,gpuR,gpuR,+,Strong
gpuR-gpuP,gpuR,gpuP,+,Strong
gpuR-gpuA,gpuR,gpuA,+,Strong
rhlR-lecA,rhlR,lecA,+,Strong
rhlR-lecB,rhlR,lecB,+,Strong
rhlR-PA0165,rhlR,PA0165,?,Strong
rhlR-pchF,rhlR,pchF,?,Strong
rhlR-PA1131,rhlR,PA1131,+,Strong
rhlR-PA3564,rhlR,PA3564,?,Strong
rhlR-pqsD,rhlR,pqsD,-,Strong
rhlR-pqsE,rhlR,pqsE,-,Strong
rhlR-pqsA,rhlR,pqsA,-,Strong
rhlR-pqsB,rhlR,pqsB,-,Strong
rhlR-pqsC,rhlR,pqsC,-,Strong
rhlR-hcnA,rhlR,hcnA,+,Strong
rhlR-hcnC,rhlR,hcnC,+,Strong
rhlR-hcnB,rhlR,hcnB,+,Strong
rhlR-rhlB,rhlR,rhlB,+,Strong
rhlR-rhlA,rhlR,rhlA,+,Strong
rhlR-mvfR,rhlR,mvfR,-,Strong
rhlR-rhlI,rhlR,rhlI,+,Strong
rhlR-rmlC,rhlR,rmlC,+,Strong
rhlR-rmlB,rhlR,rmlB,+,Strong
rhlR-lasB,rhlR,lasB,+,Strong
rhlR-PA0883,rhlR,PA0883,?,Strong
rhlR-rmlD,rhlR,rmlD,+,Strong
rhlR-rmlA,rhlR,rmlA,+,Strong
rhlR-PA1473,rhlR,PA1473,?,Strong
rhlR-desB,rhlR,desB,?,Strong
ptxR-kguT,ptxR,kguT,+,Strong
ptxR-eta,ptxR,eta,+,Strong
ptxR-ptxS,ptxR,ptxS,+,Strong
ptxR-pvcD,ptxR,pvcD,+,Strong
ptxR-pvcC,ptxR,pvcC,+,Strong
ptxR-pvcB,ptxR,pvcB,+,Strong
ptxR-pvcA,ptxR,pvcA,+,Strong
ptxR-kguE,ptxR,kguE,+,Strong
ptxR-kguK,ptxR,kguK,+,Strong
ptxR-PA2265,ptxR,PA2265,+,Strong
ptxR-kguD,ptxR,kguD,+,Strong
ptxS-kguT,ptxS,kguT,+,Strong
ptxS-ptxR,ptxS,ptxR,-,Strong
ptxS-kguE,ptxS,kguE,+,Strong
ptxS-kguD,ptxS,kguD,+,Strong
ptxS-kguK,ptxS,kguK,+,Strong
ptxS-PA2265,ptxS,PA2265,+,Strong
PA3398-PA3398,PA3398,PA3398,-,Strong
PA3398-fpr,PA3398,fpr,+,Strong
foxI-foxA,foxI,foxA,+,Strong
foxR-foxI,foxR,foxI,-,Strong
iscR-hscB,iscR,hscB,-,Strong
iscR-iscU,iscR,iscU,-,Strong
iscR-hscA,iscR,hscA,-,Strong
iscR-nfuA,iscR,nfuA,+,Strong
iscR-iscS,iscR,iscS,-,Strong
iscR-iscA,iscR,iscA,-,Strong
iscR-PA3808,iscR,PA3808,-,Strong
iscR-fdx,iscR,fdx,-,Strong
iscR-PA4615,iscR,PA4615,+,Strong
pprB-PA4652,pprB,PA4652,+,Strong
pprB-PA4653,pprB,PA4653,+,Strong
pprB-PA4650,pprB,PA4650,+,Strong
pprB-PA4651,pprB,PA4651,+,Strong
pprB-rcpA,pprB,rcpA,+,Strong
pprB-rcpC,pprB,rcpC,+,Strong
pprB-PA1875,pprB,PA1875,+,Strong
pprB-PA1874,pprB,PA1874,+,Strong
pprB-PA4294,pprB,PA4294,+,Strong
pprB-PA1876,pprB,PA1876,+,Strong
pprB-tadG,pprB,tadG,+,Strong
pprB-PA4299,pprB,PA4299,+,Strong
pprB-tadA,pprB,tadA,+,Strong
pprB-tadC,pprB,tadC,+,Strong
pprB-tadB,pprB,tadB,+,Strong
pprB-PA1877,pprB,PA1877,+,Strong
pprB-PA4649,pprB,PA4649,+,Strong
pprB-PA4648,pprB,PA4648,+,Strong
pprB-PA4298,pprB,PA4298,+,Strong
pprB-flp,pprB,flp,+,Strong
pprB-pprB,pprB,pprB,-,Strong
pprB-pprA,pprB,pprA,+,Strong
PA1438-PA1438,PA1438,PA1438,-,Strong
PA1438-PA1437,PA1438,PA1437,-,Strong
qscR-PA1300,qscR,PA1300,?,Strong
fliA-PA4955,fliA,PA4955,+,Weak
fliA-PA1096,fliA,PA1096,+,Weak
fliA-PA2870,fliA,PA2870,+,Weak
fliA-pilP,fliA,pilP,+,Weak
fliA-plcN,fliA,plcN,+,Weak
fliA-PA1346,fliA,PA1346,+,Weak
fliA-PA3522,fliA,PA3522,+,Weak
fliA-PA3526,fliA,PA3526,+,Weak
fliA-PA1093,fliA,PA1093,+,Weak
fliA-PA4633,fliA,PA4633,+,Weak
fliA-PA1220,fliA,PA1220,+,Weak
fliA-PA1221,fliA,PA1221,+,Weak
fliA-pilO,fliA,pilO,+,Weak
fliA-pilN,fliA,pilN,+,Weak
fliA-PA1740,fliA,PA1740,+,Weak
fliA-PA1509,fliA,PA1509,+,Weak
fliA-cheB2,fliA,cheB2,+,Weak
fliA-PA0980,fliA,PA0980,+,Weak
fliA-PA2033,fliA,PA2033,+,Weak
fliA-PA2034,fliA,PA2034,+,Weak
fliA-PA2567,fliA,PA2567,+,Weak
fliA-PA2036,fliA,PA2036,+,Weak
fliA-PA2037,fliA,PA2037,+,Weak
fliA-czcB,fliA,czcB,+,Weak
fliA-PA4467,fliA,PA4467,+,Weak
fliA-rtcB,fliA,rtcB,+,Weak
fliA-ctpH,fliA,ctpH,+,Weak
fliA-PA1420,fliA,PA1420,+,Weak
fliA-bdlA,fliA,bdlA,+,Weak
fliA-PA2310,fliA,PA2310,+,Weak
fliA-PA2867,fliA,PA2867,+,Weak
fliA-oprN,fliA,oprN,+,Weak
fliA-PA5037,fliA,PA5037,+,Weak
fliA-PA2869,fliA,PA2869,+,Weak
fliA-PA2868,fliA,PA2868,+,Weak
fliA-alg44,fliA,alg44,+,Weak
fliA-PA3352,fliA,PA3352,+,Weak
fliA-PA3353,fliA,PA3353,+,Weak
fliA-PA5017,fliA,PA5017,+,Weak
fliA-mexF,fliA,mexF,+,Weak
fliA-PA1232,fliA,PA1232,+,Weak
fliA-mexD,fliA,mexD,+,Weak
fliA-mexE,fliA,mexE,+,Weak
fliA-ssuB1,fliA,ssuB1,+,Weak
fliA-PA1538,fliA,PA1538,+,Weak
fliA-hemH,fliA,hemH,+,Weak
fliA-aer,fliA,aer,+,Weak
fliA-PA3590,fliA,PA3590,+,Weak
fliA-PA3592,fliA,PA3592,+,Weak
fliA-dnaE2,fliA,dnaE2,+,Weak
fliA-PA2571,fliA,PA2571,+,Weak
fliA-adcA,fliA,adcA,+,Weak
fliA-PA3599,fliA,PA3599,+,Weak
fliA-PA1537,fliA,PA1537,+,Weak
fliA-PA2348,fliA,PA2348,+,Weak
fliA-PA0259,fliA,PA0259,+,Weak
fliA-cyaA,fliA,cyaA,+,Weak
fliA-PA1738,fliA,PA1738,+,Weak
fliA-PA4656,fliA,PA4656,+,Weak
fliA-PA4014,fliA,PA4014,+,Weak
fliA-PA0179,fliA,PA0179,+,Weak
fliA-PA4012,fliA,PA4012,+,Weak
fliA-PA4013,fliA,PA4013,+,Weak
fliA-PA2697,fliA,PA2697,+,Weak
fliA-cobA,fliA,cobA,+,Weak
fliA-PA3349,fliA,PA3349,+,Weak
fliA-tolB,fliA,tolB,+,Weak
fliA-tolA,fliA,tolA,+,Weak
fliA-PA5284,fliA,PA5284,+,Weak
fliA-alg8,fliA,alg8,+,Weak
fliA-PA2077,fliA,PA2077,+,Weak
fliA-xcpQ,fliA,xcpQ,+,Weak
fliA-xcpP,fliA,xcpP,+,Weak
fliA-pilM,fliA,pilM,+,Weak
fliA-PA1244,fliA,PA1244,+,Weak
fliA-xenB,fliA,xenB,+,Weak
fliA-cheD,fliA,cheD,+,Weak
fliA-PA0691,fliA,PA0691,+,Weak
fliA-PA2215,fliA,PA2215,+,Weak
fliA-PA2216,fliA,PA2216,+,Weak
fliA-PA2217,fliA,PA2217,+,Weak
fliA-PA1646,fliA,PA1646,+,Weak
fliA-algX,fliA,algX,+,Weak
fliA-PA0178,fliA,PA0178,+,Weak
fliA-PA4861,fliA,PA4861,+,Weak
fliA-PA1214,fliA,PA1214,+,Weak
fliA-PA0177,fliA,PA0177,+,Weak
fliA-PA2880,fliA,PA2880,+,Weak
fliA-algU,fliA,algU,?,Weak
fliA-PA5273,fliA,PA5273,+,Weak
fliA-algK,fliA,algK,+,Weak
fliA-PA3379,fliA,PA3379,+,Weak
fliA-algL,fliA,algL,+,Weak
fliA-sodA,fliA,sodA,+,Weak
fliA-PA1131,fliA,PA1131,+,Weak
fliA-cheB1,fliA,cheB1,+,Weak
fliA-PA3377,fliA,PA3377,+,Weak
fliA-algF,fliA,algF,+,Weak
fliA-algG,fliA,algG,+,Weak
fliA-algE,fliA,algE,+,Weak
fliA-PA1088,fliA,PA1088,+,Weak
fliA-pcaH,fliA,pcaH,+,Weak
fliA-fliH,fliA,fliH,+,Weak
fliA-PA5072,fliA,PA5072,+,Weak
fliA-PA1254,fliA,PA1254,+,Weak
fliA-PA2410,fliA,PA2410,+,Weak
fliA-pcaG,fliA,pcaG,+,Weak
fliA-PA5376,fliA,PA5376,+,Weak
fliA-PA1253,fliA,PA1253,+,Weak
fliA-PA2164,fliA,PA2164,+,Weak
fliA-PA2162,fliA,PA2162,+,Weak
fliA-PA2163,fliA,PA2163,+,Weak
fliA-cupA4,fliA,cupA4,+,Weak
fliA-PA2161,fliA,PA2161,+,Weak
fliA-argG,fliA,argG,+,Weak
fliA-pvdF,fliA,pvdF,+,Weak
fliA-pvdD,fliA,pvdD,+,Weak
fliA-glgA,fliA,glgA,+,Weak
fliA-rcpA,fliA,rcpA,+,Weak
fliA-czcC,fliA,czcC,+,Weak
fliA-rcpC,fliA,rcpC,+,Weak
fliA-PA1216,fliA,PA1216,+,Weak
fliA-pvdJ,fliA,pvdJ,+,Weak
fliA-glgB,fliA,glgB,+,Weak
fliA-PA3443,fliA,PA3443,+,Weak
fliA-PA0451,fliA,PA0451,+,Weak
fliA-PA0452,fliA,PA0452,+,Weak
fliA-PA0699,fliA,PA0699,+,Weak
fliA-PA1545,fliA,PA1545,+,Weak
fliA-gbuA,fliA,gbuA,+,Weak
fliA-aer2,fliA,aer2,+,Weak
fliA-PA3375,fliA,PA3375,+,Weak
fliA-PA3936,fliA,PA3936,+,Weak
fliA-mucB,fliA,mucB,+,Weak
fliA-PA0690,fliA,PA0690,+,Weak
fliA-morA,fliA,morA,+,Weak
fliA-PA2409,fliA,PA2409,+,Weak
fliA-PA2408,fliA,PA2408,+,Weak
fliA-pilQ,fliA,pilQ,+,Weak
fliA-algA,fliA,algA,+,Weak
fliA-PA1219,fliA,PA1219,+,Weak
fliA-tadZ,fliA,tadZ,+,Weak
fliA-PA2403,fliA,PA2403,+,Weak
fliA-PA2402,fliA,PA2402,+,Weak
fliA-PA2672,fliA,PA2672,+,Weak
fliA-PA2673,fliA,PA2673,+,Weak
fliA-PA2407,fliA,PA2407,+,Weak
fliA-PA2406,fliA,PA2406,+,Weak
fliA-PA1467,fliA,PA1467,+,Weak
fliA-pykF,fliA,pykF,+,Weak
fliA-PA1465,fliA,PA1465,+,Weak
fliA-PA1462,fliA,PA1462,+,Weak
fliA-PA0818,fliA,PA0818,+,Weak
fliA-tadG,fliA,tadG,+,Weak
fliA-PA5137,fliA,PA5137,+,Weak
fliA-tadA,fliA,tadA,+,Weak
fliA-cttP,fliA,cttP,+,Weak
fliA-tadC,fliA,tadC,+,Weak
fliA-PA3516,fliA,PA3516,+,Weak
fliA-PA1181,fliA,PA1181,+,Weak
fliA-PA2405,fliA,PA2405,+,Weak
fliA-PA2935,fliA,PA2935,+,Weak
fliA-rhlC,fliA,rhlC,+,Weak
fliA-PA4355,fliA,PA4355,+,Weak
fliA-PA4354,fliA,PA4354,+,Weak
fliA-PA1835,fliA,PA1835,+,Weak
fliA-PA0727,fliA,PA0727,+,Weak
fliA-PA2404,fliA,PA2404,+,Weak
fliA-PA0720,fliA,PA0720,+,Weak
fliA-msrA,fliA,msrA,+,Weak
fliA-PA0886,fliA,PA0886,+,Weak
fliA-PA0885,fliA,PA0885,+,Weak
fliA-PA0884,fliA,PA0884,+,Weak
fliA-fliI,fliA,fliI,+,Weak
fliA-PA0882,fliA,PA0882,+,Weak
fliA-fliJ,fliA,fliJ,+,Weak
fliA-fliE,fliA,fliE,+,Weak
fliA-fliD,fliA,fliD,+,Weak
fliA-fliG,fliA,fliG,+,Weak
fliA-fliF,fliA,fliF,+,Weak
fliA-fliA,fliA,fliA,?,Weak
fliA-PA0684,fliA,PA0684,+,Weak
fliA-fliC,fliA,fliC,+,Strong
fliA-PA0444,fliA,PA0444,+,Weak
fliA-PA2535,fliA,PA2535,+,Weak
fliA-PA5217,fliA,PA5217,+,Weak
fliA-PA5216,fliA,PA5216,+,Weak
fliA-PA2669,fliA,PA2669,+,Weak
fliA-PA1023,fliA,PA1023,+,Weak
fliA-PA4182,fliA,PA4182,+,Weak
fliA-PA1679,fliA,PA1679,+,Weak
fliA-phnX,fliA,phnX,+,Weak
fliA-PA5218,fliA,PA5218,+,Weak
fliA-PA1028,fliA,PA1028,+,Weak
fliA-PA1474,fliA,PA1474,+,Weak
fliA-PA2788,fliA,PA2788,+,Weak
fliA-PA4325,fliA,PA4325,+,Weak
fliA-ibpA,fliA,ibpA,+,Weak
fliA-fumC1,fliA,fumC1,+,Weak
fliA-PA1473,fliA,PA1473,+,Weak
fliA-PA5285,fliA,PA5285,+,Weak
fliA-tadB,fliA,tadB,+,Weak
fliA-PA1419,fliA,PA1419,+,Weak
fliA-PA2308,fliA,PA2308,+,Weak
fliA-PA2309,fliA,PA2309,+,Weak
fliA-pctC,fliA,pctC,+,Weak
fliA-pctB,fliA,pctB,+,Weak
fliA-pctA,fliA,pctA,+,Weak
fliA-glgE,fliA,glgE,+,Weak
fliA-PA1251,fliA,PA1251,+,Weak
fliA-cheY,fliA,cheY,+,Weak
fliA-PA4326,fliA,PA4326,+,Weak
fliA-PA1569,fliA,PA1569,+,Weak
fliA-PA1568,fliA,PA1568,+,Weak
fliA-PA3429,fliA,PA3429,+,Weak
fliA-ruvB,fliA,ruvB,+,Weak
fliA-PA4616,fliA,PA4616,+,Weak
fliA-cyoC,fliA,cyoC,+,Weak
fliA-PA1567,fliA,PA1567,+,Weak
fliA-PA3422,fliA,PA3422,+,Weak
fliA-PA2855,fliA,PA2855,+,Weak
fliA-motA,fliA,motA,+,Weak
fliA-motB,fliA,motB,+,Weak
fliA-motC,fliA,motC,+,Weak
fliA-motD,fliA,motD,+,Weak
fliA-PA0728,fliA,PA0728,+,Weak
fliA-PA1367,fliA,PA1367,+,Weak
fliA-PA2654,fliA,PA2654,+,Weak
fliA-PA2307,fliA,PA2307,+,Weak
fliA-erpA,fliA,erpA,+,Weak
fliA-PA1607,fliA,PA1607,+,Weak
fliA-pprA,fliA,pprA,+,Weak
fliA-PA3024,fliA,PA3024,+,Weak
fliA-PA3025,fliA,PA3025,+,Weak
fliA-PA3026,fliA,PA3026,+,Weak
fliA-PA2158,fliA,PA2158,+,Weak
fliA-rocS1,fliA,rocS1,+,Weak
fliA-PA4298,fliA,PA4298,+,Weak
fliA-PA4299,fliA,PA4299,+,Weak
fliA-PA2152,fliA,PA2152,+,Weak
fliA-PA1608,fliA,PA1608,+,Weak
fliA-PA2594,fliA,PA2594,+,Weak
fliA-PA2160,fliA,PA2160,+,Weak
fliA-PA3515,fliA,PA3515,+,Weak
fliA-phnC1,fliA,phnC1,+,Weak
fliA-tesA,fliA,tesA,+,Weak
fliA-PA0722,fliA,PA0722,+,Weak
fliA-PA3866,fliA,PA3866,+,Weak
fliA-glyA2,fliA,glyA2,+,Weak
fliA-PA2917,fliA,PA2917,+,Weak
fliA-PA2916,fliA,PA2916,+,Weak
fliA-PA2599,fliA,PA2599,+,Weak
fliA-PA2598,fliA,PA2598,+,Weak
fliA-PA1211,fliA,PA1211,+,Weak
fliA-PA1089,fliA,PA1089,+,Weak
fliA-PA1213,fliA,PA1213,+,Weak
fliA-PA1212,fliA,PA1212,+,Weak
fliA-PA1215,fliA,PA1215,+,Weak
fliA-fliS,fliA,fliS,+,Weak
fliA-PA1217,fliA,PA1217,+,Weak
fliA-cheR2,fliA,cheR2,+,Weak
fliA-PA1090,fliA,PA1090,+,Weak
fliA-PA1218,fliA,PA1218,+,Weak
fliA-PA0721,fliA,PA0721,+,Weak
fliA-coaB,fliA,coaB,+,Weak
fliA-PA4520,fliA,PA4520,+,Weak
fliA-bifA,fliA,bifA,+,Strong
fliA-PA3740,fliA,PA3740,+,Weak
fliA-fliL,fliA,fliL,+,Strong
fliA-PA1913,fliA,PA1913,+,Weak
fliA-PA1353,fliA,PA1353,+,Weak
fliA-PA1354,fliA,PA1354,+,Weak
fliA-PA0982,fliA,PA0982,+,Weak
fliA-PA1510,fliA,PA1510,+,Weak
fliA-PA2670,fliA,PA2670,+,Weak
fliA-PA0701,fliA,PA0701,+,Weak
fliA-PA1458,fliA,PA1458,+,Weak
fliA-PA0883,fliA,PA0883,+,Weak
fliA-PA2652,fliA,PA2652,+,Weak
fliA-flgM,fliA,flgM,+,Strong
fliA-flgL,fliA,flgL,+,Weak
fliC-exoS,fliC,exoS,-,Strong
fliC-exoY,fliC,exoY,-,Strong
fliC-exoT,fliC,exoT,-,Strong
PA2384-PA4896,PA2384,PA4896,?,Strong
PA2384-PA3410,PA2384,PA3410,?,Strong
PA2384-vreI,PA2384,vreI,?,Strong
PA2384-pvdS,PA2384,pvdS,?,Strong
PA2384-sigX,PA2384,sigX,?,Strong
PA2384-PA1300,PA2384,PA1300,?,Strong
dhcR-dhcA,dhcR,dhcA,+,Strong
dhcR-dhcB,dhcR,dhcB,+,Strong
vqsR-foxI,vqsR,foxI,?,Strong
vqsR-PA3973,vqsR,PA3973,?,Strong
vqsR-PA4357,vqsR,PA4357,?,Strong
vqsR-greB,vqsR,greB,?,Strong
vqsR-mexG,vqsR,mexG,?,Strong
vqsR-PA4896,vqsR,PA4896,?,Strong
vqsR-PA0149,vqsR,PA0149,?,Strong
vqsR-PA3899,vqsR,PA3899,?,Strong
vqsR-alc,vqsR,alc,?,Strong
vqsR-opmD,vqsR,opmD,?,Strong
vqsR-maeA,vqsR,maeA,?,Strong
vqsR-asd,vqsR,asd,?,Strong
vqsR-PA0472,vqsR,PA0472,?,Strong
vqsR-femI,vqsR,femI,?,Strong
vqsR-mexH,vqsR,mexH,?,Strong
vqsR-mexI,vqsR,mexI,?,Strong
vqsR-PA4320,vqsR,PA4320,?,Strong
vqsR-speH,vqsR,speH,?,Strong
vqsR-PA0839,vqsR,PA0839,?,Strong
vqsR-PA4312,vqsR,PA4312,?,Strong
vqsR-qscR,vqsR,qscR,?,Strong
