id,NDA,Color
rbfA,Basal machinery,#b22130
SCO4598,Basal machinery,#b22130
SCO4594,Basal machinery,#b22130
SCO4595,Basal machinery,#b22130
SCO4596,Global regulator,#09535b
SCO4597,Basal machinery,#b22130
SCO4590,Basal machinery,#b22130
SCO4591,Basal machinery,#b22130
pafA,Basal machinery,#b22130
SCO1412,Basal machinery,#b22130
SCO1413,Basal machinery,#b22130
SCO1410,Basal machinery,#b22130
SCO1411,Basal machinery,#b22130
SCO1416,Basal machinery,#b22130
SCO1142,Basal machinery,#b22130
SCO1415,Basal machinery,#b22130
afsQ2,Basal machinery,#b22130
SCO1418,Basal machinery,#b22130
SCO1419,M16.1,#715eba
SCO1148,Basal machinery,#b22130
SCO1149,Basal machinery,#b22130
SCO3368,Basal machinery,#b22130
SCO3369,Basal machinery,#b22130
SCO3819,Basal machinery,#b22130
SCO3362,M16.1,#715eba
SCO3363,Basal machinery,#b22130
SCO3816,Basal machinery,#b22130
SCO3361,M16.1,#715eba
SCO3366,Basal machinery,#b22130
SCO3367,Basal machinery,#b22130
SCO3812,Basal machinery,#b22130
SCO3365,Basal machinery,#b22130
SCO5249,M16.1,#715eba
SCO5248,Basal machinery,#b22130
SCO5242,Basal machinery,#b22130
SCO5241,Basal machinery,#b22130
SCO5247,Basal machinery,#b22130
SCO5246,Basal machinery,#b22130
SCO7237,Basal machinery,#b22130
SCO2140,M16.1,#715eba
SCO2143,Basal machinery,#b22130
SCO2142,Basal machinery,#b22130
SCO2146,Basal machinery,#b22130
IS466A-ORF,Basal machinery,#b22130
SCO6264,Basal machinery,#b22130
SCO6265,Global regulator,#09535b
SCO6266,M16.1,#715eba
SCO6267,Basal machinery,#b22130
SCO6260,Basal machinery,#b22130
SCO6261,Basal machinery,#b22130
SCO6262,Basal machinery,#b22130
SCO6263,Basal machinery,#b22130
SCO6268,Basal machinery,#b22130
SCO6269,Basal machinery,#b22130
SCO7249,Basal machinery,#b22130
SCO7247,Basal machinery,#b22130
SCO7240,Basal machinery,#b22130
whiB7,Basal machinery,#b22130
SCO1144,Basal machinery,#b22130
argC,Basal machinery,#b22130
SCO1145,Basal machinery,#b22130
SCO1146,Basal machinery,#b22130
clpP2,Basal machinery,#b22130
SCO1147,M16.1,#715eba
clpP5,Basal machinery,#b22130
SCO0734,Basal machinery,#b22130
SCO0043,Basal machinery,#b22130
SCO0736,Basal machinery,#b22130
SCO0041,Basal machinery,#b22130
SCO0730,Basal machinery,#b22130
SCO0732,M5,#f7f4a8
SCO0045,Basal machinery,#b22130
SCO1143,Basal machinery,#b22130
SCO4293,Basal machinery,#b22130
SCO4924,M12,#f78e74
SCO4291,Basal machinery,#b22130
SCO4926,Basal machinery,#b22130
SCO4921,M16.1,#715eba
SCO4920,Basal machinery,#b22130
SCO4295,Basal machinery,#b22130
SCO4922,Basal machinery,#b22130
SCO4299,Basal machinery,#b22130
SCO4298,Basal machinery,#b22130
mtnA,Basal machinery,#b22130
SCO5746,Basal machinery,#b22130
SCO5747,Basal machinery,#b22130
SCO5742,Basal machinery,#b22130
SCO5741,Basal machinery,#b22130
SCO5748,Basal machinery,#b22130
SCO5749,Basal machinery,#b22130
SCO2776,Basal machinery,#b22130
SCO2777,Basal machinery,#b22130
SCO2774,Basal machinery,#b22130
SCO2775,M16.1,#715eba
SCO2773,Basal machinery,#b22130
SCO2770,Basal machinery,#b22130
SCO2771,Basal machinery,#b22130
SCO2778,Basal machinery,#b22130
SCO2779,Basal machinery,#b22130
SCO4435,Basal machinery,#b22130
SCO4434,Basal machinery,#b22130
SCO4433,Basal machinery,#b22130
SCO4432,Basal machinery,#b22130
SCO4431,Basal machinery,#b22130
SCO4430,Basal machinery,#b22130
SCO4439,Basal machinery,#b22130
SCO4438,Basal machinery,#b22130
SCO0958,Basal machinery,#b22130
SCO0951,Basal machinery,#b22130
whiD,M16.1,#715eba
whiB,M16.1,#715eba
SCO0955,Basal machinery,#b22130
whiA,M16.1,#715eba
SCO5520,Basal machinery,#b22130
SCO5521,Basal machinery,#b22130
SCO5531,Basal machinery,#b22130
SCO5528,Basal machinery,#b22130
smc,Basal machinery,#b22130
SCO2552,M16.1,#715eba
SCO2805,Basal machinery,#b22130
SCO2550,Basal machinery,#b22130
SCO2807,Basal machinery,#b22130
SCO2556,Basal machinery,#b22130
SCO5533,Basal machinery,#b22130
SCO2803,Basal machinery,#b22130
SCO2558,Basal machinery,#b22130
SCO2559,Basal machinery,#b22130
SCO2809,Basal machinery,#b22130
f58a,Basal machinery,#b22130
glgE2,Basal machinery,#b22130
glgE1,Basal machinery,#b22130
rsrA,Basal machinery,#b22130
glyA,Basal machinery,#b22130
SCO1606,Basal machinery,#b22130
SCO1603,Basal machinery,#b22130
SCO1602,Basal machinery,#b22130
SCO1601,Basal machinery,#b22130
SCO3814,Basal machinery,#b22130
SCO3815,Basal machinery,#b22130
SCO3811,Basal machinery,#b22130
SCO3603,Basal machinery,#b22130
SCO3602,Basal machinery,#b22130
SCO3605,Basal machinery,#b22130
SCO3604,Basal machinery,#b22130
SCO3607,Basal machinery,#b22130
SCO3606,M16.1,#715eba
SCO3609,Basal machinery,#b22130
SCO3608,Basal machinery,#b22130
SCO3813,Basal machinery,#b22130
SCO6078,Basal machinery,#b22130
SCO6071,Basal machinery,#b22130
SCO6070,Basal machinery,#b22130
SCO6072,Basal machinery,#b22130
SCO6074,Basal machinery,#b22130
SCO6077,Basal machinery,#b22130
SCO6076,Basal machinery,#b22130
SCO7388,Basal machinery,#b22130
SCO7389,Basal machinery,#b22130
SCO7381,Basal machinery,#b22130
SCO7382,Basal machinery,#b22130
SCO7383,Basal machinery,#b22130
SCO7384,Basal machinery,#b22130
SCO7385,Basal machinery,#b22130
SCO7386,Basal machinery,#b22130
SCO7387,Basal machinery,#b22130
serS,Basal machinery,#b22130
SCO6383,Basal machinery,#b22130
SCO6382,Basal machinery,#b22130
SCO6381,Basal machinery,#b22130
SCO6380,Basal machinery,#b22130
SCO6387,Basal machinery,#b22130
SCO4277,Basal machinery,#b22130
SCO6385,Basal machinery,#b22130
SCO6384,Basal machinery,#b22130
SCO6388,Basal machinery,#b22130
SCO7657,Basal machinery,#b22130
SCO7654,Basal machinery,#b22130
SCO7655,Basal machinery,#b22130
SCO7653,Basal machinery,#b22130
SCO7650,Basal machinery,#b22130
SCO7658,Basal machinery,#b22130
SCO0385,Basal machinery,#b22130
SCO0384,Basal machinery,#b22130
SCO0387,Basal machinery,#b22130
SCO0386,Basal machinery,#b22130
SCO0381,M16.1,#715eba
SCO0380,Basal machinery,#b22130
SCO0383,Basal machinery,#b22130
SCO0382,Basal machinery,#b22130
SCO0389,Basal machinery,#b22130
SCO0388,Basal machinery,#b22130
SCO6927,Basal machinery,#b22130
SCO6926,Basal machinery,#b22130
SCO6925,Basal machinery,#b22130
SCO6924,Basal machinery,#b22130
SCO6923,Basal machinery,#b22130
SCO6921,Basal machinery,#b22130
menG,Basal machinery,#b22130
SCO6929,Basal machinery,#b22130
SCO6928,Basal machinery,#b22130
priA,Basal machinery,#b22130
ectD,M16.1,#715eba
SCO7033,Basal machinery,#b22130
SCO7030,Basal machinery,#b22130
SCO7031,Basal machinery,#b22130
ectA,M16.1,#715eba
SCO7034,Basal machinery,#b22130
ectC,M16.1,#715eba
SCO7038,Basal machinery,#b22130
SCO0564,Basal machinery,#b22130
SCO0568,Basal machinery,#b22130
SCO4607,Basal machinery,#b22130
SCO5180,Basal machinery,#b22130
pfkA3,Basal machinery,#b22130
SCO1382,Basal machinery,#b22130
SCO1383,Basal machinery,#b22130
SCO1381,Basal machinery,#b22130
SCO1386,Basal machinery,#b22130
SCO1384,Basal machinery,#b22130
SCO1385,Basal machinery,#b22130
SCO1388,Basal machinery,#b22130
SCO1389,Basal machinery,#b22130
SCO2850,Basal machinery,#b22130
SCO1168,Basal machinery,#b22130
SCO1166,Basal machinery,#b22130
SCO1167,Basal machinery,#b22130
SCO1164,Basal machinery,#b22130
SCO1165,Basal machinery,#b22130
SCO1163,Basal machinery,#b22130
SCO1160,Basal machinery,#b22130
rpmF1,M14,#ce0253
rpmF2,M14,#ce0253
SCO5266,Basal machinery,#b22130
SCO5261,M16.1,#715eba
SCO5260,M16.1,#715eba
SCO5263,Basal machinery,#b22130
SCO5262,Basal machinery,#b22130
SCO5269,Basal machinery,#b22130
SCO5268,Basal machinery,#b22130
SCO0536,Basal machinery,#b22130
frc,Basal machinery,#b22130
SCO0793,Basal machinery,#b22130
frr,Basal machinery,#b22130
sodF1,M16.12,#ef62e3
SCO2123,Basal machinery,#b22130
SCO2122,Basal machinery,#b22130
SCO2121,Basal machinery,#b22130
SCO2120,M12,#f78e74
SCO2127,M16.1,#715eba
SCO2125,Basal machinery,#b22130
SCO2124,Basal machinery,#b22130
SCO3836,Basal machinery,#b22130
SCO3837,Basal machinery,#b22130
SCO3835,Basal machinery,#b22130
SCO3832,M2,#f9dfa7
SCO3830,M2,#f9dfa7
SCO3831,M2,#f9dfa7
SCO3838,Basal machinery,#b22130
SCO3839,Basal machinery,#b22130
hldE,Basal machinery,#b22130
SCO6719,Basal machinery,#b22130
SCO6714,Basal machinery,#b22130
SCO6716,Basal machinery,#b22130
SCO6717,Basal machinery,#b22130
SCO6710,Basal machinery,#b22130
SCO6711,Basal machinery,#b22130
SCO6240,Basal machinery,#b22130
SCO6713,Basal machinery,#b22130
hup1,M16.1,#715eba
hup2,Basal machinery,#b22130
topA,Basal machinery,#b22130
rsmG,Basal machinery,#b22130
rsmH,Basal machinery,#b22130
rsmI,Basal machinery,#b22130
SCO0277,Basal machinery,#b22130
SCO1026,Basal machinery,#b22130
SCO0712,M33,#af0331
SCO0713,M33,#af0331
SCO0711,Basal machinery,#b22130
SCO0718,Basal machinery,#b22130
SCO0719,Basal machinery,#b22130
SCO3630,Basal machinery,#b22130
SCO3631,Basal machinery,#b22130
SCO3633,Basal machinery,#b22130
hemC1,Basal machinery,#b22130
SCO0305,Basal machinery,#b22130
SCO0304,Basal machinery,#b22130
SCO5892,M16.1,#715eba
SCO5721,Basal machinery,#b22130
SCO5890,M16.1,#715eba
SCO5891,M16.1,#715eba
SCO5896,M16.1,#715eba
SCO5897,M16.1,#715eba
SCO5726,Basal machinery,#b22130
SCO5895,M16.1,#715eba
SCO5728,Basal machinery,#b22130
SCO5729,Basal machinery,#b22130
SCO5898,M16.1,#715eba
SCO5899,Basal machinery,#b22130
SCO2712,Basal machinery,#b22130
SCO2714,Basal machinery,#b22130
SCO2716,M16.1,#715eba
SCO2717,M16.1,#715eba
SCO2718,M16.1,#715eba
SCO2719,M16.1,#715eba
SCO0973,Basal machinery,#b22130
SCO0970,Basal machinery,#b22130
SCO4412,Basal machinery,#b22130
SCO0976,Basal machinery,#b22130
SCO4414,Basal machinery,#b22130
SCO0974,Basal machinery,#b22130
SCO1008,Basal machinery,#b22130
SCO4419,Basal machinery,#b22130
SCO4418,Basal machinery,#b22130
SCO5090,Basal machinery,#b22130
SCO5091,Basal machinery,#b22130
SCO2828,Basal machinery,#b22130
SCO2829,Basal machinery,#b22130
SCO2827,Basal machinery,#b22130
SCO2824,Basal machinery,#b22130
SCO2825,Basal machinery,#b22130
SCO2822,Basal machinery,#b22130
SCO2823,Basal machinery,#b22130
SCO2820,Basal machinery,#b22130
SCO2821,Basal machinery,#b22130
SCO6044,Basal machinery,#b22130
sucC1,Basal machinery,#b22130
SCO6045,Basal machinery,#b22130
SCO1597,Basal machinery,#b22130
SCO1596,Basal machinery,#b22130
SCO1593,Basal machinery,#b22130
SCO1592,Basal machinery,#b22130
SCO1591,Basal machinery,#b22130
SCO1590,Basal machinery,#b22130
SCO6040,M16.1,#715eba
SCO6514,Basal machinery,#b22130
SCO6043,Basal machinery,#b22130
SCO3991,Basal machinery,#b22130
SCO3990,Basal machinery,#b22130
SCO3993,Basal machinery,#b22130
SCO3992,Basal machinery,#b22130
SCO3995,Basal machinery,#b22130
SCO3449,Basal machinery,#b22130
SCO3999,M16.1,#715eba
SCO3445,Basal machinery,#b22130
SCO3442,Basal machinery,#b22130
rspG,Basal machinery,#b22130
SCO1621,Basal machinery,#b22130
SCO1620,Basal machinery,#b22130
SCO1623,Basal machinery,#b22130
SCO1627,Basal machinery,#b22130
SCO1626,Basal machinery,#b22130
SCO1629,Basal machinery,#b22130
SCO1628,Basal machinery,#b22130
SCO5450,Basal machinery,#b22130
SCO7641,Basal machinery,#b22130
SCO5907,Basal machinery,#b22130
SCO7640,Basal machinery,#b22130
SCO5456,Basal machinery,#b22130
SCO7642,Basal machinery,#b22130
SCO5902,Basal machinery,#b22130
sdaA,Basal machinery,#b22130
SCO5455,Basal machinery,#b22130
SCO3199,Basal machinery,#b22130
SCO3198,M16.1,#715eba
SCO3663,Basal machinery,#b22130
SCO3662,Basal machinery,#b22130
SCO7394,Basal machinery,#b22130
SCO3194,Basal machinery,#b22130
SCO3197,Basal machinery,#b22130
SCO3196,Basal machinery,#b22130
SCO6012,Basal machinery,#b22130
SCO6011,Basal machinery,#b22130
SCO6010,Basal machinery,#b22130
SCO6016,Basal machinery,#b22130
SCO6015,Basal machinery,#b22130
SCO6014,Basal machinery,#b22130
SCO6019,Basal machinery,#b22130
SCO6018,Basal machinery,#b22130
SCO7630,Basal machinery,#b22130
SCO7631,Basal machinery,#b22130
SCO7632,Basal machinery,#b22130
SCO7633,Basal machinery,#b22130
SCO7634,Basal machinery,#b22130
SCO7635,Basal machinery,#b22130
SCO7636,Basal machinery,#b22130
SCO7637,Basal machinery,#b22130
SCO7639,Basal machinery,#b22130
SCO0368,Basal machinery,#b22130
SCO0365,Basal machinery,#b22130
SCO6901,Basal machinery,#b22130
SCO6900,Basal machinery,#b22130
SCO6905,Basal machinery,#b22130
SCO6907,Basal machinery,#b22130
SCO6906,Basal machinery,#b22130
SCO6908,Basal machinery,#b22130
sigB,M16.1,#715eba
sigE,Global regulator,#09535b
sigF,M16.1,#715eba
sigI,M16.1,#715eba
sigH,M16.1,#715eba
sigR,Global regulator,#09535b
SCO0508,Basal machinery,#b22130
SCO0505,Basal machinery,#b22130
SCO0504,Basal machinery,#b22130
SCO1368,Basal machinery,#b22130
SCO1369,Basal machinery,#b22130
SCO1364,Basal machinery,#b22130
SCO1365,Basal machinery,#b22130
SCO1366,Basal machinery,#b22130
SCO1367,Basal machinery,#b22130
SCO1360,Basal machinery,#b22130
SCO1361,Basal machinery,#b22130
SCO4624,Basal machinery,#b22130
SCO4622,Basal machinery,#b22130
SCO4620,Basal machinery,#b22130
SCO1109,Basal machinery,#b22130
SCO1100,Basal machinery,#b22130
SCO1103,Basal machinery,#b22130
SCO1104,M16.1,#715eba
SCO1105,Basal machinery,#b22130
SCO5289,Basal machinery,#b22130
SCO5288,Basal machinery,#b22130
SCO5287,Basal machinery,#b22130
SCO5286,Basal machinery,#b22130
SCO5284,Basal machinery,#b22130
SCO5283,Global regulator,#09535b
SCO5282,Basal machinery,#b22130
SCO5281,M16.10,#0d5582
SCO2457,Basal machinery,#b22130
SCO2456,Basal machinery,#b22130
SCO2107,Basal machinery,#b22130
SCO2454,Basal machinery,#b22130
SCO2101,M12,#f78e74
SCO2452,Basal machinery,#b22130
SCO2103,Basal machinery,#b22130
SCO2450,Basal machinery,#b22130
SCO2108,Basal machinery,#b22130
SCO2459,Basal machinery,#b22130
SCO2458,Basal machinery,#b22130
SCO3850,Basal machinery,#b22130
SCO3851,Basal machinery,#b22130
SCO3852,Basal machinery,#b22130
SCO3853,Basal machinery,#b22130
SCO3855,Basal machinery,#b22130
SCO3856,Basal machinery,#b22130
SCO3857,Basal machinery,#b22130
SCO3859,M16.1,#715eba
SCO3882,Basal machinery,#b22130
ribBA,Basal machinery,#b22130
SCO6228,Basal machinery,#b22130
SCO6220,Basal machinery,#b22130
SCO6222,M16.1,#715eba
SCO6223,Basal machinery,#b22130
SCO6224,Basal machinery,#b22130
SCO6225,Basal machinery,#b22130
SCO3275,Basal machinery,#b22130
SCO3276,Basal machinery,#b22130
SCO3278,Basal machinery,#b22130
SCO3279,Basal machinery,#b22130
cobT,Basal machinery,#b22130
cobQ,Basal machinery,#b22130
cobS,Basal machinery,#b22130
cobD,Basal machinery,#b22130
cobB,Basal machinery,#b22130
SCO6732,Basal machinery,#b22130
SCO6730,Basal machinery,#b22130
SCO6731,Basal machinery,#b22130
SCO6738,Basal machinery,#b22130
SCO6739,Basal machinery,#b22130
SCO7177,M16.10,#0d5582
SCO7176,M16.10,#0d5582
SCO7175,Basal machinery,#b22130
SCO7173,Global regulator,#09535b
SCO7172,Basal machinery,#b22130
SCO7171,Basal machinery,#b22130
SCO7179,Basal machinery,#b22130
SCO0770,Basal machinery,#b22130
SCO0772,Basal machinery,#b22130
SCO0774,Basal machinery,#b22130
SCO0775,Basal machinery,#b22130
SCO0776,Basal machinery,#b22130
SCO0777,Basal machinery,#b22130
SCO0778,Basal machinery,#b22130
SCO0779,Basal machinery,#b22130
rbpA,M7,#d18c57
rbpB,Basal machinery,#b22130
hisE,Basal machinery,#b22130
hisF,Basal machinery,#b22130
fmt,Basal machinery,#b22130
hisC,Basal machinery,#b22130
smpB,Basal machinery,#b22130
hisH,Basal machinery,#b22130
hisI,Basal machinery,#b22130
SCO0194,M13,#f646fc
SCO0195,M13,#f646fc
SCO0196,M13,#f646fc
SCO0197,Basal machinery,#b22130
SCO0190,M13,#f646fc
SCO0191,M13,#f646fc
SCO0193,Basal machinery,#b22130
SCO0198,Basal machinery,#b22130
SCO0199,M16.1,#715eba
SCO5878,Basal machinery,#b22130
SCO5879,Basal machinery,#b22130
SCO1829,Basal machinery,#b22130
SCO1828,Basal machinery,#b22130
SCO5874,Basal machinery,#b22130
SCO1826,Basal machinery,#b22130
SCO1825,Basal machinery,#b22130
SCO1824,Basal machinery,#b22130
SCO1823,Basal machinery,#b22130
SCO1822,Basal machinery,#b22130
SCO5872,Basal machinery,#b22130
SCO5705,Basal machinery,#b22130
SCO2738,Basal machinery,#b22130
SCO2739,Basal machinery,#b22130
SCO2733,Basal machinery,#b22130
SCO2736,Basal machinery,#b22130
SCO4479,Basal machinery,#b22130
SCO0999,Intermodular,#f7ae47
SCO4473,Basal machinery,#b22130
SCO4472,Basal machinery,#b22130
SCO4471,Basal machinery,#b22130
SCO0997,Basal machinery,#b22130
SCO0990,Basal machinery,#b22130
SCO0991,Basal machinery,#b22130
SCO4475,Basal machinery,#b22130
SCO4474,Basal machinery,#b22130
clpP1,Basal machinery,#b22130
SCO2848,Basal machinery,#b22130
SCO2849,Basal machinery,#b22130
SCO2841,Basal machinery,#b22130
SCO2842,Basal machinery,#b22130
SCO2843,Basal machinery,#b22130
SCO2844,Basal machinery,#b22130
SCO2845,Basal machinery,#b22130
SCO2846,Basal machinery,#b22130
SCO2847,Basal machinery,#b22130
SCO0042,Basal machinery,#b22130
SCO3922,Basal machinery,#b22130
SCO0040,Basal machinery,#b22130
SCO0733,Basal machinery,#b22130
SCO3461,Basal machinery,#b22130
SCO3460,Basal machinery,#b22130
SCO1649,Basal machinery,#b22130
SCO1642,Basal machinery,#b22130
SCO1641,Basal machinery,#b22130
SCO1647,Basal machinery,#b22130
SCO1645,Basal machinery,#b22130
SCO2594,Basal machinery,#b22130
SCO2592,Basal machinery,#b22130
SCO2593,Basal machinery,#b22130
SCO2590,Basal machinery,#b22130
SCO2591,Basal machinery,#b22130
SCO2599,Basal machinery,#b22130
SCO6727,Basal machinery,#b22130
SCO3648,Basal machinery,#b22130
asnO,Basal machinery,#b22130
SCO6035,Basal machinery,#b22130
SCO6034,Basal machinery,#b22130
SCO6037,Basal machinery,#b22130
SCO6036,Basal machinery,#b22130
SCO6030,Basal machinery,#b22130
SCO6033,Basal machinery,#b22130
SCO6032,Basal machinery,#b22130
SCO6820,Basal machinery,#b22130
SCO4925,Basal machinery,#b22130
SCO4292,Basal machinery,#b22130
SCO4927,Basal machinery,#b22130
SCO6691,M16.1,#715eba
SCO6690,Basal machinery,#b22130
SCO6693,Basal machinery,#b22130
SCO4290,Basal machinery,#b22130
SCO6695,Basal machinery,#b22130
SCO6697,Basal machinery,#b22130
SCO6696,Basal machinery,#b22130
SCO6699,Basal machinery,#b22130
SCO4297,Basal machinery,#b22130
SCO4923,Basal machinery,#b22130
SCO4294,Basal machinery,#b22130
SCO0121,Basal machinery,#b22130
SCO7612,Basal machinery,#b22130
SCO7345,Basal machinery,#b22130
SCO7346,Basal machinery,#b22130
SCO7347,Basal machinery,#b22130
SCO7340,Basal machinery,#b22130
SCO7341,M31,#0dafc4
SCO7615,Basal machinery,#b22130
SCO0698,Basal machinery,#b22130
SCO0693,Basal machinery,#b22130
SCO0692,Basal machinery,#b22130
SCO0691,Basal machinery,#b22130
SCO0690,Basal machinery,#b22130
SCO0697,Basal machinery,#b22130
SCO0344,Basal machinery,#b22130
SCO0347,Basal machinery,#b22130
orfA,Basal machinery,#b22130
SCO6963,Basal machinery,#b22130
SCO6962,Basal machinery,#b22130
SCO6961,Basal machinery,#b22130
SCO6960,Basal machinery,#b22130
SCO6967,Basal machinery,#b22130
SCO6965,Basal machinery,#b22130
SCO6964,Basal machinery,#b22130
SCO6504,Basal machinery,#b22130
SCO6507,Basal machinery,#b22130
SCO1346,Basal machinery,#b22130
def2,Basal machinery,#b22130
def1,Basal machinery,#b22130
SCO1345,Basal machinery,#b22130
SCO1340,Basal machinery,#b22130
def4,Basal machinery,#b22130
SCO6945,Basal machinery,#b22130
yidC,Basal machinery,#b22130
SCO4640,Basal machinery,#b22130
SCO0524,Basal machinery,#b22130
SCO4642,Basal machinery,#b22130
SCO4867,Basal machinery,#b22130
SCO4644,Basal machinery,#b22130
SCO4645,Basal machinery,#b22130
SCO4862,Basal machinery,#b22130
SCO4863,Basal machinery,#b22130
SCO4868,Basal machinery,#b22130
ecrA1,Basal machinery,#b22130
SCO1122,Basal machinery,#b22130
SCO1123,Basal machinery,#b22130
SCO1121,Basal machinery,#b22130
SCO1126,Basal machinery,#b22130
SCO1127,Basal machinery,#b22130
SCO5119,Basal machinery,#b22130
SCO5118,Basal machinery,#b22130
SCO5117,Basal machinery,#b22130
SCO5116,M16.1,#715eba
SCO1128,Basal machinery,#b22130
SCO5114,M16.1,#715eba
SCO5113,M16.1,#715eba
SCO5112,M16.1,#715eba
SCO5111,Basal machinery,#b22130
SCO5110,Basal machinery,#b22130
rpmB1,M14,#ce0253
rpmB2,M14,#ce0253
SCO2695,Basal machinery,#b22130
SCO2696,Basal machinery,#b22130
SCO2692,Basal machinery,#b22130
SCO2699,M16.1,#715eba
SCO2698,Basal machinery,#b22130
SCO0836,Basal machinery,#b22130
SCO0834,Basal machinery,#b22130
SCO0833,Basal machinery,#b22130
SCO0832,Basal machinery,#b22130
SCO0831,Basal machinery,#b22130
rpsD,Basal machinery,#b22130
SCO0839,Basal machinery,#b22130
SCO0838,Basal machinery,#b22130
rrnD,M7,#d18c57
SCO2471,Basal machinery,#b22130
SCO2470,Basal machinery,#b22130
SCO2473,M16.1,#715eba
SCO2472,Basal machinery,#b22130
SCO2475,Basal machinery,#b22130
SCO2474,Basal machinery,#b22130
SCO2477,Basal machinery,#b22130
SCO2479,Basal machinery,#b22130
SCO2478,M9,#f497f3
SCO3872,Basal machinery,#b22130
SCO3870,Basal machinery,#b22130
SCO3871,Basal machinery,#b22130
SCO3877,Basal machinery,#b22130
SCO3875,Basal machinery,#b22130
gvpJ2,Basal machinery,#b22130
gvpJ1,Basal machinery,#b22130
SCO6742,Basal machinery,#b22130
ddl,Basal machinery,#b22130
ushY,Basal machinery,#b22130
SCO3255,Basal machinery,#b22130
SCO3210,Basal machinery,#b22130
SCO7407,Basal machinery,#b22130
SCO3216,Basal machinery,#b22130
mdh,Intermodular,#f7ae47
ptpA,Basal machinery,#b22130
rpsL,Basal machinery,#b22130
rnhB,Basal machinery,#b22130
SCO6202,Basal machinery,#b22130
SCO6203,Basal machinery,#b22130
SCO6200,Basal machinery,#b22130
SCO6753,Basal machinery,#b22130
SCO6206,Basal machinery,#b22130
SCO6755,Basal machinery,#b22130
SCO6756,Basal machinery,#b22130
SCO6205,Basal machinery,#b22130
SCO6758,Basal machinery,#b22130
SCO6759,Basal machinery,#b22130
SCO6208,Basal machinery,#b22130
SCO6209,Basal machinery,#b22130
SCO7152,Basal machinery,#b22130
SCO7155,M16.1,#715eba
SCO7408,Basal machinery,#b22130
SCO7159,Basal machinery,#b22130
SCO7158,Basal machinery,#b22130
SCO7404,Basal machinery,#b22130
SCO7403,Basal machinery,#b22130
SCO7402,Basal machinery,#b22130
SCO7401,Basal machinery,#b22130
SCO7400,Basal machinery,#b22130
SCO0758,Basal machinery,#b22130
SCO0759,Basal machinery,#b22130
SCO0752,M5,#f7f4a8
SCO0753,Basal machinery,#b22130
SCO0750,Basal machinery,#b22130
SCO0751,Basal machinery,#b22130
SCO0756,Basal machinery,#b22130
SCO0757,Basal machinery,#b22130
SCO0754,Basal machinery,#b22130
SCO0755,Basal machinery,#b22130
SCO4983,Basal machinery,#b22130
SCO4982,Basal machinery,#b22130
SCO4980,Basal machinery,#b22130
SCO4987,Basal machinery,#b22130
SCO4986,Basal machinery,#b22130
SCO4985,Basal machinery,#b22130
SCO4984,Basal machinery,#b22130
SCO4988,Basal machinery,#b22130
SCO4183,M16.1,#715eba
SCO4181,Basal machinery,#b22130
SCO4180,M16.12,#ef62e3
SCO4187,Basal machinery,#b22130
SCO4186,Basal machinery,#b22130
SCO5856,Basal machinery,#b22130
SCO5857,Basal machinery,#b22130
SCO5854,Basal machinery,#b22130
SCO5855,Basal machinery,#b22130
SCO5852,Basal machinery,#b22130
SCO5853,Basal machinery,#b22130
SCO5850,Basal machinery,#b22130
SCO1809,Basal machinery,#b22130
SCO1808,Basal machinery,#b22130
whiG,M16.1,#715eba
SCO1801,Basal machinery,#b22130
SCO1800,M16.1,#715eba
SCO1803,Basal machinery,#b22130
SCO1802,Basal machinery,#b22130
SCO1804,Basal machinery,#b22130
SCO4455,Basal machinery,#b22130
SCO4454,Basal machinery,#b22130
SCO4325,Basal machinery,#b22130
SCO4324,Basal machinery,#b22130
SCO4323,Basal machinery,#b22130
SCO4322,Basal machinery,#b22130
SCO4321,Basal machinery,#b22130
SCO4320,Basal machinery,#b22130
SCO0954,Basal machinery,#b22130
SCO4459,Basal machinery,#b22130
SCO4329,Basal machinery,#b22130
SCO4328,Basal machinery,#b22130
SCO0957,Basal machinery,#b22130
SCO5581,Basal machinery,#b22130
SCO5582,M16.1,#715eba
SCO5583,Intermodular,#f7ae47
SCO5584,Intermodular,#f7ae47
SCO5588,Basal machinery,#b22130
SCO5589,Basal machinery,#b22130
SCO3402,Basal machinery,#b22130
SCO3401,Basal machinery,#b22130
SCO3405,Basal machinery,#b22130
SCO2553,Basal machinery,#b22130
SCO3408,Basal machinery,#b22130
SCO1665,Basal machinery,#b22130
SCO1664,Basal machinery,#b22130
SCO5326,Basal machinery,#b22130
SCO1666,Basal machinery,#b22130
SCO1661,M29,#e86677
SCO5321,M16.1,#715eba
SCO5322,Basal machinery,#b22130
SCO1662,M29,#e86677
SCO5328,Basal machinery,#b22130
SCO5329,Basal machinery,#b22130
SCO2557,Basal machinery,#b22130
SCO2862,Basal machinery,#b22130
SCO2860,Basal machinery,#b22130
SCO2861,Basal machinery,#b22130
SCO2866,Basal machinery,#b22130
SCO2867,Basal machinery,#b22130
SCO2864,Basal machinery,#b22130
SCO2865,Basal machinery,#b22130
SCO2868,Basal machinery,#b22130
SCO2869,Basal machinery,#b22130
cyp158a2,Basal machinery,#b22130
hasP,Basal machinery,#b22130
nucS,Basal machinery,#b22130
SCO0234,Basal machinery,#b22130
SCO2314,Basal machinery,#b22130
SCO2315,Basal machinery,#b22130
SCO2316,Basal machinery,#b22130
SCO2317,Basal machinery,#b22130
SCO2310,Basal machinery,#b22130
SCO2311,Basal machinery,#b22130
SCO2312,Basal machinery,#b22130
SCO2313,Basal machinery,#b22130
SCO2318,Basal machinery,#b22130
SCO2319,Basal machinery,#b22130
rpsR2,Basal machinery,#b22130
rpsR1,Basal machinery,#b22130
SCO0022,Basal machinery,#b22130
malR,M16.4,#8fefc9
SCO7364,Basal machinery,#b22130
SCO7365,Basal machinery,#b22130
SCO7363,Basal machinery,#b22130
SCO6417,Basal machinery,#b22130
SCO6416,Basal machinery,#b22130
SCO6414,Basal machinery,#b22130
SCO6413,Basal machinery,#b22130
SCO6412,Basal machinery,#b22130
SCO6411,Basal machinery,#b22130
SCO6410,Basal machinery,#b22130
SCO6949,Basal machinery,#b22130
SCO6948,Basal machinery,#b22130
SCO6419,Basal machinery,#b22130
SCO6418,Basal machinery,#b22130
SCO7091,Basal machinery,#b22130
SCO7092,Basal machinery,#b22130
SCO7093,Basal machinery,#b22130
SCO7094,M24,#5432db
SCO4282,Basal machinery,#b22130
SCO7098,Basal machinery,#b22130
prsH,M16.1,#715eba
SCO0107,Basal machinery,#b22130
SCO0323,M16.1,#715eba
SCO0321,Basal machinery,#b22130
SCO0320,Basal machinery,#b22130
SCO0324,Basal machinery,#b22130
SCO1322,Basal machinery,#b22130
SCO1323,Basal machinery,#b22130
SCO1325,Basal machinery,#b22130
SCO1327,Basal machinery,#b22130
SCO1328,Basal machinery,#b22130
SCO1329,Basal machinery,#b22130
SCO0104,Basal machinery,#b22130
panC,M16.1,#715eba
panB,Basal machinery,#b22130
SCO4848,Basal machinery,#b22130
SCO4849,Basal machinery,#b22130
SCO4846,Basal machinery,#b22130
SCO4847,Basal machinery,#b22130
SCO4843,Basal machinery,#b22130
SCO5138,Basal machinery,#b22130
SCO1498,Basal machinery,#b22130
SCO1499,Basal machinery,#b22130
SCO5131,Basal machinery,#b22130
SCO5133,Basal machinery,#b22130
SCO5137,Basal machinery,#b22130
SCO4972,Basal machinery,#b22130
dapD,Basal machinery,#b22130
dapF,Basal machinery,#b22130
SCO2679,Basal machinery,#b22130
SCO2678,Basal machinery,#b22130
SCO2677,Basal machinery,#b22130
SCO2676,Basal machinery,#b22130
SCO2675,Basal machinery,#b22130
SCO2674,Basal machinery,#b22130
SCO2671,Basal machinery,#b22130
SCO2670,Basal machinery,#b22130
SCO0813,Basal machinery,#b22130
SCO0812,M16.1,#715eba
SCO4970,Basal machinery,#b22130
SCO0818,Basal machinery,#b22130
SCO4971,Basal machinery,#b22130
SCO2419,Basal machinery,#b22130
SCO2418,Basal machinery,#b22130
SCO2413,Basal machinery,#b22130
SCO2412,Basal machinery,#b22130
SCO2411,Basal machinery,#b22130
SCO2410,Basal machinery,#b22130
SCO2417,Basal machinery,#b22130
SCO2416,Basal machinery,#b22130
SCO2415,Basal machinery,#b22130
SCO2414,Basal machinery,#b22130
tatA,M16.1,#715eba
tatC,Basal machinery,#b22130
tatB,Basal machinery,#b22130
guaB,M16.1,#715eba
guaA,Basal machinery,#b22130
SCO3238,Basal machinery,#b22130
SCO3239,Basal machinery,#b22130
SCO3230,M16.1,#715eba
SCO3231,Basal machinery,#b22130
SCO3232,Basal machinery,#b22130
SCO3233,Basal machinery,#b22130
SCO3235,Basal machinery,#b22130
SCO3237,Basal machinery,#b22130
miaA,Basal machinery,#b22130
cofD,Basal machinery,#b22130
SCO6779,Basal machinery,#b22130
SCO6773,M18,#af422a
SCO6770,Basal machinery,#b22130
SCO6771,Basal machinery,#b22130
SCO6776,Basal machinery,#b22130
SCO6774,Basal machinery,#b22130
SCO6775,Basal machinery,#b22130
SCO7429,Basal machinery,#b22130
SCO7428,M24,#5432db
SCO7138,Basal machinery,#b22130
SCO7421,Basal machinery,#b22130
SCO7420,Basal machinery,#b22130
SCO7423,Basal machinery,#b22130
SCO7130,Basal machinery,#b22130
SCO7137,Basal machinery,#b22130
SCO7136,Basal machinery,#b22130
ssb2,Basal machinery,#b22130
SCO7442,Basal machinery,#b22130
SCO7445,Basal machinery,#b22130
SCO1863,M16.1,#715eba
SCO5831,Basal machinery,#b22130
SCO1861,Basal machinery,#b22130
SCO1860,Basal machinery,#b22130
SCO5834,Basal machinery,#b22130
SCO5836,Basal machinery,#b22130
SCO5839,Basal machinery,#b22130
SCO1869,Basal machinery,#b22130
SCO1868,Basal machinery,#b22130
SCO0641,Basal machinery,#b22130
SCO0314,Basal machinery,#b22130
SCO0315,Basal machinery,#b22130
SCO4300,Basal machinery,#b22130
SCO4303,Basal machinery,#b22130
SCO4305,Basal machinery,#b22130
SCO4304,Basal machinery,#b22130
mprR,Basal machinery,#b22130
SCO1011,Basal machinery,#b22130
SCO3938,Basal machinery,#b22130
SCO3424,Basal machinery,#b22130
SCO3935,Basal machinery,#b22130
SCO3426,Basal machinery,#b22130
SCO3933,Basal machinery,#b22130
SCO3932,M16.1,#715eba
SCO3423,Basal machinery,#b22130
SCO3422,Basal machinery,#b22130
SCO5308,Basal machinery,#b22130
SCO1688,Basal machinery,#b22130
SCO1687,Basal machinery,#b22130
SCO1686,Basal machinery,#b22130
SCO1684,Basal machinery,#b22130
SCO1682,Basal machinery,#b22130
SCO1681,M35,#d38470
SCO1680,M35,#d38470
SCO6257,Basal machinery,#b22130
SCO6708,Basal machinery,#b22130
SCO6707,Basal machinery,#b22130
SCO2889,Basal machinery,#b22130
SCO6258,Basal machinery,#b22130
SCO2884,Basal machinery,#b22130
SCO2886,Basal machinery,#b22130
SCO4854,Basal machinery,#b22130
SCO2880,Basal machinery,#b22130
SCO2881,Basal machinery,#b22130
SCO2882,Basal machinery,#b22130
SCO2883,Basal machinery,#b22130
SCO3688,Basal machinery,#b22130
SCO3681,Basal machinery,#b22130
SCO3680,Basal machinery,#b22130
SCO3683,Basal machinery,#b22130
SCO3682,Basal machinery,#b22130
SCO3685,Basal machinery,#b22130
SCO3684,Basal machinery,#b22130
SCO3687,Basal machinery,#b22130
SCO3686,Basal machinery,#b22130
SCO1844,Basal machinery,#b22130
SCO2338,Basal machinery,#b22130
SCO2339,Basal machinery,#b22130
SCO2336,Basal machinery,#b22130
SCO2337,Basal machinery,#b22130
SCO2334,Basal machinery,#b22130
SCO2335,Basal machinery,#b22130
SCO2333,Basal machinery,#b22130
SCO2331,Basal machinery,#b22130
SCO7259,Basal machinery,#b22130
SCO6386,Basal machinery,#b22130
SCO7302,Basal machinery,#b22130
SCO7303,Basal machinery,#b22130
SCO7305,Basal machinery,#b22130
SCO6431,Basal machinery,#b22130
SCO6433,Basal machinery,#b22130
SCO6432,Basal machinery,#b22130
SCO6435,Basal machinery,#b22130
SCO6434,Basal machinery,#b22130
SCO6437,Basal machinery,#b22130
SCO6436,Basal machinery,#b22130
SCO6438,Basal machinery,#b22130
SCO4363,Basal machinery,#b22130
SCO0308,Basal machinery,#b22130
SCO0657,Basal machinery,#b22130
SCO0656,Basal machinery,#b22130
SCO0654,Basal machinery,#b22130
SCO0653,Basal machinery,#b22130
SCO0652,Basal machinery,#b22130
SCO0651,Basal machinery,#b22130
SCO1308,Basal machinery,#b22130
SCO1302,Basal machinery,#b22130
SCO1300,Basal machinery,#b22130
SCO1301,Basal machinery,#b22130
SCO1306,Basal machinery,#b22130
SCO1307,Basal machinery,#b22130
SCO1304,Basal machinery,#b22130
SCO1305,Basal machinery,#b22130
ecrE2,Basal machinery,#b22130
SCO4829,Basal machinery,#b22130
SCO4820,Basal machinery,#b22130
SCO4821,Basal machinery,#b22130
SCO4822,Basal machinery,#b22130
SCO4823,Basal machinery,#b22130
SCO4825,Basal machinery,#b22130
SCO4826,Basal machinery,#b22130
bioB,Basal machinery,#b22130
bioA,Basal machinery,#b22130
bioD,Basal machinery,#b22130
SCO2651,Basal machinery,#b22130
SCO2650,Basal machinery,#b22130
SCO2653,Basal machinery,#b22130
SCO2652,M16.1,#715eba
SCO2655,Basal machinery,#b22130
SCO2657,Basal machinery,#b22130
SCO2656,Basal machinery,#b22130
SCO0879,Basal machinery,#b22130
SCO0878,Basal machinery,#b22130
SCO0872,Basal machinery,#b22130
SCO0871,Basal machinery,#b22130
SCO0870,Basal machinery,#b22130
SCO0877,M16.1,#715eba
SCO0876,Basal machinery,#b22130
SCO5152,Basal machinery,#b22130
SCO5157,Basal machinery,#b22130
SCO5156,Basal machinery,#b22130
SCO5159,Basal machinery,#b22130
SCO5158,Basal machinery,#b22130
SCO2435,Basal machinery,#b22130
SCO2437,Basal machinery,#b22130
SCO2431,Basal machinery,#b22130
SCO2433,Basal machinery,#b22130
SCO2432,Basal machinery,#b22130
SCO2439,Basal machinery,#b22130
SCO3213,Basal machinery,#b22130
SCO3746,Basal machinery,#b22130
SCO3740,Basal machinery,#b22130
SCO3217,M16.1,#715eba
SCO3215,Basal machinery,#b22130
SCO3218,Basal machinery,#b22130
SCO3219,Basal machinery,#b22130
SCO3748,Basal machinery,#b22130
SCO3749,Basal machinery,#b22130
tuf3,Basal machinery,#b22130
tuf1,Basal machinery,#b22130
SCO1517,Basal machinery,#b22130
thiD,Basal machinery,#b22130
uppP1,Basal machinery,#b22130
uppP2,Basal machinery,#b22130
trpC2,Basal machinery,#b22130
trpC1,Basal machinery,#b22130
SCO6592,Basal machinery,#b22130
glyQS,Basal machinery,#b22130
SCO1192,Basal machinery,#b22130
SCO5142,Basal machinery,#b22130
SCO7443,Basal machinery,#b22130
SCO7114,Basal machinery,#b22130
SCO7117,Basal machinery,#b22130
SCO1190,Basal machinery,#b22130
SCO7111,Basal machinery,#b22130
SCO7446,Basal machinery,#b22130
SCO7113,Basal machinery,#b22130
SCO7444,Basal machinery,#b22130
SCO7449,Basal machinery,#b22130
SCO7448,Basal machinery,#b22130
hppA,Basal machinery,#b22130
SCO1196,Basal machinery,#b22130
SCO0464,Basal machinery,#b22130
SCO0465,Basal machinery,#b22130
SCO1195,Basal machinery,#b22130
SCO0462,Basal machinery,#b22130
SCO0463,Basal machinery,#b22130
SCO4146,Basal machinery,#b22130
SCO4144,Basal machinery,#b22130
SCO4142,M16.1,#715eba
SCO4141,Basal machinery,#b22130
SCO4140,Basal machinery,#b22130
SCO5818,Basal machinery,#b22130
SCO5819,M16.1,#715eba
SCO1849,Basal machinery,#b22130
SCO1845,Basal machinery,#b22130
SCO5813,Basal machinery,#b22130
SCO1841,Basal machinery,#b22130
SCO1840,Basal machinery,#b22130
SCO5814,Basal machinery,#b22130
SCO5815,Basal machinery,#b22130
SCO4498,Basal machinery,#b22130
SCO4491,Basal machinery,#b22130
SCO4490,Basal machinery,#b22130
SCO4493,Basal machinery,#b22130
SCO4492,Basal machinery,#b22130
SCO4495,Basal machinery,#b22130
SCO4497,Basal machinery,#b22130
SCO7032,Basal machinery,#b22130
SCO7037,Basal machinery,#b22130
ectB,M16.1,#715eba
SCO7035,Basal machinery,#b22130
thiL,Basal machinery,#b22130
thiC,Basal machinery,#b22130
thiG,Basal machinery,#b22130
SCO1510,Basal machinery,#b22130
SCO3919,Basal machinery,#b22130
SCO3918,Basal machinery,#b22130
SCO3911,Basal machinery,#b22130
SCO3910,Basal machinery,#b22130
SCO3915,Basal machinery,#b22130
SCO3917,Basal machinery,#b22130
SCO3916,Basal machinery,#b22130
SCO5362,Basal machinery,#b22130
SCO5365,Basal machinery,#b22130
groL2,M18,#af422a
groL1,Basal machinery,#b22130
SCO2358,Basal machinery,#b22130
SCO2350,Basal machinery,#b22130
SCO2351,Basal machinery,#b22130
SCO2352,Basal machinery,#b22130
SCO2353,Basal machinery,#b22130
SCO2354,Basal machinery,#b22130
SCO2356,Basal machinery,#b22130
SCO2357,Basal machinery,#b22130
SCO6181,Basal machinery,#b22130
SCO6180,M16.1,#715eba
SCO6183,Basal machinery,#b22130
SCO6182,Basal machinery,#b22130
SCO6185,Basal machinery,#b22130
SCO6184,Basal machinery,#b22130
SCO6639,Basal machinery,#b22130
SCO6638,Basal machinery,#b22130
SCO6189,Basal machinery,#b22130
SCO6188,Basal machinery,#b22130
SCO6635,Basal machinery,#b22130
SCO6632,Basal machinery,#b22130
SCO6631,Basal machinery,#b22130
SCO6373,Basal machinery,#b22130
SCO4284,Basal machinery,#b22130
SCO4937,Basal machinery,#b22130
SCO7328,Basal machinery,#b22130
SCO4286,Basal machinery,#b22130
nadB,Basal machinery,#b22130
nadA,M16.1,#715eba
SCO4935,Basal machinery,#b22130
nadE,Basal machinery,#b22130
SCO7325,M16.1,#715eba
SCO6989,Basal machinery,#b22130
SCO6988,Basal machinery,#b22130
SCO6459,M22,#d3c0f9
SCO6458,Basal machinery,#b22130
SCO6981,M16.1,#715eba
SCO6452,M16.12,#ef62e3
SCO6983,Basal machinery,#b22130
SCO6450,Basal machinery,#b22130
SCO6985,M16.1,#715eba
SCO6456,Basal machinery,#b22130
SCO6455,M16.12,#ef62e3
SCO6454,M16.12,#ef62e3
SCO3007,Basal machinery,#b22130
SCO3006,Basal machinery,#b22130
SCO3004,Basal machinery,#b22130
SCO3003,Basal machinery,#b22130
SCO3002,Basal machinery,#b22130
SCO3001,Basal machinery,#b22130
SCO3009,Basal machinery,#b22130
metG,Basal machinery,#b22130
metE,Basal machinery,#b22130
metK,Basal machinery,#b22130
metN,Basal machinery,#b22130
SCO7585,Basal machinery,#b22130
SCO7582,Basal machinery,#b22130
SCO7583,Basal machinery,#b22130
SCO7580,Basal machinery,#b22130
SCO0679,Basal machinery,#b22130
SCO0678,Basal machinery,#b22130
SCO0671,Basal machinery,#b22130
SCO0670,Basal machinery,#b22130
SCO0673,M16.1,#715eba
SCO0675,M16.1,#715eba
SCO0674,M16.1,#715eba
SCO0676,Basal machinery,#b22130
SCO1988,Basal machinery,#b22130
SCO1989,Basal machinery,#b22130
SCO1980,Basal machinery,#b22130
SCO1981,Basal machinery,#b22130
SCO1982,Basal machinery,#b22130
SCO1983,Basal machinery,#b22130
SCO1984,Basal machinery,#b22130
SCO1985,Basal machinery,#b22130
SCO1986,Basal machinery,#b22130
SCO1987,Basal machinery,#b22130
SCO4802,Basal machinery,#b22130
SCO4803,Basal machinery,#b22130
SCO4800,Basal machinery,#b22130
SCO0587,Basal machinery,#b22130
SCO0586,Basal machinery,#b22130
SCO0585,Basal machinery,#b22130
SCO0584,Basal machinery,#b22130
SCO5824,Basal machinery,#b22130
SCO4809,Basal machinery,#b22130
SCO2985,Basal machinery,#b22130
SCO2632,Basal machinery,#b22130
SCO2631,Basal machinery,#b22130
SCO2986,M25,#e89b88
SCO2636,Basal machinery,#b22130
SCO2635,Basal machinery,#b22130
SCO2982,Basal machinery,#b22130
SCO2639,Basal machinery,#b22130
SCO2638,Basal machinery,#b22130
SCO4774,Basal machinery,#b22130
SCO0854,Basal machinery,#b22130
SCO4776,Basal machinery,#b22130
SCO0856,Basal machinery,#b22130
SCO0851,Basal machinery,#b22130
SCO0850,Basal machinery,#b22130
SCO4772,Basal machinery,#b22130
SCO4773,Basal machinery,#b22130
SCO0859,Basal machinery,#b22130
SCO4779,Basal machinery,#b22130
SCO1182,Basal machinery,#b22130
SCO1184,Basal machinery,#b22130
SCO1185,Basal machinery,#b22130
SCO1186,Basal machinery,#b22130
SCO1187,Basal machinery,#b22130
SCO1188,Basal machinery,#b22130
SCO5174,Basal machinery,#b22130
pfkA1,Basal machinery,#b22130
SCO5176,Basal machinery,#b22130
SCO5170,Basal machinery,#b22130
SCO5173,Basal machinery,#b22130
SCO5172,Basal machinery,#b22130
SCO2188,Basal machinery,#b22130
SCO2185,Basal machinery,#b22130
SCO2184,Basal machinery,#b22130
SCO2187,Basal machinery,#b22130
SCO2186,Basal machinery,#b22130
SCO2181,Basal machinery,#b22130
SCO2180,Basal machinery,#b22130
SCO2183,Basal machinery,#b22130
SCO2182,Basal machinery,#b22130
wblK,Basal machinery,#b22130
wblJ,Basal machinery,#b22130
wblI,Basal machinery,#b22130
wblH,Basal machinery,#b22130
wblE,Basal machinery,#b22130
wblA,Global regulator,#09535b
SCO3582,Basal machinery,#b22130
pstB,Basal machinery,#b22130
SCO3580,Basal machinery,#b22130
SCO3581,Basal machinery,#b22130
SCO3584,Basal machinery,#b22130
SCO3585,Basal machinery,#b22130
SCO3588,Basal machinery,#b22130
SCO3589,M26,#26cc8c
SCO1724,Basal machinery,#b22130
SCO5733,Basal machinery,#b22130
SCO1726,Basal machinery,#b22130
SCO1721,Basal machinery,#b22130
SCO1722,Basal machinery,#b22130
SCO1723,Basal machinery,#b22130
SCO1729,Basal machinery,#b22130
jag,Basal machinery,#b22130
SCO5734,Basal machinery,#b22130
SCO3768,Basal machinery,#b22130
SCO3766,Basal machinery,#b22130
SCO3767,Basal machinery,#b22130
SCO3764,Basal machinery,#b22130
SCO3765,Basal machinery,#b22130
SCO3762,Basal machinery,#b22130
SCO3763,Basal machinery,#b22130
SCO3761,Basal machinery,#b22130
ruvA,Basal machinery,#b22130
ramS,M16.1,#715eba
SCO0966,Basal machinery,#b22130
pfkA2,Basal machinery,#b22130
SCO4422,Basal machinery,#b22130
SCO5716,Basal machinery,#b22130
SCO6845,Basal machinery,#b22130
SCO6847,Basal machinery,#b22130
SCO6841,Basal machinery,#b22130
SCO6843,Basal machinery,#b22130
SCO6848,Basal machinery,#b22130
SCO6849,Basal machinery,#b22130
SCO0969,Basal machinery,#b22130
SCO7469,Basal machinery,#b22130
SCO7468,Basal machinery,#b22130
SCO7465,Basal machinery,#b22130
SCO7464,Basal machinery,#b22130
SCO7466,Basal machinery,#b22130
SCO7460,M12,#f78e74
SCO7463,Basal machinery,#b22130
SCO0118,Basal machinery,#b22130
SCO0119,Basal machinery,#b22130
SCO0448,Basal machinery,#b22130
SCO0449,Basal machinery,#b22130
SCO0114,Basal machinery,#b22130
SCO4160,Basal machinery,#b22130
SCO4163,Basal machinery,#b22130
SCO0117,Basal machinery,#b22130
SCO0110,Basal machinery,#b22130
SCO0111,Basal machinery,#b22130
SCO4166,Basal machinery,#b22130
Sc-Ku,Basal machinery,#b22130
IS468B-ORF,Basal machinery,#b22130
acyP,Basal machinery,#b22130
SCO6637,Basal machinery,#b22130
SCO6636,Basal machinery,#b22130
SCO1539,Basal machinery,#b22130
SCO1538,Basal machinery,#b22130
SCO5690,Basal machinery,#b22130
SCO5691,Basal machinery,#b22130
SCO5692,Basal machinery,#b22130
SCO5693,Basal machinery,#b22130
SCO1535,Basal machinery,#b22130
SCO1534,Basal machinery,#b22130
SCO1537,Basal machinery,#b22130
SCO5697,Basal machinery,#b22130
SCO4345,Basal machinery,#b22130
SCO4344,Basal machinery,#b22130
SCO4346,Basal machinery,#b22130
SCO4341,Basal machinery,#b22130
SCO4340,Basal machinery,#b22130
SCO4343,Basal machinery,#b22130
SCO4342,Basal machinery,#b22130
SCO5486,Basal machinery,#b22130
SCO5342,Basal machinery,#b22130
SCO5435,Basal machinery,#b22130
SCO5436,Basal machinery,#b22130
SCO5430,Basal machinery,#b22130
SCO5431,Basal machinery,#b22130
SCO5432,Basal machinery,#b22130
SCO5345,Basal machinery,#b22130
ORF7,Basal machinery,#b22130
SCO5349,Basal machinery,#b22130
SCO5439,Basal machinery,#b22130
SCO1060,Basal machinery,#b22130
SCO6122,Basal machinery,#b22130
SCO3972,Basal machinery,#b22130
SCO3971,Basal machinery,#b22130
SCO3977,Basal machinery,#b22130
SCO3976,Basal machinery,#b22130
SCO3975,Basal machinery,#b22130
SCO3979,Basal machinery,#b22130
SCO3978,Basal machinery,#b22130
dagA,Intermodular,#f7ae47
SCO2372,M16.1,#715eba
SCO2373,Basal machinery,#b22130
SCO2370,Basal machinery,#b22130
SCO2371,Basal machinery,#b22130
SCO2376,Basal machinery,#b22130
SCO2374,M16.1,#715eba
SCO2375,Basal machinery,#b22130
nadD,Basal machinery,#b22130
murC,Basal machinery,#b22130
murD,Basal machinery,#b22130
murE,Basal machinery,#b22130
lysA,Basal machinery,#b22130
SCO4211,Basal machinery,#b22130
SCO6611,Basal machinery,#b22130
SCO6613,Basal machinery,#b22130
SCO6612,Basal machinery,#b22130
SCO6614,Basal machinery,#b22130
SCO4216,Basal machinery,#b22130
SCO4215,Basal machinery,#b22130
SCO3397,Basal machinery,#b22130
SCO3396,Basal machinery,#b22130
SCO3395,Basal machinery,#b22130
SCO3394,Basal machinery,#b22130
SCO3399,Basal machinery,#b22130
SCO3398,Basal machinery,#b22130
SCO3020,Basal machinery,#b22130
SCO3025,Basal machinery,#b22130
SCO3024,Basal machinery,#b22130
SCO3027,Basal machinery,#b22130
SCO3026,Basal machinery,#b22130
SCO3028,Basal machinery,#b22130
SCO6453,M16.12,#ef62e3
SCO6980,M16.1,#715eba
SCO6451,M16.12,#ef62e3
SCO6982,M16.1,#715eba
SCO6457,Basal machinery,#b22130
SCO0617,Basal machinery,#b22130
SCO0616,Basal machinery,#b22130
SCO0615,Basal machinery,#b22130
SCO0619,Basal machinery,#b22130
SCO0618,Basal machinery,#b22130
SCO6475,Basal machinery,#b22130
SCO6474,Basal machinery,#b22130
SCO6476,Basal machinery,#b22130
SCO6471,Basal machinery,#b22130
SCO6470,Basal machinery,#b22130
SCO6473,Basal machinery,#b22130
SCO6472,Basal machinery,#b22130
SCO7700,Basal machinery,#b22130
SCO7701,Basal machinery,#b22130
hpd,M16.2,#361077
SCO2969,Basal machinery,#b22130
SCO2968,Basal machinery,#b22130
SCO2967,M16.1,#715eba
SCO2614,Basal machinery,#b22130
SCO2964,M16.1,#715eba
SCO2611,Basal machinery,#b22130
SCO2962,Basal machinery,#b22130
SCO2961,Basal machinery,#b22130
SCO2960,Basal machinery,#b22130
SCO4753,Basal machinery,#b22130
SCO4750,Basal machinery,#b22130
SCO4751,Basal machinery,#b22130
ilvC2,Basal machinery,#b22130
ilvC1,Basal machinery,#b22130
cmk,Basal machinery,#b22130
IS470-ORF,Basal machinery,#b22130
SCO3565,Basal machinery,#b22130
SCO3566,Basal machinery,#b22130
SCO3567,Basal machinery,#b22130
SCO3560,Basal machinery,#b22130
SCO3561,Basal machinery,#b22130
SCO3562,Basal machinery,#b22130
SCO1708,Basal machinery,#b22130
SCO1709,Basal machinery,#b22130
SCO1707,Basal machinery,#b22130
SCO1700,M12,#f78e74
SCO3708,Basal machinery,#b22130
SCO3709,Basal machinery,#b22130
SCO3704,Basal machinery,#b22130
SCO3705,Basal machinery,#b22130
SCO3706,Basal machinery,#b22130
gpsA,Basal machinery,#b22130
SCO6288,M16.1,#715eba
SCO6289,M16.10,#0d5582
SCO5611,Basal machinery,#b22130
SCO6282,M16.1,#715eba
SCO6283,M16.1,#715eba
SCO6280,M16.1,#715eba
SCO6281,Basal machinery,#b22130
SCO6286,Global regulator,#09535b
SCO6284,M16.1,#715eba
SCO6285,Basal machinery,#b22130
lpqB,Basal machinery,#b22130
era,Basal machinery,#b22130
SCO6869,Basal machinery,#b22130
SCO6862,Basal machinery,#b22130
SCO6860,Basal machinery,#b22130
SCO6861,Basal machinery,#b22130
SCO7450,Basal machinery,#b22130
SCO7451,Basal machinery,#b22130
SCO7452,Basal machinery,#b22130
SCO7453,Basal machinery,#b22130
SCO7456,Basal machinery,#b22130
SCO0423,Basal machinery,#b22130
SCO0426,Basal machinery,#b22130
rbsA1,M16.1,#715eba
kdpA,Basal machinery,#b22130
SCO1798,Basal machinery,#b22130
arcA,Basal machinery,#b22130
SCO5030,Basal machinery,#b22130
atpB,Basal machinery,#b22130
SCO6069,Basal machinery,#b22130
SCO5032,M28,#a9fcc3
SCO5033,M28,#a9fcc3
SCO0457,Basal machinery,#b22130
SCO1067,Basal machinery,#b22130
SCO1794,Basal machinery,#b22130
SCO4103,Basal machinery,#b22130
SCO4102,Basal machinery,#b22130
SCO4107,Basal machinery,#b22130
SCO1065,Basal machinery,#b22130
SCO0130,Basal machinery,#b22130
SCO4104,Basal machinery,#b22130
SCO4109,Basal machinery,#b22130
SCO4108,Basal machinery,#b22130
pgl,Basal machinery,#b22130
SCO0138,Basal machinery,#b22130
SCO0139,Basal machinery,#b22130
SCO1553,Basal machinery,#b22130
SCO1552,Basal machinery,#b22130
SCO1551,Basal machinery,#b22130
SCO1550,Basal machinery,#b22130
SCO1557,Basal machinery,#b22130
SCO1556,Basal machinery,#b22130
SCO1554,Basal machinery,#b22130
pgk,Basal machinery,#b22130
SCO4226,M16.1,#715eba
SCO5418,Basal machinery,#b22130
SCO5419,Basal machinery,#b22130
SCO5416,Basal machinery,#b22130
SCO5414,Basal machinery,#b22130
SCO5415,Basal machinery,#b22130
SCO5413,Basal machinery,#b22130
SCO5411,Basal machinery,#b22130
SCO5844,Basal machinery,#b22130
SCO6244,Basal machinery,#b22130
SCO0583,Basal machinery,#b22130
SCO6245,Basal machinery,#b22130
prfA,Basal machinery,#b22130
prfB,Basal machinery,#b22130
SCO6712,Basal machinery,#b22130
SCO4804,Basal machinery,#b22130
SCO3959,Basal machinery,#b22130
SCO3958,Basal machinery,#b22130
SCO3954,Basal machinery,#b22130
SCO3957,Basal machinery,#b22130
SCO3956,Basal machinery,#b22130
SCO3950,Basal machinery,#b22130
SCO0588,Basal machinery,#b22130
SCO2398,Basal machinery,#b22130
SCO2399,Basal machinery,#b22130
SCO2395,Basal machinery,#b22130
SCO2397,Basal machinery,#b22130
SCO2390,Basal machinery,#b22130
SCO2393,Basal machinery,#b22130
SCO3049,Basal machinery,#b22130
SCO3043,Basal machinery,#b22130
SCO3042,Basal machinery,#b22130
SCO3041,Basal machinery,#b22130
SCO3040,Basal machinery,#b22130
SCO3045,Basal machinery,#b22130
SCO3044,Basal machinery,#b22130
SCO6676,Basal machinery,#b22130
SCO6679,Basal machinery,#b22130
SCO6678,Basal machinery,#b22130
SCO7810,Basal machinery,#b22130
SCO7811,Basal machinery,#b22130
SCO7812,Basal machinery,#b22130
SCO7813,Basal machinery,#b22130
SCO7814,Basal machinery,#b22130
SCO7815,Basal machinery,#b22130
SCO7817,Basal machinery,#b22130
SCO7818,Basal machinery,#b22130
SCO0639,Basal machinery,#b22130
SCO0636,Basal machinery,#b22130
SCO0631,Basal machinery,#b22130
SCO0630,Basal machinery,#b22130
SCO0633,Basal machinery,#b22130
SCO0632,Basal machinery,#b22130
SCO6499,Basal machinery,#b22130
SCO6498,Basal machinery,#b22130
SCO6497,Basal machinery,#b22130
SCO6496,Basal machinery,#b22130
SCO6495,Basal machinery,#b22130
SCO6494,Basal machinery,#b22130
SCO6492,Basal machinery,#b22130
SCO6491,Basal machinery,#b22130
SCO6490,Basal machinery,#b22130
SCO7728,Basal machinery,#b22130
SCO7729,Basal machinery,#b22130
SCO7724,Basal machinery,#b22130
SCO7722,Basal machinery,#b22130
SCO7720,Basal machinery,#b22130
SCO7721,Basal machinery,#b22130
SCO0091,Basal machinery,#b22130
SCO0090,Basal machinery,#b22130
SCO0097,Basal machinery,#b22130
SCO0096,Basal machinery,#b22130
SCO0099,Basal machinery,#b22130
SCO1948,Basal machinery,#b22130
SCO1940,Basal machinery,#b22130
SCO2941,Basal machinery,#b22130
SCO2940,Basal machinery,#b22130
SCO2943,Basal machinery,#b22130
SCO2942,Basal machinery,#b22130
SCO2945,Basal machinery,#b22130
SCO2947,Basal machinery,#b22130
SCO2946,Basal machinery,#b22130
SCO0898,Basal machinery,#b22130
SCO0894,Basal machinery,#b22130
SCO0897,Basal machinery,#b22130
SCO0896,Basal machinery,#b22130
actIII,M16.1,#715eba
SCO3545,Basal machinery,#b22130
SCO3542,Basal machinery,#b22130
SCO3540,Basal machinery,#b22130
SCO3541,Basal machinery,#b22130
SCO2987,M25,#e89b88
SCO3548,Basal machinery,#b22130
SCO5065,Basal machinery,#b22130
SCO5064,Basal machinery,#b22130
SCO5063,Basal machinery,#b22130
SCO5060,Basal machinery,#b22130
SCO1768,Basal machinery,#b22130
SCO2983,Basal machinery,#b22130
SCO1761,Basal machinery,#b22130
SCO1762,Basal machinery,#b22130
SCO2634,Basal machinery,#b22130
SCO1764,Basal machinery,#b22130
SCO1765,Basal machinery,#b22130
SCO1767,Basal machinery,#b22130
SCO2493,Basal machinery,#b22130
SCO2492,Basal machinery,#b22130
SCO2490,Basal machinery,#b22130
SCO2497,Basal machinery,#b22130
SCO2496,Basal machinery,#b22130
SCO2495,Basal machinery,#b22130
SCO2494,Basal machinery,#b22130
SCO2498,Basal machinery,#b22130
SCO3722,Basal machinery,#b22130
SCO3723,Basal machinery,#b22130
SCO3720,Basal machinery,#b22130
SCO3726,Basal machinery,#b22130
SCO3727,M16.1,#715eba
SCO3724,Basal machinery,#b22130
SCO2269,Basal machinery,#b22130
SCO3728,Basal machinery,#b22130
SCO4775,Basal machinery,#b22130
abfB,Basal machinery,#b22130
SCO4777,M16.1,#715eba
SCO4771,Basal machinery,#b22130
SCO0853,Basal machinery,#b22130
SCO2233,Basal machinery,#b22130
SCO2231,M16.4,#8fefc9
SCO2230,M16.4,#8fefc9
glnA,Intermodular,#f7ae47
SCO2239,Basal machinery,#b22130
SCO2238,Basal machinery,#b22130
glnR,M16.1,#715eba
SCO5684,Basal machinery,#b22130
fusA,Basal machinery,#b22130
SCO6808,Basal machinery,#b22130
SCO6809,Basal machinery,#b22130
SCO6805,Basal machinery,#b22130
SCO6807,Basal machinery,#b22130
SCO6568,Basal machinery,#b22130
SCO5179,Basal machinery,#b22130
SCO5178,Basal machinery,#b22130
rnc,Basal machinery,#b22130
rnz,Basal machinery,#b22130
SCO1189,Basal machinery,#b22130
SCO5177,Basal machinery,#b22130
SCO5355,Basal machinery,#b22130
SCO5423,Basal machinery,#b22130
SCO0402,Basal machinery,#b22130
SCO0403,Basal machinery,#b22130
SCO0400,Basal machinery,#b22130
SCO0401,Basal machinery,#b22130
SCO4129,Basal machinery,#b22130
SCO0407,Basal machinery,#b22130
SCO0404,Basal machinery,#b22130
SCO0405,Basal machinery,#b22130
SCO4125,Basal machinery,#b22130
SCO0408,Basal machinery,#b22130
SCO4126,Basal machinery,#b22130
SCO4120,Basal machinery,#b22130
SCO4123,Basal machinery,#b22130
SCO4122,M16.1,#715eba
SCO5658,Basal machinery,#b22130
SCO5659,Basal machinery,#b22130
SCO5654,Basal machinery,#b22130
SCO1574,Basal machinery,#b22130
SCO5657,Basal machinery,#b22130
SCO1571,Basal machinery,#b22130
SCO1573,Basal machinery,#b22130
SCO1572,Basal machinery,#b22130
obg,Basal machinery,#b22130
pheS,Basal machinery,#b22130
SCO4388,Basal machinery,#b22130
pheT,Basal machinery,#b22130
SCO4383,Basal machinery,#b22130
SCO4382,Basal machinery,#b22130
SCO4384,Basal machinery,#b22130
SCO4386,Basal machinery,#b22130
SCO5478,Basal machinery,#b22130
SCO5479,Basal machinery,#b22130
recD2,Basal machinery,#b22130
SCO5473,Basal machinery,#b22130
SCO5476,Basal machinery,#b22130
SCO5477,M16.1,#715eba
SCO4630,Basal machinery,#b22130
SCO4634,Basal machinery,#b22130
SCO2008,Basal machinery,#b22130
SCO2009,Basal machinery,#b22130
SCO2004,Basal machinery,#b22130
SCO2005,Basal machinery,#b22130
SCO2006,Basal machinery,#b22130
SCO4636,Basal machinery,#b22130
SCO2003,Basal machinery,#b22130
SCO5387,Basal machinery,#b22130
SCO1020,Basal machinery,#b22130
SCO5385,M16.1,#715eba
SCO5380,Basal machinery,#b22130
truB,Basal machinery,#b22130
SCO5389,Basal machinery,#b22130
SCO3064,Basal machinery,#b22130
SCO3061,Basal machinery,#b22130
SCO3063,M16.1,#715eba
SCO3062,Basal machinery,#b22130
SCO3069,Basal machinery,#b22130
SCO6658,Basal machinery,#b22130
SCO6129,Basal machinery,#b22130
SCO6127,Basal machinery,#b22130
SCO6654,Basal machinery,#b22130
SCO6657,Basal machinery,#b22130
SCO6124,Basal machinery,#b22130
SCO6651,Basal machinery,#b22130
SCO6650,M5,#f7f4a8
SCO6653,Basal machinery,#b22130
SCO6652,Basal machinery,#b22130
SCO7528,Basal machinery,#b22130
SCO7524,Basal machinery,#b22130
SCO7525,Basal machinery,#b22130
SCO7520,Basal machinery,#b22130
SCO7290,Basal machinery,#b22130
SCO7291,Basal machinery,#b22130
SCO3134,Basal machinery,#b22130
SCO3583,Basal machinery,#b22130
SCO7748,Basal machinery,#b22130
SCO7749,Basal machinery,#b22130
SCO7741,Basal machinery,#b22130
SCO7742,Basal machinery,#b22130
SCO7743,Basal machinery,#b22130
SCO7744,Basal machinery,#b22130
SCO7745,Basal machinery,#b22130
SCO7746,Basal machinery,#b22130
SCO7747,Basal machinery,#b22130
SCO1967,Basal machinery,#b22130
SCO1965,Basal machinery,#b22130
SCO1963,Basal machinery,#b22130
SCO1960,Basal machinery,#b22130
SCO1968,Basal machinery,#b22130
SCO0217,M16.1,#715eba
SCO4245,Basal machinery,#b22130
SCO0215,Basal machinery,#b22130
SCO0214,Basal machinery,#b22130
SCO0213,Basal machinery,#b22130
SCO0212,Basal machinery,#b22130
SCO4242,Basal machinery,#b22130
SCO4248,Basal machinery,#b22130
SCO4249,Basal machinery,#b22130
SCO0219,Basal machinery,#b22130
SCO0218,Basal machinery,#b22130
fba,Basal machinery,#b22130
SCO1298,Basal machinery,#b22130
lgt2,Basal machinery,#b22130
lgt1,Basal machinery,#b22130
SCO1290,Basal machinery,#b22130
SCO1293,Basal machinery,#b22130
SCO1294,Basal machinery,#b22130
SCO1296,Basal machinery,#b22130
SCO1297,Basal machinery,#b22130
SCO2923,Basal machinery,#b22130
SCO2922,Basal machinery,#b22130
SCO2921,Basal machinery,#b22130
SCO2920,Basal machinery,#b22130
SCO2926,Basal machinery,#b22130
SCO2925,Basal machinery,#b22130
SCO2924,M16.1,#715eba
SCO2929,Basal machinery,#b22130
SCO2928,M16.2,#361077
SCO3520,Basal machinery,#b22130
SCO3521,Basal machinery,#b22130
SCO3524,Basal machinery,#b22130
dxr,Basal machinery,#b22130
SCO5041,Basal machinery,#b22130
SCO5040,Basal machinery,#b22130
SCO1740,Basal machinery,#b22130
SCO1741,Basal machinery,#b22130
SCO1030,Basal machinery,#b22130
SCO5044,Basal machinery,#b22130
SCO5047,Basal machinery,#b22130
SCO5049,Basal machinery,#b22130
SCO5048,Basal machinery,#b22130
SCO1748,Basal machinery,#b22130
SCO1038,Basal machinery,#b22130
SCO5720,Basal machinery,#b22130
SCO5893,M16.1,#715eba
SCO5723,Basal machinery,#b22130
SCO5724,Basal machinery,#b22130
SCO5725,Basal machinery,#b22130
SCO3299,Basal machinery,#b22130
SCO5894,M16.1,#715eba
SCO3292,Basal machinery,#b22130
SCO3290,Basal machinery,#b22130
SCO5727,Basal machinery,#b22130
SCO3296,Basal machinery,#b22130
SCO3294,Basal machinery,#b22130
SCO3295,Basal machinery,#b22130
SCO1791,Basal machinery,#b22130
SCO1793,Basal machinery,#b22130
SCO2211,Basal machinery,#b22130
SCO2210,Intermodular,#f7ae47
SCO2213,M16.6,#f7a5f3
SCO2212,Basal machinery,#b22130
SCO2214,Basal machinery,#b22130
SCO2217,M5,#f7f4a8
SCO2218,Basal machinery,#b22130
kynU,Basal machinery,#b22130
SCO4410,Basal machinery,#b22130
SCO4413,Basal machinery,#b22130
SCO0971,Basal machinery,#b22130
SCO6354,Basal machinery,#b22130
SCO6355,Basal machinery,#b22130
SCO6356,Basal machinery,#b22130
SCO6357,Basal machinery,#b22130
SCO6826,Basal machinery,#b22130
SCO6827,Basal machinery,#b22130
SCO6352,Basal machinery,#b22130
SCO6353,Basal machinery,#b22130
SCO6358,Basal machinery,#b22130
SCO6359,Basal machinery,#b22130
SCO4069,Basal machinery,#b22130
nrdB,M17,#ceacef
SCO7199,Basal machinery,#b22130
ctaD1,Basal machinery,#b22130
SCO7195,Basal machinery,#b22130
SCO7194,Basal machinery,#b22130
nrdJ,M17,#ceacef
SCO7196,Basal machinery,#b22130
SCO7191,Basal machinery,#b22130
SCO7190,Basal machinery,#b22130
SCO7193,Basal machinery,#b22130
SCO7192,Basal machinery,#b22130
SCO0789,Basal machinery,#b22130
nrdR,M17,#ceacef
nrdS,M17,#ceacef
SCO0034,Basal machinery,#b22130
SCO4060,Basal machinery,#b22130
argR,Global regulator,#09535b
argS,Basal machinery,#b22130
argH,Basal machinery,#b22130
argJ,Basal machinery,#b22130
carB,Basal machinery,#b22130
argB,Basal machinery,#b22130
carA,Basal machinery,#b22130
argD,Basal machinery,#b22130
argF,Basal machinery,#b22130
argG,Basal machinery,#b22130
SCO6196,M30,#e067c4
SCO0178,Basal machinery,#b22130
SCO0179,M16.1,#715eba
SCO6625,Basal machinery,#b22130
SCO0173,Basal machinery,#b22130
SCO0170,Basal machinery,#b22130
SCO0171,Basal machinery,#b22130
SCO0176,Basal machinery,#b22130
SCO0177,Basal machinery,#b22130
SCO0174,Basal machinery,#b22130
SCO0175,Basal machinery,#b22130
SCO6195,M30,#e067c4
pnp,Basal machinery,#b22130
SCO6621,Basal machinery,#b22130
SCO6622,Basal machinery,#b22130
gylR,M29,#e86677
SCO5676,Basal machinery,#b22130
SCO5672,Basal machinery,#b22130
SCO5673,Basal machinery,#b22130
SCO5670,Basal machinery,#b22130
SCO5671,Basal machinery,#b22130
SCO5678,Basal machinery,#b22130
SCO5679,Basal machinery,#b22130
SCO2026,M16.1,#715eba
SCO2027,Basal machinery,#b22130
SCO2024,Basal machinery,#b22130
SCO2025,M16.1,#715eba
ecaA,M9,#f497f3
SCO2028,Basal machinery,#b22130
SCO2029,Basal machinery,#b22130
SCO4507,Basal machinery,#b22130
SCO4505,Basal machinery,#b22130
SCO4503,Basal machinery,#b22130
SCO4501,Basal machinery,#b22130
SCO4509,Basal machinery,#b22130
SCO4508,Basal machinery,#b22130
SCO5452,Basal machinery,#b22130
SCO5905,Basal machinery,#b22130
SCO5906,Basal machinery,#b22130
SCO5451,Basal machinery,#b22130
SCO5900,Basal machinery,#b22130
SCO5901,Basal machinery,#b22130
SCO5454,Basal machinery,#b22130
SCO5903,Basal machinery,#b22130
SCO5458,Basal machinery,#b22130
SCO5459,Basal machinery,#b22130
SCO5908,Basal machinery,#b22130
SCO5909,Basal machinery,#b22130
leuD,Basal machinery,#b22130
leuB,Basal machinery,#b22130
leuC,Basal machinery,#b22130
leuA,M16.1,#715eba
SCO4205,Basal machinery,#b22130
SCO3887,M16.1,#715eba
SCO3886,M16.1,#715eba
leuS,Basal machinery,#b22130
SCO0254,Basal machinery,#b22130
SCO3888,Basal machinery,#b22130
SCO1533,Basal machinery,#b22130
SCO3087,Basal machinery,#b22130
SCO3086,Basal machinery,#b22130
SCO3085,Basal machinery,#b22130
SCO3083,Basal machinery,#b22130
SCO3082,Basal machinery,#b22130
SCO3081,Basal machinery,#b22130
SCO3080,Basal machinery,#b22130
SCO6109,Basal machinery,#b22130
SCO6108,Basal machinery,#b22130
SCO6441,Basal machinery,#b22130
SCO6101,Basal machinery,#b22130
SCO1797,Basal machinery,#b22130
SCO6102,M16.1,#715eba
SCO6105,Basal machinery,#b22130
SCO6104,Basal machinery,#b22130
SCO6106,Basal machinery,#b22130
SCO4136,Basal machinery,#b22130
SCO3622,Basal machinery,#b22130
SCO4055,Basal machinery,#b22130
SCO4889,Basal machinery,#b22130
SCO4883,M16.1,#715eba
SCO4880,M16.1,#715eba
SCO4881,Basal machinery,#b22130
SCO4886,Basal machinery,#b22130
SCO4884,Basal machinery,#b22130
SCO4885,Basal machinery,#b22130
SCO3620,Basal machinery,#b22130
SCO7507,Basal machinery,#b22130
iolG,Basal machinery,#b22130
SCO7502,Basal machinery,#b22130
SCO7503,Basal machinery,#b22130
SCO7500,Basal machinery,#b22130
SCO7501,Basal machinery,#b22130
SCO7508,Basal machinery,#b22130
SCO7509,Basal machinery,#b22130
SCO4080,Basal machinery,#b22130
SCO4088,Basal machinery,#b22130
SCO1900,Basal machinery,#b22130
SCO1901,Basal machinery,#b22130
SCO1902,Basal machinery,#b22130
SCO1903,Basal machinery,#b22130
SCO1905,Basal machinery,#b22130
SCO1906,Basal machinery,#b22130
SCO1907,Basal machinery,#b22130
SCO1908,Basal machinery,#b22130
SCO1909,M9,#f497f3
SCO7762,Basal machinery,#b22130
SCO7761,Basal machinery,#b22130
SCO7766,Basal machinery,#b22130
SCO7767,Basal machinery,#b22130
SCO7765,Basal machinery,#b22130
SCO7768,Basal machinery,#b22130
SCO7769,Basal machinery,#b22130
SCO0231,Basal machinery,#b22130
SCO0233,Basal machinery,#b22130
SCO3997,Basal machinery,#b22130
SCO0237,Basal machinery,#b22130
SCO0236,Basal machinery,#b22130
SCO0239,Basal machinery,#b22130
SCO4265,Basal machinery,#b22130
SCO4262,Basal machinery,#b22130
SCO4263,Basal machinery,#b22130
SCO4260,Basal machinery,#b22130
SCO4261,Basal machinery,#b22130
SCO3441,Basal machinery,#b22130
IS469-ORF,Basal machinery,#b22130
SCO2909,Basal machinery,#b22130
SCO2905,Basal machinery,#b22130
SCO2907,M16.1,#715eba
SCO2906,Basal machinery,#b22130
SCO2901,Basal machinery,#b22130
SCO2900,Basal machinery,#b22130
SCO2903,Basal machinery,#b22130
SCO2902,Basal machinery,#b22130
SCO3508,Basal machinery,#b22130
SCO3509,Basal machinery,#b22130
SCO3503,Basal machinery,#b22130
SCO3504,Basal machinery,#b22130
SCO5029,Basal machinery,#b22130
SCO5028,Basal machinery,#b22130
SCO1018,Basal machinery,#b22130
SCO1019,Basal machinery,#b22130
SCO5023,Basal machinery,#b22130
SCO5022,Basal machinery,#b22130
SCO5021,Basal machinery,#b22130
SCO5020,Basal machinery,#b22130
SCO1012,Basal machinery,#b22130
SCO1013,Basal machinery,#b22130
SCO1010,Basal machinery,#b22130
SCO5024,Basal machinery,#b22130
psd,Basal machinery,#b22130
SCO6844,Basal machinery,#b22130
SCO4152,Basal machinery,#b22130
SCO2279,Basal machinery,#b22130
SCO2271,Basal machinery,#b22130
SCO2277,Basal machinery,#b22130
tdk,Basal machinery,#b22130
SCO6593,Basal machinery,#b22130
SCO6590,Basal machinery,#b22130
SCO6591,Basal machinery,#b22130
SCO6596,Basal machinery,#b22130
SCO6597,Basal machinery,#b22130
SCO6594,Basal machinery,#b22130
SCO6595,Basal machinery,#b22130
SCO6379,Basal machinery,#b22130
SCO6376,Basal machinery,#b22130
SCO6377,M16.1,#715eba
SCO6374,Basal machinery,#b22130
SCO6375,Basal machinery,#b22130
SCO6372,Basal machinery,#b22130
SCO1784,Basal machinery,#b22130
SCO5552,Global regulator,#09535b
SCO3660,M18,#af422a
SCO5003,Basal machinery,#b22130
lon,M18,#af422a
SCO3665,Basal machinery,#b22130
SCO3664,Basal machinery,#b22130
SCO4162,Basal machinery,#b22130
SCO4165,Basal machinery,#b22130
SCO4164,Basal machinery,#b22130
SCO0441,Basal machinery,#b22130
dnaJ1,M18,#af422a
dnaJ2,Basal machinery,#b22130
SCO4693,Basal machinery,#b22130
nadK2,Basal machinery,#b22130
SCO4699,Basal machinery,#b22130
SCO4698,Basal machinery,#b22130
SCO5757,Basal machinery,#b22130
SCO5610,Basal machinery,#b22130
SCO6721,Basal machinery,#b22130
SCO5612,Basal machinery,#b22130
SCO5613,Basal machinery,#b22130
SCO5616,Basal machinery,#b22130
SCO6720,Basal machinery,#b22130
SCO6723,Basal machinery,#b22130
SCO2041,Basal machinery,#b22130
SCO2042,Basal machinery,#b22130
SCO2043,Basal machinery,#b22130
SCO2045,Basal machinery,#b22130
SCO2046,Basal machinery,#b22130
SCO2049,Basal machinery,#b22130
SCO6236,Basal machinery,#b22130
SCO4521,Basal machinery,#b22130
SCO5481,Basal machinery,#b22130
SCO4523,Basal machinery,#b22130
SCO4522,Basal machinery,#b22130
SCO4524,Basal machinery,#b22130
SCO4527,Basal machinery,#b22130
SCO4526,Basal machinery,#b22130
SCO4529,Basal machinery,#b22130
SCO4528,Basal machinery,#b22130
SCO5957,Basal machinery,#b22130
SCO5484,Basal machinery,#b22130
SCO5175,Basal machinery,#b22130
SCO5487,Basal machinery,#b22130
SCO5928,Basal machinery,#b22130
SCO5929,Basal machinery,#b22130
SCO5926,Basal machinery,#b22130
SCO5927,Basal machinery,#b22130
SCO5924,Basal machinery,#b22130
SCO5925,Basal machinery,#b22130
SCO5922,Basal machinery,#b22130
SCO5920,Basal machinery,#b22130
SCO5921,Basal machinery,#b22130
SCO1467,Basal machinery,#b22130
SCO1463,Basal machinery,#b22130
SCO1461,Basal machinery,#b22130
SCO1469,Basal machinery,#b22130
pksC,Basal machinery,#b22130
SCO3313,Basal machinery,#b22130
SCO3310,Basal machinery,#b22130
SCO0640,Basal machinery,#b22130
SCO6163,Basal machinery,#b22130
SCO6162,Basal machinery,#b22130
SCO6161,Basal machinery,#b22130
SCO6160,Basal machinery,#b22130
SCO6167,Basal machinery,#b22130
SCO6166,Basal machinery,#b22130
SCO6165,Basal machinery,#b22130
SCO6164,Basal machinery,#b22130
SCO6169,Basal machinery,#b22130
recA,Basal machinery,#b22130
SCO6782,Basal machinery,#b22130
SCO6781,Basal machinery,#b22130
SCO6780,Basal machinery,#b22130
SCO6788,Basal machinery,#b22130
SCO7563,Basal machinery,#b22130
SCO7569,Basal machinery,#b22130
SCO0780,Basal machinery,#b22130
SCO0783,Basal machinery,#b22130
SCO0782,Basal machinery,#b22130
SCO0785,Basal machinery,#b22130
ctaD2,Basal machinery,#b22130
SCO0039,Basal machinery,#b22130
SCO0786,Basal machinery,#b22130
SCO0037,Basal machinery,#b22130
SCO4067,Basal machinery,#b22130
SCO0033,Basal machinery,#b22130
SCO4063,Basal machinery,#b22130
SCO1928,Basal machinery,#b22130
SCO1920,Basal machinery,#b22130
SCO1925,Basal machinery,#b22130
SCO7788,Basal machinery,#b22130
SCO7789,Basal machinery,#b22130
SCO7784,Basal machinery,#b22130
SCO7785,Basal machinery,#b22130
SCO7786,Basal machinery,#b22130
SCO7787,Basal machinery,#b22130
SCO7781,Basal machinery,#b22130
SCO4208,Basal machinery,#b22130
SCO0259,Basal machinery,#b22130
SCO0258,Basal machinery,#b22130
SCO0253,Basal machinery,#b22130
SCO0252,Basal machinery,#b22130
SCO0251,Basal machinery,#b22130
SCO4203,Basal machinery,#b22130
SCO0257,Basal machinery,#b22130
SCO0256,Basal machinery,#b22130
SCO4206,Basal machinery,#b22130
SCO4207,Basal machinery,#b22130
ffh,Basal machinery,#b22130
SCO1254,Basal machinery,#b22130
SCO1255,Basal machinery,#b22130
SCO1257,Basal machinery,#b22130
SCO2255,Basal machinery,#b22130
SCO2254,Basal machinery,#b22130
SCO2257,Basal machinery,#b22130
SCO1786,Basal machinery,#b22130
SCO5004,Basal machinery,#b22130
SCO5555,M31,#0dafc4
SCO1785,Basal machinery,#b22130
SCO1782,Basal machinery,#b22130
SCO1783,Basal machinery,#b22130
SCO5551,Basal machinery,#b22130
SCO5550,Basal machinery,#b22130
SCO2520,Basal machinery,#b22130
SCO2622,Basal machinery,#b22130
SCO1078,Basal machinery,#b22130
SCO2991,Basal machinery,#b22130
SCO1072,Basal machinery,#b22130
SCO1073,Basal machinery,#b22130
SCO1075,Basal machinery,#b22130
SCO1076,Basal machinery,#b22130
SCO1077,Basal machinery,#b22130
pup,Basal machinery,#b22130
SCO2788,Basal machinery,#b22130
recO,Basal machinery,#b22130
SCO2783,M16.3,#f2d89d
SCO2782,M16.3,#f2d89d
SCO2780,Basal machinery,#b22130
recF,Basal machinery,#b22130
SCO2786,Basal machinery,#b22130
SCO2785,M16.3,#f2d89d
SCO2784,Intermodular,#f7ae47
recX,Basal machinery,#b22130
recR,Basal machinery,#b22130
SCO2527,M16.1,#715eba
SCO2526,Basal machinery,#b22130
SCO2525,Basal machinery,#b22130
SCO2524,Basal machinery,#b22130
SCO2523,Basal machinery,#b22130
SCO2522,Basal machinery,#b22130
SCO2521,Basal machinery,#b22130
SCO2252,Basal machinery,#b22130
SCO2259,Basal machinery,#b22130
SCO2258,Basal machinery,#b22130
SCO2529,M16.1,#715eba
SCO3782,Basal machinery,#b22130
SCO3785,Basal machinery,#b22130
SCO3786,Basal machinery,#b22130
SCO3787,Basal machinery,#b22130
SCO3789,Basal machinery,#b22130
SCO6578,Basal machinery,#b22130
SCO6579,Basal machinery,#b22130
SCO6574,Basal machinery,#b22130
SCO6576,Basal machinery,#b22130
SCO6577,Basal machinery,#b22130
SCO6570,Basal machinery,#b22130
SCO6571,Basal machinery,#b22130
greA,Basal machinery,#b22130
SCO6943,Basal machinery,#b22130
SCO7354,Basal machinery,#b22130
dtd,Basal machinery,#b22130
SCO6319,Basal machinery,#b22130
SCO6310,Basal machinery,#b22130
SCO6312,Basal machinery,#b22130
SCO6315,Basal machinery,#b22130
SCO3126,Basal machinery,#b22130
lig,M16.1,#715eba
SCO3120,Basal machinery,#b22130
SCO3121,Basal machinery,#b22130
SCO3128,M1,#efdab1
SCO3129,M1,#efdab1
fbiC,Basal machinery,#b22130
fbiB,Basal machinery,#b22130
rho,Basal machinery,#b22130
SCO7045,Basal machinery,#b22130
SCO7043,Basal machinery,#b22130
SCO7042,Basal machinery,#b22130
SCO7041,Basal machinery,#b22130
SCO7040,Basal machinery,#b22130
SCO7048,Basal machinery,#b22130
SCO5638,Basal machinery,#b22130
SCO5639,Basal machinery,#b22130
SCO5632,M18,#af422a
SCO5630,Basal machinery,#b22130
SCO5631,Basal machinery,#b22130
SCO5636,Basal machinery,#b22130
SCO5637,Basal machinery,#b22130
SCO2068,Basal machinery,#b22130
SCO2069,Basal machinery,#b22130
SCO2062,Basal machinery,#b22130
SCO2063,Basal machinery,#b22130
SCO2060,Basal machinery,#b22130
SCO2061,Basal machinery,#b22130
SCO2066,Basal machinery,#b22130
SCO2067,Basal machinery,#b22130
SCO2065,Basal machinery,#b22130
SCO4549,Basal machinery,#b22130
SCO4548,Basal machinery,#b22130
SCO4543,M16.1,#715eba
SCO4542,Basal machinery,#b22130
SCO4541,Basal machinery,#b22130
SCO4540,Basal machinery,#b22130
SCO4547,Basal machinery,#b22130
SCO4545,Basal machinery,#b22130
SCO4544,Basal machinery,#b22130
SCO5495,Basal machinery,#b22130
SCO5493,Basal machinery,#b22130
SCO5490,Basal machinery,#b22130
SCO5491,Basal machinery,#b22130
SCO5940,Basal machinery,#b22130
SCO5941,Basal machinery,#b22130
SCO5942,Basal machinery,#b22130
SCO5945,Basal machinery,#b22130
SCO5946,Basal machinery,#b22130
SCO1443,Basal machinery,#b22130
SCO1442,Basal machinery,#b22130
SCO1444,Basal machinery,#b22130
SCO1448,Basal machinery,#b22130
SCO3339,Basal machinery,#b22130
SCO3338,Basal machinery,#b22130
SCO3331,Basal machinery,#b22130
SCO3330,Basal machinery,#b22130
SCO3333,Basal machinery,#b22130
SCO3332,Basal machinery,#b22130
amfC,M16.1,#715eba
SCO6149,Basal machinery,#b22130
SCO6148,Basal machinery,#b22130
SCO6145,Basal machinery,#b22130
SCO6144,Basal machinery,#b22130
SCO6146,Basal machinery,#b22130
SCO6141,Basal machinery,#b22130
SCO6143,Basal machinery,#b22130
SCO6142,Basal machinery,#b22130
hrcA,Basal machinery,#b22130
SCO7549,Basal machinery,#b22130
SCO7238,Basal machinery,#b22130
SCO7239,Basal machinery,#b22130
SCO7542,Basal machinery,#b22130
SCO7543,Basal machinery,#b22130
SCO7236,Basal machinery,#b22130
SCO7541,Basal machinery,#b22130
SCO7230,Basal machinery,#b22130
SCO7547,Basal machinery,#b22130
SCO7544,Basal machinery,#b22130
SCO7545,Basal machinery,#b22130
SCO0018,Basal machinery,#b22130
SCO0011,Basal machinery,#b22130
SCO0010,Basal machinery,#b22130
SCO0013,Basal machinery,#b22130
SCO0014,Basal machinery,#b22130
ychF,Basal machinery,#b22130
lipA,M33,#af0331
lipB,Basal machinery,#b22130
SCO4046,Basal machinery,#b22130
SCO4047,Basal machinery,#b22130
SCO4044,Basal machinery,#b22130
SCO4042,Basal machinery,#b22130
SCO4043,Basal machinery,#b22130
SCO4040,Basal machinery,#b22130
SCO4049,Basal machinery,#b22130
SCO1276,M16.1,#715eba
SCO1277,Basal machinery,#b22130
SCO1275,Basal machinery,#b22130
SCO1273,M16.1,#715eba
SCO5792,Basal machinery,#b22130
SCO5799,Basal machinery,#b22130
SCO5798,Basal machinery,#b22130
SCO1278,Basal machinery,#b22130
SCO0275,M16.1,#715eba
SCO4955,Basal machinery,#b22130
SCO4220,Basal machinery,#b22130
SCO4221,Basal machinery,#b22130
SCO4950,Basal machinery,#b22130
SCO0270,Basal machinery,#b22130
SCO4952,Basal machinery,#b22130
SCO4225,M12,#f78e74
SCO4228,M16.1,#715eba
SCO4229,M16.1,#715eba
SCO4958,Basal machinery,#b22130
SCO0278,Basal machinery,#b22130
SCO1052,Basal machinery,#b22130
SCO5570,Basal machinery,#b22130
SCO1050,Basal machinery,#b22130
SCO1051,Basal machinery,#b22130
SCO1056,Basal machinery,#b22130
SCO5574,Basal machinery,#b22130
SCO1054,Basal machinery,#b22130
SCO5731,Basal machinery,#b22130
SCO5579,Basal machinery,#b22130
SCO5578,Basal machinery,#b22130
infC,Basal machinery,#b22130
infB,Basal machinery,#b22130
infA,Basal machinery,#b22130
SCO5867,Basal machinery,#b22130
SCO5717,Basal machinery,#b22130
SCO0907,Basal machinery,#b22130
SCO0906,Basal machinery,#b22130
SCO0904,Basal machinery,#b22130
SCO0903,Basal machinery,#b22130
SCO0902,Basal machinery,#b22130
SCO0909,Basal machinery,#b22130
azoR,Basal machinery,#b22130
SCO5860,Basal machinery,#b22130
gcvP,Basal machinery,#b22130
SCO2501,Basal machinery,#b22130
SCO2503,Basal machinery,#b22130
SCO2502,Basal machinery,#b22130
SCO2505,M14,#ce0253
SCO2507,M14,#ce0253
SCO2506,M14,#ce0253
SCO2508,M14,#ce0253
SCO6089,Basal machinery,#b22130
SCO6083,Basal machinery,#b22130
SCO7223,M32,#46dd3e
SCO7550,Basal machinery,#b22130
SCO7221,Basal machinery,#b22130
SCO4408,Basal machinery,#b22130
SCO4405,Basal machinery,#b22130
SCO3108,Basal machinery,#b22130
SCO3106,Basal machinery,#b22130
SCO4402,Basal machinery,#b22130
SCO3102,Basal machinery,#b22130
SCO3103,Basal machinery,#b22130
SCO3101,Basal machinery,#b22130
SCO6557,Basal machinery,#b22130
SCO6552,Basal machinery,#b22130
SCO6551,Basal machinery,#b22130
katA,Basal machinery,#b22130
katG,M10,#d82d30
SCO7685,Basal machinery,#b22130
SCO7684,Basal machinery,#b22130
SCO7687,Basal machinery,#b22130
SCO7686,Basal machinery,#b22130
SCO7681,Basal machinery,#b22130
SCO7680,Basal machinery,#b22130
SCO7683,Basal machinery,#b22130
SCO7682,M14,#ce0253
SCO0792,Basal machinery,#b22130
SCO7689,Basal machinery,#b22130
SCO7688,M16.1,#715eba
SCO0021,Basal machinery,#b22130
SCO0790,Basal machinery,#b22130
SCO6880,Basal machinery,#b22130
SCO6881,Basal machinery,#b22130
SCO6882,Basal machinery,#b22130
SCO6336,Basal machinery,#b22130
SCO6337,Basal machinery,#b22130
SCO6334,Basal machinery,#b22130
SCO6335,Basal machinery,#b22130
SCO6338,Basal machinery,#b22130
SCO7061,Basal machinery,#b22130
SCO7060,Basal machinery,#b22130
SCO7062,Basal machinery,#b22130
SCO7065,Basal machinery,#b22130
SCO7067,Basal machinery,#b22130
SCO7066,Basal machinery,#b22130
SCO7068,Basal machinery,#b22130
sapA,Basal machinery,#b22130
SCO0484,Basal machinery,#b22130
rpoZ,Basal machinery,#b22130
rpoC,Basal machinery,#b22130
rpoB,Basal machinery,#b22130
rpoA,Basal machinery,#b22130
purS,Basal machinery,#b22130
SCO3152,Basal machinery,#b22130
SCO4566,Basal machinery,#b22130
SCO4561,M16.1,#715eba
rnpA,Basal machinery,#b22130
SCO2855,Basal machinery,#b22130
SCO2854,Basal machinery,#b22130
purC,Basal machinery,#b22130
SCO5966,Basal machinery,#b22130
SCO5965,Basal machinery,#b22130
SCO5968,Basal machinery,#b22130
SCO5969,Basal machinery,#b22130
SCO4973,Basal machinery,#b22130
SCO1429,Basal machinery,#b22130
SCO1428,Basal machinery,#b22130
SCO1423,Basal machinery,#b22130
SCO1422,Basal machinery,#b22130
SCO1427,Basal machinery,#b22130
SCO1426,Basal machinery,#b22130
SCO1425,Basal machinery,#b22130
SCO3351,Basal machinery,#b22130
SCO3350,Basal machinery,#b22130
SCO3355,Basal machinery,#b22130
SCO5214,Basal machinery,#b22130
SCO5213,Basal machinery,#b22130
SCO5218,Basal machinery,#b22130
SCO5219,Basal machinery,#b22130
SCO1583,Basal machinery,#b22130
SCO5035,Basal machinery,#b22130
SCO5036,Basal machinery,#b22130
SCO7216,Basal machinery,#b22130
SCO7217,Basal machinery,#b22130
SCO7214,Basal machinery,#b22130
SCO7215,Basal machinery,#b22130
SCO7212,Basal machinery,#b22130
SCO7213,Basal machinery,#b22130
SCO7210,Basal machinery,#b22130
SCO7211,Basal machinery,#b22130
SCO5037,Basal machinery,#b22130
SCO7218,Basal machinery,#b22130
SCO2106,Basal machinery,#b22130
SCO2453,Basal machinery,#b22130
SCO2451,Basal machinery,#b22130
SCO4020,Basal machinery,#b22130
SCO4021,Basal machinery,#b22130
SCO0070,Basal machinery,#b22130
SCO4024,M3,#f984e2
SCO0076,Basal machinery,#b22130
SCO4026,Basal machinery,#b22130
SCO4027,Basal machinery,#b22130
SCO4028,Basal machinery,#b22130
SCO4029,Basal machinery,#b22130
SCO0079,Basal machinery,#b22130
SCO1210,Basal machinery,#b22130
SCO1212,Basal machinery,#b22130
SCO1213,Basal machinery,#b22130
SCO1215,Basal machinery,#b22130
SCO1216,Basal machinery,#b22130
fbpC,Basal machinery,#b22130
SCO5777,M20,#3fef04
SCO5776,M20,#3fef04
SCO5775,M20,#3fef04
SCO5774,M20,#3fef04
SCO5772,Basal machinery,#b22130
SCO5771,Basal machinery,#b22130
cya,Basal machinery,#b22130
xylA,Basal machinery,#b22130
SCO4798,Basal machinery,#b22130
SCO4799,Basal machinery,#b22130
SCO4978,Basal machinery,#b22130
SCO0298,Basal machinery,#b22130
SCO0297,Basal machinery,#b22130
SCO4793,M18,#af422a
SCO4974,Basal machinery,#b22130
SCO4975,Basal machinery,#b22130
SCO0293,Basal machinery,#b22130
SCO4797,Basal machinery,#b22130
SCO0291,Basal machinery,#b22130
SCO0290,Basal machinery,#b22130
SCO5519,Basal machinery,#b22130
SCO5518,Basal machinery,#b22130
SCO5513,Basal machinery,#b22130
SCO5512,Basal machinery,#b22130
SCO5511,Basal machinery,#b22130
SCO5510,Basal machinery,#b22130
SCO5515,Basal machinery,#b22130
cimA,Basal machinery,#b22130
SCO2745,Basal machinery,#b22130
SCO2743,Basal machinery,#b22130
SCO2741,Basal machinery,#b22130
SCO2740,Basal machinery,#b22130
SCO0921,Basal machinery,#b22130
SCO0920,Basal machinery,#b22130
SCO0923,Basal machinery,#b22130
SCO0922,Basal machinery,#b22130
SCO0925,Basal machinery,#b22130
SCO0924,Basal machinery,#b22130
SCO0927,Basal machinery,#b22130
SCO0926,Basal machinery,#b22130
SCO0929,Basal machinery,#b22130
SCO2569,Basal machinery,#b22130
SCO2561,Basal machinery,#b22130
SCO2560,Basal machinery,#b22130
SCO2567,Basal machinery,#b22130
SCO2566,Basal machinery,#b22130
SCO2296,Basal machinery,#b22130
SCO4237,M16.1,#715eba
thyX,Basal machinery,#b22130
trpS2,Basal machinery,#b22130
trpS1,Basal machinery,#b22130
nuoK2,Basal machinery,#b22130
SCO5544,Basal machinery,#b22130
SCO5013,Basal machinery,#b22130
SCO5010,Basal machinery,#b22130
aroB,Basal machinery,#b22130
aroH,Basal machinery,#b22130
SCO5541,Basal machinery,#b22130
SCO3169,Basal machinery,#b22130
SCO3160,Basal machinery,#b22130
SCO3161,Basal machinery,#b22130
SCO3162,Basal machinery,#b22130
SCO3166,Basal machinery,#b22130
SCO3167,Basal machinery,#b22130
SCO6530,Basal machinery,#b22130
SCO6531,Basal machinery,#b22130
SCO6532,Basal machinery,#b22130
SCO6534,Basal machinery,#b22130
SCO6535,Basal machinery,#b22130
SCO6537,Basal machinery,#b22130
SCO6538,Basal machinery,#b22130
SCO6539,Basal machinery,#b22130
SCO7669,Basal machinery,#b22130
SCO7665,Basal machinery,#b22130
SCO7661,Basal machinery,#b22130
snpA,Basal machinery,#b22130
SCO7009,Basal machinery,#b22130
SCO7003,Basal machinery,#b22130
SCO7001,Basal machinery,#b22130
SCO7000,M16.5,#e8aa86
SCO7007,Basal machinery,#b22130
SCO7005,Basal machinery,#b22130
SCO7004,Basal machinery,#b22130
glyA1,Basal machinery,#b22130
glyA3,Basal machinery,#b22130
SCO0431,Basal machinery,#b22130
rpmI,Basal machinery,#b22130
rpmH,Basal machinery,#b22130
rpmA,Basal machinery,#b22130
rpmC,Basal machinery,#b22130
SCO0126,Basal machinery,#b22130
rpmE,Basal machinery,#b22130
rpmD,Basal machinery,#b22130
SCO4589,Basal machinery,#b22130
SCO4588,Basal machinery,#b22130
SCO4587,Basal machinery,#b22130
SCO4583,Basal machinery,#b22130
SCO4582,Basal machinery,#b22130
SCO4581,Basal machinery,#b22130
SCO4580,Basal machinery,#b22130
nsrR,M24,#5432db
coaE,Basal machinery,#b22130
SCO5989,Basal machinery,#b22130
SCO5987,Basal machinery,#b22130
SCO5981,Basal machinery,#b22130
SCO5982,Basal machinery,#b22130
SCO5983,Basal machinery,#b22130
rpmE2-2,Basal machinery,#b22130
rpmE2-1,M14,#ce0253
SCO5184,Basal machinery,#b22130
SCO5185,Basal machinery,#b22130
SCO1407,Basal machinery,#b22130
SCO1154,Basal machinery,#b22130
SCO1401,Basal machinery,#b22130
SCO5181,Basal machinery,#b22130
SCO1151,Basal machinery,#b22130
SCO1402,Basal machinery,#b22130
SCO5188,Basal machinery,#b22130
SCO5189,Basal machinery,#b22130
SCO3379,Basal machinery,#b22130
SCO3378,Basal machinery,#b22130
SCO3808,Basal machinery,#b22130
SCO3807,Basal machinery,#b22130
SCO3374,Basal machinery,#b22130
SCO3377,Basal machinery,#b22130
SCO3376,Basal machinery,#b22130
SCO3370,Basal machinery,#b22130
SCO3373,Basal machinery,#b22130
SCO3800,Basal machinery,#b22130
SCO5238,Basal machinery,#b22130
SCO5239,Basal machinery,#b22130
dxs1,Basal machinery,#b22130
SCO5237,Basal machinery,#b22130
dxs2,Basal machinery,#b22130
SCO5232,Basal machinery,#b22130
SCO5233,Basal machinery,#b22130
SCO4131,Basal machinery,#b22130
SCO2176,Basal machinery,#b22130
SCO2170,Basal machinery,#b22130
SCO2171,Basal machinery,#b22130
SCO2178,Basal machinery,#b22130
SCO6277,Basal machinery,#b22130
SCO6276,M16.1,#715eba
SCO6275,M16.1,#715eba
SCO6274,M16.1,#715eba
SCO6273,M16.1,#715eba
SCO6272,M16.1,#715eba
SCO6271,M16.1,#715eba
SCO6270,Basal machinery,#b22130
SCO6279,M16.1,#715eba
SCO6278,M16.1,#715eba
SCO7271,Basal machinery,#b22130
SCO7273,M16.10,#0d5582
SCO7274,Basal machinery,#b22130
SCO7275,Basal machinery,#b22130
SCO7276,Basal machinery,#b22130
SCO7277,M16.1,#715eba
SCO7278,M16.1,#715eba
SCO7279,Basal machinery,#b22130
SCO7494,Basal machinery,#b22130
SCO7495,Basal machinery,#b22130
SCO7497,Basal machinery,#b22130
SCO7490,Basal machinery,#b22130
SCO7491,Basal machinery,#b22130
SCO7493,Basal machinery,#b22130
SCO7498,Basal machinery,#b22130
SCO7499,Basal machinery,#b22130
SCO4008,Basal machinery,#b22130
SC3A4.21c,Basal machinery,#b22130
SCO0058,Basal machinery,#b22130
SCO0729,Basal machinery,#b22130
SCO0055,Basal machinery,#b22130
SCO4003,Basal machinery,#b22130
SCO4000,Basal machinery,#b22130
SCO0724,Basal machinery,#b22130
SCO0723,Basal machinery,#b22130
SCO4007,Basal machinery,#b22130
SCO0053,Basal machinery,#b22130
SCO0720,Basal machinery,#b22130
SCO1898,Basal machinery,#b22130
SCO1899,Basal machinery,#b22130
SCO5751,Basal machinery,#b22130
SCO1897,Basal machinery,#b22130
SCO5753,Basal machinery,#b22130
SCO1892,Basal machinery,#b22130
SCO5754,Basal machinery,#b22130
SCO1890,Basal machinery,#b22130
SCO5756,Basal machinery,#b22130
SCO4918,Basal machinery,#b22130
SCO4919,Basal machinery,#b22130
SCO2537,Basal machinery,#b22130
SCO2246,Basal machinery,#b22130
SCO4912,Basal machinery,#b22130
SCO4913,Basal machinery,#b22130
SCO4914,Basal machinery,#b22130
SCO4915,Basal machinery,#b22130
SCO4916,Basal machinery,#b22130
SCO4917,Basal machinery,#b22130
SCO2532,Basal machinery,#b22130
xseA,Basal machinery,#b22130
SCO2616,Basal machinery,#b22130
SCO2963,Basal machinery,#b22130
SCO2610,Basal machinery,#b22130
SCO2768,Basal machinery,#b22130
SCO2613,Basal machinery,#b22130
SCO2763,Basal machinery,#b22130
SCO2762,Basal machinery,#b22130
SCO2765,Basal machinery,#b22130
SCO2764,Basal machinery,#b22130
SCO2767,Basal machinery,#b22130
SCO2766,Basal machinery,#b22130
SCO0949,Basal machinery,#b22130
SCO0948,Basal machinery,#b22130
SCO0943,Basal machinery,#b22130
SCO0942,Basal machinery,#b22130
SCO0941,Basal machinery,#b22130
SCO0947,Basal machinery,#b22130
SCO0946,Basal machinery,#b22130
SCO0944,Basal machinery,#b22130
SCO5535,Basal machinery,#b22130
SCO5534,Basal machinery,#b22130
SCO1094,Basal machinery,#b22130
SCO5536,Basal machinery,#b22130
SCO1092,Basal machinery,#b22130
SCO5530,Basal machinery,#b22130
SCO1090,Basal machinery,#b22130
SCO5532,Basal machinery,#b22130
SCO6201,Basal machinery,#b22130
SCO5539,Basal machinery,#b22130
upp,Basal machinery,#b22130
SCO2817,M16.1,#715eba
SCO2816,Basal machinery,#b22130
SCO2815,Basal machinery,#b22130
SCO2546,Basal machinery,#b22130
SCO2813,Basal machinery,#b22130
SCO2812,Basal machinery,#b22130
SCO2811,Basal machinery,#b22130
SCO2810,Basal machinery,#b22130
SCO2819,Basal machinery,#b22130
SCO2818,Basal machinery,#b22130
SCO3498,Basal machinery,#b22130
SCO3499,Basal machinery,#b22130
SCO3492,Basal machinery,#b22130
SCO3493,Basal machinery,#b22130
SCO3496,Basal machinery,#b22130
nuoI1,Basal machinery,#b22130
nuoI2,Basal machinery,#b22130
SCO3634,Basal machinery,#b22130
SCO3635,Basal machinery,#b22130
SCO3140,Basal machinery,#b22130
SCO3637,Basal machinery,#b22130
SCO3146,Basal machinery,#b22130
SCO3147,Basal machinery,#b22130
SCO3632,Basal machinery,#b22130
SCO3145,Basal machinery,#b22130
SCO6049,Basal machinery,#b22130
SCO6512,Basal machinery,#b22130
SCO6513,Basal machinery,#b22130
SCO6510,Basal machinery,#b22130
SCO6511,Basal machinery,#b22130
SCO6516,Basal machinery,#b22130
SCO6041,M16.1,#715eba
SCO6042,Basal machinery,#b22130
SCO6515,Basal machinery,#b22130
SCO7399,Basal machinery,#b22130
SCO7398,Basal machinery,#b22130
SCO7393,Basal machinery,#b22130
SCO7392,Basal machinery,#b22130
SCO7643,Basal machinery,#b22130
SCO7390,Basal machinery,#b22130
SCO7645,Basal machinery,#b22130
SCO7644,Basal machinery,#b22130
SCO7647,Basal machinery,#b22130
SCO7646,Basal machinery,#b22130
SCO6547,Basal machinery,#b22130
SCO7025,Basal machinery,#b22130
SCO7024,Basal machinery,#b22130
SCO7021,Basal machinery,#b22130
SCO7020,Basal machinery,#b22130
SCO7023,Basal machinery,#b22130
SCO7022,Basal machinery,#b22130
SCO7029,Basal machinery,#b22130
SCO7028,Basal machinery,#b22130
SCO0554,Basal machinery,#b22130
SCO0555,Basal machinery,#b22130
SCO0551,Basal machinery,#b22130
SCO0552,Basal machinery,#b22130
SCO4617,Basal machinery,#b22130
SCO4614,Basal machinery,#b22130
SCO4613,Basal machinery,#b22130
SCO4612,Basal machinery,#b22130
SCO4611,Basal machinery,#b22130
SCO1395,Basal machinery,#b22130
SCO1394,Basal machinery,#b22130
SCO1397,Basal machinery,#b22130
SCO1390,Basal machinery,#b22130
SCO1393,Basal machinery,#b22130
SCO1392,Basal machinery,#b22130
SCO1399,Basal machinery,#b22130
SCO1398,Basal machinery,#b22130
zwf,Basal machinery,#b22130
SCO1172,Basal machinery,#b22130
SCO1174,Basal machinery,#b22130
SCO1176,Basal machinery,#b22130
SCO1178,M9,#f497f3
SCO5074,M16.1,#715eba
rpmG3,M14,#ce0253
rpmG2,M14,#ce0253
rpmG1,M14,#ce0253
SCO3829,M2,#f9dfa7
SCO3820,Basal machinery,#b22130
SCO3823,Basal machinery,#b22130
SCO3825,Basal machinery,#b22130
SCO3824,Basal machinery,#b22130
SCO5258,Basal machinery,#b22130
SCO5259,Basal machinery,#b22130
SCO5250,Basal machinery,#b22130
SCO5251,Basal machinery,#b22130
SCO5252,Basal machinery,#b22130
SCO5253,Basal machinery,#b22130
SCO5255,Basal machinery,#b22130
SCO5256,Basal machinery,#b22130
SCO5077,M16.1,#715eba
SCO2158,Basal machinery,#b22130
SCO2159,Basal machinery,#b22130
SCO2157,Basal machinery,#b22130
SCO2152,Basal machinery,#b22130
SCO2153,Basal machinery,#b22130
SCO2150,Basal machinery,#b22130
SCO5071,M16.1,#715eba
SCO5072,M16.1,#715eba
SCO6250,Basal machinery,#b22130
SCO6709,Basal machinery,#b22130
SCO6256,M16.1,#715eba
SCO6259,Basal machinery,#b22130
SCO6706,M16.1,#715eba
SCO6705,M16.1,#715eba
SCO6704,M23,#e5a364
SCO6703,M23,#e5a364
SCO6702,Basal machinery,#b22130
SCO6701,Basal machinery,#b22130
SCO6700,Basal machinery,#b22130
ribA1,Basal machinery,#b22130
ribA2,Basal machinery,#b22130
SCO7252,Basal machinery,#b22130
SCO7253,Basal machinery,#b22130
SCO7251,Basal machinery,#b22130
SCO7257,M16.1,#715eba
SCO7255,Basal machinery,#b22130
SCO0442,Basal machinery,#b22130
mqnA,Basal machinery,#b22130
mqnB,Basal machinery,#b22130
mqnC,Basal machinery,#b22130
mqnE,Basal machinery,#b22130
SCO0708,Basal machinery,#b22130
SCO0702,M16.1,#715eba
SCO0705,Basal machinery,#b22130
SCO0704,Basal machinery,#b22130
SCO0707,Basal machinery,#b22130
SCO0706,Basal machinery,#b22130
dapA1,Basal machinery,#b22130
SCO4280,Basal machinery,#b22130
SCO4281,Basal machinery,#b22130
SCO4930,Basal machinery,#b22130
SCO4931,Basal machinery,#b22130
bar,Basal machinery,#b22130
SCO4285,Basal machinery,#b22130
SCO4934,Basal machinery,#b22130
SCO4287,Basal machinery,#b22130
SCO4288,Basal machinery,#b22130
SCO4289,Basal machinery,#b22130
SCO4651,Basal machinery,#b22130
SCO5885,M16.1,#715eba
SCO5884,M16.1,#715eba
SCO5887,M16.1,#715eba
SCO5886,M16.1,#715eba
SCO5881,M16.1,#715eba
SCO5880,Basal machinery,#b22130
SCO5883,M16.1,#715eba
SCO5882,M16.1,#715eba
SCO4873,Basal machinery,#b22130
SCO5889,M16.1,#715eba
SCO2703,Basal machinery,#b22130
SCO2701,M16.1,#715eba
SCO2700,M16.1,#715eba
SCO2706,Basal machinery,#b22130
SCO2705,M16.1,#715eba
SCO2704,Basal machinery,#b22130
aroA2,Basal machinery,#b22130
SCO2709,Basal machinery,#b22130
SCO4424,Basal machinery,#b22130
SCO4425,Global regulator,#09535b
SCO0967,Basal machinery,#b22130
SCO4427,Basal machinery,#b22130
SCO4420,Basal machinery,#b22130
SCO4421,Basal machinery,#b22130
SCO0963,Basal machinery,#b22130
SCO0962,Basal machinery,#b22130
SCO4428,Basal machinery,#b22130
SCO0968,Basal machinery,#b22130
SCO5701,Basal machinery,#b22130
SCO5871,Basal machinery,#b22130
SCO5089,Basal machinery,#b22130
SCO5088,Basal machinery,#b22130
SCO5087,M16.1,#715eba
SCO1820,Basal machinery,#b22130
SCO5081,Basal machinery,#b22130
SCO5080,M16.1,#715eba
SCO5082,M16.7,#db87a6
SCO2831,Basal machinery,#b22130
SCO2830,Basal machinery,#b22130
SCO2833,M16.1,#715eba
SCO2832,Basal machinery,#b22130
SCO2835,Basal machinery,#b22130
SCO2837,Basal machinery,#b22130
SCO2836,Basal machinery,#b22130
SCO2838,Basal machinery,#b22130
SCO6893,Basal machinery,#b22130
SCO6324,Basal machinery,#b22130
SCO6890,Basal machinery,#b22130
SCO6895,Basal machinery,#b22130
mca,Basal machinery,#b22130
SCO7235,Basal machinery,#b22130
SCO1614,M27,#58ce64
SCO1616,Basal machinery,#b22130
SCO1617,Basal machinery,#b22130
SCO1612,Basal machinery,#b22130
SCO1613,M27,#58ce64
SCO7546,Basal machinery,#b22130
SCO1618,Basal machinery,#b22130
SCO1619,M16.1,#715eba
SCO6328,Basal machinery,#b22130
SCO7233,Basal machinery,#b22130
crcB1,Basal machinery,#b22130
crcB2,Basal machinery,#b22130
SCO7057,Basal machinery,#b22130
SCO3619,Basal machinery,#b22130
SCO3616,Basal machinery,#b22130
SCO3617,Basal machinery,#b22130
SCO3615,Basal machinery,#b22130
SCO3612,Basal machinery,#b22130
SCO3613,Basal machinery,#b22130
SCO3610,Basal machinery,#b22130
SCO3611,Basal machinery,#b22130
SCO4470,Basal machinery,#b22130
SCO6061,Basal machinery,#b22130
SCO6068,Basal machinery,#b22130
SCO4476,Basal machinery,#b22130
SCO0992,M16.1,#715eba
SCO0993,Basal machinery,#b22130
SCO0725,Basal machinery,#b22130
SCO6390,Basal machinery,#b22130
SCO6393,Basal machinery,#b22130
SCO6395,Basal machinery,#b22130
SCO6396,Basal machinery,#b22130
SCO6399,Basal machinery,#b22130
ilvD,Basal machinery,#b22130
SCO0722,Basal machinery,#b22130
SCO7623,Basal machinery,#b22130
SCO7622,Basal machinery,#b22130
SCO7621,Basal machinery,#b22130
SCO7620,Basal machinery,#b22130
SCO7627,Basal machinery,#b22130
SCO7626,Basal machinery,#b22130
SCO7625,Basal machinery,#b22130
SCO7624,Basal machinery,#b22130
SCO7629,Basal machinery,#b22130
SCO7628,Basal machinery,#b22130
SCO0392,Basal machinery,#b22130
SCO0393,Basal machinery,#b22130
SCO0390,Basal machinery,#b22130
SCO0391,Basal machinery,#b22130
SCO0396,Basal machinery,#b22130
SCO0397,Basal machinery,#b22130
SCO0394,Basal machinery,#b22130
SCO0395,Basal machinery,#b22130
SCO0398,Basal machinery,#b22130
SCO0399,Basal machinery,#b22130
SCO6934,Basal machinery,#b22130
SCO6935,Basal machinery,#b22130
SCO6936,Basal machinery,#b22130
SCO6937,Basal machinery,#b22130
SCO6930,Basal machinery,#b22130
SCO6931,Basal machinery,#b22130
SCO6932,Basal machinery,#b22130
SCO6933,Basal machinery,#b22130
SCO6938,Basal machinery,#b22130
SCO6939,Basal machinery,#b22130
vdh,Basal machinery,#b22130
SCO4638,Basal machinery,#b22130
SCO0579,Basal machinery,#b22130
SCO0577,Basal machinery,#b22130
SCO0574,Basal machinery,#b22130
SCO4632,Basal machinery,#b22130
SCO0572,Basal machinery,#b22130
SCO0573,Basal machinery,#b22130
SCO4637,Basal machinery,#b22130
SCO0571,Basal machinery,#b22130
crgA,Basal machinery,#b22130
SCO0784,Basal machinery,#b22130
ribH,Basal machinery,#b22130
SCO1379,Basal machinery,#b22130
SCO1377,Basal machinery,#b22130
SCO1376,Basal machinery,#b22130
SCO1375,Basal machinery,#b22130
SCO1374,Basal machinery,#b22130
SCO1373,Basal machinery,#b22130
SCO1371,Basal machinery,#b22130
SCO1370,Basal machinery,#b22130
SCO1119,Basal machinery,#b22130
SCO1113,Basal machinery,#b22130
SCO1116,Basal machinery,#b22130
nhaA3,Basal machinery,#b22130
SCO5273,Basal machinery,#b22130
SCO5270,Basal machinery,#b22130
SCO5271,Basal machinery,#b22130
SCO5276,Basal machinery,#b22130
SCO5277,Basal machinery,#b22130
SCO5275,Basal machinery,#b22130
SCO2131,Basal machinery,#b22130
SCO2132,Basal machinery,#b22130
SCO2133,Basal machinery,#b22130
SCO2134,Basal machinery,#b22130
SCO2135,Basal machinery,#b22130
SCO2136,Basal machinery,#b22130
SCO3843,Basal machinery,#b22130
SCO3842,Basal machinery,#b22130
SCO3840,Basal machinery,#b22130
SCO3847,Basal machinery,#b22130
SCO3846,Basal machinery,#b22130
SCO3845,Basal machinery,#b22130
SCO3849,Basal machinery,#b22130
SCO3848,Basal machinery,#b22130
SCO6729,Basal machinery,#b22130
SCO6728,M12,#f78e74
SCO6239,Basal machinery,#b22130
SCO6238,Basal machinery,#b22130
SCO6233,Basal machinery,#b22130
SCO6232,Basal machinery,#b22130
SCO6231,Basal machinery,#b22130
SCO6722,Basal machinery,#b22130
SCO6237,Basal machinery,#b22130
SCO6724,Basal machinery,#b22130
SCO6235,Basal machinery,#b22130
SCO6234,Basal machinery,#b22130
aspS,Basal machinery,#b22130
SCO3266,Basal machinery,#b22130
SCO3264,Basal machinery,#b22130
SCO3263,Basal machinery,#b22130
SCO3262,Basal machinery,#b22130
SCO3261,Basal machinery,#b22130
SCO2116,Basal machinery,#b22130
SCO2441,Basal machinery,#b22130
SCO5795,Basal machinery,#b22130
acpP,Basal machinery,#b22130
SCO2114,Basal machinery,#b22130
acpS,Basal machinery,#b22130
SCOt24,M16.1,#715eba
SCO5790,Basal machinery,#b22130
SCO0763,Basal machinery,#b22130
SCO0761,Basal machinery,#b22130
SCO0760,Basal machinery,#b22130
SCO0767,Basal machinery,#b22130
SCO0766,Basal machinery,#b22130
SCO0765,Basal machinery,#b22130
SCO0764,Basal machinery,#b22130
SCO1271,Basal machinery,#b22130
cysH,Basal machinery,#b22130
cysA,Basal machinery,#b22130
cysC,Basal machinery,#b22130
cysS,M16.1,#715eba
add2,Basal machinery,#b22130
add1,Basal machinery,#b22130
thrB,Basal machinery,#b22130
SCO0187,M13,#f646fc
SCO0186,M13,#f646fc
SCO0185,M13,#f646fc
SCO0182,Basal machinery,#b22130
SCO0181,Basal machinery,#b22130
SCO0180,Basal machinery,#b22130
thrS,Basal machinery,#b22130
SCO0189,M13,#f646fc
SCO0188,M13,#f646fc
mnmA,Basal machinery,#b22130
SCO5719,Basal machinery,#b22130
SCO5718,Basal machinery,#b22130
SCO5869,Basal machinery,#b22130
SCO5715,Basal machinery,#b22130
SCO5866,Basal machinery,#b22130
SCO5865,Basal machinery,#b22130
SCO5864,Basal machinery,#b22130
SCO5711,Basal machinery,#b22130
SCO5710,Basal machinery,#b22130
SCO5712,Basal machinery,#b22130
SCO2729,Basal machinery,#b22130
SCO2725,Basal machinery,#b22130
SCO2724,Basal machinery,#b22130
SCO2727,M16.1,#715eba
SCO2726,M16.1,#715eba
SCO2720,Basal machinery,#b22130
SCO0989,Basal machinery,#b22130
SCO4409,Basal machinery,#b22130
SCO0987,Basal machinery,#b22130
SCO4404,Basal machinery,#b22130
SCO0984,Basal machinery,#b22130
SCO0983,Basal machinery,#b22130
SCO0982,Basal machinery,#b22130
SCO4401,Basal machinery,#b22130
SCO2589,Basal machinery,#b22130
SCO2588,Basal machinery,#b22130
purQ,Basal machinery,#b22130
purU,Basal machinery,#b22130
SCO2581,Basal machinery,#b22130
SCO2580,Basal machinery,#b22130
SCO2583,Basal machinery,#b22130
SCO2582,Basal machinery,#b22130
SCO2856,Basal machinery,#b22130
tilS,Basal machinery,#b22130
SCO2586,Basal machinery,#b22130
trxB,Basal machinery,#b22130
trxC,M16.1,#715eba
purA,Basal machinery,#b22130
trxA,Basal machinery,#b22130
purF,Basal machinery,#b22130
purE,M16.1,#715eba
purD,Basal machinery,#b22130
purK,Basal machinery,#b22130
purH,Basal machinery,#b22130
purN,Basal machinery,#b22130
purM,Basal machinery,#b22130
purL,M16.1,#715eba
tal1,Basal machinery,#b22130
SCO1581,Basal machinery,#b22130
SCO1582,Basal machinery,#b22130
tal2,Basal machinery,#b22130
SCO1588,Basal machinery,#b22130
SCO1589,Basal machinery,#b22130
SCO0271,Basal machinery,#b22130
SCO4227,M16.1,#715eba
map,Basal machinery,#b22130
SCO4224,Basal machinery,#b22130
cpdA,Basal machinery,#b22130
idi,Basal machinery,#b22130
SCO3459,Basal machinery,#b22130
SCO3988,Basal machinery,#b22130
SCO3989,Basal machinery,#b22130
SCO3986,Basal machinery,#b22130
SCO3450,Basal machinery,#b22130
SCO3451,Basal machinery,#b22130
SCO1638,Basal machinery,#b22130
SCO1639,Basal machinery,#b22130
SCO1636,Basal machinery,#b22130
SCO1634,Basal machinery,#b22130
SCO1635,Basal machinery,#b22130
SCO1630,Basal machinery,#b22130
SCO1631,Basal machinery,#b22130
groS,Basal machinery,#b22130
SCO3186,Basal machinery,#b22130
SCO3187,Basal machinery,#b22130
SCO3184,Basal machinery,#b22130
SCO3185,Basal machinery,#b22130
SCO3181,Basal machinery,#b22130
SCO3679,Basal machinery,#b22130
SCO5575,Basal machinery,#b22130
SCO3672,Basal machinery,#b22130
SCO3673,Basal machinery,#b22130
SCO3675,Basal machinery,#b22130
SCO3676,Basal machinery,#b22130
SCO3677,Basal machinery,#b22130
SCO6000,Basal machinery,#b22130
SCO6001,Basal machinery,#b22130
SCO6002,Basal machinery,#b22130
SCO6003,Basal machinery,#b22130
SCO6004,Basal machinery,#b22130
SCO6005,Basal machinery,#b22130
SCO6006,Basal machinery,#b22130
SCO6008,Global regulator,#09535b
SCO6009,Basal machinery,#b22130
cutR,Basal machinery,#b22130
cutS,Basal machinery,#b22130
pepPI,Basal machinery,#b22130
SCO7608,Basal machinery,#b22130
SCO7358,Basal machinery,#b22130
SCO7357,Basal machinery,#b22130
SCO7356,Basal machinery,#b22130
SCO7355,Basal machinery,#b22130
SCO7606,Basal machinery,#b22130
SCO7353,Basal machinery,#b22130
SCO7600,Basal machinery,#b22130
SCO7350,Basal machinery,#b22130
SCO0378,Basal machinery,#b22130
SCO0379,M15,#5ca9b5
SCO0374,Basal machinery,#b22130
SCO6911,Basal machinery,#b22130
hspR,M18,#af422a
SCO0511,Basal machinery,#b22130
SCO0512,Basal machinery,#b22130
SCO0513,Basal machinery,#b22130
SCO0516,Basal machinery,#b22130
SCO1358,Basal machinery,#b22130
SCO1354,Basal machinery,#b22130
SCO1357,Basal machinery,#b22130
SCO1356,M5,#f7f4a8
SCO4877,Basal machinery,#b22130
SCO4876,Basal machinery,#b22130
SCO4875,Basal machinery,#b22130
SCO4874,Basal machinery,#b22130
SCO4657,Basal machinery,#b22130
SCO4658,Basal machinery,#b22130
SCO4879,Basal machinery,#b22130
SCO4878,Basal machinery,#b22130
SCO1135,M19,#c14da2
SCO1134,M19,#c14da2
SCO1137,Basal machinery,#b22130
SCO1131,Basal machinery,#b22130
SCO1130,Basal machinery,#b22130
SCO1133,M19,#c14da2
SCO1132,M19,#c14da2
SCO1138,Basal machinery,#b22130
dasR,Global regulator,#09535b
gyrB,Basal machinery,#b22130
SCO5299,Basal machinery,#b22130
gyrA,Basal machinery,#b22130
SCO5296,Basal machinery,#b22130
SCO5297,Basal machinery,#b22130
SCO5290,Basal machinery,#b22130
SCO5291,Basal machinery,#b22130
SCO5292,Basal machinery,#b22130
SCO5293,Basal machinery,#b22130
SCO2112,Basal machinery,#b22130
SCO2446,Basal machinery,#b22130
SCO2447,Basal machinery,#b22130
SCO2440,Basal machinery,#b22130
SCO2117,Basal machinery,#b22130
SCO2442,Basal machinery,#b22130
SCO2443,Basal machinery,#b22130
SCO2448,Basal machinery,#b22130
SCO2449,Basal machinery,#b22130
SCO3869,Basal machinery,#b22130
SCO3868,Basal machinery,#b22130
SCO3867,Basal machinery,#b22130
SCO3860,Basal machinery,#b22130
SCO3863,Basal machinery,#b22130
SCO3862,Basal machinery,#b22130
SCO3241,Basal machinery,#b22130
SCO3240,Basal machinery,#b22130
SCO3243,Basal machinery,#b22130
SCO3242,Basal machinery,#b22130
SCO3245,Basal machinery,#b22130
SCO3244,Basal machinery,#b22130
SCO3247,Basal machinery,#b22130
SCO3249,Basal machinery,#b22130
SCO3248,Basal machinery,#b22130
SCO6743,Basal machinery,#b22130
SCO6214,Basal machinery,#b22130
SCO6741,Basal machinery,#b22130
SCO6216,Basal machinery,#b22130
SCO6211,Basal machinery,#b22130
SCO6210,Basal machinery,#b22130
SCO6213,Basal machinery,#b22130
SCO6212,Basal machinery,#b22130
SCO6749,Basal machinery,#b22130
SCO6748,M16.1,#715eba
SCO6219,Basal machinery,#b22130
SCO6218,Basal machinery,#b22130
SCO7164,M16.1,#715eba
SCO7165,Intermodular,#f7ae47
SCO7166,Intermodular,#f7ae47
SCO7167,Intermodular,#f7ae47
SCO7160,Basal machinery,#b22130
SCO7162,M16.1,#715eba
SCO7163,M16.1,#715eba
SCO7168,M16.8,#3c25b2
SCO7169,Basal machinery,#b22130
SCO6698,Basal machinery,#b22130
SCO0136,Basal machinery,#b22130
SCO0749,Basal machinery,#b22130
SCO0748,Basal machinery,#b22130
SCO0137,Basal machinery,#b22130
SCO0744,Basal machinery,#b22130
SCO0747,Basal machinery,#b22130
SCO0741,M16.3,#f2d89d
SCO0743,Basal machinery,#b22130
SCO0132,Basal machinery,#b22130
lspA,Basal machinery,#b22130
SCO0131,Basal machinery,#b22130
pepA,Basal machinery,#b22130
SCO6215,Basal machinery,#b22130
pat,Basal machinery,#b22130
ybeY,Basal machinery,#b22130
SCO6217,Basal machinery,#b22130
SCO5848,Basal machinery,#b22130
SCO1839,M16.1,#715eba
SCO2603,Basal machinery,#b22130
SCO1834,Basal machinery,#b22130
SCO5840,Basal machinery,#b22130
SCO1836,Basal machinery,#b22130
SCO5842,Basal machinery,#b22130
SCO1831,Basal machinery,#b22130
SCO1832,Basal machinery,#b22130
SCO6746,Basal machinery,#b22130
SCO2970,Basal machinery,#b22130
SCO6744,Basal machinery,#b22130
SCO2971,Basal machinery,#b22130
SCO4468,Basal machinery,#b22130
SCO7344,M16.1,#715eba
SCO7613,M12,#f78e74
SCO4460,Basal machinery,#b22130
SCO4461,Basal machinery,#b22130
SCO4462,Basal machinery,#b22130
SCO4463,Basal machinery,#b22130
SCO7610,Basal machinery,#b22130
SCO4466,Basal machinery,#b22130
SCO4467,Basal machinery,#b22130
SCO5592,Basal machinery,#b22130
SCO5590,Basal machinery,#b22130
SCO5597,Basal machinery,#b22130
SCO5596,Basal machinery,#b22130
SCO5599,Basal machinery,#b22130
SCO5598,Basal machinery,#b22130
SCO7617,Basal machinery,#b22130
f42a,Basal machinery,#b22130
SCO6630,Basal machinery,#b22130
glgB2,M16.1,#715eba
glgB1,Basal machinery,#b22130
fumC,Basal machinery,#b22130
SCO3476,Basal machinery,#b22130
SCO3475,Basal machinery,#b22130
SCO3473,Basal machinery,#b22130
SCO3478,Basal machinery,#b22130
SCO3479,Basal machinery,#b22130
SCO5336,Basal machinery,#b22130
SCO5333,Basal machinery,#b22130
SCO5332,Basal machinery,#b22130
SCO5331,Basal machinery,#b22130
SCO5330,Basal machinery,#b22130
SCO5338,Basal machinery,#b22130
SCO1651,Basal machinery,#b22130
SCO1653,Basal machinery,#b22130
SCO1654,Basal machinery,#b22130
SCO1655,Basal machinery,#b22130
SCO1656,Basal machinery,#b22130
SCO1657,Basal machinery,#b22130
SCO2875,Basal machinery,#b22130
SCO2877,Basal machinery,#b22130
SCO2876,Basal machinery,#b22130
SCO2872,Basal machinery,#b22130
SCO2879,Basal machinery,#b22130
SCO2878,Basal machinery,#b22130
SCO3653,Basal machinery,#b22130
SCO3656,Basal machinery,#b22130
SCO3659,Basal machinery,#b22130
SCO6028,Basal machinery,#b22130
SCO6029,M16.1,#715eba
SCO6022,Basal machinery,#b22130
SCO6023,Basal machinery,#b22130
SCO6020,Basal machinery,#b22130
SCO6021,Basal machinery,#b22130
SCO6026,Basal machinery,#b22130
SCO6027,Basal machinery,#b22130
SCO6024,Basal machinery,#b22130
SCO6025,Basal machinery,#b22130
afsQ1,M16.1,#715eba
SCO2302,Basal machinery,#b22130
SCO2301,Basal machinery,#b22130
SCO2300,Basal machinery,#b22130
SCO2309,Basal machinery,#b22130
SCO6686,Basal machinery,#b22130
SCO6687,Basal machinery,#b22130
SCO6684,M16.1,#715eba
SCO6685,M16.1,#715eba
SCO6683,M16.1,#715eba
SCO6681,M16.1,#715eba
SCO7379,Basal machinery,#b22130
SCO7378,Basal machinery,#b22130
SCO7371,Basal machinery,#b22130
SCO7373,Basal machinery,#b22130
SCO7372,Basal machinery,#b22130
SCO7374,Basal machinery,#b22130
SCO7377,Basal machinery,#b22130
SCO7376,Basal machinery,#b22130
SCO0688,Basal machinery,#b22130
SCO0689,Basal machinery,#b22130
SCO0680,Basal machinery,#b22130
SCO0681,Basal machinery,#b22130
SCO0682,Basal machinery,#b22130
SCO0683,Basal machinery,#b22130
SCO0684,Basal machinery,#b22130
SCO0685,Basal machinery,#b22130
SCO0686,Basal machinery,#b22130
SCO0687,Basal machinery,#b22130
SCO6978,M16.1,#715eba
SCO6979,M16.1,#715eba
SCO6970,Basal machinery,#b22130
SCO6972,Basal machinery,#b22130
SCO6973,Basal machinery,#b22130
SCO6974,M16.1,#715eba
SCO6975,M16.1,#715eba
SCO6976,M16.1,#715eba
SCO6977,Basal machinery,#b22130
SCO7083,Basal machinery,#b22130
SCO7082,Basal machinery,#b22130
SCO7081,Basal machinery,#b22130
SCO7080,Basal machinery,#b22130
SCO7087,Basal machinery,#b22130
SCO7086,Basal machinery,#b22130
SCO7085,Basal machinery,#b22130
SCO7084,Basal machinery,#b22130
SCO7089,Basal machinery,#b22130
SCO7088,Basal machinery,#b22130
SCO0352,Basal machinery,#b22130
SCO0358,Basal machinery,#b22130
SCO0359,Basal machinery,#b22130
SCO1333,Basal machinery,#b22130
SCO1331,Basal machinery,#b22130
SCO1330,Basal machinery,#b22130
SCO1336,Basal machinery,#b22130
SCO1335,Basal machinery,#b22130
SCO1334,Basal machinery,#b22130
SCO0532,Basal machinery,#b22130
SCO4853,Basal machinery,#b22130
SCO4855,Basal machinery,#b22130
SCO0537,Basal machinery,#b22130
SCO4857,Basal machinery,#b22130
SCO4856,Basal machinery,#b22130
SCO4859,Basal machinery,#b22130
SCO4858,Basal machinery,#b22130
SCO4677,Basal machinery,#b22130
SCO4676,Basal machinery,#b22130
SCO4670,Basal machinery,#b22130
SCO4672,Basal machinery,#b22130
SCO1489,M16.1,#715eba
SCO5109,Basal machinery,#b22130
SCO1485,Basal machinery,#b22130
SCO5106,Basal machinery,#b22130
SCO5107,Basal machinery,#b22130
SCO5100,Basal machinery,#b22130
SCO1480,M16.1,#715eba
SCO5102,Basal machinery,#b22130
SCO2682,Basal machinery,#b22130
SCO2680,Basal machinery,#b22130
SCO2681,Basal machinery,#b22130
SCO2686,Basal machinery,#b22130
SCO2684,Basal machinery,#b22130
SCO2685,Basal machinery,#b22130
SCO2688,Basal machinery,#b22130
SCO2689,Basal machinery,#b22130
SCO0827,Basal machinery,#b22130
SCO0820,Basal machinery,#b22130
SCO0822,Basal machinery,#b22130
SCO0828,Basal machinery,#b22130
pkaA,Basal machinery,#b22130
pkaB,Basal machinery,#b22130
SCO2469,Basal machinery,#b22130
SCO2467,Basal machinery,#b22130
SCO2464,Basal machinery,#b22130
SCO2462,Basal machinery,#b22130
SCO2463,Basal machinery,#b22130
SCO2460,Basal machinery,#b22130
SCO2461,Basal machinery,#b22130
valS,Basal machinery,#b22130
SCO1347,Basal machinery,#b22130
SCO3229,Intermodular,#f7ae47
SCO3228,M16.1,#715eba
SCO3223,Basal machinery,#b22130
SCO3222,Basal machinery,#b22130
SCO3221,Basal machinery,#b22130
SCO1341,Basal machinery,#b22130
SCO3227,M16.1,#715eba
SCO3226,Global regulator,#09535b
SCO3225,M16.1,#715eba
SCO3224,Basal machinery,#b22130
tpiA,Basal machinery,#b22130
trpD2,Basal machinery,#b22130
trpD1,Basal machinery,#b22130
der,Basal machinery,#b22130
SCO6769,Basal machinery,#b22130
SCO6765,Basal machinery,#b22130
SCO6764,Basal machinery,#b22130
SCO6766,Basal machinery,#b22130
SCO6761,Basal machinery,#b22130
SCO6760,Basal machinery,#b22130
SCO6763,Basal machinery,#b22130
SCO6762,Basal machinery,#b22130
SCO7418,Basal machinery,#b22130
SCO7419,Basal machinery,#b22130
SCO7146,Basal machinery,#b22130
SCO7415,Basal machinery,#b22130
SCO7416,Basal machinery,#b22130
SCO7417,Basal machinery,#b22130
SCO7410,Basal machinery,#b22130
SCO7411,Basal machinery,#b22130
SCO7412,Basal machinery,#b22130
SCO7413,Basal machinery,#b22130
uppS1,Basal machinery,#b22130
uppS2,Basal machinery,#b22130
csd,Basal machinery,#b22130
secA,Basal machinery,#b22130
secE,Basal machinery,#b22130
secD,Basal machinery,#b22130
secG,Basal machinery,#b22130
secF,Basal machinery,#b22130
SCO4990,Basal machinery,#b22130
SCO4991,Basal machinery,#b22130
SCO4992,Basal machinery,#b22130
SCO4993,Basal machinery,#b22130
SCO4994,Basal machinery,#b22130
SCO4996,Basal machinery,#b22130
SCO4997,Basal machinery,#b22130
ilvE,Basal machinery,#b22130
coaD,Basal machinery,#b22130
SCO0056,Basal machinery,#b22130
map2,Basal machinery,#b22130
map3,Basal machinery,#b22130
sti1,M16.1,#715eba
SCO4198,M16.1,#715eba
SCO4199,Basal machinery,#b22130
SCO4190,M6,#4fef9f
SCO4191,M6,#4fef9f
SCO4193,Basal machinery,#b22130
SCO1816,Basal machinery,#b22130
SCO5822,Basal machinery,#b22130
SCO1814,Basal machinery,#b22130
SCO1815,Basal machinery,#b22130
SCO5827,Basal machinery,#b22130
SCO5826,Basal machinery,#b22130
SCO1810,Basal machinery,#b22130
SCO4641,Basal machinery,#b22130
SCO1819,Basal machinery,#b22130
SCO4860,Basal machinery,#b22130
SCO4334,Basal machinery,#b22130
SCO4335,Basal machinery,#b22130
SCO4336,Basal machinery,#b22130
SCO4337,Basal machinery,#b22130
SCO4330,Basal machinery,#b22130
SCO4447,Basal machinery,#b22130
SCO4332,Basal machinery,#b22130
SCO4333,Basal machinery,#b22130
SCO0522,Basal machinery,#b22130
SCO4338,Basal machinery,#b22130
SCO1835,Basal machinery,#b22130
SCO5843,Basal machinery,#b22130
SCO1837,Basal machinery,#b22130
SCO0528,Basal machinery,#b22130
SCO5847,Basal machinery,#b22130
SCO5846,Basal machinery,#b22130
SCO6332,Basal machinery,#b22130
SCO1124,Basal machinery,#b22130
SCO1125,Basal machinery,#b22130
SCO6330,Basal machinery,#b22130
SCO5115,M16.1,#715eba
SCO1129,Basal machinery,#b22130
SCO3415,Basal machinery,#b22130
SCO3418,Basal machinery,#b22130
SCO3419,Basal machinery,#b22130
SCO6887,Basal machinery,#b22130
SCO1672,Basal machinery,#b22130
SCO5310,Basal machinery,#b22130
SCO5313,Basal machinery,#b22130
SCO5312,Basal machinery,#b22130
SCO1676,Basal machinery,#b22130
SCO1677,Basal machinery,#b22130
SCO1674,M16.1,#715eba
SCO1675,M16.1,#715eba
SCO5319,M16.1,#715eba
SCO5318,M16.1,#715eba
SCO1678,M35,#d38470
SCO1679,M35,#d38470
SCO0038,Basal machinery,#b22130
ispH,Basal machinery,#b22130
SCO2899,Basal machinery,#b22130
SCO2898,Basal machinery,#b22130
SCO2897,Basal machinery,#b22130
SCO2896,Basal machinery,#b22130
SCO2895,Basal machinery,#b22130
SCO2894,Basal machinery,#b22130
SCO2892,Basal machinery,#b22130
SCO2097,Basal machinery,#b22130
SCO2094,Basal machinery,#b22130
SCO2093,Basal machinery,#b22130
SCO2091,Basal machinery,#b22130
SCO2090,M16.1,#715eba
glmS2,Basal machinery,#b22130
SCO2321,Basal machinery,#b22130
SCO2320,Basal machinery,#b22130
SCO2323,Basal machinery,#b22130
SCO2322,Basal machinery,#b22130
SCO2325,Basal machinery,#b22130
SCO2329,Basal machinery,#b22130
SCO2328,Basal machinery,#b22130
SCO7313,Basal machinery,#b22130
SCO7312,Basal machinery,#b22130
SCO7311,Basal machinery,#b22130
SCO7310,Basal machinery,#b22130
SCO7317,Basal machinery,#b22130
SCO7316,Basal machinery,#b22130
SCO7315,Basal machinery,#b22130
SCO7314,M16.1,#715eba
SCO7319,Basal machinery,#b22130
SCO7318,Basal machinery,#b22130
SCO6952,Basal machinery,#b22130
SCO6953,Basal machinery,#b22130
SCO6951,Basal machinery,#b22130
SCO6400,Basal machinery,#b22130
SCO6401,Basal machinery,#b22130
SCO6954,Basal machinery,#b22130
SCO6403,Basal machinery,#b22130
SCO6958,Basal machinery,#b22130
SCO6959,Basal machinery,#b22130
SCO6408,Basal machinery,#b22130
SCO1053,Basal machinery,#b22130
pqrB,M21,#3bedae
SCO0330,M16.1,#715eba
SCO0332,Basal machinery,#b22130
SCO0335,Basal machinery,#b22130
SCO0337,Basal machinery,#b22130
SCO1318,Basal machinery,#b22130
SCO1314,Basal machinery,#b22130
SCO1317,Basal machinery,#b22130
SCO1311,Basal machinery,#b22130
SCO1057,Basal machinery,#b22130
SCO4838,Basal machinery,#b22130
SCO4833,Basal machinery,#b22130
SCO4836,Basal machinery,#b22130
SCO4835,Basal machinery,#b22130
SCO4834,Basal machinery,#b22130
SCO2669,Basal machinery,#b22130
SCO2663,Basal machinery,#b22130
SCO0807,Basal machinery,#b22130
SCO0800,Basal machinery,#b22130
SCO0801,Basal machinery,#b22130
SCO5124,Basal machinery,#b22130
SCO5125,Basal machinery,#b22130
SCO5122,Basal machinery,#b22130
SCO5123,Basal machinery,#b22130
SCO5120,Basal machinery,#b22130
SCO5121,Basal machinery,#b22130
fdhD,Basal machinery,#b22130
SCO2408,M5,#f7f4a8
SCO2400,M16.1,#715eba
SCO2401,Basal machinery,#b22130
SCO2404,M16.1,#715eba
SCO2405,Basal machinery,#b22130
gap,M16.1,#715eba
vanX,M26,#26cc8c
SCO3205,Basal machinery,#b22130
SCO3204,Basal machinery,#b22130
SCO3207,Basal machinery,#b22130
SCO3206,Basal machinery,#b22130
SCO3201,M16.1,#715eba
SCO3200,Basal machinery,#b22130
SCO3750,Basal machinery,#b22130
htpX1,Basal machinery,#b22130
SCO3209,Basal machinery,#b22130
SCO3208,Basal machinery,#b22130
SCO4030,Basal machinery,#b22130
SCO0721,Basal machinery,#b22130
SCO7128,Basal machinery,#b22130
SCO7129,Basal machinery,#b22130
rpsF,Basal machinery,#b22130
SCO7120,Basal machinery,#b22130
SCO7122,Basal machinery,#b22130
SCO7125,Basal machinery,#b22130
SCO7126,Basal machinery,#b22130
SCO7127,Basal machinery,#b22130
SCO5781,Basal machinery,#b22130
SCO1206,Basal machinery,#b22130
SCO5784,Basal machinery,#b22130
SCO1204,Basal machinery,#b22130
SCO1209,Basal machinery,#b22130
SCO5789,Basal machinery,#b22130
rsfS,Basal machinery,#b22130
ptsI,Basal machinery,#b22130
ptsH,Basal machinery,#b22130
rpsI,Basal machinery,#b22130
SCO7436,Basal machinery,#b22130
SCO7437,Basal machinery,#b22130
SCO7434,Basal machinery,#b22130
SCO7435,Basal machinery,#b22130
SCO7430,Basal machinery,#b22130
SCO7431,Basal machinery,#b22130
SCO7438,Basal machinery,#b22130
SCO7439,Basal machinery,#b22130
SCO0475,M14,#ce0253
SCO0473,Basal machinery,#b22130
SCO0471,Basal machinery,#b22130
SCO1871,Basal machinery,#b22130
SCO1872,Basal machinery,#b22130
SCO5809,Basal machinery,#b22130
SCO5808,Basal machinery,#b22130
SCO1876,Basal machinery,#b22130
SCO1878,Basal machinery,#b22130
SCO1879,Basal machinery,#b22130
SCO5807,Basal machinery,#b22130
SCO5806,Basal machinery,#b22130
SCO5801,Basal machinery,#b22130
SCO4316,Basal machinery,#b22130
SCO4317,Basal machinery,#b22130
SCO4314,Basal machinery,#b22130
SCO4312,Basal machinery,#b22130
SCO4313,Basal machinery,#b22130
SCO4311,Basal machinery,#b22130
SCO2551,Basal machinery,#b22130
SCO4963,Basal machinery,#b22130
SCO4964,Basal machinery,#b22130
SCO3924,Basal machinery,#b22130
SCO3925,M16.1,#715eba
SCO3926,M16.1,#715eba
SCO3927,Basal machinery,#b22130
SCO3434,Basal machinery,#b22130
SCO3923,Basal machinery,#b22130
SCO5379,Basal machinery,#b22130
SCO5378,Basal machinery,#b22130
SCO1698,Basal machinery,#b22130
SCO4968,Basal machinery,#b22130
SCO1694,Basal machinery,#b22130
SCO1695,Basal machinery,#b22130
SCO1697,M9,#f497f3
SCO1690,Basal machinery,#b22130
SCO5376,Basal machinery,#b22130
SCO5904,Basal machinery,#b22130
SCO2976,Basal machinery,#b22130
SCO2349,Basal machinery,#b22130
SCO2348,Basal machinery,#b22130
SCO2342,Basal machinery,#b22130
SCO2341,Basal machinery,#b22130
SCO2340,Basal machinery,#b22130
SCO2347,Basal machinery,#b22130
SCO2346,Basal machinery,#b22130
SCO2345,Basal machinery,#b22130
SCO2344,Basal machinery,#b22130
SCO3697,Basal machinery,#b22130
glpF,M29,#e86677
SCO3692,Basal machinery,#b22130
SCO3690,Basal machinery,#b22130
SCO3691,Basal machinery,#b22130
SCO1091,Basal machinery,#b22130
SCO3698,Basal machinery,#b22130
SCO3699,Basal machinery,#b22130
SCO7339,M16.1,#715eba
SCO7338,Basal machinery,#b22130
SCO7334,Basal machinery,#b22130
SCO7337,M16.1,#715eba
SCO7336,M16.1,#715eba
SCO7331,Basal machinery,#b22130
SCO7330,Basal machinery,#b22130
SCO7333,Basal machinery,#b22130
ftsH2,Basal machinery,#b22130
SCO6428,Basal machinery,#b22130
SCO6429,M16.1,#715eba
SCO6424,Basal machinery,#b22130
SCO6423,Basal machinery,#b22130
SCO6421,Basal machinery,#b22130
SCO7591,Basal machinery,#b22130
SCO7590,Basal machinery,#b22130
SCO7593,Basal machinery,#b22130
SCO7592,Basal machinery,#b22130
SCO7596,Basal machinery,#b22130
SCO4869,Basal machinery,#b22130
SCO0318,Basal machinery,#b22130
SCO0319,Basal machinery,#b22130
SCO0649,Basal machinery,#b22130
SCO0644,Basal machinery,#b22130
SCO0310,M16.1,#715eba
SCO0311,Basal machinery,#b22130
SCO0316,Basal machinery,#b22130
SCO0317,Basal machinery,#b22130
SCO0642,Basal machinery,#b22130
SCO0643,Basal machinery,#b22130
SCO1999,Basal machinery,#b22130
SCO1998,Basal machinery,#b22130
SCO1993,Basal machinery,#b22130
SCO1992,Basal machinery,#b22130
SCO1991,Basal machinery,#b22130
SCO1990,Basal machinery,#b22130
SCO1997,Basal machinery,#b22130
SCO1995,Basal machinery,#b22130
SCO1994,Basal machinery,#b22130
SCO4816,Basal machinery,#b22130
SCO4811,Basal machinery,#b22130
SCO4810,Basal machinery,#b22130
SCO4812,Basal machinery,#b22130
SCO4819,Basal machinery,#b22130
SCO2642,Basal machinery,#b22130
SCO2643,Basal machinery,#b22130
SCO2641,Basal machinery,#b22130
SCO2648,Basal machinery,#b22130
SCO4763,Basal machinery,#b22130
SCO4769,Basal machinery,#b22130
SCO4768,M16.1,#715eba
SCO0869,Basal machinery,#b22130
SCO0860,Basal machinery,#b22130
SCO0861,Basal machinery,#b22130
SCO0862,Basal machinery,#b22130
SCO0863,Basal machinery,#b22130
SCO0864,Basal machinery,#b22130
SCO0865,Basal machinery,#b22130
SCO0866,Basal machinery,#b22130
SCO0867,Basal machinery,#b22130
SCO5140,Basal machinery,#b22130
SCO5141,Basal machinery,#b22130
SCO1191,Basal machinery,#b22130
SCO5143,Basal machinery,#b22130
SCO5144,Basal machinery,#b22130
SCO5145,Basal machinery,#b22130
SCO5146,Basal machinery,#b22130
SCO5147,Basal machinery,#b22130
SCO5148,Basal machinery,#b22130
SCO2426,Basal machinery,#b22130
SCO2424,Basal machinery,#b22130
SCO2428,Basal machinery,#b22130
SCO4373,Basal machinery,#b22130
SCO3595,M26,#26cc8c
SCO3594,M26,#26cc8c
SCO3597,Basal machinery,#b22130
SCO3590,M26,#26cc8c
SCO3593,M26,#26cc8c
SCO3592,M26,#26cc8c
SCO3598,Basal machinery,#b22130
SCO1733,Basal machinery,#b22130
SCO1732,Basal machinery,#b22130
SCO1730,Basal machinery,#b22130
SCO1739,Basal machinery,#b22130
SCO1738,Basal machinery,#b22130
SCO3770,Basal machinery,#b22130
SCO3773,Basal machinery,#b22130
SCO3772,Basal machinery,#b22130
SCO3775,Basal machinery,#b22130
SCO3774,Basal machinery,#b22130
SCO3777,Basal machinery,#b22130
SCO3776,Basal machinery,#b22130
SCO3779,Basal machinery,#b22130
SCO3778,Basal machinery,#b22130
ruvC,Basal machinery,#b22130
ruvB,Basal machinery,#b22130
tsf,Basal machinery,#b22130
gudD,Basal machinery,#b22130
grpE,M18,#af422a
SCO0415,Basal machinery,#b22130
rex,M34,#f2b0c6
SCO0141,Basal machinery,#b22130
SCO0140,Basal machinery,#b22130
SCO0413,Basal machinery,#b22130
SCO0144,Basal machinery,#b22130
SCO6852,Basal machinery,#b22130
SCO6850,Basal machinery,#b22130
SCO6859,Basal machinery,#b22130
SCO6858,Basal machinery,#b22130
glkA,Basal machinery,#b22130
SCO7102,Basal machinery,#b22130
SCO7103,Basal machinery,#b22130
SCO7100,Basal machinery,#b22130
SCO7101,Basal machinery,#b22130
SCO7454,Basal machinery,#b22130
SCO7104,Basal machinery,#b22130
SCO7457,Basal machinery,#b22130
SCO7458,Basal machinery,#b22130
SCO7109,Basal machinery,#b22130
SCO0451,Basal machinery,#b22130
SCO0450,Basal machinery,#b22130
SCO4158,Basal machinery,#b22130
SCO0109,Basal machinery,#b22130
SCO0108,Basal machinery,#b22130
SCO0459,Basal machinery,#b22130
SCO0106,Basal machinery,#b22130
SCO4156,Basal machinery,#b22130
SCO4157,Basal machinery,#b22130
SCO0103,Basal machinery,#b22130
SCO0102,Basal machinery,#b22130
SCO0101,Basal machinery,#b22130
SCO0100,Basal machinery,#b22130
SCO1858,Basal machinery,#b22130
SCO5649,Basal machinery,#b22130
SCO6751,Basal machinery,#b22130
SCO1853,Basal machinery,#b22130
SCO1850,Basal machinery,#b22130
SCO1851,Basal machinery,#b22130
SCO6752,Basal machinery,#b22130
SCO5647,Basal machinery,#b22130
ahpD,M28,#a9fcc3
SCO1549,Basal machinery,#b22130
SCO6207,Basal machinery,#b22130
SCO4378,Basal machinery,#b22130
SCO4370,Basal machinery,#b22130
SCO4371,Basal machinery,#b22130
SCO4372,Basal machinery,#b22130
SCO6757,Basal machinery,#b22130
SCO4374,Basal machinery,#b22130
SCO4377,Basal machinery,#b22130
SCO4739,Basal machinery,#b22130
dnaA,Basal machinery,#b22130
dnaE,Basal machinery,#b22130
dnaG,Basal machinery,#b22130
dnaK,M18,#af422a
dnaN,Basal machinery,#b22130
SCO1509,Basal machinery,#b22130
SCO1504,Basal machinery,#b22130
SCO5681,Basal machinery,#b22130
SCO1507,Basal machinery,#b22130
SCO1500,Basal machinery,#b22130
SCO1502,Basal machinery,#b22130
SCO1503,Basal machinery,#b22130
trpB,Basal machinery,#b22130
SCO7156,Basal machinery,#b22130
trpE,Basal machinery,#b22130
SCO4487,Basal machinery,#b22130
SCO4480,Basal machinery,#b22130
SCO4488,Basal machinery,#b22130
SCO4489,Basal machinery,#b22130
SCO5427,Basal machinery,#b22130
SCO5354,Basal machinery,#b22130
SCO5351,M16.1,#715eba
SCO5422,Basal machinery,#b22130
SCO5420,Basal machinery,#b22130
SCO5358,Basal machinery,#b22130
SCO5428,Basal machinery,#b22130
SCO2997,Basal machinery,#b22130
SCO3905,Basal machinery,#b22130
nagB,Basal machinery,#b22130
SCO3900,Basal machinery,#b22130
SCO3901,Basal machinery,#b22130
xlnC,Basal machinery,#b22130
redD,M16.1,#715eba
SCO7824,Basal machinery,#b22130
SCO2364,Basal machinery,#b22130
SCO2367,Basal machinery,#b22130
SCO2361,Basal machinery,#b22130
SCO2360,Basal machinery,#b22130
SCO2363,Basal machinery,#b22130
SCO2362,Basal machinery,#b22130
SCO2369,Basal machinery,#b22130
SCO2368,Basal machinery,#b22130
SCO6198,M16.1,#715eba
SCO6199,Basal machinery,#b22130
SCO6624,Basal machinery,#b22130
SCO6197,Basal machinery,#b22130
SCO6626,Basal machinery,#b22130
SCO6627,Basal machinery,#b22130
SCO6620,Basal machinery,#b22130
SCO6193,Basal machinery,#b22130
SCO6190,Basal machinery,#b22130
SCO6623,Basal machinery,#b22130
dpsA,M16.3,#f2d89d
SCO5461,Basal machinery,#b22130
SCO6448,Basal machinery,#b22130
SCO6449,Basal machinery,#b22130
SCO6440,Basal machinery,#b22130
SCO5395,Basal machinery,#b22130
SCO6442,Basal machinery,#b22130
SCO6443,Basal machinery,#b22130
SCO6444,Basal machinery,#b22130
SCO6445,Basal machinery,#b22130
SCO6446,Basal machinery,#b22130
SCO3015,Basal machinery,#b22130
SCO3012,Basal machinery,#b22130
SCO3013,M16.1,#715eba
SCO3018,Basal machinery,#b22130
SCO3019,Basal machinery,#b22130
SCO4212,Basal machinery,#b22130
SCO0666,M16.1,#715eba
SCO0664,Basal machinery,#b22130
SCO0665,Basal machinery,#b22130
SCO0662,Basal machinery,#b22130
SCO0663,Basal machinery,#b22130
SCO0661,Basal machinery,#b22130
SCO0669,Basal machinery,#b22130
SCO6996,Basal machinery,#b22130
SCO6997,Basal machinery,#b22130
SCO6994,Basal machinery,#b22130
SCO6995,Basal machinery,#b22130
SCO6992,Basal machinery,#b22130
SCO6990,Basal machinery,#b22130
SCO7717,Basal machinery,#b22130
SCO7716,Basal machinery,#b22130
SCO7715,Basal machinery,#b22130
SCO7710,Basal machinery,#b22130
SCO7719,Basal machinery,#b22130
SCO0591,Basal machinery,#b22130
SCO0595,Basal machinery,#b22130
SCO2992,Basal machinery,#b22130
SCO2621,Basal machinery,#b22130
SCO2990,Basal machinery,#b22130
SCO2623,Basal machinery,#b22130
SCO2624,Basal machinery,#b22130
SCO2625,Basal machinery,#b22130
SCO2626,Basal machinery,#b22130
SCO2627,Basal machinery,#b22130
SCO2628,Basal machinery,#b22130
SCO2629,Basal machinery,#b22130
SCO2998,Basal machinery,#b22130
SCO2999,Basal machinery,#b22130
SCO0843,Basal machinery,#b22130
SCO0840,Basal machinery,#b22130
SCO0847,Basal machinery,#b22130
SCO0844,Basal machinery,#b22130
SCO0845,Basal machinery,#b22130
SCO4749,Basal machinery,#b22130
SCO0848,Basal machinery,#b22130
SCO0849,Basal machinery,#b22130
rimO,Basal machinery,#b22130
SCO5169,Basal machinery,#b22130
SCO5163,Basal machinery,#b22130
SCO5160,Basal machinery,#b22130
SCO5161,Basal machinery,#b22130
SCO5166,Basal machinery,#b22130
SCO5167,Basal machinery,#b22130
SCO2199,Basal machinery,#b22130
SCO2192,Basal machinery,#b22130
SCO2191,Basal machinery,#b22130
SCO2196,Basal machinery,#b22130
SCO2197,Basal machinery,#b22130
SCO2195,M16.1,#715eba
gmk,Basal machinery,#b22130
adk,Basal machinery,#b22130
SCO3574,Basal machinery,#b22130
SCO3573,Basal machinery,#b22130
SCO3571,M16.1,#715eba
SCO1711,Basal machinery,#b22130
SCO1710,Basal machinery,#b22130
SCO1712,M16.1,#715eba
SCO1718,Basal machinery,#b22130
SCO3713,Basal machinery,#b22130
SCO3712,Basal machinery,#b22130
SCO3710,Basal machinery,#b22130
SCO3714,Basal machinery,#b22130
dcd,Basal machinery,#b22130
SCO6295,M16.10,#0d5582
SCO6294,M16.10,#0d5582
SCO6291,Basal machinery,#b22130
SCO6290,Basal machinery,#b22130
SCO6293,Basal machinery,#b22130
SCO6292,Basal machinery,#b22130
SCO1763,Basal machinery,#b22130
SCO7691,Basal machinery,#b22130
rplX,Basal machinery,#b22130
acsA,Basal machinery,#b22130
rplT,Basal machinery,#b22130
hflX,Basal machinery,#b22130
SCO7699,Basal machinery,#b22130
SCO6871,Basal machinery,#b22130
SCO6870,Basal machinery,#b22130
SCO6872,Basal machinery,#b22130
SCO6876,Basal machinery,#b22130
SCO6879,Basal machinery,#b22130
rsbA,M16.1,#715eba
rsbV,M16.1,#715eba
SCO7472,Basal machinery,#b22130
SCO7473,Basal machinery,#b22130
SCO7471,Basal machinery,#b22130
SCO7476,Basal machinery,#b22130
SCO7477,Basal machinery,#b22130
SCO7474,Basal machinery,#b22130
SCO7475,Basal machinery,#b22130
SCO0129,Basal machinery,#b22130
SCO0439,Basal machinery,#b22130
SCO0433,Basal machinery,#b22130
SCO0432,Basal machinery,#b22130
SCO0123,Basal machinery,#b22130
SCO0122,Basal machinery,#b22130
SCO0125,Basal machinery,#b22130
SCO0124,Basal machinery,#b22130
SCO0127,Basal machinery,#b22130
SCO0434,Basal machinery,#b22130
qcrB,Basal machinery,#b22130
qcrA,Basal machinery,#b22130
SCO4679,Basal machinery,#b22130
SCO4678,Basal machinery,#b22130
SCO0534,Basal machinery,#b22130
SCO0535,Basal machinery,#b22130
SCO4675,Basal machinery,#b22130
SCO4176,Basal machinery,#b22130
SCO4177,Basal machinery,#b22130
SCO4174,Basal machinery,#b22130
SCO4175,Basal machinery,#b22130
SCO4173,Basal machinery,#b22130
SCO4171,Basal machinery,#b22130
SCO4178,Basal machinery,#b22130
SCO1526,Basal machinery,#b22130
SCO1527,Basal machinery,#b22130
SCO1525,Basal machinery,#b22130
SCO1521,Basal machinery,#b22130
SCO1528,Basal machinery,#b22130
SCO1529,Basal machinery,#b22130
SCO4456,Basal machinery,#b22130
SCO4451,Basal machinery,#b22130
SCO4452,Basal machinery,#b22130
SCO4352,Basal machinery,#b22130
SCO4353,Basal machinery,#b22130
SCO4351,Basal machinery,#b22130
SCO4357,Basal machinery,#b22130
SCO4354,Basal machinery,#b22130
SCO4355,Basal machinery,#b22130
SCO4358,Basal machinery,#b22130
SCO4359,Basal machinery,#b22130
SCO5401,Basal machinery,#b22130
SCO5400,Basal machinery,#b22130
SCO5403,M16.1,#715eba
SCO5405,Global regulator,#09535b
SCO5404,Basal machinery,#b22130
SCO5407,Basal machinery,#b22130
SCO5406,Basal machinery,#b22130
SCO5409,Basal machinery,#b22130
SCO5408,Basal machinery,#b22130
SCO5101,Basal machinery,#b22130
SCO3962,Basal machinery,#b22130
SCO3963,Basal machinery,#b22130
SCO3965,Basal machinery,#b22130
SCO3966,Basal machinery,#b22130
SCO3967,Basal machinery,#b22130
SCO3968,Basal machinery,#b22130
dapA2,Basal machinery,#b22130
SCO2387,M11,#e54b4e
SCO2386,M11,#e54b4e
SCO2384,Basal machinery,#b22130
SCO2383,Basal machinery,#b22130
SCO2382,Basal machinery,#b22130
SCO2381,Basal machinery,#b22130
SCO2380,Basal machinery,#b22130
gltX,Basal machinery,#b22130
SCO3384,Basal machinery,#b22130
SCO3385,Basal machinery,#b22130
SCO3381,Basal machinery,#b22130
SCO3035,Basal machinery,#b22130
SCO3033,Basal machinery,#b22130
SCO3030,Basal machinery,#b22130
SCO3031,Basal machinery,#b22130
SCO6606,Basal machinery,#b22130
SCO6604,Basal machinery,#b22130
SCO6602,Basal machinery,#b22130
SCO6603,Basal machinery,#b22130
SCO6600,Basal machinery,#b22130
SCO6609,Basal machinery,#b22130
SCO7801,Basal machinery,#b22130
SCO7800,Basal machinery,#b22130
SCO7807,Basal machinery,#b22130
SCO7806,Basal machinery,#b22130
SCO7805,Basal machinery,#b22130
SCO7804,Basal machinery,#b22130
SCO7809,Basal machinery,#b22130
SCO7808,Basal machinery,#b22130
gatA,Basal machinery,#b22130
gatB,M16.3,#f2d89d
gatC,Basal machinery,#b22130
SCO0601,Basal machinery,#b22130
SCO0603,Basal machinery,#b22130
SCO0604,M16.3,#f2d89d
SCO0605,Basal machinery,#b22130
SCO0606,Basal machinery,#b22130
SCO0607,M12,#f78e74
SCO0608,M16.1,#715eba
SCO6460,M22,#d3c0f9
SCO6466,Basal machinery,#b22130
SCO6467,Basal machinery,#b22130
SCO6469,Basal machinery,#b22130
SCO7730,Basal machinery,#b22130
SCO7737,Basal machinery,#b22130
SCO7739,Basal machinery,#b22130
SCO7738,Basal machinery,#b22130
SCO1224,Basal machinery,#b22130
glnD,Intermodular,#f7ae47
gmhA,Basal machinery,#b22130
SCO1959,Basal machinery,#b22130
SCO1957,Basal machinery,#b22130
SCO1955,Basal machinery,#b22130
SCO2608,Basal machinery,#b22130
SCO2609,Basal machinery,#b22130
SCO2978,M16.1,#715eba
SCO2602,Basal machinery,#b22130
SCO2975,Basal machinery,#b22130
SCO2600,Basal machinery,#b22130
SCO2977,Basal machinery,#b22130
gcvT,Basal machinery,#b22130
SCO2607,Basal machinery,#b22130
SCO2604,Basal machinery,#b22130
SCO2605,Basal machinery,#b22130
gcvH,Basal machinery,#b22130
ftsK,Basal machinery,#b22130
ftsH,Basal machinery,#b22130
SCO1220,Basal machinery,#b22130
ftsZ,M16.1,#715eba
ftsY,M16.1,#715eba
gvpA2,Basal machinery,#b22130
gvpA1,Basal machinery,#b22130
SCO3559,Basal machinery,#b22130
SCO3558,Basal machinery,#b22130
sodN,M16.12,#ef62e3
SCO3550,Basal machinery,#b22130
SCO1773,Basal machinery,#b22130
SCO1772,Basal machinery,#b22130
SCO1771,Basal machinery,#b22130
SCO1770,Basal machinery,#b22130
SCO1777,Basal machinery,#b22130
SCO1775,Basal machinery,#b22130
SCO3734,Basal machinery,#b22130
SCO3731,Basal machinery,#b22130
SCO0073,Basal machinery,#b22130
SCO0072,M16.1,#715eba
SCO4025,M3,#f984e2
msrA,Basal machinery,#b22130
SCO5320,M16.1,#715eba
SCO5453,Basal machinery,#b22130
SCO5778,M20,#3fef04
SCO1668,Basal machinery,#b22130
SCO6813,Basal machinery,#b22130
SCO6812,Basal machinery,#b22130
SCO6811,Basal machinery,#b22130
SCO6810,Basal machinery,#b22130
SCO6817,Basal machinery,#b22130
SCO6816,Basal machinery,#b22130
SCO6815,Basal machinery,#b22130
nuoD2,Basal machinery,#b22130
SCO2606,Basal machinery,#b22130
SCO7538,Basal machinery,#b22130
SCO7825,Basal machinery,#b22130
SCO7536,Basal machinery,#b22130
SCO7534,Basal machinery,#b22130
SCO7823,Basal machinery,#b22130
SCO0143,Basal machinery,#b22130
SCO0414,Basal machinery,#b22130
SCO0417,Basal machinery,#b22130
SCO0416,Basal machinery,#b22130
SCO4114,Basal machinery,#b22130
SCO4115,Basal machinery,#b22130
SCO4116,Basal machinery,#b22130
SCO4117,Global regulator,#09535b
SCO4118,M16.1,#715eba
SCO4119,Basal machinery,#b22130
SCO0149,Basal machinery,#b22130
SCO0148,Basal machinery,#b22130
SCO1541,Intermodular,#f7ae47
SCO1543,Basal machinery,#b22130
SCO1544,Basal machinery,#b22130
SCO1545,Basal machinery,#b22130
SCO1546,Basal machinery,#b22130
SCO1547,Basal machinery,#b22130
SCO1548,Basal machinery,#b22130
SCO5646,Basal machinery,#b22130
SCO5644,Basal machinery,#b22130
SCO5642,Basal machinery,#b22130
SCO5640,Basal machinery,#b22130
SCO5399,Basal machinery,#b22130
SCO5398,Basal machinery,#b22130
SCO5468,Basal machinery,#b22130
SCO0299,Basal machinery,#b22130
SCO5391,Basal machinery,#b22130
SCO5390,Basal machinery,#b22130
SCO5393,M16.1,#715eba
SCO5460,Basal machinery,#b22130
SCO5467,Basal machinery,#b22130
SCO5466,Basal machinery,#b22130
SCO5465,M16.1,#715eba
SCO5396,Basal machinery,#b22130
rimP,Basal machinery,#b22130
SCO4796,Basal machinery,#b22130
SCO0292,Basal machinery,#b22130
SCO4794,Basal machinery,#b22130
rimM,Basal machinery,#b22130
SCO4795,Basal machinery,#b22130
SCO2018,Basal machinery,#b22130
SCO2017,Basal machinery,#b22130
SCO2016,Basal machinery,#b22130
SCO2015,Basal machinery,#b22130
SCO2014,M16.1,#715eba
SCO2013,Basal machinery,#b22130
SCO2012,Basal machinery,#b22130
SCO2011,Basal machinery,#b22130
SCO2010,Basal machinery,#b22130
SCO3942,Basal machinery,#b22130
SCO3943,Basal machinery,#b22130
SCO3940,Basal machinery,#b22130
SCO3941,Basal machinery,#b22130
SCO3946,M34,#f2b0c6
SCO3947,M34,#f2b0c6
SCO3945,M34,#f2b0c6
SCO5873,Basal machinery,#b22130
SCO5576a,Basal machinery,#b22130
lepA,Basal machinery,#b22130
gpmA,Basal machinery,#b22130
gpmI,Basal machinery,#b22130
SCO3058,Basal machinery,#b22130
SCO3050,Basal machinery,#b22130
SCO3051,Basal machinery,#b22130
SCO3052,Basal machinery,#b22130
SCO3053,Basal machinery,#b22130
SCO3057,Basal machinery,#b22130
SCO6660,Basal machinery,#b22130
SCO6663,Basal machinery,#b22130
SCO6664,Basal machinery,#b22130
SCO6667,Basal machinery,#b22130
SCO7282,Basal machinery,#b22130
SCO7285,Basal machinery,#b22130
SCO7287,Basal machinery,#b22130
SCO7286,Basal machinery,#b22130
SCO7289,M16.1,#715eba
SCO7288,Basal machinery,#b22130
SCO7827,Basal machinery,#b22130
SCO7826,Basal machinery,#b22130
SCO7821,Basal machinery,#b22130
SCO7531,Basal machinery,#b22130
SCO7530,Basal machinery,#b22130
SCO0629,Basal machinery,#b22130
speE1,Basal machinery,#b22130
speE2,Basal machinery,#b22130
SCO0621,Basal machinery,#b22130
SCO0626,Basal machinery,#b22130
SCO0627,Basal machinery,#b22130
SCO0624,Basal machinery,#b22130
SCO0625,Basal machinery,#b22130
SCO6488,Basal machinery,#b22130
SCO6489,Basal machinery,#b22130
SCO6484,Basal machinery,#b22130
SCO6486,Basal machinery,#b22130
SCO6480,Basal machinery,#b22130
SCO6481,Basal machinery,#b22130
SCO7759,Basal machinery,#b22130
SCO7753,Basal machinery,#b22130
SCO7752,Basal machinery,#b22130
SCO7751,Basal machinery,#b22130
SCO7750,Basal machinery,#b22130
SCO7757,Basal machinery,#b22130
SCO7756,Basal machinery,#b22130
SCO7755,Basal machinery,#b22130
SCO7754,Basal machinery,#b22130
SCO0088,Basal machinery,#b22130
SCO0089,Basal machinery,#b22130
SCO0086,Basal machinery,#b22130
SCO0084,Basal machinery,#b22130
SCO0080,Basal machinery,#b22130
SCO1978,Basal machinery,#b22130
SCO1974,Basal machinery,#b22130
SCO4257,Basal machinery,#b22130
SCO4256,Basal machinery,#b22130
SCO4255,Basal machinery,#b22130
SCO4254,Basal machinery,#b22130
SCO0882,Basal machinery,#b22130
SCO4252,Basal machinery,#b22130
SCO4251,Basal machinery,#b22130
SCO4250,Basal machinery,#b22130
SCO0888,M16.1,#715eba
SCO4258,Basal machinery,#b22130
ileS,Basal machinery,#b22130
ppc,Basal machinery,#b22130
ppa,Basal machinery,#b22130
SCO3220,Basal machinery,#b22130
ppk,Basal machinery,#b22130
relA,M16.1,#715eba
SCO1289,Basal machinery,#b22130
SCO1288,Basal machinery,#b22130
SCO1281,Basal machinery,#b22130
SCO1287,Basal machinery,#b22130
SCO1286,Basal machinery,#b22130
SCO1284,Basal machinery,#b22130
SCO2957,Basal machinery,#b22130
SCO2954,M5,#f7f4a8
SCO2953,Basal machinery,#b22130
SCO2951,Basal machinery,#b22130
SCO2958,M16.1,#715eba
SCO2959,M16.1,#715eba
SCO3534,Basal machinery,#b22130
SCO3538,Basal machinery,#b22130
SCO1027,Basal machinery,#b22130
SCO5075,M16.1,#715eba
SCO5076,M16.1,#715eba
SCO1024,Basal machinery,#b22130
SCO1023,Basal machinery,#b22130
SCO1022,Basal machinery,#b22130
SCO1021,Basal machinery,#b22130
SCO5073,M16.1,#715eba
SCO5078,Basal machinery,#b22130
SCO5079,Basal machinery,#b22130
SCO2480,Basal machinery,#b22130
SCO2481,Basal machinery,#b22130
SCO2482,Basal machinery,#b22130
SCO2483,Basal machinery,#b22130
SCO2485,Basal machinery,#b22130
SCO2486,M16.1,#715eba
SCO2487,Basal machinery,#b22130
SCO2488,Basal machinery,#b22130
SCO2489,Basal machinery,#b22130
SCO3289,Basal machinery,#b22130
SCO3288,M4,#55d69e
SCO3285,Basal machinery,#b22130
SCO3284,Basal machinery,#b22130
SCO3287,Basal machinery,#b22130
SCO3286,Basal machinery,#b22130
SCO3281,Basal machinery,#b22130
SCO3280,Basal machinery,#b22130
SCO3282,Basal machinery,#b22130
furA,M10,#d82d30
tig,Basal machinery,#b22130
tri1,Basal machinery,#b22130
SCO2226,Basal machinery,#b22130
SCO2227,Basal machinery,#b22130
SCO2228,Basal machinery,#b22130
SCO2229,M16.4,#8fefc9
cobB1,Basal machinery,#b22130
eno1,Basal machinery,#b22130
eno2,Basal machinery,#b22130
SCO0406,Basal machinery,#b22130
SCO6347,Basal machinery,#b22130
SCO6346,Basal machinery,#b22130
SCO6345,Basal machinery,#b22130
SCO6344,Basal machinery,#b22130
SCO6343,Basal machinery,#b22130
SCO6342,Basal machinery,#b22130
SCO6833,Basal machinery,#b22130
SCO6832,Basal machinery,#b22130
SCO6349,Basal machinery,#b22130
SCO6348,Basal machinery,#b22130
SCO4127,Basal machinery,#b22130
glmU,Basal machinery,#b22130
nuoB1,Basal machinery,#b22130
glmM,Basal machinery,#b22130
dmdR1,M16.3,#f2d89d
dmdR2,M16.3,#f2d89d
SCO0884,Basal machinery,#b22130
SCO4253,Basal machinery,#b22130
SCO2293,Basal machinery,#b22130
SCO4700,Basal machinery,#b22130
SCO2295,Basal machinery,#b22130
SCO0881,Basal machinery,#b22130
SCO2294,Basal machinery,#b22130
SCO1575,Basal machinery,#b22130
SCO5655,Basal machinery,#b22130
SCO5650,Basal machinery,#b22130
SCO4259,Basal machinery,#b22130
SCO5653,Basal machinery,#b22130
SCO4138,Basal machinery,#b22130
SCO0169,Basal machinery,#b22130
SCO0168,Basal machinery,#b22130
SCO0165,Basal machinery,#b22130
SCO4133,Basal machinery,#b22130
SCO0167,Basal machinery,#b22130
SCO0166,Basal machinery,#b22130
SCO0161,Basal machinery,#b22130
SCO0160,Basal machinery,#b22130
SCO4134,Basal machinery,#b22130
SCO4135,Basal machinery,#b22130
SCO5669,Basal machinery,#b22130
SCO5668,Basal machinery,#b22130
SCO1568,M21,#3bedae
SCO1569,Basal machinery,#b22130
SCO6944,Basal machinery,#b22130
SCO1562,Basal machinery,#b22130
SCO1563,Basal machinery,#b22130
SCO5663,Basal machinery,#b22130
SCO5662,Basal machinery,#b22130
SCO1566,Basal machinery,#b22130
SCO5664,Basal machinery,#b22130
SCO5667,Basal machinery,#b22130
SCO1565,M16.1,#715eba
SCO6946,Basal machinery,#b22130
SCO6941,Basal machinery,#b22130
SCO6940,Basal machinery,#b22130
SCO4396,Basal machinery,#b22130
SCO4397,Basal machinery,#b22130
SCO4392,Basal machinery,#b22130
SCO4393,Basal machinery,#b22130
SCO4391,Basal machinery,#b22130
SCO6942,Basal machinery,#b22130
SCO4398,Basal machinery,#b22130
SCO4399,Basal machinery,#b22130
SCO7414,Basal machinery,#b22130
SCO7140,Basal machinery,#b22130
SCO2038,Basal machinery,#b22130
SCO2031,Basal machinery,#b22130
SCO2030,Basal machinery,#b22130
SCO2033,Basal machinery,#b22130
SCO2032,Basal machinery,#b22130
SCO2035,Basal machinery,#b22130
SCO4389,Basal machinery,#b22130
SCO5917,Basal machinery,#b22130
SCO5916,Basal machinery,#b22130
SCO5915,Basal machinery,#b22130
SCO5446,Basal machinery,#b22130
SCO5441,Basal machinery,#b22130
SCO5912,M16.10,#0d5582
SCO5911,M16.10,#0d5582
SCO5442,Basal machinery,#b22130
SCO5449,Basal machinery,#b22130
SCO5448,Basal machinery,#b22130
SCO5918,Basal machinery,#b22130
apeB,Basal machinery,#b22130
uvrB,Basal machinery,#b22130
uvrA,Basal machinery,#b22130
SCO3076,Basal machinery,#b22130
SCO3077,Basal machinery,#b22130
SCO3075,Basal machinery,#b22130
SCO3079,Basal machinery,#b22130
SCO6649,Basal machinery,#b22130
SCO6642,Basal machinery,#b22130
SCO6643,Basal machinery,#b22130
SCO6640,Basal machinery,#b22130
SCO6130,Basal machinery,#b22130
SCO6131,Basal machinery,#b22130
SCO6644,Basal machinery,#b22130
SCO6133,Basal machinery,#b22130
SCO7511,Basal machinery,#b22130
SCO7510,Basal machinery,#b22130
SCO7513,Basal machinery,#b22130
SCO7517,Basal machinery,#b22130
coaX,Basal machinery,#b22130
SCO4899,Basal machinery,#b22130
SCO4895,Basal machinery,#b22130
SCO4894,Basal machinery,#b22130
SCO4896,Basal machinery,#b22130
SCO4891,Basal machinery,#b22130
SCO4892,Basal machinery,#b22130
SCO4094,Basal machinery,#b22130
SCO4097,Basal machinery,#b22130
SCO4096,Basal machinery,#b22130
SCO4091,M16.1,#715eba
SCO4090,Basal machinery,#b22130
SCO4093,Basal machinery,#b22130
SCO4092,Basal machinery,#b22130
secY,Basal machinery,#b22130
SCO4999,Basal machinery,#b22130
SCO1913,Basal machinery,#b22130
SCO1911,Basal machinery,#b22130
SCO1910,Basal machinery,#b22130
SCO1914,Basal machinery,#b22130
SCO1919,Basal machinery,#b22130
SCO7775,Basal machinery,#b22130
SCO7774,Basal machinery,#b22130
SCO7777,Basal machinery,#b22130
SCO7776,Basal machinery,#b22130
SCO7770,Basal machinery,#b22130
SCO7773,Basal machinery,#b22130
SCO7778,Basal machinery,#b22130
SCO0204,M16.1,#715eba
SCO0206,Basal machinery,#b22130
SCO0207,M16.1,#715eba
SCO0200,M16.1,#715eba
SCO0201,Basal machinery,#b22130
SCO0202,Basal machinery,#b22130
SCO4276,Basal machinery,#b22130
SCO4279,Basal machinery,#b22130
SCO4278,Basal machinery,#b22130
SCO0208,M16.1,#715eba
SCO0209,Basal machinery,#b22130
serC,M16.1,#715eba
actVB,Basal machinery,#b22130
alaS,Basal machinery,#b22130
prs,Basal machinery,#b22130
SCO2930,Basal machinery,#b22130
SCO2931,Basal machinery,#b22130
SCO2933,M16.1,#715eba
SCO2934,Basal machinery,#b22130
SCO2935,M16.2,#361077
SCO2936,Basal machinery,#b22130
SCO2937,Basal machinery,#b22130
SCO2939,Basal machinery,#b22130
SCO3519,Basal machinery,#b22130
SCO3518,Basal machinery,#b22130
SCO3515,Basal machinery,#b22130
SCO3517,Basal machinery,#b22130
SCO3511,Basal machinery,#b22130
SCO3510,Basal machinery,#b22130
SCO3513,Basal machinery,#b22130
SCO3512,Basal machinery,#b22130
SCO1001,Basal machinery,#b22130
SCO1000,Basal machinery,#b22130
SCO1003,Basal machinery,#b22130
SCO1002,Basal machinery,#b22130
SCO1007,Basal machinery,#b22130
SCO5059,Basal machinery,#b22130
SCO1009,Basal machinery,#b22130
SCO5057,Basal machinery,#b22130
SCO5050,Basal machinery,#b22130
SCO5051,Basal machinery,#b22130
SCO1755,Basal machinery,#b22130
SCO1754,Basal machinery,#b22130
SCO1025,Basal machinery,#b22130
SCO1756,Basal machinery,#b22130
SCO1751,Basal machinery,#b22130
pckG,M16.1,#715eba
SCO1753,M16.1,#715eba
SCO1752,Basal machinery,#b22130
pgi1,Basal machinery,#b22130
allB,Basal machinery,#b22130
SCO2007,Basal machinery,#b22130
SCO1759,Basal machinery,#b22130
SCO2208,M8,#881df9
SCO2209,M8,#881df9
SCO2206,Basal machinery,#b22130
SCO2207,Basal machinery,#b22130
SCO2204,Basal machinery,#b22130
SCO2205,Basal machinery,#b22130
SCO2203,Basal machinery,#b22130
SCO2200,Basal machinery,#b22130
SCO2201,Basal machinery,#b22130
hisD,Basal machinery,#b22130
SCO6584,Basal machinery,#b22130
SCO6587,Basal machinery,#b22130
hisG,Basal machinery,#b22130
SCO6581,Basal machinery,#b22130
SCO6580,Basal machinery,#b22130
hisB,Basal machinery,#b22130
SCO6582,Basal machinery,#b22130
cyc1,M16.1,#715eba
SCO6588,Basal machinery,#b22130
cyc2,M16.1,#715eba
hisS,Basal machinery,#b22130
SCO6367,Basal machinery,#b22130
SCO6366,Basal machinery,#b22130
SCO6368,Basal machinery,#b22130
SCO1812,Basal machinery,#b22130
SCO1813,Basal machinery,#b22130
SCO7180,Basal machinery,#b22130
SCO7181,Basal machinery,#b22130
SCO7186,Basal machinery,#b22130
SCO7187,Basal machinery,#b22130
SCO7185,Basal machinery,#b22130
comB,Basal machinery,#b22130
nusB,Basal machinery,#b22130
nusA,Basal machinery,#b22130
SCO4442,Basal machinery,#b22130
prcB,Basal machinery,#b22130
prcA,Basal machinery,#b22130
SCO4440,Basal machinery,#b22130
SCO4441,Basal machinery,#b22130
SCO1492,Basal machinery,#b22130
SCO5603,Basal machinery,#b22130
SCO5602,Basal machinery,#b22130
SCO5601,Basal machinery,#b22130
SCO5605,M18,#af422a
SCO5604,Basal machinery,#b22130
SCO5609,Basal machinery,#b22130
SCO5608,Basal machinery,#b22130
SCO2056,Basal machinery,#b22130
SCO2055,Basal machinery,#b22130
SCO2059,Basal machinery,#b22130
SCO4514,Basal machinery,#b22130
SCO4515,Basal machinery,#b22130
SCO4516,Basal machinery,#b22130
SCO4512,Basal machinery,#b22130
SCO4513,M18,#af422a
SCO4518,Basal machinery,#b22130
SCO4519,Basal machinery,#b22130
SCO5930,Basal machinery,#b22130
SCO5933,Basal machinery,#b22130
SCO5934,Basal machinery,#b22130
SCO5937,Basal machinery,#b22130
SCO5939,Basal machinery,#b22130
SCO5938,Basal machinery,#b22130
SCO4004,Basal machinery,#b22130
SCO3894,Basal machinery,#b22130
SCO3895,Basal machinery,#b22130
SCO3896,Basal machinery,#b22130
SCO3892,M16.1,#715eba
SCO3893,Basal machinery,#b22130
SCO3899,Basal machinery,#b22130
SCO3098,Basal machinery,#b22130
SCO3099,Basal machinery,#b22130
SCO3095,Basal machinery,#b22130
SCO3097,M18,#af422a
SCO3091,Basal machinery,#b22130
SCO3092,Basal machinery,#b22130
SCO6116,Basal machinery,#b22130
SCO6114,Basal machinery,#b22130
SCO6115,Basal machinery,#b22130
SCO6112,Basal machinery,#b22130
SCO6113,Basal machinery,#b22130
SCO6118,Basal machinery,#b22130
SCO6119,Basal machinery,#b22130
actII-2,Intermodular,#f7ae47
actII-3,Intermodular,#f7ae47
actII-4,M16.1,#715eba
hrdB,Global regulator,#09535b
hrdC,Basal machinery,#b22130
hrdA,Basal machinery,#b22130
hrdD,M16.1,#715eba
SCO7573,Basal machinery,#b22130
SCO7572,Basal machinery,#b22130
SCO7571,Basal machinery,#b22130
SCO7570,Basal machinery,#b22130
SCO7577,Basal machinery,#b22130
SCO7574,Basal machinery,#b22130
SCO7579,Basal machinery,#b22130
SCO7578,Basal machinery,#b22130
SCO4076,Basal machinery,#b22130
SCO4075,M16.1,#715eba
SCO4074,M16.1,#715eba
SCO4073,M16.1,#715eba
SCO4072,M16.1,#715eba
SCO4070,Basal machinery,#b22130
ssrA,Basal machinery,#b22130
SCO1938,Basal machinery,#b22130
SCO1935,Basal machinery,#b22130
aceB,M16.5,#e8aa86
SCO1930,Basal machinery,#b22130
SCO1933,Basal machinery,#b22130
SCO1932,Basal machinery,#b22130
SCO7798,Basal machinery,#b22130
SCO7797,Basal machinery,#b22130
SCO7796,Basal machinery,#b22130
SCO7795,Basal machinery,#b22130
SCO7794,Basal machinery,#b22130
SCO7792,Basal machinery,#b22130
SCO7790,Basal machinery,#b22130
SCO4219,Basal machinery,#b22130
SCO4218,Basal machinery,#b22130
SCO0228,Basal machinery,#b22130
SCO4213,Basal machinery,#b22130
SCO0227,Basal machinery,#b22130
SCO0224,Basal machinery,#b22130
SCO0225,Basal machinery,#b22130
SCO0222,Basal machinery,#b22130
SCO0223,Basal machinery,#b22130
SCO0220,Basal machinery,#b22130
SCO4214,Basal machinery,#b22130
lysS,Basal machinery,#b22130
pth,Basal machinery,#b22130
alc,Basal machinery,#b22130
pta,Basal machinery,#b22130
SCO1247,Basal machinery,#b22130
alr,Basal machinery,#b22130
SCO1242,Basal machinery,#b22130
SCO1241,Basal machinery,#b22130
SCO1240,Basal machinery,#b22130
disA,Basal machinery,#b22130
SCO2918,Basal machinery,#b22130
SCO2912,Basal machinery,#b22130
SCO2910,Basal machinery,#b22130
SCO2911,Basal machinery,#b22130
SCO2917,Basal machinery,#b22130
SCO2914,Basal machinery,#b22130
SCO2915,Basal machinery,#b22130
SCO1799,Basal machinery,#b22130
SCO5039,Basal machinery,#b22130
atpI,Basal machinery,#b22130
atpH,Basal machinery,#b22130
SCO1063,Basal machinery,#b22130
SCO1062,Basal machinery,#b22130
SCO1061,Basal machinery,#b22130
SCO1792,Basal machinery,#b22130
SCO1795,Basal machinery,#b22130
SCO1066,Basal machinery,#b22130
atpE,Basal machinery,#b22130
SCO1796,Basal machinery,#b22130
hemH,Basal machinery,#b22130
ureA,M16.1,#715eba
hemL,Basal machinery,#b22130
hemB,Basal machinery,#b22130
hemA,Basal machinery,#b22130
hemE,Basal machinery,#b22130
SCO5702,Basal machinery,#b22130
trmB,Basal machinery,#b22130
trmD,Basal machinery,#b22130
SCO0064,Basal machinery,#b22130
SCO4018,M16.3,#f2d89d
mshA,M16.1,#715eba
mshB,Basal machinery,#b22130
mshC,M16.1,#715eba
mshD,Basal machinery,#b22130
SCO2268,Basal machinery,#b22130
SCO5311,Basal machinery,#b22130
SCO1673,Basal machinery,#b22130
SCO2260,Basal machinery,#b22130
SCO2261,Basal machinery,#b22130
SCO2262,Basal machinery,#b22130
SCO2265,Basal machinery,#b22130
SCO3791,Basal machinery,#b22130
SCO3790,Basal machinery,#b22130
SCO3797,Basal machinery,#b22130
SCO3796,Basal machinery,#b22130
SCO3794,Basal machinery,#b22130
SCO5315,Intermodular,#f7ae47
SCO3799,Basal machinery,#b22130
SCO3798,Basal machinery,#b22130
SCO5314,M16.1,#715eba
SCO5317,M16.1,#715eba
SCO6569,Basal machinery,#b22130
SCO5707,Basal machinery,#b22130
SCO6567,Basal machinery,#b22130
SCO6566,Basal machinery,#b22130
SCO6565,Basal machinery,#b22130
SCO5316,M16.1,#715eba
SCO6562,Basal machinery,#b22130
SCO6560,Basal machinery,#b22130
SCO1888,Basal machinery,#b22130
fabH2,Basal machinery,#b22130
fabH3,M16.1,#715eba
fabH1,Basal machinery,#b22130
SCO6309,Basal machinery,#b22130
SCO6303,Basal machinery,#b22130
SCO6300,Basal machinery,#b22130
SCO6305,Basal machinery,#b22130
SCO6304,Basal machinery,#b22130
SCO6126,Basal machinery,#b22130
SCO6125,Basal machinery,#b22130
SCO3137,Basal machinery,#b22130
SCO6656,M18,#af422a
SCO3133,M16.5,#e8aa86
SCO3130,M1,#efdab1
SCO6123,Basal machinery,#b22130
SCO3139,M16.1,#715eba
SCO3138,Basal machinery,#b22130
SCO6835,Basal machinery,#b22130
SCO6834,Basal machinery,#b22130
SCO6836,Basal machinery,#b22130
SCO7296,Basal machinery,#b22130
tsaD,Basal machinery,#b22130
SCO7523,Basal machinery,#b22130
ispF,Basal machinery,#b22130
scoF,Basal machinery,#b22130
scoT,M16.1,#715eba
ligA1,Basal machinery,#b22130
SCO5766,Basal machinery,#b22130
SCO4684,Basal machinery,#b22130
SCO4687,Basal machinery,#b22130
SCO4681,Basal machinery,#b22130
SCO4682,Basal machinery,#b22130
SCO4683,Intermodular,#f7ae47
SCO4688,Basal machinery,#b22130
SCO4689,Basal machinery,#b22130
SCO0287,Basal machinery,#b22130
SCO5629,Basal machinery,#b22130
SCO5623,Basal machinery,#b22130
SCO2078,Basal machinery,#b22130
SCO5509,Basal machinery,#b22130
SCO2075,Basal machinery,#b22130
SCO2077,M16.1,#715eba
SCO2070,Basal machinery,#b22130
SCO2073,Basal machinery,#b22130
SCO4534,Basal machinery,#b22130
SCO4532,Basal machinery,#b22130
SCO4530,Basal machinery,#b22130
SCO4531,Basal machinery,#b22130
SCO5500,Basal machinery,#b22130
SCO5953,Basal machinery,#b22130
SCO5952,Basal machinery,#b22130
SCO5483,Basal machinery,#b22130
SCO5485,Basal machinery,#b22130
SCO5956,Basal machinery,#b22130
SCO5955,Basal machinery,#b22130
SCO5954,Basal machinery,#b22130
SCO1243,Basal machinery,#b22130
SCO1084,Basal machinery,#b22130
SCO1087,Basal machinery,#b22130
SCO5507,Basal machinery,#b22130
SCO1474,Basal machinery,#b22130
SCO1470,Basal machinery,#b22130
SCO1471,Basal machinery,#b22130
SCO1472,Basal machinery,#b22130
moaA,Basal machinery,#b22130
SCO3309,Basal machinery,#b22130
SCO3305,Basal machinery,#b22130
SCO3306,Basal machinery,#b22130
SCO3300,Basal machinery,#b22130
SCO3301,Basal machinery,#b22130
SCO3302,Basal machinery,#b22130
SCO6170,Basal machinery,#b22130
SCO6171,Basal machinery,#b22130
SCO6172,Basal machinery,#b22130
SCO6173,Basal machinery,#b22130
SCO6174,Basal machinery,#b22130
SCO6177,Basal machinery,#b22130
SCO6178,Basal machinery,#b22130
SCO6179,Basal machinery,#b22130
efp,Basal machinery,#b22130
SCO6794,Basal machinery,#b22130
SCO6795,Basal machinery,#b22130
SCO6796,Basal machinery,#b22130
SCO6797,Basal machinery,#b22130
SCO6791,Basal machinery,#b22130
SCO6792,Basal machinery,#b22130
SCO6798,Basal machinery,#b22130
ung1,Basal machinery,#b22130
SCO7227,Basal machinery,#b22130
SCO7226,Basal machinery,#b22130
SCO7225,Basal machinery,#b22130
SCO7551,Basal machinery,#b22130
SCO7222,M32,#46dd3e
SCO7553,Basal machinery,#b22130
SCO7552,Basal machinery,#b22130
SCO0028,Basal machinery,#b22130
SCO0794,Basal machinery,#b22130
SCO0020,Basal machinery,#b22130
SCO4054,Basal machinery,#b22130
SCO4057,Basal machinery,#b22130
SCO4056,Basal machinery,#b22130
xyoA,Basal machinery,#b22130
ctaF,Basal machinery,#b22130
clpX,Basal machinery,#b22130
ctaE,Basal machinery,#b22130
ctaB,M16.1,#715eba
ctaC,Basal machinery,#b22130
clpS,Basal machinery,#b22130
SCO1406,Basal machinery,#b22130
bfr,Basal machinery,#b22130
clpB,M18,#af422a
SCO0244,Basal machinery,#b22130
SCO0245,Basal machinery,#b22130
SCO0246,Basal machinery,#b22130
SCO0247,Basal machinery,#b22130
SCO1405,Basal machinery,#b22130
afsR,M16.1,#715eba
SCO1404,Basal machinery,#b22130
SCO1400,Basal machinery,#b22130
SCO1155,Basal machinery,#b22130
SCO5187,Basal machinery,#b22130
SCO1153,Basal machinery,#b22130
afsK,Basal machinery,#b22130
SCO1152,Basal machinery,#b22130
SCO5182,Basal machinery,#b22130
SCO1403,Basal machinery,#b22130
SCO1268,Basal machinery,#b22130
arc,Basal machinery,#b22130
SCO1260,Basal machinery,#b22130
SCO1266,Basal machinery,#b22130
SCO4947,M16.1,#715eba
SCO4945,Basal machinery,#b22130
SCO4944,Basal machinery,#b22130
SCO4231,Basal machinery,#b22130
SCO4230,Global regulator,#09535b
SCO4232,Basal machinery,#b22130
SCO4239,Basal machinery,#b22130
SCO4238,Basal machinery,#b22130
SCO4949,Basal machinery,#b22130
SCO4948,Basal machinery,#b22130
SCO5012,Basal machinery,#b22130
SCO5545,Basal machinery,#b22130
SCO5546,Basal machinery,#b22130
SCO5011,Basal machinery,#b22130
SCO5540,Basal machinery,#b22130
SCO5017,Basal machinery,#b22130
SCO5018,Basal machinery,#b22130
SCO5019,Basal machinery,#b22130
SCO1048,Basal machinery,#b22130
glgC,Basal machinery,#b22130
SCO2798,Basal machinery,#b22130
SCO2790,Basal machinery,#b22130
SCO2791,Basal machinery,#b22130
SCO2792,M16.1,#715eba
SCO2794,Basal machinery,#b22130
SCO2795,Basal machinery,#b22130
SCO2797,Basal machinery,#b22130
SCO5000,Basal machinery,#b22130
dut,Basal machinery,#b22130
asd1,Basal machinery,#b22130
asd2,Basal machinery,#b22130
SCO2534,Basal machinery,#b22130
SCO2535,Basal machinery,#b22130
SCO2241,Basal machinery,#b22130
SCO2530,Basal machinery,#b22130
SCO2247,Basal machinery,#b22130
SCO2244,Basal machinery,#b22130
SCO2245,Basal machinery,#b22130
SCO2248,Basal machinery,#b22130
SCO2249,Basal machinery,#b22130
SCO2538,Basal machinery,#b22130
SCO6548,Basal machinery,#b22130
SCO6098,Basal machinery,#b22130
cseA,M16.1,#715eba
cseC,M16.1,#715eba
cseB,M16.1,#715eba
SCO6541,Basal machinery,#b22130
SCO6540,Basal machinery,#b22130
SCO6091,Basal machinery,#b22130
SCO6090,Basal machinery,#b22130
SCO6545,Basal machinery,#b22130
SCO6544,Basal machinery,#b22130
SCO6095,Basal machinery,#b22130
SCO6546,Basal machinery,#b22130
SCO3375,M16.9,#b8e6ef
SCO3805,Basal machinery,#b22130
SCO3802,Basal machinery,#b22130
SCO4132,Basal machinery,#b22130
atpC,Basal machinery,#b22130
SCO4130,Basal machinery,#b22130
SCO3111,Basal machinery,#b22130
SCO3110,Basal machinery,#b22130
SCO3113,Basal machinery,#b22130
SCO3112,Basal machinery,#b22130
SCO3115,Basal machinery,#b22130
SCO3117,Basal machinery,#b22130
SCO3116,Basal machinery,#b22130
SCO3119,Basal machinery,#b22130
SCO3118,Basal machinery,#b22130
SCO4137,Basal machinery,#b22130
SCO0162,Basal machinery,#b22130
SCO4244,Basal machinery,#b22130
SCO0216,M16.1,#715eba
SCO4246,Basal machinery,#b22130
SCO4247,Basal machinery,#b22130
atpA,Basal machinery,#b22130
SCO4240,Basal machinery,#b22130
SCO4241,Basal machinery,#b22130
SCO6325,Basal machinery,#b22130
SCO5661,Basal machinery,#b22130
SCO6326,Basal machinery,#b22130
SCO6321,Basal machinery,#b22130
SCO6323,Basal machinery,#b22130
SCO6899,Basal machinery,#b22130
SCO6898,Basal machinery,#b22130
SCO6329,Basal machinery,#b22130
SCO1560,Basal machinery,#b22130
SCO7054,Basal machinery,#b22130
SCO7056,Basal machinery,#b22130
SCO1561,Basal machinery,#b22130
SCO7050,Basal machinery,#b22130
SCO7051,Basal machinery,#b22130
SCO7053,Basal machinery,#b22130
SCO7058,Basal machinery,#b22130
SCO7059,Basal machinery,#b22130
atpG,Basal machinery,#b22130
SCO5666,Basal machinery,#b22130
SCO0499,Basal machinery,#b22130
SCO0498,Basal machinery,#b22130
SCO0495,Basal machinery,#b22130
SCO0494,Basal machinery,#b22130
SCO0491,Basal machinery,#b22130
SCO0493,Basal machinery,#b22130
SCO0492,Basal machinery,#b22130
nuoC,Basal machinery,#b22130
nuoA,M16.1,#715eba
nuoF,Basal machinery,#b22130
nuoG,Basal machinery,#b22130
nuoH,Basal machinery,#b22130
nuoN,Basal machinery,#b22130
nuoL,Basal machinery,#b22130
SCO6405,Basal machinery,#b22130
ispG1,Basal machinery,#b22130
ispG2,Basal machinery,#b22130
proS,Basal machinery,#b22130
SCO6407,Basal machinery,#b22130
SCO6956,Basal machinery,#b22130
proC,Basal machinery,#b22130
proA,Basal machinery,#b22130
SCO6957,Basal machinery,#b22130
atpD,Basal machinery,#b22130
SCO6955,Basal machinery,#b22130
SCO4558,Basal machinery,#b22130
SCO4559,Basal machinery,#b22130
lexA,M16.11,#d8f9a9
SCO4551,Basal machinery,#b22130
SCO4552,Basal machinery,#b22130
SCO5977,Basal machinery,#b22130
SCO5971,Basal machinery,#b22130
SCO5970,Basal machinery,#b22130
SCO5972,Basal machinery,#b22130
SCO5979,M16.1,#715eba
SCO5978,M16.1,#715eba
rlmN,Basal machinery,#b22130
rlmG,Basal machinery,#b22130
SCO1459,Basal machinery,#b22130
SCO1456,Basal machinery,#b22130
SCO1457,Basal machinery,#b22130
SCO1454,Basal machinery,#b22130
SCO1455,Basal machinery,#b22130
SCO1452,Basal machinery,#b22130
SCO3326,Basal machinery,#b22130
SCO3327,Basal machinery,#b22130
SCO3324,Basal machinery,#b22130
SCO3325,Basal machinery,#b22130
SCO3322,Basal machinery,#b22130
SCO3323,M16.1,#715eba
SCO3321,Basal machinery,#b22130
SCO3328,M16.1,#715eba
SCO5207,Basal machinery,#b22130
SCO5206,M15,#5ca9b5
SCO5205,Basal machinery,#b22130
SCO5202,Basal machinery,#b22130
SCO5200,Basal machinery,#b22130
SCOr14,Basal machinery,#b22130
SCOr18,M31,#0dafc4
pyrR,Basal machinery,#b22130
pyrH,Basal machinery,#b22130
pyrG,Basal machinery,#b22130
pyrF,Basal machinery,#b22130
pyrE,Basal machinery,#b22130
pyrD,Basal machinery,#b22130
pyrC,Basal machinery,#b22130
pyrB,Basal machinery,#b22130
SCO6158,Basal machinery,#b22130
SCO6159,Basal machinery,#b22130
SCO6152,Basal machinery,#b22130
SCO6153,Basal machinery,#b22130
SCO6156,Basal machinery,#b22130
SCO6157,Basal machinery,#b22130
SCO6155,Basal machinery,#b22130
SCO3484,M18,#af422a
SCO1299,Basal machinery,#b22130
SCO7209,Basal machinery,#b22130
SCO7208,Basal machinery,#b22130
SCO7203,Basal machinery,#b22130
SCO7202,Basal machinery,#b22130
SCO7207,Basal machinery,#b22130
folE,Basal machinery,#b22130
folD,Basal machinery,#b22130
folB,Basal machinery,#b22130
SCO3154,M18,#af422a
SCO3157,Basal machinery,#b22130
SCO4033,Basal machinery,#b22130
SCO0007,Basal machinery,#b22130
SCO0005,Basal machinery,#b22130
SCO4037,Basal machinery,#b22130
SCO0003,Basal machinery,#b22130
SCO4034,M16.1,#715eba
SCO3623,Basal machinery,#b22130
SCO4039,Basal machinery,#b22130
SCO0009,Basal machinery,#b22130
SCO5782,Basal machinery,#b22130
SCO5783,Basal machinery,#b22130
rpsE,Basal machinery,#b22130
SCO1200,Basal machinery,#b22130
rpsC,Basal machinery,#b22130
rpsB,Basal machinery,#b22130
SCO1205,Basal machinery,#b22130
SCO5785,Global regulator,#09535b
rpsO,Basal machinery,#b22130
rpsN,M14,#ce0253
rpsM,Basal machinery,#b22130
SCO1208,Basal machinery,#b22130
rpsK,Basal machinery,#b22130
rpsJ,Basal machinery,#b22130
apt,Basal machinery,#b22130
rpsH,Basal machinery,#b22130
rpsT,Basal machinery,#b22130
rpsS,Basal machinery,#b22130
rpsQ,Basal machinery,#b22130
rpsP,Basal machinery,#b22130
rpsZ,Basal machinery,#b22130
SCO0260,Basal machinery,#b22130
SCO0261,Basal machinery,#b22130
SCO4789,Basal machinery,#b22130
SCO4788,Basal machinery,#b22130
SCO4966,Basal machinery,#b22130
SCO4969,Basal machinery,#b22130
SCO4784,Basal machinery,#b22130
SCO4787,Basal machinery,#b22130
SCO0269,Basal machinery,#b22130
SCO4781,Basal machinery,#b22130
SCO4780,Basal machinery,#b22130
SCO5569,Basal machinery,#b22130
SCO5566,Basal machinery,#b22130
SCO5565,Basal machinery,#b22130
SCO1743,Basal machinery,#b22130
SCO5045,Basal machinery,#b22130
tap,Basal machinery,#b22130
tam,M16.5,#e8aa86
SCO0915,Basal machinery,#b22130
SCO0917,Basal machinery,#b22130
SCO0910,Basal machinery,#b22130
SCO0918,Basal machinery,#b22130
SCO0919,Basal machinery,#b22130
SCO6508,Basal machinery,#b22130
SCO2519,Basal machinery,#b22130
SCO2517,Basal machinery,#b22130
SCO2514,Basal machinery,#b22130
ahcY,Basal machinery,#b22130
SCO2512,Basal machinery,#b22130
SCO2513,Basal machinery,#b22130
SCO2511,Basal machinery,#b22130
SCO6506,Basal machinery,#b22130
SCO6501,M16.3,#f2d89d
SCO6503,Basal machinery,#b22130
kbl,Basal machinery,#b22130
SCO1875,Basal machinery,#b22130
SCO5445,Basal machinery,#b22130
SCO5444,Basal machinery,#b22130
SCO5447,Basal machinery,#b22130
SCO5914,Basal machinery,#b22130
SCO1862,Basal machinery,#b22130
SCO5910,Basal machinery,#b22130
SCO5833,Basal machinery,#b22130
glpK2,M29,#e86677
glpK1,Basal machinery,#b22130
SCO3173,Basal machinery,#b22130
SCO3172,Basal machinery,#b22130
SCO3177,Basal machinery,#b22130
SCO3176,Basal machinery,#b22130
SCO3175,Basal machinery,#b22130
SCO3174,Basal machinery,#b22130
SCO6523,Basal machinery,#b22130
SCO6521,Basal machinery,#b22130
SCO6520,M16.1,#715eba
SCO6525,Basal machinery,#b22130
SCO6524,Basal machinery,#b22130
SCO6529,Basal machinery,#b22130
SCO7692,Basal machinery,#b22130
SCO7693,Basal machinery,#b22130
SCO7690,Basal machinery,#b22130
atpF,Basal machinery,#b22130
SCO7696,Basal machinery,#b22130
SCO7697,M16.1,#715eba
SCO7694,Basal machinery,#b22130
rplY,M16.1,#715eba
rplV,Basal machinery,#b22130
rplW,Basal machinery,#b22130
SCO7698,Basal machinery,#b22130
rplU,Basal machinery,#b22130
rplR,Basal machinery,#b22130
rplS,Basal machinery,#b22130
rplP,Basal machinery,#b22130
rplQ,Basal machinery,#b22130
rplN,Basal machinery,#b22130
rplO,Basal machinery,#b22130
rplL,Basal machinery,#b22130
rplM,Basal machinery,#b22130
rplJ,Basal machinery,#b22130
rplK,Basal machinery,#b22130
rplI,Basal machinery,#b22130
rplF,Basal machinery,#b22130
rplD,Basal machinery,#b22130
rplE,Basal machinery,#b22130
rplB,Basal machinery,#b22130
rplC,Basal machinery,#b22130
rplA,Basal machinery,#b22130
hyuA,Basal machinery,#b22130
SCO3291,M4,#55d69e
SCO7078,Basal machinery,#b22130
SCO7079,Basal machinery,#b22130
SCO7077,Basal machinery,#b22130
SCO7074,Basal machinery,#b22130
SCO7072,Basal machinery,#b22130
SCO7073,Basal machinery,#b22130
SCO7071,Basal machinery,#b22130
sepF3,Basal machinery,#b22130
sepF2,Basal machinery,#b22130
sepF1,Basal machinery,#b22130
prmC,Basal machinery,#b22130
SCO4571,Basal machinery,#b22130
SCO4574,Basal machinery,#b22130
SCO4578,Basal machinery,#b22130
SCO4579,Basal machinery,#b22130
SCO5999,M16.5,#e8aa86
SCO5998,Basal machinery,#b22130
SCO5997,Basal machinery,#b22130
SCO5996,Basal machinery,#b22130
SCO5994,Basal machinery,#b22130
SCO5991,Basal machinery,#b22130
SCO5990,Basal machinery,#b22130
SCO5197,Basal machinery,#b22130
SCO5191,Basal machinery,#b22130
SCO5199,Basal machinery,#b22130
SCO5198,Basal machinery,#b22130
SCO1430,Basal machinery,#b22130
SCO1431,Basal machinery,#b22130
SCO1432,Basal machinery,#b22130
SCO1433,Basal machinery,#b22130
SCO1434,Basal machinery,#b22130
SCO1435,Basal machinery,#b22130
SCO1436,Basal machinery,#b22130
rpmJ1,Basal machinery,#b22130
rpmJ2,Basal machinery,#b22130
SCO3340,Basal machinery,#b22130
SCO3341,Basal machinery,#b22130
SCO3342,Basal machinery,#b22130
SCO3344,Basal machinery,#b22130
SCO3346,Basal machinery,#b22130
SCO3347,Basal machinery,#b22130
SCO5220,Basal machinery,#b22130
SCO5223,M16.1,#715eba
SCO5227,Basal machinery,#b22130
SCO5226,M17,#ceacef
SCO5229,Basal machinery,#b22130
SCO2167,Basal machinery,#b22130
SCO2166,Basal machinery,#b22130
SCO2164,Basal machinery,#b22130
SCO2161,Basal machinery,#b22130
SCO2169,Basal machinery,#b22130
SCO2168,Basal machinery,#b22130
zwf2,Basal machinery,#b22130
ecaD1,M9,#f497f3
SCO7263,Basal machinery,#b22130
SCO7262,Basal machinery,#b22130
SCO7261,Basal machinery,#b22130
SCO7260,Basal machinery,#b22130
SCO7267,Basal machinery,#b22130
SCO7265,Basal machinery,#b22130
hutU,Basal machinery,#b22130
hutI,Basal machinery,#b22130
hutH,Basal machinery,#b22130
rpe,Basal machinery,#b22130
rph,Basal machinery,#b22130
SCO7485,Basal machinery,#b22130
SCO7482,Basal machinery,#b22130
SCO7489,Basal machinery,#b22130
SCO7488,Basal machinery,#b22130
SCO6134,Basal machinery,#b22130
SCO4019,Basal machinery,#b22130
SCO0065,Basal machinery,#b22130
SCO4015,Basal machinery,#b22130
SCO0069,Basal machinery,#b22130
SCO4016,Basal machinery,#b22130
SCO4011,M12,#f78e74
SCO4010,Basal machinery,#b22130
SCO4013,Basal machinery,#b22130
SCO4012,Basal machinery,#b22130
SCO1881,Basal machinery,#b22130
SCO1880,Basal machinery,#b22130
SCO1883,Basal machinery,#b22130
SCO1885,Basal machinery,#b22130
SCO1884,Basal machinery,#b22130
SCO1887,Basal machinery,#b22130
SCO1886,Basal machinery,#b22130
SCO1225,Basal machinery,#b22130
SCO5765,Basal machinery,#b22130
SCO1227,Basal machinery,#b22130
SCO1226,Basal machinery,#b22130
SCO1221,Basal machinery,#b22130
SCO5761,Basal machinery,#b22130
SCO1223,Basal machinery,#b22130
SCO1222,M16.1,#715eba
SCO6136,Basal machinery,#b22130
SCO4908,M16.1,#715eba
SCO4903,Basal machinery,#b22130
SCO4902,Basal machinery,#b22130
SCO0286,Basal machinery,#b22130
SCO4900,Basal machinery,#b22130
SCO0281,Basal machinery,#b22130
SCO4905,Basal machinery,#b22130
SCO4904,Basal machinery,#b22130
SCO5508,Basal machinery,#b22130
SCO1088,Basal machinery,#b22130
ackA,M16.1,#715eba
SCO1081,Basal machinery,#b22130
SCO1083,Basal machinery,#b22130
SCO1082,Basal machinery,#b22130
SCO1085,Basal machinery,#b22130
arsI,Basal machinery,#b22130
arsJ,Basal machinery,#b22130
SCO1086,Basal machinery,#b22130
SCO5128,Basal machinery,#b22130
mfd,Basal machinery,#b22130
SCO2758,Basal machinery,#b22130
SCO2754,Basal machinery,#b22130
SCO2755,Basal machinery,#b22130
SCO6097,Basal machinery,#b22130
SCO2753,Basal machinery,#b22130
SCO0938,Basal machinery,#b22130
SCO0934,Basal machinery,#b22130
SCO0935,Basal machinery,#b22130
SCO0932,Basal machinery,#b22130
SCO0933,Basal machinery,#b22130
SCO0930,M5,#f7f4a8
SCO0931,Basal machinery,#b22130
SCO6096,Basal machinery,#b22130
SCO2286,Basal machinery,#b22130
SCO2285,Basal machinery,#b22130
SCO2280,Basal machinery,#b22130
SCO2281,Global regulator,#09535b
SCO3421,Basal machinery,#b22130
hmgA,M16.2,#361077
SCO2288,Basal machinery,#b22130
SCO3420,Basal machinery,#b22130
SCO2578,Basal machinery,#b22130
SCO4002,M16.1,#715eba
SCO3931,Basal machinery,#b22130
SCO2570,Basal machinery,#b22130
SCO2572,Basal machinery,#b22130
SCO2573,Basal machinery,#b22130
SCO2574,Basal machinery,#b22130
SCO2575,Basal machinery,#b22130
SCO2576,Basal machinery,#b22130
SCO4001,Basal machinery,#b22130
SCO0050,Basal machinery,#b22130
SCO1817,Basal machinery,#b22130
SCO4005,Basal machinery,#b22130
SCO1689,Basal machinery,#b22130
SCO3488,Basal machinery,#b22130
SCO3483,Basal machinery,#b22130
SCO3482,M18,#af422a
SCO3481,Basal machinery,#b22130
SCO3487,Basal machinery,#b22130
SCO3486,Basal machinery,#b22130
SCO3485,Basal machinery,#b22130
SCO5303,Basal machinery,#b22130
SCO1896,Basal machinery,#b22130
SCO5300,Basal machinery,#b22130
SCO5301,Basal machinery,#b22130
SCO5755,Basal machinery,#b22130
SCO3626,Basal machinery,#b22130
SCO3625,Basal machinery,#b22130
SCO3156,Basal machinery,#b22130
SCO3151,Basal machinery,#b22130
SCO3150,Basal machinery,#b22130
SCO6135,Basal machinery,#b22130
SCO3159,M16.12,#ef62e3
SCO3158,Basal machinery,#b22130
ndk,Basal machinery,#b22130
SCO6647,Basal machinery,#b22130
SCO6509,Basal machinery,#b22130
SCO6132,Basal machinery,#b22130
SCO6059,Basal machinery,#b22130
SCO6057,Basal machinery,#b22130
SCO6056,Basal machinery,#b22130
SCO6055,Basal machinery,#b22130
SCO6054,Basal machinery,#b22130
SCO6053,Basal machinery,#b22130
SCO6052,Basal machinery,#b22130
SCO6051,Basal machinery,#b22130
SCO6502,Basal machinery,#b22130
SCO6822,Basal machinery,#b22130
SCO7678,Basal machinery,#b22130
SCO7679,Basal machinery,#b22130
SCO6823,Basal machinery,#b22130
SCO7674,Basal machinery,#b22130
SCO7675,Basal machinery,#b22130
SCO7676,M14,#ce0253
SCO7677,Basal machinery,#b22130
SCO7671,Basal machinery,#b22130
SCO7673,Basal machinery,#b22130
SCO6821,Basal machinery,#b22130
SCO6194,M30,#e067c4
SCO6824,Basal machinery,#b22130
mraY,Basal machinery,#b22130
SCO1811,Basal machinery,#b22130
SCO6825,Basal machinery,#b22130
SCO0255,M16.1,#715eba
SCO7018,Basal machinery,#b22130
SCO7019,Basal machinery,#b22130
SCO7010,Basal machinery,#b22130
SCO7011,Basal machinery,#b22130
SCO7012,Basal machinery,#b22130
SCO7013,Basal machinery,#b22130
SCO7014,Basal machinery,#b22130
SCO7015,Basal machinery,#b22130
SCO7016,Basal machinery,#b22130
SCO7017,Basal machinery,#b22130
SCO6543,Basal machinery,#b22130
SCO0546,Basal machinery,#b22130
SCO0544,Basal machinery,#b22130
SCO0543,Basal machinery,#b22130
SCO0542,Basal machinery,#b22130
SCO0549,Basal machinery,#b22130
SCO0548,Basal machinery,#b22130
SCO4911,Basal machinery,#b22130
pdxS,Basal machinery,#b22130
pdxT,Basal machinery,#b22130
SCO7197,Basal machinery,#b22130
