id,source,target,Effect,Evidence
SCO4596-SCO4598,SCO4596,SCO4598,+,Weak
SCO4596-SCO4596,SCO4596,SCO4596,?,Strong
SCO4596-SCO4597,SCO4596,SCO4597,+,Weak
SCO4596-SCO1480,SCO4596,SCO1480,+,Weak
SCO4596-SCO6809,SCO4596,SCO6809,-,Strong
SCO4596-SCO3263,SCO4596,SCO3263,?,Weak
SCO4596-bfr,SCO4596,bfr,+,Strong
SCO4596-nagB,SCO4596,nagB,?,Weak
SCO4596-SCO6329,SCO4596,SCO6329,-,Weak
SCO4596-SCO7545,SCO4596,SCO7545,?,Weak
SCO4596-trpS1,SCO4596,trpS1,?,Weak
SCO4596-SCO4612,SCO4596,SCO4612,+,Weak
SCO4596-ptsI,SCO4596,ptsI,?,Weak
SCO4596-SCO5332,SCO4596,SCO5332,?,Weak
SCO4596-SCO5330,SCO4596,SCO5330,?,Weak
SCO4596-SCO2605,SCO4596,SCO2605,-,Weak
SCO4596-SCO6820,SCO4596,SCO6820,?,Weak
SCO4596-SCO4630,SCO4596,SCO4630,?,Weak
SCO4596-rplR,SCO4596,rplR,+,Weak
SCO4596-rplP,SCO4596,rplP,-,Weak
SCO4596-SCO2779,SCO4596,SCO2779,+,Weak
SCO4596-rplO,SCO4596,rplO,+,Weak
SCO4596-SCO6951,SCO4596,SCO6951,?,Weak
SCO4596-rplD,SCO4596,rplD,+,Weak
SCO4596-SCO0951,SCO4596,SCO0951,?,Weak
SCO4596-SCO5638,SCO4596,SCO5638,?,Weak
SCO4596-SCO6732,SCO4596,SCO6732,?,Weak
SCO4596-SCO5632,SCO4596,SCO5632,?,Weak
SCO4596-SCO4123,SCO4596,SCO4123,?,Weak
SCO4596-SCO1998,SCO4596,SCO1998,+,Weak
SCO4596-SCO7077,SCO4596,SCO7077,?,Weak
SCO4596-SCO7665,SCO4596,SCO7665,-,Weak
SCO4596-SCO4425,SCO4596,SCO4425,+,Weak
SCO4596-actIII,SCO4596,actIII,+,Weak
SCO4596-SCO0277,SCO4596,SCO0277,-,Weak
SCO4596-SCO5089,SCO4596,SCO5089,+,Weak
SCO4596-SCO5088,SCO4596,SCO5088,+,Weak
SCO4596-SCO5729,SCO4596,SCO5729,?,Weak
SCO4596-SCO5087,SCO4596,SCO5087,+,Weak
SCO4596-SCO5081,SCO4596,SCO5081,+,Weak
SCO4596-SCO5080,SCO4596,SCO5080,+,Weak
SCO4596-SCO3590,SCO4596,SCO3590,?,Weak
SCO4596-SCO6273,SCO4596,SCO6273,?,Weak
SCO4596-rpsN,SCO4596,rpsN,+,Weak
SCO4596-SCO4559,SCO4596,SCO4559,+,Weak
SCO4596-rpsT,SCO4596,rpsT,+,Weak
SCO4596-SCO3309,SCO4596,SCO3309,-,Weak
SCO4596-rpsP,SCO4596,rpsP,+,Weak
SCO4596-SCO3020,SCO4596,SCO3020,?,Weak
SCO4596-SCO6557,SCO4596,SCO6557,-,Weak
SCO4596-frr,SCO4596,frr,-,Weak
SCO4596-SCO6992,SCO4596,SCO6992,+,Strong
SCO4596-SCO6205,SCO4596,SCO6205,+,Weak
SCO4596-SCO5090,SCO4596,SCO5090,+,Weak
SCO4596-rpsR1,SCO4596,rpsR1,+,Weak
SCO4596-SCO0682,SCO4596,SCO0682,+,Weak
SCO4596-rpmI,SCO4596,rpmI,+,Weak
SCO4596-SCO5075,SCO4596,SCO5075,+,Weak
SCO4596-SCO5077,SCO4596,SCO5077,+,Weak
SCO4596-SCO5071,SCO4596,SCO5071,+,Weak
SCO4596-SCO5072,SCO4596,SCO5072,+,Weak
SCO4596-SCO5073,SCO4596,SCO5073,+,Weak
SCO4596-rpmA,SCO4596,rpmA,+,Weak
SCO4596-SCO5078,SCO4596,SCO5078,+,Weak
SCO4596-SCO5079,SCO4596,SCO5079,+,Weak
SCO4596-actII-4,SCO4596,actII-4,+,Strong
SCO4596-SCO5966,SCO4596,SCO5966,?,Weak
SCO4596-SCO3327,SCO4596,SCO3327,+,Weak
SCO4596-SCO7801,SCO4596,SCO7801,-,Weak
SCO4596-SCO6941,SCO4596,SCO6941,?,Weak
SCO4596-SCO6259,SCO4596,SCO6259,-,Weak
SCO4596-SCO4075,SCO4596,SCO4075,?,Weak
SCO4596-SCO0122,SCO4596,SCO0122,-,Weak
SCO4596-SCO3328,SCO4596,SCO3328,+,Strong
SCO4596-SCO3992,SCO4596,SCO3992,?,Weak
SCO4596-SCO0850,SCO4596,SCO0850,-,Weak
SCO4596-SCO1839,SCO4596,SCO1839,+,Weak
SCO4596-SCO5915,SCO4596,SCO5915,+,Weak
SCO4596-SCO5912,SCO4596,SCO5912,?,Weak
SCO4596-SCO1550,SCO4596,SCO1550,+,Weak
SCO4596-SCO3217,SCO4596,SCO3217,+,Weak
SCO4596-SCO5691,SCO4596,SCO5691,?,Weak
SCO4596-SCO3218,SCO4596,SCO3218,+,Weak
SCO4596-ahcY,SCO4596,ahcY,+,Weak
SCO4596-SCO4187,SCO4596,SCO4187,-,Weak
SCO4596-SCO0167,SCO4596,SCO0167,?,Weak
SCO4596-SCO5074,SCO4596,SCO5074,+,Weak
SCO4596-SCO0708,SCO4596,SCO0708,+,Weak
SCO4596-wblE,SCO4596,wblE,+,Weak
SCO4596-fusA,SCO4596,fusA,+,Weak
SCO4596-SCO1800,SCO4596,SCO1800,-,Weak
SCO4596-SCO0736,SCO4596,SCO0736,+,Strong
SCO4596-rpmE2-2,SCO4596,rpmE2-2,+,Weak
SCO4596-SCO0045,SCO4596,SCO0045,+,Weak
SCO1489-SCO2817,SCO1489,SCO2817,-,Strong
SCO1489-SCO1489,SCO1489,SCO1489,-,Strong
SCO1489-SCO3323,SCO1489,SCO3323,-,Strong
SCO1489-sigH,SCO1489,sigH,-,Strong
SCO1489-SCO2792,SCO1489,SCO2792,-,Strong
SCO1489-SCO4034,SCO1489,SCO4034,+,Weak
SCO1489-SCO3328,SCO1489,SCO3328,+-,Strong
SCO1489-whiG,SCO1489,whiG,-,Strong
SCO1489-prsH,SCO1489,prsH,?,Weak
SCO1489-SCO7337,SCO1489,SCO7337,-,Strong
SCO1489-SCOt24,SCO1489,SCOt24,-,Strong
SCO1489-SCO4002,SCO1489,SCO4002,+,Weak
SCO1489-ftsZ,SCO1489,ftsZ,-,Strong
SCO1489-sti1,SCO1489,sti1,-,Strong
SCO3932-actII-4,SCO3932,actII-4,?,Weak
SCO5403-SCO3727,SCO5403,SCO3727,-,Weak
SCO5403-SCO6282,SCO5403,SCO6282,+,Weak
SCO5403-SCO6280,SCO5403,SCO6280,+,Weak
SCO5403-actIII,SCO5403,actIII,+,Weak
SCO5403-SCO6284,SCO5403,SCO6284,+,Weak
SCO5403-SCO5477,SCO5403,SCO5477,+,Weak
SCO5403-SCO5080,SCO5403,SCO5080,+,Weak
SCO5403-purE,SCO5403,purE,-,Weak
SCO5403-SCO6278,SCO5403,SCO6278,+,Weak
SCO5403-SCO0199,SCO5403,SCO0199,+,Weak
SCO5403-actII-4,SCO5403,actII-4,+,Weak
SCO5403-guaB,SCO5403,guaB,-,Weak
SCO2964-SCO2964,SCO2964,SCO2964,+,Strong
SCO2964-actII-4,SCO2964,actII-4,-,Weak
SCO2964-redD,SCO2964,redD,-,Weak
SCO5405-SCO7692,SCO5405,SCO7692,-,Weak
SCO5405-dmdR1,SCO5405,dmdR1,+,Weak
SCO5405-SCO0475,SCO5405,SCO0475,-,Weak
SCO5405-SCO7691,SCO5405,SCO7691,-,Weak
SCO5405-SCO0473,SCO5405,SCO0473,-,Weak
SCO5405-SCO7679,SCO5405,SCO7679,-,Weak
SCO5405-SCO5419,SCO5405,SCO5419,+,Weak
SCO5405-SCO7511,SCO5405,SCO7511,+,Weak
SCO5405-SCO7676,SCO5405,SCO7676,-,Weak
SCO5405-SCO5107,SCO5405,SCO5107,-,Weak
SCO5405-proS,SCO5405,proS,-,Weak
SCO5405-SCO3401,SCO5405,SCO3401,+,Weak
SCO5405-SCO7412,SCO5405,SCO7412,-,Weak
SCO5405-mdh,SCO5405,mdh,+,Weak
SCO5405-SCO2371,SCO5405,SCO2371,-,Strong
SCO5405-SCO2505,SCO5405,SCO2505,-,Weak
SCO5405-SCO2507,SCO5405,SCO2507,-,Weak
SCO5405-SCO2506,SCO5405,SCO2506,-,Weak
SCO5405-ackA,SCO5405,ackA,-,Weak
SCO5405-purM,SCO5405,purM,+,Weak
SCO5405-SCO7680,SCO5405,SCO7680,-,Weak
SCO5405-SCO4293,SCO5405,SCO4293,+,Weak
SCO5405-SCO2210,SCO5405,SCO2210,-,Weak
SCO5405-SCO7686,SCO5405,SCO7686,-,Weak
SCO5405-gpmA,SCO5405,gpmA,-,Weak
SCO5405-SCO3247,SCO5405,SCO3247,+,Weak
SCO5405-SCO1935,SCO5405,SCO1935,-,Weak
SCO5405-glnA,SCO5405,glnA,-,Weak
SCO5405-SCO2627,SCO5405,SCO2627,+,Weak
SCO5405-SCO7690,SCO5405,SCO7690,-,Weak
SCO5405-folD,SCO5405,folD,+,Weak
SCO5405-SCO5881,SCO5405,SCO5881,+,Weak
SCO5405-SCO3820,SCO5405,SCO3820,?,Weak
SCO5405-SCO6275,SCO5405,SCO6275,-,Weak
SCO5405-SCO7685,SCO5405,SCO7685,-,Weak
SCO5405-SCO7684,SCO5405,SCO7684,-,Weak
SCO5405-SCO7687,SCO5405,SCO7687,-,Weak
SCO5405-SCO7000,SCO5405,SCO7000,-,Weak
SCO5405-SCO7681,SCO5405,SCO7681,-,Strong
SCO5405-SCO0379,SCO5405,SCO0379,-,Weak
SCO5405-SCO7683,SCO5405,SCO7683,-,Weak
SCO5405-SCO7682,SCO5405,SCO7682,-,Strong
SCO5405-sodF1,SCO5405,sodF1,+,Weak
SCO5405-pnp,SCO5405,pnp,-,Weak
SCO5405-redD,SCO5405,redD,?,Strong
SCO5405-SCO7689,SCO5405,SCO7689,-,Weak
SCO5405-SCO2180,SCO5405,SCO2180,+,Weak
SCO5405-SCO2183,SCO5405,SCO2183,-,Strong
SCO5405-SCO4164,SCO5405,SCO4164,+,Weak
SCO5405-cya,SCO5405,cya,+,Weak
SCO5405-SCO2241,SCO5405,SCO2241,-,Weak
SCO5405-pta,SCO5405,pta,-,Weak
SCO5405-sucC1,SCO5405,sucC1,+,Weak
SCO5405-SCO2387,SCO5405,SCO2387,+,Weak
SCO5405-SCO3079,SCO5405,SCO3079,+,Weak
SCO5405-SCO5113,SCO5405,SCO5113,-,Weak
SCO5405-actII-4,SCO5405,actII-4,?,Strong
SCO5405-SCO2181,SCO5405,SCO2181,+,Weak
SCO5405-pgk,SCO5405,pgk,-,Weak
SCO5405-SCO7677,SCO5405,SCO7677,-,Weak
SCO5405-tpiA,SCO5405,tpiA,+,Weak
SCO5405-SCO3231,SCO5405,SCO3231,+,Weak
SCO5405-rpmB2,SCO5405,rpmB2,-,Weak
SCO5405-pheS,SCO5405,pheS,-,Weak
SCO5405-SCO6282,SCO5405,SCO6282,+,Weak
SCO5405-gap,SCO5405,gap,+,Weak
SCO5405-alaS,SCO5405,alaS,-,Weak
SCO5405-SCO5144,SCO5405,SCO5144,+,Weak
SCO5405-SCO7688,SCO5405,SCO7688,-,Weak
SCO5405-SCO7678,SCO5405,SCO7678,-,Weak
SCO5405-purD,SCO5405,purD,+,Weak
SCO5405-pdxS,SCO5405,pdxS,+,Weak
SCO5405-upp,SCO5405,upp,+,Weak
SCO5405-serC,SCO5405,serC,+,Weak
SCO3361-SCO1541,SCO3361,SCO1541,+,Weak
SCO3361-amfC,SCO3361,amfC,+,Strong
SCO3361-SCO3362,SCO3361,SCO3362,+,Strong
SCO3361-SCO3361,SCO3361,SCO3361,-,Strong
SCO3361-whiB,SCO3361,whiB,+,Weak
SCO3361-actII-4,SCO3361,actII-4,+,Strong
SCO2386-SCO2387,SCO2386,SCO2387,+,Strong
SCO2140-SCO3217,SCO2140,SCO3217,+,Weak
SCO2140-actII-4,SCO2140,actII-4,+,Weak
SCO2140-ramS,SCO2140,ramS,+,Weak
SCO6280-SCO6276,SCO6280,SCO6276,+,Weak
SCO6280-SCO6273,SCO6280,SCO6273,+,Weak
SCO6280-SCO6279,SCO6280,SCO6279,+,Weak
SCO6280-SCO6286,SCO6280,SCO6286,+,Weak
SCO6286-SCO0384,SCO6286,SCO0384,?,Weak
SCO6286-SCO0216,SCO6286,SCO0216,?,Weak
SCO6286-SCO2616,SCO6286,SCO2616,-,Strong
SCO6286-scoT,SCO6286,scoT,?,Weak
SCO6286-SCO1403,SCO6286,SCO1403,+,Strong
SCO6286-SCO1402,SCO6286,SCO1402,-,Strong
SCO6286-dpsA,SCO6286,dpsA,?,Weak
SCO6286-SCO4921,SCO6286,SCO4921,-,Strong
SCO6286-SCO7623,SCO6286,SCO7623,+,Strong
SCO6286-SCO6324,SCO6286,SCO6324,-,Strong
SCO6286-SCO3868,SCO6286,SCO3868,-,Strong
SCO6286-SCO6323,SCO6286,SCO6323,+,Strong
SCO6286-SCO3867,SCO6286,SCO3867,+,Strong
SCO6286-SCO7056,SCO6286,SCO7056,?,Weak
SCO6286-leuA,SCO6286,leuA,+,Strong
SCO6286-SCO1712,SCO6286,SCO1712,?,Weak
SCO6286-SCO0498,SCO6286,SCO0498,?,Weak
SCO6286-SCO4118,SCO6286,SCO4118,+,Strong
SCO6286-afsK,SCO6286,afsK,-,Strong
SCO6286-SCO2879,SCO6286,SCO2879,-,Strong
SCO6286-cyc1,SCO6286,cyc1,?,Weak
SCO6286-SCO2373,SCO6286,SCO2373,-,Strong
SCO6286-SCO3245,SCO6286,SCO3245,?,Weak
SCO6286-sigF,SCO6286,sigF,-,Strong
SCO6286-sigI,SCO6286,sigI,+,Strong
SCO6286-SCO3248,SCO6286,SCO3248,?,Weak
SCO6286-murC,SCO6286,murC,+,Strong
SCO6286-SCO4947,SCO6286,SCO4947,-,Strong
SCO6286-sigR,SCO6286,sigR,-,Strong
SCO6286-SCO5881,SCO6286,SCO5881,+,Strong
SCO6286-SCO5882,SCO6286,SCO5882,?,Weak
SCO6286-rpmG2,SCO6286,rpmG2,?,Weak
SCO6286-SCO6106,SCO6286,SCO6106,?,Weak
SCO6286-SCO5544,SCO6286,SCO5544,-,Strong
SCO6286-SCO5545,SCO6286,SCO5545,+,Strong
SCO6286-SCO1571,SCO6286,SCO1571,-,Strong
SCO6286-SCO6288,SCO6286,SCO6288,-,Strong
SCO6286-SCO5316,SCO6286,SCO5316,?,Weak
SCO6286-SCO5319,SCO6286,SCO5319,?,Weak
SCO6286-SCO2782,SCO6286,SCO2782,?,Weak
SCO6286-actIII,SCO6286,actIII,?,Weak
SCO6286-argH,SCO6286,argH,-,Strong
SCO6286-SCO5897,SCO6286,SCO5897,?,Weak
SCO6286-valS,SCO6286,valS,+,Strong
SCO6286-SCO5898,SCO6286,SCO5898,?,Weak
SCO6286-SCO6277,SCO6286,SCO6277,-,Weak
SCO6286-SCO6276,SCO6286,SCO6276,-,Strong
SCO6286-SCO6275,SCO6286,SCO6275,-,Strong
SCO6286-rpsD,SCO6286,rpsD,-,Strong
SCO6286-SCO6273,SCO6286,SCO6273,-,Weak
SCO6286-SCO6272,SCO6286,SCO6272,-,Strong
SCO6286-SCO6271,SCO6286,SCO6271,-,Strong
SCO6286-rpsL,SCO6286,rpsL,-,Strong
SCO6286-SCO6278,SCO6286,SCO6278,?,Weak
SCO6286-SCO2529,SCO6286,SCO2529,-,Strong
SCO6286-SCO3229,SCO6286,SCO3229,+,Strong
SCO6286-SCO6282,SCO6286,SCO6282,-,Strong
SCO6286-SCO6283,SCO6286,SCO6283,+-,Strong
SCO6286-SCO6280,SCO6286,SCO6280,-,Weak
SCO6286-SCO6286,SCO6286,SCO6286,?,Weak
SCO6286-SCO3226,SCO6286,SCO3226,?,Weak
SCO6286-SCO3225,SCO6286,SCO3225,+,Strong
SCO6286-SCO3224,SCO6286,SCO3224,-,Strong
SCO6286-SCO7463,SCO6286,SCO7463,?,Weak
SCO6286-SCO6267,SCO6286,SCO6267,?,Weak
SCO6286-serS,SCO6286,serS,+,Strong
SCO6286-SCO6268,SCO6286,SCO6268,-,Strong
SCO6286-gap,SCO6286,gap,+,Strong
SCO6286-SCO1698,SCO6286,SCO1698,-,Strong
SCO6286-SCO1697,SCO6286,SCO1697,-,Strong
SCO6286-actII-4,SCO6286,actII-4,+,Strong
SCO6286-SCO3230,SCO6286,SCO3230,+,Strong
SCO6286-SCO2486,SCO6286,SCO2486,?,Weak
SCO6286-SCO6071,SCO6286,SCO6071,+,Strong
SCO6286-SCO1346,SCO6286,SCO1346,+,Strong
SCO6286-SCO1347,SCO6286,SCO1347,-,Strong
SCO6286-SCO1345,SCO6286,SCO1345,?,Weak
SCO6286-SCO6312,SCO6286,SCO6312,+,Strong
SCO6286-SCO3201,SCO6286,SCO3201,?,Weak
SCO6286-SCO3616,SCO6286,SCO3616,-,Strong
SCO6286-SCO3615,SCO6286,SCO3615,-,Strong
SCO6286-SCO5998,SCO6286,SCO5998,?,Weak
SCO6286-SCO4008,SCO6286,SCO4008,?,Weak
SCO6286-SCO5423,SCO6286,SCO5423,+,Strong
SCO6286-arsI,SCO6286,arsI,+,Strong
SCO6286-SCO4677,SCO6286,SCO4677,-,Strong
SCO6286-SCO4503,SCO6286,SCO4503,-,Strong
SCO6286-SCO3217,SCO6286,SCO3217,+,Strong
SCO6286-SCO5059,SCO6286,SCO5059,?,Weak
SCO6286-SCO3218,SCO6286,SCO3218,?,Weak
SCO6286-SCO5087,SCO6286,SCO5087,?,Weak
SCO6286-SCO1630,SCO6286,SCO1630,?,Weak
SCO6286-SCO3249,SCO6286,SCO3249,+,Strong
SCO6286-SCO2907,SCO6286,SCO2907,-,Strong
SCO6265-SCO6277,SCO6265,SCO6277,-,Weak
SCO6265-SCO2777,SCO6265,SCO2777,?,Weak
SCO6265-SCO6272,SCO6265,SCO6272,-,Weak
SCO6265-SCO6312,SCO6265,SCO6312,+,Strong
SCO6265-SCO2736,SCO6265,SCO2736,?,Weak
SCO6265-SCO6279,SCO6265,SCO6279,-,Weak
SCO6265-SCO6278,SCO6265,SCO6278,-,Weak
SCO6265-SCO2373,SCO6265,SCO2373,+,Strong
SCO6265-SCO1403,SCO6265,SCO1403,+,Strong
SCO6265-SCO1402,SCO6265,SCO1402,+,Strong
SCO6265-secE,SCO6265,secE,-,Weak
SCO6265-rplD,SCO6265,rplD,-,Weak
SCO6265-proC,SCO6265,proC,?,Weak
SCO6265-nrdB,SCO6265,nrdB,-,Weak
SCO6265-SCO4921,SCO6265,SCO4921,-,Strong
SCO6265-ctaC,SCO6265,ctaC,?,Weak
SCO6265-SCO2158,SCO6265,SCO2158,?,Weak
SCO6265-SCO5848,SCO6265,SCO5848,?,Weak
SCO6265-SCO6283,SCO6265,SCO6283,-,Weak
SCO6265-SCO6280,SCO6265,SCO6280,-,Strong
SCO6265-SCO6281,SCO6265,SCO6281,-,Weak
SCO6265-whiB,SCO6265,whiB,?,Weak
SCO6265-SCO6284,SCO6265,SCO6284,-,Weak
SCO6265-SCO4947,SCO6265,SCO4947,-,Strong
SCO6265-SCO6108,SCO6265,SCO6108,?,Weak
SCO6265-SCO3868,SCO6265,SCO3868,-,Strong
SCO6265-SCO6323,SCO6265,SCO6323,-,Strong
SCO6265-glnR,SCO6265,glnR,-,Strong
SCO6265-SCO3867,SCO6265,SCO3867,+,Strong
SCO6265-bioB,SCO6265,bioB,-,Weak
SCO6265-SCO6265,SCO6265,SCO6265,-,Strong
SCO6265-SCO6266,SCO6265,SCO6266,+,Strong
SCO6265-SCO4253,SCO6265,SCO4253,-,Weak
SCO6265-SCO3534,SCO6265,SCO3534,-,Weak
SCO6265-SCO3926,SCO6265,SCO3926,?,Weak
SCO6265-SCO6268,SCO6265,SCO6268,-,Strong
SCO6265-SCO6269,SCO6265,SCO6269,-,Weak
SCO6265-gap,SCO6265,gap,+,Strong
SCO6265-SCO2905,SCO6265,SCO2905,?,Weak
SCO6265-SCO3217,SCO6265,SCO3217,+,Strong
SCO6265-rho,SCO6265,rho,?,Weak
SCO6265-SCO3767,SCO6265,SCO3767,-,Weak
SCO6265-SCO5423,SCO6265,SCO5423,-,Strong
SCO6265-SCO3571,SCO6265,SCO3571,?,Weak
SCO6265-afsR,SCO6265,afsR,?,Weak
SCO6265-SCO5852,SCO6265,SCO5852,?,Weak
SCO6265-SCO5893,SCO6265,SCO5893,?,Weak
SCO6265-SCO6324,SCO6265,SCO6324,+,Strong
SCO6265-SCO6071,SCO6265,SCO6071,?,Weak
SCO6265-SCO2907,SCO6265,SCO2907,-,Strong
SCO6265-afsK,SCO6265,afsK,-,Strong
SCO6265-SCO2792,SCO6265,SCO2792,?,Weak
SCO6265-dasR,SCO6265,dasR,?,Weak
SCO6266-SCO6266,SCO6266,SCO6266,+,Strong
SCO0608-SCO1541,SCO0608,SCO1541,?,Strong
SCO0608-SCO3926,SCO0608,SCO3926,?,Strong
SCO0608-SCO2924,SCO0608,SCO2924,?,Strong
SCO0608-SCO3925,SCO0608,SCO3925,?,Strong
whiB-sigF,whiB,sigF,+,Weak
whiB-SCO5318,whiB,SCO5318,+,Weak
whiB-SCO3886,whiB,SCO3886,+,Weak
whiB-SCO5315,whiB,SCO5315,+,Weak
whiB-SCO5314,whiB,SCO5314,+,Weak
whiB-SCO5317,whiB,SCO5317,+,Weak
whiB-SCO5316,whiB,SCO5316,+,Weak
whiB-SCO5319,whiB,SCO5319,+,Weak
whiB-SCO5320,whiB,SCO5320,+,Weak
whiB-ftsZ,whiB,ftsZ,+,Weak
whiB-SCO5321,whiB,SCO5321,+,Weak
whiA-sigF,whiA,sigF,+,Weak
whiA-SCO5318,whiA,SCO5318,+,Weak
whiA-whiA,whiA,whiA,+,Weak
whiA-SCO3886,whiA,SCO3886,+,Weak
whiA-SCO5315,whiA,SCO5315,+,Weak
whiA-SCO5321,whiA,SCO5321,+,Weak
whiA-SCO5317,whiA,SCO5317,+,Weak
whiA-SCO5316,whiA,SCO5316,+,Weak
whiA-SCO5319,whiA,SCO5319,+,Weak
whiA-SCO5320,whiA,SCO5320,+,Weak
whiA-ftsZ,whiA,ftsZ,+,Weak
whiA-SCO5314,whiA,SCO5314,+,Weak
rsrA-sigR,rsrA,sigR,-,Strong
SCO3606-SCO1541,SCO3606,SCO1541,?,Weak
SCO3606-SCO3925,SCO3606,SCO3925,?,Weak
SCO3606-redD,SCO3606,redD,?,Weak
SCO6256-SCO2726,SCO6256,SCO2726,-,Weak
SCO6256-SCO6976,SCO6256,SCO6976,-,Weak
SCO6256-SCO6256,SCO6256,SCO6256,?,Strong
SCO6256-SCO6377,SCO6256,SCO6377,?,Strong
SCO6256-SCO2727,SCO6256,SCO2727,?,Strong
SCO6256-SCO6982,SCO6256,SCO6982,-,Weak
SCO6256-SCO6985,SCO6256,SCO6985,?,Strong
SCO6256-SCO6978,SCO6256,SCO6978,?,Strong
SCO6256-SCO6979,SCO6256,SCO6979,?,Strong
SCO6256-SCO4237,SCO6256,SCO4237,?,Strong
SCO6256-SCO3217,SCO6256,SCO3217,-,Strong
SCO6256-SCO4034,SCO6256,SCO4034,?,Strong
SCO6256-SCO2652,SCO6256,SCO2652,-,Strong
SCO6256-SCO6975,SCO6256,SCO6975,-,Weak
SCO6256-actII-4,SCO6256,actII-4,-,Weak
SCO4117-SCO1541,SCO4117,SCO1541,+,Weak
SCO4117-SCO0387,SCO4117,SCO0387,+,Weak
SCO4117-SCO0386,SCO4117,SCO0386,+,Weak
SCO4117-SCO0381,SCO4117,SCO0381,+,Weak
SCO4117-SCO0380,SCO4117,SCO0380,+,Weak
SCO4117-SCO0383,SCO4117,SCO0383,+,Weak
SCO4117-SCO0382,SCO4117,SCO0382,+,Weak
SCO4117-SCO2718,SCO4117,SCO2718,+,Weak
SCO4117-SCO2719,SCO4117,SCO2719,+,Weak
SCO4117-SCO0389,SCO4117,SCO0389,+,Weak
SCO4117-SCO7745,SCO4117,SCO7745,+,Weak
SCO4117-SCO2478,SCO4117,SCO2478,+,Weak
SCO4117-SCO1178,SCO4117,SCO1178,+,Weak
SCO4117-SCO2035,SCO4117,SCO2035,+,Weak
SCO4117-SCO0195,SCO4117,SCO0195,-,Weak
SCO4117-ribA2,SCO4117,ribA2,+,Weak
SCO4117-SCO2716,SCO4117,SCO2716,+,Weak
SCO4117-SCO2717,SCO4117,SCO2717,+,Weak
SCO4117-SCO0743,SCO4117,SCO0743,+,Weak
SCO4117-SCO0931,SCO4117,SCO0931,+,Weak
SCO4117-SCO2788,SCO4117,SCO2788,-,Weak
SCO4117-SCO4002,SCO4117,SCO4002,+,Weak
SCO4117-SCO7449,SCO4117,SCO7449,+,Weak
SCO4117-SCO6102,SCO4117,SCO6102,-,Weak
SCO4117-SCO5461,SCO4117,SCO5461,+,Weak
SCO4117-SCO3863,SCO4117,SCO3863,+,Weak
SCO4117-SCO2703,SCO4117,SCO2703,+,Weak
SCO4117-SCO4256,SCO4117,SCO4256,-,Weak
SCO4117-SCO2705,SCO4117,SCO2705,+,Weak
SCO4117-SCO4004,SCO4117,SCO4004,+,Weak
SCO4117-SCO7011,SCO4117,SCO7011,+,Weak
SCO4117-SCO7643,SCO4117,SCO7643,-,Weak
SCO4117-SCO7013,SCO4117,SCO7013,+,Weak
SCO4117-SCO4258,SCO4117,SCO4258,-,Weak
SCO4117-SCO0194,SCO4117,SCO0194,-,Weak
SCO4117-SCO5632,SCO4117,SCO5632,+,Weak
SCO4117-SCO5077,SCO4117,SCO5077,+,Weak
SCO4117-pckG,SCO4117,pckG,+,Weak
SCO4117-SCO5072,SCO4117,SCO5072,+,Weak
SCO4117-actVB,SCO4117,actVB,+,Weak
SCO4117-SCO5078,SCO4117,SCO5078,+,Weak
SCO4117-actII-4,SCO4117,actII-4,+,Weak
SCO4117-SCO5074,SCO4117,SCO5074,+,Weak
SCO4117-ureA,SCO4117,ureA,-,Weak
SCO4117-SCO1673,SCO4117,SCO1673,+,Weak
SCO4117-SCO1799,SCO4117,SCO1799,+,Weak
SCO4117-SCO3051,SCO4117,SCO3051,+,Weak
SCO4117-nadA,SCO4117,nadA,-,Weak
SCO4117-SCO1293,SCO4117,SCO1293,-,Weak
SCO4117-actIII,SCO4117,actIII,+,Weak
SCO4117-SCO6508,SCO4117,SCO6508,+,Weak
SCO4117-SCO4117,SCO4117,SCO4117,+,Weak
SCO4117-SCO4684,SCO4117,SCO4684,+,Weak
SCO4117-SCO5087,SCO4117,SCO5087,+,Weak
SCO4117-SCO7028,SCO4117,SCO7028,+,Weak
SCO4117-SCO5071,SCO4117,SCO5071,+,Weak
SCO4118-SCO3925,SCO4118,SCO3925,+,Strong
SCO4118-SCO2907,SCO4118,SCO2907,+,Strong
SCO4118-actII-4,SCO4118,actII-4,+,Strong
SCO5881-SCO4425,SCO5881,SCO4425,?,Weak
SCO5881-SCO5881,SCO5881,SCO5881,-,Weak
SCO5881-redD,SCO5881,redD,+,Weak
SCO4425-ORF7,SCO4425,ORF7,?,Weak
SCO4425-SCO6281,SCO4425,SCO6281,?,Weak
SCO4425-SCO3323,SCO4425,SCO3323,?,Weak
SCO4425-SCO0383,SCO4425,SCO0383,?,Weak
SCO4425-SCO0382,SCO4425,SCO0382,?,Weak
SCO4425-SCO2519,SCO4425,SCO2519,?,Weak
SCO4425-SCO2196,SCO4425,SCO2196,?,Weak
SCO4425-SCO3328,SCO4425,SCO3328,?,Weak
SCO4425-SCO1565,SCO4425,SCO1565,?,Weak
SCO4425-SCO0736,SCO4425,SCO0736,?,Weak
SCO4425-SCO2878,SCO4425,SCO2878,?,Weak
SCO4425-SCO7697,SCO4425,SCO7697,?,Weak
SCO4425-SCO2097,SCO4425,SCO2097,?,Weak
SCO4425-SCO2210,SCO4425,SCO2210,?,Weak
SCO4425-SCO5584,SCO4425,SCO5584,?,Weak
SCO4425-SCO2217,SCO4425,SCO2217,?,Weak
SCO4425-SCO1629,SCO4425,SCO1629,?,Weak
SCO4425-SCO7251,SCO4425,SCO7251,?,Weak
SCO4425-SCO0930,SCO4425,SCO0930,?,Weak
SCO4425-SCO2575,SCO4425,SCO2575,?,Weak
SCO4425-redD,SCO4425,redD,?,Weak
SCO4425-SCO2195,SCO4425,SCO2195,?,Weak
SCO4425-SCO6654,SCO4425,SCO6654,?,Weak
SCO4425-SCO5091,SCO4425,SCO5091,?,Weak
SCO4425-SCO6651,SCO4425,SCO6651,?,Weak
SCO4425-SCO6650,SCO4425,SCO6650,?,Weak
SCO4425-SCO1196,SCO4425,SCO1196,?,Weak
SCO4425-SCO2286,SCO4425,SCO2286,?,Weak
SCO4425-SCO2211,SCO4425,SCO2211,?,Weak
SCO4425-SCO0379,SCO4425,SCO0379,?,Weak
SCO4425-SCO5089,SCO4425,SCO5089,?,Weak
SCO4425-SCO4088,SCO4425,SCO4088,?,Weak
SCO4425-SCO0324,SCO4425,SCO0324,?,Weak
SCO4425-SCO5755,SCO4425,SCO5755,?,Weak
SCO4425-SCO5112,SCO4425,SCO5112,?,Weak
SCO4425-ramS,SCO4425,ramS,?,Weak
SCO4425-SCO0685,SCO4425,SCO0685,?,Weak
SCO4425-SCO5074,SCO4425,SCO5074,?,Weak
SCO4425-SCO4425,SCO4425,SCO4425,?,Weak
SCO4425-SCO5076,SCO4425,SCO5076,?,Weak
SCO4425-SCO5077,SCO4425,SCO5077,?,Weak
SCO4425-SCO5071,SCO4425,SCO5071,?,Weak
SCO4425-SCO5072,SCO4425,SCO5072,?,Weak
SCO4425-SCO5073,SCO4425,SCO5073,?,Weak
SCO4425-actII-2,SCO4425,actII-2,?,Weak
SCO4425-SCO3219,SCO4425,SCO3219,?,Weak
SCO4425-SCO5078,SCO4425,SCO5078,?,Weak
SCO4425-SCO5079,SCO4425,SCO5079,?,Weak
SCO4425-actII-4,SCO4425,actII-4,?,Weak
SCO4425-SCO6691,SCO4425,SCO6691,?,Weak
SCO4425-SCO2348,SCO4425,SCO2348,?,Weak
SCO4425-SCO1627,SCO4425,SCO1627,?,Weak
SCO4425-SCO1906,SCO4425,SCO1906,?,Weak
SCO4425-SCO5075,SCO4425,SCO5075,?,Weak
SCO4425-actIII,SCO4425,actIII,?,Weak
SCO4425-SCO1630,SCO4425,SCO1630,?,Weak
SCO4425-SCO5080,SCO4425,SCO5080,?,Weak
SCO4425-SCO7252,SCO4425,SCO7252,?,Weak
SCO4425-SCO5742,SCO4425,SCO5742,?,Weak
SCO4425-SCO5088,SCO4425,SCO5088,?,Weak
SCO4425-SCO5147,SCO4425,SCO5147,?,Weak
SCO4425-SCO5087,SCO4425,SCO5087,?,Weak
SCO4425-SCO5082,SCO4425,SCO5082,?,Weak
SCO4425-SCO5081,SCO4425,SCO5081,?,Weak
SCO4425-SCO7550,SCO4425,SCO7550,?,Weak
SCO4425-SCO6762,SCO4425,SCO6762,?,Weak
SCO5082-actII-2,SCO5082,actII-2,-,Strong
SCO5082-actII-3,SCO5082,actII-3,-,Strong
SCO5260-SCO2907,SCO5260,SCO2907,+,Strong
SCO5260-actII-4,SCO5260,actII-4,+,Weak
furA-furA,furA,furA,-,Strong
furA-katG,furA,katG,-,Strong
SCO1614-SCO1613,SCO1614,SCO1613,-,Weak
SCO2120-SCO4924,SCO2120,SCO4924,+,Strong
SCO2120-SCO6728,SCO2120,SCO6728,+,Strong
SCO2120-SCO0607,SCO2120,SCO0607,+,Strong
SCO2120-SCO1700,SCO2120,SCO1700,+,Strong
SCO2120-SCO2101,SCO2120,SCO2101,?,Strong
SCO2120-SCO4225,SCO2120,SCO4225,+,Strong
SCO2120-SCO7613,SCO2120,SCO7613,+,Strong
SCO2120-SCO4011,SCO2120,SCO4011,+,Strong
SCO2120-SCO7460,SCO2120,SCO7460,+,Strong
SCO3832-SCO3829,SCO3832,SCO3829,-,Weak
SCO3832-SCO3830,SCO3832,SCO3830,-,Weak
SCO3832-SCO3831,SCO3832,SCO3831,-,Weak
glnR-SCO7164,glnR,SCO7164,-,Strong
glnR-SCO7165,glnR,SCO7165,-,Strong
glnR-SCO7166,glnR,SCO7166,-,Strong
glnR-SCO7167,glnR,SCO7167,-,Strong
glnR-SCO7162,glnR,SCO7162,-,Strong
glnR-SCO7163,glnR,SCO7163,-,Strong
glnR-SCO0255,glnR,SCO0255,-,Strong
glnR-SCO2195,glnR,SCO2195,?,Strong
glnR-SCO2400,glnR,SCO2400,?,Strong
glnR-SCO2404,glnR,SCO2404,-,Strong
glnR-SCO2210,glnR,SCO2210,+,Strong
glnR-SCO5583,glnR,SCO5583,+,Strong
glnR-SCO5584,glnR,SCO5584,?,Strong
glnR-glnA,glnR,glnA,+,Strong
glnR-glnD,glnR,glnD,?,Strong
glnR-ectD,glnR,ectD,-,Weak
glnR-SCO5881,glnR,SCO5881,+,Strong
glnR-ectA,glnR,ectA,-,Strong
glnR-ectB,glnR,ectB,-,Weak
glnR-ectC,glnR,ectC,-,Weak
glnR-SCO2958,glnR,SCO2958,+,Strong
glnR-SCO7155,glnR,SCO7155,?,Strong
glnR-SCO0888,glnR,SCO0888,-,Strong
glnR-SCO2473,glnR,SCO2473,+,Strong
glnR-SCO4683,glnR,SCO4683,-,Strong
glnR-actII-4,glnR,actII-4,-,Strong
glnR-SCO1863,glnR,SCO1863,?,Strong
glnR-ureA,glnR,ureA,-,Strong
glnR-SCO2486,glnR,SCO2486,+,Strong
rex-rex,rex,rex,-,Strong
rex-SCO3946,rex,SCO3946,?,Weak
rex-SCO3947,rex,SCO3947,?,Weak
rex-SCO3945,rex,SCO3945,-,Weak
hup1-SCO1541,hup1,SCO1541,?,Weak
hup1-SCO3926,hup1,SCO3926,?,Weak
hup1-SCO2924,hup1,SCO2924,?,Weak
hup1-SCO3925,hup1,SCO3925,?,Weak
SCO2935-SCO3229,SCO2935,SCO3229,+,Strong
SCO2935-SCO2928,SCO2935,SCO2928,-,Strong
SCO2935-SCO2935,SCO2935,SCO2935,-,Strong
SCO2935-hpd,SCO2935,hpd,-,Strong
SCO0712-lipA,SCO0712,lipA,+,Strong
SCO0712-SCO0712,SCO0712,SCO0712,?,Weak
SCO0712-SCO0713,SCO0712,SCO0713,?,Weak
SCO5351-SCO2717,SCO5351,SCO2717,+,Weak
SCO5351-SCO2718,SCO5351,SCO2718,+,Weak
SCO5351-SCO2719,SCO5351,SCO2719,+,Weak
SCO5351-SCO7257,SCO5351,SCO7257,+,Weak
SCO5351-SCO3225,SCO5351,SCO3225,+,Weak
SCO5351-SCO3226,SCO5351,SCO3226,+,Weak
SCO5351-SCO3217,SCO5351,SCO3217,+,Weak
SCO5351-SCO1674,SCO5351,SCO1674,+,Weak
SCO5351-SCO2699,SCO5351,SCO2699,+,Weak
SCO5351-actII-4,SCO5351,actII-4,+,Weak
SCO2954-SCO2217,SCO2954,SCO2217,+,Weak
SCO2954-SCO0752,SCO2954,SCO0752,+,Weak
SCO2954-SCO0930,SCO2954,SCO0930,+,Weak
SCO2954-SCO2408,SCO2954,SCO2408,+,Weak
SCO2954-SCO2954,SCO2954,SCO2954,+,Weak
SCO2954-SCO6650,SCO2954,SCO6650,+,Weak
SCO2954-SCO0732,SCO2954,SCO0732,+,Weak
SCO2954-SCO1356,SCO2954,SCO1356,+,Weak
SCO2958-SCO2473,SCO2958,SCO2473,+,Strong
SCO2958-SCO6102,SCO2958,SCO6102,?,Strong
SCO2958-SCO2486,SCO2958,SCO2486,+,Strong
SCO2958-SCO2959,SCO2958,SCO2959,+,Strong
SCO3198-SCO1541,SCO3198,SCO1541,?,Weak
SCO3198-SCO3926,SCO3198,SCO3926,?,Weak
SCO3198-SCO2924,SCO3198,SCO2924,?,Weak
SCO3198-SCO3925,SCO3198,SCO3925,?,Weak
SCO3063-SCO2833,SCO3063,SCO2833,+,Strong
SCO3063-SCO6198,SCO3063,SCO6198,?,Strong
SCO3063-SCO2718,SCO3063,SCO2718,+,Weak
SCO3063-SCO6706,SCO3063,SCO6706,?,Strong
SCO3063-SCO6705,SCO3063,SCO6705,?,Strong
SCO3063-cyc2,SCO3063,cyc2,+,Weak
SCO3063-SCO3063,SCO3063,SCO3063,-,Weak
SCO3063-SCO4883,SCO3063,SCO4883,-,Strong
SCO3063-SCO6685,SCO3063,SCO6685,+,Weak
SCO3063-SCO2014,SCO3063,SCO2014,+,Strong
SCO3063-glgB2,SCO3063,glgB2,+,Weak
SCO3063-SCO6280,SCO3063,SCO6280,-,Strong
SCO3063-SCO7336,SCO3063,SCO7336,?,Strong
SCO3063-SCO4947,SCO3063,SCO4947,+,Weak
SCO3063-SCO0072,SCO3063,SCO0072,?,Strong
SCO3063-SCO5393,SCO3063,SCO5393,-,Strong
SCO3063-SCO2026,SCO3063,SCO2026,?,Strong
SCO3063-SCO6180,SCO3063,SCO6180,+,Weak
SCO3063-SCO6222,SCO3063,SCO6222,-,Strong
SCO3063-SCO7688,SCO3063,SCO7688,+,Weak
SCO3063-SCO1147,SCO3063,SCO1147,+,Strong
SCO3063-SCO5314,SCO3063,SCO5314,+,Weak
SCO3063-SCO1753,SCO3063,SCO1753,?,Strong
SCO3063-actII-4,SCO3063,actII-4,+,Strong
SCO3063-ureA,SCO3063,ureA,+,Weak
SCO3063-SCO3139,SCO3063,SCO3139,+,Strong
SCO3063-SCO2784,SCO3063,SCO2784,+,Weak
SCO3063-SCO6748,SCO3063,SCO6748,-,Strong
SCO3063-SCO7337,SCO3063,SCO7337,?,Strong
SCO2281-SCO6724,SCO2281,SCO6724,-,Weak
SCO2281-SCO3064,SCO2281,SCO3064,-,Weak
SCO2281-SCO3264,SCO2281,SCO3264,+,Weak
SCO2281-SCO3263,SCO2281,SCO3263,+,Weak
SCO2281-SCO0383,SCO2281,SCO0383,+,Weak
SCO2281-SCO0382,SCO2281,SCO0382,+,Weak
SCO2281-SCO7331,SCO2281,SCO7331,-,Weak
SCO2281-SCO7330,SCO2281,SCO7330,-,Weak
SCO2281-SCO6258,SCO2281,SCO6258,-,Weak
SCO2281-eno2,SCO2281,eno2,+,Weak
SCO2281-SCO2910,SCO2281,SCO2910,-,Weak
SCO2281-SCO2911,SCO2281,SCO2911,-,Weak
SCO2281-SCO6651,SCO2281,SCO6651,+,Weak
SCO2281-SCO6650,SCO2281,SCO6650,+,Weak
SCO2281-SCO6653,SCO2281,SCO6653,+,Weak
SCO2281-SCO6652,SCO2281,SCO6652,+,Weak
SCO2281-SCO4983,SCO2281,SCO4983,+,Weak
SCO2281-SCO6346,SCO2281,SCO6346,+,Weak
SCO2281-SCO0389,SCO2281,SCO0389,+,Weak
SCO2281-SCO7290,SCO2281,SCO7290,-,Weak
SCO2281-SCO0388,SCO2281,SCO0388,+,Weak
SCO2281-SCO1063,SCO2281,SCO1063,+,Weak
SCO2281-SCO1065,SCO2281,SCO1065,+,Weak
SCO2281-SCO1905,SCO2281,SCO1905,+,Weak
SCO2281-SCO0827,SCO2281,SCO0827,-,Weak
SCO2281-hemB,SCO2281,hemB,-,Weak
SCO2281-SCO0944,SCO2281,SCO0944,+,Weak
SCO2281-SCO6880,SCO2281,SCO6880,+,Weak
SCO2281-SCO6882,SCO2281,SCO6882,+,Weak
SCO2281-SCO5924,SCO2281,SCO5924,+,Weak
SCO2281-SCO7748,SCO2281,SCO7748,-,Weak
SCO2281-SCO7066,SCO2281,SCO7066,+,Weak
SCO2281-sapA,SCO2281,sapA,+,Weak
SCO2281-SCO7747,SCO2281,SCO7747,-,Weak
SCO2281-SCO6900,SCO2281,SCO6900,+,Weak
SCO2281-SCO6905,SCO2281,SCO6905,+,Weak
SCO2281-SCO0761,SCO2281,SCO0761,-,Weak
SCO2281-SCO0760,SCO2281,SCO0760,-,Weak
SCO2281-sigH,SCO2281,sigH,-,Weak
SCO2281-SCO7442,SCO2281,SCO7442,-,Weak
SCO2281-SCO2861,SCO2281,SCO2861,+,Weak
SCO2281-SCO7446,SCO2281,SCO7446,-,Weak
SCO2281-SCO7113,SCO2281,SCO7113,+,Weak
SCO2281-SCO4317,SCO2281,SCO4317,+,Weak
SCO2281-SCO0644,SCO2281,SCO0644,+,Weak
SCO2281-hasP,SCO2281,hasP,+,Weak
SCO2281-SCO0217,SCO2281,SCO0217,-,Weak
SCO2281-SCO4498,SCO2281,SCO4498,-,Weak
SCO2281-SCO0212,SCO2281,SCO0212,-,Weak
SCO2281-SCO1204,SCO2281,SCO1204,-,Weak
SCO2281-SCO0219,SCO2281,SCO0219,-,Weak
SCO2281-SCO0218,SCO2281,SCO0218,-,Weak
SCO2281-SCO1368,SCO2281,SCO1368,+,Weak
SCO2281-SCO1369,SCO2281,SCO1369,+,Weak
SCO2281-SCO1364,SCO2281,SCO1364,+,Weak
SCO2281-SCO1366,SCO2281,SCO1366,+,Weak
SCO2281-SCO1367,SCO2281,SCO1367,+,Weak
SCO2281-SCO2315,SCO2281,SCO2315,-,Weak
SCO2281-SCO3229,SCO2281,SCO3229,+,Weak
SCO2281-SCO3228,SCO2281,SCO3228,+,Weak
SCO2281-SCO6282,SCO2281,SCO6282,+,Weak
SCO2281-SCO3222,SCO2281,SCO3222,+,Weak
SCO2281-SCO3221,SCO2281,SCO3221,+,Weak
SCO2281-SCO3220,SCO2281,SCO3220,+,Weak
SCO2281-SCO3227,SCO2281,SCO3227,+,Weak
SCO2281-SCO3226,SCO2281,SCO3226,-,Weak
SCO2281-SCO6284,SCO2281,SCO6284,+,Weak
SCO2281-SCO6285,SCO2281,SCO6285,+,Weak
SCO2281-SCO4624,SCO2281,SCO4624,+,Weak
SCO2281-SCO4622,SCO2281,SCO4622,+,Weak
SCO2281-SCO6513,SCO2281,SCO6513,-,Weak
SCO2281-SCO6510,SCO2281,SCO6510,-,Weak
SCO2281-SCO0269,SCO2281,SCO0269,+,Weak
SCO2281-fabH2,SCO2281,fabH2,+,Weak
SCO2281-fabH3,SCO2281,fabH3,+,Weak
SCO2281-SCO6514,SCO2281,SCO6514,-,Weak
SCO2281-SCO6515,SCO2281,SCO6515,-,Weak
SCO2281-SCO6265,SCO2281,SCO6265,+,Weak
SCO2281-SCO6266,SCO2281,SCO6266,+,Weak
SCO2281-SCO6267,SCO2281,SCO6267,+,Weak
SCO2281-SCO7034,SCO2281,SCO7034,+,Weak
SCO2281-SCO2641,SCO2281,SCO2641,+,Weak
SCO2281-SCO7393,SCO2281,SCO7393,-,Weak
SCO2281-trpD2,SCO2281,trpD2,+,Weak
SCO2281-SCO6268,SCO2281,SCO6268,+,Weak
SCO2281-SCO7646,SCO2281,SCO7646,-,Weak
SCO2281-SCO1100,SCO2281,SCO1100,+,Weak
SCO2281-SCO3134,SCO2281,SCO3134,+,Weak
SCO2281-SCO5966,SCO2281,SCO5966,-,Weak
SCO2281-SCO3139,SCO2281,SCO3139,-,Weak
SCO2281-SCO2924,SCO2281,SCO2924,-,Weak
SCO2281-purS,SCO2281,purS,-,Weak
SCO2281-purQ,SCO2281,purQ,-,Weak
SCO2281-SCO7418,SCO2281,SCO7418,-,Weak
SCO2281-SCO7419,SCO2281,SCO7419,-,Weak
SCO2281-SCO7416,SCO2281,SCO7416,-,Weak
SCO2281-SCO7417,SCO2281,SCO7417,-,Weak
SCO2281-SCO7412,SCO2281,SCO7412,-,Weak
SCO2281-SCO7413,SCO2281,SCO7413,-,Weak
SCO2281-trxC,SCO2281,trxC,-,Weak
SCO2281-SCO1740,SCO2281,SCO1740,+,Weak
SCO2281-purL,SCO2281,purL,-,Weak
SCO2281-SCO7098,SCO2281,SCO7098,+,Weak
SCO2281-SCO0919,SCO2281,SCO0919,-,Weak
SCO2281-prsH,SCO2281,prsH,-,Weak
SCO2281-SCO0270,SCO2281,SCO0270,+,Weak
SCO2281-SCO0784,SCO2281,SCO0784,-,Weak
SCO2281-SCO0039,SCO2281,SCO0039,+,Weak
SCO2281-SCO0786,SCO2281,SCO0786,-,Weak
SCO2281-SCO2453,SCO2281,SCO2453,-,Weak
SCO2281-SCO2519,SCO2281,SCO2519,+,Weak
SCO2281-SCO2517,SCO2281,SCO2517,+,Weak
SCO2281-SCO6421,SCO2281,SCO6421,+,Weak
SCO2281-SCO2512,SCO2281,SCO2512,+,Weak
SCO2281-SCO2511,SCO2281,SCO2511,+,Weak
SCO2281-SCO0321,SCO2281,SCO0321,+,Weak
SCO2281-SCO0320,SCO2281,SCO0320,+,Weak
SCO2281-SCO6051,SCO2281,SCO6051,-,Weak
SCO2281-SCO3857,SCO2281,SCO3857,-,Weak
SCO2281-sti1,SCO2281,sti1,-,Weak
SCO2281-SCO0554,SCO2281,SCO0554,+,Weak
SCO2281-SCO0259,SCO2281,SCO0259,-,Weak
SCO2281-SCO0258,SCO2281,SCO0258,-,Weak
SCO2281-SCO1053,SCO2281,SCO1053,+,Weak
SCO2281-SCO4617,SCO2281,SCO4617,+,Weak
SCO2281-SCO0257,SCO2281,SCO0257,-,Weak
SCO2281-SCO0256,SCO2281,SCO0256,-,Weak
SCO2281-scoT,SCO2281,scoT,+,Weak
SCO2281-SCO2210,SCO2281,SCO2210,-,Weak
SCO2281-SCO4291,SCO2281,SCO4291,+,Weak
SCO2281-SCO2217,SCO2281,SCO2217,+,Weak
SCO2281-SCO2218,SCO2281,SCO2218,+,Weak
SCO2281-SCO0130,SCO2281,SCO0130,-,Weak
SCO2281-SCO4846,SCO2281,SCO4846,-,Weak
SCO2281-SCO4843,SCO2281,SCO4843,+,Weak
SCO2281-SCO6228,SCO2281,SCO6228,+,Weak
SCO2281-SCO1550,SCO2281,SCO1550,+,Weak
SCO2281-SCO1557,SCO2281,SCO1557,-,Weak
SCO2281-SCO4332,SCO2281,SCO4332,+,Weak
SCO2281-SCO1492,SCO2281,SCO1492,-,Weak
SCO2281-SCO2976,SCO2281,SCO2976,+,Weak
SCO2281-SCO2977,SCO2281,SCO2977,+,Weak
SCO2281-SCO7325,SCO2281,SCO7325,-,Weak
SCO2281-nuoB1,SCO2281,nuoB1,+,Weak
SCO2281-SCO6520,SCO2281,SCO6520,-,Weak
SCO2281-SCO6647,SCO2281,SCO6647,+,Weak
SCO2281-SCO6821,SCO2281,SCO6821,+,Weak
SCO2281-SCO5551,SCO2281,SCO5551,+,Weak
SCO2281-SCO7513,SCO2281,SCO7513,+,Weak
SCO2281-rplM,SCO2281,rplM,-,Weak
SCO2281-SCO1174,SCO2281,SCO1174,-,Weak
SCO2281-SCO0390,SCO2281,SCO0390,+,Weak
SCO2281-SCO1178,SCO2281,SCO1178,+,Weak
SCO2281-SCO1072,SCO2281,SCO1072,+,Weak
SCO2281-trpC2,SCO2281,trpC2,+,Weak
SCO2281-SCO7210,SCO2281,SCO7210,-,Weak
SCO2281-whiB,SCO2281,whiB,-,Weak
SCO2281-SCO7192,SCO2281,SCO7192,+,Weak
SCO2281-SCO2550,SCO2281,SCO2550,+,Weak
SCO2281-gvpA1,SCO2281,gvpA1,-,Weak
SCO2281-SCO6852,SCO2281,SCO6852,+,Weak
SCO2281-SCO6850,SCO2281,SCO6850,+,Weak
SCO2281-SCO4896,SCO2281,SCO4896,-,Weak
SCO2281-SCO6858,SCO2281,SCO6858,+,Weak
SCO2281-SCO2788,SCO2281,SCO2788,-,Weak
SCO2281-SCO0776,SCO2281,SCO0776,-,Weak
SCO2281-SCO0777,SCO2281,SCO0777,-,Weak
SCO2281-SCO0778,SCO2281,SCO0778,-,Weak
SCO2281-SCO0779,SCO2281,SCO0779,-,Weak
SCO2281-SCO7450,SCO2281,SCO7450,+,Weak
SCO2281-SCO0678,SCO2281,SCO0678,-,Weak
SCO2281-SCO7454,SCO2281,SCO7454,-,Weak
SCO2281-SCO1281,SCO2281,SCO1281,+,Weak
SCO2281-SCO0104,SCO2281,SCO0104,-,Weak
SCO2281-SCO0103,SCO2281,SCO0103,-,Weak
SCO2281-SCO4999,SCO2281,SCO4999,+,Weak
SCO2281-SCO1911,SCO2281,SCO1911,-,Weak
SCO2281-SCO1910,SCO2281,SCO1910,-,Weak
SCO2281-SCO0072,SCO2281,SCO0072,-,Weak
SCO2281-SCO0070,SCO2281,SCO0070,+,Weak
SCO2281-SCO4029,SCO2281,SCO4029,-,Weak
SCO2281-SCO6574,SCO2281,SCO6574,+,Weak
SCO2281-SCO6576,SCO2281,SCO6576,+,Weak
SCO2281-SCO1358,SCO2281,SCO1358,+,Weak
SCO2281-SCO0197,SCO2281,SCO0197,-,Weak
SCO2281-glmS2,SCO2281,glmS2,-,Weak
SCO2281-actVB,SCO2281,actVB,+,Weak
SCO2281-SCO5090,SCO2281,SCO5090,+,Weak
SCO2281-SCO1357,SCO2281,SCO1357,+,Weak
SCO2281-SCO1356,SCO2281,SCO1356,+,Weak
SCO2281-SCO3238,SCO2281,SCO3238,+,Weak
SCO2281-SCO3239,SCO2281,SCO3239,+,Weak
SCO2281-SCO7590,SCO2281,SCO7590,-,Weak
SCO2281-SCO3230,SCO2281,SCO3230,+,Weak
SCO2281-SCO3231,SCO2281,SCO3231,+,Weak
SCO2281-SCO3232,SCO2281,SCO3232,+,Weak
SCO2281-SCO3233,SCO2281,SCO3233,+,Weak
SCO2281-SCO3235,SCO2281,SCO3235,+,Weak
SCO2281-SCO3237,SCO2281,SCO3237,+,Weak
SCO2281-SCO4799,SCO2281,SCO4799,-,Weak
SCO2281-SCO7388,SCO2281,SCO7388,-,Weak
SCO2281-SCO1130,SCO2281,SCO1130,-,Weak
SCO2281-SCO6257,SCO2281,SCO6257,-,Weak
SCO2281-SCO6259,SCO2281,SCO6259,-,Weak
SCO2281-SCO6706,SCO2281,SCO6706,-,Weak
SCO2281-SCO4578,SCO2281,SCO4578,+,Weak
SCO2281-SCO7387,SCO2281,SCO7387,-,Weak
SCO2281-SCO0991,SCO2281,SCO0991,+,Weak
SCO2281-SCO7312,SCO2281,SCO7312,-,Weak
SCO2281-SCO7311,SCO2281,SCO7311,-,Weak
SCO2281-SCO7317,SCO2281,SCO7317,-,Weak
SCO2281-SCO7316,SCO2281,SCO7316,-,Weak
SCO2281-SCO7315,SCO2281,SCO7315,-,Weak
SCO2281-SCO7314,SCO2281,SCO7314,-,Weak
SCO2281-efp,SCO2281,efp,-,Weak
SCO2281-trpE,SCO2281,trpE,+,Weak
SCO2281-SCO5178,SCO2281,SCO5178,-,Weak
SCO2281-SCO2937,SCO2281,SCO2937,+,Weak
SCO2281-SCO6773,SCO2281,SCO6773,+,Weak
SCO2281-SCO0896,SCO2281,SCO0896,-,Weak
SCO2281-SCO7428,SCO2281,SCO7428,-,Weak
SCO2281-cimA,SCO2281,cimA,-,Weak
SCO2281-SCO6957,SCO2281,SCO6957,+,Weak
SCO2281-SCO7421,SCO2281,SCO7421,-,Weak
SCO2281-SCO7420,SCO2281,SCO7420,-,Weak
SCO2281-ecaA,SCO2281,ecaA,+,Weak
SCO2281-SCO2028,SCO2281,SCO2028,+,Weak
SCO2281-SCO2029,SCO2281,SCO2029,+,Weak
SCO2281-sigB,SCO2281,sigB,-,Weak
SCO2281-SCO2745,SCO2281,SCO2745,+,Weak
SCO2281-wblK,SCO2281,wblK,-,Weak
SCO2281-wblJ,SCO2281,wblJ,+,Weak
SCO2281-SCO6499,SCO2281,SCO6499,-,Weak
SCO2281-SCO6497,SCO2281,SCO6497,-,Weak
SCO2281-SCO6496,SCO2281,SCO6496,-,Weak
SCO2281-SCO6495,SCO2281,SCO6495,-,Weak
SCO2281-SCO6494,SCO2281,SCO6494,-,Weak
SCO2281-SCO0385,SCO2281,SCO0385,+,Weak
SCO2281-SCO0384,SCO2281,SCO0384,+,Weak
SCO2281-SCO0387,SCO2281,SCO0387,+,Weak
SCO2281-SCO0386,SCO2281,SCO0386,+,Weak
SCO2281-SCO0381,SCO2281,SCO0381,+,Weak
SCO2281-SCO7041,SCO2281,SCO7041,-,Weak
SCO2281-SCO7040,SCO2281,SCO7040,-,Weak
SCO2281-SCO0792,SCO2281,SCO0792,-,Weak
SCO2281-SCO0793,SCO2281,SCO0793,-,Weak
SCO2281-SCO0790,SCO2281,SCO0790,-,Weak
SCO2281-SCO6924,SCO2281,SCO6924,+,Weak
SCO2281-ecaD1,SCO2281,ecaD1,+,Weak
SCO2281-SCO6921,SCO2281,SCO6921,+,Weak
SCO2281-SCO1722,SCO2281,SCO1722,+,Weak
SCO2281-SCO1723,SCO2281,SCO1723,+,Weak
SCO2281-SCO5078,SCO2281,SCO5078,+,Weak
SCO2281-ectD,SCO2281,ectD,-,Weak
SCO2281-bfr,SCO2281,bfr,-,Weak
SCO2281-ectA,SCO2281,ectA,-,Weak
SCO2281-ectB,SCO2281,ectB,-,Weak
SCO2281-ectC,SCO2281,ectC,-,Weak
SCO2281-SCO7288,SCO2281,SCO7288,-,Weak
SCO2281-SCO0906,SCO2281,SCO0906,-,Weak
SCO2281-asnO,SCO2281,asnO,+,Weak
SCO2281-SCO0759,SCO2281,SCO0759,-,Weak
SCO2281-SCO6274,SCO2281,SCO6274,+,Weak
SCO2281-SCO4280,SCO2281,SCO4280,+,Weak
SCO2281-SCO1862,SCO2281,SCO1862,+,Weak
SCO2281-SCO1868,SCO2281,SCO1868,+,Weak
SCO2281-SCO1456,SCO2281,SCO1456,+,Weak
SCO2281-SCO0753,SCO2281,SCO0753,-,Weak
SCO2281-SCO4118,SCO2281,SCO4118,+,Weak
SCO2281-SCO6198,SCO2281,SCO6198,+,Weak
SCO2281-SCO6199,SCO2281,SCO6199,+,Weak
SCO2281-SCO6197,SCO2281,SCO6197,+,Weak
SCO2281-SCO5644,SCO2281,SCO5644,+,Weak
SCO2281-SCO0909,SCO2281,SCO0909,+,Weak
SCO2281-SCO0897,SCO2281,SCO0897,-,Weak
SCO2281-SCO1266,SCO2281,SCO1266,+,Weak
SCO2281-SCO3241,SCO2281,SCO3241,+,Weak
SCO2281-SCO3240,SCO2281,SCO3240,+,Weak
SCO2281-SCO3243,SCO2281,SCO3243,+,Weak
SCO2281-SCO3242,SCO2281,SCO3242,+,Weak
SCO2281-SCO3245,SCO2281,SCO3245,+,Weak
SCO2281-SCO3244,SCO2281,SCO3244,+,Weak
SCO2281-SCO3247,SCO2281,SCO3247,+,Weak
SCO2281-SCO3249,SCO2281,SCO3249,+,Weak
SCO2281-SCO3248,SCO2281,SCO3248,+,Weak
SCO2281-dpsA,SCO2281,dpsA,-,Weak
SCO2281-SCO5884,SCO2281,SCO5884,+,Weak
SCO2281-SCO5883,SCO2281,SCO5883,+,Weak
SCO2281-SCO5882,SCO2281,SCO5882,+,Weak
SCO2281-SCO2706,SCO2281,SCO2706,+,Weak
SCO2281-SCO7669,SCO2281,SCO7669,+,Weak
SCO2281-ramS,SCO2281,ramS,-,Weak
SCO2281-SCO1160,SCO2281,SCO1160,+,Weak
SCO2281-SCO7260,SCO2281,SCO7260,-,Weak
SCO2281-SCO7186,SCO2281,SCO7186,-,Weak
SCO2281-actIII,SCO2281,actIII,+,Weak
SCO2281-SCO5089,SCO2281,SCO5089,+,Weak
SCO2281-SCO5088,SCO2281,SCO5088,+,Weak
SCO2281-SCO7345,SCO2281,SCO7345,+,Weak
SCO2281-SCO5087,SCO2281,SCO5087,+,Weak
SCO2281-SCO5081,SCO2281,SCO5081,+,Weak
SCO2281-SCO5080,SCO2281,SCO5080,+,Weak
SCO2281-SCO7165,SCO2281,SCO7165,+,Weak
SCO2281-SCO0698,SCO2281,SCO0698,-,Weak
SCO2281-SCO7160,SCO2281,SCO7160,+,Weak
SCO2281-SCO2408,SCO2281,SCO2408,+,Weak
SCO2281-SCO6965,SCO2281,SCO6965,-,Weak
SCO2281-SCO0666,SCO2281,SCO0666,-,Weak
SCO2281-SCO1767,SCO2281,SCO1767,+,Weak
SCO2281-SCO2493,SCO2281,SCO2493,-,Weak
SCO2281-SCO2492,SCO2281,SCO2492,+,Weak
SCO2281-SCO2495,SCO2281,SCO2495,+,Weak
SCO2281-SCO2494,SCO2281,SCO2494,-,Weak
SCO2281-SCO7465,SCO2281,SCO7465,-,Weak
SCO2281-SCO7464,SCO2281,SCO7464,-,Weak
SCO2281-SCO2886,SCO2281,SCO2886,-,Weak
SCO2281-SCO7466,SCO2281,SCO7466,-,Weak
SCO2281-SCO7463,SCO2281,SCO7463,-,Weak
SCO2281-SCO7717,SCO2281,SCO7717,+,Weak
SCO2281-SCO4165,SCO2281,SCO4165,-,Weak
SCO2281-SCO4164,SCO2281,SCO4164,-,Weak
SCO2281-SCO7489,SCO2281,SCO7489,+,Weak
SCO2281-SCO7488,SCO2281,SCO7488,+,Weak
SCO2281-SCO1900,SCO2281,SCO1900,-,Weak
SCO2281-SCO1901,SCO2281,SCO1901,-,Weak
SCO2281-SCO1902,SCO2281,SCO1902,-,Weak
SCO2281-SCO0595,SCO2281,SCO0595,-,Weak
SCO2281-SCO1909,SCO2281,SCO1909,+,Weak
SCO2281-SCO7762,SCO2281,SCO7762,+,Weak
SCO2281-SCO7761,SCO2281,SCO7761,+,Weak
SCO2281-SCO0231,SCO2281,SCO0231,-,Weak
SCO2281-SCO1225,SCO2281,SCO1225,-,Weak
SCO2281-SCO7114,SCO2281,SCO7114,+,Weak
SCO2281-SCO1227,SCO2281,SCO1227,+,Weak
SCO2281-SCO4265,SCO2281,SCO4265,+,Weak
SCO2281-SCO6544,SCO2281,SCO6544,+,Weak
SCO2281-SCO1223,SCO2281,SCO1223,-,Weak
SCO2281-SCO3750,SCO2281,SCO3750,+,Weak
SCO2281-SCO0394,SCO2281,SCO0394,+,Weak
SCO2281-SCO6141,SCO2281,SCO6141,-,Weak
SCO2281-SCO4640,SCO2281,SCO4640,+,Weak
SCO2281-SCO4641,SCO2281,SCO4641,+,Weak
SCO2281-SCO4642,SCO2281,SCO4642,+,Weak
SCO2281-SCO1839,SCO2281,SCO1839,+,Weak
SCO2281-SCO4862,SCO2281,SCO4862,+,Weak
SCO2281-SCO4903,SCO2281,SCO4903,+,Weak
SCO2281-ecrA1,SCO2281,ecrA1,+,Weak
SCO2281-SCO1124,SCO2281,SCO1124,-,Weak
SCO2281-SCO1125,SCO2281,SCO1125,-,Weak
SCO2281-SCO2628,SCO2281,SCO2628,-,Weak
SCO2281-SCO0844,SCO2281,SCO0844,-,Weak
SCO2281-SCO0845,SCO2281,SCO0845,-,Weak
SCO2281-SCO6749,SCO2281,SCO6749,+,Weak
SCO2281-SCO6091,SCO2281,SCO6091,+,Weak
SCO2281-SCO3111,SCO2281,SCO3111,+,Weak
SCO2281-SCO7305,SCO2281,SCO7305,-,Weak
SCO2281-SCO5982,SCO2281,SCO5982,-,Weak
SCO2281-SCO2909,SCO2281,SCO2909,+,Weak
SCO2281-SCO5163,SCO2281,SCO5163,+,Weak
SCO2281-SCO2907,SCO2281,SCO2907,-,Weak
SCO2281-SCO2056,SCO2281,SCO2056,+,Weak
SCO2281-SCO7287,SCO2281,SCO7287,-,Weak
SCO2281-SCO5345,SCO2281,SCO5345,+,Weak
SCO2281-SCO7289,SCO2281,SCO7289,-,Weak
SCO2281-SCO7536,SCO2281,SCO7536,+,Weak
SCO2281-SCO7122,SCO2281,SCO7122,+,Weak
SCO2281-SCO7821,SCO2281,SCO7821,-,Weak
SCO2281-SCO7125,SCO2281,SCO7125,+,Weak
SCO2281-SCO2695,SCO2281,SCO2695,+,Weak
SCO2281-SCO2696,SCO2281,SCO2696,+,Weak
SCO2281-SCO0834,SCO2281,SCO0834,-,Weak
SCO2281-SCO0930,SCO2281,SCO0930,+,Weak
SCO2281-SCO7381,SCO2281,SCO7381,-,Weak
SCO2281-SCO7238,SCO2281,SCO7238,-,Weak
SCO2281-SCO7236,SCO2281,SCO7236,-,Weak
SCO2281-SCO7237,SCO2281,SCO7237,-,Weak
SCO2281-SCO6328,SCO2281,SCO6328,+,Weak
SCO2281-SCO0392,SCO2281,SCO0392,+,Weak
SCO2281-SCO0393,SCO2281,SCO0393,+,Weak
SCO2281-SCO7759,SCO2281,SCO7759,+,Weak
SCO2281-SCO0391,SCO2281,SCO0391,+,Weak
SCO2281-SCO0396,SCO2281,SCO0396,+,Weak
SCO2281-SCO0397,SCO2281,SCO0397,+,Weak
SCO2281-SCO2280,SCO2281,SCO2280,-,Weak
SCO2281-SCO0395,SCO2281,SCO0395,+,Weak
SCO2281-SCO3805,SCO2281,SCO3805,-,Weak
SCO2281-SCO0399,SCO2281,SCO0399,+,Weak
SCO2281-SCO3802,SCO2281,SCO3802,-,Weak
SCO2281-SCO2477,SCO2281,SCO2477,+,Weak
SCO2281-SCO2478,SCO2281,SCO2478,+,Weak
SCO2281-SCO0718,SCO2281,SCO0718,-,Weak
SCO2281-SCO0719,SCO2281,SCO0719,-,Weak
SCO2281-SCO7434,SCO2281,SCO7434,-,Weak
SCO2281-nuoA,SCO2281,nuoA,+,Weak
SCO2281-SCO7431,SCO2281,SCO7431,-,Weak
SCO2281-SCO0656,SCO2281,SCO0656,+,Weak
SCO2281-SCO2372,SCO2281,SCO2372,-,Weak
SCO2281-gvpJ1,SCO2281,gvpJ1,-,Weak
SCO2281-SCO3713,SCO2281,SCO3713,+,Weak
SCO2281-SCO3714,SCO2281,SCO3714,+,Weak
SCO2281-ecrE2,SCO2281,ecrE2,+,Weak
SCO2281-SCO6021,SCO2281,SCO6021,+,Weak
SCO2281-SCO4829,SCO2281,SCO4829,-,Weak
SCO2281-SCO0400,SCO2281,SCO0400,+,Weak
SCO2281-SCO0401,SCO2281,SCO0401,+,Weak
SCO2281-SCO7423,SCO2281,SCO7423,-,Weak
SCO2281-SCO0882,SCO2281,SCO0882,+,Weak
SCO2281-SCO1575,SCO2281,SCO1575,+,Weak
SCO2281-SCO1574,SCO2281,SCO1574,+,Weak
SCO2281-SCO5650,SCO2281,SCO5650,-,Weak
SCO2281-SCO6288,SCO2281,SCO6288,+,Weak
SCO2281-SCO1573,SCO2281,SCO1573,+,Weak
SCO2281-SCO6289,SCO2281,SCO6289,+,Weak
SCO2281-SCO4214,SCO2281,SCO4214,+,Weak
SCO2281-SCO3158,SCO2281,SCO3158,-,Weak
SCO2281-SCO1370,SCO2281,SCO1370,+,Weak
SCO2281-SCO0398,SCO2281,SCO0398,+,Weak
SCO2281-SCO6291,SCO2281,SCO6291,+,Weak
SCO2281-SCO2309,SCO2281,SCO2309,+,Weak
SCO2281-SCO5892,SCO2281,SCO5892,+,Weak
SCO2281-SCO5891,SCO2281,SCO5891,+,Weak
SCO2281-SCO6509,SCO2281,SCO6509,-,Weak
SCO2281-SCO6508,SCO2281,SCO6508,-,Weak
SCO2281-SCO6283,SCO2281,SCO6283,+,Weak
SCO2281-SCO6504,SCO2281,SCO6504,-,Weak
SCO2281-SCO6507,SCO2281,SCO6507,-,Weak
SCO2281-SCO6506,SCO2281,SCO6506,-,Weak
SCO2281-SCO6501,SCO2281,SCO6501,-,Weak
SCO2281-SCO6280,SCO2281,SCO6280,+,Weak
SCO2281-SCO6503,SCO2281,SCO6503,-,Weak
SCO2281-SCO6502,SCO2281,SCO6502,-,Weak
SCO2281-SCO6277,SCO2281,SCO6277,+,Weak
SCO2281-SCO6276,SCO2281,SCO6276,+,Weak
SCO2281-SCO6275,SCO2281,SCO6275,+,Weak
SCO2281-SCO6281,SCO2281,SCO6281,+,Weak
SCO2281-SCO6273,SCO2281,SCO6273,+,Weak
SCO2281-SCO6272,SCO2281,SCO6272,+,Weak
SCO2281-SCO6286,SCO2281,SCO6286,+,Weak
SCO2281-SCO7671,SCO2281,SCO7671,+,Weak
SCO2281-SCO6279,SCO2281,SCO6279,+,Weak
SCO2281-SCO6278,SCO2281,SCO6278,+,Weak
SCO2281-SCO0973,SCO2281,SCO0973,+,Weak
SCO2281-SCO6685,SCO2281,SCO6685,-,Weak
SCO2281-SCO7273,SCO2281,SCO7273,+,Weak
SCO2281-SCO7276,SCO2281,SCO7276,-,Weak
SCO2281-SCO7277,SCO2281,SCO7277,-,Weak
SCO2281-SCO7278,SCO2281,SCO7278,-,Weak
SCO2281-SCO0871,SCO2281,SCO0871,-,Weak
SCO2281-SCO0870,SCO2281,SCO0870,-,Weak
SCO2281-SCO0260,SCO2281,SCO0260,-,Weak
SCO2281-SCO7379,SCO2281,SCO7379,-,Weak
SCO2281-SCO7378,SCO2281,SCO7378,-,Weak
SCO2281-SCO2954,SCO2281,SCO2954,+,Weak
SCO2281-SCO7371,SCO2281,SCO7371,-,Weak
SCO2281-SCO7373,SCO2281,SCO7373,-,Weak
SCO2281-SCO5091,SCO2281,SCO5091,+,Weak
SCO2281-SCO7374,SCO2281,SCO7374,-,Weak
SCO2281-SCO7377,SCO2281,SCO7377,-,Weak
SCO2281-SCO7376,SCO2281,SCO7376,-,Weak
SCO2281-SCO0689,SCO2281,SCO0689,-,Weak
SCO2281-SCO7152,SCO2281,SCO7152,+,Weak
SCO2281-SCO0681,SCO2281,SCO0681,-,Weak
SCO2281-SCO7403,SCO2281,SCO7403,-,Weak
SCO2281-SCO0685,SCO2281,SCO0685,+,Weak
SCO2281-SCO0686,SCO2281,SCO0686,-,Weak
SCO2281-SCO5074,SCO2281,SCO5074,+,Weak
SCO2281-SCO5075,SCO2281,SCO5075,+,Weak
SCO2281-SCO5379,SCO2281,SCO5379,+,Weak
SCO2281-SCO6872,SCO2281,SCO6872,+,Weak
SCO2281-SCO5071,SCO2281,SCO5071,+,Weak
SCO2281-SCO5072,SCO2281,SCO5072,+,Weak
SCO2281-SCO5073,SCO2281,SCO5073,+,Weak
SCO2281-SCO6974,SCO2281,SCO6974,+,Weak
SCO2281-SCO5079,SCO2281,SCO5079,+,Weak
SCO2281-actII-4,SCO2281,actII-4,+,Weak
SCO2281-SCO6977,SCO2281,SCO6977,+,Weak
SCO2281-SCO7082,SCO2281,SCO7082,+,Weak
SCO2281-SCO0758,SCO2281,SCO0758,-,Weak
SCO2281-SCO6511,SCO2281,SCO6511,-,Weak
SCO2281-SCO0752,SCO2281,SCO0752,+,Weak
SCO2281-SCO6516,SCO2281,SCO6516,-,Weak
SCO2281-SCO0750,SCO2281,SCO0750,-,Weak
SCO2281-SCO0757,SCO2281,SCO0757,-,Weak
SCO2281-SCO7751,SCO2281,SCO7751,-,Weak
SCO2281-SCO7577,SCO2281,SCO7577,+,Weak
SCO2281-SCO5380,SCO2281,SCO5380,+,Weak
SCO2281-SCO3287,SCO2281,SCO3287,+,Weak
SCO2281-SCO0125,SCO2281,SCO0125,+,Weak
SCO2281-SCO0124,SCO2281,SCO0124,+,Weak
SCO2281-SCO0127,SCO2281,SCO0127,+,Weak
SCO2281-SCO0126,SCO2281,SCO0126,+,Weak
SCO2281-SCO7494,SCO2281,SCO7494,-,Weak
SCO2281-SCO4982,SCO2281,SCO4982,-,Weak
SCO2281-SCO3999,SCO2281,SCO3999,+,Weak
SCO2281-SCO2136,SCO2281,SCO2136,-,Weak
SCO2281-SCO0729,SCO2281,SCO0729,+,Weak
SCO2281-SCO0722,SCO2281,SCO0722,-,Weak
SCO2281-SCO0721,SCO2281,SCO0721,-,Weak
SCO2281-SCO4005,SCO2281,SCO4005,+,Weak
SCO2281-SCO1898,SCO2281,SCO1898,-,Weak
SCO2281-SCO1899,SCO2281,SCO1899,-,Weak
SCO2281-SCO0224,SCO2281,SCO0224,+,Weak
SCO2281-SCO1892,SCO2281,SCO1892,+,Weak
SCO2281-SCO0220,SCO2281,SCO0220,-,Weak
SCO2281-SCO0548,SCO2281,SCO0548,+,Weak
SCO2281-SCO3213,SCO2281,SCO3213,+,Weak
SCO2281-SCO3210,SCO2281,SCO3210,+,Weak
SCO2281-SCO3217,SCO2281,SCO3217,+,Weak
SCO2281-SCO3215,SCO2281,SCO3215,+,Weak
SCO2281-SCO3218,SCO2281,SCO3218,+,Weak
SCO2281-SCO7225,SCO2281,SCO7225,+,Weak
SCO2281-SCO6014,SCO2281,SCO6014,-,Weak
SCO2281-SCO2342,SCO2281,SCO2342,-,Weak
SCO2281-SCO2341,SCO2281,SCO2341,-,Weak
SCO2281-SCO2344,SCO2281,SCO2344,-,Weak
SCO2281-SCO0532,SCO2281,SCO0532,+,Weak
SCO2281-SCO4174,SCO2281,SCO4174,+,Weak
SCO2281-SCO4175,SCO2281,SCO4175,+,Weak
SCO2281-SCO1801,SCO2281,SCO1801,+,Weak
SCO2281-SCO1803,SCO2281,SCO1803,+,Weak
SCO2281-SCO1802,SCO2281,SCO1802,+,Weak
SCO2281-SCO1804,SCO2281,SCO1804,+,Weak
SCO5723-SCO5723,SCO5723,SCO5723,-,Weak
dmdR1-dmdR2,dmdR1,dmdR2,?,Weak
dmdR1-SCO0604,dmdR1,SCO0604,?,Weak
dmdR1-SCO2783,dmdR1,SCO2783,?,Weak
dmdR1-SCO2782,dmdR1,SCO2782,-,Strong
dmdR1-SCO0741,dmdR1,SCO0741,?,Weak
dmdR1-mdh,dmdR1,mdh,?,Weak
dmdR1-SCO2785,dmdR1,SCO2785,?,Weak
dmdR1-SCO2784,dmdR1,SCO2784,?,Weak
dmdR1-dpsA,dmdR1,dpsA,?,Weak
dmdR1-SCO0999,dmdR1,SCO0999,?,Weak
dmdR1-SCO4683,dmdR1,SCO4683,?,Weak
dmdR1-SCO6501,dmdR1,SCO6501,?,Weak
dmdR1-gatB,dmdR1,gatB,?,Weak
dmdR1-SCO4018,dmdR1,SCO4018,?,Weak
sigB-SCO0666,sigB,SCO0666,+,Strong
sigB-sigB,sigB,sigB,-,Strong
sigB-SCO7339,sigB,SCO7339,+,Weak
sigB-SCO7277,sigB,SCO7277,+,Weak
sigB-SCO7289,sigB,SCO7289,+,Weak
sigB-sigH,sigB,sigH,+,Weak
sigB-sigI,sigB,sigI,+,Weak
sigB-SCO7314,sigB,SCO7314,+,Weak
sigB-hrdD,sigB,hrdD,+,Weak
sigB-SCO7325,sigB,SCO7325,+,Weak
sigB-SCO2372,sigB,SCO2372,+,Weak
sigB-trxC,sigB,trxC,+,Weak
sigB-mshC,sigB,mshC,+,Weak
sigB-mshA,sigB,mshA,+,Weak
sigB-SCO7278,sigB,SCO7278,+,Weak
sigB-actII-4,sigB,actII-4,-,Weak
sigE-SCO3341,sigE,SCO3341,?,Weak
sigE-SCO3342,sigE,SCO3342,?,Weak
sigE-SCO2055,sigE,SCO2055,?,Weak
sigE-SCO2611,sigE,SCO2611,?,Strong
sigE-SCO2610,sigE,SCO2610,?,Weak
sigE-SCO2293,sigE,SCO2293,?,Weak
sigE-SCO2294,sigE,SCO2294,?,Weak
sigE-gmhA,sigE,gmhA,?,Weak
sigE-SCO1647,sigE,SCO1647,?,Weak
sigE-SCO3900,sigE,SCO3900,?,Weak
sigE-SCO4849,sigE,SCO4849,?,Weak
sigE-SCO4847,sigE,SCO4847,?,Weak
sigE-SCO7233,sigE,SCO7233,?,Weak
sigE-SCO6181,sigE,SCO6181,?,Weak
sigE-SCO6180,sigE,SCO6180,?,Weak
sigE-SCO6183,sigE,SCO6183,?,Weak
sigE-SCO2609,sigE,SCO2609,?,Weak
sigE-SCO6185,sigE,SCO6185,?,Weak
sigE-SCO6184,sigE,SCO6184,?,Weak
sigE-SCO6833,sigE,SCO6833,?,Weak
sigE-SCO6832,sigE,SCO6832,?,Weak
sigE-SCO6189,sigE,SCO6189,?,Weak
sigE-SCO4613,sigE,SCO4613,?,Weak
sigE-SCO5039,sigE,SCO5039,?,Weak
sigE-glnR,sigE,glnR,?,Weak
sigE-SCO5030,sigE,SCO5030,?,Weak
sigE-SCO2368,sigE,SCO2368,?,Weak
sigE-SCO3761,sigE,SCO3761,?,Weak
sigE-SCO2167,sigE,SCO2167,?,Weak
sigE-SCO4934,sigE,SCO4934,?,Weak
sigE-SCO4289,sigE,SCO4289,?,Weak
sigE-SCO2168,sigE,SCO2168,?,Weak
sigE-SCO5535,sigE,SCO5535,?,Weak
sigE-SCO3972,sigE,SCO3972,?,Weak
sigE-SCO5742,sigE,SCO5742,?,Weak
sigE-pkaA,sigE,pkaA,?,Weak
sigE-SCO6130,sigE,SCO6130,?,Weak
sigE-SCO6354,sigE,SCO6354,?,Weak
sigE-SCO6355,sigE,SCO6355,?,Weak
sigE-SCO6356,sigE,SCO6356,?,Weak
sigE-SCO6357,sigE,SCO6357,?,Weak
sigE-dagA,sigE,dagA,+,Strong
sigE-SCO6353,sigE,SCO6353,?,Weak
sigE-SCO6981,sigE,SCO6981,?,Weak
sigE-SCO6980,sigE,SCO6980,?,Weak
sigE-SCO6982,sigE,SCO6982,?,Weak
sigE-SCO6190,sigE,SCO6190,?,Weak
sigE-SCO3712,sigE,SCO3712,?,Weak
sigE-SCO3899,sigE,SCO3899,?,Weak
sigE-SCO4439,sigE,SCO4439,?,Weak
sigE-SCO6028,sigE,SCO6028,?,Weak
sigE-sigE,sigE,sigE,-,Weak
sigE-SCO1875,sigE,SCO1875,?,Weak
sigE-SCO3481,sigE,SCO3481,?,Weak
sigE-whiB,sigE,whiB,+,Strong
sigE-SCO4042,sigE,SCO4042,?,Weak
sigE-SCO4120,sigE,SCO4120,?,Weak
sigE-SCO2807,sigE,SCO2807,?,Weak
sigE-SCO4253,sigE,SCO4253,?,Weak
sigE-SCO3419,sigE,SCO3419,?,Weak
sigE-SCO0664,sigE,SCO0664,?,Weak
sigE-SCO4582,sigE,SCO4582,?,Weak
sigE-SCO3559,sigE,SCO3559,?,Weak
sigE-SCO5310,sigE,SCO5310,?,Weak
sigE-SCO2419,sigE,SCO2419,?,Weak
sigE-SCO2418,sigE,SCO2418,?,Weak
sigE-SCO3098,sigE,SCO3098,?,Weak
sigE-SCO1168,sigE,SCO1168,?,Weak
sigE-SCO2413,sigE,SCO2413,?,Weak
sigE-SCO2412,sigE,SCO2412,?,Weak
sigE-SCO2411,sigE,SCO2411,?,Weak
sigE-SCO2410,sigE,SCO2410,?,Weak
sigE-SCO2417,sigE,SCO2417,?,Weak
sigE-SCO2416,sigE,SCO2416,?,Weak
sigE-SCO2415,sigE,SCO2415,?,Weak
sigE-SCO2414,sigE,SCO2414,?,Weak
sigE-SCO3397,sigE,SCO3397,?,Weak
sigE-SCO3396,sigE,SCO3396,?,Strong
sigE-idi,sigE,idi,?,Weak
sigE-SCO2897,sigE,SCO2897,?,Weak
sigE-SCO4133,sigE,SCO4133,?,Weak
sigE-SCO2892,sigE,SCO2892,?,Weak
sigE-SCO4134,sigE,SCO4134,?,Weak
sigE-SCO4158,sigE,SCO4158,?,Weak
sigE-SCO6379,sigE,SCO6379,?,Weak
sigE-SCO3424,sigE,SCO3424,?,Weak
sigE-SCO3548,sigE,SCO3548,?,Weak
sigE-SCO2255,sigE,SCO2255,?,Weak
sigE-SCO0879,sigE,SCO0879,?,Weak
sigE-SCO0878,sigE,SCO0878,?,Weak
sigE-SCO0662,sigE,SCO0662,?,Weak
sigE-SCO0663,sigE,SCO0663,?,Weak
sigE-SCO0877,sigE,SCO0877,?,Weak
sigE-SCO5255,sigE,SCO5255,?,Weak
sigE-SCO4968,sigE,SCO4968,?,Weak
sigE-SCO6262,sigE,SCO6262,?,Weak
sigE-SCO6263,sigE,SCO6263,?,Weak
sigE-SCO3728,sigE,SCO3728,?,Weak
sigE-SCO1755,sigE,SCO1755,?,Weak
sigE-SCO6979,sigE,SCO6979,?,Weak
sigE-SCO1024,sigE,SCO1024,?,Weak
sigE-SCO1023,sigE,SCO1023,?,Weak
sigE-SCO6773,sigE,SCO6773,?,Weak
sigE-SCO6177,sigE,SCO6177,?,Weak
sigE-SCO6178,sigE,SCO6178,?,Weak
sigE-SCO6179,sigE,SCO6179,+,Weak
sigE-hrdD,sigE,hrdD,+,Strong
sigE-SCO4651,sigE,SCO4651,?,Weak
sigE-SCO5705,sigE,SCO5705,?,Weak
sigE-hldE,sigE,hldE,?,Weak
sigE-SCO4263,sigE,SCO4263,?,Weak
sigE-SCO6182,sigE,SCO6182,?,Weak
sigE-SCO5049,sigE,SCO5049,?,Weak
sigE-SCO4471,sigE,SCO4471,?,Strong
sigE-SCO2975,sigE,SCO2975,?,Weak
sigE-SCO2334,sigE,SCO2334,?,Strong
sigE-SCO3044,sigE,SCO3044,?,Weak
sigE-SCO6188,sigE,SCO6188,?,Weak
sigE-SCO2939,sigE,SCO2939,?,Weak
sigE-SCO4904,sigE,SCO4904,?,Weak
sigE-SCO7730,sigE,SCO7730,?,Weak
sigE-SCO4069,sigE,SCO4069,?,Weak
sigE-SCO2629,sigE,SCO2629,?,Weak
sigE-SCO5358,sigE,SCO5358,?,Weak
sigE-SCO4468,sigE,SCO4468,?,Weak
sigE-SCO5213,sigE,SCO5213,?,Weak
sigE-SCO0848,sigE,SCO0848,?,Weak
sigE-SCO0849,sigE,SCO0849,?,Weak
sigE-SCO3194,sigE,SCO3194,?,Strong
sigE-SCO4467,sigE,SCO4467,?,Weak
sigE-SCO5856,sigE,SCO5856,?,Weak
sigE-mqnE,sigE,mqnE,?,Weak
sigE-SCO5336,sigE,SCO5336,?,Weak
sigE-SCO5981,sigE,SCO5981,?,Weak
sigE-SCO1738,sigE,SCO1738,?,Weak
sigE-SCO7657,sigE,SCO7657,?,Weak
sigE-SCO0736,sigE,SCO0736,?,Weak
sigE-SCO7658,sigE,SCO7658,?,Weak
sigF-SCO5321,sigF,SCO5321,+,Strong
sigH-SCO1276,sigH,SCO1276,+,Strong
sigH-SCO1541,sigH,SCO1541,+,Strong
sigH-SCO2025,sigH,SCO2025,?,Weak
sigH-SCO2026,sigH,SCO2026,+,Weak
sigH-dagA,sigH,dagA,+,Strong
sigH-rplY,sigH,rplY,+,Weak
sigH-sigH,sigH,sigH,?,Weak
sigH-actIII,sigH,actIII,+,Strong
sigH-prsH,sigH,prsH,+,Weak
sigR-SCO3187,sigR,SCO3187,+,Weak
sigR-SCO3509,sigR,SCO3509,?,Weak
sigR-SCO4203,sigR,SCO4203,?,Weak
sigR-SCO4205,sigR,SCO4205,?,Weak
sigR-SCO4198,sigR,SCO4198,+,Weak
sigR-SCO4199,sigR,SCO4199,+,Weak
sigR-SCO5187,sigR,SCO5187,+,Weak
sigR-SCO5188,sigR,SCO5188,?,Weak
sigR-SCO3764,sigR,SCO3764,+,Weak
sigR-uvrA,sigR,uvrA,+,Weak
sigR-ctaF,sigR,ctaF,?,Weak
sigR-clpX,sigR,clpX,?,Weak
sigR-SCO4297,sigR,SCO4297,+,Weak
sigR-SCO1340,sigR,SCO1340,+,Weak
sigR-SCO2538,sigR,SCO2538,?,Weak
sigR-SCO4299,sigR,SCO4299,?,Weak
sigR-SCO4298,sigR,SCO4298,?,Weak
sigR-SCO1647,sigR,SCO1647,?,Weak
sigR-SCO1645,sigR,SCO1645,?,Weak
sigR-fumC,sigR,fumC,+,Weak
sigR-SCO1085,sigR,SCO1085,?,Weak
sigR-SCO6551,sigR,SCO6551,+,Weak
sigR-SCO2912,sigR,SCO2912,+,Weak
sigR-SCO6126,sigR,SCO6126,?,Weak
sigR-SCO2910,sigR,SCO2910,+,Weak
sigR-SCO2911,sigR,SCO2911,+,Weak
sigR-SCO1839,sigR,SCO1839,+,Weak
sigR-SCO0564,sigR,SCO0564,+,Weak
sigR-dxs1,sigR,dxs1,?,Weak
sigR-SCO6424,sigR,SCO6424,+,Weak
sigR-SCO6423,sigR,SCO6423,+,Weak
sigR-SCO3373,sigR,SCO3373,-,Weak
sigR-SCO1142,sigR,SCO1142,?,Weak
sigR-SCO1392,sigR,SCO1392,+,Weak
sigR-SCO3766,sigR,SCO3766,?,Weak
sigR-SCO3767,sigR,SCO3767,?,Weak
sigR-SCO2763,sigR,SCO2763,?,Weak
sigR-SCO3765,sigR,SCO3765,?,Weak
sigR-SCO5177,sigR,SCO5177,+,Weak
sigR-SCO2161,sigR,SCO2161,+-,Weak
sigR-SCO0973,sigR,SCO0973,?,Weak
sigR-SCO1869,sigR,SCO1869,+,Weak
sigR-rsrA,sigR,rsrA,+,Weak
sigR-SCO7631,sigR,SCO7631,?,Weak
sigR-SCO7632,sigR,SCO7632,+,Weak
sigR-SCO4833,sigR,SCO4833,?,Weak
sigR-SCO7203,sigR,SCO7203,+,Weak
sigR-glmM,sigR,glmM,+,Weak
sigR-nadA,sigR,nadA,?,Weak
sigR-SCO4835,sigR,SCO4835,?,Weak
sigR-SCO4834,sigR,SCO4834,?,Weak
sigR-SCO2816,sigR,SCO2816,?,Weak
sigR-SCO5552,sigR,SCO5552,?,Weak
sigR-SCO4797,sigR,SCO4797,?,Weak
sigR-ispG1,sigR,ispG1,?,Weak
sigR-rplT,sigR,rplT,?,Weak
sigR-arc,sigR,arc,?,Weak
sigR-SCO1384,sigR,SCO1384,+,Weak
sigR-SCO3083,sigR,SCO3083,+,Weak
sigR-prfA,sigR,prfA,?,Weak
sigR-lipA,sigR,lipA,?,Weak
sigR-SCO3162,sigR,SCO3162,+,Weak
sigR-rbfA,sigR,rbfA,?,Weak
sigR-folE,sigR,folE,?,Weak
sigR-zwf2,sigR,zwf2,?,Weak
sigR-SCO7117,sigR,SCO7117,+,Weak
sigR-sigR,sigR,sigR,+,Strong
sigR-SCO4040,sigR,SCO4040,?,Weak
sigR-rpmG3,sigR,rpmG3,?,Weak
sigR-rpmG2,sigR,rpmG2,+,Weak
sigR-SCO5545,sigR,SCO5545,+,Weak
sigR-SCO0884,sigR,SCO0884,?,Weak
sigR-SCO0882,sigR,SCO0882,+-,Weak
sigR-SCO3415,sigR,SCO3415,+-,Weak
sigR-SCO2210,sigR,SCO2210,+,Weak
sigR-SCO4316,sigR,SCO4316,+,Weak
sigR-SCO5655,sigR,SCO5655,+,Weak
sigR-SCO1997,sigR,SCO1997,+,Weak
sigR-SCO5465,sigR,SCO5465,+,Weak
sigR-SCO1084,sigR,SCO1084,?,Weak
sigR-SCO4420,sigR,SCO4420,?,Weak
sigR-SCO1995,sigR,SCO1995,+,Weak
sigR-mshA,sigR,mshA,+,Strong
sigR-mshB,sigR,mshB,+,Weak
sigR-mshC,sigR,mshC,+,Weak
sigR-pup,sigR,pup,?,Weak
sigR-SCO3091,sigR,SCO3091,+,Weak
sigR-SCO6766,sigR,SCO6766,?,Weak
sigR-SCO5490,sigR,SCO5490,?,Weak
sigR-obg,sigR,obg,?,Weak
sigR-actIII,sigR,actIII,+,Strong
sigR-SCO5707,sigR,SCO5707,?,Weak
sigR-SCO4039,sigR,SCO4039,+,Weak
sigR-SCO5705,sigR,SCO5705,?,Weak
sigR-rbpA,sigR,rbpA,+,Weak
sigR-SCO4501,sigR,SCO4501,+,Weak
sigR-pgl,sigR,pgl,?,Weak
sigR-SCO2254,sigR,SCO2254,?,Weak
sigR-SCO5065,sigR,SCO5065,?,Weak
sigR-SCO4419,sigR,SCO4419,?,Weak
sigR-SCO4418,sigR,SCO4418,?,Weak
sigR-relA,sigR,relA,+-,Weak
sigR-SCO2310,sigR,SCO2310,?,Weak
sigR-guaB,sigR,guaB,+,Weak
sigR-prmC,sigR,prmC,?,Weak
sigR-mshD,sigR,mshD,+,Weak
sigR-SCO1919,sigR,SCO1919,+,Weak
sigR-lon,sigR,lon,-,Strong
sigR-SCO4966,sigR,SCO4966,?,Weak
sigR-SCO4968,sigR,SCO4968,+,Weak
sigR-SCO5865,sigR,SCO5865,?,Weak
sigR-SCO5864,sigR,SCO5864,?,Weak
sigR-hflX,sigR,hflX,+,Weak
sigR-smpB,sigR,smpB,?,Weak
sigR-SCO2642,sigR,SCO2642,?,Weak
sigR-SCO2643,sigR,SCO2643,+,Weak
sigR-SCO6577,sigR,SCO6577,+,Weak
sigR-infC,sigR,infC,?,Weak
sigR-infB,sigR,infB,?,Weak
sigR-mca,sigR,mca,+,Strong
sigR-msrA,sigR,msrA,+,Weak
sigR-rpmI,sigR,rpmI,?,Weak
sigR-SCO6127,sigR,SCO6127,?,Weak
sigR-SCO2537,sigR,SCO2537,+,Weak
sigR-SCO6759,sigR,SCO6759,+-,Weak
sigR-rpmE,sigR,rpmE,+,Weak
sigR-SCO4109,sigR,SCO4109,?,Weak
sigR-hrdB,sigR,hrdB,?,Weak
sigR-der,sigR,der,?,Weak
sigR-SCO1618,sigR,SCO1618,?,Weak
sigR-SCO1619,sigR,SCO1619,?,Weak
sigR-hrdD,sigR,hrdD,+,Strong
sigR-SCO2124,sigR,SCO2124,?,Weak
sigR-SCO2481,sigR,SCO2481,?,Weak
sigR-SCO3206,sigR,SCO3206,+,Weak
sigR-SCO6769,sigR,SCO6769,?,Weak
sigR-era,sigR,era,?,Weak
sigR-SCO6765,sigR,SCO6765,?,Weak
sigR-SCO6764,sigR,SCO6764,?,Weak
sigR-truB,sigR,truB,?,Weak
sigR-SCO6761,sigR,SCO6761,?,Weak
sigR-SCO6760,sigR,SCO6760,?,Weak
sigR-SCO6763,sigR,SCO6763,?,Weak
sigR-SCO6762,sigR,SCO6762,?,Weak
sigR-def1,sigR,def1,?,Weak
sigR-SCO2635,sigR,SCO2635,?,Weak
sigR-SCO2634,sigR,SCO2634,+,Weak
sigR-prcB,sigR,prcB,?,Weak
sigR-prcA,sigR,prcA,?,Weak
sigR-SCO5284,sigR,SCO5284,?,Weak
sigR-SCO7140,sigR,SCO7140,?,Weak
sigR-trxB,sigR,trxB,+,Strong
sigR-trxC,sigR,trxC,+,Weak
sigR-SCO3207,sigR,SCO3207,?,Weak
sigR-trxA,sigR,trxA,+,Strong
sigR-SCO4771,sigR,SCO4771,?,Weak
sigR-SCO3449,sigR,SCO3449,?,Weak
sigR-SCO4561,sigR,SCO4561,?,Weak
sigR-SCO3442,sigR,SCO3442,?,Weak
sigR-ssrA,sigR,ssrA,+,Weak
sigR-SCO0917,sigR,SCO0917,?,Weak
sigR-SCO1938,sigR,SCO1938,?,Weak
sigR-SCO6061,sigR,SCO6061,+,Weak
sigR-SCO1426,sigR,SCO1426,?,Weak
sigR-SCO1425,sigR,SCO1425,?,Weak
sigR-SCO2331,sigR,SCO2331,?,Weak
sigR-SCO5178,sigR,SCO5178,+,Weak
sigR-glnR,sigR,glnR,+,Strong
sigR-SCO6770,sigR,SCO6770,?,Weak
sigR-SCO6771,sigR,SCO6771,?,Weak
sigR-SCO6776,sigR,SCO6776,?,Weak
sigR-SCO1831,sigR,SCO1831,+,Weak
sigR-SCO6775,sigR,SCO6775,?,Weak
sigR-SCO2849,sigR,SCO2849,+,Weak
sigR-SCO5455,sigR,SCO5455,?,Weak
sigR-SCO3296,sigR,SCO3296,?,Weak
sigR-SCO5754,sigR,SCO5754,+,Weak
sigR-SCO3295,sigR,SCO3295,?,Weak
sigR-rho,sigR,rho,?,Weak
sigR-SCO5163,sigR,SCO5163,+,Weak
sigR-coaE,sigR,coaE,+,Weak
sigR-SCO3450,sigR,SCO3450,?,Weak
sigR-SCO3451,sigR,SCO3451,?,Weak
sigR-SCO1920,sigR,SCO1920,+,Weak
sigR-tal2,sigR,tal2,?,Weak
sigR-SCO5755,sigR,SCO5755,+,Weak
sigR-clpP2,sigR,clpP2,+,Weak
sigR-rpmJ1,sigR,rpmJ1,?,Weak
sigR-rpmJ2,sigR,rpmJ2,?,Weak
sigR-clpP1,sigR,clpP1,+,Weak
sigR-clpP5,sigR,clpP5,?,Weak
sigR-SCO7784,sigR,SCO7784,?,Weak
sigR-SCO7785,sigR,SCO7785,?,Weak
SCO1568-SCO1568,SCO1568,SCO1568,+,Strong
SCO1568-pqrB,SCO1568,pqrB,?,Weak
SCO2928-SCO2928,SCO2928,SCO2928,-,Strong
SCO2928-hmgA,SCO2928,hmgA,+,Weak
SCO2928-hpd,SCO2928,hpd,+,Strong
SCO5283-SCO4595,SCO5283,SCO4595,+,Weak
SCO5283-SCO2962,SCO5283,SCO2962,+,Weak
SCO5283-SCO2961,SCO5283,SCO2961,+,Weak
SCO5283-SCO4328,SCO5283,SCO4328,-,Weak
SCO5283-SCO0028,SCO5283,SCO0028,+,Weak
SCO5283-SCO3263,SCO5283,SCO3263,+,Weak
SCO5283-SCO0382,SCO5283,SCO0382,+,Weak
SCO5283-SCO7331,SCO5283,SCO7331,+,Weak
SCO5283-SCO7330,SCO5283,SCO7330,+,Weak
SCO5283-eno2,SCO5283,eno2,+,Weak
SCO5283-SCO6552,SCO5283,SCO6552,-,Weak
SCO5283-SCO6658,SCO5283,SCO6658,+,Weak
SCO5283-SCO6129,SCO5283,SCO6129,-,Weak
SCO5283-SCO6657,SCO5283,SCO6657,+,Weak
SCO5283-SCO5400,SCO5283,SCO5400,-,Weak
SCO5283-SCO6428,SCO5283,SCO6428,+,Weak
SCO5283-SCO6424,SCO5283,SCO6424,-,Weak
SCO5283-SCO6423,SCO5283,SCO6423,-,Weak
SCO5283-SCO7290,SCO5283,SCO7290,+,Weak
SCO5283-SCO6724,SCO5283,SCO6724,+,Weak
SCO5283-SCO2686,SCO5283,SCO2686,+,Weak
SCO5283-SCO1067,SCO5283,SCO1067,+,Weak
SCO5283-SCO2766,SCO5283,SCO2766,-,Weak
SCO5283-SCO0863,SCO5283,SCO0863,-,Weak
SCO5283-SCO3362,SCO5283,SCO3362,-,Weak
SCO5283-SCO0864,SCO5283,SCO0864,-,Weak
SCO5283-SCO2819,SCO5283,SCO2819,-,Weak
SCO5283-SCO7747,SCO5283,SCO7747,+,Weak
SCO5283-SCO1661,SCO5283,SCO1661,+,Weak
SCO5283-sigB,SCO5283,sigB,+,Weak
SCO5283-SCO7442,SCO5283,SCO7442,+,Weak
SCO5283-SCO7446,SCO5283,SCO7446,+,Weak
SCO5283-SCO3967,SCO5283,SCO3967,-,Weak
SCO5283-SCO0314,SCO5283,SCO0314,-,Weak
SCO5283-SCO0315,SCO5283,SCO0315,-,Weak
SCO5283-cysH,SCO5283,cysH,+,Weak
SCO5283-SCO2383,SCO5283,SCO2383,+,Weak
SCO5283-SCO1967,SCO5283,SCO1967,-,Weak
SCO5283-SCO1963,SCO5283,SCO1963,+,Weak
SCO5283-SCO1968,SCO5283,SCO1968,-,Weak
SCO5283-SCO4030,SCO5283,SCO4030,+,Weak
SCO5283-SCO0165,SCO5283,SCO0165,-,Weak
SCO5283-SCO0167,SCO5283,SCO0167,-,Weak
SCO5283-SCO0166,SCO5283,SCO0166,-,Weak
SCO5283-SCO1200,SCO5283,SCO1200,-,Weak
SCO5283-SCO0213,SCO5283,SCO0213,-,Weak
SCO5283-SCO0212,SCO5283,SCO0212,-,Weak
SCO5283-SCO1563,SCO5283,SCO1563,-,Weak
SCO5283-SCO5416,SCO5283,SCO5416,-,Weak
SCO5283-SCO0219,SCO5283,SCO0219,-,Weak
SCO5283-SCO0188,SCO5283,SCO0188,-,Weak
SCO5283-SCO6163,SCO5283,SCO6163,-,Weak
SCO5283-SCO2315,SCO5283,SCO2315,+,Weak
SCO5283-SCO6161,SCO5283,SCO6161,-,Weak
SCO5283-SCO6160,SCO5283,SCO6160,-,Weak
SCO5283-SCO6167,SCO5283,SCO6167,-,Weak
SCO5283-SCO6166,SCO5283,SCO6166,-,Weak
SCO5283-SCO6165,SCO5283,SCO6165,-,Weak
SCO5283-SCO6164,SCO5283,SCO6164,-,Weak
SCO5283-SCO6513,SCO5283,SCO6513,+,Weak
SCO5283-SCO6511,SCO5283,SCO6511,+,Weak
SCO5283-SCO6516,SCO5283,SCO6516,+,Weak
SCO5283-SCO6091,SCO5283,SCO6091,+,Weak
SCO5283-SCO6514,SCO5283,SCO6514,+,Weak
SCO5283-SCO6515,SCO5283,SCO6515,+,Weak
SCO5283-SCO7393,SCO5283,SCO7393,+,Weak
SCO5283-SCO7392,SCO5283,SCO7392,+,Weak
SCO5283-SCO7643,SCO5283,SCO7643,-,Weak
SCO5283-SCO7644,SCO5283,SCO7644,-,Weak
SCO5283-SCO7646,SCO5283,SCO7646,+,Weak
SCO5283-SCO0860,SCO5283,SCO0860,-,Weak
SCO5283-SCO0861,SCO5283,SCO0861,-,Weak
SCO5283-SCO0862,SCO5283,SCO0862,-,Weak
SCO5283-SCO1293,SCO5283,SCO1293,-,Weak
SCO5283-SCO1294,SCO5283,SCO1294,-,Weak
SCO5283-SCO0866,SCO5283,SCO0866,-,Weak
SCO5283-SCO2589,SCO5283,SCO2589,-,Weak
SCO5283-SCO2426,SCO5283,SCO2426,+,Weak
SCO5283-SCO5284,SCO5283,SCO5284,+,Weak
SCO5283-SCO5283,SCO5283,SCO5283,-,Weak
SCO5283-SCO5282,SCO5283,SCO5282,-,Weak
SCO5283-SCO7412,SCO5283,SCO7412,+,Weak
SCO5283-SCO1741,SCO5283,SCO1741,-,Weak
SCO5283-SCO5047,SCO5283,SCO5047,-,Weak
SCO5283-SCO0601,SCO5283,SCO0601,+,Weak
SCO5283-SCO1428,SCO5283,SCO1428,-,Weak
SCO5283-tal1,SCO5283,tal1,+,Weak
SCO5283-SCO4226,SCO5283,SCO4226,-,Weak
SCO5283-SCO6508,SCO5283,SCO6508,+,Weak
SCO5283-SCO0785,SCO5283,SCO0785,+,Weak
SCO5283-SCO0784,SCO5283,SCO0784,+,Weak
SCO5283-SCO0786,SCO5283,SCO0786,+,Weak
SCO5283-SCO2453,SCO5283,SCO2453,+,Weak
SCO5283-SCO1733,SCO5283,SCO1733,-,Weak
SCO5283-SCO1732,SCO5283,SCO1732,-,Weak
SCO5283-SCO3857,SCO5283,SCO3857,+,Weak
SCO5283-SCO0733,SCO5283,SCO0733,+,Weak
SCO5283-allB,SCO5283,allB,-,Weak
SCO5283-kbl,SCO5283,kbl,-,Weak
SCO5283-SCO0255,SCO5283,SCO0255,-,Weak
SCO5283-SCO3777,SCO5283,SCO3777,-,Weak
SCO5283-SCO3776,SCO5283,SCO3776,-,Weak
SCO5283-SCO2210,SCO5283,SCO2210,+,Weak
SCO5283-SCO6008,SCO5283,SCO6008,+,Weak
SCO5283-SCO6009,SCO5283,SCO6009,+,Weak
SCO5283-SCO0130,SCO5283,SCO0130,-,Weak
SCO5283-SCO0131,SCO5283,SCO0131,-,Weak
SCO5283-kynU,SCO5283,kynU,-,Weak
SCO5283-SCO2978,SCO5283,SCO2978,-,Weak
SCO5283-SCO6220,SCO5283,SCO6220,+,Weak
SCO5283-SCO3075,SCO5283,SCO3075,+,Weak
SCO5283-zwf,SCO5283,zwf,+,Weak
SCO5283-SCO7325,SCO5283,SCO7325,+,Weak
SCO5283-SCO6520,SCO5283,SCO6520,+,Weak
SCO5283-SCO6130,SCO5283,SCO6130,-,Weak
SCO5283-SCO6131,SCO5283,SCO6131,-,Weak
SCO5283-SCO2776,SCO5283,SCO2776,-,Weak
SCO5283-SCO2777,SCO5283,SCO2777,-,Weak
SCO5283-SCO2774,SCO5283,SCO2774,-,Weak
SCO5283-SCO2773,SCO5283,SCO2773,-,Weak
SCO5283-SCO7511,SCO5283,SCO7511,+,Weak
SCO5283-SCO5415,SCO5283,SCO5415,-,Weak
SCO5283-SCO2778,SCO5283,SCO2778,-,Weak
SCO5283-SCO2779,SCO5283,SCO2779,-,Weak
SCO5283-SCO1077,SCO5283,SCO1077,+,Weak
SCO5283-SCO7199,SCO5283,SCO7199,+,Weak
SCO5283-SCO7210,SCO5283,SCO7210,+,Weak
SCO5283-SCO7211,SCO5283,SCO7211,+,Weak
SCO5283-whiD,SCO5283,whiD,-,Weak
SCO5283-SCO6731,SCO5283,SCO6731,-,Weak
SCO5283-SCO5957,SCO5283,SCO5957,+,Weak
SCO5283-gvpA1,SCO5283,gvpA1,+,Weak
SCO5283-SCO4800,SCO5283,SCO4800,-,Weak
SCO5283-SCO1679,SCO5283,SCO1679,+,Weak
SCO5283-SCO5255,SCO5283,SCO5255,+,Weak
SCO5283-SCO5256,SCO5283,SCO5256,+,Weak
SCO5283-SCO7275,SCO5283,SCO7275,+,Weak
SCO5283-SCO0776,SCO5283,SCO0776,+,Weak
SCO5283-SCO0777,SCO5283,SCO0777,+,Weak
SCO5283-SCO0778,SCO5283,SCO0778,+,Weak
SCO5283-SCO0779,SCO5283,SCO0779,+,Weak
SCO5283-SCO0679,SCO5283,SCO0679,+,Weak
SCO5283-SCO0678,SCO5283,SCO0678,+,Weak
SCO5283-SCO3959,SCO5283,SCO3959,+,Weak
SCO5283-SCO3958,SCO5283,SCO3958,+,Weak
SCO5283-SCO7693,SCO5283,SCO7693,-,Weak
SCO5283-SCO3957,SCO5283,SCO3957,+,Weak
SCO5283-SCO3956,SCO5283,SCO3956,+,Weak
SCO5283-SCO2254,SCO5283,SCO2254,+,Weak
SCO5283-SCO1911,SCO5283,SCO1911,+,Weak
SCO5283-SCO6203,SCO5283,SCO6203,-,Weak
SCO5283-SCO0072,SCO5283,SCO0072,+,Weak
SCO5283-SCO4029,SCO5283,SCO4029,+,Weak
SCO5283-SCO0170,SCO5283,SCO0170,-,Weak
SCO5283-SCO5776,SCO5283,SCO5776,-,Weak
SCO5283-SCO0209,SCO5283,SCO0209,-,Weak
SCO5283-SCO0196,SCO5283,SCO0196,-,Weak
SCO5283-SCO3604,SCO5283,SCO3604,-,Weak
SCO5283-SCO6170,SCO5283,SCO6170,-,Weak
SCO5283-SCO6171,SCO5283,SCO6171,-,Weak
SCO5283-SCO6172,SCO5283,SCO6172,-,Weak
SCO5283-SCO6173,SCO5283,SCO6173,-,Weak
SCO5283-SCO6174,SCO5283,SCO6174,-,Weak
SCO5283-SCO4799,SCO5283,SCO4799,+,Weak
SCO5283-SCO4974,SCO5283,SCO4974,-,Weak
SCO5283-SCO4796,SCO5283,SCO4796,+,Weak
SCO5283-SCO4973,SCO5283,SCO4973,-,Weak
SCO5283-SCO4970,SCO5283,SCO4970,-,Weak
SCO5283-SCO4971,SCO5283,SCO4971,-,Weak
SCO5283-SCO6708,SCO5283,SCO6708,+,Weak
SCO5283-SCO7381,SCO5283,SCO7381,+,Weak
SCO5283-SCO6703,SCO5283,SCO6703,-,Weak
SCO5283-SCO1138,SCO5283,SCO1138,-,Weak
SCO5283-gylR,SCO5283,gylR,+,Weak
SCO5283-SCO6700,SCO5283,SCO6700,-,Weak
SCO5283-SCO4471,SCO5283,SCO4471,-,Weak
SCO5283-SCO0859,SCO5283,SCO0859,-,Weak
SCO5283-SCO6382,SCO5283,SCO6382,-,Weak
SCO5283-SCO7311,SCO5283,SCO7311,+,Weak
SCO5283-SCO7259,SCO5283,SCO7259,+,Weak
SCO5283-SCO7315,SCO5283,SCO7315,+,Weak
SCO5283-SCO7314,SCO5283,SCO7314,+,Weak
SCO5283-SCO5994,SCO5283,SCO5994,-,Weak
SCO5283-SCO2848,SCO5283,SCO2848,+,Weak
SCO5283-SCO2849,SCO5283,SCO2849,+,Weak
SCO5283-SCO2025,SCO5283,SCO2025,+,Weak
SCO5283-SCO5423,SCO5283,SCO5423,+,Weak
SCO5283-SCO7423,SCO5283,SCO7423,+,Weak
SCO5283-SCO2845,SCO5283,SCO2845,+,Weak
SCO5283-SCO2846,SCO5283,SCO2846,+,Weak
SCO5283-SCO2847,SCO5283,SCO2847,+,Weak
SCO5283-SCO4503,SCO5283,SCO4503,-,Weak
SCO5283-mqnB,SCO5283,mqnB,-,Weak
SCO5283-SCO1431,SCO5283,SCO1431,-,Weak
SCO5283-SCO3603,SCO5283,SCO3603,-,Weak
SCO5283-SCO6499,SCO5283,SCO6499,+,Weak
SCO5283-SCO6497,SCO5283,SCO6497,+,Weak
SCO5283-SCO6496,SCO5283,SCO6496,+,Weak
SCO5283-SCO6494,SCO5283,SCO6494,+,Weak
SCO5283-SCO7221,SCO5283,SCO7221,-,Weak
SCO5283-SCO0386,SCO5283,SCO0386,+,Weak
SCO5283-SCO0381,SCO5283,SCO0381,+,Weak
SCO5283-SCO7040,SCO5283,SCO7040,-,Weak
SCO5283-SCO0790,SCO5283,SCO0790,+,Weak
SCO5283-pgi1,SCO5283,pgi1,+,Weak
SCO5283-SCO1641,SCO5283,SCO1641,+,Weak
SCO5283-SCO0335,SCO5283,SCO0335,+,Weak
SCO5283-SCO2590,SCO5283,SCO2590,-,Weak
SCO5283-SCO2591,SCO5283,SCO2591,+,Weak
SCO5283-SCO7288,SCO5283,SCO7288,+,Weak
SCO5283-SCO0568,SCO5283,SCO0568,-,Weak
SCO5283-SCO1317,SCO5283,SCO1317,-,Weak
SCO5283-SCO4930,SCO5283,SCO4930,-,Weak
SCO5283-SCO0897,SCO5283,SCO0897,+,Weak
SCO5283-SCO0896,SCO5283,SCO0896,+,Weak
SCO5283-dpsA,SCO5283,dpsA,+,Weak
SCO5283-SCO6108,SCO5283,SCO6108,+,Weak
SCO5283-SCO5399,SCO5283,SCO5399,-,Weak
SCO5283-SCO5398,SCO5283,SCO5398,-,Weak
SCO5283-SCO6701,SCO5283,SCO6701,-,Weak
SCO5283-SCO2067,SCO5283,SCO2067,-,Weak
SCO5283-ramS,SCO5283,ramS,-,Weak
SCO5283-SCO6699,SCO5283,SCO6699,-,Weak
SCO5283-SCO7261,SCO5283,SCO7261,-,Weak
SCO5283-SCO7267,SCO5283,SCO7267,+,Weak
SCO5283-SCO4972,SCO5283,SCO4972,-,Weak
SCO5283-SCO7186,SCO5283,SCO7186,+,Weak
SCO5283-SCO6211,SCO5283,SCO6211,-,Weak
SCO5283-SCO6210,SCO5283,SCO6210,-,Weak
SCO5283-SCO6213,SCO5283,SCO6213,-,Weak
SCO5283-SCO6212,SCO5283,SCO6212,-,Weak
SCO5283-SCO7612,SCO5283,SCO7612,-,Weak
SCO5283-comB,SCO5283,comB,-,Weak
SCO5283-SCO6219,SCO5283,SCO6219,+,Weak
SCO5283-SCO2831,SCO5283,SCO2831,+,Weak
SCO5283-SCO2830,SCO5283,SCO2830,+,Weak
SCO5283-SCO0698,SCO5283,SCO0698,+,Weak
SCO5283-SCO5261,SCO5283,SCO5261,-,Weak
SCO5283-SCO0693,SCO5283,SCO0693,+,Weak
SCO5283-SCO0690,SCO5283,SCO0690,+,Weak
SCO5283-alc,SCO5283,alc,-,Weak
SCO5283-orfA,SCO5283,orfA,+,Weak
SCO5283-SCO5308,SCO5283,SCO5308,-,Weak
SCO5283-SCO2400,SCO5283,SCO2400,-,Weak
SCO5283-SCO1682,SCO5283,SCO1682,+,Weak
SCO5283-SCO1681,SCO5283,SCO1681,+,Weak
SCO5283-SCO1680,SCO5283,SCO1680,+,Weak
SCO5283-SCO0666,SCO5283,SCO0666,+,Weak
SCO5283-SCO2791,SCO5283,SCO2791,+,Weak
SCO5283-SCO6706,SCO5283,SCO6706,+,Weak
SCO5283-SCO2886,SCO5283,SCO2886,+,Weak
SCO5283-SCO7384,SCO5283,SCO7384,-,Weak
SCO5283-SCO4104,SCO5283,SCO4104,+,Weak
SCO5283-SCO6702,SCO5283,SCO6702,-,Weak
SCO5283-SCO5515,SCO5283,SCO5515,+,Weak
SCO5283-SCO2249,SCO5283,SCO2249,-,Weak
SCO5283-SCO6899,SCO5283,SCO6899,+,Weak
SCO5283-add2,SCO5283,add2,+,Weak
SCO5283-SCO1900,SCO5283,SCO1900,-,Weak
SCO5283-SCO1901,SCO5283,SCO1901,-,Weak
SCO5283-SCO1902,SCO5283,SCO1902,-,Weak
SCO5283-SCO0595,SCO5283,SCO0595,+,Weak
SCO5283-SCO3995,SCO5283,SCO3995,+,Weak
SCO5283-SCO0231,SCO5283,SCO0231,+,Weak
SCO5283-SCO1224,SCO5283,SCO1224,-,Weak
SCO5283-SCO6543,SCO5283,SCO6543,+,Weak
SCO5283-SCO6545,SCO5283,SCO6545,+,Weak
SCO5283-SCO6544,SCO5283,SCO6544,+,Weak
SCO5283-SCO1223,SCO5283,SCO1223,-,Weak
SCO5283-SCO1222,SCO5283,SCO1222,-,Weak
SCO5283-SCO2231,SCO5283,SCO2231,+,Weak
SCO5283-SCO2230,SCO5283,SCO2230,+,Weak
SCO5283-glnA,SCO5283,glnA,+,Weak
SCO5283-SCO4863,SCO5283,SCO4863,-,Weak
SCO5283-SCO2622,SCO5283,SCO2622,-,Weak
SCO5283-SCO7312,SCO5283,SCO7312,+,Weak
SCO5283-SCO2628,SCO5283,SCO2628,-,Weak
SCO5283-SCO2629,SCO5283,SCO2629,-,Weak
SCO5283-SCO6744,SCO5283,SCO6744,+,Weak
SCO5283-SCO0844,SCO5283,SCO0844,+,Weak
SCO5283-SCO0845,SCO5283,SCO0845,+,Weak
SCO5283-SCO3051,SCO5283,SCO3051,-,Weak
SCO5283-SCO3053,SCO5283,SCO3053,+,Weak
SCO5283-SCO6660,SCO5283,SCO6660,+,Weak
SCO5283-SCO6663,SCO5283,SCO6663,+,Weak
SCO5283-SCO5436,SCO5283,SCO5436,+,Weak
SCO5283-SCO2055,SCO5283,SCO2055,-,Weak
SCO5283-SCO7289,SCO5283,SCO7289,+,Weak
SCO5283-SCO7536,SCO5283,SCO7536,+,Weak
SCO5283-SCO7821,SCO5283,SCO7821,+,Weak
SCO5283-SCO1405,SCO5283,SCO1405,+,Weak
SCO5283-SCO1406,SCO5283,SCO1406,+,Weak
SCO5283-SCO0836,SCO5283,SCO0836,+,Weak
SCO5283-SCO0832,SCO5283,SCO0832,+,Weak
SCO5283-SCO0831,SCO5283,SCO0831,+,Weak
SCO5283-SCO7238,SCO5283,SCO7238,+,Weak
SCO5283-SCO7236,SCO5283,SCO7236,+,Weak
SCO5283-SCO7237,SCO5283,SCO7237,+,Weak
SCO5283-SCO0393,SCO5283,SCO0393,+,Weak
SCO5283-SCO7053,SCO5283,SCO7053,-,Weak
SCO5283-SCO3800,SCO5283,SCO3800,-,Weak
SCO5283-ptsH,SCO5283,ptsH,+,Weak
SCO5283-SCO5237,SCO5283,SCO5237,-,Weak
SCO5283-SCO1710,SCO5283,SCO1710,+,Weak
SCO5283-SCO3972,SCO5283,SCO3972,+,Weak
SCO5283-SCO4004,SCO5283,SCO4004,+,Weak
SCO5283-SCO7431,SCO5283,SCO7431,+,Weak
SCO5283-SCO4005,SCO5283,SCO4005,+,Weak
SCO5283-SCO0577,SCO5283,SCO0577,+,Weak
SCO5283-SCO0572,SCO5283,SCO0572,+,Weak
SCO5283-SCO0573,SCO5283,SCO0573,+,Weak
SCO5283-SCO0571,SCO5283,SCO0571,+,Weak
SCO5283-SCO2372,SCO5283,SCO2372,+,Weak
SCO5283-gvpJ1,SCO5283,gvpJ1,+,Weak
SCO5283-SCO1898,SCO5283,SCO1898,-,Weak
SCO5283-SCO6023,SCO5283,SCO6023,+,Weak
SCO5283-SCO6020,SCO5283,SCO6020,+,Weak
SCO5283-SCO6021,SCO5283,SCO6021,+,Weak
SCO5283-SCO6024,SCO5283,SCO6024,+,Weak
SCO5283-SCO6025,SCO5283,SCO6025,+,Weak
SCO5283-SCO0403,SCO5283,SCO0403,-,Weak
SCO5283-SCO6965,SCO5283,SCO6965,+,Weak
SCO5283-SCO6964,SCO5283,SCO6964,+,Weak
SCO5283-SCO4049,SCO5283,SCO4049,+,Weak
SCO5283-SCO6162,SCO5283,SCO6162,-,Weak
SCO5283-SCO5655,SCO5283,SCO5655,+,Weak
SCO5283-SCO6509,SCO5283,SCO6509,+,Weak
SCO5283-SCO4227,SCO5283,SCO4227,-,Weak
SCO5283-SCO6504,SCO5283,SCO6504,+,Weak
SCO5283-SCO6507,SCO5283,SCO6507,+,Weak
SCO5283-SCO6506,SCO5283,SCO6506,+,Weak
SCO5283-SCO6501,SCO5283,SCO6501,+,Weak
SCO5283-SCO0278,SCO5283,SCO0278,+,Weak
SCO5283-SCO6503,SCO5283,SCO6503,+,Weak
SCO5283-SCO6502,SCO5283,SCO6502,+,Weak
SCO5283-SCO7692,SCO5283,SCO7692,-,Weak
SCO5283-SCO6270,SCO5283,SCO6270,+,Weak
SCO5283-SCO5578,SCO5283,SCO5578,+,Weak
SCO5283-SCO0973,SCO5283,SCO0973,+,Weak
SCO5283-SCO6685,SCO5283,SCO6685,+,Weak
SCO5283-SCO5970,SCO5283,SCO5970,-,Weak
SCO5283-SCO7276,SCO5283,SCO7276,+,Weak
SCO5283-SCO7379,SCO5283,SCO7379,+,Weak
SCO5283-SCO7378,SCO5283,SCO7378,+,Weak
SCO5283-SCO7371,SCO5283,SCO7371,+,Weak
SCO5283-SCO7373,SCO5283,SCO7373,+,Weak
SCO5283-SCO6209,SCO5283,SCO6209,-,Weak
SCO5283-SCO7374,SCO5283,SCO7374,+,Weak
SCO5283-SCO7377,SCO5283,SCO7377,+,Weak
SCO5283-SCO7376,SCO5283,SCO7376,+,Weak
SCO5283-SCO7018,SCO5283,SCO7018,+,Weak
SCO5283-SCO2828,SCO5283,SCO2828,+,Weak
SCO5283-SCO2829,SCO5283,SCO2829,+,Weak
SCO5283-SCO2494,SCO5283,SCO2494,-,Weak
SCO5283-SCO0686,SCO5283,SCO0686,+,Weak
SCO5283-pckG,SCO5283,pckG,-,Weak
SCO5283-SCO0758,SCO5283,SCO0758,-,Weak
SCO5283-SCO1459,SCO5283,SCO1459,-,Weak
SCO5283-SCO0753,SCO5283,SCO0753,-,Weak
SCO5283-SCO0750,SCO5283,SCO0750,+,Weak
SCO5283-SCO0756,SCO5283,SCO0756,-,Weak
SCO5283-SCO0757,SCO5283,SCO0757,-,Weak
SCO5283-SCO0754,SCO5283,SCO0754,-,Weak
SCO5283-SCO0755,SCO5283,SCO0755,-,Weak
SCO5283-SCO6475,SCO5283,SCO6475,-,Weak
SCO5283-SCO2483,SCO5283,SCO2483,+,Weak
SCO5283-SCO6473,SCO5283,SCO6473,-,Weak
SCO5283-SCO6472,SCO5283,SCO6472,-,Weak
SCO5283-SCO7475,SCO5283,SCO7475,+,Weak
SCO5283-SCO0129,SCO5283,SCO0129,+,Weak
SCO5283-SCO0432,SCO5283,SCO0432,-,Weak
SCO5283-SCO3281,SCO5283,SCO3281,+,Weak
SCO5283-SCO3328,SCO5283,SCO3328,-,Weak
SCO5283-SCO4070,SCO5283,SCO4070,-,Weak
SCO5283-SCO4982,SCO5283,SCO4982,+,Weak
SCO5283-SCO4980,SCO5283,SCO4980,-,Weak
SCO5283-SCO7490,SCO5283,SCO7490,-,Weak
SCO5283-SCO4986,SCO5283,SCO4986,+,Weak
SCO5283-SCO4985,SCO5283,SCO4985,+,Weak
SCO5283-SCO1621,SCO5283,SCO1621,+,Weak
SCO5283-SCO1620,SCO5283,SCO1620,+,Weak
SCO5283-SCO0729,SCO5283,SCO0729,-,Weak
SCO5283-SCO0722,SCO5283,SCO0722,+,Weak
SCO5283-SCO0721,SCO5283,SCO0721,+,Weak
SCO5283-hpd,SCO5283,hpd,-,Weak
SCO5283-SCO1335,SCO5283,SCO1335,+,Weak
SCO5283-SCO1899,SCO5283,SCO1899,-,Weak
SCO5283-SCO1897,SCO5283,SCO1897,-,Weak
SCO5283-SCO3198,SCO5283,SCO3198,+,Weak
SCO5283-SCO1334,SCO5283,SCO1334,+,Weak
SCO5283-SCO4987,SCO5283,SCO4987,+,Weak
SCO5283-gap,SCO5283,gap,+,Weak
SCO5283-SCO3197,SCO5283,SCO3197,+,Weak
SCO5283-SCO3196,SCO5283,SCO3196,+,Weak
SCO5283-SCO6011,SCO5283,SCO6011,+,Weak
SCO5283-SCO6010,SCO5283,SCO6010,+,Weak
SCO5283-SCO2342,SCO5283,SCO2342,+,Weak
SCO5283-SCO6019,SCO5283,SCO6019,+,Weak
SCO5283-SCO2228,SCO5283,SCO2228,+,Weak
SCO5283-SCO2346,SCO5283,SCO2346,+,Weak
SCO5283-SCO2345,SCO5283,SCO2345,+,Weak
SCO5283-SCO4859,SCO5283,SCO4859,+,Weak
SCO5283-SCO4917,SCO5283,SCO4917,+,Weak
SCO3859-SCO1541,SCO3859,SCO1541,?,Weak
SCO3859-SCO3926,SCO3859,SCO3926,?,Weak
SCO3859-redD,SCO3859,redD,?,Weak
SCO2213-SCO2210,SCO2213,SCO2210,+,Weak
SCO2213-glnA,SCO2213,glnA,+,Weak
SCO2213-SCO5583,SCO2213,SCO5583,+,Weak
SCO2213-SCO5584,SCO2213,SCO5584,?,Weak
SCO2213-glnD,SCO2213,glnD,?,Weak
SCO6008-SCO6431,SCO6008,SCO6431,+,Weak
SCO6008-scoF,SCO6008,scoF,+,Weak
SCO6008-SCO3342,SCO6008,SCO3342,+,Weak
SCO6008-SCO0989,SCO6008,SCO0989,-,Weak
SCO6008-SCO6436,SCO6008,SCO6436,+,Weak
SCO6008-SCO3487,SCO6008,SCO3487,+,Weak
SCO6008-SCO0251,SCO6008,SCO0251,+,Weak
SCO6008-rpmI,SCO6008,rpmI,+,Weak
SCO6008-SCO1480,SCO6008,SCO1480,+,Weak
SCO6008-SCO0022,SCO6008,SCO0022,+,Weak
SCO6008-SCO6027,SCO6008,SCO6027,-,Weak
SCO6008-pgi1,SCO6008,pgi1,+,Weak
SCO6008-SCO5029,SCO6008,SCO5029,+,Weak
SCO6008-SCO5227,SCO6008,SCO5227,+,Weak
SCO6008-SCO3461,SCO6008,SCO3461,+,Weak
SCO6008-SCO2698,SCO6008,SCO2698,+,Weak
SCO6008-SCO2210,SCO6008,SCO2210,+,Weak
SCO6008-SCO2008,SCO6008,SCO2008,+,Weak
SCO6008-SCO5583,SCO6008,SCO5583,+,Weak
SCO6008-SCO3263,SCO6008,SCO3263,+,Weak
SCO6008-SCO1721,SCO6008,SCO1721,+,Weak
SCO6008-SCO5824,SCO6008,SCO5824,-,Weak
SCO6008-SCO6009,SCO6008,SCO6009,+,Weak
SCO6008-SCO4092,SCO6008,SCO4092,-,Weak
SCO6008-SCO2354,SCO6008,SCO2354,+,Weak
SCO6008-bfr,SCO6008,bfr,-,Weak
SCO6008-eno2,SCO6008,eno2,+,Weak
SCO6008-SCO3868,SCO6008,SCO3868,-,Weak
SCO6008-SCO2719,SCO6008,SCO2719,+,Weak
SCO6008-SCO6480,SCO6008,SCO6480,-,Weak
SCO6008-SCO2599,SCO6008,SCO2599,-,Weak
SCO6008-SCO3476,SCO6008,SCO3476,+,Weak
SCO6008-SCO3475,SCO6008,SCO3475,+,Weak
SCO6008-SCO7528,SCO6008,SCO7528,+,Weak
SCO6008-SCO0011,SCO6008,SCO0011,+,Weak
SCO6008-SCO7752,SCO6008,SCO7752,+,Weak
SCO6008-SCO0013,SCO6008,SCO0013,-,Weak
SCO6008-SCO0014,SCO6008,SCO0014,-,Weak
SCO6008-SCO3478,SCO6008,SCO3478,+,Weak
SCO6008-SCO3887,SCO6008,SCO3887,+,Weak
SCO6008-asnO,SCO6008,asnO,+,Weak
SCO6008-SCO6933,SCO6008,SCO6933,+,Weak
SCO6008-SCO1255,SCO6008,SCO1255,+,Weak
SCO6008-SCO3762,SCO6008,SCO3762,+,Weak
SCO6008-SCO0949,SCO6008,SCO0949,-,Weak
SCO6008-SCO0499,SCO6008,SCO0499,+,Weak
SCO6008-SCO0498,SCO6008,SCO0498,+,Weak
SCO6008-SCO4289,SCO6008,SCO4289,+,Weak
SCO6008-SCO6925,SCO6008,SCO6925,+,Weak
SCO6008-zwf,SCO6008,zwf,+,Weak
SCO6008-SCO0492,SCO6008,SCO0492,+,Weak
SCO6008-SCO5742,SCO6008,SCO5742,+,Weak
SCO6008-SCO7636,SCO6008,SCO7636,-,Weak
SCO6008-SCO3231,SCO6008,SCO3231,+,Weak
SCO6008-SCO6642,SCO6008,SCO6642,+,Weak
SCO6008-SCO4011,SCO6008,SCO4011,-,Weak
SCO6008-SCO6338,SCO6008,SCO6338,-,Weak
SCO6008-SCO4005,SCO6008,SCO4005,+,Weak
SCO6008-SCO3232,SCO6008,SCO3232,+,Weak
SCO6008-SCO5920,SCO6008,SCO5920,-,Weak
SCO6008-SCO2776,SCO6008,SCO2776,+,Weak
SCO6008-SCO2777,SCO6008,SCO2777,+,Weak
SCO6008-SCO6198,SCO6008,SCO6198,+,Weak
SCO6008-SCO6624,SCO6008,SCO6624,+,Weak
SCO6008-rplW,SCO6008,rplW,+,Weak
SCO6008-SCO7742,SCO6008,SCO7742,+,Weak
SCO6008-rplQ,SCO6008,rplQ,+,Weak
SCO6008-rplN,SCO6008,rplN,+,Weak
SCO6008-rplO,SCO6008,rplO,+,Weak
SCO6008-SCO5326,SCO6008,SCO5326,+,Weak
SCO6008-arc,SCO6008,arc,+,Weak
SCO6008-rplJ,SCO6008,rplJ,+,Weak
SCO6008-rplF,SCO6008,rplF,+,Weak
SCO6008-SCO1388,SCO6008,SCO1388,+,Weak
SCO6008-SCO1389,SCO6008,SCO1389,+,Weak
SCO6008-rplC,SCO6008,rplC,+,Weak
SCO6008-SCO7217,SCO6008,SCO7217,+,Weak
SCO6008-SCO3488,SCO6008,SCO3488,+,Weak
SCO6008-SCO3483,SCO6008,SCO3483,+,Weak
SCO6008-SCO3482,SCO6008,SCO3482,+,Weak
SCO6008-SCO3481,SCO6008,SCO3481,+,Weak
SCO6008-SCO6026,SCO6008,SCO6026,-,Weak
SCO6008-SCO3486,SCO6008,SCO3486,+,Weak
SCO6008-SCO3485,SCO6008,SCO3485,+,Weak
SCO6008-SCO3484,SCO6008,SCO3484,+,Weak
SCO6008-SCO1978,SCO6008,SCO1978,+,Weak
SCO6008-SCO4945,SCO6008,SCO4945,-,Weak
SCO6008-SCO5639,SCO6008,SCO5639,+,Weak
SCO6008-rpmG2,SCO6008,rpmG2,+,Weak
SCO6008-SCO5879,SCO6008,SCO5879,+,Weak
SCO6008-SCO1082,SCO6008,SCO1082,-,Weak
SCO6008-SCO5822,SCO6008,SCO5822,-,Weak
SCO6008-SCO4424,SCO6008,SCO4424,+,Weak
SCO6008-SCO3152,SCO6008,SCO3152,+,Weak
SCO6008-SCO5584,SCO6008,SCO5584,+,Weak
SCO6008-SCO3097,SCO6008,SCO3097,-,Weak
SCO6008-SCO2383,SCO6008,SCO2383,+,Weak
SCO6008-SCO3262,SCO6008,SCO3262,+,Weak
SCO6008-SCO3327,SCO6008,SCO3327,+,Weak
SCO6008-glkA,SCO6008,glkA,+,Weak
SCO6008-SCO5490,SCO6008,SCO5490,-,Weak
SCO6008-SCO2261,SCO6008,SCO2261,-,Weak
SCO6008-SCO3492,SCO6008,SCO3492,+,Weak
SCO6008-SCO3255,SCO6008,SCO3255,-,Weak
SCO6008-SCO6290,SCO6008,SCO6290,+,Weak
SCO6008-SCO2785,SCO6008,SCO2785,+,Weak
SCO6008-SCO5892,SCO6008,SCO5892,+,Weak
SCO6008-SCO0007,SCO6008,SCO0007,+,Weak
SCO6008-SCO5890,SCO6008,SCO5890,+,Weak
SCO6008-SCO5891,SCO6008,SCO5891,+,Weak
SCO6008-SCO5896,SCO6008,SCO5896,+,Weak
SCO6008-SCO4225,SCO6008,SCO4225,-,Weak
SCO6008-ppc,SCO6008,ppc,+,Weak
SCO6008-rpsF,SCO6008,rpsF,+,Weak
SCO6008-SCO3731,SCO6008,SCO3731,+,Weak
SCO6008-SCO5191,SCO6008,SCO5191,+,Weak
SCO6008-SCO3938,SCO6008,SCO3938,+,Weak
SCO6008-SCO2718,SCO6008,SCO2718,+,Weak
SCO6008-SCO5578,SCO6008,SCO5578,+,Weak
SCO6008-SCO4157,SCO6008,SCO4157,+,Weak
SCO6008-rpsJ,SCO6008,rpsJ,+,Weak
SCO6008-rpsH,SCO6008,rpsH,+,Weak
SCO6008-SCO2717,SCO6008,SCO2717,+,Weak
SCO6008-rpsS,SCO6008,rpsS,+,Weak
SCO6008-SCO0182,SCO6008,SCO0182,-,Weak
SCO6008-rpsQ,SCO6008,rpsQ,+,Weak
SCO6008-SCO4894,SCO6008,SCO4894,+,Weak
SCO6008-rpsL,SCO6008,rpsL,+,Weak
SCO6008-tap,SCO6008,tap,+,Weak
SCO6008-SCO2012,SCO6008,SCO2012,+,Weak
SCO6008-rpmF2,SCO6008,rpmF2,+,Weak
SCO6008-rplX,SCO6008,rplX,-,Weak
SCO6008-SCO1914,SCO6008,SCO1914,+,Weak
SCO6008-SCO6281,SCO6008,SCO6281,-,Weak
SCO6008-SCO5978,SCO6008,SCO5978,+,Weak
SCO6008-SCO7774,SCO6008,SCO7774,-,Weak
SCO6008-SCO3285,SCO6008,SCO3285,+,Weak
SCO6008-rpsZ,SCO6008,rpsZ,+,Weak
SCO6008-SCO2494,SCO6008,SCO2494,-,Weak
SCO6008-SCO2884,SCO6008,SCO2884,+,Weak
SCO6008-SCO6045,SCO6008,SCO6045,-,Weak
SCO6008-fabH3,SCO6008,fabH3,+,Weak
SCO6008-rpsR1,SCO6008,rpsR1,+,Weak
SCO6008-SCO2727,SCO6008,SCO2727,+,Weak
SCO6008-redD,SCO6008,redD,-,Strong
SCO6008-SCO7645,SCO6008,SCO7645,-,Weak
SCO6008-SCO3113,SCO6008,SCO3113,+,Weak
SCO6008-SCO1027,SCO6008,SCO1027,+,Weak
SCO6008-SCO0190,SCO6008,SCO0190,+,Weak
SCO6008-SCO5515,SCO6008,SCO5515,+,Weak
SCO6008-SCO3607,SCO6008,SCO3607,+,Weak
SCO6008-SCO2779,SCO6008,SCO2779,+,Weak
SCO6008-rpmD,SCO6008,rpmD,+,Weak
SCO6008-SCO7087,SCO6008,SCO7087,+,Weak
SCO6008-SCO7086,SCO6008,SCO7086,-,Weak
SCO6008-SCO3230,SCO6008,SCO3230,+,Weak
SCO6008-SCO0861,SCO6008,SCO0861,+,Weak
SCO6008-IS468B-ORF,SCO6008,IS468B-ORF,+,Weak
SCO6008-SCO4651,SCO6008,SCO4651,-,Weak
SCO6008-SCO2920,SCO6008,SCO2920,+,Weak
SCO6008-SCO6005,SCO6008,SCO6005,+,Weak
SCO6008-rsbV,SCO6008,rsbV,+,Weak
SCO6008-SCO6600,SCO6008,SCO6600,+,Weak
SCO6008-SCO1828,SCO6008,SCO1828,+,Weak
SCO6008-SCO6761,SCO6008,SCO6761,-,Weak
SCO6008-SCO5389,SCO6008,SCO5389,+,Weak
SCO6008-SCO4442,SCO6008,SCO4442,+,Weak
SCO6008-SCO7800,SCO6008,SCO7800,+,Weak
SCO6008-SCO3289,SCO6008,SCO3289,+,Weak
SCO6008-SCO2636,SCO6008,SCO2636,+,Weak
SCO6008-pepA,SCO6008,pepA,-,Weak
SCO6008-SCO3286,SCO6008,SCO3286,+,Weak
SCO6008-SCO6547,SCO6008,SCO6547,+,Weak
SCO6008-SCO4261,SCO6008,SCO4261,-,Weak
SCO6008-SCO3990,SCO6008,SCO3990,+,Weak
SCO6008-SCO3993,SCO6008,SCO3993,+,Weak
SCO6008-SCO3992,SCO6008,SCO3992,+,Weak
SCO6008-rspG,SCO6008,rspG,+,Weak
SCO6008-SCO1623,SCO6008,SCO1623,+,Weak
SCO6008-rplE,SCO6008,rplE,+,Weak
SCO6008-tal1,SCO6008,tal1,+,Weak
SCO6008-SCO2338,SCO6008,SCO2338,+,Weak
SCO6008-SCO0779,SCO6008,SCO0779,-,Weak
SCO6008-SCO1426,SCO6008,SCO1426,+,Weak
SCO6008-SCO6779,SCO6008,SCO6779,-,Weak
SCO6008-SCO1839,SCO6008,SCO1839,+,Weak
SCO6008-SCO4903,SCO6008,SCO4903,+,Weak
SCO6008-SCO0056,SCO6008,SCO0056,+,Weak
SCO6008-SCO5918,SCO6008,SCO5918,-,Weak
SCO6008-SCO2026,SCO6008,SCO2026,+,Weak
SCO6008-SCO6403,SCO6008,SCO6403,-,Weak
SCO6008-SCO4212,SCO6008,SCO4212,-,Weak
SCO6008-SCO5895,SCO6008,SCO5895,+,Weak
SCO6008-SCO1675,SCO6008,SCO1675,+,Weak
SCO6008-SCO4063,SCO6008,SCO4063,+,Weak
SCO6008-rho,SCO6008,rho,-,Weak
SCO6008-SCO1800,SCO6008,SCO1800,+,Weak
SCO6008-SCO6810,SCO6008,SCO6810,+,Weak
SCO6008-SCO3748,SCO6008,SCO3748,+,Weak
SCO6008-SCO5907,SCO6008,SCO5907,-,Weak
SCO6008-SCO0194,SCO6008,SCO0194,+,Weak
SCO6008-SCO6011,SCO6008,SCO6011,+,Weak
SCO6008-SCO6010,SCO6008,SCO6010,+,Weak
SCO6008-SCO5878,SCO6008,SCO5878,+,Weak
SCO6008-wblJ,SCO6008,wblJ,+,Weak
SCO6008-wblH,SCO6008,wblH,+,Weak
SCO6008-SCO1431,SCO6008,SCO1431,+,Weak
SCO6008-wblE,SCO6008,wblE,+,Weak
SCO6008-SCO5987,SCO6008,SCO5987,+,Weak
SCO6008-SCO6660,SCO6008,SCO6660,+,Weak
SCO6008-SCO6663,SCO6008,SCO6663,+,Weak
SCO6008-SCO6499,SCO6008,SCO6499,-,Weak
SCO6008-groS,SCO6008,groS,+,Weak
SCO6008-SCO5609,SCO6008,SCO5609,+,Weak
SCO6008-SCO0045,SCO6008,SCO0045,+,Weak
SCO6008-SCO5166,SCO6008,SCO5166,-,Weak
SCO6008-ctaC,SCO6008,ctaC,+,Weak
SCO6008-SCO7552,SCO6008,SCO7552,+,Weak
nrdR-SCO5226,nrdR,SCO5226,-,Weak
nrdR-nrdJ,nrdR,nrdJ,?,Weak
nrdR-nrdS,nrdR,nrdS,?,Weak
nrdR-nrdR,nrdR,nrdR,-,Weak
nrdR-nrdB,nrdR,nrdB,?,Weak
SCO7173-SCO3347,SCO7173,SCO3347,+,Weak
SCO7173-SCO6232,SCO7173,SCO6232,-,Weak
SCO7173-SCO5439,SCO7173,SCO5439,+,Weak
SCO7173-SCO6234,SCO7173,SCO6234,-,Weak
SCO7173-apeB,SCO7173,apeB,-,Weak
SCO7173-uvrA,SCO7173,uvrA,+,Weak
SCO7173-SCO2753,SCO7173,SCO2753,+,Weak
SCO7173-SCO4920,SCO7173,SCO4920,+,Weak
SCO7173-SCO1955,SCO7173,SCO1955,-,Weak
SCO7173-SCO1209,SCO7173,SCO1209,-,Weak
SCO7173-SCO7054,SCO7173,SCO7054,-,Weak
SCO7173-SCO1492,SCO7173,SCO1492,+,Weak
SCO7173-SCO0399,SCO7173,SCO0399,+,Weak
SCO7173-SCO5039,SCO7173,SCO5039,-,Weak
SCO7173-afsQ2,SCO7173,afsQ2,-,Weak
SCO7173-atpG,SCO7173,atpG,+,Weak
SCO7173-SCO1066,SCO7173,SCO1066,-,Weak
SCO7173-atpE,SCO7173,atpE,+,Weak
SCO7173-hemA,SCO7173,hemA,+,Weak
SCO7173-SCO1657,SCO7173,SCO1657,-,Weak
SCO7173-SCO5746,SCO7173,SCO5746,-,Weak
SCO7173-SCO7631,SCO7173,SCO7631,-,Weak
SCO7173-SCO3975,SCO7173,SCO3975,-,Weak
SCO7173-SCO5532,SCO7173,SCO5532,-,Weak
SCO7173-SCO3979,SCO7173,SCO3979,-,Weak
SCO7173-SCO0148,SCO7173,SCO0148,-,Weak
SCO7173-SCO3653,SCO7173,SCO3653,-,Weak
SCO7173-SCO3401,SCO7173,SCO3401,-,Weak
SCO7173-dapD,SCO7173,dapD,-,Weak
SCO7173-SCO0471,SCO7173,SCO0471,-,Weak
SCO7173-SCO1196,SCO7173,SCO1196,-,Weak
SCO7173-SCO4434,SCO7173,SCO4434,-,Weak
SCO7173-SCO3892,SCO7173,SCO3892,+,Weak
SCO7173-rplA,SCO7173,rplA,+,Weak
SCO7173-lipA,SCO7173,lipA,-,Weak
SCO7173-SCO0766,SCO7173,SCO0766,+,Weak
SCO7173-murC,SCO7173,murC,-,Weak
SCO7173-SCO4230,SCO7173,SCO4230,-,Weak
SCO7173-SCO4948,SCO7173,SCO4948,-,Weak
SCO7173-SCO1048,SCO7173,SCO1048,-,Weak
SCO7173-ramS,SCO7173,ramS,-,Weak
SCO7173-SCO1167,SCO7173,SCO1167,-,Weak
SCO7173-SCO1370,SCO7173,SCO1370,-,Weak
SCO7173-SCO3397,SCO7173,SCO3397,-,Weak
SCO7173-SCO1968,SCO7173,SCO1968,-,Weak
SCO7173-SCO6743,SCO7173,SCO6743,+,Weak
SCO7173-recX,SCO7173,recX,+,Weak
SCO7173-SCO5088,SCO7173,SCO5088,+,Weak
SCO7173-SCO4228,SCO7173,SCO4228,-,Weak
SCO7173-SCO4229,SCO7173,SCO4229,-,Weak
SCO7173-SCO4958,SCO7173,SCO4958,+,Weak
SCO7173-SCO5080,SCO7173,SCO5080,+,Weak
SCO7173-SCO6277,SCO7173,SCO6277,+,Weak
SCO7173-rpsD,SCO7173,rpsD,+,Weak
SCO7173-SCO1054,SCO7173,SCO1054,-,Weak
SCO7173-SCO6374,SCO7173,SCO6374,+,Weak
SCO7173-rpsL,SCO7173,rpsL,+,Weak
SCO7173-tatA,SCO7173,tatA,-,Weak
SCO7173-SCO1119,SCO7173,SCO1119,-,Weak
SCO7173-SCO2018,SCO7173,SCO2018,-,Weak
SCO7173-SCO2954,SCO7173,SCO2954,+,Weak
SCO7173-SCO6753,SCO7173,SCO6753,+,Weak
SCO7173-SCO2953,SCO7173,SCO2953,+,Weak
SCO7173-SCO4276,SCO7173,SCO4276,-,Weak
SCO7173-SCO5075,SCO7173,SCO5075,+,Weak
SCO7173-SCO5073,SCO7173,SCO5073,+,Weak
SCO7173-actII-2,SCO7173,actII-2,+,Weak
SCO7173-rpmD,SCO7173,rpmD,+,Weak
SCO7173-SCO4769,SCO7173,SCO4769,+,Weak
SCO7173-SCO2328,SCO7173,SCO2328,-,Weak
SCO7173-SCO7089,SCO7173,SCO7089,+,Weak
SCO7173-SCO6470,SCO7173,SCO6470,-,Weak
SCO7173-SCO4971,SCO7173,SCO4971,-,Weak
SCO7173-SCO6548,SCO7173,SCO6548,-,Weak
SCO7173-SCO2428,SCO7173,SCO2428,-,Weak
SCO7173-SCO4263,SCO7173,SCO4263,-,Weak
SCO7173-SCO3750,SCO7173,SCO3750,-,Weak
SCO7173-gpmA,SCO7173,gpmA,-,Weak
SCO7173-SCO0605,SCO7173,SCO0605,-,Weak
SCO7173-SCO1935,SCO7173,SCO1935,+,Weak
SCO7173-SCO5917,SCO7173,SCO5917,-,Weak
SCO7173-SCO4908,SCO7173,SCO4908,+,Weak
SCO7173-SCO3846,SCO7173,SCO3846,-,Weak
SCO7173-SCO5842,SCO7173,SCO5842,-,Weak
SCO7173-gyrA,SCO7173,gyrA,+,Weak
SCO7173-SCO2187,SCO7173,SCO2187,-,Weak
SCO7173-ispF,SCO7173,ispF,-,Weak
SCO7173-SCO0920,SCO7173,SCO0920,-,Weak
SCO7173-wblK,SCO7173,wblK,-,Weak
SCO7173-SCO5166,SCO7173,SCO5166,+,Weak
SCO7173-SCO4384,SCO7173,SCO4384,-,Weak
SCO7173-arcA,SCO7173,arcA,-,Weak
SCO7173-SCO3857,SCO7173,SCO3857,+,Weak
SCO7173-pdxT,SCO7173,pdxT,+,Weak
hspR-SCO3097,hspR,SCO3097,-,Weak
hspR-hspR,hspR,hspR,-,Strong
hspR-SCO3154,hspR,SCO3154,-,Weak
hspR-SCO3660,hspR,SCO3660,-,Weak
hspR-SCO3482,hspR,SCO3482,-,Weak
hspR-SCO4513,hspR,SCO4513,-,Weak
hspR-lon,hspR,lon,-,Weak
hspR-grpE,hspR,grpE,-,Strong
hspR-SCO3484,hspR,SCO3484,-,Weak
hspR-groL2,hspR,groL2,-,Weak
hspR-clpB,hspR,clpB,-,Weak
hspR-SCO5605,hspR,SCO5605,-,Weak
hspR-dnaJ1,hspR,dnaJ1,-,Strong
hspR-SCO5632,hspR,SCO5632,-,Weak
hspR-SCO4793,hspR,SCO4793,-,Weak
hspR-SCO6773,hspR,SCO6773,-,Weak
hspR-SCO6656,hspR,SCO6656,-,Weak
hspR-dnaK,hspR,dnaK,?,Weak
argR-SCO1526,argR,SCO1526,+,Weak
argR-SCO2967,argR,SCO2967,-,Weak
argR-SCO2616,argR,SCO2616,-,Weak
argR-SCO1489,argR,SCO1489,-,Weak
argR-SCO4320,argR,SCO4320,+,Weak
argR-SCO4357,argR,SCO4357,+,Weak
argR-SCO4358,argR,SCO4358,+,Weak
argR-SCO4359,argR,SCO4359,+,Weak
argR-SCO5400,argR,SCO5400,+,Weak
argR-SCO5403,argR,SCO5403,-,Weak
argR-SCO1412,argR,SCO1412,+,Weak
argR-SCO1413,argR,SCO1413,+,Weak
argR-SCO1410,argR,SCO1410,+,Weak
argR-SCO1147,argR,SCO1147,+,Weak
argR-SCO1416,argR,SCO1416,+,Weak
argR-SCO1143,argR,SCO1143,+,Weak
argR-SCO1418,argR,SCO1418,+,Weak
argR-SCO1419,argR,SCO1419,-,Weak
argR-SCO1149,argR,SCO1149,-,Weak
argR-SCO0948,argR,SCO0948,-,Weak
argR-cmk,argR,cmk,-,Weak
argR-SCO5535,argR,SCO5535,+,Weak
argR-SCO1090,argR,SCO1090,-,Weak
argR-SCO2817,argR,SCO2817,+,Weak
argR-SCO2815,argR,SCO2815,+,Weak
argR-SCO3814,argR,SCO3814,+,Weak
argR-SCO3363,argR,SCO3363,+,Weak
argR-SCO3816,argR,SCO3816,-,Weak
argR-SCO2818,argR,SCO2818,+,Weak
argR-IS470-ORF,argR,IS470-ORF,-,Weak
argR-SCO5249,argR,SCO5249,-,Weak
argR-SCO5248,argR,SCO5248,-,Weak
argR-SCO3560,argR,SCO3560,+,Weak
argR-SCO3561,argR,SCO3561,-,Weak
argR-SCO3562,argR,SCO3562,+,Weak
argR-SCO0832,argR,SCO0832,-,Weak
argR-SCO3709,argR,SCO3709,-,Weak
argR-SCO3704,argR,SCO3704,-,Weak
argR-SCO3705,argR,SCO3705,-,Weak
argR-SCO3706,argR,SCO3706,-,Weak
argR-SCO2380,argR,SCO2380,+,Weak
argR-SCO3499,argR,SCO3499,+,Weak
argR-SCO2143,argR,SCO2143,-,Weak
argR-SCO2142,argR,SCO2142,+,Weak
argR-gpsA,argR,gpsA,-,Weak
argR-nuoI1,argR,nuoI1,+,Weak
argR-nuoI2,argR,nuoI2,-,Weak
argR-SCO3635,argR,SCO3635,-,Weak
argR-SCO6288,argR,SCO6288,-,Weak
argR-SCO6289,argR,SCO6289,-,Weak
argR-SCO6282,argR,SCO6282,+-,Weak
argR-SCO6283,argR,SCO6283,+-,Weak
argR-SCO6280,argR,SCO6280,-,Weak
argR-SCO6286,argR,SCO6286,-,Weak
argR-SCO6284,argR,SCO6284,+,Weak
argR-SCO6285,argR,SCO6285,-,Weak
argR-SCO6513,argR,SCO6513,-,Weak
argR-SCO6510,argR,SCO6510,-,Weak
argR-SCO6516,argR,SCO6516,-,Weak
argR-SCO6091,argR,SCO6091,+,Weak
argR-SCO6515,argR,SCO6515,-,Weak
argR-SCO6264,argR,SCO6264,-,Weak
argR-SCO6265,argR,SCO6265,+,Weak
argR-SCO6266,argR,SCO6266,-,Weak
argR-SCO6267,argR,SCO6267,+,Weak
argR-SCO7641,argR,SCO7641,+,Weak
argR-SCO6055,argR,SCO6055,+,Weak
argR-SCO6268,argR,SCO6268,+,Weak
argR-SCO7647,argR,SCO7647,+,Weak
argR-SCO1572,argR,SCO1572,-,Weak
argR-SCO6609,argR,SCO6609,-,Weak
argR-SCO7801,argR,SCO7801,+,Weak
argR-SCO7807,argR,SCO7807,-,Weak
argR-SCO7805,argR,SCO7805,-,Weak
argR-SCO0601,argR,SCO0601,+,Weak
argR-SCO7451,argR,SCO7451,+,Weak
argR-SCO3227,argR,SCO3227,+,Weak
argR-SCO6469,argR,SCO6469,+,Weak
argR-SCO7737,argR,SCO7737,+,Weak
argR-SCO0426,argR,SCO0426,+,Weak
argR-SCO7458,argR,SCO7458,+,Weak
argR-argC,argR,argC,-,Strong
argR-SCO7024,argR,SCO7024,-,Weak
argR-SCO1411,argR,SCO1411,+,Weak
argR-SCO7020,argR,SCO7020,-,Weak
argR-SCO7022,argR,SCO7022,-,Weak
argR-SCO0043,argR,SCO0043,-,Weak
argR-SCO1415,argR,SCO1415,+,Weak
argR-SCO4612,argR,SCO4612,-,Weak
argR-SCO2238,argR,SCO2238,+,Weak
argR-SCO4293,argR,SCO4293,?,Strong
argR-SCO4926,argR,SCO4926,+,Weak
argR-gmhA,argR,gmhA,+,Weak
argR-SCO4923,argR,SCO4923,-,Weak
argR-SCO4103,argR,SCO4103,-,Weak
argR-SCO0131,argR,SCO0131,+,Weak
argR-SCO4109,argR,SCO4109,+,Weak
argR-SCO4108,argR,SCO4108,+,Weak
argR-SCO0139,argR,SCO0139,-,Weak
argR-SCO1552,argR,SCO1552,-,Weak
argR-SCO1550,argR,SCO1550,+,Weak
argR-SCO2602,argR,SCO2602,-,Weak
argR-gcvT,argR,gcvT,+,Weak
argR-SCO2971,argR,SCO2971,-,Weak
argR-SCO1395,argR,SCO1395,-,Weak
argR-SCO1393,argR,SCO1393,-,Weak
argR-SCO5742,argR,SCO5742,+,Weak
argR-SCO5741,argR,SCO5741,+,Weak
argR-ftsZ,argR,ftsZ,-,Weak
argR-ftsY,argR,ftsY,+,Weak
argR-SCO2770,argR,SCO2770,+,Weak
argR-SCO5415,argR,SCO5415,+,Weak
argR-SCO5413,argR,SCO5413,+,Weak
argR-SCO2778,argR,SCO2778,+,Weak
argR-SCO2779,argR,SCO2779,-,Weak
argR-SCO1172,argR,SCO1172,+,Weak
argR-SCO1174,argR,SCO1174,+,Weak
argR-SCO4430,argR,SCO4430,-,Weak
argR-SCO1178,argR,SCO1178,+,Weak
argR-SCO0958,argR,SCO0958,-,Weak
argR-whiD,argR,whiD,+,Weak
argR-whiB,argR,whiB,-,Strong
argR-SCO0955,argR,SCO0955,+,Weak
argR-SCO5521,argR,SCO5521,+,Weak
argR-rpmG3,argR,rpmG3,+,Weak
argR-rpmG1,argR,rpmG1,-,Weak
argR-smc,argR,smc,+,Weak
argR-SCO6244,argR,SCO6244,-,Weak
argR-SCO2551,argR,SCO2551,+,Weak
argR-gvpA2,argR,gvpA2,+,Weak
argR-gvpA1,argR,gvpA1,+,Weak
argR-SCO5250,argR,SCO5250,-,Weak
argR-SCO5251,argR,SCO5251,-,Weak
argR-SCO5252,argR,SCO5252,-,Weak
argR-f58a,argR,f58a,-,Weak
argR-SCO1773,argR,SCO1773,-,Weak
argR-SCO1770,argR,SCO1770,-,Weak
argR-SCO1777,argR,SCO1777,-,Weak
argR-glgE2,argR,glgE2,+,Weak
argR-glgE1,argR,glgE1,-,Weak
argR-SCO2395,argR,SCO2395,+,Weak
argR-SCO2397,argR,SCO2397,-,Weak
argR-SCO2390,argR,SCO2390,+,Weak
argR-SCO2153,argR,SCO2153,-,Weak
argR-SCO3815,argR,SCO3815,-,Weak
argR-SCO3603,argR,SCO3603,+,Weak
argR-SCO3607,argR,SCO3607,-,Weak
argR-SCO3609,argR,SCO3609,+,Weak
argR-SCO3608,argR,SCO3608,-,Weak
argR-SCO3365,argR,SCO3365,+,Weak
argR-SCO6399,argR,SCO6399,-,Weak
argR-SCO1661,argR,SCO1661,-,Weak
argR-SCO7388,argR,SCO7388,+,Weak
argR-SCO4378,argR,SCO4378,-,Weak
argR-SCO6709,argR,SCO6709,+,Weak
argR-SCO6706,argR,SCO6706,+,Weak
argR-SCO7382,argR,SCO7382,-,Weak
argR-SCO7383,argR,SCO7383,-,Weak
argR-SCO7387,argR,SCO7387,-,Weak
argR-SCO6382,argR,SCO6382,-,Weak
argR-SCO3049,argR,SCO3049,-,Weak
argR-SCO6380,argR,SCO6380,+,Weak
argR-SCO6387,argR,SCO6387,-,Weak
argR-SCO5247,argR,SCO5247,-,Weak
argR-SCO3040,argR,SCO3040,-,Weak
argR-SCO7257,argR,SCO7257,-,Weak
argR-SCO3044,argR,SCO3044,-,Weak
argR-SCO6676,argR,SCO6676,+,Weak
argR-SCO7810,argR,SCO7810,+,Weak
argR-SCO7813,argR,SCO7813,-,Weak
argR-SCO6810,argR,SCO6810,-,Weak
argR-SCO6815,argR,SCO6815,-,Weak
argR-nuoD2,argR,nuoD2,-,Weak
argR-SCO7654,argR,SCO7654,+,Weak
argR-SCO7655,argR,SCO7655,+,Weak
argR-SCO6499,argR,SCO6499,-,Weak
argR-SCO6498,argR,SCO6498,+,Weak
argR-SCO6497,argR,SCO6497,-,Weak
argR-SCO6496,argR,SCO6496,+,Weak
argR-SCO6495,argR,SCO6495,+,Weak
argR-SCO6491,argR,SCO6491,+,Weak
argR-SCO6490,argR,SCO6490,+,Weak
argR-SCO0385,argR,SCO0385,-,Weak
argR-SCO0387,argR,SCO0387,+,Weak
argR-SCO0386,argR,SCO0386,+,Weak
argR-SCO0381,argR,SCO0381,-,Weak
argR-SCO0383,argR,SCO0383,-,Weak
argR-SCO7729,argR,SCO7729,-,Weak
argR-SCO7724,argR,SCO7724,-,Weak
argR-SCO0389,argR,SCO0389,-,Weak
argR-SCO6927,argR,SCO6927,-,Weak
argR-SCO6926,argR,SCO6926,-,Weak
argR-SCO6929,argR,SCO6929,-,Weak
argR-SCO6928,argR,SCO6928,-,Weak
argR-ectD,argR,ectD,-,Weak
argR-ectA,argR,ectA,?,Strong
argR-ectB,argR,ectB,-,Weak
argR-SCO7035,argR,SCO7035,-,Weak
argR-SCO7038,argR,SCO7038,+,Weak
argR-SCO0706,argR,SCO0706,-,Weak
argR-SCO0097,argR,SCO0097,-,Weak
argR-SCO4280,argR,SCO4280,+,Weak
argR-SCO4285,argR,SCO4285,+,Weak
argR-SCO4286,argR,SCO4286,+,Weak
argR-SCO4289,argR,SCO4289,+,Weak
argR-SCO0417,argR,SCO0417,+,Weak
argR-SCO0416,argR,SCO0416,+,Weak
argR-SCO1948,argR,SCO1948,+,Weak
argR-SCO4117,argR,SCO4117,-,Weak
argR-SCO4119,argR,SCO4119,-,Weak
argR-SCO1940,argR,SCO1940,+,Weak
argR-SCO1541,argR,SCO1541,-,Weak
argR-SCO1545,argR,SCO1545,-,Weak
argR-SCO1547,argR,SCO1547,-,Weak
argR-SCO1549,argR,SCO1549,-,Weak
argR-SCO2943,argR,SCO2943,-,Weak
argR-SCO4739,argR,SCO4739,-,Weak
argR-SCO1386,argR,SCO1386,-,Weak
argR-SCO1388,argR,SCO1388,-,Weak
argR-SCO0894,argR,SCO0894,-,Weak
argR-SCO0897,argR,SCO0897,+,Weak
argR-SCO0896,argR,SCO0896,-,Weak
argR-SCO4875,argR,SCO4875,-,Weak
argR-SCO5885,argR,SCO5885,+,Weak
argR-SCO5884,argR,SCO5884,+,Weak
argR-SCO5887,argR,SCO5887,+,Weak
argR-SCO5886,argR,SCO5886,+,Weak
argR-SCO5880,argR,SCO5880,+,Weak
argR-SCO5883,argR,SCO5883,+,Weak
argR-SCO5734,argR,SCO5734,+,Weak
argR-SCO5889,argR,SCO5889,-,Weak
argR-SCO5399,argR,SCO5399,+,Weak
argR-SCO2701,argR,SCO2701,-,Weak
argR-SCO2704,argR,SCO2704,-,Weak
argR-SCO5393,argR,SCO5393,+,Weak
argR-SCO5466,argR,SCO5466,+,Weak
argR-SCO4425,argR,SCO4425,+,Strong
argR-SCO4421,argR,SCO4421,-,Weak
argR-SCO4422,argR,SCO4422,-,Weak
argR-SCO0962,argR,SCO0962,-,Weak
argR-SCO4428,argR,SCO4428,-,Weak
argR-SCO0293,argR,SCO0293,+,Weak
argR-SCO1822,argR,SCO1822,+,Weak
argR-SCO5089,argR,SCO5089,-,Weak
argR-SCO0290,argR,SCO0290,-,Weak
argR-SCO5082,argR,SCO5082,-,Weak
argR-SCO2835,argR,SCO2835,-,Weak
argR-SCO3540,argR,SCO3540,+,Weak
argR-SCO2838,argR,SCO2838,-,Weak
argR-SCO5269,argR,SCO5269,+,Weak
argR-SCO5268,argR,SCO5268,-,Weak
argR-SCO5064,argR,SCO5064,+,Weak
argR-SCO2016,argR,SCO2016,+,Weak
argR-SCO2015,argR,SCO2015,?,Strong
argR-SCO2014,argR,SCO2014,?,Strong
argR-SCO2983,argR,SCO2983,-,Weak
argR-SCO2383,argR,SCO2383,-,Weak
argR-SCO6890,argR,SCO6890,-,Weak
argR-SCO2494,argR,SCO2494,-,Weak
argR-SCO3943,argR,SCO3943,?,Strong
argR-SCO6486,argR,SCO6486,+,Weak
argR-SCO1612,argR,SCO1612,+,Weak
argR-SCO1613,argR,SCO1613,+,Weak
argR-SCO2121,argR,SCO2121,+,Weak
argR-SCO0853,argR,SCO0853,+,Weak
argR-hldE,argR,hldE,-,Weak
argR-SCO7057,argR,SCO7057,+,Weak
argR-gpmA,argR,gpmA,+,Weak
argR-SCO2231,argR,SCO2231,?,Strong
argR-glnA,argR,glnA,+,Weak
argR-gpmI,argR,gpmI,-,Weak
argR-SCO6068,argR,SCO6068,+,Weak
argR-SCO6069,argR,SCO6069,+,Weak
argR-glnR,argR,glnR,?,Strong
argR-SCO6716,argR,SCO6716,-,Weak
argR-SCO6393,argR,SCO6393,+,Weak
argR-SCO6935,argR,SCO6935,-,Weak
argR-SCO3051,argR,SCO3051,-,Weak
argR-SCO3053,argR,SCO3053,+,Weak
argR-SCO3057,argR,SCO3057,-,Weak
argR-hup2,argR,hup2,+,Weak
argR-SCO6667,argR,SCO6667,-,Weak
argR-SCO7285,argR,SCO7285,+,Weak
argR-SCO7287,argR,SCO7287,+,Weak
argR-SCO7538,argR,SCO7538,-,Weak
argR-SCO7536,argR,SCO7536,+,Weak
argR-SCO7534,argR,SCO7534,+,Weak
argR-SCO6807,argR,SCO6807,+,Weak
argR-SCO1835,argR,SCO1835,-,Weak
argR-SCO0629,argR,SCO0629,+,Weak
argR-speE1,argR,speE1,+,Weak
argR-speE2,argR,speE2,-,Weak
argR-SCO0621,argR,SCO0621,-,Weak
argR-SCO0626,argR,SCO0626,+,Weak
argR-SCO0624,argR,SCO0624,+,Weak
argR-SCO6939,argR,SCO6939,-,Weak
argR-SCO7623,argR,SCO7623,+,Weak
argR-SCO7622,argR,SCO7622,-,Weak
argR-SCO7621,argR,SCO7621,-,Weak
argR-SCO7620,argR,SCO7620,-,Weak
argR-SCO6488,argR,SCO6488,+,Weak
argR-SCO7624,argR,SCO7624,-,Weak
argR-SCO7629,argR,SCO7629,-,Weak
argR-SCO7628,argR,SCO7628,-,Weak
argR-SCO6481,argR,SCO6481,+,Weak
argR-SCO0390,argR,SCO0390,-,Weak
argR-SCO5670,argR,SCO5670,+,Weak
argR-SCO6934,argR,SCO6934,+,Weak
argR-rnz,argR,rnz,+,Weak
argR-SCO6936,argR,SCO6936,+,Weak
argR-SCO6937,argR,SCO6937,+,Weak
argR-SCO6930,argR,SCO6930,-,Weak
argR-SCO6931,argR,SCO6931,-,Weak
argR-SCO6932,argR,SCO6932,-,Weak
argR-SCO6933,argR,SCO6933,-,Weak
argR-SCO6938,argR,SCO6938,-,Weak
argR-pfkA1,argR,pfkA1,+,Weak
argR-SCO0720,argR,SCO0720,-,Weak
argR-SCO0719,argR,SCO0719,-,Weak
argR-SCO4252,argR,SCO4252,+,Weak
argR-SCO0577,argR,SCO0577,+,Weak
argR-SCO0574,argR,SCO0574,-,Weak
argR-nuoC,argR,nuoC,+,Weak
argR-SCO0402,argR,SCO0402,+,Weak
argR-SCO0400,argR,SCO0400,+,Weak
argR-SCO4125,argR,SCO4125,+,Weak
argR-SCO0408,argR,SCO0408,-,Weak
argR-SCO1974,argR,SCO1974,+,Weak
argR-nuoG,argR,nuoG,-,Weak
argR-SCO4257,argR,SCO4257,+,Weak
argR-SCO4256,argR,SCO4256,-,Weak
argR-SCO4255,argR,SCO4255,+,Weak
argR-SCO4254,argR,SCO4254,-,Weak
argR-SCO4253,argR,SCO4253,+,Weak
argR-SCO5659,argR,SCO5659,-,Weak
argR-SCO4251,argR,SCO4251,+,Weak
argR-SCO5654,argR,SCO5654,-,Weak
argR-SCO1571,argR,SCO1571,-,Weak
argR-SCO4259,argR,SCO4259,+,Weak
argR-SCO4258,argR,SCO4258,-,Weak
argR-SCO1373,argR,SCO1373,-,Weak
argR-SCO1371,argR,SCO1371,-,Weak
argR-SCO1370,argR,SCO1370,-,Weak
argR-SCO0653,argR,SCO0653,+,Weak
argR-SCO5892,argR,SCO5892,-,Weak
argR-SCO5893,argR,SCO5893,-,Weak
argR-SCO5890,argR,SCO5890,-,Weak
argR-SCO5891,argR,SCO5891,+,Weak
argR-SCO5896,argR,SCO5896,+,Strong
argR-SCO0651,argR,SCO0651,+,Weak
argR-SCO5726,argR,SCO5726,+,Weak
argR-SCO5895,argR,SCO5895,-,Weak
argR-SCO5898,argR,SCO5898,-,Weak
argR-SCO4382,argR,SCO4382,-,Weak
argR-SCO4386,argR,SCO4386,-,Weak
argR-ppc,argR,ppc,+,Weak
argR-SCO2714,argR,SCO2714,-,Weak
argR-SCO2716,argR,SCO2716,-,Weak
argR-SCO2717,argR,SCO2717,+,Weak
argR-SCO2718,argR,SCO2718,-,Weak
argR-SCO2719,argR,SCO2719,-,Weak
argR-SCO0973,argR,SCO0973,-,Weak
argR-SCO4412,argR,SCO4412,-,Weak
argR-SCO0974,argR,SCO0974,-,Weak
argR-SCO1113,argR,SCO1113,+,Weak
argR-SCO2959,argR,SCO2959,-,Weak
argR-SCO5273,argR,SCO5273,-,Weak
argR-SCO5270,argR,SCO5270,+,Weak
argR-SCO5271,argR,SCO5271,-,Weak
argR-SCO5276,argR,SCO5276,-,Weak
argR-SCO3534,argR,SCO3534,+,Weak
argR-SCO2827,argR,SCO2827,-,Weak
argR-SCO2822,argR,SCO2822,-,Weak
argR-SCO2823,argR,SCO2823,-,Weak
argR-SCO5074,argR,SCO5074,-,Weak
argR-SCO5076,argR,SCO5076,+,Weak
argR-SCO1756,argR,SCO1756,-,Weak
argR-SCO5071,argR,SCO5071,+,Weak
argR-sucC1,argR,sucC1,+,Weak
argR-SCO2004,argR,SCO2004,+,Weak
argR-SCO0927,argR,SCO0927,-,Weak
argR-SCO1590,argR,SCO1590,-,Weak
argR-SCO2486,argR,SCO2486,+,Weak
argR-SCO2487,argR,SCO2487,+,Weak
argR-SCO2488,argR,SCO2488,+,Weak
argR-SCO2489,argR,SCO2489,+,Weak
argR-truB,argR,truB,+,Weak
argR-SCO5389,argR,SCO5389,+,Weak
argR-SCO3284,argR,SCO3284,+,Weak
argR-SCO3281,argR,SCO3281,-,Weak
argR-SCO3282,argR,SCO3282,-,Weak
argR-SCO3997,argR,SCO3997,-,Weak
argR-SCO3999,argR,SCO3999,-,Weak
argR-SCO1626,argR,SCO1626,+,Weak
argR-SCO1629,argR,SCO1629,+,Weak
argR-SCO1628,argR,SCO1628,-,Weak
argR-SCO2132,argR,SCO2132,-,Weak
argR-SCO2133,argR,SCO2133,-,Weak
argR-SCO2135,argR,SCO2135,+,Weak
argR-SCO2136,argR,SCO2136,+,Weak
argR-SCO3843,argR,SCO3843,-,Weak
argR-SCO3842,argR,SCO3842,+,Weak
argR-SCO3845,argR,SCO3845,-,Weak
argR-SCO3662,argR,SCO3662,-,Weak
argR-tri1,argR,tri1,+,Weak
argR-SCO3194,argR,SCO3194,+,Weak
argR-SCO6014,argR,SCO6014,+,Weak
argR-SCO6019,argR,SCO6019,+,Weak
argR-SCO6018,argR,SCO6018,+,Weak
argR-SCO2228,argR,SCO2228,+,Weak
argR-SCO2229,argR,SCO2229,+,Weak
argR-SCO6233,argR,SCO6233,-,Weak
argR-SCO6722,argR,SCO6722,-,Weak
argR-SCO6724,argR,SCO6724,+,Weak
argR-SCO6234,argR,SCO6234,-,Weak
argR-SCO3062,argR,SCO3062,-,Weak
argR-SCO3069,argR,SCO3069,-,Weak
argR-SCO1890,argR,SCO1890,-,Weak
argR-eno1,argR,eno1,-,Weak
argR-SCO6656,argR,SCO6656,+,Weak
argR-SCO6122,argR,SCO6122,-,Weak
argR-SCO7524,argR,SCO7524,-,Weak
argR-SCO7525,argR,SCO7525,+,Weak
argR-SCO6349,argR,SCO6349,+,Weak
argR-SCO7523,argR,SCO7523,-,Weak
argR-nuoB1,argR,nuoB1,-,Weak
argR-SCO7631,argR,SCO7631,+,Weak
argR-SCO7635,argR,SCO7635,+,Weak
argR-SCO7637,argR,SCO7637,+,Weak
argR-SCO1276,argR,SCO1276,-,Weak
argR-SCO0365,argR,SCO0365,-,Weak
argR-SCO6907,argR,SCO6907,-,Weak
argR-SCO5658,argR,SCO5658,+,Weak
argR-SCO4700,argR,SCO4700,-,Weak
argR-sigB,argR,sigB,-,Weak
argR-sigE,argR,sigE,-,Weak
argR-sigF,argR,sigF,-,Weak
argR-sigI,argR,sigI,?,Strong
argR-sigH,argR,sigH,-,Weak
argR-SCO0508,argR,SCO0508,-,Weak
argR-SCO5653,argR,SCO5653,-,Weak
argR-SCO1965,argR,SCO1965,-,Weak
argR-add2,argR,add2,-,Weak
argR-SCO1960,argR,SCO1960,-,Weak
argR-SCO0160,argR,SCO0160,-,Weak
argR-SCO4134,argR,SCO4134,+,Weak
argR-SCO4244,argR,SCO4244,+,Weak
argR-SCO4245,argR,SCO4245,+,Weak
argR-SCO1568,argR,SCO1568,-,Weak
argR-SCO1569,argR,SCO1569,-,Weak
argR-SCO4242,argR,SCO4242,+,Weak
argR-SCO6416,argR,SCO6416,+,Weak
argR-SCO4248,argR,SCO4248,+,Weak
argR-SCO5667,argR,SCO5667,-,Weak
argR-SCO1565,argR,SCO1565,-,Weak
argR-SCO0186,argR,SCO0186,+,Weak
argR-SCO6946,argR,SCO6946,-,Weak
argR-SCO0182,argR,SCO0182,-,Weak
argR-SCO6413,argR,SCO6413,+,Weak
argR-SCO1366,argR,SCO1366,+,Weak
argR-SCO6940,argR,SCO6940,-,Weak
argR-SCO4397,argR,SCO4397,-,Weak
argR-SCO4393,argR,SCO4393,+,Weak
argR-SCO4391,argR,SCO4391,+,Weak
argR-SCO4398,argR,SCO4398,-,Weak
argR-SCO4399,argR,SCO4399,+,Weak
argR-SCO5715,argR,SCO5715,+,Weak
argR-SCO5717,argR,SCO5717,+,Weak
argR-SCO5864,argR,SCO5864,?,Strong
argR-SCO5710,argR,SCO5710,+,Weak
argR-SCO2727,argR,SCO2727,-,Weak
argR-SCO2726,argR,SCO2726,+,Weak
argR-SCO1100,argR,SCO1100,-,Weak
argR-SCO1103,argR,SCO1103,-,Weak
argR-SCO0983,argR,SCO0983,-,Weak
argR-SCO0982,argR,SCO0982,-,Weak
argR-SCO1298,argR,SCO1298,+,Weak
argR-SCO1290,argR,SCO1290,-,Weak
argR-SCO1293,argR,SCO1293,+,Weak
argR-SCO1297,argR,SCO1297,-,Weak
argR-SCO2924,argR,SCO2924,-,Weak
argR-SCO2929,argR,SCO2929,+,Weak
argR-SCO2589,argR,SCO2589,-,Weak
argR-SCO3521,argR,SCO3521,-,Weak
argR-SCO3524,argR,SCO3524,+,Weak
argR-purU,argR,purU,+,Weak
argR-SCO5286,argR,SCO5286,-,Weak
argR-SCO2583,argR,SCO2583,+,Weak
argR-SCO2850,argR,SCO2850,+,Weak
argR-SCO5282,argR,SCO5282,+,Weak
argR-tilS,argR,tilS,+,Weak
argR-SCO2586,argR,SCO2586,-,Weak
argR-SCO1743,argR,SCO1743,-,Weak
argR-SCO1740,argR,SCO1740,-,Weak
argR-SCO1030,argR,SCO1030,-,Weak
argR-SCO4389,argR,SCO4389,+,Weak
argR-SCO1581,argR,SCO1581,?,Strong
argR-SCO1582,argR,SCO1582,-,Weak
argR-SCO1588,argR,SCO1588,-,Weak
argR-SCO5447,argR,SCO5447,-,Weak
argR-SCO5446,argR,SCO5446,+,Weak
argR-SCO5441,argR,SCO5441,-,Weak
argR-SCO5442,argR,SCO5442,-,Weak
argR-SCO5897,argR,SCO5897,-,Weak
argR-SCO5894,argR,SCO5894,-,Weak
argR-SCO3290,argR,SCO3290,+,Weak
argR-SCO3294,argR,SCO3294,-,Weak
argR-SCO2456,argR,SCO2456,-,Weak
argR-SCO2101,argR,SCO2101,-,Weak
argR-SCO3988,argR,SCO3988,-,Weak
argR-SCO3989,argR,SCO3989,-,Weak
argR-SCO5899,argR,SCO5899,-,Weak
argR-SCO1638,argR,SCO1638,+,Weak
argR-SCO1630,argR,SCO1630,+,Weak
argR-SCO3857,argR,SCO3857,-,Weak
argR-bioA,argR,bioA,+,Weak
argR-uvrB,argR,uvrB,+,Weak
argR-uvrA,argR,uvrA,-,Weak
argR-SCO2211,argR,SCO2211,+,Weak
argR-SCO2210,argR,SCO2210,+,Strong
argR-SCO6003,argR,SCO6003,+,Weak
argR-SCO6004,argR,SCO6004,+,Weak
argR-prsH,argR,prsH,+,Weak
argR-SCO1341,argR,SCO1341,+,Weak
argR-SCO6220,argR,SCO6220,+,Weak
argR-SCO6224,argR,SCO6224,+,Weak
argR-SCO6225,argR,SCO6225,+,Weak
argR-SCO3075,argR,SCO3075,-,Weak
argR-SCO6131,argR,SCO6131,-,Weak
argR-SCO6644,argR,SCO6644,+,Weak
argR-SCO6133,argR,SCO6133,+,Weak
argR-SCO6826,argR,SCO6826,-,Weak
argR-SCO6827,argR,SCO6827,-,Weak
argR-SCO6824,argR,SCO6824,-,Weak
argR-SCO6825,argR,SCO6825,-,Weak
argR-SCO6359,argR,SCO6359,+,Weak
argR-SCO7517,argR,SCO7517,-,Weak
argR-SCO4419,argR,SCO4419,-,Weak
argR-cobB,argR,cobB,+,Weak
argR-SCO7197,argR,SCO7197,-,Weak
argR-SCO7192,argR,SCO7192,-,Weak
argR-SCO7608,argR,SCO7608,+,Weak
argR-SCO6731,argR,SCO6731,-,Weak
argR-SCO7357,argR,SCO7357,+,Weak
argR-SCO7606,argR,SCO7606,+,Weak
argR-SCO7353,argR,SCO7353,+,Weak
argR-SCO6738,argR,SCO6738,-,Weak
argR-SCO6739,argR,SCO6739,-,Weak
argR-SCO0378,argR,SCO0378,-,Weak
argR-SCO0379,argR,SCO0379,-,Weak
argR-SCO4899,argR,SCO4899,+,Weak
argR-SCO4892,argR,SCO4892,-,Weak
argR-SCO0774,argR,SCO0774,-,Weak
argR-SCO0775,argR,SCO0775,-,Weak
argR-argR,argR,argR,-,Weak
argR-argH,argR,argH,-,Strong
argR-argJ,argR,argJ,-,Weak
argR-carB,argR,carB,-,Strong
argR-argB,argR,argB,-,Weak
argR-carA,argR,carA,-,Weak
argR-argD,argR,argD,-,Weak
argR-argF,argR,argF,?,Strong
argR-argG,argR,argG,-,Strong
argR-SCO4097,argR,SCO4097,+,Weak
argR-SCO4096,argR,SCO4096,-,Weak
argR-SCO4092,argR,SCO4092,-,Weak
argR-SCO0516,argR,SCO0516,-,Weak
argR-SCO1911,argR,SCO1911,-,Weak
argR-SCO1910,argR,SCO1910,-,Weak
argR-SCO7776,argR,SCO7776,+,Weak
argR-SCO7773,argR,SCO7773,+,Weak
argR-SCO6193,argR,SCO6193,-,Weak
argR-serC,argR,serC,+,Weak
argR-SCO4877,argR,SCO4877,-,Weak
argR-SCO4876,argR,SCO4876,-,Weak
argR-SCO4651,argR,SCO4651,-,Weak
argR-SCO4874,argR,SCO4874,-,Weak
argR-SCO5878,argR,SCO5878,+,Weak
argR-SCO5879,argR,SCO5879,+,Weak
argR-SCO4658,argR,SCO4658,-,Weak
argR-SCO5707,argR,SCO5707,-,Weak
argR-SCO4878,argR,SCO4878,-,Weak
argR-SCO2738,argR,SCO2738,+,Weak
argR-SCO2733,argR,SCO2733,-,Weak
argR-SCO4471,argR,SCO4471,-,Weak
argR-SCO0997,argR,SCO0997,-,Weak
argR-SCO0990,argR,SCO0990,-,Weak
argR-SCO4476,argR,SCO4476,-,Weak
argR-SCO0993,argR,SCO0993,+,Weak
argR-dasR,argR,dasR,-,Weak
argR-SCO2930,argR,SCO2930,-,Weak
argR-SCO2931,argR,SCO2931,-,Weak
argR-SCO2933,argR,SCO2933,-,Weak
argR-SCO2936,argR,SCO2936,+,Weak
argR-SCO5671,argR,SCO5671,-,Weak
argR-rlmG,argR,rlmG,-,Weak
argR-SCO5679,argR,SCO5679,-,Weak
argR-SCO2026,argR,SCO2026,+,Weak
argR-SCO2024,argR,SCO2024,+,Weak
argR-SCO5299,argR,SCO5299,-,Weak
argR-SCO2841,argR,SCO2841,-,Weak
argR-SCO2842,argR,SCO2842,+,Weak
argR-SCO2843,argR,SCO2843,+,Weak
argR-SCO2844,argR,SCO2844,+,Weak
argR-SCO2028,argR,SCO2028,+,Weak
argR-SCO1000,argR,SCO1000,-,Weak
argR-SCO4508,argR,SCO4508,-,Weak
argR-SCO5906,argR,SCO5906,-,Weak
argR-SCO5451,argR,SCO5451,+,Weak
argR-SCO5458,argR,SCO5458,+,Weak
argR-SCO2440,argR,SCO2440,-,Weak
argR-ecaD1,argR,ecaD1,-,Weak
argR-SCO4581,argR,SCO4581,-,Weak
argR-SCO3460,argR,SCO3460,-,Weak
argR-SCO3869,argR,SCO3869,+,Weak
argR-SCO3868,argR,SCO3868,+,Weak
argR-SCO2591,argR,SCO2591,+,Weak
argR-SCO3860,argR,SCO3860,-,Weak
argR-SCO3863,argR,SCO3863,+,Weak
argR-leuA,argR,leuA,?,Strong
argR-asnO,argR,asnO,+,Weak
argR-SCO2200,argR,SCO2200,-,Weak
argR-hisD,argR,hisD,?,Strong
argR-SCO6581,argR,SCO6581,-,Weak
argR-cyc1,argR,cyc1,+,Weak
argR-cyc2,argR,cyc2,+,Weak
argR-SCO3086,argR,SCO3086,-,Weak
argR-SCO3085,argR,SCO3085,-,Weak
argR-SCO3080,argR,SCO3080,+,Weak
argR-SCO3240,argR,SCO3240,-,Weak
argR-SCO3245,argR,SCO3245,+,Weak
argR-SCO3244,argR,SCO3244,+,Weak
argR-SCO3247,argR,SCO3247,+,Weak
argR-SCO3249,argR,SCO3249,+,Weak
argR-SCO3248,argR,SCO3248,+,Weak
argR-SCO6109,argR,SCO6109,-,Weak
argR-SCO6442,argR,SCO6442,-,Weak
argR-SCO4925,argR,SCO4925,+,Weak
argR-SCO6691,argR,SCO6691,+,Weak
argR-SCO6693,argR,SCO6693,+,Weak
argR-SCO4290,argR,SCO4290,+,Weak
argR-SCO6696,argR,SCO6696,+,Weak
argR-SCO7187,argR,SCO7187,+,Weak
argR-SCO6741,argR,SCO6741,+,Weak
argR-SCO6746,argR,SCO6746,+,Weak
argR-SCO7346,argR,SCO7346,+,Weak
argR-comB,argR,comB,+,Weak
argR-SCO6219,argR,SCO6219,+,Weak
argR-SCO7341,argR,SCO7341,+,Weak
argR-SCO5131,argR,SCO5131,+,Weak
argR-SCO0692,argR,SCO0692,+,Weak
argR-SCO0691,argR,SCO0691,+,Weak
argR-SCO0690,argR,SCO0690,-,Weak
argR-SCO0697,argR,SCO0697,+,Weak
argR-SCO7169,argR,SCO7169,-,Weak
argR-SCO4889,argR,SCO4889,-,Weak
argR-SCO6963,argR,SCO6963,-,Weak
argR-SCO6967,argR,SCO6967,-,Weak
argR-SCO6964,argR,SCO6964,+,Weak
argR-SCO0749,argR,SCO0749,-,Weak
argR-SCO0747,argR,SCO0747,-,Weak
argR-SCO0743,argR,SCO0743,-,Weak
argR-SCO7509,argR,SCO7509,+,Weak
argR-SCO4080,argR,SCO4080,-,Weak
argR-SCO7413,argR,SCO7413,-,Weak
argR-SCO1081,argR,SCO1081,-,Weak
argR-SCO1906,argR,SCO1906,+,Weak
argR-SCO1908,argR,SCO1908,+,Weak
argR-SCO7766,argR,SCO7766,-,Weak
argR-SCO1347,argR,SCO1347,+,Weak
argR-SCO4335,argR,SCO4335,-,Weak
argR-SCO4265,argR,SCO4265,+,Weak
argR-SCO4263,argR,SCO4263,+,Weak
argR-SCO4260,argR,SCO4260,-,Weak
argR-SCO4261,argR,SCO4261,-,Weak
argR-SCO6945,argR,SCO6945,-,Weak
argR-SCO1083,argR,SCO1083,-,Weak
argR-SCO0524,argR,SCO0524,-,Weak
argR-SCO4860,argR,SCO4860,-,Weak
argR-SCO0522,argR,SCO0522,+,Weak
argR-SCO1834,argR,SCO1834,-,Weak
argR-SCO5840,argR,SCO5840,+,Weak
argR-SCO1836,argR,SCO1836,+,Weak
argR-SCO1837,argR,SCO1837,-,Weak
argR-SCO1832,argR,SCO1832,-,Weak
argR-SCO1126,argR,SCO1126,+,Weak
argR-SCO1127,argR,SCO1127,+,Weak
argR-SCO1124,argR,SCO1124,-,Weak
argR-SCO1125,argR,SCO1125,-,Weak
argR-SCO5117,argR,SCO5117,-,Weak
argR-SCO1128,argR,SCO1128,+,Weak
argR-SCO5110,argR,SCO5110,-,Weak
argR-SCO5592,argR,SCO5592,+,Weak
argR-SCO7340,argR,SCO7340,+,Weak
argR-SCO5603,argR,SCO5603,-,Weak
argR-SCO3508,argR,SCO3508,+,Weak
argR-SCO3509,argR,SCO3509,-,Weak
argR-SCO2055,argR,SCO2055,?,Strong
argR-SCO2695,argR,SCO2695,-,Weak
argR-SCO5028,argR,SCO5028,-,Weak
argR-SCO4512,argR,SCO4512,-,Weak
argR-SCO1012,argR,SCO1012,-,Weak
argR-SCO4519,argR,SCO4519,-,Weak
argR-SCO5024,argR,SCO5024,-,Weak
argR-SCO0834,argR,SCO0834,-,Weak
argR-SCO0833,argR,SCO0833,-,Weak
argR-glgB2,argR,glgB2,-,Weak
argR-SCO0831,argR,SCO0831,-,Weak
argR-SCO2471,argR,SCO2471,+,Weak
argR-SCO2470,argR,SCO2470,-,Weak
argR-SCO2473,argR,SCO2473,+,Weak
argR-SCO2475,argR,SCO2475,+,Weak
argR-SCO2474,argR,SCO2474,+,Weak
argR-SCO2478,argR,SCO2478,+,Weak
argR-SCO2872,argR,SCO2872,-,Weak
argR-SCO2879,argR,SCO2879,-,Weak
argR-SCO3653,argR,SCO3653,-,Weak
argR-SCO3656,argR,SCO3656,+,Weak
argR-gvpJ2,argR,gvpJ2,+,Weak
argR-gvpJ1,argR,gvpJ1,+,Weak
argR-SCO6029,argR,SCO6029,-,Weak
argR-SCO2271,argR,SCO2271,-,Weak
argR-SCO2277,argR,SCO2277,+,Weak
argR-SCO6024,argR,SCO6024,+,Weak
argR-tdk,argR,tdk,-,Weak
argR-SCO3098,argR,SCO3098,-,Weak
argR-SCO3099,argR,SCO3099,+,Weak
argR-SCO3097,argR,SCO3097,-,Weak
argR-SCO6112,argR,SCO6112,+,Weak
argR-SCO2302,argR,SCO2302,-,Weak
argR-SCO2309,argR,SCO2309,-,Weak
argR-SCO6374,argR,SCO6374,+,Weak
argR-SCO6375,argR,SCO6375,-,Weak
argR-SCO6372,argR,SCO6372,+,Weak
argR-SCO6373,argR,SCO6373,-,Weak
argR-SCO6685,argR,SCO6685,+,Weak
argR-pyrE,argR,pyrE,-,Weak
argR-SCO7379,argR,SCO7379,-,Weak
argR-SCO6203,argR,SCO6203,+,Weak
argR-SCO6201,argR,SCO6201,-,Weak
argR-SCO6206,argR,SCO6206,+,Weak
argR-SCO6205,argR,SCO6205,-,Weak
argR-SCO7371,argR,SCO7371,-,Weak
argR-SCO7373,argR,SCO7373,-,Weak
argR-SCO7372,argR,SCO7372,-,Weak
argR-SCO7374,argR,SCO7374,-,Weak
argR-SCO7377,argR,SCO7377,-,Weak
argR-SCO0689,argR,SCO0689,-,Weak
argR-SCO7158,argR,SCO7158,+,Weak
argR-SCO0683,argR,SCO0683,+,Weak
argR-SCO0684,argR,SCO0684,-,Weak
argR-SCO0685,argR,SCO0685,+,Weak
argR-SCO6970,argR,SCO6970,-,Weak
argR-actII-3,argR,actII-3,-,Weak
argR-actII-4,argR,actII-4,-,Weak
argR-SCO7083,argR,SCO7083,-,Weak
argR-SCO0758,argR,SCO0758,-,Weak
argR-SCO0753,argR,SCO0753,-,Weak
argR-SCO7573,argR,SCO7573,+,Weak
argR-SCO7572,argR,SCO7572,+,Weak
argR-SCO4434,argR,SCO4434,-,Weak
argR-SCO7574,argR,SCO7574,+,Weak
argR-SCO7402,argR,SCO7402,-,Weak
argR-SCO4076,argR,SCO4076,-,Weak
argR-SCO1176,argR,SCO1176,+,Weak
argR-SCO4982,argR,SCO4982,+,Weak
argR-SCO2344,argR,SCO2344,-,Weak
argR-SCO1073,argR,SCO1073,-,Weak
argR-SCO0449,argR,SCO0449,-,Weak
argR-SCO0352,argR,SCO0352,+,Weak
argR-SCO7792,argR,SCO7792,+,Weak
argR-SCO0358,argR,SCO0358,-,Weak
argR-SCO4219,argR,SCO4219,+,Weak
argR-SCO4218,argR,SCO4218,+,Weak
argR-SCO0228,argR,SCO0228,+,Weak
argR-SCO4213,argR,SCO4213,+,Weak
argR-lysA,argR,lysA,-,Weak
argR-SCO0224,argR,SCO0224,+,Weak
argR-SCO0225,argR,SCO0225,+,Weak
argR-SCO4215,argR,SCO4215,+,Weak
argR-acsA,argR,acsA,-,Weak
argR-SCO5857,argR,SCO5857,-,Weak
argR-SCO4853,argR,SCO4853,+,Weak
argR-SCO0536,argR,SCO0536,+,Weak
argR-SCO4854,argR,SCO4854,-,Weak
argR-SCO1800,argR,SCO1800,+-,Weak
argR-SCO4677,argR,SCO4677,+,Weak
argR-SCO4676,argR,SCO4676,-,Weak
argR-SCO4672,argR,SCO4672,+,Weak
argR-SCO4456,argR,SCO4456,-,Weak
argR-SCO4451,argR,SCO4451,-,Weak
argR-SCO4452,argR,SCO4452,-,Weak
argR-SCO1485,argR,SCO1485,+-,Weak
argR-SCO0954,argR,SCO0954,+,Weak
argR-pta,argR,pta,-,Weak
argR-SCO1247,argR,SCO1247,-,Weak
argR-SCO1243,argR,SCO1243,-,Weak
argR-SCO1240,argR,SCO1240,-,Weak
argR-SCO5583,argR,SCO5583,?,Strong
argR-SCO5584,argR,SCO5584,+,Weak
argR-SCO5588,argR,SCO5588,+,Weak
argR-SCO5610,argR,SCO5610,-,Weak
argR-SCO5616,argR,SCO5616,-,Weak
argR-SCO2914,argR,SCO2914,-,Weak
argR-SCO5039,argR,SCO5039,-,Weak
argR-SCO2686,argR,SCO2686,?,Strong
argR-SCO4529,argR,SCO4529,-,Weak
argR-SCO1062,argR,SCO1062,-,Weak
argR-SCO1793,argR,SCO1793,+,Weak
argR-SCO1792,argR,SCO1792,+,Weak
argR-SCO5528,argR,SCO5528,+,Weak
argR-atpE,argR,atpE,-,Weak
argR-hemH,argR,hemH,-,Weak
argR-ureA,argR,ureA,?,Strong
argR-SCO5929,argR,SCO5929,-,Weak
argR-SCO5926,argR,SCO5926,-,Weak
argR-SCO5954,argR,SCO5954,-,Weak
argR-SCO3405,argR,SCO3405,+,Weak
argR-SCO3408,argR,SCO3408,+,Weak
argR-SCO5326,argR,SCO5326,?,Strong
argR-SCO5320,argR,SCO5320,+,Weak
argR-SCO5321,argR,SCO5321,+,Weak
argR-SCO1668,argR,SCO1668,-,Weak
argR-SCO2461,argR,SCO2461,-,Weak
argR-SCO1467,argR,SCO1467,+,Weak
argR-SCO2861,argR,SCO2861,-,Weak
argR-SCO2866,argR,SCO2866,-,Weak
argR-SCO2867,argR,SCO2867,-,Weak
argR-SCO2864,argR,SCO2864,-,Weak
argR-SCO2865,argR,SCO2865,+,Weak
argR-SCO2868,argR,SCO2868,-,Weak
argR-SCO2869,argR,SCO2869,-,Weak
argR-cyp158a2,argR,cyp158a2,+,Weak
argR-SCO3791,argR,SCO3791,-,Weak
argR-SCO3790,argR,SCO3790,+,Weak
argR-SCO3796,argR,SCO3796,+,Weak
argR-SCO5317,argR,SCO5317,+,Weak
argR-SCO6566,argR,SCO6566,+,Weak
argR-SCO6565,argR,SCO6565,-,Weak
argR-SCO6562,argR,SCO6562,+,Weak
argR-SCO6163,argR,SCO6163,+,Weak
argR-SCO6162,argR,SCO6162,+,Weak
argR-SCO3229,argR,SCO3229,+,Weak
argR-SCO6160,argR,SCO6160,-,Weak
argR-SCO2310,argR,SCO2310,+,Weak
argR-SCO6166,argR,SCO6166,-,Weak
argR-SCO6165,argR,SCO6165,-,Weak
argR-SCO6164,argR,SCO6164,-,Weak
argR-SCO3222,argR,SCO3222,+,Weak
argR-SCO3221,argR,SCO3221,+,Weak
argR-SCO3220,argR,SCO3220,+,Weak
argR-SCO2318,argR,SCO2318,+,Weak
argR-SCO2319,argR,SCO2319,+,Weak
argR-fabH3,argR,fabH3,+,Weak
argR-trpD1,argR,trpD1,+,Weak
argR-malR,argR,malR,?,Strong
argR-SCO6305,argR,SCO6305,+,Weak
argR-SCO7365,argR,SCO7365,-,Weak
argR-SCO6417,argR,SCO6417,+,Weak
argR-SCO6944,argR,SCO6944,-,Weak
argR-SCO6414,argR,SCO6414,+,Weak
argR-SCO6941,argR,SCO6941,-,Weak
argR-SCO6412,argR,SCO6412,+,Weak
argR-SCO6943,argR,SCO6943,-,Weak
argR-SCO6942,argR,SCO6942,-,Weak
argR-SCO7414,argR,SCO7414,-,Weak
argR-SCO7415,argR,SCO7415,+,Weak
argR-SCO7416,argR,SCO7416,-,Weak
argR-SCO6949,argR,SCO6949,-,Weak
argR-SCO7412,argR,SCO7412,+,Weak
argR-SCO6418,argR,SCO6418,+,Weak
argR-SCO6780,argR,SCO6780,+,Weak
argR-SCO6788,argR,SCO6788,+,Weak
argR-SCO7563,argR,SCO7563,-,Weak
argR-SCO0789,argR,SCO0789,-,Weak
argR-SCO4993,argR,SCO4993,+,Weak
argR-SCO4994,argR,SCO4994,-,Weak
argR-SCO7290,argR,SCO7290,-,Weak
argR-SCO0323,argR,SCO0323,+,Weak
argR-SCO0320,argR,SCO0320,+,Weak
argR-SCO7781,argR,SCO7781,-,Weak
argR-sti1,argR,sti1,-,Weak
argR-SCO1329,argR,SCO1329,+,Weak
argR-SCO0256,argR,SCO0256,?,Strong
argR-SCO0255,argR,SCO0255,?,Strong
argR-SCO0254,argR,SCO0254,-,Weak
argR-scoT,argR,scoT,-,Weak
argR-SCO1814,argR,SCO1814,+,Weak
argR-SCO1815,argR,SCO1815,+,Weak
argR-SCO5827,argR,SCO5827,+,Weak
argR-SCO5826,argR,SCO5826,-,Weak
argR-SCO1819,argR,SCO1819,+,Weak
argR-SCO4843,argR,SCO4843,+,Weak
argR-SCO4334,argR,SCO4334,-,Weak
argR-SCO5138,argR,SCO5138,+,Weak
argR-SCO4440,argR,SCO4440,-,Weak
argR-SCO4332,argR,SCO4332,+,Weak
argR-SCO1492,argR,SCO1492,+,Weak
argR-SCO5133,argR,SCO5133,+,Weak
argR-SCO5137,argR,SCO5137,-,Weak
argR-SCO4681,argR,SCO4681,+,Weak
argR-SCO4682,argR,SCO4682,+,Weak
argR-SCO4683,argR,SCO4683,-,Weak
argR-SCO0287,argR,SCO0287,+,Weak
argR-SCO4972,argR,SCO4972,+,Weak
argR-dapD,argR,dapD,-,Weak
argR-ectC,argR,ectC,-,Weak
argR-SCO2674,argR,SCO2674,+,Weak
argR-SCO2671,argR,SCO2671,+,Weak
argR-trpC2,argR,trpC2,+,Weak
argR-SCO5119,argR,SCO5119,-,Weak
argR-SCO0818,argR,SCO0818,-,Weak
argR-SCO5118,argR,SCO5118,-,Weak
argR-SCO2628,argR,SCO2628,-,Weak
argR-SCO3302,argR,SCO3302,-,Weak
argR-SCO5953,argR,SCO5953,-,Weak
argR-SCO5485,argR,SCO5485,+,Weak
argR-SCO5484,argR,SCO5484,+,Weak
argR-SCO5486,argR,SCO5486,-,Weak
argR-SCO1084,argR,SCO1084,-,Weak
argR-SCO5313,argR,SCO5313,-,Weak
argR-SCO5312,argR,SCO5312,-,Weak
argR-SCO5315,argR,SCO5315,+,Weak
argR-SCO5314,argR,SCO5314,-,Weak
argR-SCO1674,argR,SCO1674,-,Weak
argR-SCO5316,argR,SCO5316,-,Weak
argR-SCO5319,argR,SCO5319,+,Weak
argR-SCO5318,argR,SCO5318,+,Weak
argR-SCO1474,argR,SCO1474,+,Weak
argR-recO,argR,recO,+,Weak
argR-SCO2782,argR,SCO2782,+,Weak
argR-SCO2786,argR,SCO2786,-,Weak
argR-recX,argR,recX,+,Weak
argR-SCO2899,argR,SCO2899,+,Weak
argR-SCO2892,argR,SCO2892,+,Weak
argR-SCO2523,argR,SCO2523,+,Weak
argR-SCO3309,argR,SCO3309,+,Weak
argR-SCO2521,argR,SCO2521,+,Weak
argR-SCO3301,argR,SCO3301,-,Weak
argR-SCO2529,argR,SCO2529,?,Strong
argR-SCO3786,argR,SCO3786,-,Weak
argR-SCO3787,argR,SCO3787,-,Weak
argR-SCO6170,argR,SCO6170,-,Weak
argR-SCO3239,argR,SCO3239,-,Weak
argR-SCO2322,argR,SCO2322,+,Weak
argR-SCO2325,argR,SCO2325,+,Weak
argR-SCO3230,argR,SCO3230,+,Weak
argR-SCO2328,argR,SCO2328,+,Weak
argR-SCO3232,argR,SCO3232,-,Weak
argR-SCO3233,argR,SCO3233,+,Weak
argR-SCO3235,argR,SCO3235,-,Weak
argR-SCO6315,argR,SCO6315,+,Weak
argR-SCO7311,argR,SCO7311,-,Weak
argR-SCO7310,argR,SCO7310,-,Weak
argR-SCO7317,argR,SCO7317,+,Weak
argR-SCO7314,argR,SCO7314,?,Strong
argR-SCO7319,argR,SCO7319,-,Weak
argR-SCO7428,argR,SCO7428,+,Weak
argR-SCO6407,argR,SCO6407,+,Weak
argR-SCO7421,argR,SCO7421,-,Weak
argR-SCO7423,argR,SCO7423,-,Weak
argR-SCO6408,argR,SCO6408,-,Weak
argR-SCO6794,argR,SCO6794,-,Weak
argR-SCO6791,argR,SCO6791,-,Weak
argR-SCO7551,argR,SCO7551,-,Weak
argR-SCO7043,argR,SCO7043,+,Weak
argR-SCO7041,argR,SCO7041,+,Weak
argR-SCO0794,argR,SCO0794,-,Weak
argR-SCO4055,argR,SCO4055,+,Weak
argR-SCO0793,argR,SCO0793,-,Weak
argR-SCO0790,argR,SCO0790,-,Weak
argR-SCO0330,argR,SCO0330,+,Weak
argR-SCO0332,argR,SCO0332,-,Weak
argR-SCO0337,argR,SCO0337,-,Weak
argR-SCO2321,argR,SCO2321,+,Weak
argR-SCO1318,argR,SCO1318,+,Weak
argR-SCO2320,argR,SCO2320,+,Weak
argR-SCO1314,argR,SCO1314,-,Weak
argR-SCO1311,argR,SCO1311,+,Weak
argR-SCO0247,argR,SCO0247,-,Weak
argR-SCO7449,argR,SCO7449,-,Weak
argR-SCO1863,argR,SCO1863,?,Strong
argR-SCO5831,argR,SCO5831,-,Weak
argR-SCO1861,argR,SCO1861,-,Weak
argR-SCO1860,argR,SCO1860,-,Weak
argR-SCO5834,argR,SCO5834,-,Weak
argR-SCO5836,argR,SCO5836,+,Weak
argR-SCO5839,argR,SCO5839,+,Weak
argR-SCO2696,argR,SCO2696,-,Weak
argR-SCO3231,argR,SCO3231,+,Weak
argR-SCO1266,argR,SCO1266,-,Weak
argR-SCO2699,argR,SCO2699,-,Weak
argR-SCO4947,argR,SCO4947,+,Weak
argR-SCO4237,argR,SCO4237,+,Weak
argR-SCO4239,argR,SCO4239,+,Weak
argR-SCO4238,argR,SCO4238,+,Weak
argR-SCO4949,argR,SCO4949,+,Weak
argR-SCO5545,argR,SCO5545,+,Weak
argR-SCO2063,argR,SCO2063,-,Weak
argR-SCO4545,argR,SCO4545,-,Weak
argR-SCO4544,argR,SCO4544,-,Weak
argR-SCO5495,argR,SCO5495,+,Weak
argR-glgB1,argR,glgB1,-,Weak
argR-SCO5491,argR,SCO5491,+,Weak
argR-SCO0807,argR,SCO0807,-,Weak
argR-SCO0800,argR,SCO0800,?,Strong
argR-SCO0801,argR,SCO0801,?,Strong
argR-SCO5120,argR,SCO5120,+,Weak
argR-SCO5121,argR,SCO5121,+,Weak
argR-SCO5940,argR,SCO5940,-,Weak
argR-SCO5128,argR,SCO5128,+,Weak
argR-SCO7389,argR,SCO7389,-,Weak
argR-SCO3935,argR,SCO3935,-,Weak
argR-SCO3933,argR,SCO3933,-,Weak
argR-SCO1687,argR,SCO1687,-,Weak
argR-SCO1686,argR,SCO1686,-,Weak
argR-SCO1684,argR,SCO1684,+,Weak
argR-SCO5303,argR,SCO5303,-,Weak
argR-SCO1681,argR,SCO1681,-,Weak
argR-SCO2798,argR,SCO2798,-,Weak
argR-SCO2889,argR,SCO2889,+,Weak
argR-SCO7381,argR,SCO7381,+,Weak
argR-SCO2884,argR,SCO2884,-,Weak
argR-SCO2880,argR,SCO2880,+,Weak
argR-SCO2881,argR,SCO2881,+,Weak
argR-SCO3688,argR,SCO3688,-,Weak
argR-SCO3682,argR,SCO3682,-,Weak
argR-SCO3684,argR,SCO3684,-,Weak
argR-SCO3687,argR,SCO3687,-,Weak
argR-gap,argR,gap,-,Weak
argR-SCO3339,argR,SCO3339,-,Weak
argR-SCO2241,argR,SCO2241,-,Weak
argR-SCO3331,argR,SCO3331,-,Weak
argR-SCO3330,argR,SCO3330,+,Weak
argR-add1,argR,add1,-,Weak
argR-glgC,argR,glgC,-,Weak
argR-SCO6543,argR,SCO6543,-,Weak
argR-SCO3207,argR,SCO3207,+,Weak
argR-SCO6145,argR,SCO6145,-,Weak
argR-SCO2337,argR,SCO2337,+,Weak
argR-SCO2334,argR,SCO2334,+,Weak
argR-SCO2333,argR,SCO2333,-,Weak
argR-SCO6381,argR,SCO6381,+,Weak
argR-SCO7302,argR,SCO7302,?,Strong
argR-SCO7303,argR,SCO7303,?,Strong
argR-SCO7305,argR,SCO7305,-,Weak
argR-SCO5669,argR,SCO5669,+,Weak
argR-SCO5668,argR,SCO5668,-,Weak
argR-SCO6438,argR,SCO6438,-,Weak
argR-SCO4246,argR,SCO4246,+,Weak
argR-SCO4247,argR,SCO4247,+,Weak
argR-SCO7255,argR,SCO7255,-,Weak
argR-SCO1204,argR,SCO1204,-,Weak
argR-SCO6893,argR,SCO6893,-,Weak
argR-SCO6324,argR,SCO6324,+,Weak
argR-SCO6326,argR,SCO6326,+,Weak
argR-SCO6321,argR,SCO6321,-,Weak
argR-SCO7239,argR,SCO7239,+,Weak
argR-SCO7235,argR,SCO7235,+,Weak
argR-SCO7236,argR,SCO7236,-,Weak
argR-SCO7237,argR,SCO7237,+,Weak
argR-SCO7230,argR,SCO7230,+,Weak
argR-SCO4493,argR,SCO4493,-,Weak
argR-SCO7233,argR,SCO7233,-,Weak
argR-SCO1208,argR,SCO1208,-,Weak
argR-SCO7050,argR,SCO7050,+,Weak
argR-SCO7058,argR,SCO7058,+,Weak
argR-SCO5666,argR,SCO5666,-,Weak
argR-SCO7437,argR,SCO7437,-,Weak
argR-SCO7434,argR,SCO7434,-,Weak
argR-nuoA,argR,nuoA,-,Weak
argR-nuoF,argR,nuoF,-,Weak
argR-SCO0308,argR,SCO0308,-,Weak
argR-SCO0305,argR,SCO0305,+,Weak
argR-nuoH,argR,nuoH,+,Weak
argR-SCO0654,argR,SCO0654,-,Weak
argR-nuoN,argR,nuoN,-,Weak
argR-SCO0652,argR,SCO0652,+,Weak
argR-nuoL,argR,nuoL,-,Weak
argR-SCO7439,argR,SCO7439,-,Weak
argR-proC,argR,proC,-,Weak
argR-proA,argR,proA,+,Weak
argR-ecrE2,argR,ecrE2,+,Weak
argR-SCO1876,argR,SCO1876,+,Weak
argR-SCO1878,argR,SCO1878,-,Weak
argR-SCO5801,argR,SCO5801,-,Weak
argR-SCO4820,argR,SCO4820,-,Weak
argR-SCO4822,argR,SCO4822,+,Weak
argR-SCO5795,argR,SCO5795,+,Weak
argR-SCO1277,argR,SCO1277,-,Weak
argR-SCO5790,argR,SCO5790,+,Weak
argR-SCO1271,argR,SCO1271,-,Weak
argR-fbiC,argR,fbiC,+,Weak
argR-SCO5799,argR,SCO5799,+,Weak
argR-SCO5798,argR,SCO5798,+,Weak
argR-SCO1278,argR,SCO1278,-,Weak
argR-SCO4955,argR,SCO4955,+,Weak
argR-SCO0277,argR,SCO0277,+,Weak
argR-SCO4950,argR,SCO4950,+,Weak
argR-SCO4224,argR,SCO4224,+,Weak
argR-SCO4225,argR,SCO4225,+,Weak
argR-SCO0278,argR,SCO0278,+,Weak
argR-bioB,argR,bioB,+,Weak
argR-SCO1050,argR,SCO1050,-,Weak
argR-SCO1051,argR,SCO1051,-,Weak
argR-SCO5575,argR,SCO5575,-,Weak
argR-bioD,argR,bioD,+,Weak
argR-SCO5579,argR,SCO5579,+,Weak
argR-ecaA,argR,ecaA,-,Weak
argR-lexA,argR,lexA,-,Weak
argR-SCO5977,argR,SCO5977,-,Weak
argR-SCO0872,argR,SCO0872,-,Weak
argR-SCO0871,argR,SCO0871,+,Weak
argR-SCO0870,argR,SCO0870,-,Weak
argR-SCO5978,argR,SCO5978,-,Weak
argR-SCO2435,argR,SCO2435,+,Weak
argR-SCO2437,argR,SCO2437,+,Weak
argR-SCO3925,argR,SCO3925,-,Weak
argR-SCO3926,argR,SCO3926,-,Weak
argR-SCO3927,argR,SCO3927,-,Weak
argR-SCO2439,argR,SCO2439,+,Weak
argR-SCO5378,argR,SCO5378,-,Weak
argR-SCO1690,argR,SCO1690,-,Weak
argR-SCO0907,argR,SCO0907,-,Weak
argR-SCO0906,argR,SCO0906,-,Weak
argR-SCO5716,argR,SCO5716,+,Weak
argR-SCO1454,argR,SCO1454,+,Weak
argR-SCO1455,argR,SCO1455,-,Weak
argR-SCO1452,argR,SCO1452,+,Weak
argR-SCO3326,argR,SCO3326,-,Weak
argR-SCO5207,argR,SCO5207,+,Weak
argR-SCO2641,argR,SCO2641,+,Weak
argR-SCO6083,argR,SCO6083,+,Weak
argR-pyrR,argR,pyrR,-,Strong
argR-actII-2,argR,actII-2,+,Weak
argR-SCO3210,argR,SCO3210,+,Weak
argR-SCO3740,argR,SCO3740,+,Weak
argR-SCO3217,argR,SCO3217,+,Weak
argR-SCO3215,argR,SCO3215,+,Weak
argR-pyrF,argR,pyrF,-,Weak
argR-SCO3218,argR,SCO3218,+,Weak
argR-pyrD,argR,pyrD,+,Weak
argR-pyrC,argR,pyrC,+,Weak
argR-pyrB,argR,pyrB,?,Strong
argR-SCO6159,argR,SCO6159,-,Weak
argR-SCO6156,argR,SCO6156,+,Weak
argR-SCO6155,argR,SCO6155,+,Weak
argR-glpF,argR,glpF,+,Weak
argR-SCO3692,argR,SCO3692,-,Weak
argR-SCO3691,argR,SCO3691,+,Weak
argR-SCO5676,argR,SCO5676,+,Weak
argR-SCO3487,argR,SCO3487,-,Weak
argR-SCO7338,argR,SCO7338,+,Weak
argR-SCO3108,argR,SCO3108,+,Weak
argR-SCO3106,argR,SCO3106,+,Weak
argR-SCO7334,argR,SCO7334,+,Weak
argR-SCO7337,argR,SCO7337,-,Weak
argR-SCO7336,argR,SCO7336,-,Weak
argR-SCO7330,argR,SCO7330,-,Weak
argR-SCO7333,argR,SCO7333,-,Weak
argR-SCO1105,argR,SCO1105,-,Weak
argR-ftsH2,argR,ftsH2,+,Weak
argR-katA,argR,katA,+,Weak
argR-SCO0792,argR,SCO0792,-,Weak
argR-SCO6424,argR,SCO6424,-,Weak
argR-SCO6421,argR,SCO6421,+,Weak
argR-SCO4057,argR,SCO4057,-,Weak
argR-SCO6332,argR,SCO6332,-,Weak
argR-SCO6330,argR,SCO6330,-,Weak
argR-SCO7202,argR,SCO7202,-,Weak
argR-SCO7207,argR,SCO7207,+,Weak
argR-SCO7065,argR,SCO7065,+,Weak
argR-SCO7068,argR,SCO7068,+,Weak
argR-SCO7590,argR,SCO7590,-,Weak
argR-SCO7596,argR,SCO7596,+,Weak
argR-SCO0649,argR,SCO0649,+,Weak
argR-SCO0310,argR,SCO0310,-,Weak
argR-SCO0640,argR,SCO0640,+,Weak
argR-hppA,argR,hppA,+,Weak
argR-SCO0314,argR,SCO0314,+,Weak
argR-SCO0315,argR,SCO0315,+,Weak
argR-SCO0464,argR,SCO0464,-,Weak
argR-SCO0465,argR,SCO0465,+,Weak
argR-SCO1990,argR,SCO1990,-,Weak
argR-SCO1995,argR,SCO1995,-,Weak
argR-SCO5818,argR,SCO5818,-,Weak
argR-SCO5819,argR,SCO5819,-,Weak
argR-SCO4819,argR,SCO4819,+,Weak
argR-SCO5814,argR,SCO5814,+,Weak
argR-SCO4033,argR,SCO4033,+,Weak
argR-SCO4034,argR,SCO4034,+,Weak
argR-SCO3150,argR,SCO3150,+,Weak
argR-SCO4498,argR,SCO4498,-,Weak
argR-SCO1206,argR,SCO1206,+,Weak
argR-SCO5784,argR,SCO5784,+,Weak
argR-SCO5785,argR,SCO5785,+,Weak
argR-SCO1209,argR,SCO1209,-,Weak
argR-SCO5789,argR,SCO5789,+,Weak
argR-SCO4788,argR,SCO4788,-,Weak
argR-redD,argR,redD,+,Weak
argR-SCO4969,argR,SCO4969,+,Weak
argR-SCO4787,argR,SCO4787,-,Weak
argR-SCO0269,argR,SCO0269,-,Weak
argR-SCO7037,argR,SCO7037,+,Weak
argR-SCO4566,argR,SCO4566,-,Weak
argR-SCO5569,argR,SCO5569,-,Weak
argR-SCO5566,argR,SCO5566,+,Weak
argR-SCO5565,argR,SCO5565,-,Weak
argR-glnD,argR,glnD,-,Weak
argR-SCO4763,argR,SCO4763,+,Weak
argR-SCO4769,argR,SCO4769,-,Weak
argR-SCO5966,argR,SCO5966,-,Weak
argR-SCO5965,argR,SCO5965,-,Weak
argR-SCO1192,argR,SCO1192,-,Weak
argR-SCO5144,argR,SCO5144,+,Weak
argR-SCO3918,argR,SCO3918,-,Weak
argR-SCO6118,argR,SCO6118,-,Weak
argR-tam,argR,tam,+,Weak
argR-SCO5362,argR,SCO5362,-,Weak
argR-SCO0915,argR,SCO0915,-,Weak
argR-SCO1428,argR,SCO1428,-,Weak
argR-SCO0910,argR,SCO0910,+,Weak
argR-SCO1427,argR,SCO1427,+,Weak
argR-SCO0919,argR,SCO0919,+,Weak
argR-SCO3351,argR,SCO3351,+,Weak
argR-SCO3350,argR,SCO3350,+,Weak
argR-SCO2512,argR,SCO2512,-,Weak
argR-SCO5219,argR,SCO5219,+,Weak
argR-SCO2511,argR,SCO2511,-,Weak
argR-SCO6506,argR,SCO6506,-,Weak
argR-SCO1730,argR,SCO1730,-,Weak
argR-SCO1739,argR,SCO1739,+,Weak
argR-SCO1738,argR,SCO1738,-,Weak
argR-SCO1426,argR,SCO1426,+,Weak
argR-groL1,argR,groL1,-,Weak
argR-SCO3775,argR,SCO3775,+,Weak
argR-SCO3777,argR,SCO3777,-,Weak
argR-SCO3779,argR,SCO3779,-,Weak
argR-ruvB,argR,ruvB,+,Weak
argR-SCO2358,argR,SCO2358,+,Weak
argR-SCO2354,argR,SCO2354,-,Weak
argR-SCO6181,argR,SCO6181,-,Weak
argR-SCO6180,argR,SCO6180,-,Weak
argR-SCO6183,argR,SCO6183,-,Weak
argR-SCO6182,argR,SCO6182,+,Weak
argR-SCO6185,argR,SCO6185,+,Weak
argR-SCO6638,argR,SCO6638,+,Weak
argR-SCO6637,argR,SCO6637,+,Weak
argR-SCO6188,argR,SCO6188,+,Weak
argR-afsR,argR,afsR,?,Strong
argR-glpK2,argR,glpK2,-,Weak
argR-glpK1,argR,glpK1,-,Weak
argR-SCO6278,argR,SCO6278,-,Weak
argR-SCO7328,argR,SCO7328,+,Weak
argR-SCO3175,argR,SCO3175,+,Weak
argR-SCO6523,argR,SCO6523,+,Weak
argR-SCO6521,argR,SCO6521,-,Weak
argR-SCO6520,argR,SCO6520,-,Weak
argR-SCO6525,argR,SCO6525,-,Weak
argR-SCO6524,argR,SCO6524,+,Weak
argR-SCO6989,argR,SCO6989,-,Weak
argR-SCO6459,argR,SCO6459,+,Weak
argR-SCO7696,argR,SCO7696,+,Weak
argR-SCO7699,argR,SCO7699,+,Weak
argR-SCO6456,argR,SCO6456,+,Weak
argR-SCO7217,argR,SCO7217,-,Weak
argR-SCO3002,argR,SCO3002,-,Weak
argR-SCO3001,argR,SCO3001,+,Weak
argR-hyuA,argR,hyuA,-,Weak
argR-SCO0141,argR,SCO0141,+,Weak
argR-SCO7218,argR,SCO7218,-,Weak
argR-SCO7582,argR,SCO7582,+,Weak
argR-glkA,argR,glkA,-,Weak
argR-SCO7450,argR,SCO7450,-,Weak
argR-SCO0678,argR,SCO0678,+,Weak
argR-SCO7452,argR,SCO7452,-,Weak
argR-SCO7453,argR,SCO7453,+,Weak
argR-SCO7454,argR,SCO7454,+,Weak
argR-SCO0671,argR,SCO0671,+,Weak
argR-SCO0670,argR,SCO0670,+,Weak
argR-SCO7109,argR,SCO7109,+,Weak
argR-SCO1988,argR,SCO1988,-,Weak
argR-SCO1989,argR,SCO1989,-,Weak
argR-SCO4158,argR,SCO4158,?,Strong
argR-SCO2451,argR,SCO2451,-,Weak
argR-SCO0457,argR,SCO0457,-,Weak
argR-SCO4156,argR,SCO4156,-,Weak
argR-SCO1985,argR,SCO1985,-,Weak
argR-SCO4152,argR,SCO4152,-,Weak
argR-SCO0583,argR,SCO0583,+,Weak
argR-SCO1858,argR,SCO1858,-,Weak
argR-SCO0587,argR,SCO0587,+,Weak
argR-SCO0586,argR,SCO0586,-,Weak
argR-SCO0585,argR,SCO0585,+,Weak
argR-SCO0584,argR,SCO0584,+,Weak
argR-SCO5218,argR,SCO5218,+,Weak
argR-SCO0588,argR,SCO0588,+,Weak
argR-SCO2513,argR,SCO2513,-,Weak
argR-SCO4027,argR,SCO4027,+,Weak
argR-SCO4028,argR,SCO4028,-,Weak
argR-SCO4029,argR,SCO4029,-,Weak
argR-SCO1210,argR,SCO1210,-,Weak
argR-SCO4372,argR,SCO4372,-,Weak
argR-SCO4373,argR,SCO4373,-,Weak
argR-cya,argR,cya,+,Weak
argR-xylA,argR,xylA,+,Weak
argR-SCO4798,argR,SCO4798,-,Weak
argR-SCO4799,argR,SCO4799,-,Weak
argR-dnaG,argR,dnaG,+,Weak
argR-SCO0297,argR,SCO0297,+,Weak
argR-SCO4975,argR,SCO4975,+,Weak
argR-SCO4796,argR,SCO4796,-,Weak
argR-SCO0292,argR,SCO0292,-,Weak
argR-SCO0291,argR,SCO0291,+,Weak
argR-SCO4971,argR,SCO4971,+,Weak
argR-SCO4571,argR,SCO4571,+,Weak
argR-SCO4574,argR,SCO4574,-,Weak
argR-SCO2982,argR,SCO2982,+,Weak
argR-SCO2639,argR,SCO2639,-,Weak
argR-SCO4774,argR,SCO4774,-,Weak
argR-SCO4777,argR,SCO4777,-,Weak
argR-SCO0851,argR,SCO0851,-,Weak
argR-SCO0850,argR,SCO0850,-,Weak
argR-SCO4772,argR,SCO4772,-,Weak
argR-SCO5684,argR,SCO5684,-,Weak
argR-SCO5998,argR,SCO5998,-,Weak
argR-trpB,argR,trpB,-,Weak
argR-SCO5991,argR,SCO5991,-,Weak
argR-SCO5990,argR,SCO5990,-,Weak
argR-SCO1186,argR,SCO1186,-,Weak
argR-SCO1187,argR,SCO1187,+,Weak
argR-SCO5175,argR,SCO5175,+,Weak
argR-SCO5174,argR,SCO5174,+,Weak
argR-SCO5177,argR,SCO5177,+,Weak
argR-SCO5176,argR,SCO5176,+,Weak
argR-SCO5173,argR,SCO5173,-,Weak
argR-SCO2188,argR,SCO2188,-,Weak
argR-SCO5420,argR,SCO5420,-,Weak
argR-SCO2187,argR,SCO2187,+,Weak
argR-SCO2182,argR,SCO2182,+,Weak
argR-SCO2745,argR,SCO2745,+,Weak
argR-SCO0925,argR,SCO0925,-,Weak
argR-wblI,argR,wblI,-,Weak
argR-wblH,argR,wblH,-,Weak
argR-wblE,argR,wblE,-,Weak
argR-rpmJ2,argR,rpmJ2,+,Weak
argR-SCO3342,argR,SCO3342,-,Weak
argR-SCO3344,argR,SCO3344,-,Weak
argR-SCO3346,argR,SCO3346,-,Weak
argR-SCO3583,argR,SCO3583,+,Weak
argR-SCO5223,argR,SCO5223,+,Weak
argR-SCO5226,argR,SCO5226,?,Strong
argR-SCO5229,argR,SCO5229,-,Weak
argR-SCO2560,argR,SCO2560,+,Weak
argR-SCO2566,argR,SCO2566,-,Weak
argR-SCO1726,argR,SCO1726,-,Weak
argR-SCO3905,argR,SCO3905,+,Weak
argR-SCO2361,argR,SCO2361,-,Weak
argR-SCO2360,argR,SCO2360,-,Weak
argR-SCO2362,argR,SCO2362,-,Weak
argR-SCO3766,argR,SCO3766,+,Weak
argR-SCO3763,argR,SCO3763,-,Weak
argR-SCO2164,argR,SCO2164,-,Weak
argR-hrdC,argR,hrdC,-,Weak
argR-nuoK2,argR,nuoK2,+,Weak
argR-SCO2703,argR,SCO2703,-,Weak
argR-SCO6196,argR,SCO6196,+,Weak
argR-SCO6626,argR,SCO6626,+,Weak
argR-SCO6195,argR,SCO6195,+,Weak
argR-SCO6621,argR,SCO6621,-,Weak
argR-aroB,argR,aroB,+,Weak
argR-SCO3169,argR,SCO3169,+,Weak
argR-SCO3675,argR,SCO3675,+,Weak
argR-dpsA,argR,dpsA,+,Weak
argR-SCO6531,argR,SCO6531,-,Weak
argR-SCO6538,argR,SCO6538,+,Weak
argR-SCO5461,argR,SCO5461,+,Weak
argR-SCO6440,argR,SCO6440,-,Weak
argR-SCO6441,argR,SCO6441,+,Weak
argR-SCO7665,argR,SCO7665,-,Weak
argR-ramS,argR,ramS,+,Weak
argR-SCO7263,argR,SCO7263,+,Weak
argR-SCO7261,argR,SCO7261,+,Weak
argR-SCO7267,argR,SCO7267,-,Weak
argR-SCO7265,argR,SCO7265,+,Weak
argR-hutU,argR,hutU,-,Weak
argR-SCO3018,argR,SCO3018,-,Weak
argR-snpA,argR,snpA,-,Weak
argR-rpe,argR,rpe,+,Weak
argR-SCO0666,argR,SCO0666,+,Weak
argR-SCO0665,argR,SCO0665,+,Weak
argR-SCO5481,argR,SCO5481,+,Weak
argR-glyA1,argR,glyA1,-,Weak
argR-glyA3,argR,glyA3,+,Weak
argR-SCO7469,argR,SCO7469,-,Weak
argR-SCO7468,argR,SCO7468,+,Weak
argR-SCO6990,argR,SCO6990,+,Weak
argR-SCO7465,argR,SCO7465,+,Weak
argR-SCO7464,argR,SCO7464,+,Weak
argR-SCO7463,argR,SCO7463,+,Weak
argR-SCO7717,argR,SCO7717,+,Weak
argR-SCO0119,argR,SCO0119,-,Weak
argR-SCO7710,argR,SCO7710,+,Weak
argR-SCO4163,argR,SCO4163,+,Weak
argR-SCO4162,argR,SCO4162,-,Weak
argR-SCO0442,argR,SCO0442,-,Weak
argR-SCO0441,argR,SCO0441,-,Weak
argR-SCO7482,argR,SCO7482,+,Weak
argR-Sc-Ku,argR,Sc-Ku,+,Weak
argR-SCO0591,argR,SCO0591,+,Weak
argR-SCO0595,argR,SCO0595,+,Weak
argR-SCO0064,argR,SCO0064,+,Weak
argR-SCO0065,argR,SCO0065,+,Weak
argR-SCO4010,argR,SCO4010,-,Weak
argR-SCO1225,argR,SCO1225,-,Weak
argR-SCO1221,argR,SCO1221,?,Strong
argR-SCO1220,argR,SCO1220,?,Strong
argR-SCO4908,argR,SCO4908,+,Weak
argR-SCO6636,argR,SCO6636,-,Weak
argR-SCO4902,argR,SCO4902,-,Weak
argR-SCO4900,argR,SCO4900,-,Weak
argR-SCO0281,argR,SCO0281,-,Weak
argR-SCO4904,argR,SCO4904,+,Weak
argR-SCO2992,argR,SCO2992,+,Weak
argR-SCO2991,argR,SCO2991,-,Weak
argR-SCO2997,argR,SCO2997,-,Weak
argR-SCO4587,argR,SCO4587,-,Weak
argR-SCO2998,argR,SCO2998,+,Weak
argR-arsI,argR,arsI,?,Strong
argR-SCO1087,argR,SCO1087,-,Weak
argR-SCO1086,argR,SCO1086,?,Strong
argR-SCO0843,argR,SCO0843,-,Weak
argR-SCO0847,argR,SCO0847,+,Weak
argR-SCO0844,argR,SCO0844,-,Weak
argR-SCO0845,argR,SCO0845,-,Weak
argR-SCO7728,argR,SCO7728,-,Weak
argR-SCO5693,argR,SCO5693,+,Weak
argR-SCO1534,argR,SCO1534,+,Weak
argR-SCO5697,argR,SCO5697,+,Weak
argR-SCO3238,argR,SCO3238,+,Weak
argR-SCO5982,argR,SCO5982,-,Weak
argR-SCO5163,argR,SCO5163,-,Weak
argR-SCO5166,argR,SCO5166,-,Weak
argR-SCO5436,argR,SCO5436,-,Weak
argR-SCO5432,argR,SCO5432,-,Weak
argR-SCO5349,argR,SCO5349,+,Weak
argR-SCO2196,argR,SCO2196,-,Weak
argR-SCO2195,argR,SCO2195,+,Weak
argR-SCO5184,argR,SCO5184,+,Weak
argR-SCO1404,argR,SCO1404,+,Weak
argR-SCO1154,argR,SCO1154,-,Weak
argR-SCO1401,argR,SCO1401,+,Weak
argR-SCO1400,argR,SCO1400,-,Weak
argR-SCO1402,argR,SCO1402,+,Weak
argR-SCO2754,argR,SCO2754,-,Weak
argR-SCO2755,argR,SCO2755,-,Weak
argR-SCO0934,argR,SCO0934,-,Weak
argR-SCO0935,argR,SCO0935,-,Weak
argR-SCO0932,argR,SCO0932,+,Weak
argR-SCO0933,argR,SCO0933,+,Weak
argR-SCO0931,argR,SCO0931,-,Weak
argR-SCO7378,argR,SCO7378,+,Weak
argR-SCO2286,argR,SCO2286,-,Weak
argR-SCO2285,argR,SCO2285,+,Weak
argR-SCO3805,argR,SCO3805,-,Weak
argR-SCO2288,argR,SCO2288,-,Weak
argR-SCO3800,argR,SCO3800,+,Weak
argR-SCO2578,argR,SCO2578,-,Weak
argR-SCO5237,argR,SCO5237,+,Weak
argR-SCO3574,argR,SCO3574,+,Weak
argR-SCO3573,argR,SCO3573,+,Weak
argR-SCO4001,argR,SCO4001,-,Weak
argR-SCO1718,argR,SCO1718,-,Weak
argR-SCO3972,argR,SCO3972,+,Weak
argR-SCO3971,argR,SCO3971,-,Weak
argR-SCO3975,argR,SCO3975,-,Weak
argR-SCO5757,argR,SCO5757,+,Weak
argR-SCO3979,argR,SCO3979,?,Strong
argR-SCO3978,argR,SCO3978,?,Strong
argR-SCO2373,argR,SCO2373,+,Weak
argR-SCO1330,argR,SCO1330,+,Weak
argR-SCO2376,argR,SCO2376,+,Weak
argR-SCO2375,argR,SCO2375,-,Weak
argR-SCO3712,argR,SCO3712,-,Weak
argR-SCO3488,argR,SCO3488,-,Weak
argR-SCO2171,argR,SCO2171,+,Weak
argR-murD,argR,murD,-,Weak
argR-SCO3485,argR,SCO3485,-,Weak
argR-SCO4518,argR,SCO4518,-,Weak
argR-SCO3626,argR,SCO3626,-,Weak
argR-SCO3157,argR,SCO3157,+,Weak
argR-SCO3156,argR,SCO3156,+,Weak
argR-SCO3623,argR,SCO3623,-,Weak
argR-SCO3622,argR,SCO3622,-,Weak
argR-SCO5756,argR,SCO5756,+,Weak
argR-SCO3397,argR,SCO3397,+,Weak
argR-SCO6295,argR,SCO6295,+,Weak
argR-SCO6293,argR,SCO6293,-,Weak
argR-SCO6292,argR,SCO6292,+,Weak
argR-SCO6059,argR,SCO6059,+,Weak
argR-SCO1761,argR,SCO1761,-,Weak
argR-SCO6504,argR,SCO6504,-,Weak
argR-SCO6507,argR,SCO6507,-,Weak
argR-SCO6054,argR,SCO6054,-,Weak
argR-SCO6501,argR,SCO6501,-,Weak
argR-SCO6052,argR,SCO6052,-,Weak
argR-SCO6503,argR,SCO6503,-,Weak
argR-SCO6502,argR,SCO6502,-,Weak
argR-SCO6277,argR,SCO6277,-,Weak
argR-SCO6276,argR,SCO6276,-,Weak
argR-SCO6275,argR,SCO6275,-,Weak
argR-SCO6274,argR,SCO6274,-,Weak
argR-SCO6273,argR,SCO6273,+,Weak
argR-SCO6272,argR,SCO6272,+,Weak
argR-SCO7674,argR,SCO7674,-,Weak
argR-SCO7675,argR,SCO7675,+,Weak
argR-SCO6279,argR,SCO6279,-,Weak
argR-SCO7673,argR,SCO7673,+,Weak
argR-cobQ,argR,cobQ,+,Weak
argR-SCO7271,argR,SCO7271,+,Weak
argR-SCO3024,argR,SCO3024,-,Weak
argR-SCO7278,argR,SCO7278,+,Weak
argR-SCO3028,argR,SCO3028,-,Weak
argR-SCO7018,argR,SCO7018,-,Weak
argR-SCO7010,argR,SCO7010,+,Weak
argR-SCO7011,argR,SCO7011,-,Weak
argR-SCO7012,argR,SCO7012,-,Weak
argR-SCO7013,argR,SCO7013,+,Weak
argR-SCO7014,argR,SCO7014,+,Weak
argR-SCO7016,argR,SCO7016,-,Weak
argR-SCO0615,argR,SCO0615,-,Weak
argR-SCO6471,argR,SCO6471,+,Weak
argR-SCO6470,argR,SCO6470,+,Weak
argR-SCO6473,argR,SCO6473,+,Weak
argR-SCO6472,argR,SCO6472,+,Weak
argR-SCO7472,argR,SCO7472,+,Weak
argR-SCO7473,argR,SCO7473,+,Weak
argR-SCO7471,argR,SCO7471,+,Weak
argR-SCO7474,argR,SCO7474,+,Weak
argR-SCO7475,argR,SCO7475,+,Weak
argR-SCO0439,argR,SCO0439,-,Weak
argR-SCO7700,argR,SCO7700,+,Weak
argR-SCO7701,argR,SCO7701,+,Weak
argR-SCO0121,argR,SCO0121,+,Weak
argR-SCO0431,argR,SCO0431,-,Weak
argR-SCO0125,argR,SCO0125,+,Weak
argR-SCO0127,argR,SCO0127,+,Weak
argR-SCO0126,argR,SCO0126,-,Weak
argR-SCO7494,argR,SCO7494,+,Weak
argR-SCO7497,argR,SCO7497,+,Weak
argR-SCO7491,argR,SCO7491,-,Weak
argR-SCO4008,argR,SCO4008,+,Weak
argR-SCO0058,argR,SCO0058,-,Weak
argR-SCO0056,argR,SCO0056,-,Weak
argR-SCO0053,argR,SCO0053,+,Weak
argR-hpd,argR,hpd,+,Weak
argR-SCO0543,argR,SCO0543,+,Weak
argR-SCO0542,argR,SCO0542,+,Weak
argR-SCO1896,argR,SCO1896,+,Weak
argR-SCO0549,argR,SCO0549,+,Weak
argR-SCO7238,argR,SCO7238,+,Weak
argR-SCO4913,argR,SCO4913,+,Weak
argR-SCO7210,argR,SCO7210,+,Weak
argR-SCO1533,argR,SCO1533,+,Weak
argR-SCO7211,argR,SCO7211,+,Weak
argR-SCO4174,argR,SCO4174,+,Weak
argR-SCO4911,argR,SCO4911,+,Weak
argR-SCO4912,argR,SCO4912,+,Weak
argR-pdxS,argR,pdxS,+,Weak
argR-SCO4914,argR,SCO4914,+,Weak
argR-SCO4916,argR,SCO4916,+,Weak
argR-SCO4917,argR,SCO4917,+,Weak
rbpA-rrnD,rbpA,rrnD,+,Weak
SCO4091-SCO4002,SCO4091,SCO4002,+,Weak
SCO4091-SCO4034,SCO4091,SCO4034,+,Weak
SCO4091-actII-4,SCO4091,actII-4,+,Weak
SCO4091-redD,SCO4091,redD,+,Weak
SCO0204-SCO0204,SCO0204,SCO0204,?,Strong
SCO0204-SCO1541,SCO0204,SCO1541,-,Strong
SCO0204-SCO0207,SCO0204,SCO0207,?,Strong
SCO0204-SCO0200,SCO0204,SCO0200,+,Strong
SCO0204-SCO2967,SCO0204,SCO2967,?,Strong
SCO0204-SCO0208,SCO0204,SCO0208,?,Strong
SCO0204-SCO5979,SCO0204,SCO5979,?,Strong
SCO0204-SCO5978,SCO0204,SCO5978,?,Strong
SCO0204-SCO5320,SCO0204,SCO5320,-,Strong
SCO0204-SCO5321,SCO0204,SCO5321,-,Strong
SCO0204-SCO6040,SCO0204,SCO6040,?,Strong
SCO0204-SCO6041,SCO0204,SCO6041,?,Strong
SCO0194-SCO0187,SCO0194,SCO0187,?,Weak
SCO0194-SCO0186,SCO0194,SCO0186,+,Strong
SCO0194-SCO0185,SCO0194,SCO0185,?,Weak
SCO0194-SCO0194,SCO0194,SCO0194,+,Strong
SCO0194-SCO0195,SCO0194,SCO0195,?,Weak
SCO0194-SCO0196,SCO0194,SCO0196,?,Weak
SCO0194-SCO0190,SCO0194,SCO0190,?,Weak
SCO0194-SCO0191,SCO0194,SCO0191,+,Strong
SCO0194-SCO0189,SCO0194,SCO0189,?,Weak
SCO0194-SCO0188,SCO0194,SCO0188,?,Weak
SCO1135-SCO1135,SCO1135,SCO1135,-,Weak
SCO1135-SCO1134,SCO1135,SCO1134,-,Strong
SCO1135-SCO1133,SCO1135,SCO1133,-,Strong
SCO1135-SCO1132,SCO1135,SCO1132,-,Strong
gylR-glpK2,gylR,glpK2,?,Weak
gylR-glpF,gylR,glpF,-,Weak
gylR-SCO1661,gylR,SCO1661,?,Weak
gylR-gylR,gylR,gylR,-,Weak
gylR-SCO1662,gylR,SCO1662,?,Weak
dasR-SCO1489,dasR,SCO1489,?,Weak
dasR-SCO6236,dasR,SCO6236,?,Weak
dasR-SCO4699,dasR,SCO4699,?,Weak
dasR-SCO4698,dasR,SCO4698,?,Weak
dasR-SCO3266,dasR,SCO3266,?,Weak
dasR-SCO3262,dasR,SCO3262,?,Weak
dasR-SCO3261,dasR,SCO3261,?,Strong
dasR-SCO7330,dasR,SCO7330,?,Weak
dasR-SCO5613,dasR,SCO5613,?,Weak
dasR-SCO4354,dasR,SCO4354,?,Weak
dasR-SCO6127,dasR,SCO6127,?,Weak
dasR-SCO6834,dasR,SCO6834,?,Weak
dasR-SCO6345,dasR,SCO6345,?,Strong
dasR-SCO6344,dasR,SCO6344,?,Strong
dasR-SCO7520,dasR,SCO7520,?,Weak
dasR-SCO4521,dasR,SCO4521,?,Weak
dasR-SCO2681,dasR,SCO2681,?,Weak
dasR-SCO4526,dasR,SCO4526,?,Weak
dasR-SCO4529,dasR,SCO4529,?,Weak
dasR-SCO1061,dasR,SCO1061,?,Weak
dasR-SCO1792,dasR,SCO1792,?,Weak
dasR-atpE,dasR,atpE,?,Weak
dasR-SCO0947,dasR,SCO0947,?,Weak
dasR-SCO5535,dasR,SCO5535,?,Weak
dasR-SCO6336,dasR,SCO6336,?,Weak
dasR-SCO5922,dasR,SCO5922,?,Weak
dasR-glyQS,dasR,glyQS,?,Weak
dasR-SCO0368,dasR,SCO0368,?,Weak
dasR-SCO7742,dasR,SCO7742,?,Weak
dasR-SCO7743,dasR,SCO7743,?,Weak
dasR-SCO3365,dasR,SCO3365,?,Weak
dasR-SCO5322,dasR,SCO5322,?,Weak
dasR-SCO6908,dasR,SCO6908,?,Weak
dasR-SCO3567,dasR,SCO3567,?,Weak
dasR-SCO7392,dasR,SCO7392,?,Weak
dasR-sigI,dasR,sigI,?,Weak
dasR-SCO0319,dasR,SCO0319,?,Weak
dasR-SCO0166,dasR,SCO0166,?,Weak
dasR-SCO2868,dasR,SCO2868,?,Weak
dasR-SCO0311,dasR,SCO0311,?,Weak
dasR-SCO2381,dasR,SCO2381,?,Weak
dasR-SCO3498,dasR,SCO3498,?,Weak
dasR-SCO4816,dasR,SCO4816,?,Weak
dasR-SCO4138,dasR,SCO4138,?,Weak
dasR-SCO0005,dasR,SCO0005,?,Weak
dasR-SCO0003,dasR,SCO0003,?,Weak
dasR-IS466A-ORF,dasR,IS466A-ORF,?,Weak
dasR-SCO0009,dasR,SCO0009,?,Weak
dasR-fba,dasR,fba,?,Weak
dasR-rpsT,dasR,rpsT,?,Weak
dasR-SCO4392,dasR,SCO4392,?,Weak
dasR-SCO4391,dasR,SCO4391,?,Weak
dasR-SCO6169,dasR,SCO6169,?,Weak
dasR-SCO0261,dasR,SCO0261,?,Weak
dasR-redD,dasR,redD,?,Weak
dasR-SCO6512,dasR,SCO6512,?,Weak
dasR-SCO6513,dasR,SCO6513,?,Weak
dasR-SCO2729,dasR,SCO2729,?,Weak
dasR-SCO5616,dasR,SCO5616,?,Weak
dasR-SCO2725,dasR,SCO2725,?,Weak
dasR-SCO2724,dasR,SCO2724,?,Weak
dasR-SCO6300,dasR,SCO6300,?,Strong
dasR-SCO6304,dasR,SCO6304,?,Weak
dasR-SCO1109,dasR,SCO1109,?,Weak
dasR-SCO3139,dasR,SCO3139,?,Weak
dasR-SCO3138,dasR,SCO3138,?,Weak
dasR-SCO7804,dasR,SCO7804,?,Weak
dasR-SCO7416,dasR,SCO7416,?,Weak
dasR-SCO7410,dasR,SCO7410,?,Weak
dasR-SCO6948,dasR,SCO6948,?,Weak
dasR-SCO6862,dasR,SCO6862,?,Weak
dasR-SCO5365,dasR,SCO5365,?,Weak
dasR-SCO6860,dasR,SCO6860,?,Weak
dasR-SCO6861,dasR,SCO6861,?,Weak
dasR-SCO0915,dasR,SCO0915,?,Weak
dasR-SCO1429,dasR,SCO1429,?,Strong
dasR-SCO5916,dasR,SCO5916,?,Weak
dasR-secA,dasR,secA,?,Weak
dasR-secE,dasR,secE,?,Weak
dasR-whiB7,dasR,whiB7,?,Weak
dasR-SCO2898,dasR,SCO2898,?,Weak
dasR-SCO2107,dasR,SCO2107,?,Weak
dasR-SCO3989,dasR,SCO3989,?,Weak
dasR-kdpA,dasR,kdpA,?,Weak
dasR-SCO7785,dasR,SCO7785,?,Weak
dasR-SCO1327,dasR,SCO1327,?,Weak
dasR-SCO3679,dasR,SCO3679,?,Weak
dasR-SCO5032,dasR,SCO5032,?,Weak
dasR-SCO1793,dasR,SCO1793,?,Weak
dasR-SCO6004,dasR,SCO6004,?,Strong
dasR-SCO6005,dasR,SCO6005,?,Weak
dasR-SCO0130,dasR,SCO0130,?,Weak
dasR-SCO4334,dasR,SCO4334,?,Weak
dasR-SCO1499,dasR,SCO1499,?,Weak
dasR-SCO4333,dasR,SCO4333,?,Weak
dasR-SCO2603,dasR,SCO2603,?,Weak
dasR-SCO2977,dasR,SCO2977,?,Weak
dasR-SCO6632,dasR,SCO6632,?,Weak
dasR-SCO1390,dasR,SCO1390,-,Strong
dasR-SCO3079,dasR,SCO3079,?,Weak
dasR-SCO0287,dasR,SCO0287,?,Weak
dasR-SCO5746,dasR,SCO5746,?,Weak
dasR-SCO6640,dasR,SCO6640,?,Weak
dasR-SCO5004,dasR,SCO5004,?,Strong
dasR-SCO2078,dasR,SCO2078,?,Weak
dasR-SCO5003,dasR,SCO5003,?,Strong
dasR-SCO5550,dasR,SCO5550,?,Strong
dasR-SCO5411,dasR,SCO5411,?,Weak
dasR-SCO4432,dasR,SCO4432,?,Weak
dasR-SCO7197,dasR,SCO7197,?,Weak
dasR-SCO5952,dasR,SCO5952,?,Weak
dasR-SCO7350,dasR,SCO7350,?,Weak
dasR-SCO4067,dasR,SCO4067,?,Weak
dasR-SCO7077,dasR,SCO7077,?,Weak
dasR-SCO5827,dasR,SCO5827,?,Weak
dasR-SCO6859,dasR,SCO6859,?,Weak
dasR-SCO6911,dasR,SCO6911,?,Weak
dasR-SCO1471,dasR,SCO1471,?,Weak
dasR-SCO2783,dasR,SCO2783,?,Weak
dasR-glgE2,dasR,glgE2,?,Weak
dasR-glgE1,dasR,glgE1,?,Weak
dasR-SCO4090,dasR,SCO4090,?,Weak
dasR-SCO4092,dasR,SCO4092,?,Weak
dasR-SCO0511,dasR,SCO0511,?,Weak
dasR-SCO4997,dasR,SCO4997,?,Weak
dasR-SCO0103,dasR,SCO0103,?,Weak
dasR-SCO4152,dasR,SCO4152,?,Weak
dasR-SCO3986,dasR,SCO3986,?,Weak
dasR-SCO3305,dasR,SCO3305,?,Weak
dasR-SCO2529,dasR,SCO2529,?,Weak
dasR-SCO1606,dasR,SCO1606,?,Weak
dasR-SCO4800,dasR,SCO4800,?,Weak
dasR-SCO1603,dasR,SCO1603,?,Weak
dasR-SCO0588,dasR,SCO0588,?,Weak
dasR-SCO7775,dasR,SCO7775,?,Weak
dasR-SCO0072,dasR,SCO0072,?,Weak
dasR-SCO3787,dasR,SCO3787,?,Weak
dasR-SCO0079,dasR,SCO0079,?,Weak
dasR-SCO5644,dasR,SCO5644,?,Weak
dasR-SCO6393,dasR,SCO6393,?,Weak
dasR-SCO6170,dasR,SCO6170,?,Weak
dasR-SCO3230,dasR,SCO3230,?,Weak
dasR-SCO3231,dasR,SCO3231,?,Weak
dasR-SCO4874,dasR,SCO4874,?,Weak
dasR-dnaE,dasR,dnaE,?,Weak
dasR-SCO5702,dasR,SCO5702,?,Weak
dasR-SCO2632,dasR,SCO2632,?,Weak
dasR-SCO2738,dasR,SCO2738,?,Weak
dasR-SCO2986,dasR,SCO2986,?,Weak
dasR-SCO6383,dasR,SCO6383,?,Weak
dasR-SCO6381,dasR,SCO6381,?,Weak
dasR-SCO6387,dasR,SCO6387,?,Weak
dasR-SCO6385,dasR,SCO6385,?,Weak
dasR-SCO6384,dasR,SCO6384,?,Weak
dasR-SCO3043,dasR,SCO3043,?,Weak
dasR-dasR,dasR,dasR,?,Strong
dasR-SCO5672,dasR,SCO5672,?,Weak
dasR-SCO5673,dasR,SCO5673,?,Strong
dasR-SCO6952,dasR,SCO6952,?,Weak
dasR-SCO6953,dasR,SCO6953,?,Weak
dasR-SCO6400,dasR,SCO6400,?,Weak
dasR-SCO2188,dasR,SCO2188,?,Weak
dasR-SCO3511,dasR,SCO3511,?,Weak
dasR-SCO3510,dasR,SCO3510,?,Weak
dasR-SCO5428,dasR,SCO5428,?,Weak
dasR-SCO0923,dasR,SCO0923,?,Weak
dasR-SCO2906,dasR,SCO2906,-,Strong
dasR-SCO7227,dasR,SCO7227,?,Weak
dasR-SCO7226,dasR,SCO7226,?,Weak
dasR-SCO7225,dasR,SCO7225,?,Strong
dasR-SCO2902,dasR,SCO2902,?,Weak
dasR-SCO0382,dasR,SCO0382,?,Weak
dasR-SCO0020,dasR,SCO0020,?,Weak
dasR-SCO2561,dasR,SCO2561,?,Weak
dasR-SCO1645,dasR,SCO1645,?,Weak
dasR-nagB,dasR,nagB,-,Strong
dasR-SCO7037,dasR,SCO7037,?,Weak
dasR-SCO5881,dasR,SCO5881,-,Strong
dasR-trpS1,dasR,trpS1,?,Weak
dasR-leuA,dasR,leuA,?,Weak
dasR-SCO0091,dasR,SCO0091,?,Weak
dasR-SCO0090,dasR,SCO0090,?,Weak
dasR-SCO0097,dasR,SCO0097,?,Weak
dasR-SCO0096,dasR,SCO0096,?,Weak
dasR-SCO0099,dasR,SCO0099,?,Weak
dasR-SCO3888,dasR,SCO3888,?,Weak
dasR-SCO4281,dasR,SCO4281,?,Weak
dasR-SCO4284,dasR,SCO4284,?,Strong
dasR-SCO4285,dasR,SCO4285,?,Strong
dasR-SCO4934,dasR,SCO4934,?,Weak
dasR-SCO6033,dasR,SCO6033,?,Strong
dasR-SCO6032,dasR,SCO6032,?,Strong
dasR-SCO6625,dasR,SCO6625,?,Weak
dasR-SCO6627,dasR,SCO6627,?,Weak
dasR-SCO2945,dasR,SCO2945,?,Weak
dasR-SCO6622,dasR,SCO6622,?,Weak
dasR-SCO2946,dasR,SCO2946,?,Weak
dasR-SCO4231,dasR,SCO4231,?,Weak
dasR-SCO4232,dasR,SCO4232,?,Weak
dasR-SCO5013,dasR,SCO5013,?,Weak
dasR-SCO2062,dasR,SCO2062,?,Weak
dasR-SCO2063,dasR,SCO2063,?,Weak
dasR-SCO2065,dasR,SCO2065,?,Weak
dasR-SCO5874,dasR,SCO5874,?,Weak
dasR-SCO2669,dasR,SCO2669,?,Weak
dasR-SCO1166,dasR,SCO1166,?,Weak
dasR-SCO1167,dasR,SCO1167,?,Weak
dasR-SCO4540,dasR,SCO4540,?,Weak
dasR-SCO0968,dasR,SCO0968,?,Weak
dasR-SCO7263,dasR,SCO7263,?,Strong
dasR-rimP,dasR,rimP,?,Weak
dasR-SCO7165,dasR,SCO7165,?,Weak
dasR-SCO2833,dasR,SCO2833,?,Strong
dasR-SCO3545,dasR,SCO3545,?,Weak
dasR-SCO2836,dasR,SCO2836,?,Weak
dasR-SCO2987,dasR,SCO2987,?,Weak
dasR-rph,dasR,rph,?,Weak
dasR-SCO2013,dasR,SCO2013,?,Weak
dasR-SCO5300,dasR,SCO5300,?,Weak
dasR-SCO1444,dasR,SCO1444,?,Strong
dasR-SCO0661,dasR,SCO0661,?,Weak
dasR-SCO2490,dasR,SCO2490,?,Weak
dasR-SCO2495,dasR,SCO2495,?,Weak
dasR-SCO2494,dasR,SCO2494,?,Weak
dasR-SCO2532,dasR,SCO2532,?,Weak
dasR-SCO7495,dasR,SCO7495,?,Weak
dasR-IS468B-ORF,dasR,IS468B-ORF,?,Weak
dasR-SCO2503,dasR,SCO2503,?,Strong
dasR-SCO2125,dasR,SCO2125,?,Weak
dasR-SCO2505,dasR,SCO2505,?,Weak
dasR-lepA,dasR,lepA,?,Weak
dasR-SCO0073,dasR,SCO0073,?,Weak
dasR-glgC,dasR,glgC,?,Weak
dasR-SCO0239,dasR,SCO0239,?,Weak
dasR-glnA,dasR,glnA,?,Weak
dasR-SCO4644,dasR,SCO4644,?,Weak
dasR-SCO0010,dasR,SCO0010,?,Weak
dasR-SCO5840,dasR,SCO5840,?,Weak
dasR-SCO5842,dasR,SCO5842,?,Strong
dasR-SCO2990,dasR,SCO2990,?,Weak
dasR-SCO2991,dasR,SCO2991,?,Weak
dasR-SCO4589,dasR,SCO4589,?,Weak
dasR-SCO5117,dasR,SCO5117,?,Weak
dasR-SCO2629,dasR,SCO2629,?,Weak
dasR-arsI,dasR,arsI,?,Weak
dasR-SCO6240,dasR,SCO6240,?,Weak
dasR-SCO1538,dasR,SCO1538,?,Weak
dasR-IS469-ORF,dasR,IS469-ORF,?,Weak
dasR-SCO4466,dasR,SCO4466,?,Weak
dasR-SCO6390,dasR,SCO6390,?,Weak
dasR-SCO3112,dasR,SCO3112,?,Weak
dasR-rpmB1,dasR,rpmB1,?,Weak
dasR-SCO4344,dasR,SCO4344,?,Weak
dasR-SCO4342,dasR,SCO4342,?,Weak
dasR-SCO2905,dasR,SCO2905,-,Strong
dasR-SCO2907,dasR,SCO2907,-,Strong
dasR-SCO5161,dasR,SCO5161,?,Weak
dasR-SCO2474,dasR,SCO2474,?,Weak
dasR-SCO5342,dasR,SCO5342,?,Weak
dasR-SCO5431,dasR,SCO5431,?,Weak
dasR-SCO7120,dasR,SCO7120,?,Weak
dasR-SCO3503,dasR,SCO3503,?,Weak
dasR-SCO7827,dasR,SCO7827,?,Weak
dasR-SCO7826,dasR,SCO7826,?,Weak
dasR-SCO3504,dasR,SCO3504,?,Weak
dasR-SCO2758,dasR,SCO2758,-,Strong
dasR-SCO5022,dasR,SCO5022,?,Weak
dasR-SCO5189,dasR,SCO5189,?,Weak
dasR-SCO6807,dasR,SCO6807,?,Weak
dasR-SCO3938,dasR,SCO3938,?,Weak
dasR-SCO6325,dasR,SCO6325,?,Weak
dasR-SCO6321,dasR,SCO6321,?,Weak
dasR-SCO6486,dasR,SCO6486,?,Strong
dasR-SCO3476,dasR,SCO3476,?,Weak
dasR-SCO0018,dasR,SCO0018,?,Weak
dasR-SCO7056,dasR,SCO7056,?,Strong
dasR-SCO3473,dasR,SCO3473,?,Weak
dasR-SCO7752,dasR,SCO7752,?,Weak
dasR-SCO7059,dasR,SCO7059,?,Weak
dasR-SCO3479,dasR,SCO3479,?,Weak
dasR-ptsI,dasR,ptsI,-,Strong
dasR-ptsH,dasR,ptsH,-,Strong
dasR-SCO5332,dasR,SCO5332,?,Weak
dasR-SCO5331,dasR,SCO5331,?,Weak
dasR-SCO5239,dasR,SCO5239,?,Strong
dasR-SCO5237,dasR,SCO5237,?,Weak
dasR-dxs2,dasR,dxs2,?,Strong
dasR-SCO5232,dasR,SCO5232,?,Strong
dasR-SCO0050,dasR,SCO0050,?,Weak
dasR-vdh,dasR,vdh,?,Weak
dasR-dagA,dasR,dagA,?,Weak
dasR-SCO4630,dasR,SCO4630,?,Weak
dasR-SCO4632,dasR,SCO4632,?,Weak
dasR-SCO2371,dasR,SCO2371,?,Weak
dasR-SCO0086,dasR,SCO0086,?,Weak
dasR-SCO5423,dasR,SCO5423,?,Weak
dasR-SCO6401,dasR,SCO6401,?,Weak
dasR-SCO3482,dasR,SCO3482,?,Weak
dasR-SCO3487,dasR,SCO3487,?,Weak
dasR-SCO3484,dasR,SCO3484,?,Weak
dasR-SCO4123,dasR,SCO4123,?,Weak
dasR-SCO1276,dasR,SCO1276,?,Weak
dasR-SCO6167,dasR,SCO6167,?,Weak
dasR-SCO3092,dasR,SCO3092,?,Weak
dasR-SCO3398,dasR,SCO3398,?,Weak
dasR-SCO0271,dasR,SCO0271,?,Weak
dasR-SCO5727,dasR,SCO5727,?,Weak
dasR-SCO5728,dasR,SCO5728,?,Weak
dasR-SCO6275,dasR,SCO6275,?,Weak
dasR-SCO6274,dasR,SCO6274,?,Weak
dasR-SCO6273,dasR,SCO6273,?,Weak
dasR-SCO6377,dasR,SCO6377,?,Weak
dasR-SCO6373,dasR,SCO6373,?,Weak
dasR-SCO0976,dasR,SCO0976,?,Weak
dasR-SCO2650,dasR,SCO2650,?,Weak
dasR-SCO1116,dasR,SCO1116,?,Weak
dasR-SCO7274,dasR,SCO7274,?,Weak
dasR-SCO7279,dasR,SCO7279,?,Weak
dasR-SCO7018,dasR,SCO7018,?,Weak
dasR-SCO7019,dasR,SCO7019,?,Weak
dasR-SCO3922,dasR,SCO3922,?,Weak
dasR-SCO6871,dasR,SCO6871,?,Weak
dasR-pckG,dasR,pckG,?,Weak
dasR-SCO6876,dasR,SCO6876,?,Weak
dasR-SCO5376,dasR,SCO5376,?,Strong
dasR-actII-4,dasR,actII-4,-,Strong
dasR-SCO7080,dasR,SCO7080,?,Weak
dasR-SCO0615,dasR,SCO0615,?,Weak
dasR-SCO6474,dasR,SCO6474,?,Weak
dasR-SCO6470,dasR,SCO6470,?,Weak
dasR-azoR,dasR,azoR,?,Weak
dasR-SCO3323,dasR,SCO3323,?,Weak
dasR-SCO0432,dasR,SCO0432,?,Weak
dasR-SCO0434,dasR,SCO0434,?,Weak
dasR-SCO7494,dasR,SCO7494,?,Weak
dasR-SCO3713,dasR,SCO3713,?,Weak
dasR-SCO3993,dasR,SCO3993,?,Weak
dasR-SCO4987,dasR,SCO4987,?,Weak
dasR-SCO7493,dasR,SCO7493,?,Weak
dasR-SCO4988,dasR,SCO4988,?,Weak
dasR-SCO5238,dasR,SCO5238,?,Weak
dasR-SCO7798,dasR,SCO7798,?,Weak
dasR-SCO0055,dasR,SCO0055,?,Weak
dasR-SCO7792,dasR,SCO7792,?,Weak
dasR-SCO0053,dasR,SCO0053,?,Weak
dasR-SCO4219,dasR,SCO4219,?,Weak
dasR-SCO5751,dasR,SCO5751,?,Weak
dasR-pyrR,dasR,pyrR,?,Weak
dasR-SCO3746,dasR,SCO3746,?,Weak
dasR-SCO4183,dasR,SCO4183,?,Weak
dasR-SCO3218,dasR,SCO3218,?,Weak
dasR-SCO5458,dasR,SCO5458,?,Weak
dasR-SCO3664,dasR,SCO3664,?,Weak
dasR-tuf3,dasR,tuf3,?,Weak
dasR-SCO6012,dasR,SCO6012,?,Strong
dasR-SCO4859,dasR,SCO4859,?,Weak
dasR-SCO4914,dasR,SCO4914,?,Weak
dasR-SCO4915,dasR,SCO4915,?,Weak
SCO3926-SCO0204,SCO3926,SCO0204,+,Weak
SCO3926-SCO3323,SCO3926,SCO3323,-,Weak
SCO3926-SCO2090,SCO3926,SCO2090,-,Weak
SCO3926-SCO2077,SCO3926,SCO2077,-,Weak
SCO3926-tatA,SCO3926,tatA,-,Weak
SCO3926-SCO3887,SCO3926,SCO3887,-,Weak
SCO3926-SCO2792,SCO3926,SCO2792,-,Weak
SCO3926-ftsZ,SCO3926,ftsZ,-,Weak
SCO5071-SCO5074,SCO5071,SCO5074,?,Weak
SCO5071-SCO5075,SCO5071,SCO5075,?,Weak
SCO5071-SCO5076,SCO5071,SCO5076,?,Weak
SCO5071-SCO5077,SCO5071,SCO5077,?,Weak
SCO5071-SCO5072,SCO5071,SCO5072,?,Weak
SCO5071-SCO5073,SCO5071,SCO5073,?,Weak
SCO2209-SCO2208,SCO2209,SCO2208,-,Weak
SCO2209-SCO2209,SCO2209,SCO2209,+,Weak
SCO7341-SCOr18,SCO7341,SCOr18,+,Weak
SCO7341-SCO5555,SCO7341,SCO5555,+,Weak
SCO2508-SCO0475,SCO2508,SCO0475,-,Strong
SCO2508-rpmF1,SCO2508,rpmF1,?,Weak
SCO2508-rpmF2,SCO2508,rpmF2,-,Strong
SCO2508-SCO7682,SCO2508,SCO7682,-,Strong
SCO2508-rpmB1,SCO2508,rpmB1,?,Weak
SCO2508-SCO7676,SCO2508,SCO7676,-,Strong
SCO2508-SCO2505,SCO2508,SCO2505,-,Strong
SCO2508-SCO2507,SCO2508,SCO2507,?,Weak
SCO2508-SCO2506,SCO2508,SCO2506,?,Weak
SCO2508-rpmG3,SCO2508,rpmG3,?,Weak
SCO2508-SCO2508,SCO2508,SCO2508,?,Weak
SCO2508-rpmG1,SCO2508,rpmG1,-,Weak
SCO2508-rpsN,SCO2508,rpsN,?,Weak
SCO2508-rpmB2,SCO2508,rpmB2,-,Strong
SCO2508-rpmG2,SCO2508,rpmG2,-,Weak
SCO2508-rpmE2-1,SCO2508,rpmE2-1,?,Weak
SCO1839-SCO3925,SCO1839,SCO3925,?,Weak
SCO7168-SCO7165,SCO7168,SCO7165,-,Weak
SCO7168-SCO7166,SCO7168,SCO7166,-,Weak
SCO7168-SCO7167,SCO7168,SCO7167,-,Strong
SCO7168-SCO7168,SCO7168,SCO7168,-,Strong
SCO6294-SCO7177,SCO6294,SCO7177,?,Strong
SCO6294-SCO7176,SCO6294,SCO7176,?,Strong
SCO6294-SCO6289,SCO6294,SCO6289,-,Strong
SCO6294-SCO6295,SCO6294,SCO6295,+,Strong
SCO6294-SCO6294,SCO6294,SCO6294,-,Strong
SCO6294-SCO5281,SCO6294,SCO5281,-,Strong
SCO6294-SCO7273,SCO6294,SCO7273,?,Strong
SCO6294-SCO5315,SCO6294,SCO5315,?,Strong
SCO6294-SCO5912,SCO6294,SCO5912,-,Strong
SCO6294-SCO5911,SCO6294,SCO5911,?,Strong
SCO3892-relA,SCO3892,relA,+,Weak
SCO3892-actII-4,SCO3892,actII-4,+,Weak
SCO6029-SCO5819,SCO6029,SCO5819,-,Weak
SCO6029-sigF,SCO6029,sigF,+,Weak
SCO6029-SCO5318,SCO6029,SCO5318,+,Weak
SCO6029-SCO0323,SCO6029,SCO0323,+,Weak
SCO6029-SCO3886,SCO6029,SCO3886,+,Weak
SCO6029-SCO5249,SCO6029,SCO5249,-,Weak
SCO6029-SCO6029,SCO6029,SCO6029,-,Weak
SCO6029-SCO5315,SCO6029,SCO5315,+,Weak
SCO6029-SCO5314,SCO6029,SCO5314,+,Weak
SCO6029-SCO5317,SCO6029,SCO5317,+,Weak
SCO6029-SCO5316,SCO6029,SCO5316,+,Weak
SCO6029-SCO5319,SCO6029,SCO5319,+,Weak
SCO6029-SCO5320,SCO6029,SCO5320,+,Weak
SCO6029-SCO0673,SCO6029,SCO0673,+,Weak
SCO6029-ftsZ,SCO6029,ftsZ,+,Weak
SCO6029-SCO5321,SCO6029,SCO5321,+,Weak
afsQ1-SCO6276,afsQ1,SCO6276,+,Strong
afsQ1-SCO6275,afsQ1,SCO6275,+,Strong
afsQ1-SCO6274,afsQ1,SCO6274,+,Weak
afsQ1-SCO6272,afsQ1,SCO6272,+,Weak
afsQ1-SCO6271,afsQ1,SCO6271,+,Weak
afsQ1-SCO4596,afsQ1,SCO4596,+,Strong
afsQ1-SCO2527,afsQ1,SCO2527,?,Strong
afsQ1-SCO4777,afsQ1,SCO4777,?,Strong
afsQ1-SCO3999,afsQ1,SCO3999,?,Strong
afsQ1-SCO2978,afsQ1,SCO2978,+,Strong
afsQ1-SCO2529,afsQ1,SCO2529,-,Strong
afsQ1-SCO2210,afsQ1,SCO2210,-,Strong
afsQ1-SCO6288,afsQ1,SCO6288,+,Weak
afsQ1-amfC,afsQ1,amfC,?,Strong
afsQ1-SCO6282,afsQ1,SCO6282,+,Weak
afsQ1-SCO6283,afsQ1,SCO6283,+,Weak
afsQ1-whiD,afsQ1,whiD,-,Strong
afsQ1-SCO6286,afsQ1,SCO6286,+,Weak
afsQ1-SCO4908,afsQ1,SCO4908,+,Strong
afsQ1-SCO5881,afsQ1,SCO5881,+,Strong
afsQ1-SCO1839,afsQ1,SCO1839,?,Strong
afsQ1-redD,afsQ1,redD,+,Weak
afsQ1-SCO5385,afsQ1,SCO5385,?,Strong
afsQ1-SCO4561,afsQ1,SCO4561,?,Strong
afsQ1-leuA,afsQ1,leuA,?,Strong
afsQ1-SCO4142,afsQ1,SCO4142,+,Strong
afsQ1-gap,afsQ1,gap,?,Strong
afsQ1-rbsA1,afsQ1,rbsA1,?,Strong
afsQ1-SCO2473,afsQ1,SCO2473,?,Strong
afsQ1-SCO0812,afsQ1,SCO0812,?,Strong
afsQ1-SCO3217,afsQ1,SCO3217,?,Strong
afsQ1-SCO4683,afsQ1,SCO4683,?,Strong
afsQ1-SCO4183,afsQ1,SCO4183,?,Strong
afsQ1-actII-4,afsQ1,actII-4,?,Strong
afsQ1-SCO4768,afsQ1,SCO4768,+,Strong
afsQ1-ureA,afsQ1,ureA,-,Strong
afsQ1-SCO1619,afsQ1,SCO1619,?,Strong
afsQ1-SCO0674,afsQ1,SCO0674,?,Strong
afsQ1-scoT,afsQ1,scoT,+,Weak
afsQ1-SCO2486,afsQ1,SCO2486,?,Strong
afsQ1-SCO6280,afsQ1,SCO6280,+,Weak
afsQ1-SCO0675,afsQ1,SCO0675,?,Strong
afsQ1-glnA,afsQ1,glnA,-,Strong
afsQ1-SCO5583,afsQ1,SCO5583,-,Strong
SCO6685-SCO4075,SCO6685,SCO4075,+,Strong
SCO6685-SCO4074,SCO6685,SCO4074,?,Weak
SCO6685-SCO4073,SCO6685,SCO4073,?,Weak
SCO6685-SCO4072,SCO6685,SCO4072,?,Weak
SCO6685-ramS,SCO6685,ramS,?,Weak
SCO6685-SCO6684,SCO6685,SCO6684,?,Weak
SCO6685-SCO6683,SCO6685,SCO6683,?,Weak
SCO6685-SCO6681,SCO6685,SCO6681,+,Strong
SCO6974-SCO2726,SCO6974,SCO2726,-,Weak
SCO6974-SCO6256,SCO6974,SCO6256,-,Strong
SCO6974-SCO6981,SCO6974,SCO6981,-,Weak
SCO6974-SCO6980,SCO6974,SCO6980,-,Weak
SCO6974-SCO2727,SCO6974,SCO2727,?,Strong
SCO6974-SCO6982,SCO6974,SCO6982,-,Weak
SCO6974-SCO6985,SCO6974,SCO6985,?,Strong
SCO6974-SCO6978,SCO6974,SCO6978,-,Strong
SCO6974-SCO6979,SCO6974,SCO6979,-,Strong
SCO6974-SCO6975,SCO6974,SCO6975,-,Weak
SCO6974-SCO6976,SCO6974,SCO6976,-,Weak
actII-4-actII-2,actII-4,actII-2,+,Strong
actII-4-SCO5087,actII-4,SCO5087,+,Strong
actII-4-actIII,actII-4,actIII,+,Strong
actII-4-SCO5072,actII-4,SCO5072,+,Strong
actII-4-SCO5071,actII-4,SCO5071,+,Strong
hrdB-SCO1526,hrdB,SCO1526,?,Weak
hrdB-SCO1527,hrdB,SCO1527,?,Weak
hrdB-SCO1525,hrdB,SCO1525,?,Weak
hrdB-SCO2969,hrdB,SCO2969,?,Weak
hrdB-SCO2968,hrdB,SCO2968,?,Weak
hrdB-SCO4594,hrdB,SCO4594,?,Weak
hrdB-SCO2614,hrdB,SCO2614,?,Weak
hrdB-SCO2616,hrdB,SCO2616,?,Weak
hrdB-SCO4590,hrdB,SCO4590,?,Weak
hrdB-SCO2610,hrdB,SCO2610,?,Weak
hrdB-SCO1528,hrdB,SCO1528,?,Weak
hrdB-SCO1529,hrdB,SCO1529,?,Weak
hrdB-xseA,hrdB,xseA,?,Weak
hrdB-pafA,hrdB,pafA,?,Weak
hrdB-SCO4753,hrdB,SCO4753,?,Weak
hrdB-SCO4750,hrdB,SCO4750,?,Weak
hrdB-SCO4751,hrdB,SCO4751,?,Weak
hrdB-SCO4353,hrdB,SCO4353,?,Weak
hrdB-SCO4354,hrdB,SCO4354,?,Weak
hrdB-SCO4355,hrdB,SCO4355,?,Weak
hrdB-ilvC1,hrdB,ilvC1,?,Weak
hrdB-SCO5405,hrdB,SCO5405,?,Weak
hrdB-SCO5407,hrdB,SCO5407,?,Weak
hrdB-SCO5406,hrdB,SCO5406,?,Weak
hrdB-SCO5409,hrdB,SCO5409,?,Weak
hrdB-SCO2963,hrdB,SCO2963,?,Weak
hrdB-SCO4591,hrdB,SCO4591,?,Weak
hrdB-SCO1144,hrdB,SCO1144,?,Weak
hrdB-SCO1145,hrdB,SCO1145,?,Weak
hrdB-SCO1146,hrdB,SCO1146,?,Weak
hrdB-SCO1147,hrdB,SCO1147,?,Weak
hrdB-SCO4329,hrdB,SCO4329,?,Weak
hrdB-afsQ2,hrdB,afsQ2,?,Weak
hrdB-afsQ1,hrdB,afsQ1,?,Weak
hrdB-SCO1148,hrdB,SCO1148,?,Weak
hrdB-SCO1149,hrdB,SCO1149,?,Weak
hrdB-SCO2767,hrdB,SCO2767,?,Weak
hrdB-cmk,hrdB,cmk,?,Weak
hrdB-SCO0947,hrdB,SCO0947,?,Weak
hrdB-SCO0946,hrdB,SCO0946,?,Weak
hrdB-SCO5535,hrdB,SCO5535,?,Weak
hrdB-SCO1094,hrdB,SCO1094,?,Weak
hrdB-SCO5536,hrdB,SCO5536,?,Weak
hrdB-SCO5530,hrdB,SCO5530,?,Weak
hrdB-SCO5576a,hrdB,SCO5576a,?,Weak
hrdB-SCO2197,hrdB,SCO2197,?,Weak
hrdB-upp,hrdB,upp,?,Weak
hrdB-SCO3368,hrdB,SCO3368,?,Weak
hrdB-SCO2546,hrdB,SCO2546,?,Weak
hrdB-SCO2813,hrdB,SCO2813,?,Weak
hrdB-SCO3819,hrdB,SCO3819,?,Weak
hrdB-SCO3366,hrdB,SCO3366,?,Weak
hrdB-SCO3367,hrdB,SCO3367,?,Weak
hrdB-IS470-ORF,hrdB,IS470-ORF,?,Weak
hrdB-SCO3565,hrdB,SCO3565,?,Weak
hrdB-SCO5241,hrdB,SCO5241,?,Weak
hrdB-SCO5246,hrdB,SCO5246,?,Weak
hrdB-SCO1241,hrdB,SCO1241,?,Weak
hrdB-SCO3967,hrdB,SCO3967,?,Weak
hrdB-SCO3968,hrdB,SCO3968,?,Weak
hrdB-dapA2,hrdB,dapA2,?,Weak
hrdB-SCO3708,hrdB,SCO3708,?,Weak
hrdB-SCO3709,hrdB,SCO3709,?,Weak
hrdB-SCO2387,hrdB,SCO2387,?,Weak
hrdB-SCO2384,hrdB,SCO2384,?,Weak
hrdB-SCO2382,hrdB,SCO2382,?,Weak
hrdB-SCO2140,hrdB,SCO2140,?,Weak
hrdB-SCO2146,hrdB,SCO2146,?,Weak
hrdB-SCO3492,hrdB,SCO3492,?,Weak
hrdB-SCO3493,hrdB,SCO3493,?,Weak
hrdB-SCO3496,hrdB,SCO3496,?,Weak
hrdB-nuoI1,hrdB,nuoI1,?,Weak
hrdB-SCO3634,hrdB,SCO3634,?,Weak
hrdB-SCO3146,hrdB,SCO3146,?,Weak
hrdB-SCO3147,hrdB,SCO3147,?,Weak
hrdB-SCO3632,hrdB,SCO3632,?,Weak
hrdB-SCO3145,hrdB,SCO3145,?,Weak
hrdB-SCO3384,hrdB,SCO3384,?,Weak
hrdB-SCO3385,hrdB,SCO3385,?,Weak
hrdB-SCO6288,hrdB,SCO6288,?,Weak
hrdB-SCO7062,hrdB,SCO7062,?,Weak
hrdB-SCO3381,hrdB,SCO3381,?,Weak
hrdB-disA,hrdB,disA,?,Weak
hrdB-SCO6282,hrdB,SCO6282,?,Weak
hrdB-SCO6283,hrdB,SCO6283,?,Weak
hrdB-SCO6280,hrdB,SCO6280,?,Weak
hrdB-SCO6286,hrdB,SCO6286,?,Weak
hrdB-SCO6284,hrdB,SCO6284,?,Weak
hrdB-SCO6285,hrdB,SCO6285,?,Weak
hrdB-SCO6049,hrdB,SCO6049,?,Weak
hrdB-SCO6040,hrdB,SCO6040,?,Weak
hrdB-SCO6041,hrdB,SCO6041,?,Weak
hrdB-SCO6042,hrdB,SCO6042,?,Weak
hrdB-SCO6264,hrdB,SCO6264,?,Weak
hrdB-SCO6265,hrdB,SCO6265,?,Weak
hrdB-SCO6266,hrdB,SCO6266,?,Weak
hrdB-SCO7249,hrdB,SCO7249,?,Weak
hrdB-SCO3035,hrdB,SCO3035,?,Weak
hrdB-SCO3033,hrdB,SCO3033,?,Weak
hrdB-SCO3030,hrdB,SCO3030,?,Weak
hrdB-SCO3031,hrdB,SCO3031,?,Weak
hrdB-SCO7801,hrdB,SCO7801,?,Weak
hrdB-mnmA,hrdB,mnmA,?,Weak
hrdB-SCO7809,hrdB,SCO7809,?,Weak
hrdB-gatA,hrdB,gatA,?,Weak
hrdB-gatB,hrdB,gatB,?,Weak
hrdB-SCO6861,hrdB,SCO6861,?,Weak
hrdB-SCO6467,hrdB,SCO6467,?,Weak
hrdB-SCO5408,hrdB,SCO5408,?,Weak
hrdB-SCO2682,hrdB,SCO2682,?,Weak
hrdB-SCO2768,hrdB,SCO2768,?,Weak
hrdB-SCO2680,hrdB,SCO2680,?,Weak
hrdB-SCO2336,hrdB,SCO2336,?,Weak
hrdB-clpP1,hrdB,clpP1,?,Weak
hrdB-SCO7021,hrdB,SCO7021,?,Weak
hrdB-SCO7023,hrdB,SCO7023,?,Weak
hrdB-SCO7022,hrdB,SCO7022,?,Weak
hrdB-SCO0042,hrdB,SCO0042,?,Weak
hrdB-SCO0040,hrdB,SCO0040,?,Weak
hrdB-SCO0041,hrdB,SCO0041,?,Weak
hrdB-SCO0730,hrdB,SCO0730,?,Weak
hrdB-SCO0733,hrdB,SCO0733,?,Weak
hrdB-SCO2335,hrdB,SCO2335,?,Weak
hrdB-SCO0551,hrdB,SCO0551,?,Weak
hrdB-SCO0552,hrdB,SCO0552,?,Weak
hrdB-SCO1989,hrdB,SCO1989,?,Weak
hrdB-SCO4614,hrdB,SCO4614,?,Weak
hrdB-atpC,hrdB,atpC,?,Weak
hrdB-atpB,hrdB,atpB,?,Weak
hrdB-SCO4293,hrdB,SCO4293,?,Weak
hrdB-SCO4292,hrdB,SCO4292,?,Weak
hrdB-SCO4927,hrdB,SCO4927,?,Weak
hrdB-SCO4926,hrdB,SCO4926,?,Weak
hrdB-SCO4921,hrdB,SCO4921,?,Weak
hrdB-SCO4920,hrdB,SCO4920,?,Weak
hrdB-SCO4295,hrdB,SCO4295,?,Weak
hrdB-SCO4294,hrdB,SCO4294,?,Weak
hrdB-SCO4299,hrdB,SCO4299,?,Weak
hrdB-SCO4298,hrdB,SCO4298,?,Weak
hrdB-atpF,hrdB,atpF,?,Weak
hrdB-SCO0136,hrdB,SCO0136,?,Weak
hrdB-SCO0137,hrdB,SCO0137,?,Weak
hrdB-SCO0132,hrdB,SCO0132,?,Weak
hrdB-atpE,hrdB,atpE,?,Weak
hrdB-SCO1959,hrdB,SCO1959,?,Weak
hrdB-SCO0131,hrdB,SCO0131,?,Weak
hrdB-SCO4108,hrdB,SCO4108,?,Weak
hrdB-SCO1982,hrdB,SCO1982,?,Weak
hrdB-SCO0138,hrdB,SCO0138,?,Weak
hrdB-SCO0139,hrdB,SCO0139,?,Weak
hrdB-SCO1551,hrdB,SCO1551,?,Weak
hrdB-SCO2609,hrdB,SCO2609,?,Weak
hrdB-SCO1556,hrdB,SCO1556,?,Weak
hrdB-SCO1554,hrdB,SCO1554,?,Weak
hrdB-gcvP,hrdB,gcvP,?,Weak
hrdB-SCO2975,hrdB,SCO2975,?,Weak
hrdB-SCO2600,hrdB,SCO2600,?,Weak
hrdB-SCO2606,hrdB,SCO2606,?,Weak
hrdB-SCO2607,hrdB,SCO2607,?,Weak
hrdB-SCO2604,hrdB,SCO2604,?,Weak
hrdB-SCO2605,hrdB,SCO2605,?,Weak
hrdB-gcvH,hrdB,gcvH,?,Weak
hrdB-SCO1390,hrdB,SCO1390,?,Weak
hrdB-mtnA,hrdB,mtnA,?,Weak
hrdB-zwf,hrdB,zwf,?,Weak
hrdB-SCO5747,hrdB,SCO5747,?,Weak
hrdB-ftsZ,hrdB,ftsZ,?,Weak
hrdB-ftsY,hrdB,ftsY,?,Weak
hrdB-SCO5749,hrdB,SCO5749,+,Weak
hrdB-mdh,hrdB,mdh,?,Weak
hrdB-SCO5418,hrdB,SCO5418,?,Weak
hrdB-SCO5419,hrdB,SCO5419,?,Weak
hrdB-SCO5414,hrdB,SCO5414,?,Weak
hrdB-SCO4434,hrdB,SCO4434,?,Weak
hrdB-SCO4433,hrdB,SCO4433,?,Weak
hrdB-SCO4430,hrdB,SCO4430,?,Weak
hrdB-SCO4438,hrdB,SCO4438,?,Weak
hrdB-SCO0958,hrdB,SCO0958,?,Weak
hrdB-whiG,hrdB,whiG,?,Weak
hrdB-whiB,hrdB,whiB,?,Weak
hrdB-SCO0957,hrdB,SCO0957,?,Weak
hrdB-rpmG2,hrdB,rpmG2,?,Weak
hrdB-smc,hrdB,smc,?,Weak
hrdB-SCO2552,hrdB,SCO2552,?,Weak
hrdB-SCO2553,hrdB,SCO2553,?,Weak
hrdB-SCO2550,hrdB,SCO2550,?,Weak
hrdB-SCO2551,hrdB,SCO2551,?,Weak
hrdB-SCO2556,hrdB,SCO2556,?,Weak
hrdB-SCO2557,hrdB,SCO2557,?,Weak
hrdB-prfB,hrdB,prfB,?,Weak
hrdB-SCO2803,hrdB,SCO2803,?,Weak
hrdB-SCO3820,hrdB,SCO3820,?,Weak
hrdB-SCO3823,hrdB,SCO3823,?,Weak
hrdB-SCO3825,hrdB,SCO3825,?,Weak
hrdB-SCO3824,hrdB,SCO3824,?,Weak
hrdB-SCO5258,hrdB,SCO5258,?,Weak
hrdB-SCO5259,hrdB,SCO5259,?,Weak
hrdB-SCO2608,hrdB,SCO2608,?,Weak
hrdB-sodN,hrdB,sodN,?,Weak
hrdB-SCO3550,hrdB,SCO3550,?,Weak
hrdB-SCO5253,hrdB,SCO5253,?,Weak
hrdB-SCO5255,hrdB,SCO5255,?,Weak
hrdB-f58a,hrdB,f58a,?,Weak
hrdB-SCO1773,hrdB,SCO1773,?,Weak
hrdB-SCO1772,hrdB,SCO1772,?,Weak
hrdB-SCO1771,hrdB,SCO1771,?,Weak
hrdB-SCO1777,hrdB,SCO1777,?,Weak
hrdB-SCO1775,hrdB,SCO1775,?,Weak
hrdB-glgE1,hrdB,glgE1,?,Weak
hrdB-SCO3950,hrdB,SCO3950,?,Weak
hrdB-SCO1851,hrdB,SCO1851,?,Weak
hrdB-SCO3731,hrdB,SCO3731,?,Weak
hrdB-glyA,hrdB,glyA,?,Weak
hrdB-SCO2390,hrdB,SCO2390,?,Weak
hrdB-SCO1602,hrdB,SCO1602,?,Weak
hrdB-SCO1601,hrdB,SCO1601,?,Weak
hrdB-SCO2159,hrdB,SCO2159,?,Weak
hrdB-SCO2157,hrdB,SCO2157,?,Weak
hrdB-SCO2152,hrdB,SCO2152,?,Weak
hrdB-SCO2150,hrdB,SCO2150,?,Weak
hrdB-SCO3602,hrdB,SCO3602,?,Weak
hrdB-SCO3607,hrdB,SCO3607,?,Weak
hrdB-SCO3609,hrdB,SCO3609,?,Weak
hrdB-SCO3608,hrdB,SCO3608,?,Weak
hrdB-SCO3369,hrdB,SCO3369,?,Weak
hrdB-SCO0177,hrdB,SCO0177,?,Weak
hrdB-apt,hrdB,apt,?,Weak
hrdB-SCO6399,hrdB,SCO6399,?,Weak
hrdB-SCO6071,hrdB,SCO6071,?,Weak
hrdB-SCO6070,hrdB,SCO6070,?,Weak
hrdB-SCO6077,hrdB,SCO6077,?,Weak
hrdB-SCO6076,hrdB,SCO6076,?,Weak
hrdB-SCO6257,hrdB,SCO6257,?,Weak
hrdB-SCO6708,hrdB,SCO6708,?,Weak
hrdB-SCO6707,hrdB,SCO6707,?,Weak
hrdB-SCO6704,hrdB,SCO6704,?,Weak
hrdB-SCO6703,hrdB,SCO6703,?,Weak
hrdB-SCO6702,hrdB,SCO6702,?,Weak
hrdB-SCO6701,hrdB,SCO6701,?,Weak
hrdB-SCO6700,hrdB,SCO6700,?,Weak
hrdB-SCO5242,hrdB,SCO5242,?,Weak
hrdB-SCO3566,hrdB,SCO3566,?,Weak
hrdB-SCO0201,hrdB,SCO0201,?,Weak
hrdB-SCO6383,hrdB,SCO6383,?,Weak
hrdB-SCO6382,hrdB,SCO6382,?,Weak
hrdB-SCO6381,hrdB,SCO6381,?,Weak
hrdB-SCO4277,hrdB,SCO4277,?,Weak
hrdB-SCO6385,hrdB,SCO6385,?,Weak
hrdB-SCO6384,hrdB,SCO6384,?,Weak
hrdB-SCO3043,hrdB,SCO3043,?,Weak
hrdB-SCO7251,hrdB,SCO7251,?,Weak
hrdB-SCO2463,hrdB,SCO2463,?,Weak
hrdB-SCO6663,hrdB,SCO6663,?,Weak
hrdB-SCO6679,hrdB,SCO6679,?,Weak
hrdB-SCO6678,hrdB,SCO6678,?,Weak
hrdB-SCO7814,hrdB,SCO7814,?,Weak
hrdB-SCO7815,hrdB,SCO7815,?,Weak
hrdB-SCO6817,hrdB,SCO6817,?,Weak
hrdB-mqnA,hrdB,mqnA,?,Weak
hrdB-mqnC,hrdB,mqnC,?,Weak
hrdB-SCO0639,hrdB,SCO0639,?,Weak
hrdB-mqnE,hrdB,mqnE,?,Weak
hrdB-SCO0636,hrdB,SCO0636,?,Weak
hrdB-SCO0631,hrdB,SCO0631,?,Weak
hrdB-SCO0630,hrdB,SCO0630,?,Weak
hrdB-SCO0633,hrdB,SCO0633,?,Weak
hrdB-SCO0632,hrdB,SCO0632,?,Weak
hrdB-SCO7654,hrdB,SCO7654,?,Weak
hrdB-SCO7655,hrdB,SCO7655,?,Weak
hrdB-SCO7653,hrdB,SCO7653,?,Weak
hrdB-SCO6490,hrdB,SCO6490,?,Weak
hrdB-SCO0385,hrdB,SCO0385,?,Weak
hrdB-SCO0384,hrdB,SCO0384,?,Weak
hrdB-SCO0387,hrdB,SCO0387,?,Weak
hrdB-SCO0386,hrdB,SCO0386,?,Weak
hrdB-SCO0381,hrdB,SCO0381,?,Weak
hrdB-SCO0383,hrdB,SCO0383,?,Weak
hrdB-SCO0382,hrdB,SCO0382,?,Weak
hrdB-SCO5078,hrdB,SCO5078,?,Weak
hrdB-SCO0389,hrdB,SCO0389,?,Weak
hrdB-SCO0388,hrdB,SCO0388,?,Weak
hrdB-SCO6925,hrdB,SCO6925,?,Weak
hrdB-SCO6924,hrdB,SCO6924,?,Weak
hrdB-SCO6923,hrdB,SCO6923,?,Weak
hrdB-menG,hrdB,menG,?,Weak
hrdB-priA,hrdB,priA,?,Weak
hrdB-SCO7032,hrdB,SCO7032,?,Weak
hrdB-SCO7033,hrdB,SCO7033,?,Weak
hrdB-ectA,hrdB,ectA,?,Weak
hrdB-SCO7034,hrdB,SCO7034,?,Weak
hrdB-SCO7038,hrdB,SCO7038,?,Weak
hrdB-SCO0705,hrdB,SCO0705,?,Weak
hrdB-SCO0704,hrdB,SCO0704,?,Weak
hrdB-SCO2867,hrdB,SCO2867,?,Weak
hrdB-SCO4280,hrdB,SCO4280,?,Weak
hrdB-SCO4281,hrdB,SCO4281,?,Weak
hrdB-SCO4282,hrdB,SCO4282,?,Weak
hrdB-bar,hrdB,bar,?,Weak
hrdB-SCO4934,hrdB,SCO4934,?,Weak
hrdB-SCO0415,hrdB,SCO0415,?,Weak
hrdB-SCO0414,hrdB,SCO0414,?,Weak
hrdB-SCO0140,hrdB,SCO0140,?,Weak
hrdB-SCO4114,hrdB,SCO4114,?,Weak
hrdB-SCO4115,hrdB,SCO4115,?,Weak
hrdB-SCO4116,hrdB,SCO4116,?,Weak
hrdB-SCO4118,hrdB,SCO4118,?,Weak
hrdB-SCO4119,hrdB,SCO4119,?,Weak
hrdB-SCO1543,hrdB,SCO1543,?,Weak
hrdB-SCO1544,hrdB,SCO1544,?,Weak
hrdB-SCO1546,hrdB,SCO1546,?,Weak
hrdB-SCO1547,hrdB,SCO1547,?,Weak
hrdB-SCO5647,hrdB,SCO5647,?,Weak
hrdB-SCO5646,hrdB,SCO5646,?,Weak
hrdB-SCO2942,hrdB,SCO2942,?,Weak
hrdB-SCO2947,hrdB,SCO2947,?,Weak
hrdB-SCO5640,hrdB,SCO5640,?,Weak
hrdB-SCO1382,hrdB,SCO1382,?,Weak
hrdB-SCO1383,hrdB,SCO1383,?,Weak
hrdB-SCO1381,hrdB,SCO1381,?,Weak
hrdB-SCO1384,hrdB,SCO1384,?,Weak
hrdB-ecrA1,hrdB,ecrA1,?,Weak
hrdB-SCO5733,hrdB,SCO5733,?,Weak
hrdB-SCO5881,hrdB,SCO5881,?,Weak
hrdB-SCO5399,hrdB,SCO5399,?,Weak
hrdB-SCO5398,hrdB,SCO5398,?,Weak
hrdB-SCO0299,hrdB,SCO0299,?,Weak
hrdB-SCO5391,hrdB,SCO5391,?,Weak
hrdB-SCO5390,hrdB,SCO5390,?,Weak
hrdB-SCO5467,hrdB,SCO5467,?,Weak
hrdB-SCO5466,hrdB,SCO5466,?,Weak
hrdB-SCO5396,hrdB,SCO5396,?,Weak
hrdB-SCO5874,hrdB,SCO5874,?,Weak
hrdB-SCO0967,hrdB,SCO0967,?,Weak
hrdB-SCO1168,hrdB,SCO1168,?,Weak
hrdB-SCO1166,hrdB,SCO1166,?,Weak
hrdB-SCO1167,hrdB,SCO1167,?,Weak
hrdB-SCO1164,hrdB,SCO1164,?,Weak
hrdB-SCO4428,hrdB,SCO4428,?,Weak
hrdB-SCO1163,hrdB,SCO1163,?,Weak
hrdB-SCO4658,hrdB,SCO4658,?,Weak
hrdB-rimP,hrdB,rimP,?,Weak
hrdB-rpmF1,hrdB,rpmF1,?,Weak
hrdB-SCO5707,hrdB,SCO5707,?,Weak
hrdB-SCO1550,hrdB,SCO1550,?,Weak
hrdB-rimM,hrdB,rimM,?,Weak
hrdB-SCO1820,hrdB,SCO1820,?,Weak
hrdB-SCO5081,hrdB,SCO5081,?,Weak
hrdB-SCO5080,hrdB,SCO5080,?,Weak
hrdB-SCO2832,hrdB,SCO2832,?,Weak
hrdB-SCO5261,hrdB,SCO5261,?,Weak
hrdB-SCO5260,hrdB,SCO5260,?,Weak
hrdB-SCO2837,hrdB,SCO2837,?,Weak
hrdB-SCO2836,hrdB,SCO2836,?,Weak
hrdB-SCO2838,hrdB,SCO2838,?,Weak
hrdB-SCO2986,hrdB,SCO2986,+,Weak
hrdB-SCO5060,hrdB,SCO5060,?,Weak
hrdB-SCO2015,hrdB,SCO2015,?,Weak
hrdB-SCO2014,hrdB,SCO2014,?,Weak
hrdB-SCO2013,hrdB,SCO2013,?,Weak
hrdB-SCO2012,hrdB,SCO2012,?,Weak
hrdB-SCO2011,hrdB,SCO2011,?,Weak
hrdB-SCO2010,hrdB,SCO2010,?,Weak
hrdB-SCO1768,hrdB,SCO1768,?,Weak
hrdB-SCO1761,hrdB,SCO1761,?,Weak
hrdB-SCO1762,hrdB,SCO1762,?,Weak
hrdB-SCO1763,hrdB,SCO1763,?,Weak
hrdB-SCO2497,hrdB,SCO2497,?,Weak
hrdB-SCO3942,hrdB,SCO3942,?,Weak
hrdB-SCO3940,hrdB,SCO3940,?,Weak
hrdB-SCO2498,hrdB,SCO2498,?,Weak
hrdB-SCO3946,hrdB,SCO3946,?,Weak
hrdB-SCO3947,hrdB,SCO3947,?,Weak
hrdB-SCO3945,hrdB,SCO3945,?,Weak
hrdB-SCO5873,hrdB,SCO5873,?,Weak
hrdB-SCO3724,hrdB,SCO3724,?,Weak
hrdB-gltX,hrdB,gltX,?,Weak
hrdB-sodF1,hrdB,sodF1,?,Weak
hrdB-mca,hrdB,mca,?,Weak
hrdB-SCO1616,hrdB,SCO1616,?,Weak
hrdB-SCO1617,hrdB,SCO1617,?,Weak
hrdB-SCO0854,hrdB,SCO0854,?,Weak
hrdB-SCO2123,hrdB,SCO2123,?,Weak
hrdB-SCO2122,hrdB,SCO2122,?,Weak
hrdB-SCO2127,hrdB,SCO2127,?,Weak
hrdB-SCO2124,hrdB,SCO2124,?,Weak
hrdB-SCO3836,hrdB,SCO3836,?,Weak
hrdB-SCO3837,hrdB,SCO3837,?,Weak
hrdB-lepA,hrdB,lepA,?,Weak
hrdB-SCO3838,hrdB,SCO3838,?,Weak
hrdB-SCO3839,hrdB,SCO3839,?,Weak
hrdB-crcB1,hrdB,crcB1,?,Weak
hrdB-crcB2,hrdB,crcB2,?,Weak
hrdB-def2,hrdB,def2,?,Weak
hrdB-SCO3619,hrdB,SCO3619,?,Weak
hrdB-SCO3616,hrdB,SCO3616,?,Weak
hrdB-SCO3617,hrdB,SCO3617,?,Weak
hrdB-SCO3615,hrdB,SCO3615,?,Weak
hrdB-SCO3610,hrdB,SCO3610,?,Weak
hrdB-SCO3611,hrdB,SCO3611,?,Weak
hrdB-gpmA,hrdB,gpmA,?,Weak
hrdB-SCO2233,hrdB,SCO2233,?,Weak
hrdB-SCO2231,hrdB,SCO2231,?,Weak
hrdB-SCO2230,hrdB,SCO2230,?,Weak
hrdB-glnA,hrdB,glnA,?,Weak
hrdB-glnR,hrdB,glnR,?,Weak
hrdB-SCO7751,hrdB,SCO7751,?,Weak
hrdB-SCO7750,hrdB,SCO7750,?,Weak
hrdB-SCO6719,hrdB,SCO6719,?,Weak
hrdB-SCO6714,hrdB,SCO6714,?,Weak
hrdB-SCO6244,hrdB,SCO6244,?,Weak
hrdB-SCO6717,hrdB,SCO6717,?,Weak
hrdB-SCO6710,hrdB,SCO6710,?,Weak
hrdB-SCO6240,hrdB,SCO6240,?,Weak
hrdB-SCO6713,hrdB,SCO6713,?,Weak
hrdB-SCO3058,hrdB,SCO3058,?,Weak
hrdB-SCO3051,hrdB,SCO3051,?,Weak
hrdB-SCO3052,hrdB,SCO3052,?,Weak
hrdB-SCO3057,hrdB,SCO3057,?,Weak
hrdB-SCO6660,hrdB,SCO6660,?,Weak
hrdB-hup2,hrdB,hup2,?,Weak
hrdB-SCO6664,hrdB,SCO6664,?,Weak
hrdB-fusA,hrdB,fusA,?,Weak
hrdB-topA,hrdB,topA,?,Weak
hrdB-rsmG,hrdB,rsmG,?,Weak
hrdB-rsmH,hrdB,rsmH,?,Weak
hrdB-SCO7826,hrdB,SCO7826,?,Weak
hrdB-SCO6808,hrdB,SCO6808,?,Weak
hrdB-SCO6805,hrdB,SCO6805,?,Weak
hrdB-SCO0626,hrdB,SCO0626,?,Weak
hrdB-SCO0627,hrdB,SCO0627,?,Weak
hrdB-SCO0625,hrdB,SCO0625,?,Weak
hrdB-SCO7627,hrdB,SCO7627,?,Weak
hrdB-SCO7626,hrdB,SCO7626,?,Weak
hrdB-SCO6484,hrdB,SCO6484,?,Weak
hrdB-SCO0392,hrdB,SCO0392,?,Weak
hrdB-SCO0393,hrdB,SCO0393,?,Weak
hrdB-SCO0390,hrdB,SCO0390,?,Weak
hrdB-SCO0391,hrdB,SCO0391,?,Weak
hrdB-SCO0396,hrdB,SCO0396,?,Weak
hrdB-SCO0397,hrdB,SCO0397,?,Weak
hrdB-SCO0394,hrdB,SCO0394,?,Weak
hrdB-SCO0395,hrdB,SCO0395,?,Weak
hrdB-rnc,hrdB,rnc,?,Weak
hrdB-SCO0398,hrdB,SCO0398,?,Weak
hrdB-SCO0399,hrdB,SCO0399,?,Weak
hrdB-SCO6935,hrdB,SCO6935,?,Weak
hrdB-SCO2611,hrdB,SCO2611,?,Weak
hrdB-SCO4488,hrdB,SCO4488,?,Weak
hrdB-SCO3630,hrdB,SCO3630,?,Weak
hrdB-SCO4489,hrdB,SCO4489,?,Weak
hrdB-SCO3631,hrdB,SCO3631,?,Weak
hrdB-SCO3633,hrdB,SCO3633,?,Weak
hrdB-SCO4634,hrdB,SCO4634,?,Weak
hrdB-SCO4637,hrdB,SCO4637,?,Weak
hrdB-SCO4636,hrdB,SCO4636,?,Weak
hrdB-SCO0088,hrdB,SCO0088,?,Weak
hrdB-SCO0089,hrdB,SCO0089,?,Weak
hrdB-SCO5351,hrdB,SCO5351,?,Weak
hrdB-SCO0084,hrdB,SCO0084,?,Weak
hrdB-crgA,hrdB,crgA,+,Weak
hrdB-SCO2613,hrdB,SCO2613,?,Weak
hrdB-SCO0402,hrdB,SCO0402,?,Weak
hrdB-SCO0403,hrdB,SCO0403,?,Weak
hrdB-SCO0400,hrdB,SCO0400,?,Weak
hrdB-hemC1,hrdB,hemC1,?,Weak
hrdB-SCO0404,hrdB,SCO0404,?,Weak
hrdB-SCO4257,hrdB,SCO4257,?,Weak
hrdB-SCO4256,hrdB,SCO4256,?,Weak
hrdB-SCO4255,hrdB,SCO4255,?,Weak
hrdB-SCO4254,hrdB,SCO4254,?,Weak
hrdB-SCO4253,hrdB,SCO4253,?,Weak
hrdB-SCO4700,hrdB,SCO4700,?,Weak
hrdB-SCO4251,hrdB,SCO4251,?,Weak
hrdB-SCO1571,hrdB,SCO1571,?,Weak
hrdB-SCO4259,hrdB,SCO4259,?,Weak
hrdB-SCO1572,hrdB,SCO1572,?,Weak
hrdB-SCO2028,hrdB,SCO2028,?,Weak
hrdB-SCO1379,hrdB,SCO1379,?,Weak
hrdB-SCO1375,hrdB,SCO1375,?,Weak
hrdB-SCO2029,hrdB,SCO2029,?,Weak
hrdB-SCO1373,hrdB,SCO1373,?,Weak
hrdB-SCO1001,hrdB,SCO1001,?,Weak
hrdB-SCO4505,hrdB,SCO4505,?,Weak
hrdB-pheS,hrdB,pheS,?,Weak
hrdB-SCO5721,hrdB,SCO5721,?,Weak
hrdB-SCO5723,hrdB,SCO5723,?,Weak
hrdB-SCO5724,hrdB,SCO5724,?,Weak
hrdB-SCO5725,hrdB,SCO5725,?,Weak
hrdB-ileS,hrdB,ileS,?,Weak
hrdB-ppa,hrdB,ppa,?,Weak
hrdB-SCO5473,hrdB,SCO5473,?,Weak
hrdB-SCO4410,hrdB,SCO4410,?,Weak
hrdB-SCO4413,hrdB,SCO4413,?,Weak
hrdB-SCO4412,hrdB,SCO4412,?,Weak
hrdB-SCO4414,hrdB,SCO4414,?,Weak
hrdB-relA,hrdB,relA,?,Weak
hrdB-SCO1289,hrdB,SCO1289,?,Weak
hrdB-SCO1288,hrdB,SCO1288,?,Weak
hrdB-SCO1287,hrdB,SCO1287,?,Weak
hrdB-SCO1286,hrdB,SCO1286,?,Weak
hrdB-SCO2741,hrdB,SCO2741,?,Weak
hrdB-SCO6721,hrdB,SCO6721,?,Weak
hrdB-SCO2951,hrdB,SCO2951,?,Weak
hrdB-ispG2,hrdB,ispG2,?,Weak
hrdB-SCO2824,hrdB,SCO2824,?,Weak
hrdB-SCO2825,hrdB,SCO2825,?,Weak
hrdB-SCO2822,hrdB,SCO2822,?,Weak
hrdB-SCO2823,hrdB,SCO2823,?,Weak
hrdB-SCO2820,hrdB,SCO2820,?,Weak
hrdB-SCO2821,hrdB,SCO2821,?,Weak
hrdB-SCO1026,hrdB,SCO1026,?,Weak
hrdB-SCO1025,hrdB,SCO1025,?,Weak
hrdB-SCO5077,hrdB,SCO5077,?,Weak
hrdB-SCO1751,hrdB,SCO1751,?,Weak
hrdB-SCO2009,hrdB,SCO2009,?,Weak
hrdB-SCO1021,hrdB,SCO1021,?,Weak
hrdB-SCO1020,hrdB,SCO1020,?,Weak
hrdB-SCO2004,hrdB,SCO2004,?,Weak
hrdB-SCO2007,hrdB,SCO2007,?,Weak
hrdB-SCO1759,hrdB,SCO1759,?,Weak
hrdB-SCO5079,hrdB,SCO5079,?,Weak
hrdB-SCO2003,hrdB,SCO2003,?,Weak
hrdB-SCO1597,hrdB,SCO1597,?,Weak
hrdB-SCO1596,hrdB,SCO1596,?,Weak
hrdB-SCO5387,hrdB,SCO5387,?,Weak
hrdB-SCO2485,hrdB,SCO2485,?,Weak
hrdB-SCO2486,hrdB,SCO2486,?,Weak
hrdB-SCO2487,hrdB,SCO2487,?,Weak
hrdB-SCO2488,hrdB,SCO2488,?,Weak
hrdB-SCO2489,hrdB,SCO2489,?,Weak
hrdB-truB,hrdB,truB,?,Weak
hrdB-SCO1432,hrdB,SCO1432,?,Weak
hrdB-SCO5389,hrdB,SCO5389,?,Weak
hrdB-lpqB,hrdB,lpqB,?,Weak
hrdB-SCO2621,hrdB,SCO2621,?,Weak
hrdB-wblA,hrdB,wblA,?,Weak
hrdB-SCO3445,hrdB,SCO3445,?,Weak
hrdB-rspG,hrdB,rspG,?,Weak
hrdB-SCO1623,hrdB,SCO1623,?,Weak
hrdB-SCO1627,hrdB,SCO1627,?,Weak
hrdB-SCO1626,hrdB,SCO1626,?,Weak
hrdB-SCO1629,hrdB,SCO1629,?,Weak
hrdB-SCO1628,hrdB,SCO1628,?,Weak
hrdB-SCO2136,hrdB,SCO2136,?,Weak
hrdB-SCO3843,hrdB,SCO3843,?,Weak
hrdB-SCO3840,hrdB,SCO3840,?,Weak
hrdB-SCO3849,hrdB,SCO3849,?,Weak
hrdB-SCO3848,hrdB,SCO3848,?,Weak
hrdB-SCO4491,hrdB,SCO4491,?,Weak
hrdB-sdaA,hrdB,sdaA,?,Weak
hrdB-SCO3663,hrdB,SCO3663,?,Weak
hrdB-SCO3662,hrdB,SCO3662,?,Weak
hrdB-tri1,hrdB,tri1,?,Weak
hrdB-SCO3665,hrdB,SCO3665,?,Weak
hrdB-SCO3664,hrdB,SCO3664,?,Weak
hrdB-SCO6012,hrdB,SCO6012,?,Weak
hrdB-SCO6016,hrdB,SCO6016,?,Weak
hrdB-SCO6015,hrdB,SCO6015,?,Weak
hrdB-SCO6019,hrdB,SCO6019,?,Weak
hrdB-SCO2624,hrdB,SCO2624,?,Weak
hrdB-SCO4493,hrdB,SCO4493,?,Weak
hrdB-SCO6728,hrdB,SCO6728,?,Weak
hrdB-cobB1,hrdB,cobB1,?,Weak
hrdB-SCO6233,hrdB,SCO6233,?,Weak
hrdB-SCO6720,hrdB,SCO6720,?,Weak
hrdB-SCO6727,hrdB,SCO6727,?,Weak
hrdB-SCO3064,hrdB,SCO3064,?,Weak
hrdB-SCO3061,hrdB,SCO3061,?,Weak
hrdB-SCO3063,hrdB,SCO3063,?,Weak
hrdB-aspS,hrdB,aspS,?,Weak
hrdB-SCO4492,hrdB,SCO4492,?,Weak
hrdB-eno2,hrdB,eno2,?,Weak
hrdB-SCO0401,hrdB,SCO0401,?,Weak
hrdB-SCO6658,hrdB,SCO6658,?,Weak
hrdB-SCO6127,hrdB,SCO6127,?,Weak
hrdB-SCO6126,hrdB,SCO6126,?,Weak
hrdB-SCO6125,hrdB,SCO6125,?,Weak
hrdB-SCO6124,hrdB,SCO6124,?,Weak
hrdB-SCO6123,hrdB,SCO6123,?,Weak
hrdB-SCO6650,hrdB,SCO6650,?,Weak
hrdB-SCO6653,hrdB,SCO6653,?,Weak
hrdB-SCO6652,hrdB,SCO6652,?,Weak
hrdB-SCO6343,hrdB,SCO6343,?,Weak
hrdB-SCO6342,hrdB,SCO6342,?,Weak
hrdB-SCO6349,hrdB,SCO6349,?,Weak
hrdB-SCO6348,hrdB,SCO6348,?,Weak
hrdB-glmU,hrdB,glmU,?,Weak
hrdB-nuoB1,hrdB,nuoB1,?,Weak
hrdB-SCO7630,hrdB,SCO7630,?,Weak
hrdB-SCO7639,hrdB,SCO7639,?,Weak
hrdB-SCO7749,hrdB,SCO7749,?,Weak
hrdB-acpP,hrdB,acpP,?,Weak
hrdB-acpS,hrdB,acpS,?,Weak
hrdB-SCO1151,hrdB,SCO1151,?,Weak
hrdB-SCO4252,hrdB,SCO4252,?,Weak
hrdB-SCO0763,hrdB,SCO0763,?,Weak
hrdB-SCO0767,hrdB,SCO0767,?,Weak
hrdB-SCO0766,hrdB,SCO0766,?,Weak
hrdB-SCO0765,hrdB,SCO0765,?,Weak
hrdB-SCO0764,hrdB,SCO0764,?,Weak
hrdB-sigI,hrdB,sigI,?,Weak
hrdB-SCO2567,hrdB,SCO2567,?,Weak
hrdB-cysH,hrdB,cysH,?,Weak
hrdB-cysC,hrdB,cysC,?,Weak
hrdB-SCO0504,hrdB,SCO0504,?,Weak
hrdB-SCO4258,hrdB,SCO4258,?,Weak
hrdB-SCO1963,hrdB,SCO1963,?,Weak
hrdB-SCO4138,hrdB,SCO4138,?,Weak
hrdB-SCO0169,hrdB,SCO0169,?,Weak
hrdB-SCO0168,hrdB,SCO0168,?,Weak
hrdB-SCO0165,hrdB,SCO0165,?,Weak
hrdB-SCO4133,hrdB,SCO4133,?,Weak
hrdB-SCO0167,hrdB,SCO0167,?,Weak
hrdB-SCO0166,hrdB,SCO0166,?,Weak
hrdB-SCO0161,hrdB,SCO0161,?,Weak
hrdB-SCO0160,hrdB,SCO0160,?,Weak
hrdB-SCO0162,hrdB,SCO0162,?,Weak
hrdB-SCO0217,hrdB,SCO0217,?,Weak
hrdB-SCO0216,hrdB,SCO0216,?,Weak
hrdB-SCO0215,hrdB,SCO0215,?,Weak
hrdB-SCO0214,hrdB,SCO0214,?,Weak
hrdB-SCO0213,hrdB,SCO0213,?,Weak
hrdB-SCO0212,hrdB,SCO0212,?,Weak
hrdB-SCO1562,hrdB,SCO1562,?,Weak
hrdB-SCO1560,hrdB,SCO1560,?,Weak
hrdB-SCO5662,hrdB,SCO5662,?,Weak
hrdB-thrB,hrdB,thrB,?,Weak
hrdB-SCO5664,hrdB,SCO5664,?,Weak
hrdB-SCO0219,hrdB,SCO0219,?,Weak
hrdB-SCO0218,hrdB,SCO0218,?,Weak
hrdB-SCO4595,hrdB,SCO4595,?,Weak
hrdB-SCO0181,hrdB,SCO0181,?,Weak
hrdB-SCO0180,hrdB,SCO0180,?,Weak
hrdB-SCO1364,hrdB,SCO1364,?,Weak
hrdB-SCO1365,hrdB,SCO1365,?,Weak
hrdB-thrS,hrdB,thrS,?,Weak
hrdB-SCO1374,hrdB,SCO1374,?,Weak
hrdB-SCO4392,hrdB,SCO4392,?,Weak
hrdB-SCO4391,hrdB,SCO4391,?,Weak
hrdB-SCO3905,hrdB,SCO3905,?,Weak
hrdB-SCO5719,hrdB,SCO5719,?,Weak
hrdB-SCO5718,hrdB,SCO5718,?,Weak
hrdB-SCO5869,hrdB,SCO5869,?,Weak
hrdB-SCO5867,hrdB,SCO5867,?,Weak
hrdB-SCO2592,hrdB,SCO2592,?,Weak
hrdB-SCO5717,hrdB,SCO5717,?,Weak
hrdB-SCO2593,hrdB,SCO2593,?,Weak
hrdB-SCO4408,hrdB,SCO4408,?,Weak
hrdB-SCO4409,hrdB,SCO4409,?,Weak
hrdB-SCO0984,hrdB,SCO0984,?,Weak
hrdB-SCO1104,hrdB,SCO1104,?,Weak
hrdB-SCO4401,hrdB,SCO4401,?,Weak
hrdB-lgt1,hrdB,lgt1,?,Weak
hrdB-SCO2921,hrdB,SCO2921,?,Weak
hrdB-SCO2920,hrdB,SCO2920,?,Weak
hrdB-SCO2926,hrdB,SCO2926,?,Weak
hrdB-SCO2925,hrdB,SCO2925,?,Weak
hrdB-purS,hrdB,purS,?,Weak
hrdB-purQ,hrdB,purQ,?,Weak
hrdB-SCO5289,hrdB,SCO5289,?,Weak
hrdB-SCO5288,hrdB,SCO5288,?,Weak
hrdB-SCO2581,hrdB,SCO2581,?,Weak
hrdB-SCO2580,hrdB,SCO2580,?,Weak
hrdB-dxr,hrdB,dxr,?,Weak
hrdB-SCO5281,hrdB,SCO5281,?,Weak
hrdB-SCO2038,hrdB,SCO2038,?,Weak
hrdB-purA,hrdB,purA,?,Weak
hrdB-SCO1030,hrdB,SCO1030,?,Weak
hrdB-purF,hrdB,purF,?,Weak
hrdB-SCO5047,hrdB,SCO5047,?,Weak
hrdB-purK,hrdB,purK,?,Weak
hrdB-SCO2030,hrdB,SCO2030,?,Weak
hrdB-SCO1748,hrdB,SCO1748,?,Weak
hrdB-purH,hrdB,purH,?,Weak
hrdB-SCO1038,hrdB,SCO1038,?,Weak
hrdB-purN,hrdB,purN,?,Weak
hrdB-purM,hrdB,purM,?,Weak
hrdB-purL,hrdB,purL,?,Weak
hrdB-SCO5720,hrdB,SCO5720,?,Weak
hrdB-tal1,hrdB,tal1,?,Weak
hrdB-tal2,hrdB,tal2,?,Weak
hrdB-SCO1589,hrdB,SCO1589,?,Weak
hrdB-SCO5444,hrdB,SCO5444,?,Weak
hrdB-SCO5915,hrdB,SCO5915,?,Weak
hrdB-SCO5914,hrdB,SCO5914,?,Weak
hrdB-SCO5441,hrdB,SCO5441,?,Weak
hrdB-SCO5442,hrdB,SCO5442,?,Weak
hrdB-gatC,hrdB,gatC,?,Weak
hrdB-SCO5449,hrdB,SCO5449,?,Weak
hrdB-SCO5448,hrdB,SCO5448,?,Weak
hrdB-SCO5918,hrdB,SCO5918,?,Weak
hrdB-SCO3299,hrdB,SCO3299,?,Weak
hrdB-cpdA,hrdB,cpdA,?,Weak
hrdB-SCO3291,hrdB,SCO3291,?,Weak
hrdB-SCO2457,hrdB,SCO2457,?,Weak
hrdB-SCO2107,hrdB,SCO2107,?,Weak
hrdB-SCO2106,hrdB,SCO2106,?,Weak
hrdB-SCO2101,hrdB,SCO2101,?,Weak
hrdB-SCO2103,hrdB,SCO2103,?,Weak
hrdB-SCO3989,hrdB,SCO3989,?,Weak
hrdB-SCO2108,hrdB,SCO2108,?,Weak
hrdB-SCO2459,hrdB,SCO2459,?,Weak
hrdB-SCO2458,hrdB,SCO2458,?,Weak
hrdB-SCO1630,hrdB,SCO1630,?,Weak
hrdB-SCO1631,hrdB,SCO1631,?,Weak
hrdB-SCO3850,hrdB,SCO3850,?,Weak
hrdB-SCO3851,hrdB,SCO3851,?,Weak
hrdB-SCO3852,hrdB,SCO3852,?,Weak
hrdB-SCO3853,hrdB,SCO3853,?,Weak
hrdB-SCO3859,hrdB,SCO3859,?,Weak
hrdB-SCO3882,hrdB,SCO3882,?,Weak
hrdB-SCO3186,hrdB,SCO3186,?,Weak
hrdB-SCO3187,hrdB,SCO3187,?,Weak
hrdB-SCO2363,hrdB,SCO2363,?,Weak
hrdB-SCO1053,hrdB,SCO1053,?,Weak
hrdB-SCO3679,hrdB,SCO3679,?,Weak
hrdB-ribBA,hrdB,ribBA,?,Weak
hrdB-SCO3672,hrdB,SCO3672,?,Weak
hrdB-SCO3673,hrdB,SCO3673,?,Weak
hrdB-uvrB,hrdB,uvrB,?,Weak
hrdB-SCO3676,hrdB,SCO3676,?,Weak
hrdB-SCO3677,hrdB,SCO3677,?,Weak
hrdB-SCO6000,hrdB,SCO6000,?,Weak
hrdB-SCO2210,hrdB,SCO2210,+,Weak
hrdB-SCO6002,hrdB,SCO6002,?,Weak
hrdB-SCO6003,hrdB,SCO6003,?,Weak
hrdB-SCO6005,hrdB,SCO6005,?,Weak
hrdB-SCO2217,hrdB,SCO2217,?,Weak
hrdB-cutR,hrdB,cutR,?,Weak
hrdB-cutS,hrdB,cutS,?,Weak
hrdB-hup1,hrdB,hup1,?,Weak
hrdB-pepPI,hrdB,pepPI,?,Weak
hrdB-SCO3275,hrdB,SCO3275,?,Weak
hrdB-SCO3276,hrdB,SCO3276,?,Weak
hrdB-SCO2206,hrdB,SCO2206,?,Weak
hrdB-SCO6134,hrdB,SCO6134,?,Weak
hrdB-SCO6135,hrdB,SCO6135,?,Weak
hrdB-SCO6640,hrdB,SCO6640,?,Weak
hrdB-SCO6132,hrdB,SCO6132,?,Weak
hrdB-SCO6133,hrdB,SCO6133,?,Weak
hrdB-SCO6354,hrdB,SCO6354,?,Weak
hrdB-SCO6355,hrdB,SCO6355,?,Weak
hrdB-SCO6356,hrdB,SCO6356,?,Weak
hrdB-SCO6821,hrdB,SCO6821,?,Weak
hrdB-SCO6826,hrdB,SCO6826,?,Weak
hrdB-cobQ,hrdB,cobQ,?,Weak
hrdB-SCO6352,hrdB,SCO6352,?,Weak
hrdB-SCO6353,hrdB,SCO6353,?,Weak
hrdB-SCO7511,hrdB,SCO7511,?,Weak
hrdB-SCO7510,hrdB,SCO7510,?,Weak
hrdB-SCO6358,hrdB,SCO6358,?,Weak
hrdB-SCO6359,hrdB,SCO6359,?,Weak
hrdB-SCO7517,hrdB,SCO7517,?,Weak
hrdB-cobD,hrdB,cobD,?,Weak
hrdB-cobB,hrdB,cobB,?,Weak
hrdB-secE,hrdB,secE,?,Weak
hrdB-secD,hrdB,secD,?,Weak
hrdB-SCO0039,hrdB,SCO0039,?,Weak
hrdB-nrdJ,hrdB,nrdJ,?,Weak
hrdB-rbfA,hrdB,rbfA,?,Weak
hrdB-nrdR,hrdB,nrdR,?,Weak
hrdB-SCO7600,hrdB,SCO7600,?,Weak
hrdB-SCO7173,hrdB,SCO7173,?,Weak
hrdB-argS,hrdB,argS,?,Weak
hrdB-argH,hrdB,argH,?,Weak
hrdB-carB,hrdB,carB,?,Weak
hrdB-carA,hrdB,carA,?,Weak
hrdB-rbpA,hrdB,rbpA,?,Weak
hrdB-rbpB,hrdB,rbpB,?,Weak
hrdB-SCO4096,hrdB,SCO4096,?,Weak
hrdB-SCO4091,hrdB,SCO4091,?,Weak
hrdB-SCO4092,hrdB,SCO4092,?,Weak
hrdB-SCO0877,hrdB,SCO0877,?,Weak
hrdB-SCO0512,hrdB,SCO0512,?,Weak
hrdB-SCO0513,hrdB,SCO0513,?,Weak
hrdB-SCO2639,hrdB,SCO2639,?,Weak
hrdB-SCO0876,hrdB,SCO0876,?,Weak
hrdB-secY,hrdB,secY,?,Weak
hrdB-fmt,hrdB,fmt,?,Weak
hrdB-SCO2638,hrdB,SCO2638,?,Weak
hrdB-SCO7777,hrdB,SCO7777,?,Weak
hrdB-SCO0179,hrdB,SCO0179,?,Weak
hrdB-SCO7770,hrdB,SCO7770,?,Weak
hrdB-SCO0173,hrdB,SCO0173,?,Weak
hrdB-SCO0170,hrdB,SCO0170,?,Weak
hrdB-SCO0171,hrdB,SCO0171,?,Weak
hrdB-SCO0176,hrdB,SCO0176,?,Weak
hrdB-SCO7778,hrdB,SCO7778,?,Weak
hrdB-SCO0174,hrdB,SCO0174,?,Weak
hrdB-SCO0175,hrdB,SCO0175,?,Weak
hrdB-SCO0204,hrdB,SCO0204,?,Weak
hrdB-SCO0206,hrdB,SCO0206,?,Weak
hrdB-SCO0207,hrdB,SCO0207,?,Weak
hrdB-SCO0200,hrdB,SCO0200,?,Weak
hrdB-serS,hrdB,serS,?,Weak
hrdB-SCO0202,hrdB,SCO0202,?,Weak
hrdB-SCO4279,hrdB,SCO4279,?,Weak
hrdB-SCO4278,hrdB,SCO4278,?,Weak
hrdB-SCO0208,hrdB,SCO0208,?,Weak
hrdB-SCO0209,hrdB,SCO0209,?,Weak
hrdB-hisI,hrdB,hisI,?,Weak
hrdB-SCO0198,hrdB,SCO0198,?,Weak
hrdB-SCO0199,hrdB,SCO0199,?,Weak
hrdB-SCO4587,hrdB,SCO4587,?,Weak
hrdB-alaS,hrdB,alaS,?,Weak
hrdB-SCO4657,hrdB,SCO4657,?,Weak
hrdB-SCO1829,hrdB,SCO1829,?,Weak
hrdB-SCO5702,hrdB,SCO5702,?,Weak
hrdB-SCO5701,hrdB,SCO5701,?,Weak
hrdB-SCO5871,hrdB,SCO5871,?,Weak
hrdB-SCO5872,hrdB,SCO5872,?,Weak
hrdB-SCO5705,hrdB,SCO5705,?,Weak
hrdB-SCO1135,hrdB,SCO1135,?,Weak
hrdB-SCO1134,hrdB,SCO1134,?,Weak
hrdB-SCO1131,hrdB,SCO1131,?,Weak
hrdB-SCO1133,hrdB,SCO1133,?,Weak
hrdB-SCO1132,hrdB,SCO1132,?,Weak
hrdB-SCO2736,hrdB,SCO2736,?,Weak
hrdB-gylR,hrdB,gylR,?,Weak
hrdB-prs,hrdB,prs,?,Weak
hrdB-SCO4473,hrdB,SCO4473,?,Weak
hrdB-SCO4472,hrdB,SCO4472,?,Weak
hrdB-SCO4470,hrdB,SCO4470,?,Weak
hrdB-SCO0990,hrdB,SCO0990,?,Weak
hrdB-SCO0991,hrdB,SCO0991,?,Weak
hrdB-SCO4475,hrdB,SCO4475,?,Weak
hrdB-SCO4474,hrdB,SCO4474,?,Weak
hrdB-dasR,hrdB,dasR,?,Weak
hrdB-SCO2934,hrdB,SCO2934,?,Weak
hrdB-SCO2936,hrdB,SCO2936,?,Weak
hrdB-SCO2026,hrdB,SCO2026,?,Weak
hrdB-SCO2027,hrdB,SCO2027,?,Weak
hrdB-SCO2025,hrdB,SCO2025,?,Weak
hrdB-gyrB,hrdB,gyrB,?,Weak
hrdB-SCO3518,hrdB,SCO3518,?,Weak
hrdB-gyrA,hrdB,gyrA,?,Weak
hrdB-secG,hrdB,secG,?,Weak
hrdB-SCO5296,hrdB,SCO5296,?,Weak
hrdB-SCO5297,hrdB,SCO5297,?,Weak
hrdB-SCO5290,hrdB,SCO5290,?,Weak
hrdB-SCO5291,hrdB,SCO5291,?,Weak
hrdB-SCO5292,hrdB,SCO5292,?,Weak
hrdB-SCO5293,hrdB,SCO5293,?,Weak
hrdB-SCO4507,hrdB,SCO4507,?,Weak
hrdB-SCO1000,hrdB,SCO1000,?,Weak
hrdB-SCO1003,hrdB,SCO1003,?,Weak
hrdB-SCO1002,hrdB,SCO1002,?,Weak
hrdB-SCO4503,hrdB,SCO4503,?,Weak
hrdB-SCO5057,hrdB,SCO5057,?,Weak
hrdB-secF,hrdB,secF,?,Weak
hrdB-SCO5452,hrdB,SCO5452,?,Weak
hrdB-SCO5453,hrdB,SCO5453,?,Weak
hrdB-SCO5450,hrdB,SCO5450,?,Weak
hrdB-SCO5451,hrdB,SCO5451,?,Weak
hrdB-SCO5900,hrdB,SCO5900,?,Weak
hrdB-SCO5901,hrdB,SCO5901,?,Weak
hrdB-SCO5454,hrdB,SCO5454,?,Weak
hrdB-SCO5455,hrdB,SCO5455,?,Weak
hrdB-pckG,hrdB,pckG,?,Weak
hrdB-sucC1,hrdB,sucC1,?,Weak
hrdB-SCO1752,hrdB,SCO1752,?,Weak
hrdB-SCO2112,hrdB,SCO2112,?,Weak
hrdB-pgi1,hrdB,pgi1,?,Weak
hrdB-SCO2446,hrdB,SCO2446,?,Weak
hrdB-SCO2447,hrdB,SCO2447,?,Weak
hrdB-SCO2116,hrdB,SCO2116,?,Weak
hrdB-SCO2117,hrdB,SCO2117,?,Weak
hrdB-SCO2114,hrdB,SCO2114,?,Weak
hrdB-SCO2448,hrdB,SCO2448,?,Weak
hrdB-SCO1649,hrdB,SCO1649,?,Weak
hrdB-SCO1642,hrdB,SCO1642,?,Weak
hrdB-SCO1641,hrdB,SCO1641,?,Weak
hrdB-SCO2594,hrdB,SCO2594,?,Weak
hrdB-SCO3869,hrdB,SCO3869,?,Weak
hrdB-SCO3868,hrdB,SCO3868,?,Weak
hrdB-SCO2591,hrdB,SCO2591,?,Weak
hrdB-SCO3867,hrdB,SCO3867,?,Weak
hrdB-SCO6158,hrdB,SCO6158,?,Weak
hrdB-leuD,hrdB,leuD,?,Weak
hrdB-leuB,hrdB,leuB,?,Weak
hrdB-leuC,hrdB,leuC,?,Weak
hrdB-leuA,hrdB,leuA,?,Weak
hrdB-asnO,hrdB,asnO,?,Weak
hrdB-leuS,hrdB,leuS,?,Weak
hrdB-SCO6035,hrdB,SCO6035,?,Weak
hrdB-SCO6034,hrdB,SCO6034,?,Weak
hrdB-SCO6037,hrdB,SCO6037,?,Weak
hrdB-SCO6036,hrdB,SCO6036,?,Weak
hrdB-SCO6030,hrdB,SCO6030,?,Weak
hrdB-SCO6033,hrdB,SCO6033,?,Weak
hrdB-SCO6032,hrdB,SCO6032,?,Weak
hrdB-hisD,hrdB,hisD,?,Weak
hrdB-hisE,hrdB,hisE,?,Weak
hrdB-hisF,hrdB,hisF,?,Weak
hrdB-hisG,hrdB,hisG,?,Weak
hrdB-hisB,hrdB,hisB,?,Weak
hrdB-hisC,hrdB,hisC,?,Weak
hrdB-hisH,hrdB,hisH,?,Weak
hrdB-SCO6588,hrdB,SCO6588,?,Weak
hrdB-hisS,hrdB,hisS,?,Weak
hrdB-SCO3087,hrdB,SCO3087,?,Weak
hrdB-SCO3083,hrdB,SCO3083,?,Weak
hrdB-SCO3241,hrdB,SCO3241,?,Weak
hrdB-SCO3240,hrdB,SCO3240,?,Weak
hrdB-SCO3243,hrdB,SCO3243,?,Weak
hrdB-SCO3242,hrdB,SCO3242,?,Weak
hrdB-SCO3245,hrdB,SCO3245,?,Weak
hrdB-SCO3244,hrdB,SCO3244,?,Weak
hrdB-SCO3247,hrdB,SCO3247,?,Weak
hrdB-SCO3249,hrdB,SCO3249,?,Weak
hrdB-SCO3248,hrdB,SCO3248,?,Weak
hrdB-SCO3118,hrdB,SCO3118,?,Weak
hrdB-SCO6101,hrdB,SCO6101,?,Weak
hrdB-SCO6102,hrdB,SCO6102,?,Weak
hrdB-SCO6105,hrdB,SCO6105,?,Weak
hrdB-SCO6104,hrdB,SCO6104,?,Weak
hrdB-SCO4925,hrdB,SCO4925,?,Weak
hrdB-SCO4924,hrdB,SCO4924,?,Weak
hrdB-SCO6691,hrdB,SCO6691,?,Weak
hrdB-SCO6690,hrdB,SCO6690,?,Weak
hrdB-SCO6695,hrdB,SCO6695,?,Weak
hrdB-SCO6697,hrdB,SCO6697,?,Weak
hrdB-SCO6696,hrdB,SCO6696,?,Weak
hrdB-SCO6699,hrdB,SCO6699,?,Weak
hrdB-SCO6698,hrdB,SCO6698,?,Weak
hrdB-SCO2205,hrdB,SCO2205,?,Weak
hrdB-SCO4922,hrdB,SCO4922,?,Weak
hrdB-SCO6742,hrdB,SCO6742,?,Weak
hrdB-SCO6212,hrdB,SCO6212,?,Weak
hrdB-comB,hrdB,comB,?,Weak
hrdB-SCO6219,hrdB,SCO6219,?,Weak
hrdB-SCO6218,hrdB,SCO6218,?,Weak
hrdB-SCO0344,hrdB,SCO0344,?,Weak
hrdB-orfA,hrdB,orfA,?,Weak
hrdB-SCO4883,hrdB,SCO4883,?,Weak
hrdB-SCO6961,hrdB,SCO6961,?,Weak
hrdB-SCO6960,hrdB,SCO6960,?,Weak
hrdB-SCO0748,hrdB,SCO0748,?,Weak
hrdB-SCO0744,hrdB,SCO0744,?,Weak
hrdB-SCO0747,hrdB,SCO0747,?,Weak
hrdB-SCO0743,hrdB,SCO0743,?,Weak
hrdB-SCO7507,hrdB,SCO7507,?,Weak
hrdB-SCO4107,hrdB,SCO4107,?,Weak
hrdB-lspA,hrdB,lspA,?,Weak
hrdB-SCO4088,hrdB,SCO4088,?,Weak
hrdB-SCO1905,hrdB,SCO1905,?,Weak
hrdB-SCO1907,hrdB,SCO1907,?,Weak
hrdB-SCO1908,hrdB,SCO1908,?,Weak
hrdB-nusB,hrdB,nusB,?,Weak
hrdB-nusA,hrdB,nusA,?,Weak
hrdB-SCO7767,hrdB,SCO7767,?,Weak
hrdB-SCO7765,hrdB,SCO7765,?,Weak
hrdB-SCO7768,hrdB,SCO7768,?,Weak
hrdB-SCO7769,hrdB,SCO7769,?,Weak
hrdB-SCO0231,hrdB,SCO0231,?,Weak
hrdB-SCO4334,hrdB,SCO4334,?,Weak
hrdB-SCO0237,hrdB,SCO0237,?,Weak
hrdB-SCO0236,hrdB,SCO0236,?,Weak
hrdB-pepA,hrdB,pepA,?,Weak
hrdB-prcB,hrdB,prcB,?,Weak
hrdB-prcA,hrdB,prcA,?,Weak
hrdB-SCO2506,hrdB,SCO2506,?,Weak
hrdB-SCO4262,hrdB,SCO4262,?,Weak
hrdB-SCO4263,hrdB,SCO4263,?,Weak
hrdB-SCO4260,hrdB,SCO4260,?,Weak
hrdB-SCO4261,hrdB,SCO4261,?,Weak
hrdB-SCO1499,hrdB,SCO1499,?,Weak
hrdB-yidC,hrdB,yidC,?,Weak
hrdB-ybeY,hrdB,ybeY,?,Weak
hrdB-SCO4860,hrdB,SCO4860,?,Weak
hrdB-SCO4645,hrdB,SCO4645,?,Weak
hrdB-SCO5843,hrdB,SCO5843,?,Weak
hrdB-SCO5842,hrdB,SCO5842,?,Weak
hrdB-SCO0528,hrdB,SCO0528,?,Weak
hrdB-SCO5847,hrdB,SCO5847,?,Weak
hrdB-SCO5846,hrdB,SCO5846,?,Weak
hrdB-SCO1122,hrdB,SCO1122,?,Weak
hrdB-SCO1123,hrdB,SCO1123,?,Weak
hrdB-gcvT,hrdB,gcvT,?,Weak
hrdB-SCO5111,hrdB,SCO5111,?,Weak
hrdB-SCO2971,hrdB,SCO2971,?,Weak
hrdB-SCO4468,hrdB,SCO4468,?,Weak
hrdB-SCO4461,hrdB,SCO4461,?,Weak
hrdB-SCO4462,hrdB,SCO4462,?,Weak
hrdB-SCO4463,hrdB,SCO4463,?,Weak
hrdB-SCO4467,hrdB,SCO4467,?,Weak
hrdB-SCO5592,hrdB,SCO5592,?,Weak
hrdB-SCO5590,hrdB,SCO5590,?,Weak
hrdB-SCO5597,hrdB,SCO5597,?,Weak
hrdB-SCO5596,hrdB,SCO5596,?,Weak
hrdB-rpmB1,hrdB,rpmB1,?,Weak
hrdB-SCO5599,hrdB,SCO5599,?,Weak
hrdB-SCO5598,hrdB,SCO5598,?,Weak
hrdB-rpsF,hrdB,rpsF,?,Weak
hrdB-SCO5603,hrdB,SCO5603,?,Weak
hrdB-SCO5602,hrdB,SCO5602,?,Weak
hrdB-SCO5601,hrdB,SCO5601,?,Weak
hrdB-SCO5604,hrdB,SCO5604,?,Weak
hrdB-SCO5609,hrdB,SCO5609,?,Weak
hrdB-SCO5608,hrdB,SCO5608,?,Weak
hrdB-SCO2901,hrdB,SCO2901,?,Weak
hrdB-SCO2900,hrdB,SCO2900,?,Weak
hrdB-SCO2055,hrdB,SCO2055,?,Weak
hrdB-SCO2059,hrdB,SCO2059,?,Weak
hrdB-SCO4514,hrdB,SCO4514,?,Weak
hrdB-SCO4515,hrdB,SCO4515,?,Weak
hrdB-SCO5029,hrdB,SCO5029,?,Weak
hrdB-SCO5028,hrdB,SCO5028,?,Weak
hrdB-SCO1018,hrdB,SCO1018,?,Weak
hrdB-SCO1019,hrdB,SCO1019,?,Weak
hrdB-SCO5023,hrdB,SCO5023,?,Weak
hrdB-SCO5022,hrdB,SCO5022,?,Weak
hrdB-glgB1,hrdB,glgB1,?,Weak
hrdB-SCO5930,hrdB,SCO5930,?,Weak
hrdB-SCO5937,hrdB,SCO5937,?,Weak
hrdB-SCO5939,hrdB,SCO5939,?,Weak
hrdB-SCO5938,hrdB,SCO5938,?,Weak
hrdB-rrnD,hrdB,rrnD,+,Strong
hrdB-psd,hrdB,psd,?,Weak
hrdB-SCO4440,hrdB,SCO4440,?,Weak
hrdB-SCO1509,hrdB,SCO1509,?,Weak
hrdB-tig,hrdB,tig,?,Weak
hrdB-SCO1651,hrdB,SCO1651,?,Weak
hrdB-SCO1653,hrdB,SCO1653,?,Weak
hrdB-SCO1654,hrdB,SCO1654,?,Weak
hrdB-SCO1656,hrdB,SCO1656,?,Weak
hrdB-SCO1657,hrdB,SCO1657,?,Weak
hrdB-SCO4441,hrdB,SCO4441,?,Weak
hrdB-SCO3870,hrdB,SCO3870,?,Weak
hrdB-SCO3871,hrdB,SCO3871,?,Weak
hrdB-SCO2879,hrdB,SCO2879,?,Weak
hrdB-SCO3877,hrdB,SCO3877,?,Weak
hrdB-SCO3875,hrdB,SCO3875,?,Weak
hrdB-SCO3659,hrdB,SCO3659,?,Weak
hrdB-SCO3894,hrdB,SCO3894,?,Weak
hrdB-SCO3895,hrdB,SCO3895,?,Weak
hrdB-SCO3896,hrdB,SCO3896,?,Weak
hrdB-SCO6962,hrdB,SCO6962,?,Weak
hrdB-SCO2279,hrdB,SCO2279,?,Weak
hrdB-SCO6022,hrdB,SCO6022,?,Weak
hrdB-SCO6023,hrdB,SCO6023,?,Weak
hrdB-SCO4069,hrdB,SCO4069,?,Weak
hrdB-SCO6021,hrdB,SCO6021,?,Weak
hrdB-SCO6026,hrdB,SCO6026,?,Weak
hrdB-SCO6027,hrdB,SCO6027,?,Weak
hrdB-SCO6024,hrdB,SCO6024,?,Weak
hrdB-ddl,hrdB,ddl,?,Weak
hrdB-SCO6592,hrdB,SCO6592,?,Weak
hrdB-SCO6590,hrdB,SCO6590,?,Weak
hrdB-SCO6591,hrdB,SCO6591,?,Weak
hrdB-ushY,hrdB,ushY,?,Weak
hrdB-SCO3092,hrdB,SCO3092,?,Weak
hrdB-SCO2302,hrdB,SCO2302,?,Weak
hrdB-SCO2301,hrdB,SCO2301,?,Weak
hrdB-SCO2300,hrdB,SCO2300,?,Weak
hrdB-SCO6119,hrdB,SCO6119,?,Weak
hrdB-SCO5748,hrdB,SCO5748,?,Weak
hrdB-SCO6379,hrdB,SCO6379,?,Weak
hrdB-SCO6376,hrdB,SCO6376,?,Weak
hrdB-SCO6375,hrdB,SCO6375,?,Weak
hrdB-SCO1784,hrdB,SCO1784,?,Weak
hrdB-SCO1783,hrdB,SCO1783,?,Weak
hrdB-rnhB,hrdB,rnhB,?,Weak
hrdB-SCO3748,hrdB,SCO3748,?,Weak
hrdB-SCO3749,hrdB,SCO3749,?,Weak
hrdB-SCO6751,hrdB,SCO6751,?,Weak
hrdB-SCO6752,hrdB,SCO6752,?,Weak
hrdB-SCO6206,hrdB,SCO6206,?,Weak
hrdB-SCO6207,hrdB,SCO6207,?,Weak
hrdB-SCO6205,hrdB,SCO6205,?,Weak
hrdB-SCO6759,hrdB,SCO6759,?,Weak
hrdB-SCO0688,hrdB,SCO0688,?,Weak
hrdB-SCO7408,hrdB,SCO7408,?,Weak
hrdB-SCO0680,hrdB,SCO0680,?,Weak
hrdB-SCO0681,hrdB,SCO0681,?,Weak
hrdB-SCO0682,hrdB,SCO0682,?,Weak
hrdB-SCO0683,hrdB,SCO0683,?,Weak
hrdB-SCO0684,hrdB,SCO0684,?,Weak
hrdB-SCO0685,hrdB,SCO0685,?,Weak
hrdB-SCO0686,hrdB,SCO0686,?,Weak
hrdB-SCO0687,hrdB,SCO0687,?,Weak
hrdB-SCO2348,hrdB,SCO2348,?,Weak
hrdB-SCO6972,hrdB,SCO6972,?,Weak
hrdB-actII-4,hrdB,actII-4,+,Strong
hrdB-SCO7086,hrdB,SCO7086,?,Weak
hrdB-hrdD,hrdB,hrdD,?,Weak
hrdB-SCO6028,hrdB,SCO6028,?,Weak
hrdB-SCO7579,hrdB,SCO7579,?,Weak
hrdB-SCO7578,hrdB,SCO7578,?,Weak
hrdB-SCO4076,hrdB,SCO4076,?,Weak
hrdB-SCO4070,hrdB,SCO4070,?,Weak
hrdB-SCO4983,hrdB,SCO4983,?,Weak
hrdB-SCO2675,hrdB,SCO2675,?,Weak
hrdB-SCO1938,hrdB,SCO1938,?,Weak
hrdB-SCO3542,hrdB,SCO3542,?,Weak
hrdB-SCO1935,hrdB,SCO1935,?,Weak
hrdB-SCO1930,hrdB,SCO1930,?,Weak
hrdB-SCO1933,hrdB,SCO1933,?,Weak
hrdB-SCO4530,hrdB,SCO4530,?,Weak
hrdB-SCO7797,hrdB,SCO7797,?,Weak
hrdB-SCO2670,hrdB,SCO2670,?,Weak
hrdB-SCO1334,hrdB,SCO1334,?,Weak
hrdB-SCO4212,hrdB,SCO4212,?,Weak
hrdB-SCO4211,hrdB,SCO4211,?,Weak
hrdB-SCO0220,hrdB,SCO0220,?,Weak
hrdB-SCO4164,hrdB,SCO4164,?,Weak
hrdB-SCO0110,hrdB,SCO0110,?,Weak
hrdB-SCO4181,hrdB,SCO4181,?,Weak
hrdB-SCO4180,hrdB,SCO4180,?,Weak
hrdB-SCO4186,hrdB,SCO4186,?,Weak
hrdB-SCO5856,hrdB,SCO5856,?,Weak
hrdB-SCO5854,hrdB,SCO5854,?,Weak
hrdB-SCO5855,hrdB,SCO5855,?,Weak
hrdB-SCO5853,hrdB,SCO5853,?,Weak
hrdB-SCO1809,hrdB,SCO1809,?,Weak
hrdB-SCO1808,hrdB,SCO1808,?,Weak
hrdB-SCO0536,hrdB,SCO0536,?,Weak
hrdB-SCO0537,hrdB,SCO0537,?,Weak
hrdB-SCO4857,hrdB,SCO4857,?,Weak
hrdB-SCO4856,hrdB,SCO4856,?,Weak
hrdB-SCO4675,hrdB,SCO4675,?,Weak
hrdB-SCO4858,hrdB,SCO4858,?,Weak
hrdB-SCO4676,hrdB,SCO4676,?,Weak
hrdB-SCO1489,hrdB,SCO1489,?,Weak
hrdB-SCO4322,hrdB,SCO4322,?,Weak
hrdB-SCO4321,hrdB,SCO4321,?,Weak
hrdB-pth,hrdB,pth,?,Weak
hrdB-SCO1485,hrdB,SCO1485,?,Weak
hrdB-dnaJ2,hrdB,dnaJ2,?,Weak
hrdB-SCO5100,hrdB,SCO5100,?,Weak
hrdB-SCO5101,hrdB,SCO5101,?,Weak
hrdB-SCO5102,hrdB,SCO5102,?,Weak
hrdB-nadK2,hrdB,nadK2,?,Weak
hrdB-alr,hrdB,alr,?,Weak
hrdB-SCO1242,hrdB,SCO1242,?,Weak
hrdB-SCO4699,hrdB,SCO4699,?,Weak
hrdB-SCO4698,hrdB,SCO4698,?,Weak
hrdB-SCO5581,hrdB,SCO5581,?,Weak
hrdB-SCO5582,hrdB,SCO5582,?,Weak
hrdB-SCO5589,hrdB,SCO5589,?,Weak
hrdB-SCO5610,hrdB,SCO5610,?,Weak
hrdB-SCO5611,hrdB,SCO5611,?,Weak
hrdB-SCO5612,hrdB,SCO5612,?,Weak
hrdB-SCO2912,hrdB,SCO2912,?,Weak
hrdB-SCO2910,hrdB,SCO2910,?,Weak
hrdB-SCO2911,hrdB,SCO2911,?,Weak
hrdB-SCO2917,hrdB,SCO2917,?,Weak
hrdB-SCO2915,hrdB,SCO2915,?,Weak
hrdB-SCO2041,hrdB,SCO2041,?,Weak
hrdB-SCO2042,hrdB,SCO2042,?,Weak
hrdB-SCO2043,hrdB,SCO2043,?,Weak
hrdB-SCO2045,hrdB,SCO2045,?,Weak
hrdB-SCO2049,hrdB,SCO2049,?,Weak
hrdB-SCO1799,hrdB,SCO1799,?,Weak
hrdB-SCO1798,hrdB,SCO1798,?,Weak
hrdB-atpI,hrdB,atpI,?,Weak
hrdB-SCO2681,hrdB,SCO2681,?,Weak
hrdB-SCO4524,hrdB,SCO4524,?,Weak
hrdB-SCO4527,hrdB,SCO4527,?,Weak
hrdB-SCO2685,hrdB,SCO2685,?,Weak
hrdB-SCO4529,hrdB,SCO4529,?,Weak
hrdB-SCO4528,hrdB,SCO4528,?,Weak
hrdB-SCO1793,hrdB,SCO1793,?,Weak
hrdB-SCO1792,hrdB,SCO1792,?,Weak
hrdB-SCO1067,hrdB,SCO1067,?,Weak
hrdB-SCO1794,hrdB,SCO1794,?,Weak
hrdB-SCO1797,hrdB,SCO1797,?,Weak
hrdB-SCO1796,hrdB,SCO1796,?,Weak
hrdB-SCO0820,hrdB,SCO0820,?,Weak
hrdB-hemL,hrdB,hemL,?,Weak
hrdB-hemB,hrdB,hemB,?,Weak
hrdB-hemA,hrdB,hemA,?,Weak
hrdB-SCO0828,hrdB,SCO0828,+,Weak
hrdB-hemE,hrdB,hemE,?,Weak
hrdB-pkaA,hrdB,pkaA,?,Weak
hrdB-pkaB,hrdB,pkaB,?,Weak
hrdB-SCO5929,hrdB,SCO5929,?,Weak
hrdB-SCO5922,hrdB,SCO5922,?,Weak
hrdB-SCO3402,hrdB,SCO3402,?,Weak
hrdB-SCO3401,hrdB,SCO3401,?,Weak
hrdB-SCO3405,hrdB,SCO3405,?,Weak
hrdB-SCO3408,hrdB,SCO3408,?,Weak
hrdB-SCO1665,hrdB,SCO1665,?,Weak
hrdB-SCO1664,hrdB,SCO1664,?,Weak
hrdB-SCO1662,hrdB,SCO1662,?,Weak
hrdB-SCO2464,hrdB,SCO2464,?,Weak
hrdB-SCO5328,hrdB,SCO5328,?,Weak
hrdB-SCO5329,hrdB,SCO5329,?,Weak
hrdB-SCO1461,hrdB,SCO1461,?,Weak
hrdB-SCO1469,hrdB,SCO1469,?,Weak
hrdB-SCO2860,hrdB,SCO2860,?,Weak
hrdB-trmD,hrdB,trmD,?,Weak
hrdB-SCO2868,hrdB,SCO2868,?,Weak
hrdB-SCO2869,hrdB,SCO2869,?,Weak
hrdB-SCO2558,hrdB,SCO2558,?,Weak
hrdB-pksC,hrdB,pksC,?,Weak
hrdB-mshB,hrdB,mshB,?,Weak
hrdB-mshC,hrdB,mshC,?,Weak
hrdB-SCO3313,hrdB,SCO3313,?,Weak
hrdB-SCO2268,hrdB,SCO2268,?,Weak
hrdB-SCO2269,hrdB,SCO2269,?,Weak
hrdB-SCO3558,hrdB,SCO3558,?,Weak
hrdB-SCO2260,hrdB,SCO2260,?,Weak
hrdB-SCO2261,hrdB,SCO2261,?,Weak
hrdB-SCO2265,hrdB,SCO2265,?,Weak
hrdB-SCO3796,hrdB,SCO3796,?,Weak
hrdB-SCO3794,hrdB,SCO3794,?,Weak
hrdB-valS,hrdB,valS,?,Weak
hrdB-SCO3799,hrdB,SCO3799,?,Weak
hrdB-SCO6569,hrdB,SCO6569,?,Weak
hrdB-SCO6568,hrdB,SCO6568,?,Weak
hrdB-SCO6567,hrdB,SCO6567,?,Weak
hrdB-nucS,hrdB,nucS,?,Weak
hrdB-SCO2314,hrdB,SCO2314,?,Weak
hrdB-SCO2316,hrdB,SCO2316,?,Weak
hrdB-SCO2317,hrdB,SCO2317,?,Weak
hrdB-SCO6169,hrdB,SCO6169,?,Weak
hrdB-SCO5953,hrdB,SCO5953,?,Weak
hrdB-SCO2318,hrdB,SCO2318,?,Weak
hrdB-SCO2319,hrdB,SCO2319,?,Weak
hrdB-SCO3225,hrdB,SCO3225,+,Weak
hrdB-SCO1224,hrdB,SCO1224,?,Weak
hrdB-fabH2,hrdB,fabH2,?,Weak
hrdB-fabH1,hrdB,fabH1,?,Weak
hrdB-tpiA,hrdB,tpiA,?,Weak
hrdB-rpsR1,hrdB,rpsR1,?,Weak
hrdB-trpD1,hrdB,trpD1,?,Weak
hrdB-SCO6300,hrdB,SCO6300,?,Weak
hrdB-malR,hrdB,malR,+,Weak
hrdB-SCO6657,hrdB,SCO6657,?,Weak
hrdB-recO,hrdB,recO,?,Weak
hrdB-SCO7364,hrdB,SCO7364,?,Weak
hrdB-SCO7365,hrdB,SCO7365,?,Weak
hrdB-SCO7363,hrdB,SCO7363,?,Weak
hrdB-SCO6651,hrdB,SCO6651,?,Weak
hrdB-der,hrdB,der,?,Weak
hrdB-SCO6761,hrdB,SCO6761,?,Weak
hrdB-SCO6760,hrdB,SCO6760,?,Weak
hrdB-SCO6763,hrdB,SCO6763,?,Weak
hrdB-SCO6762,hrdB,SCO6762,?,Weak
hrdB-SCO6410,hrdB,SCO6410,?,Weak
hrdB-SCO7146,hrdB,SCO7146,?,Weak
hrdB-SCO6781,hrdB,SCO6781,?,Weak
hrdB-uppS1,hrdB,uppS1,?,Weak
hrdB-uppS2,hrdB,uppS2,?,Weak
hrdB-SCO7091,hrdB,SCO7091,?,Weak
hrdB-SCO7092,hrdB,SCO7092,?,Weak
hrdB-SCO7093,hrdB,SCO7093,?,Weak
hrdB-secA,hrdB,secA,?,Weak
hrdB-SCO5956,hrdB,SCO5956,?,Weak
hrdB-SCO0783,hrdB,SCO0783,?,Weak
hrdB-SCO0782,hrdB,SCO0782,?,Weak
hrdB-tsaD,hrdB,tsaD,?,Weak
hrdB-SCO0784,hrdB,SCO0784,?,Weak
hrdB-ctaD1,hrdB,ctaD1,?,Weak
hrdB-SCO0038,hrdB,SCO0038,?,Weak
hrdB-SCO0037,hrdB,SCO0037,?,Weak
hrdB-SCO4067,hrdB,SCO4067,?,Weak
hrdB-SCO2897,hrdB,SCO2897,?,Weak
hrdB-SCO4994,hrdB,SCO4994,?,Weak
hrdB-ilvE,hrdB,ilvE,?,Weak
hrdB-ilvD,hrdB,ilvD,?,Weak
hrdB-SCO1928,hrdB,SCO1928,?,Weak
hrdB-map2,hrdB,map2,?,Weak
hrdB-map3,hrdB,map3,?,Weak
hrdB-sti1,hrdB,sti1,?,Weak
hrdB-SCO4208,hrdB,SCO4208,?,Weak
hrdB-scoF,hrdB,scoF,?,Weak
hrdB-SCO1322,hrdB,SCO1322,?,Weak
hrdB-SCO1323,hrdB,SCO1323,?,Weak
hrdB-SCO1327,hrdB,SCO1327,?,Weak
hrdB-scoT,hrdB,scoT,?,Weak
hrdB-ffh,hrdB,ffh,?,Weak
hrdB-SCO1816,hrdB,SCO1816,?,Weak
hrdB-SCO1817,hrdB,SCO1817,?,Weak
hrdB-SCO1814,hrdB,SCO1814,?,Weak
hrdB-SCO1815,hrdB,SCO1815,?,Weak
hrdB-SCO1812,hrdB,SCO1812,?,Weak
hrdB-SCO1813,hrdB,SCO1813,?,Weak
hrdB-SCO1810,hrdB,SCO1810,?,Weak
hrdB-SCO1811,hrdB,SCO1811,?,Weak
hrdB-SCO1819,hrdB,SCO1819,?,Weak
hrdB-panC,hrdB,panC,?,Weak
hrdB-panB,hrdB,panB,?,Weak
hrdB-SCO4848,hrdB,SCO4848,?,Weak
hrdB-SCO4849,hrdB,SCO4849,?,Weak
hrdB-SCO4847,hrdB,SCO4847,?,Weak
hrdB-SCO1839,hrdB,SCO1839,?,Weak
hrdB-SCO4442,hrdB,SCO4442,?,Weak
hrdB-SCO4335,hrdB,SCO4335,?,Weak
hrdB-SCO4336,hrdB,SCO4336,?,Weak
hrdB-SCO4337,hrdB,SCO4337,?,Weak
hrdB-SCO4330,hrdB,SCO4330,?,Weak
hrdB-SCO4447,hrdB,SCO4447,?,Weak
hrdB-SCO4333,hrdB,SCO4333,?,Weak
hrdB-SCO4338,hrdB,SCO4338,?,Weak
hrdB-SCO4687,hrdB,SCO4687,?,Weak
hrdB-SCO1254,hrdB,SCO1254,?,Weak
hrdB-SCO1257,hrdB,SCO1257,?,Weak
hrdB-SCO4688,hrdB,SCO4688,?,Weak
hrdB-SCO4689,hrdB,SCO4689,?,Weak
hrdB-SCO5844,hrdB,SCO5844,?,Weak
hrdB-SCO5629,hrdB,SCO5629,?,Weak
hrdB-SCO5623,hrdB,SCO5623,?,Weak
hrdB-SCO5555,hrdB,SCO5555,?,Weak
hrdB-SCO1782,hrdB,SCO1782,?,Weak
hrdB-SCO5552,hrdB,SCO5552,?,Weak
hrdB-dapF,hrdB,dapF,?,Weak
hrdB-SCO2075,hrdB,SCO2075,?,Weak
hrdB-SCO2252,hrdB,SCO2252,?,Weak
hrdB-SCO2070,hrdB,SCO2070,?,Weak
hrdB-SCO2679,hrdB,SCO2679,?,Weak
hrdB-SCO2678,hrdB,SCO2678,?,Weak
hrdB-SCO2677,hrdB,SCO2677,?,Weak
hrdB-SCO2676,hrdB,SCO2676,?,Weak
hrdB-SCO1072,hrdB,SCO1072,?,Weak
hrdB-SCO4532,hrdB,SCO4532,?,Weak
hrdB-SCO2671,hrdB,SCO2671,?,Weak
hrdB-SCO4531,hrdB,SCO4531,?,Weak
hrdB-SCO3300,hrdB,SCO3300,?,Weak
hrdB-SCO4588,hrdB,SCO4588,?,Weak
hrdB-SCO2628,hrdB,SCO2628,?,Weak
hrdB-SCO3302,hrdB,SCO3302,?,Weak
hrdB-SCO5481,hrdB,SCO5481,?,Weak
hrdB-SCO5952,hrdB,SCO5952,?,Weak
hrdB-SCO5483,hrdB,SCO5483,?,Weak
hrdB-SCO5485,hrdB,SCO5485,?,Weak
hrdB-SCO5484,hrdB,SCO5484,?,Weak
hrdB-SCO5955,hrdB,SCO5955,?,Weak
hrdB-SCO5486,hrdB,SCO5486,?,Weak
hrdB-SCO4971,hrdB,SCO4971,?,Weak
hrdB-SCO1672,hrdB,SCO1672,?,Weak
hrdB-SCO1673,hrdB,SCO1673,?,Weak
hrdB-SCO1676,hrdB,SCO1676,?,Weak
hrdB-SCO1677,hrdB,SCO1677,?,Weak
hrdB-SCO1675,hrdB,SCO1675,?,Weak
hrdB-SCO4580,hrdB,SCO4580,?,Weak
hrdB-SCO1474,hrdB,SCO1474,?,Weak
hrdB-SCO1470,hrdB,SCO1470,?,Weak
hrdB-SCO2158,hrdB,SCO2158,?,Weak
hrdB-SCO1472,hrdB,SCO1472,?,Weak
hrdB-recF,hrdB,recF,?,Weak
hrdB-ispH,hrdB,ispH,?,Weak
hrdB-recR,hrdB,recR,?,Weak
hrdB-SCO2896,hrdB,SCO2896,?,Weak
hrdB-SCO2895,hrdB,SCO2895,?,Weak
hrdB-SCO2894,hrdB,SCO2894,?,Weak
hrdB-tatA,hrdB,tatA,?,Weak
hrdB-tatC,hrdB,tatC,?,Weak
hrdB-tatB,hrdB,tatB,?,Weak
hrdB-SCO2255,hrdB,SCO2255,?,Weak
hrdB-SCO2526,hrdB,SCO2526,?,Weak
hrdB-SCO2525,hrdB,SCO2525,?,Weak
hrdB-SCO2524,hrdB,SCO2524,?,Weak
hrdB-SCO2523,hrdB,SCO2523,?,Weak
hrdB-SCO2522,hrdB,SCO2522,?,Weak
hrdB-SCO2521,hrdB,SCO2521,?,Weak
hrdB-SCO2520,hrdB,SCO2520,?,Weak
hrdB-SCO2259,hrdB,SCO2259,?,Weak
hrdB-SCO3301,hrdB,SCO3301,?,Weak
hrdB-SCO2529,hrdB,SCO2529,?,Weak
hrdB-SCO2097,hrdB,SCO2097,?,Weak
hrdB-SCO2093,hrdB,SCO2093,?,Weak
hrdB-guaB,hrdB,guaB,?,Weak
hrdB-SCO2091,hrdB,SCO2091,?,Weak
hrdB-SCO2090,hrdB,SCO2090,?,Weak
hrdB-SCO6570,hrdB,SCO6570,?,Weak
hrdB-SCO6571,hrdB,SCO6571,?,Weak
hrdB-SCO1753,hrdB,SCO1753,?,Weak
hrdB-greA,hrdB,greA,?,Weak
hrdB-SCO6170,hrdB,SCO6170,?,Weak
hrdB-SCO6171,hrdB,SCO6171,?,Weak
hrdB-SCO6172,hrdB,SCO6172,?,Weak
hrdB-SCO2322,hrdB,SCO2322,?,Weak
hrdB-SCO3235,hrdB,SCO3235,?,Weak
hrdB-SCO3237,hrdB,SCO3237,?,Weak
hrdB-miaA,hrdB,miaA,?,Weak
hrdB-SCO6310,hrdB,SCO6310,?,Weak
hrdB-SCO6312,hrdB,SCO6312,?,Weak
hrdB-cofD,hrdB,cofD,?,Weak
hrdB-SCO3120,hrdB,SCO3120,?,Weak
hrdB-SCO3121,hrdB,SCO3121,?,Weak
hrdB-efp,hrdB,efp,?,Weak
hrdB-SCO7318,hrdB,SCO7318,?,Weak
hrdB-SCO6776,hrdB,SCO6776,?,Weak
hrdB-SCO6774,hrdB,SCO6774,?,Weak
hrdB-SCO6775,hrdB,SCO6775,?,Weak
hrdB-SCO6405,hrdB,SCO6405,?,Weak
hrdB-SCO7138,hrdB,SCO7138,?,Weak
hrdB-SCO6956,hrdB,SCO6956,?,Weak
hrdB-SCO6957,hrdB,SCO6957,?,Weak
hrdB-SCO6954,hrdB,SCO6954,?,Weak
hrdB-SCO6955,hrdB,SCO6955,?,Weak
hrdB-SCO6958,hrdB,SCO6958,?,Weak
hrdB-SCO6959,hrdB,SCO6959,?,Weak
hrdB-fbiC,hrdB,fbiC,?,Weak
hrdB-fbiB,hrdB,fbiB,?,Weak
hrdB-SCO6791,hrdB,SCO6791,?,Weak
hrdB-SCO6792,hrdB,SCO6792,?,Weak
hrdB-sigE,hrdB,sigE,?,Weak
hrdB-SCO7227,hrdB,SCO7227,?,Weak
hrdB-SCO7226,hrdB,SCO7226,?,Weak
hrdB-SCO7221,hrdB,SCO7221,?,Weak
hrdB-SCO7552,hrdB,SCO7552,?,Weak
hrdB-SCO7045,hrdB,SCO7045,?,Weak
hrdB-SCO4055,hrdB,SCO4055,?,Weak
hrdB-SCO0021,hrdB,SCO0021,?,Weak
hrdB-SCO4056,hrdB,SCO4056,?,Weak
hrdB-xyoA,hrdB,xyoA,?,Weak
hrdB-ctaF,hrdB,ctaF,?,Weak
hrdB-clpX,hrdB,clpX,?,Weak
hrdB-ssb2,hrdB,ssb2,?,Weak
hrdB-ctaE,hrdB,ctaE,?,Weak
hrdB-ctaB,hrdB,ctaB,?,Weak
hrdB-ctaC,hrdB,ctaC,?,Weak
hrdB-clpS,hrdB,clpS,?,Weak
hrdB-bfr,hrdB,bfr,?,Weak
hrdB-SCO5778,hrdB,SCO5778,?,Weak
hrdB-clpB,hrdB,clpB,?,Weak
hrdB-SCO2321,hrdB,SCO2321,?,Weak
hrdB-SCO2320,hrdB,SCO2320,?,Weak
hrdB-SCO0245,hrdB,SCO0245,?,Weak
hrdB-SCO0246,hrdB,SCO0246,?,Weak
hrdB-SCO0247,hrdB,SCO0247,?,Weak
hrdB-SCO1863,hrdB,SCO1863,?,Weak
hrdB-SCO1862,hrdB,SCO1862,?,Weak
hrdB-SCO5833,hrdB,SCO5833,?,Weak
hrdB-SCO5839,hrdB,SCO5839,?,Weak
hrdB-SCO1868,hrdB,SCO1868,?,Weak
hrdB-SCO4838,hrdB,SCO4838,?,Weak
hrdB-afsK,hrdB,afsK,?,Weak
hrdB-SCO1152,hrdB,SCO1152,?,Weak
hrdB-SCO4300,hrdB,SCO4300,?,Weak
hrdB-SCO4303,hrdB,SCO4303,?,Weak
hrdB-SCO4512,hrdB,SCO4512,?,Weak
hrdB-SCO4513,hrdB,SCO4513,?,Weak
hrdB-SCO1268,hrdB,SCO1268,?,Weak
hrdB-arc,hrdB,arc,?,Weak
hrdB-SCO1260,hrdB,SCO1260,?,Weak
hrdB-SCO4945,hrdB,SCO4945,?,Weak
hrdB-SCO5639,hrdB,SCO5639,?,Weak
hrdB-SCO4231,hrdB,SCO4231,?,Weak
hrdB-SCO4230,hrdB,SCO4230,?,Weak
hrdB-SCO4232,hrdB,SCO4232,?,Weak
hrdB-SCO5636,hrdB,SCO5636,?,Weak
hrdB-SCO5637,hrdB,SCO5637,?,Weak
hrdB-SCO2361,hrdB,SCO2361,?,Weak
hrdB-SCO2068,hrdB,SCO2068,+,Weak
hrdB-SCO2069,hrdB,SCO2069,?,Weak
hrdB-SCO2060,hrdB,SCO2060,?,Weak
hrdB-SCO2061,hrdB,SCO2061,?,Weak
hrdB-SCO2066,hrdB,SCO2066,?,Weak
hrdB-SCO2065,hrdB,SCO2065,?,Weak
hrdB-SCO4549,hrdB,SCO4549,?,Weak
hrdB-SCO4548,hrdB,SCO4548,?,Weak
hrdB-SCO5495,hrdB,SCO5495,?,Weak
hrdB-SCO5124,hrdB,SCO5124,?,Weak
hrdB-SCO5125,hrdB,SCO5125,?,Weak
hrdB-SCO5122,hrdB,SCO5122,?,Weak
hrdB-SCO5123,hrdB,SCO5123,?,Weak
hrdB-SCO5940,hrdB,SCO5940,?,Weak
hrdB-SCO5941,hrdB,SCO5941,?,Weak
hrdB-SCO5942,hrdB,SCO5942,?,Weak
hrdB-fdhD,hrdB,fdhD,?,Weak
hrdB-SCO3421,hrdB,SCO3421,?,Weak
hrdB-SCO3420,hrdB,SCO3420,?,Weak
hrdB-SCO3931,hrdB,SCO3931,?,Weak
hrdB-SCO1686,hrdB,SCO1686,?,Weak
hrdB-SCO1443,hrdB,SCO1443,?,Weak
hrdB-SCO1442,hrdB,SCO1442,?,Weak
hrdB-SCO1444,hrdB,SCO1444,?,Weak
hrdB-SCO2790,hrdB,SCO2790,?,Weak
hrdB-SCO2791,hrdB,SCO2791,?,Weak
hrdB-SCO2792,hrdB,SCO2792,?,Weak
hrdB-SCO2797,hrdB,SCO2797,?,Weak
hrdB-SCO2884,hrdB,SCO2884,?,Weak
hrdB-dut,hrdB,dut,?,Weak
hrdB-SCO2881,hrdB,SCO2881,?,Weak
hrdB-SCO2882,hrdB,SCO2882,?,Weak
hrdB-SCO2883,hrdB,SCO2883,?,Weak
hrdB-SCO3688,hrdB,SCO3688,?,Weak
hrdB-atpH,hrdB,atpH,?,Weak
hrdB-SCO3681,hrdB,SCO3681,?,Weak
hrdB-SCO3680,hrdB,SCO3680,?,Weak
hrdB-asd2,hrdB,asd2,?,Weak
hrdB-SCO3685,hrdB,SCO3685,?,Weak
hrdB-SCO3684,hrdB,SCO3684,?,Weak
hrdB-SCO3687,hrdB,SCO3687,?,Weak
hrdB-gap,hrdB,gap,?,Weak
hrdB-SCO2534,hrdB,SCO2534,?,Weak
hrdB-SCO2535,hrdB,SCO2535,?,Weak
hrdB-SCO2246,hrdB,SCO2246,?,Weak
hrdB-SCO2247,hrdB,SCO2247,?,Weak
hrdB-SCO2532,hrdB,SCO2532,?,Weak
hrdB-SCO1849,hrdB,SCO1849,?,Weak
hrdB-SCO2248,hrdB,SCO2248,?,Weak
hrdB-SCO6098,hrdB,SCO6098,?,Weak
hrdB-SCO6541,hrdB,SCO6541,?,Weak
hrdB-SCO6540,hrdB,SCO6540,?,Weak
hrdB-SCO6090,hrdB,SCO6090,?,Weak
hrdB-SCO6097,hrdB,SCO6097,?,Weak
hrdB-SCO0072,hrdB,SCO0072,?,Weak
hrdB-SCO6149,hrdB,SCO6149,?,Weak
hrdB-SCO6148,hrdB,SCO6148,?,Weak
hrdB-SCO2338,hrdB,SCO2338,?,Weak
hrdB-SCO2339,hrdB,SCO2339,?,Weak
hrdB-SCO6145,hrdB,SCO6145,?,Weak
hrdB-SCO6144,hrdB,SCO6144,?,Weak
hrdB-SCO6146,hrdB,SCO6146,?,Weak
hrdB-hrcA,hrdB,hrcA,?,Weak
hrdB-SCO4130,hrdB,SCO4130,?,Weak
hrdB-SCO6386,hrdB,SCO6386,?,Weak
hrdB-SCO3111,hrdB,SCO3111,?,Weak
hrdB-SCO3110,hrdB,SCO3110,?,Weak
hrdB-SCO4131,hrdB,SCO4131,?,Weak
hrdB-SCO3115,hrdB,SCO3115,?,Weak
hrdB-SCO3117,hrdB,SCO3117,?,Weak
hrdB-SCO3116,hrdB,SCO3116,?,Weak
hrdB-SCO3119,hrdB,SCO3119,?,Weak
hrdB-SCO4136,hrdB,SCO4136,?,Weak
hrdB-SCO4137,hrdB,SCO4137,?,Weak
hrdB-SCO7252,hrdB,SCO7252,?,Weak
hrdB-SCO4135,hrdB,SCO4135,?,Weak
hrdB-SCO4498,hrdB,SCO4498,?,Weak
hrdB-SCO1568,hrdB,SCO1568,+,Weak
hrdB-SCO1569,hrdB,SCO1569,?,Weak
hrdB-SCO4240,hrdB,SCO4240,?,Weak
hrdB-smpB,hrdB,smpB,?,Weak
hrdB-SCO2573,hrdB,SCO2573,?,Weak
hrdB-SCO1205,hrdB,SCO1205,?,Weak
hrdB-SCO2574,hrdB,SCO2574,?,Weak
hrdB-SCO2575,hrdB,SCO2575,?,Weak
hrdB-SCO5661,hrdB,SCO5661,?,Weak
hrdB-SCO7549,hrdB,SCO7549,?,Weak
hrdB-SCO3571,hrdB,SCO3571,?,Weak
hrdB-SCO5663,hrdB,SCO5663,?,Weak
hrdB-SCO7057,hrdB,SCO7057,?,Weak
hrdB-SCO7051,hrdB,SCO7051,?,Weak
hrdB-rsfS,hrdB,rsfS,?,Weak
hrdB-SCO7059,hrdB,SCO7059,?,Weak
hrdB-ptsI,hrdB,ptsI,?,Weak
hrdB-ptsH,hrdB,ptsH,?,Weak
hrdB-ychF,hrdB,ychF,?,Weak
hrdB-SCO4497,hrdB,SCO4497,?,Weak
hrdB-SCO0495,hrdB,SCO0495,?,Weak
hrdB-SCO0494,hrdB,SCO0494,?,Weak
hrdB-SCO0491,hrdB,SCO0491,?,Weak
hrdB-SCO0493,hrdB,SCO0493,?,Weak
hrdB-SCO0492,hrdB,SCO0492,?,Weak
hrdB-nuoC,hrdB,nuoC,?,Weak
hrdB-nuoA,hrdB,nuoA,?,Weak
hrdB-nuoF,hrdB,nuoF,?,Weak
hrdB-nuoG,hrdB,nuoG,?,Weak
hrdB-SCO0305,hrdB,SCO0305,?,Weak
hrdB-SCO0304,hrdB,SCO0304,?,Weak
hrdB-nuoH,hrdB,nuoH,?,Weak
hrdB-nuoL,hrdB,nuoL,?,Weak
hrdB-SCO1308,hrdB,SCO1308,?,Weak
hrdB-SCO6953,hrdB,SCO6953,?,Weak
hrdB-SCO1302,hrdB,SCO1302,?,Weak
hrdB-SCO1300,hrdB,SCO1300,?,Weak
hrdB-SCO1301,hrdB,SCO1301,?,Weak
hrdB-proS,hrdB,proS,?,Weak
hrdB-SCO1307,hrdB,SCO1307,?,Weak
hrdB-lipA,hrdB,lipA,?,Weak
hrdB-SCO1871,hrdB,SCO1871,?,Weak
hrdB-SCO1872,hrdB,SCO1872,?,Weak
hrdB-lipB,hrdB,lipB,?,Weak
hrdB-SCO5809,hrdB,SCO5809,?,Weak
hrdB-SCO5807,hrdB,SCO5807,?,Weak
hrdB-SCO5806,hrdB,SCO5806,?,Weak
hrdB-SCO4044,hrdB,SCO4044,?,Weak
hrdB-SCO4043,hrdB,SCO4043,?,Weak
hrdB-SCO4822,hrdB,SCO4822,?,Weak
hrdB-SCO4823,hrdB,SCO4823,?,Weak
hrdB-SCO4825,hrdB,SCO4825,?,Weak
hrdB-SCO4826,hrdB,SCO4826,?,Weak
hrdB-SCO5792,hrdB,SCO5792,?,Weak
hrdB-SCO4316,hrdB,SCO4316,?,Weak
hrdB-SCO4317,hrdB,SCO4317,?,Weak
hrdB-SCO4314,hrdB,SCO4314,?,Weak
hrdB-SCO4312,hrdB,SCO4312,?,Weak
hrdB-SCO4313,hrdB,SCO4313,?,Weak
hrdB-SCO4311,hrdB,SCO4311,?,Weak
hrdB-SCO0277,hrdB,SCO0277,?,Weak
hrdB-SCO4226,hrdB,SCO4226,?,Weak
hrdB-SCO4227,hrdB,SCO4227,?,Weak
hrdB-SCO4228,hrdB,SCO4228,?,Weak
hrdB-SCO4229,hrdB,SCO4229,?,Weak
hrdB-SCO0278,hrdB,SCO0278,?,Weak
hrdB-SCO5570,hrdB,SCO5570,+,Weak
hrdB-SCO5575,hrdB,SCO5575,?,Weak
hrdB-SCO5574,hrdB,SCO5574,?,Weak
hrdB-SCO1054,hrdB,SCO1054,?,Weak
hrdB-SCO5579,hrdB,SCO5579,?,Weak
hrdB-SCO5578,hrdB,SCO5578,+,Weak
hrdB-SCO4558,hrdB,SCO4558,?,Weak
hrdB-SCO4559,hrdB,SCO4559,?,Weak
hrdB-lexA,hrdB,lexA,?,Weak
hrdB-SCO2651,hrdB,SCO2651,?,Weak
hrdB-SCO4551,hrdB,SCO4551,?,Weak
hrdB-SCO2653,hrdB,SCO2653,?,Weak
hrdB-SCO2652,hrdB,SCO2652,?,Weak
hrdB-SCO2655,hrdB,SCO2655,?,Weak
hrdB-SCO2657,hrdB,SCO2657,?,Weak
hrdB-SCO2656,hrdB,SCO2656,?,Weak
hrdB-SCO0872,hrdB,SCO0872,?,Weak
hrdB-SCO0871,hrdB,SCO0871,?,Weak
hrdB-SCO0870,hrdB,SCO0870,?,Weak
hrdB-SCO5979,hrdB,SCO5979,?,Weak
hrdB-SCO5978,hrdB,SCO5978,?,Weak
hrdB-SCO5152,hrdB,SCO5152,?,Weak
hrdB-SCO5157,hrdB,SCO5157,?,Weak
hrdB-SCO5156,hrdB,SCO5156,?,Weak
hrdB-SCO5159,hrdB,SCO5159,?,Weak
hrdB-SCO5158,hrdB,SCO5158,?,Weak
hrdB-rlmN,hrdB,rlmN,?,Weak
hrdB-nuoD2,hrdB,nuoD2,?,Weak
hrdB-SCO3927,hrdB,SCO3927,?,Weak
hrdB-infC,hrdB,infC,?,Weak
hrdB-infA,hrdB,infA,?,Weak
hrdB-SCO1698,hrdB,SCO1698,?,Weak
hrdB-SCO5866,hrdB,SCO5866,?,Weak
hrdB-SCO1697,hrdB,SCO1697,?,Weak
hrdB-SCO0904,hrdB,SCO0904,?,Weak
hrdB-SCO0903,hrdB,SCO0903,?,Weak
hrdB-SCO0902,hrdB,SCO0902,?,Weak
hrdB-SCO1457,hrdB,SCO1457,?,Weak
hrdB-SCO3327,hrdB,SCO3327,?,Weak
hrdB-SCO3324,hrdB,SCO3324,?,Weak
hrdB-SCO3325,hrdB,SCO3325,?,Weak
hrdB-SCO3322,hrdB,SCO3322,?,Weak
hrdB-SCO3323,hrdB,SCO3323,?,Weak
hrdB-SCO3321,hrdB,SCO3321,?,Weak
hrdB-SCO3328,hrdB,SCO3328,?,Weak
hrdB-SCO2501,hrdB,SCO2501,?,Weak
hrdB-SCO5206,hrdB,SCO5206,?,Weak
hrdB-SCO5205,hrdB,SCO5205,?,Weak
hrdB-SCO2502,hrdB,SCO2502,?,Weak
hrdB-SCO2505,hrdB,SCO2505,?,Weak
hrdB-SCO5202,hrdB,SCO5202,?,Weak
hrdB-SCO2507,hrdB,SCO2507,?,Weak
hrdB-SCO5200,hrdB,SCO5200,?,Weak
hrdB-SCO3710,hrdB,SCO3710,?,Weak
hrdB-SCOr14,hrdB,SCOr14,+,Strong
hrdB-SCO6089,hrdB,SCO6089,?,Weak
hrdB-SCO6083,hrdB,SCO6083,?,Weak
hrdB-pyrR,hrdB,pyrR,?,Weak
hrdB-pyrG,hrdB,pyrG,?,Weak
hrdB-pyrF,hrdB,pyrF,?,Weak
hrdB-pyrD,hrdB,pyrD,?,Weak
hrdB-pyrC,hrdB,pyrC,?,Weak
hrdB-pyrB,hrdB,pyrB,?,Weak
hrdB-tuf3,hrdB,tuf3,+,Strong
hrdB-tuf1,hrdB,tuf1,?,Weak
hrdB-SCO6159,hrdB,SCO6159,?,Weak
hrdB-SCO2340,hrdB,SCO2340,?,Weak
hrdB-SCO2347,hrdB,SCO2347,?,Weak
hrdB-SCO2346,hrdB,SCO2346,?,Weak
hrdB-SCO3692,hrdB,SCO3692,?,Weak
hrdB-SCO7553,hrdB,SCO7553,?,Weak
hrdB-SCO3690,hrdB,SCO3690,?,Weak
hrdB-SCO3691,hrdB,SCO3691,?,Weak
hrdB-SCO6020,hrdB,SCO6020,?,Weak
hrdB-SCO2970,hrdB,SCO2970,?,Weak
hrdB-SCO1517,hrdB,SCO1517,?,Weak
hrdB-SCO0983,hrdB,SCO0983,?,Weak
hrdB-SCO7729,hrdB,SCO7729,?,Weak
hrdB-SCO3101,hrdB,SCO3101,?,Weak
hrdB-ftsH2,hrdB,ftsH2,?,Weak
hrdB-SCO7680,hrdB,SCO7680,?,Weak
hrdB-SCO4054,hrdB,SCO4054,?,Weak
hrdB-SCO3620,hrdB,SCO3620,?,Weak
hrdB-trpC1,hrdB,trpC1,?,Weak
hrdB-SCO6334,hrdB,SCO6334,?,Weak
hrdB-SCO6335,hrdB,SCO6335,?,Weak
hrdB-SCO7061,hrdB,SCO7061,?,Weak
hrdB-SCO7060,hrdB,SCO7060,?,Weak
hrdB-glyQS,hrdB,glyQS,?,Weak
hrdB-SCO2684,hrdB,SCO2684,?,Weak
hrdB-folD,hrdB,folD,?,Weak
hrdB-folB,hrdB,folB,?,Weak
hrdB-rho,hrdB,rho,?,Weak
hrdB-SCO0640,hrdB,SCO0640,?,Weak
hrdB-SCO0641,hrdB,SCO0641,?,Weak
hrdB-SCO1999,hrdB,SCO1999,?,Weak
hrdB-SCO1998,hrdB,SCO1998,?,Weak
hrdB-SCO0462,hrdB,SCO0462,?,Weak
hrdB-SCO0463,hrdB,SCO0463,?,Weak
hrdB-rpoZ,hrdB,rpoZ,?,Weak
hrdB-SCO1991,hrdB,SCO1991,?,Weak
hrdB-SCO1990,hrdB,SCO1990,?,Weak
hrdB-rpoC,hrdB,rpoC,?,Weak
hrdB-rpoB,hrdB,rpoB,?,Weak
hrdB-rpoA,hrdB,rpoA,?,Weak
hrdB-SCO4811,hrdB,SCO4811,?,Weak
hrdB-SCO4810,hrdB,SCO4810,?,Weak
hrdB-SCO4812,hrdB,SCO4812,?,Weak
hrdB-SCO5813,hrdB,SCO5813,?,Weak
hrdB-SCO1841,hrdB,SCO1841,?,Weak
hrdB-SCO1840,hrdB,SCO1840,?,Weak
hrdB-SCO5814,hrdB,SCO5814,?,Weak
hrdB-SCO5815,hrdB,SCO5815,?,Weak
hrdB-SCO4037,hrdB,SCO4037,?,Weak
hrdB-SCO5782,hrdB,SCO5782,?,Weak
hrdB-SCO5783,hrdB,SCO5783,?,Weak
hrdB-rpsD,hrdB,rpsD,?,Weak
hrdB-rpsC,hrdB,rpsC,?,Weak
hrdB-rpsB,hrdB,rpsB,?,Weak
hrdB-SCO5784,hrdB,SCO5784,?,Weak
hrdB-SCO5785,hrdB,SCO5785,?,Weak
hrdB-rpsO,hrdB,rpsO,?,Weak
hrdB-SCO4490,hrdB,SCO4490,?,Weak
hrdB-rpsM,hrdB,rpsM,?,Weak
hrdB-rpsL,hrdB,rpsL,?,Weak
hrdB-rpsK,hrdB,rpsK,?,Weak
hrdB-rpsJ,hrdB,rpsJ,?,Weak
hrdB-rpsI,hrdB,rpsI,?,Weak
hrdB-rpsH,hrdB,rpsH,?,Weak
hrdB-rpsS,hrdB,rpsS,?,Weak
hrdB-rpsQ,hrdB,rpsQ,?,Weak
hrdB-rpsP,hrdB,rpsP,?,Weak
hrdB-rpsZ,hrdB,rpsZ,?,Weak
hrdB-SCO3158,hrdB,SCO3158,?,Weak
hrdB-SCO4963,hrdB,SCO4963,?,Weak
hrdB-SCO4789,hrdB,SCO4789,?,Weak
hrdB-SCO4964,hrdB,SCO4964,?,Weak
hrdB-redD,hrdB,redD,+,Strong
hrdB-SCO4969,hrdB,SCO4969,?,Weak
hrdB-SCO4784,hrdB,SCO4784,?,Weak
hrdB-SCO6157,hrdB,SCO6157,?,Weak
hrdB-SCO4566,hrdB,SCO4566,?,Weak
hrdB-SCO5565,hrdB,SCO5565,?,Weak
hrdB-SCO2648,hrdB,SCO2648,?,Weak
hrdB-thiC,hrdB,thiC,?,Weak
hrdB-thiG,hrdB,thiG,?,Weak
hrdB-SCO4389,hrdB,SCO4389,?,Weak
hrdB-SCO1510,hrdB,SCO1510,?,Weak
hrdB-SCO0869,hrdB,SCO0869,?,Weak
hrdB-SCO5966,hrdB,SCO5966,?,Weak
hrdB-SCO5040,hrdB,SCO5040,?,Weak
hrdB-SCO0867,hrdB,SCO0867,?,Weak
hrdB-SCO5141,hrdB,SCO5141,?,Weak
hrdB-SCO5142,hrdB,SCO5142,?,Weak
hrdB-SCO5143,hrdB,SCO5143,?,Weak
hrdB-SCO5144,hrdB,SCO5144,?,Weak
hrdB-SCO5145,hrdB,SCO5145,?,Weak
hrdB-SCO5146,hrdB,SCO5146,?,Weak
hrdB-SCO5147,hrdB,SCO5147,?,Weak
hrdB-SCO5148,hrdB,SCO5148,?,Weak
hrdB-SCO5045,hrdB,SCO5045,?,Weak
hrdB-SCO5044,hrdB,SCO5044,?,Weak
hrdB-SCO3919,hrdB,SCO3919,?,Weak
hrdB-purE,hrdB,purE,?,Weak
hrdB-SCO3911,hrdB,SCO3911,?,Weak
hrdB-SCO3910,hrdB,SCO3910,?,Weak
hrdB-SCO3917,hrdB,SCO3917,?,Weak
hrdB-SCO2031,hrdB,SCO2031,?,Weak
hrdB-SCO5048,hrdB,SCO5048,?,Weak
hrdB-SCO2033,hrdB,SCO2033,?,Weak
hrdB-SCO2032,hrdB,SCO2032,?,Weak
hrdB-SCO1423,hrdB,SCO1423,?,Weak
hrdB-SCO1422,hrdB,SCO1422,?,Weak
hrdB-SCO0918,hrdB,SCO0918,?,Weak
hrdB-SCO5365,hrdB,SCO5365,?,Weak
hrdB-SCO3355,hrdB,SCO3355,?,Weak
hrdB-SCO2519,hrdB,SCO2519,?,Weak
hrdB-SCO2514,hrdB,SCO2514,?,Weak
hrdB-ahcY,hrdB,ahcY,?,Weak
hrdB-SCO5218,hrdB,SCO5218,?,Weak
hrdB-SCO5219,hrdB,SCO5219,?,Weak
hrdB-groL2,hrdB,groL2,?,Weak
hrdB-groL1,hrdB,groL1,?,Weak
hrdB-SCO3778,hrdB,SCO3778,?,Weak
hrdB-tsf,hrdB,tsf,?,Weak
hrdB-SCO2351,hrdB,SCO2351,?,Weak
hrdB-SCO2352,hrdB,SCO2352,?,Weak
hrdB-SCO2353,hrdB,SCO2353,?,Weak
hrdB-SCO2354,hrdB,SCO2354,?,Weak
hrdB-SCO2356,hrdB,SCO2356,?,Weak
hrdB-pheT,hrdB,pheT,?,Weak
hrdB-SCO6639,hrdB,SCO6639,?,Weak
hrdB-SCO6638,hrdB,SCO6638,?,Weak
hrdB-SCO6636,hrdB,SCO6636,?,Weak
hrdB-SCO6635,hrdB,SCO6635,?,Weak
hrdB-SCO6631,hrdB,SCO6631,?,Weak
hrdB-SCO6630,hrdB,SCO6630,?,Weak
hrdB-nadB,hrdB,nadB,?,Weak
hrdB-nadA,hrdB,nadA,?,Weak
hrdB-SCO3177,hrdB,SCO3177,?,Weak
hrdB-SCO3176,hrdB,SCO3176,?,Weak
hrdB-nadE,hrdB,nadE,?,Weak
hrdB-nadD,hrdB,nadD,?,Weak
hrdB-SCO5822,hrdB,SCO5822,?,Weak
hrdB-rplX,hrdB,rplX,?,Weak
hrdB-rplY,hrdB,rplY,?,Weak
hrdB-rplV,hrdB,rplV,?,Weak
hrdB-rplW,hrdB,rplW,?,Weak
hrdB-rplT,hrdB,rplT,?,Weak
hrdB-rplU,hrdB,rplU,?,Weak
hrdB-SCO2962,hrdB,SCO2962,?,Weak
hrdB-rplS,hrdB,rplS,?,Weak
hrdB-rplP,hrdB,rplP,?,Weak
hrdB-rplQ,hrdB,rplQ,?,Weak
hrdB-rplN,hrdB,rplN,?,Weak
hrdB-rplL,hrdB,rplL,?,Weak
hrdB-rplM,hrdB,rplM,?,Weak
hrdB-rplJ,hrdB,rplJ,?,Weak
hrdB-rplK,hrdB,rplK,?,Weak
hrdB-rplI,hrdB,rplI,?,Weak
hrdB-rplD,hrdB,rplD,?,Weak
hrdB-rplE,hrdB,rplE,?,Weak
hrdB-rplB,hrdB,rplB,?,Weak
hrdB-rplC,hrdB,rplC,?,Weak
hrdB-rplA,hrdB,rplA,?,Weak
hrdB-SCO7216,hrdB,SCO7216,?,Weak
hrdB-SCO3006,hrdB,SCO3006,?,Weak
hrdB-rex,hrdB,rex,?,Weak
hrdB-SCO7215,hrdB,SCO7215,?,Weak
hrdB-SCO7212,hrdB,SCO7212,?,Weak
hrdB-SCO7213,hrdB,SCO7213,?,Weak
hrdB-SCO7211,hrdB,SCO7211,?,Weak
hrdB-SCO3009,hrdB,SCO3009,?,Weak
hrdB-SCO3292,hrdB,SCO3292,?,Weak
hrdB-metG,hrdB,metG,?,Weak
hrdB-metE,hrdB,metE,?,Weak
hrdB-metK,hrdB,metK,?,Weak
hrdB-metN,hrdB,metN,?,Weak
hrdB-SCO0413,hrdB,SCO0413,?,Weak
hrdB-SCO7074,hrdB,SCO7074,?,Weak
hrdB-SCO7072,hrdB,SCO7072,?,Weak
hrdB-SCO7073,hrdB,SCO7073,?,Weak
hrdB-SCO7071,hrdB,SCO7071,?,Weak
hrdB-SCO7580,hrdB,SCO7580,?,Weak
hrdB-glkA,hrdB,glkA,?,Weak
hrdB-sepF3,hrdB,sepF3,?,Weak
hrdB-sepF2,hrdB,sepF2,?,Weak
hrdB-sepF1,hrdB,sepF1,?,Weak
hrdB-SCO7277,hrdB,SCO7277,?,Weak
hrdB-SCO7101,hrdB,SCO7101,?,Weak
hrdB-SCO0673,hrdB,SCO0673,?,Weak
hrdB-SCO0676,hrdB,SCO0676,?,Weak
hrdB-SCO0451,hrdB,SCO0451,?,Weak
hrdB-SCO0450,hrdB,SCO0450,?,Weak
hrdB-SCO0108,hrdB,SCO0108,?,Weak
hrdB-SCO0107,hrdB,SCO0107,?,Weak
hrdB-pgl,hrdB,pgl,?,Weak
hrdB-pgk,hrdB,pgk,?,Weak
hrdB-SCO4402,hrdB,SCO4402,?,Weak
hrdB-SCO4304,hrdB,SCO4304,?,Weak
hrdB-SCO5649,hrdB,SCO5649,?,Weak
hrdB-SCO1853,hrdB,SCO1853,?,Weak
hrdB-SCO1850,hrdB,SCO1850,?,Weak
hrdB-SCO4809,hrdB,SCO4809,?,Weak
hrdB-SCO2941,hrdB,SCO2941,?,Weak
hrdB-SCO0076,hrdB,SCO0076,?,Weak
hrdB-SCO4026,hrdB,SCO4026,?,Weak
hrdB-SCO4027,hrdB,SCO4027,?,Weak
hrdB-SCO4028,hrdB,SCO4028,?,Weak
hrdB-SCO4029,hrdB,SCO4029,?,Weak
hrdB-SCO2349,hrdB,SCO2349,?,Weak
hrdB-SCO1212,hrdB,SCO1212,?,Weak
hrdB-SCO1213,hrdB,SCO1213,?,Weak
hrdB-SCO1215,hrdB,SCO1215,?,Weak
hrdB-SCO1216,hrdB,SCO1216,?,Weak
hrdB-fbpC,hrdB,fbpC,?,Weak
hrdB-SCO5777,hrdB,SCO5777,?,Weak
hrdB-SCO4373,hrdB,SCO4373,?,Weak
hrdB-SCO4374,hrdB,SCO4374,?,Weak
hrdB-SCO5772,hrdB,SCO5772,?,Weak
hrdB-SCO5771,hrdB,SCO5771,?,Weak
hrdB-SCO4377,hrdB,SCO4377,+,Weak
hrdB-dnaA,hrdB,dnaA,?,Weak
hrdB-dnaE,hrdB,dnaE,?,Weak
hrdB-SCO4978,hrdB,SCO4978,?,Weak
hrdB-SCO0298,hrdB,SCO0298,?,Weak
hrdB-SCO4972,hrdB,SCO4972,?,Weak
hrdB-SCO4973,hrdB,SCO4973,?,Weak
hrdB-SCO4970,hrdB,SCO4970,?,Weak
hrdB-dnaN,hrdB,dnaN,?,Weak
hrdB-SCO2985,hrdB,SCO2985,?,Weak
hrdB-SCO5519,hrdB,SCO5519,?,Weak
hrdB-SCO4571,hrdB,SCO4571,?,Weak
hrdB-SCO5513,hrdB,SCO5513,?,Weak
hrdB-SCO5512,hrdB,SCO5512,?,Weak
hrdB-SCO5511,hrdB,SCO5511,?,Weak
hrdB-SCO5510,hrdB,SCO5510,?,Weak
hrdB-SCO5515,hrdB,SCO5515,?,Weak
hrdB-SCO4775,hrdB,SCO4775,?,Weak
hrdB-SCO4776,hrdB,SCO4776,?,Weak
hrdB-SCO4771,hrdB,SCO4771,?,Weak
hrdB-SCO1504,hrdB,SCO1504,?,Weak
hrdB-SCO1507,hrdB,SCO1507,?,Weak
hrdB-SCO1500,hrdB,SCO1500,?,Weak
hrdB-SCO1502,hrdB,SCO1502,?,Weak
hrdB-SCO1503,hrdB,SCO1503,?,Weak
hrdB-SCO5999,hrdB,SCO5999,?,Weak
hrdB-SCO5998,hrdB,SCO5998,?,Weak
hrdB-SCO5996,hrdB,SCO5996,?,Weak
hrdB-coaX,hrdB,coaX,?,Weak
hrdB-SCO4487,hrdB,SCO4487,+,Weak
hrdB-SCO5178,hrdB,SCO5178,?,Weak
hrdB-SCO1186,hrdB,SCO1186,?,Weak
hrdB-pfkA3,hrdB,pfkA3,?,Weak
hrdB-pfkA2,hrdB,pfkA2,?,Weak
hrdB-SCO4526,hrdB,SCO4526,?,Weak
hrdB-SCO5170,hrdB,SCO5170,?,Weak
hrdB-SCO5173,hrdB,SCO5173,?,Weak
hrdB-SCO5172,hrdB,SCO5172,?,Weak
hrdB-SCO5355,hrdB,SCO5355,?,Weak
hrdB-SCO5354,hrdB,SCO5354,?,Weak
hrdB-cimA,hrdB,cimA,?,Weak
hrdB-SCO7404,hrdB,SCO7404,?,Weak
hrdB-SCO5423,hrdB,SCO5423,?,Weak
hrdB-SCO2181,hrdB,SCO2181,?,Weak
hrdB-SCO2180,hrdB,SCO2180,?,Weak
hrdB-SCO2183,hrdB,SCO2183,?,Weak
hrdB-groS,hrdB,groS,?,Weak
hrdB-SCO5199,hrdB,SCO5199,?,Weak
hrdB-SCO5198,hrdB,SCO5198,?,Weak
hrdB-SCO0923,hrdB,SCO0923,?,Weak
hrdB-SCO0922,hrdB,SCO0922,?,Weak
hrdB-SCO0925,hrdB,SCO0925,?,Weak
hrdB-SCO0924,hrdB,SCO0924,?,Weak
hrdB-wblH,hrdB,wblH,?,Weak
hrdB-SCO0929,hrdB,SCO0929,?,Weak
hrdB-SCO1431,hrdB,SCO1431,?,Weak
hrdB-wblE,hrdB,wblE,?,Weak
hrdB-SCO1433,hrdB,SCO1433,?,Weak
hrdB-SCO1434,hrdB,SCO1434,?,Weak
hrdB-SCO1435,hrdB,SCO1435,?,Weak
hrdB-SCO1436,hrdB,SCO1436,?,Weak
hrdB-rpmJ1,hrdB,rpmJ1,?,Weak
hrdB-SCO3582,hrdB,SCO3582,?,Weak
hrdB-SCO5220,hrdB,SCO5220,?,Weak
hrdB-SCO3580,hrdB,SCO3580,?,Weak
hrdB-SCO3581,hrdB,SCO3581,?,Weak
hrdB-SCO2293,hrdB,SCO2293,?,Weak
hrdB-SCO2560,hrdB,SCO2560,?,Weak
hrdB-SCO2295,hrdB,SCO2295,?,Weak
hrdB-SCO2294,hrdB,SCO2294,?,Weak
hrdB-SCO2296,hrdB,SCO2296,?,Weak
hrdB-SCO1724,hrdB,SCO1724,?,Weak
hrdB-SCO1721,hrdB,SCO1721,?,Weak
hrdB-SCO1722,hrdB,SCO1722,?,Weak
hrdB-SCO1723,hrdB,SCO1723,?,Weak
hrdB-SCO5638,hrdB,SCO5638,?,Weak
hrdB-SCO4944,hrdB,SCO4944,?,Weak
hrdB-jag,hrdB,jag,?,Weak
hrdB-trpS2,hrdB,trpS2,?,Weak
hrdB-trpS1,hrdB,trpS1,?,Weak
hrdB-SCO2364,hrdB,SCO2364,?,Weak
hrdB-SCO1498,hrdB,SCO1498,?,Weak
hrdB-SCO3768,hrdB,SCO3768,?,Weak
hrdB-SCO2362,hrdB,SCO2362,?,Weak
hrdB-SCO3766,hrdB,SCO3766,?,Weak
hrdB-SCO3767,hrdB,SCO3767,?,Weak
hrdB-SCO3764,hrdB,SCO3764,?,Weak
hrdB-SCO3765,hrdB,SCO3765,?,Weak
hrdB-SCO2167,hrdB,SCO2167,?,Weak
hrdB-SCO2161,hrdB,SCO2161,?,Weak
hrdB-SCO2169,hrdB,SCO2169,?,Weak
hrdB-SCO2168,hrdB,SCO2168,?,Weak
hrdB-nuoK2,hrdB,nuoK2,?,Weak
hrdB-SCO6624,hrdB,SCO6624,?,Weak
hrdB-SCO6625,hrdB,SCO6625,?,Weak
hrdB-SCO6626,hrdB,SCO6626,?,Weak
hrdB-SCO5546,hrdB,SCO5546,?,Weak
hrdB-SCO6622,hrdB,SCO6622,?,Weak
hrdB-aroH,hrdB,aroH,?,Weak
hrdB-nhaA3,hrdB,nhaA3,?,Weak
hrdB-SCO3160,hrdB,SCO3160,?,Weak
hrdB-SCO3161,hrdB,SCO3161,?,Weak
hrdB-SCO3162,hrdB,SCO3162,?,Weak
hrdB-zwf2,hrdB,zwf2,?,Weak
hrdB-uvrA,hrdB,uvrA,?,Weak
hrdB-SCO6537,hrdB,SCO6537,?,Weak
hrdB-SCO6538,hrdB,SCO6538,?,Weak
hrdB-SCO6539,hrdB,SCO6539,?,Weak
hrdB-SCO2999,hrdB,SCO2999,?,Weak
hrdB-SCO6449,hrdB,SCO6449,?,Weak
hrdB-SCO6001,hrdB,SCO6001,?,Weak
hrdB-SCO6445,hrdB,SCO6445,?,Weak
hrdB-SCO6446,hrdB,SCO6446,?,Weak
hrdB-SCO3015,hrdB,SCO3015,?,Weak
hrdB-SCO3012,hrdB,SCO3012,?,Weak
hrdB-SCO3013,hrdB,SCO3013,?,Weak
hrdB-guaA,hrdB,guaA,?,Weak
hrdB-SCO7003,hrdB,SCO7003,?,Weak
hrdB-SCO6841,hrdB,SCO6841,?,Weak
hrdB-SCO6996,hrdB,SCO6996,?,Weak
hrdB-SCO6997,hrdB,SCO6997,?,Weak
hrdB-SCO0114,hrdB,SCO0114,?,Weak
hrdB-SCO4160,hrdB,SCO4160,?,Weak
hrdB-SCO4165,hrdB,SCO4165,?,Weak
hrdB-SCO0111,hrdB,SCO0111,?,Weak
hrdB-SCO4166,hrdB,SCO4166,?,Weak
hrdB-rpmI,hrdB,rpmI,?,Weak
hrdB-rpmH,hrdB,rpmH,?,Weak
hrdB-SCO7485,hrdB,SCO7485,?,Weak
hrdB-rpmA,hrdB,rpmA,?,Weak
hrdB-rpmC,hrdB,rpmC,?,Weak
hrdB-rpmE,hrdB,rpmE,?,Weak
hrdB-SCO5500,hrdB,SCO5500,?,Weak
hrdB-SCO4011,hrdB,SCO4011,?,Weak
hrdB-SCO4010,hrdB,SCO4010,?,Weak
hrdB-acyP,hrdB,acyP,?,Weak
hrdB-SCO1883,hrdB,SCO1883,?,Weak
hrdB-SCO1885,hrdB,SCO1885,?,Weak
hrdB-SCO1884,hrdB,SCO1884,?,Weak
hrdB-SCO1886,hrdB,SCO1886,?,Weak
hrdB-SCO1225,hrdB,SCO1225,?,Weak
hrdB-SCO5765,hrdB,SCO5765,?,Weak
hrdB-SCO5766,hrdB,SCO5766,?,Weak
hrdB-SCO4908,hrdB,SCO4908,?,Weak
hrdB-SCO4905,hrdB,SCO4905,?,Weak
hrdB-SCO5508,hrdB,SCO5508,?,Weak
hrdB-SCO5509,hrdB,SCO5509,?,Weak
hrdB-SCO2622,hrdB,SCO2622,?,Weak
hrdB-SCO2623,hrdB,SCO2623,?,Weak
hrdB-ackA,hrdB,ackA,?,Weak
hrdB-SCO2625,hrdB,SCO2625,?,Weak
hrdB-SCO2627,hrdB,SCO2627,?,Weak
hrdB-SCO1081,hrdB,SCO1081,?,Weak
hrdB-SCO1082,hrdB,SCO1082,?,Weak
hrdB-SCO4583,hrdB,SCO4583,?,Weak
hrdB-arsI,hrdB,arsI,?,Weak
hrdB-arsJ,hrdB,arsJ,?,Weak
hrdB-SCO5507,hrdB,SCO5507,?,Weak
hrdB-SCO4749,hrdB,SCO4749,?,Weak
hrdB-SCO1535,hrdB,SCO1535,?,Weak
hrdB-SCO1534,hrdB,SCO1534,?,Weak
hrdB-SCO5487,hrdB,SCO5487,?,Weak
hrdB-SCO3238,hrdB,SCO3238,?,Weak
hrdB-rimO,hrdB,rimO,?,Weak
hrdB-SCO5982,hrdB,SCO5982,?,Weak
hrdB-SCO5169,hrdB,SCO5169,?,Weak
hrdB-SCO5160,hrdB,SCO5160,?,Weak
hrdB-SCO5161,hrdB,SCO5161,?,Weak
hrdB-SCO5166,hrdB,SCO5166,?,Weak
hrdB-SCO5167,hrdB,SCO5167,?,Weak
hrdB-SCO6245,hrdB,SCO6245,?,Weak
hrdB-SCO3239,hrdB,SCO3239,?,Weak
hrdB-SCO2199,hrdB,SCO2199,?,Weak
hrdB-mfd,hrdB,mfd,?,Weak
hrdB-SCO5431,hrdB,SCO5431,?,Weak
hrdB-SCO5432,hrdB,SCO5432,?,Weak
hrdB-SCO2192,hrdB,SCO2192,?,Weak
hrdB-SCO2191,hrdB,SCO2191,?,Weak
hrdB-SCO2196,hrdB,SCO2196,?,Weak
hrdB-SCO5439,hrdB,SCO5439,?,Weak
hrdB-SCO2195,hrdB,SCO2195,?,Weak
hrdB-SCO5185,hrdB,SCO5185,?,Weak
hrdB-SCO1406,hrdB,SCO1406,?,Weak
hrdB-SCO1153,hrdB,SCO1153,?,Weak
hrdB-SCO5181,hrdB,SCO5181,?,Weak
hrdB-SCO5182,hrdB,SCO5182,?,Weak
hrdB-SCO2835,hrdB,SCO2835,?,Weak
hrdB-SCO5189,hrdB,SCO5189,?,Weak
hrdB-gmk,hrdB,gmk,?,Weak
hrdB-SCO5263,hrdB,SCO5263,?,Weak
hrdB-adk,hrdB,adk,?,Weak
hrdB-SCO2286,hrdB,SCO2286,+,Weak
hrdB-SCO4966,hrdB,SCO4966,?,Weak
hrdB-SCO3378,hrdB,SCO3378,?,Weak
hrdB-SCO3808,hrdB,SCO3808,?,Weak
hrdB-SCO3807,hrdB,SCO3807,?,Weak
hrdB-SCO3374,hrdB,SCO3374,?,Weak
hrdB-SCO3370,hrdB,SCO3370,?,Weak
hrdB-SCO3373,hrdB,SCO3373,?,Weak
hrdB-SCO3800,hrdB,SCO3800,?,Weak
hrdB-SCO2578,hrdB,SCO2578,?,Weak
hrdB-SCO5239,hrdB,SCO5239,?,Weak
hrdB-SCO2572,hrdB,SCO2572,?,Weak
hrdB-dxs2,hrdB,dxs2,?,Weak
hrdB-SCO5232,hrdB,SCO5232,?,Weak
hrdB-SCO5233,hrdB,SCO5233,?,Weak
hrdB-SCO2576,hrdB,SCO2576,?,Weak
hrdB-SCO3972,hrdB,SCO3972,?,Weak
hrdB-SCO3971,hrdB,SCO3971,?,Weak
hrdB-SCO3977,hrdB,SCO3977,?,Weak
hrdB-SCO3976,hrdB,SCO3976,?,Weak
hrdB-SCO2337,hrdB,SCO2337,?,Weak
hrdB-dagA,hrdB,dagA,+,Strong
hrdB-SCO7137,hrdB,SCO7137,?,Weak
hrdB-SCO2370,hrdB,SCO2370,?,Weak
hrdB-SCO2371,hrdB,SCO2371,?,Weak
hrdB-SCO3175,hrdB,SCO3175,?,Weak
hrdB-SCO1561,hrdB,SCO1561,?,Weak
hrdB-SCO3174,hrdB,SCO3174,?,Weak
hrdB-SCO3714,hrdB,SCO3714,?,Weak
hrdB-SCO2176,hrdB,SCO2176,?,Weak
hrdB-SCO3488,hrdB,SCO3488,?,Weak
hrdB-SCO2170,hrdB,SCO2170,?,Weak
hrdB-SCO7385,hrdB,SCO7385,?,Weak
hrdB-SCO4425,hrdB,SCO4425,+,Weak
hrdB-SCO2178,hrdB,SCO2178,?,Weak
hrdB-SCO6613,hrdB,SCO6613,?,Weak
hrdB-SCO6612,hrdB,SCO6612,?,Weak
hrdB-SCO6642,hrdB,SCO6642,?,Weak
hrdB-SCO3625,hrdB,SCO3625,?,Weak
hrdB-SCO6643,hrdB,SCO6643,?,Weak
hrdB-SCO3159,hrdB,SCO3159,?,Weak
hrdB-SCO6136,hrdB,SCO6136,?,Weak
hrdB-dcd,hrdB,dcd,?,Weak
hrdB-SCO6294,hrdB,SCO6294,?,Weak
hrdB-SCO6057,hrdB,SCO6057,?,Weak
hrdB-SCO6056,hrdB,SCO6056,?,Weak
hrdB-SCO6055,hrdB,SCO6055,?,Weak
hrdB-SCO6054,hrdB,SCO6054,?,Weak
hrdB-SCO6053,hrdB,SCO6053,?,Weak
hrdB-SCO6822,hrdB,SCO6822,?,Weak
hrdB-SCO7678,hrdB,SCO7678,?,Weak
hrdB-SCO7679,hrdB,SCO7679,?,Weak
hrdB-SCO6357,hrdB,SCO6357,?,Weak
hrdB-lysS,hrdB,lysS,?,Weak
hrdB-SCO7275,hrdB,SCO7275,?,Weak
hrdB-SCO7276,hrdB,SCO7276,?,Weak
hrdB-mraY,hrdB,mraY,?,Weak
hrdB-SCO7278,hrdB,SCO7278,?,Weak
hrdB-SCO7279,hrdB,SCO7279,?,Weak
hrdB-cobS,hrdB,cobS,?,Weak
hrdB-pta,hrdB,pta,?,Weak
hrdB-SCO5518,hrdB,SCO5518,?,Weak
hrdB-hflX,hrdB,hflX,?,Weak
hrdB-SCO6450,hrdB,SCO6450,?,Weak
hrdB-SCO6457,hrdB,SCO6457,?,Weak
hrdB-SCO6456,hrdB,SCO6456,?,Weak
hrdB-SCO6273,hrdB,SCO6273,?,Weak
hrdB-rsbA,hrdB,rsbA,?,Weak
hrdB-SCO3941,hrdB,SCO3941,?,Weak
hrdB-SCO0617,hrdB,SCO0617,?,Weak
hrdB-SCO0616,hrdB,SCO0616,?,Weak
hrdB-SCO2880,hrdB,SCO2880,?,Weak
hrdB-SCO0619,hrdB,SCO0619,?,Weak
hrdB-SCO0618,hrdB,SCO0618,?,Weak
hrdB-SCO6475,hrdB,SCO6475,?,Weak
hrdB-SCO6476,hrdB,SCO6476,?,Weak
hrdB-rsbV,hrdB,rsbV,?,Weak
hrdB-qcrB,hrdB,qcrB,?,Weak
hrdB-SCO4176,hrdB,SCO4176,?,Weak
hrdB-qcrA,hrdB,qcrA,?,Weak
hrdB-SCO4177,hrdB,SCO4177,?,Weak
hrdB-SCO0058,hrdB,SCO0058,?,Weak
hrdB-asd1,hrdB,asd1,?,Weak
hrdB-SCO4855,hrdB,SCO4855,?,Weak
hrdB-SCO3683,hrdB,SCO3683,?,Weak
hrdB-SCO0544,hrdB,SCO0544,?,Weak
hrdB-SCO0543,hrdB,SCO0543,?,Weak
hrdB-SCO7217,hrdB,SCO7217,?,Weak
hrdB-SCO5751,hrdB,SCO5751,?,Weak
hrdB-SCO5753,hrdB,SCO5753,?,Weak
hrdB-SCO5755,hrdB,SCO5755,?,Weak
hrdB-SCO5754,hrdB,SCO5754,?,Weak
hrdB-SCO4859,hrdB,SCO4859,?,Weak
hrdB-SCO3686,hrdB,SCO3686,?,Weak
hrdB-SCO4918,hrdB,SCO4918,?,Weak
hrdB-SCO4919,hrdB,SCO4919,?,Weak
hrdB-SCO4174,hrdB,SCO4174,?,Weak
hrdB-SCO4175,hrdB,SCO4175,?,Weak
hrdB-SCO4173,hrdB,SCO4173,?,Weak
hrdB-SCO2530,hrdB,SCO2530,?,Weak
hrdB-SCO4912,hrdB,SCO4912,?,Weak
hrdB-SCO4913,hrdB,SCO4913,?,Weak
hrdB-SCO4914,hrdB,SCO4914,?,Weak
hrdB-SCO4915,hrdB,SCO4915,?,Weak
hrdB-SCO4178,hrdB,SCO4178,?,Weak
hrdD-whiB,hrdD,whiB,+,Strong
hrdD-actII-4,hrdD,actII-4,+,Strong
hrdD-redD,hrdD,redD,+,Strong
SCO4072-SCO4075,SCO4072,SCO4075,?,Weak
SCO4072-SCO4074,SCO4072,SCO4074,?,Weak
SCO4072-SCO4073,SCO4072,SCO4073,?,Weak
SCO4072-SCO4072,SCO4072,SCO4072,?,Weak
SCO4180-sodF1,SCO4180,sodF1,-,Weak
SCO4180-SCO6452,SCO4180,SCO6452,?,Weak
SCO4180-SCO6451,SCO4180,SCO6451,-,Strong
SCO4180-SCO6455,SCO4180,SCO6455,?,Weak
SCO4180-SCO6454,SCO4180,SCO6454,?,Weak
SCO4180-SCO6453,SCO4180,SCO6453,?,Weak
SCO4180-SCO0999,SCO4180,SCO0999,-,Weak
SCO4180-sodN,SCO4180,sodN,+,Weak
SCO4180-SCO3159,SCO4180,SCO3159,-,Weak
whiG-SCO2552,whiG,SCO2552,+,Weak
whiG-SCO5819,whiG,SCO5819,+,Strong
whiG-sigF,whiG,sigF,+,Weak
whiG-SCO5318,whiG,SCO5318,+,Weak
whiG-whiA,whiG,whiA,+,Weak
whiG-SCO5314,whiG,SCO5314,+,Weak
whiG-SCO2933,whiG,SCO2933,+,Weak
whiG-SCO5315,whiG,SCO5315,+,Weak
whiG-SCO5321,whiG,SCO5321,+,Weak
whiG-SCO5317,whiG,SCO5317,+,Weak
whiG-SCO5316,whiG,SCO5316,+,Weak
whiG-SCO5319,whiG,SCO5319,+,Weak
whiG-SCO5320,whiG,SCO5320,+,Weak
whiG-SCO6029,whiG,SCO6029,+,Strong
whiG-ftsZ,whiG,ftsZ,+,Weak
SCO1480-actII-4,SCO1480,actII-4,?,Strong
SCO1480-redD,SCO1480,redD,?,Strong
SCO5582-actII-4,SCO5582,actII-4,-,Weak
SCO1678-SCO1678,SCO1678,SCO1678,+,Strong
SCO1678-SCO1679,SCO1678,SCO1679,-,Strong
SCO1678-SCO1681,SCO1678,SCO1681,-,Weak
SCO1678-SCO1680,SCO1678,SCO1680,-,Weak
SCO3226-SCO3205,SCO3226,SCO3205,-,Weak
SCO3226-SCO3204,SCO3226,SCO3204,-,Weak
SCO3226-SCO3207,SCO3226,SCO3207,-,Weak
SCO3226-SCO3206,SCO3226,SCO3206,-,Weak
SCO3226-SCO3201,SCO3226,SCO3201,-,Weak
SCO3226-SCO3200,SCO3226,SCO3200,-,Weak
SCO3226-trpE,SCO3226,trpE,-,Weak
SCO3226-SCO3209,SCO3226,SCO3209,-,Weak
SCO3226-SCO3208,SCO3226,SCO3208,-,Weak
SCO3226-SCO3241,SCO3226,SCO3241,-,Weak
SCO3226-SCO3240,SCO3226,SCO3240,-,Weak
SCO3226-SCO3229,SCO3226,SCO3229,-,Weak
SCO3226-SCO3242,SCO3226,SCO3242,-,Weak
SCO3226-SCO3245,SCO3226,SCO3245,-,Weak
SCO3226-SCO3244,SCO3226,SCO3244,-,Weak
SCO3226-SCO3247,SCO3226,SCO3247,-,Weak
SCO3226-SCO3223,SCO3226,SCO3223,-,Weak
SCO3226-SCO3222,SCO3226,SCO3222,-,Weak
SCO3226-SCO3221,SCO3226,SCO3221,-,Weak
SCO3226-SCO3220,SCO3226,SCO3220,-,Weak
SCO3226-SCO3227,SCO3226,SCO3227,-,Weak
SCO3226-SCO3226,SCO3226,SCO3226,+-,Weak
SCO3226-SCO3225,SCO3226,SCO3225,-,Weak
SCO3226-SCO3224,SCO3226,SCO3224,-,Weak
SCO3226-SCO5881,SCO3226,SCO5881,-,Strong
SCO3226-redD,SCO3226,redD,+,Weak
SCO3226-SCO5090,SCO3226,SCO5090,?,Weak
SCO3226-SCO5091,SCO3226,SCO5091,?,Weak
SCO3226-fabH2,SCO3226,fabH2,-,Weak
SCO3226-trpD2,SCO3226,trpD2,-,Weak
SCO3226-SCO3243,SCO3226,SCO3243,-,Weak
SCO3226-SCO3199,SCO3226,SCO3199,-,Weak
SCO3226-SCO3213,SCO3226,SCO3213,-,Weak
SCO3226-SCO3210,SCO3226,SCO3210,-,Weak
SCO3226-SCO3228,SCO3226,SCO3228,-,Weak
SCO3226-SCO3216,SCO3226,SCO3216,-,Weak
SCO3226-SCO3217,SCO3226,SCO3217,-,Strong
SCO3226-SCO5072,SCO3226,SCO5072,+,Weak
SCO3226-SCO3215,SCO3226,SCO3215,-,Weak
SCO3226-actVB,SCO3226,actVB,?,Weak
SCO3226-SCO3218,SCO3226,SCO3218,-,Weak
SCO3226-SCO3219,SCO3226,SCO3219,-,Weak
SCO3226-actII-4,SCO3226,actII-4,+-,Strong
SCO3226-SCO3238,SCO3226,SCO3238,-,Weak
SCO3226-SCO3239,SCO3226,SCO3239,-,Weak
SCO3226-bar,SCO3226,bar,-,Weak
SCO3226-asnO,SCO3226,asnO,-,Weak
SCO3226-SCO3230,SCO3226,SCO3230,-,Weak
SCO3226-SCO3231,SCO3226,SCO3231,-,Weak
SCO3226-SCO3232,SCO3226,SCO3232,-,Weak
SCO3226-SCO3233,SCO3226,SCO3233,-,Weak
SCO3226-SCO3235,SCO3226,SCO3235,-,Weak
SCO3226-hrdD,SCO3226,hrdD,-,Weak
SCO3226-SCO3237,SCO3226,SCO3237,-,Weak
SCO3226-trpC2,SCO3226,trpC2,-,Weak
SCO3226-SCO3249,SCO3226,SCO3249,-,Weak
SCO3226-SCO5089,SCO3226,SCO5089,?,Weak
SCO3226-SCO5088,SCO3226,SCO5088,?,Weak
SCO3226-SCO3248,SCO3226,SCO3248,-,Weak
SCO3226-SCO5087,SCO3226,SCO5087,+,Weak
SCO3226-hasP,SCO3226,hasP,-,Weak
malR-SCO2230,malR,SCO2230,?,Weak
malR-SCO2229,malR,SCO2229,?,Weak
malR-SCO2231,malR,SCO2231,-,Weak
malR-dagA,malR,dagA,?,Weak
SCO3133-mdh,SCO3133,mdh,+,Strong
SCO3133-SCO3133,SCO3133,SCO3133,-,Strong
SCO3133-SCO5999,SCO3133,SCO5999,+,Strong
SCO3133-aceB,SCO3133,aceB,+,Strong
SCO3133-SCO7000,SCO3133,SCO7000,+,Strong
SCO3133-tam,SCO3133,tam,+,Strong
SCO4190-SCO4190,SCO4190,SCO4190,-,Weak
SCO4190-SCO4191,SCO4190,SCO4191,?,Weak
SCO5552-SCO2616,SCO5552,SCO2616,+,Weak
SCO5552-groL2,SCO5552,groL2,+,Weak
SCO5552-SCO4193,SCO5552,SCO4193,?,Weak
SCO5552-tsf,SCO5552,tsf,-,Weak
SCO5552-SCO0199,SCO5552,SCO0199,-,Weak
SCO5552-eno1,SCO5552,eno1,+,Weak
SCO5552-SCO2912,SCO5552,SCO2912,?,Weak
SCO5552-SCO2910,SCO5552,SCO2910,?,Weak
SCO5552-SCO2911,SCO5552,SCO2911,?,Weak
SCO5552-SCO1553,SCO5552,SCO1553,?,Weak
SCO5552-SCO1552,SCO5552,SCO1552,?,Weak
SCO5552-leuD,SCO5552,leuD,?,Weak
SCO5552-leuB,SCO5552,leuB,?,Strong
SCO5552-leuC,SCO5552,leuC,+,Strong
SCO5552-SCO2367,SCO5552,SCO2367,-,Weak
SCO5552-atpA,SCO5552,atpA,+,Weak
SCO5552-SCO2368,SCO5552,SCO2368,-,Weak
SCO5552-atpD,SCO5552,atpD,+,Weak
SCO5552-SCO1657,SCO5552,SCO1657,+,Weak
SCO5552-mdh,SCO5552,mdh,-,Weak
SCO5552-SCO5552,SCO5552,SCO5552,?,Strong
SCO5552-SCO5413,SCO5552,SCO5413,?,Weak
SCO5552-SCO3899,SCO5552,SCO3899,+,Weak
SCO5552-SCO0379,SCO5552,SCO0379,-,Weak
SCO5552-SCO1707,SCO5552,SCO1707,?,Weak
SCO5552-folD,SCO5552,folD,-,Weak
SCO5552-SCO5881,SCO5552,SCO5881,+,Weak
SCO5552-SCO6101,SCO5552,SCO6101,?,Weak
SCO5552-SCO6102,SCO5552,SCO6102,?,Weak
SCO5552-SCO0641,SCO5552,SCO0641,-,Weak
SCO5552-SCO0884,SCO5552,SCO0884,+,Weak
SCO5552-SCO4253,SCO5552,SCO4253,+,Weak
SCO5552-cysH,SCO5552,cysH,?,Weak
SCO5552-SCO5657,SCO5552,SCO5657,+,Weak
SCO5552-SCO5395,SCO5552,SCO5395,?,Weak
SCO5552-SCO4142,SCO5552,SCO4142,-,Weak
SCO5552-cysC,SCO5552,cysC,?,Weak
SCO5552-rpoA,SCO5552,rpoA,+,Weak
SCO5552-gltX,SCO5552,gltX,+,Weak
SCO5552-pheS,SCO5552,pheS,+,Weak
SCO5552-SCO5088,SCO5552,SCO5088,-,Weak
SCO5552-SCO5080,SCO5552,SCO5080,-,Weak
SCO5552-SCO6277,SCO5552,SCO6277,-,Weak
SCO5552-pgk,SCO5552,pgk,+,Weak
SCO5552-SCO5477,SCO5552,SCO5477,+,Weak
SCO5552-ilvE,SCO5552,ilvE,+,Weak
SCO5552-fba,SCO5552,fba,-,Weak
SCO5552-SCO4881,SCO5552,SCO4881,+,Weak
SCO5552-SCO7271,SCO5552,SCO7271,+,Weak
SCO5552-SCO6283,SCO5552,SCO6283,-,Weak
SCO5552-SCO4809,SCO5552,SCO4809,-,Weak
SCO5552-redD,SCO5552,redD,+,Weak
SCO5552-SCO6510,SCO5552,SCO6510,?,Weak
SCO5552-SCO6265,SCO5552,SCO6265,+,Strong
SCO5552-SCO6266,SCO5552,SCO6266,+,Strong
SCO5552-SCO0200,SCO5552,SCO0200,-,Weak
SCO5552-SCO5277,SCO5552,SCO5277,?,Weak
SCO5552-SCO4277,SCO5552,SCO4277,-,Weak
SCO5552-sodF1,SCO5552,sodF1,-,Weak
SCO5552-SCO4165,SCO5552,SCO4165,?,Weak
SCO5552-SCO4164,SCO5552,SCO4164,?,Weak
SCO5552-SCO5075,SCO5552,SCO5075,-,Weak
SCO5552-sucC1,SCO5552,sucC1,+,Weak
SCO5552-thiL,SCO5552,thiL,?,Weak
SCO5552-SCO5078,SCO5552,SCO5078,-,Weak
SCO5552-SCO5079,SCO5552,SCO5079,-,Weak
SCO5552-actII-4,SCO5552,actII-4,-,Weak
SCO5552-thiD,SCO5552,thiD,?,Weak
SCO5552-SCO3835,SCO5552,SCO3835,+,Weak
SCO5552-dnaK,SCO5552,dnaK,+,Weak
SCO5552-SCO6098,SCO5552,SCO6098,?,Weak
SCO5552-def4,SCO5552,def4,+,Weak
SCO5552-SCO5513,SCO5552,SCO5513,?,Weak
SCO5552-SCO5512,SCO5552,SCO5512,?,Weak
SCO5552-SCO6097,SCO5552,SCO6097,?,Weak
SCO5552-SCO0999,SCO5552,SCO0999,-,Weak
SCO5552-SCO0606,SCO5552,SCO0606,+,Weak
SCO5552-tal2,SCO5552,tal2,+,Weak
SCO5552-SCO5178,SCO5552,SCO5178,?,Weak
SCO5552-tig,SCO5552,tig,+,Weak
SCO5552-hpd,SCO5552,hpd,+,Weak
SCO5552-SCO1081,SCO5552,SCO1081,+,Weak
SCO5552-SCO2999,SCO5552,SCO2999,?,Weak
SCO5552-SCO5113,SCO5552,SCO5113,+,Weak
SCO5552-ilvC1,SCO5552,ilvC1,?,Weak
SCO5552-SCO2103,SCO5552,SCO2103,+,Strong
SCO5552-pyrG,SCO5552,pyrG,?,Weak
SCO5552-ilvD,SCO5552,ilvD,?,Weak
SCO5552-ahcY,SCO5552,ahcY,+,Weak
SCO5552-tuf1,SCO5552,tuf1,+,Weak
SCO5552-SCO4912,SCO5552,SCO4912,-,Weak
nsrR-SCO7428,nsrR,SCO7428,-,Strong
nsrR-SCO7094,nsrR,SCO7094,-,Strong
nsrR-nsrR,nsrR,nsrR,-,Strong
SCO7314-SCO0666,SCO7314,SCO0666,?,Weak
SCO3129-SCO3128,SCO3129,SCO3128,-,Strong
SCO3129-SCO3129,SCO3129,SCO3129,-,Strong
SCO3129-SCO3130,SCO3129,SCO3130,-,Strong
SCO7222-SCO7223,SCO7222,SCO7223,?,Weak
SCO0310-actII-4,SCO0310,actII-4,?,Weak
afsR-afsR,afsR,afsR,?,Weak
afsR-SCO4142,afsR,SCO4142,-,Strong
afsR-SCO4425,afsR,SCO4425,+,Strong
afsR-SCO4230,afsR,SCO4230,?,Strong
afsR-redD,afsR,redD,+,Weak
afsR-SCO4229,afsR,SCO4229,-,Strong
afsR-actII-4,afsR,actII-4,+,Weak
SCO4230-SCO1527,SCO4230,SCO1527,?,Weak
SCO4230-rbfA,SCO4230,rbfA,?,Weak
SCO4230-SCO2244,SCO4230,SCO2244,?,Weak
SCO4230-SCO2969,SCO4230,SCO2969,-,Weak
SCO4230-SCO1521,SCO4230,SCO1521,?,Weak
SCO4230-SCO4594,SCO4230,SCO4594,?,Weak
SCO4230-SCO2614,SCO4230,SCO2614,-,Weak
SCO4230-SCO2964,SCO4230,SCO2964,+,Weak
SCO4230-SCO2611,SCO4230,SCO2611,?,Weak
SCO4230-SCO2610,SCO4230,SCO2610,?,Weak
SCO4230-SCO1528,SCO4230,SCO1528,?,Weak
SCO4230-SCO1529,SCO4230,SCO1529,?,Weak
SCO4230-SCO1489,SCO4230,SCO1489,?,Weak
SCO4230-pafA,SCO4230,pafA,?,Weak
SCO4230-SCO5109,SCO4230,SCO5109,-,Weak
SCO4230-SCO2968,SCO4230,SCO2968,?,Weak
SCO4230-SCO4352,SCO4230,SCO4352,?,Weak
SCO4230-SCO4353,SCO4230,SCO4353,?,Weak
SCO4230-SCO4351,SCO4230,SCO4351,?,Weak
SCO4230-SCO4354,SCO4230,SCO4354,?,Weak
SCO4230-ilvC2,SCO4230,ilvC2,-,Weak
SCO4230-ilvC1,SCO4230,ilvC1,-,Weak
SCO4230-SCO5401,SCO4230,SCO5401,?,Weak
SCO4230-SCO5400,SCO4230,SCO5400,?,Weak
SCO4230-SCO5405,SCO4230,SCO5405,?,Weak
SCO4230-SCO5404,SCO4230,SCO5404,?,Weak
SCO4230-SCO4459,SCO4230,SCO4459,?,Weak
SCO4230-SCO2962,SCO4230,SCO2962,-,Weak
SCO4230-SCO1411,SCO4230,SCO1411,+,Weak
SCO4230-SCO2961,SCO4230,SCO2961,?,Weak
SCO4230-SCO2763,SCO4230,SCO2763,?,Weak
SCO4230-SCO2960,SCO4230,SCO2960,?,Weak
SCO4230-SCO2765,SCO4230,SCO2765,?,Weak
SCO4230-SCO2764,SCO4230,SCO2764,?,Weak
SCO4230-cmk,SCO4230,cmk,?,Weak
SCO4230-SCO0943,SCO4230,SCO0943,?,Weak
SCO4230-SCO0942,SCO4230,SCO0942,?,Weak
SCO4230-SCO0941,SCO4230,SCO0941,?,Weak
SCO4230-SCO0944,SCO4230,SCO0944,?,Weak
SCO4230-SCO5535,SCO4230,SCO5535,?,Weak
SCO4230-SCO5534,SCO4230,SCO5534,?,Weak
SCO4230-SCO1092,SCO4230,SCO1092,?,Weak
SCO4230-SCO5533,SCO4230,SCO5533,?,Weak
SCO4230-SCO1091,SCO4230,SCO1091,?,Weak
SCO4230-SCO5539,SCO4230,SCO5539,-,Weak
SCO4230-SCO2817,SCO4230,SCO2817,?,Weak
SCO4230-SCO3368,SCO4230,SCO3368,?,Weak
SCO4230-SCO3369,SCO4230,SCO3369,+,Weak
SCO4230-SCO2812,SCO4230,SCO2812,?,Weak
SCO4230-SCO2811,SCO4230,SCO2811,?,Weak
SCO4230-SCO2810,SCO4230,SCO2810,?,Weak
SCO4230-SCO3814,SCO4230,SCO3814,?,Weak
SCO4230-SCO3366,SCO4230,SCO3366,?,Weak
SCO4230-SCO3367,SCO4230,SCO3367,?,Weak
SCO4230-SCO3812,SCO4230,SCO3812,+,Weak
SCO4230-SCO3813,SCO4230,SCO3813,?,Weak
SCO4230-SCO5249,SCO4230,SCO5249,-,Weak
SCO4230-SCO5248,SCO4230,SCO5248,?,Weak
SCO4230-SCO3565,SCO4230,SCO3565,?,Weak
SCO4230-SCO3566,SCO4230,SCO3566,?,Weak
SCO4230-SCO3560,SCO4230,SCO3560,?,Weak
SCO4230-SCO3561,SCO4230,SCO3561,?,Weak
SCO4230-SCO3562,SCO4230,SCO3562,?,Weak
SCO4230-SCO7172,SCO4230,SCO7172,?,Weak
SCO4230-SCO1209,SCO4230,SCO1209,?,Weak
SCO4230-SCO1708,SCO4230,SCO1708,?,Weak
SCO4230-SCO1709,SCO4230,SCO1709,?,Weak
SCO4230-SCO1707,SCO4230,SCO1707,?,Weak
SCO4230-SCO3962,SCO4230,SCO3962,?,Weak
SCO4230-SCO3963,SCO4230,SCO3963,?,Weak
SCO4230-SCO3965,SCO4230,SCO3965,+,Weak
SCO4230-SCO3966,SCO4230,SCO3966,+,Weak
SCO4230-SCO3967,SCO4230,SCO3967,+,Weak
SCO4230-SCO3968,SCO4230,SCO3968,+,Weak
SCO4230-SCO2146,SCO4230,SCO2146,?,Weak
SCO4230-SCO2561,SCO4230,SCO2561,?,Weak
SCO4230-SCO3140,SCO4230,SCO3140,+,Weak
SCO4230-SCO3637,SCO4230,SCO3637,+,Weak
SCO4230-SCO3632,SCO4230,SCO3632,+,Weak
SCO4230-SCO3145,SCO4230,SCO3145,-,Weak
SCO4230-SCO3384,SCO4230,SCO3384,?,Weak
SCO4230-SCO3385,SCO4230,SCO3385,?,Weak
SCO4230-SCO6288,SCO4230,SCO6288,+,Weak
SCO4230-SCO6289,SCO4230,SCO6289,+,Weak
SCO4230-SCO3381,SCO4230,SCO3381,?,Weak
SCO4230-SCO6282,SCO4230,SCO6282,+,Weak
SCO4230-SCO6283,SCO4230,SCO6283,+,Weak
SCO4230-SCO6286,SCO4230,SCO6286,+,Weak
SCO4230-SCO6284,SCO4230,SCO6284,+,Weak
SCO4230-SCO6044,SCO4230,SCO6044,?,Weak
SCO4230-SCO6513,SCO4230,SCO6513,?,Weak
SCO4230-SCO6511,SCO4230,SCO6511,?,Weak
SCO4230-SCO6041,SCO4230,SCO6041,?,Weak
SCO4230-SCO6042,SCO4230,SCO6042,?,Weak
SCO4230-SCO6043,SCO4230,SCO6043,?,Weak
SCO4230-SCO6265,SCO4230,SCO6265,?,Weak
SCO4230-SCO6266,SCO4230,SCO6266,-,Weak
SCO4230-SCO7398,SCO4230,SCO7398,?,Weak
SCO4230-SCO6260,SCO4230,SCO6260,?,Weak
SCO4230-SCO6261,SCO4230,SCO6261,?,Weak
SCO4230-SCO7393,SCO4230,SCO7393,?,Strong
SCO4230-SCO7392,SCO4230,SCO7392,?,Weak
SCO4230-SCO7390,SCO4230,SCO7390,+,Weak
SCO4230-SCO6268,SCO4230,SCO6268,+,Weak
SCO4230-SCO6269,SCO4230,SCO6269,?,Weak
SCO4230-SCO7394,SCO4230,SCO7394,+,Weak
SCO4230-yidC,SCO4230,yidC,?,Weak
SCO4230-SCO6095,SCO4230,SCO6095,?,Weak
SCO4230-SCO7249,SCO4230,SCO7249,-,Weak
SCO4230-SCO3035,SCO4230,SCO3035,?,Weak
SCO4230-SCO3033,SCO4230,SCO3033,-,Weak
SCO4230-SCO6606,SCO4230,SCO6606,-,Weak
SCO4230-SCO6604,SCO4230,SCO6604,?,Weak
SCO4230-SCO6602,SCO4230,SCO6602,?,Weak
SCO4230-SCO6603,SCO4230,SCO6603,?,Weak
SCO4230-SCO7807,SCO4230,SCO7807,?,Weak
SCO4230-SCO7806,SCO4230,SCO7806,?,Weak
SCO4230-SCO7805,SCO4230,SCO7805,?,Weak
SCO4230-SCO7804,SCO4230,SCO7804,?,Weak
SCO4230-SCO7809,SCO4230,SCO7809,?,Weak
SCO4230-SCO7808,SCO4230,SCO7808,?,Weak
SCO4230-SCO6231,SCO4230,SCO6231,?,Weak
SCO4230-SCO6869,SCO4230,SCO6869,?,Weak
SCO4230-SCO7102,SCO4230,SCO7102,?,Weak
SCO4230-SCO0605,SCO4230,SCO0605,+,Weak
SCO4230-SCO6466,SCO4230,SCO6466,?,Weak
SCO4230-SCO6467,SCO4230,SCO6467,?,Weak
SCO4230-SCO7104,SCO4230,SCO7104,?,Weak
SCO4230-SCO7739,SCO4230,SCO7739,?,Weak
SCO4230-SCO7738,SCO4230,SCO7738,?,Weak
SCO4230-whiB7,SCO4230,whiB7,+,Weak
SCO4230-SCO0423,SCO4230,SCO0423,+,Weak
SCO4230-kdpA,SCO4230,kdpA,?,Weak
SCO4230-SCO2682,SCO4230,SCO2682,?,Weak
SCO4230-atpI,SCO4230,atpI,?,Weak
SCO4230-SCO7025,SCO4230,SCO7025,?,Weak
SCO4230-SCO7024,SCO4230,SCO7024,?,Weak
SCO4230-SCO2681,SCO4230,SCO2681,?,Weak
SCO4230-SCO7021,SCO4230,SCO7021,?,Weak
SCO4230-SCO7020,SCO4230,SCO7020,?,Weak
SCO4230-SCO7023,SCO4230,SCO7023,?,Weak
SCO4230-SCO0734,SCO4230,SCO0734,+,Weak
SCO4230-SCO0736,SCO4230,SCO0736,-,Weak
SCO4230-SCO7029,SCO4230,SCO7029,?,Weak
SCO4230-SCO7028,SCO4230,SCO7028,?,Weak
SCO4230-SCO0555,SCO4230,SCO0555,+,Weak
SCO4230-SCO0551,SCO4230,SCO0551,?,Weak
SCO4230-SCO0552,SCO4230,SCO0552,?,Weak
SCO4230-SCO4614,SCO4230,SCO4614,?,Weak
SCO4230-SCO4613,SCO4230,SCO4613,?,Weak
SCO4230-SCO4612,SCO4230,SCO4612,?,Weak
SCO4230-SCO4611,SCO4230,SCO4611,-,Weak
SCO4230-SCO1791,SCO4230,SCO1791,?,Weak
SCO4230-SCO1062,SCO4230,SCO1062,?,Weak
SCO4230-SCO6069,SCO4230,SCO6069,?,Weak
SCO4230-SCO2688,SCO4230,SCO2688,+,Weak
SCO4230-SCO4293,SCO4230,SCO4293,-,Weak
SCO4230-SCO4292,SCO4230,SCO4292,+,Weak
SCO4230-SCO4291,SCO4230,SCO4291,?,Weak
SCO4230-SCO4926,SCO4230,SCO4926,-,Weak
SCO4230-SCO4297,SCO4230,SCO4297,+,Weak
SCO4230-SCO4920,SCO4230,SCO4920,?,Weak
SCO4230-SCO4922,SCO4230,SCO4922,+,Weak
SCO4230-SCO1148,SCO4230,SCO1148,+,Weak
SCO4230-SCO1729,SCO4230,SCO1729,+,Weak
SCO4230-SCO4102,SCO4230,SCO4102,+,Weak
SCO4230-SCO4107,SCO4230,SCO4107,?,Weak
SCO4230-atpE,SCO4230,atpE,?,Weak
SCO4230-SCO0131,SCO4230,SCO0131,+,Weak
SCO4230-SCO1957,SCO4230,SCO1957,+,Weak
SCO4230-SCO4109,SCO4230,SCO4109,+,Weak
SCO4230-SCO4108,SCO4230,SCO4108,?,Weak
SCO4230-SCO1551,SCO4230,SCO1551,?,Weak
SCO4230-SCO2609,SCO4230,SCO2609,?,Weak
SCO4230-SCO1557,SCO4230,SCO1557,?,Weak
SCO4230-gcvP,SCO4230,gcvP,-,Weak
SCO4230-SCO2603,SCO4230,SCO2603,?,Strong
SCO4230-SCO2970,SCO4230,SCO2970,?,Weak
SCO4230-SCO2971,SCO4230,SCO2971,-,Weak
SCO4230-SCO2604,SCO4230,SCO2604,?,Weak
SCO4230-SCO2605,SCO4230,SCO2605,?,Weak
SCO4230-gcvH,SCO4230,gcvH,?,Weak
SCO4230-SCO1394,SCO4230,SCO1394,+,Strong
SCO4230-SCO1397,SCO4230,SCO1397,?,Strong
SCO4230-SCO1390,SCO4230,SCO1390,?,Weak
SCO4230-SCO1393,SCO4230,SCO1393,?,Strong
SCO4230-SCO1392,SCO4230,SCO1392,?,Weak
SCO4230-SCO1399,SCO4230,SCO1399,?,Weak
SCO4230-SCO1398,SCO4230,SCO1398,?,Weak
SCO4230-ftsK,SCO4230,ftsK,?,Weak
SCO4230-ftsH,SCO4230,ftsH,?,Weak
SCO4230-SCO5746,SCO4230,SCO5746,+,Weak
SCO4230-SCO5742,SCO4230,SCO5742,?,Weak
SCO4230-SCO5748,SCO4230,SCO5748,?,Weak
SCO4230-SCO2770,SCO4230,SCO2770,?,Weak
SCO4230-SCO2771,SCO4230,SCO2771,?,Weak
SCO4230-SCO5414,SCO4230,SCO5414,-,Weak
SCO4230-SCO4435,SCO4230,SCO4435,+,Weak
SCO4230-SCO4434,SCO4230,SCO4434,+,Weak
SCO4230-SCO4432,SCO4230,SCO4432,?,Weak
SCO4230-SCO4431,SCO4230,SCO4431,-,Weak
SCO4230-SCO0951,SCO4230,SCO0951,+,Weak
SCO4230-whiB,SCO4230,whiB,?,Weak
SCO4230-SCO0955,SCO4230,SCO0955,-,Weak
SCO4230-glgC,SCO4230,glgC,?,Weak
SCO4230-SCO5520,SCO4230,SCO5520,?,Weak
SCO4230-rpmG2,SCO4230,rpmG2,?,Weak
SCO4230-rpmG1,SCO4230,rpmG1,?,Weak
SCO4230-SCO1985,SCO4230,SCO1985,?,Weak
SCO4230-smc,SCO4230,smc,?,Weak
SCO4230-SCO0290,SCO4230,SCO0290,?,Weak
SCO4230-SCO2557,SCO4230,SCO2557,?,Weak
SCO4230-prfB,SCO4230,prfB,?,Weak
SCO4230-SCO3820,SCO4230,SCO3820,-,Weak
SCO4230-SCO2558,SCO4230,SCO2558,?,Weak
SCO4230-SCO5532,SCO4230,SCO5532,?,Weak
SCO4230-SCO5259,SCO4230,SCO5259,?,Weak
SCO4230-SCO6712,SCO4230,SCO6712,?,Weak
SCO4230-sodN,SCO4230,sodN,+,Weak
SCO4230-SCO3020,SCO4230,SCO3020,?,Weak
SCO4230-SCO1773,SCO4230,SCO1773,-,Weak
SCO4230-SCO1777,SCO4230,SCO1777,?,Weak
SCO4230-glgE2,SCO4230,glgE2,?,Weak
SCO4230-glgE1,SCO4230,glgE1,?,Weak
SCO4230-SCO3954,SCO4230,SCO3954,+,Weak
SCO4230-SCO3734,SCO4230,SCO3734,+,Weak
SCO4230-SCO1851,SCO4230,SCO1851,?,Weak
SCO4230-SCO3731,SCO4230,SCO3731,?,Strong
SCO4230-rsrA,SCO4230,rsrA,+,Weak
SCO4230-glyA,SCO4230,glyA,?,Weak
SCO4230-SCO2398,SCO4230,SCO2398,?,Weak
SCO4230-SCO2399,SCO4230,SCO2399,?,Weak
SCO4230-SCO2397,SCO4230,SCO2397,?,Weak
SCO4230-SCO2393,SCO4230,SCO2393,+,Weak
SCO4230-SCO2158,SCO4230,SCO2158,-,Weak
SCO4230-SCO4021,SCO4230,SCO4021,+,Weak
SCO4230-SCO2157,SCO4230,SCO2157,?,Weak
SCO4230-SCO2150,SCO4230,SCO2150,+,Weak
SCO4230-SCO5071,SCO4230,SCO5071,-,Weak
SCO4230-SCO3811,SCO4230,SCO3811,?,Weak
SCO4230-SCO3603,SCO4230,SCO3603,?,Weak
SCO4230-SCO3602,SCO4230,SCO3602,?,Weak
SCO4230-SCO3605,SCO4230,SCO3605,?,Weak
SCO4230-SCO3604,SCO4230,SCO3604,?,Weak
SCO4230-SCO3607,SCO4230,SCO3607,?,Weak
SCO4230-SCO3609,SCO4230,SCO3609,?,Weak
SCO4230-SCO3608,SCO4230,SCO3608,?,Weak
SCO4230-SCO2818,SCO4230,SCO2818,?,Weak
SCO4230-SCO6078,SCO4230,SCO6078,?,Weak
SCO4230-SCO6071,SCO4230,SCO6071,?,Weak
SCO4230-SCO6070,SCO4230,SCO6070,?,Weak
SCO4230-SCO6074,SCO4230,SCO6074,+,Weak
SCO4230-SCO6077,SCO4230,SCO6077,?,Weak
SCO4230-SCO7388,SCO4230,SCO7388,?,Weak
SCO4230-SCO6250,SCO4230,SCO6250,+,Weak
SCO4230-SCO6709,SCO4230,SCO6709,?,Weak
SCO4230-SCO6708,SCO4230,SCO6708,?,Weak
SCO4230-SCO6259,SCO4230,SCO6259,?,Weak
SCO4230-SCO6704,SCO4230,SCO6704,?,Weak
SCO4230-SCO6703,SCO4230,SCO6703,?,Weak
SCO4230-SCO6702,SCO4230,SCO6702,?,Weak
SCO4230-SCO7386,SCO4230,SCO7386,+,Weak
SCO4230-SCO7387,SCO4230,SCO7387,?,Weak
SCO4230-SCO2068,SCO4230,SCO2068,+,Strong
SCO4230-ribA1,SCO4230,ribA1,?,Weak
SCO4230-SCO7259,SCO4230,SCO7259,?,Weak
SCO4230-SCO3043,SCO4230,SCO3043,?,Weak
SCO4230-SCO3042,SCO4230,SCO3042,?,Weak
SCO4230-SCO3041,SCO4230,SCO3041,?,Weak
SCO4230-SCO6388,SCO4230,SCO6388,+,Weak
SCO4230-SCO3045,SCO4230,SCO3045,?,Weak
SCO4230-SCO5246,SCO4230,SCO5246,?,Weak
SCO4230-SCO4370,SCO4230,SCO4370,?,Weak
SCO4230-SCO4371,SCO4230,SCO4371,?,Weak
SCO4230-SCO2461,SCO4230,SCO2461,?,Weak
SCO4230-SCO7810,SCO4230,SCO7810,+,Weak
SCO4230-SCO7811,SCO4230,SCO7811,?,Weak
SCO4230-SCO7812,SCO4230,SCO7812,?,Weak
SCO4230-SCO7813,SCO4230,SCO7813,?,Weak
SCO4230-SCO7817,SCO4230,SCO7817,?,Weak
SCO4230-SCO7818,SCO4230,SCO7818,?,Weak
SCO4230-SCO1980,SCO4230,SCO1980,-,Weak
SCO4230-SCO6813,SCO4230,SCO6813,?,Weak
SCO4230-SCO6812,SCO4230,SCO6812,?,Weak
SCO4230-SCO6811,SCO4230,SCO6811,?,Weak
SCO4230-SCO6817,SCO4230,SCO6817,?,Weak
SCO4230-SCO6816,SCO4230,SCO6816,?,Weak
SCO4230-mqnA,SCO4230,mqnA,?,Weak
SCO4230-SCO0639,SCO4230,SCO0639,?,Weak
SCO4230-SCO1981,SCO4230,SCO1981,-,Weak
SCO4230-SCO7657,SCO4230,SCO7657,-,Weak
SCO4230-SCO7654,SCO4230,SCO7654,-,Weak
SCO4230-SCO7650,SCO4230,SCO7650,+,Weak
SCO4230-SCO6492,SCO4230,SCO6492,?,Weak
SCO4230-SCO6491,SCO4230,SCO6491,?,Weak
SCO4230-SCO6490,SCO4230,SCO6490,?,Weak
SCO4230-SCO6431,SCO4230,SCO6431,?,Weak
SCO4230-SCO0381,SCO4230,SCO0381,-,Weak
SCO4230-SCO0380,SCO4230,SCO0380,-,Weak
SCO4230-SCO7728,SCO4230,SCO7728,?,Weak
SCO4230-SCO0382,SCO4230,SCO0382,-,Weak
SCO4230-SCO0389,SCO4230,SCO0389,-,Weak
SCO4230-SCO7720,SCO4230,SCO7720,?,Weak
SCO4230-SCO7721,SCO4230,SCO7721,?,Weak
SCO4230-SCO6927,SCO4230,SCO6927,-,Weak
SCO4230-SCO6926,SCO4230,SCO6926,?,Weak
SCO4230-SCO6432,SCO4230,SCO6432,?,Weak
SCO4230-SCO6928,SCO4230,SCO6928,-,Weak
SCO4230-SCO1983,SCO4230,SCO1983,?,Weak
SCO4230-SCO6436,SCO4230,SCO6436,?,Weak
SCO4230-SCO7030,SCO4230,SCO7030,?,Weak
SCO4230-SCO7031,SCO4230,SCO7031,?,Weak
SCO4230-SCO7037,SCO4230,SCO7037,?,Weak
SCO4230-ectB,SCO4230,ectB,?,Weak
SCO4230-SCO0702,SCO4230,SCO0702,-,Weak
SCO4230-SCO0705,SCO4230,SCO0705,?,Weak
SCO4230-SCO0707,SCO4230,SCO0707,?,Weak
SCO4230-SCO0706,SCO4230,SCO0706,?,Weak
SCO4230-rsmI,SCO4230,rsmI,?,Weak
SCO4230-SCO1984,SCO4230,SCO1984,?,Weak
SCO4230-SCO4607,SCO4230,SCO4607,-,Weak
SCO4230-SCO0091,SCO4230,SCO0091,?,Weak
SCO4230-dapA1,SCO4230,dapA1,?,Weak
SCO4230-SCO7823,SCO4230,SCO7823,?,Weak
SCO4230-SCO0097,SCO4230,SCO0097,?,Weak
SCO4230-SCO0096,SCO4230,SCO0096,?,Weak
SCO4230-SCO0099,SCO4230,SCO0099,?,Weak
SCO4230-SCO4280,SCO4230,SCO4280,?,Weak
SCO4230-SCO4281,SCO4230,SCO4281,?,Weak
SCO4230-SCO4930,SCO4230,SCO4930,?,Weak
SCO4230-SCO4931,SCO4230,SCO4931,?,Weak
SCO4230-SCO4284,SCO4230,SCO4284,+,Weak
SCO4230-SCO4285,SCO4230,SCO4285,+,Weak
SCO4230-SCO4286,SCO4230,SCO4286,?,Weak
SCO4230-SCO4287,SCO4230,SCO4287,?,Weak
SCO4230-SCO4288,SCO4230,SCO4288,?,Weak
SCO4230-SCO4289,SCO4230,SCO4289,?,Weak
SCO4230-SCO0140,SCO4230,SCO0140,+,Weak
SCO4230-SCO4115,SCO4230,SCO4115,+,Weak
SCO4230-SCO4117,SCO4230,SCO4117,?,Weak
SCO4230-SCO4119,SCO4230,SCO4119,?,Weak
SCO4230-SCO1544,SCO4230,SCO1544,?,Weak
SCO4230-SCO1545,SCO4230,SCO1545,?,Weak
SCO4230-SCO1546,SCO4230,SCO1546,-,Weak
SCO4230-SCO1547,SCO4230,SCO1547,?,Strong
SCO4230-SCO1548,SCO4230,SCO1548,?,Weak
SCO4230-SCO2940,SCO4230,SCO2940,-,Weak
SCO4230-SCO5642,SCO4230,SCO5642,?,Weak
SCO4230-SCO5640,SCO4230,SCO5640,?,Weak
SCO4230-SCO1384,SCO4230,SCO1384,?,Weak
SCO4230-SCO1385,SCO4230,SCO1385,?,Weak
SCO4230-SCO1389,SCO4230,SCO1389,?,Weak
SCO4230-SCO5733,SCO4230,SCO5733,-,Weak
SCO4230-SCO5884,SCO4230,SCO5884,-,Weak
SCO4230-SCO5731,SCO4230,SCO5731,-,Weak
SCO4230-SCO5886,SCO4230,SCO5886,-,Weak
SCO4230-SCO5881,SCO4230,SCO5881,-,Weak
SCO4230-SCO5880,SCO4230,SCO5880,+-,Weak
SCO4230-SCO5883,SCO4230,SCO5883,-,Weak
SCO4230-SCO4873,SCO4230,SCO4873,+-,Weak
SCO4230-SCO5889,SCO4230,SCO5889,-,Weak
SCO4230-SCO5399,SCO4230,SCO5399,?,Weak
SCO4230-SCO5468,SCO4230,SCO5468,?,Weak
SCO4230-SCO4978,SCO4230,SCO4978,-,Weak
SCO4230-rspG,SCO4230,rspG,-,Weak
SCO4230-aroA2,SCO4230,aroA2,?,Weak
SCO4230-SCO2709,SCO4230,SCO2709,+,Weak
SCO4230-SCO5460,SCO4230,SCO5460,?,Weak
SCO4230-SCO5467,SCO4230,SCO5467,?,Weak
SCO4230-SCO5396,SCO4230,SCO5396,?,Weak
SCO4230-SCO4425,SCO4230,SCO4425,-,Strong
SCO4230-SCO0967,SCO4230,SCO0967,?,Weak
SCO4230-SCO0966,SCO4230,SCO0966,?,Weak
SCO4230-SCO4420,SCO4230,SCO4420,?,Weak
SCO4230-SCO4421,SCO4230,SCO4421,?,Weak
SCO4230-SCO4422,SCO4230,SCO4422,?,Weak
SCO4230-SCO0962,SCO4230,SCO0962,?,Weak
SCO4230-SCO1166,SCO4230,SCO1166,?,Weak
SCO4230-SCO1167,SCO4230,SCO1167,?,Weak
SCO4230-SCO1164,SCO4230,SCO1164,?,Weak
SCO4230-SCO1165,SCO4230,SCO1165,?,Weak
SCO4230-SCO0969,SCO4230,SCO0969,?,Weak
SCO4230-SCO0968,SCO4230,SCO0968,?,Weak
SCO4230-SCO1160,SCO4230,SCO1160,-,Weak
SCO4230-rimP,SCO4230,rimP,?,Weak
SCO4230-rpmF1,SCO4230,rpmF1,+,Weak
SCO4230-rpmF2,SCO4230,rpmF2,+,Weak
SCO4230-SCO0292,SCO4230,SCO0292,?,Weak
SCO4230-SCO0291,SCO4230,SCO0291,?,Weak
SCO4230-rimM,SCO4230,rimM,?,Weak
SCO4230-SCO4795,SCO4230,SCO4795,?,Weak
SCO4230-SCO2833,SCO4230,SCO2833,?,Weak
SCO4230-SCO2832,SCO4230,SCO2832,?,Weak
SCO4230-SCO3542,SCO4230,SCO3542,?,Weak
SCO4230-SCO5260,SCO4230,SCO5260,?,Weak
SCO4230-SCO2837,SCO4230,SCO2837,?,Weak
SCO4230-SCO3541,SCO4230,SCO3541,?,Weak
SCO4230-SCO2838,SCO4230,SCO2838,?,Weak
SCO4230-SCO1137,SCO4230,SCO1137,?,Weak
SCO4230-SCO3548,SCO4230,SCO3548,?,Weak
SCO4230-SCO4571,SCO4230,SCO4571,-,Weak
SCO4230-SCO5063,SCO4230,SCO5063,?,Weak
SCO4230-SCO2018,SCO4230,SCO2018,?,Weak
SCO4230-SCO2017,SCO4230,SCO2017,?,Weak
SCO4230-SCO2016,SCO4230,SCO2016,?,Weak
SCO4230-SCO2015,SCO4230,SCO2015,?,Weak
SCO4230-SCO2014,SCO4230,SCO2014,?,Weak
SCO4230-SCO2013,SCO4230,SCO2013,-,Weak
SCO4230-SCO2012,SCO4230,SCO2012,-,Weak
SCO4230-SCO2010,SCO4230,SCO2010,-,Weak
SCO4230-frc,SCO4230,frc,?,Weak
SCO4230-SCO1761,SCO4230,SCO1761,?,Weak
SCO4230-SCO1762,SCO4230,SCO1762,?,Weak
SCO4230-SCO1763,SCO4230,SCO1763,?,Weak
SCO4230-SCO1764,SCO4230,SCO1764,?,Weak
SCO4230-SCO1765,SCO4230,SCO1765,?,Weak
SCO4230-SCO4526,SCO4230,SCO4526,?,Weak
SCO4230-SCO2493,SCO4230,SCO2493,?,Weak
SCO4230-SCO2492,SCO4230,SCO2492,-,Weak
SCO4230-SCO2497,SCO4230,SCO2497,?,Weak
SCO4230-SCO2496,SCO4230,SCO2496,?,Weak
SCO4230-SCO2495,SCO4230,SCO2495,?,Weak
SCO4230-SCO2494,SCO4230,SCO2494,?,Weak
SCO4230-SCO3942,SCO4230,SCO3942,?,Weak
SCO4230-SCO3943,SCO4230,SCO3943,?,Weak
SCO4230-SCO3940,SCO4230,SCO3940,?,Weak
SCO4230-SCO3941,SCO4230,SCO3941,?,Weak
SCO4230-SCO3946,SCO4230,SCO3946,+,Weak
SCO4230-SCO3945,SCO4230,SCO3945,?,Weak
SCO4230-SCO3722,SCO4230,SCO3722,+,Weak
SCO4230-SCO3723,SCO4230,SCO3723,+,Weak
SCO4230-SCO4579,SCO4230,SCO4579,?,Weak
SCO4230-SCO4799,SCO4230,SCO4799,?,Weak
SCO4230-SCO6898,SCO4230,SCO6898,?,Weak
SCO4230-SCO2122,SCO4230,SCO2122,-,Weak
SCO4230-SCO2125,SCO4230,SCO2125,?,Weak
SCO4230-SCO0856,SCO4230,SCO0856,+,Weak
SCO4230-lepA,SCO4230,lepA,?,Weak
SCO4230-crcB1,SCO4230,crcB1,?,Weak
SCO4230-crcB2,SCO4230,crcB2,?,Weak
SCO4230-SCO3617,SCO4230,SCO3617,-,Weak
SCO4230-SCO3615,SCO4230,SCO3615,-,Weak
SCO4230-SCO3612,SCO4230,SCO3612,+,Weak
SCO4230-SCO3613,SCO4230,SCO3613,?,Weak
SCO4230-SCO3611,SCO4230,SCO3611,?,Weak
SCO4230-gpmA,SCO4230,gpmA,?,Weak
SCO4230-SCO2231,SCO4230,SCO2231,-,Weak
SCO4230-glnA,SCO4230,glnA,-,Strong
SCO4230-gpmI,SCO4230,gpmI,?,Weak
SCO4230-glnD,SCO4230,glnD,-,Strong
SCO4230-rnc,SCO4230,rnc,?,Weak
SCO4230-glnR,SCO4230,glnR,-,Strong
SCO4230-SCO7751,SCO4230,SCO7751,?,Weak
SCO4230-SCO6710,SCO4230,SCO6710,?,Weak
SCO4230-SCO6711,SCO4230,SCO6711,?,Weak
SCO4230-SCO6240,SCO4230,SCO6240,?,Weak
SCO4230-SCO3058,SCO4230,SCO3058,-,Weak
SCO4230-SCO6395,SCO4230,SCO6395,?,Weak
SCO4230-SCO6396,SCO4230,SCO6396,?,Weak
SCO4230-SCO3050,SCO4230,SCO3050,-,Weak
SCO4230-SCO3057,SCO4230,SCO3057,+,Weak
SCO4230-fusA,SCO4230,fusA,-,Weak
SCO4230-SCO7282,SCO4230,SCO7282,?,Weak
SCO4230-SCO7286,SCO4230,SCO7286,-,Weak
SCO4230-SCO7825,SCO4230,SCO7825,?,Weak
SCO4230-SCO7824,SCO4230,SCO7824,?,Weak
SCO4230-SCO7826,SCO4230,SCO7826,?,Weak
SCO4230-SCO7531,SCO4230,SCO7531,+,Weak
SCO4230-SCO7530,SCO4230,SCO7530,+,Weak
SCO4230-SCO6808,SCO4230,SCO6808,?,Weak
SCO4230-SCO6809,SCO4230,SCO6809,?,Weak
SCO4230-abfB,SCO4230,abfB,?,Weak
SCO4230-speE1,SCO4230,speE1,?,Weak
SCO4230-speE2,SCO4230,speE2,+,Weak
SCO4230-SCO6488,SCO4230,SCO6488,?,Weak
SCO4230-SCO6489,SCO4230,SCO6489,?,Weak
SCO4230-SCO7625,SCO4230,SCO7625,+,Weak
SCO4230-SCO7628,SCO4230,SCO7628,-,Weak
SCO4230-SCO0396,SCO4230,SCO0396,-,Weak
SCO4230-SCO7753,SCO4230,SCO7753,?,Weak
SCO4230-SCO7752,SCO4230,SCO7752,?,Weak
SCO4230-SCO0398,SCO4230,SCO0398,-,Weak
SCO4230-SCO7750,SCO4230,SCO7750,?,Weak
SCO4230-SCO7757,SCO4230,SCO7757,?,Weak
SCO4230-SCO7756,SCO4230,SCO7756,?,Weak
SCO4230-SCO7755,SCO4230,SCO7755,?,Weak
SCO4230-SCO7754,SCO4230,SCO7754,?,Weak
SCO4230-SCO1188,SCO4230,SCO1188,?,Weak
SCO4230-SCO6937,SCO4230,SCO6937,?,Weak
SCO4230-SCO6930,SCO4230,SCO6930,-,Weak
SCO4230-SCO6931,SCO4230,SCO6931,-,Weak
SCO4230-SCO6932,SCO4230,SCO6932,-,Weak
SCO4230-SCO1992,SCO4230,SCO1992,?,Weak
SCO4230-SCO6938,SCO4230,SCO6938,?,Weak
SCO4230-SCO0711,SCO4230,SCO0711,+,Weak
SCO4230-SCO0718,SCO4230,SCO0718,+,Weak
SCO4230-SCO4638,SCO4230,SCO4638,?,Weak
SCO4230-SCO0579,SCO4230,SCO0579,+,Weak
SCO4230-SCO4630,SCO4230,SCO4630,?,Weak
SCO4230-SCO0573,SCO4230,SCO0573,+,Weak
SCO4230-SCO4637,SCO4230,SCO4637,?,Weak
SCO4230-SCO4636,SCO4230,SCO4636,?,Weak
SCO4230-SCO0080,SCO4230,SCO0080,?,Weak
SCO4230-SCO0403,SCO4230,SCO0403,?,Weak
SCO4230-nuoA,SCO4230,nuoA,-,Weak
SCO4230-SCO4129,SCO4230,SCO4129,?,Weak
SCO4230-SCO0407,SCO4230,SCO0407,?,Weak
SCO4230-SCO0404,SCO4230,SCO0404,?,Weak
SCO4230-SCO0405,SCO4230,SCO0405,?,Weak
SCO4230-SCO4125,SCO4230,SCO4125,?,Weak
SCO4230-SCO4127,SCO4230,SCO4127,-,Weak
SCO4230-SCO4126,SCO4230,SCO4126,?,Weak
SCO4230-ecaA,SCO4230,ecaA,?,Weak
SCO4230-SCO4123,SCO4230,SCO4123,?,Weak
SCO4230-SCO4257,SCO4230,SCO4257,-,Weak
SCO4230-SCO4256,SCO4230,SCO4256,-,Weak
SCO4230-SCO0884,SCO4230,SCO0884,-,Weak
SCO4230-SCO4254,SCO4230,SCO4254,?,Weak
SCO4230-SCO4253,SCO4230,SCO4253,?,Weak
SCO4230-SCO4252,SCO4230,SCO4252,?,Weak
SCO4230-SCO4251,SCO4230,SCO4251,?,Weak
SCO4230-SCO0881,SCO4230,SCO0881,?,Weak
SCO4230-SCO4258,SCO4230,SCO4258,-,Weak
SCO4230-ribH,SCO4230,ribH,?,Weak
SCO4230-SCO1377,SCO4230,SCO1377,?,Weak
SCO4230-SCO1376,SCO4230,SCO1376,?,Weak
SCO4230-SCO1375,SCO4230,SCO1375,?,Weak
SCO4230-SCO2029,SCO4230,SCO2029,+,Weak
SCO4230-SCO2313,SCO4230,SCO2313,?,Weak
SCO4230-SCO5892,SCO4230,SCO5892,-,Weak
SCO4230-SCO5893,SCO4230,SCO5893,+-,Weak
SCO4230-SCO5890,SCO4230,SCO5890,+-,Weak
SCO4230-SCO5891,SCO4230,SCO5891,+-,Weak
SCO4230-SCO5896,SCO4230,SCO5896,+-,Weak
SCO4230-SCO5897,SCO4230,SCO5897,+-,Weak
SCO4230-SCO5894,SCO4230,SCO5894,-,Weak
SCO4230-SCO5895,SCO4230,SCO5895,-,Weak
SCO4230-SCO5728,SCO4230,SCO5728,?,Weak
SCO4230-SCO5729,SCO4230,SCO5729,?,Weak
SCO4230-SCO5898,SCO4230,SCO5898,-,Weak
SCO4230-SCO5899,SCO4230,SCO5899,-,Weak
SCO4230-ppc,SCO4230,ppc,?,Weak
SCO4230-SCO5479,SCO4230,SCO5479,-,Weak
SCO4230-SCO2712,SCO4230,SCO2712,+,Weak
SCO4230-SCO4501,SCO4230,SCO4501,+,Weak
SCO4230-ppk,SCO4230,ppk,?,Weak
SCO4230-recD2,SCO4230,recD2,?,Weak
SCO4230-SCO5473,SCO4230,SCO5473,?,Weak
SCO4230-SCO5476,SCO4230,SCO5476,-,Weak
SCO4230-SCO5477,SCO4230,SCO5477,?,Weak
SCO4230-SCO0970,SCO4230,SCO0970,?,Weak
SCO4230-SCO0971,SCO4230,SCO0971,-,Weak
SCO4230-SCO1113,SCO4230,SCO1113,-,Weak
SCO4230-SCO1284,SCO4230,SCO1284,+,Weak
SCO4230-SCO2957,SCO4230,SCO2957,?,Weak
SCO4230-SCO2954,SCO4230,SCO2954,-,Weak
SCO4230-SCO5275,SCO4230,SCO5275,-,Weak
SCO4230-SCO2824,SCO4230,SCO2824,?,Weak
SCO4230-SCO3538,SCO4230,SCO3538,-,Weak
SCO4230-SCO2822,SCO4230,SCO2822,?,Weak
SCO4230-SCO2823,SCO4230,SCO2823,?,Weak
SCO4230-SCO4634,SCO4230,SCO4634,+,Weak
SCO4230-SCO5074,SCO4230,SCO5074,-,Weak
SCO4230-SCO1754,SCO4230,SCO1754,?,Weak
SCO4230-SCO1025,SCO4230,SCO1025,?,Weak
SCO4230-SCO5077,SCO4230,SCO5077,-,Weak
SCO4230-SCO1023,SCO4230,SCO1023,?,Weak
SCO4230-SCO2009,SCO4230,SCO2009,?,Weak
SCO4230-SCO1021,SCO4230,SCO1021,?,Strong
SCO4230-SCO1020,SCO4230,SCO1020,-,Weak
SCO4230-SCO2004,SCO4230,SCO2004,?,Weak
SCO4230-SCO2005,SCO4230,SCO2005,?,Weak
SCO4230-SCO2006,SCO4230,SCO2006,?,Weak
SCO4230-SCO2007,SCO4230,SCO2007,?,Weak
SCO4230-SCO5078,SCO4230,SCO5078,-,Weak
SCO4230-SCO5079,SCO4230,SCO5079,-,Weak
SCO4230-SCO1597,SCO4230,SCO1597,+-,Weak
SCO4230-SCO1596,SCO4230,SCO1596,?,Weak
SCO4230-SCO1593,SCO4230,SCO1593,?,Weak
SCO4230-SCO1592,SCO4230,SCO1592,?,Weak
SCO4230-SCO1591,SCO4230,SCO1591,-,Weak
SCO4230-SCO2480,SCO4230,SCO2480,?,Weak
SCO4230-SCO2481,SCO4230,SCO2481,?,Weak
SCO4230-SCO2482,SCO4230,SCO2482,+,Weak
SCO4230-SCO5385,SCO4230,SCO5385,-,Weak
SCO4230-SCO2487,SCO4230,SCO2487,-,Weak
SCO4230-truB,SCO4230,truB,?,Weak
SCO4230-SCO3289,SCO4230,SCO3289,-,Weak
SCO4230-SCO3288,SCO4230,SCO3288,-,Weak
SCO4230-SCO3281,SCO4230,SCO3281,?,Weak
SCO4230-SCO3280,SCO4230,SCO3280,?,Weak
SCO4230-SCO3282,SCO4230,SCO3282,?,Weak
SCO4230-SCO3991,SCO4230,SCO3991,?,Weak
SCO4230-SCO3990,SCO4230,SCO3990,?,Weak
SCO4230-SCO3993,SCO4230,SCO3993,?,Weak
SCO4230-SCO3992,SCO4230,SCO3992,?,Weak
SCO4230-SCO3999,SCO4230,SCO3999,?,Weak
SCO4230-SCO3441,SCO4230,SCO3441,+,Weak
SCO4230-SCO5531,SCO4230,SCO5531,?,Weak
SCO4230-SCO1627,SCO4230,SCO1627,-,Weak
SCO4230-SCO1626,SCO4230,SCO1626,-,Weak
SCO4230-SCO1628,SCO4230,SCO1628,-,Weak
SCO4230-SCO3843,SCO4230,SCO3843,?,Weak
SCO4230-SCO3847,SCO4230,SCO3847,?,Weak
SCO4230-SCO7640,SCO4230,SCO7640,+,Weak
SCO4230-SCO3848,SCO4230,SCO3848,-,Weak
SCO4230-SCO7642,SCO4230,SCO7642,+,Weak
SCO4230-SCO7645,SCO4230,SCO7645,?,Weak
SCO4230-SCO7644,SCO4230,SCO7644,?,Weak
SCO4230-SCO3199,SCO4230,SCO3199,?,Weak
SCO4230-SCO3198,SCO4230,SCO3198,?,Weak
SCO4230-SCO3663,SCO4230,SCO3663,?,Weak
SCO4230-SCO3662,SCO4230,SCO3662,?,Weak
SCO4230-SCO7646,SCO4230,SCO7646,?,Weak
SCO4230-SCO3665,SCO4230,SCO3665,?,Weak
SCO4230-SCO3664,SCO4230,SCO3664,?,Weak
SCO4230-SCO2226,SCO4230,SCO2226,?,Weak
SCO4230-SCO2227,SCO4230,SCO2227,?,Weak
SCO4230-SCO2228,SCO4230,SCO2228,?,Weak
SCO4230-SCO6729,SCO4230,SCO6729,+,Weak
SCO4230-SCO6239,SCO4230,SCO6239,?,Weak
SCO4230-SCO6238,SCO4230,SCO6238,?,Weak
SCO4230-SCO6233,SCO4230,SCO6233,?,Weak
SCO4230-SCO6232,SCO4230,SCO6232,?,Weak
SCO4230-SCO6723,SCO4230,SCO6723,?,Weak
SCO4230-SCO6722,SCO4230,SCO6722,-,Weak
SCO4230-SCO6237,SCO4230,SCO6237,?,Weak
SCO4230-SCO6724,SCO4230,SCO6724,?,Weak
SCO4230-SCO6235,SCO4230,SCO6235,?,Weak
SCO4230-SCO6234,SCO4230,SCO6234,?,Weak
SCO4230-SCO3061,SCO4230,SCO3061,?,Weak
SCO4230-aspS,SCO4230,aspS,+,Weak
SCO4230-SCO3069,SCO4230,SCO3069,?,Weak
SCO4230-SCO3264,SCO4230,SCO3264,?,Weak
SCO4230-SCO3263,SCO4230,SCO3263,?,Weak
SCO4230-SCO3262,SCO4230,SCO3262,?,Weak
SCO4230-SCO3261,SCO4230,SCO3261,?,Weak
SCO4230-SCO1978,SCO4230,SCO1978,?,Weak
SCO4230-SCO6658,SCO4230,SCO6658,?,Weak
SCO4230-SCO4495,SCO4230,SCO4495,+,Weak
SCO4230-SCO6654,SCO4230,SCO6654,-,Weak
SCO4230-SCO6657,SCO4230,SCO6657,+,Weak
SCO4230-SCO6650,SCO4230,SCO6650,-,Weak
SCO4230-SCO6347,SCO4230,SCO6347,?,Weak
SCO4230-SCO6346,SCO4230,SCO6346,?,Weak
SCO4230-SCO6345,SCO4230,SCO6345,?,Weak
SCO4230-SCO6836,SCO4230,SCO6836,?,Weak
SCO4230-SCO6833,SCO4230,SCO6833,?,Weak
SCO4230-SCO6832,SCO4230,SCO6832,-,Weak
SCO4230-SCO7296,SCO4230,SCO7296,-,Weak
SCO4230-SCO1196,SCO4230,SCO1196,+,Strong
SCO4230-glmU,SCO4230,glmU,?,Weak
SCO4230-SCO2628,SCO4230,SCO2628,?,Weak
SCO4230-SCO5220,SCO4230,SCO5220,?,Weak
SCO4230-nuoB1,SCO4230,nuoB1,?,Weak
SCO4230-SCO7632,SCO4230,SCO7632,?,Strong
SCO4230-SCO7633,SCO4230,SCO7633,?,Weak
SCO4230-SCO7634,SCO4230,SCO7634,?,Weak
SCO4230-SCO2117,SCO4230,SCO2117,-,Weak
SCO4230-dmdR2,SCO4230,dmdR2,?,Weak
SCO4230-SCO2442,SCO4230,SCO2442,?,Weak
SCO4230-SCO7741,SCO4230,SCO7741,?,Weak
SCO4230-SCO7742,SCO4230,SCO7742,?,Weak
SCO4230-SCO7743,SCO4230,SCO7743,?,Weak
SCO4230-SCO7744,SCO4230,SCO7744,?,Weak
SCO4230-SCO7745,SCO4230,SCO7745,?,Weak
SCO4230-SCO7746,SCO4230,SCO7746,?,Weak
SCO4230-SCO7240,SCO4230,SCO7240,?,Weak
SCO4230-SCO6901,SCO4230,SCO6901,?,Weak
SCO4230-SCO6900,SCO4230,SCO6900,?,Weak
SCO4230-SCO6907,SCO4230,SCO6907,?,Weak
SCO4230-SCO6906,SCO4230,SCO6906,?,Weak
SCO4230-SCO6908,SCO4230,SCO6908,?,Weak
SCO4230-SCO3588,SCO4230,SCO3588,+,Weak
SCO4230-sigI,SCO4230,sigI,?,Weak
SCO4230-sigH,SCO4230,sigH,-,Weak
SCO4230-SCO4250,SCO4230,SCO4250,?,Weak
SCO4230-SCO2566,SCO4230,SCO2566,?,Weak
SCO4230-era,SCO4230,era,-,Weak
SCO4230-cysH,SCO4230,cysH,-,Weak
SCO4230-cysA,SCO4230,cysA,?,Weak
SCO4230-SCO0505,SCO4230,SCO0505,-,Weak
SCO4230-SCO1967,SCO4230,SCO1967,?,Strong
SCO4230-add1,SCO4230,add1,?,Weak
SCO4230-SCO1968,SCO4230,SCO1968,+-,Strong
SCO4230-SCO4132,SCO4230,SCO4132,?,Weak
SCO4230-SCO4133,SCO4230,SCO4133,?,Weak
SCO4230-SCO4130,SCO4230,SCO4130,?,Weak
SCO4230-SCO0166,SCO4230,SCO0166,?,Weak
SCO4230-SCO4134,SCO4230,SCO4134,?,Weak
SCO4230-SCO4135,SCO4230,SCO4135,?,Weak
SCO4230-SCO0217,SCO4230,SCO0217,-,Weak
SCO4230-SCO0216,SCO4230,SCO0216,-,Weak
SCO4230-SCO0215,SCO4230,SCO0215,?,Weak
SCO4230-SCO0214,SCO4230,SCO0214,?,Weak
SCO4230-SCO4240,SCO4230,SCO4240,?,Weak
SCO4230-SCO0212,SCO4230,SCO0212,-,Weak
SCO4230-SCO4242,SCO4230,SCO4242,?,Weak
SCO4230-SCO6944,SCO4230,SCO6944,-,Weak
SCO4230-SCO1560,SCO4230,SCO1560,-,Weak
SCO4230-SCO5662,SCO4230,SCO5662,-,Weak
SCO4230-SCO1566,SCO4230,SCO1566,-,Weak
SCO4230-SCO4249,SCO4230,SCO4249,?,Strong
SCO4230-SCO5667,SCO4230,SCO5667,?,Weak
SCO4230-SCO1565,SCO4230,SCO1565,+-,Strong
SCO4230-SCO0187,SCO4230,SCO0187,+,Weak
SCO4230-SCO6413,SCO4230,SCO6413,?,Weak
SCO4230-SCO1360,SCO4230,SCO1360,?,Weak
SCO4230-SCO1361,SCO4230,SCO1361,+,Weak
SCO4230-SCO4396,SCO4230,SCO4396,+,Weak
SCO4230-SCO1374,SCO4230,SCO1374,?,Weak
SCO4230-SCO4620,SCO4230,SCO4620,+,Weak
SCO4230-SCO5716,SCO4230,SCO5716,?,Weak
SCO4230-SCO5711,SCO4230,SCO5711,-,Weak
SCO4230-SCO5710,SCO4230,SCO5710,?,Weak
SCO4230-SCO5712,SCO4230,SCO5712,+,Weak
SCO4230-SCO2725,SCO4230,SCO2725,?,Weak
SCO4230-SCO6949,SCO4230,SCO6949,-,Weak
SCO4230-SCO2727,SCO4230,SCO2727,-,Weak
SCO4230-SCO2720,SCO4230,SCO2720,+,Weak
SCO4230-SCO4409,SCO4230,SCO4409,-,Weak
SCO4230-SCO0987,SCO4230,SCO0987,+,Weak
SCO4230-SCO4404,SCO4230,SCO4404,?,Weak
SCO4230-SCO0984,SCO4230,SCO0984,+,Weak
SCO4230-SCO0983,SCO4230,SCO0983,+,Weak
SCO4230-SCO4401,SCO4230,SCO4401,+,Weak
SCO4230-SCO1298,SCO4230,SCO1298,?,Weak
SCO4230-lgt2,SCO4230,lgt2,?,Weak
SCO4230-SCO1293,SCO4230,SCO1293,+,Weak
SCO4230-SCO1296,SCO4230,SCO1296,?,Weak
SCO4230-SCO1297,SCO4230,SCO1297,?,Weak
SCO4230-SCO2923,SCO4230,SCO2923,?,Weak
SCO4230-SCO2922,SCO4230,SCO2922,?,Weak
SCO4230-SCO2921,SCO4230,SCO2921,?,Weak
SCO4230-SCO2926,SCO4230,SCO2926,?,Weak
SCO4230-SCO2925,SCO4230,SCO2925,?,Weak
SCO4230-SCO2924,SCO4230,SCO2924,?,Weak
SCO4230-SCO2928,SCO4230,SCO2928,?,Weak
SCO4230-SCO2589,SCO4230,SCO2589,?,Weak
SCO4230-SCO2588,SCO4230,SCO2588,+,Weak
SCO4230-purQ,SCO4230,purQ,-,Weak
SCO4230-purU,SCO4230,purU,?,Weak
SCO4230-SCO5288,SCO4230,SCO5288,?,Weak
SCO4230-SCO2581,SCO4230,SCO2581,?,Weak
SCO4230-SCO2580,SCO4230,SCO2580,?,Weak
SCO4230-SCO2582,SCO4230,SCO2582,?,Weak
SCO4230-SCO2856,SCO4230,SCO2856,?,Weak
SCO4230-SCO2855,SCO4230,SCO2855,?,Weak
SCO4230-SCO2854,SCO4230,SCO2854,?,Weak
SCO4230-SCO5041,SCO4230,SCO5041,?,Weak
SCO4230-SCO5040,SCO4230,SCO5040,?,Weak
SCO4230-SCO1740,SCO4230,SCO1740,+,Weak
SCO4230-SCO1741,SCO4230,SCO1741,?,Weak
SCO4230-SCO5045,SCO4230,SCO5045,?,Weak
SCO4230-purF,SCO4230,purF,+,Weak
SCO4230-purE,SCO4230,purE,+,Weak
SCO4230-SCO5049,SCO4230,SCO5049,?,Weak
SCO4230-SCO5048,SCO4230,SCO5048,?,Weak
SCO4230-purH,SCO4230,purH,-,Weak
SCO4230-purN,SCO4230,purN,?,Weak
SCO4230-purM,SCO4230,purM,+-,Weak
SCO4230-purL,SCO4230,purL,-,Weak
SCO4230-SCO1583,SCO4230,SCO1583,?,Weak
SCO4230-SCO5445,SCO4230,SCO5445,?,Weak
SCO4230-SCO5444,SCO4230,SCO5444,-,Weak
SCO4230-SCO5447,SCO4230,SCO5447,+-,Strong
SCO4230-SCO5446,SCO4230,SCO5446,?,Weak
SCO4230-SCO5912,SCO4230,SCO5912,?,Weak
SCO4230-SCO5910,SCO4230,SCO5910,?,Weak
SCO4230-SCO5448,SCO4230,SCO5448,?,Weak
SCO4230-SCO5918,SCO4230,SCO5918,?,Weak
SCO4230-map,SCO4230,map,?,Weak
SCO4230-SCO2454,SCO4230,SCO2454,?,Weak
SCO4230-SCO2453,SCO4230,SCO2453,?,Weak
SCO4230-SCO2452,SCO4230,SCO2452,?,Weak
SCO4230-SCO2450,SCO4230,SCO2450,?,Weak
SCO4230-SCO4383,SCO4230,SCO4383,?,Weak
SCO4230-SCO4382,SCO4230,SCO4382,?,Weak
SCO4230-SCO1639,SCO4230,SCO1639,?,Weak
SCO4230-SCO1636,SCO4230,SCO1636,?,Weak
SCO4230-SCO1634,SCO4230,SCO1634,?,Weak
SCO4230-SCO1635,SCO4230,SCO1635,?,Weak
SCO4230-SCO3852,SCO4230,SCO3852,?,Weak
SCO4230-SCO3855,SCO4230,SCO3855,-,Weak
SCO4230-SCO3856,SCO4230,SCO3856,?,Weak
SCO4230-SCO3857,SCO4230,SCO3857,?,Weak
SCO4230-SCO3184,SCO4230,SCO3184,?,Weak
SCO4230-SCO3185,SCO4230,SCO3185,?,Weak
SCO4230-SCO3181,SCO4230,SCO3181,+,Weak
SCO4230-ribBA,SCO4230,ribBA,-,Weak
SCO4230-SCO2211,SCO4230,SCO2211,?,Weak
SCO4230-SCO2210,SCO4230,SCO2210,-,Strong
SCO4230-SCO2213,SCO4230,SCO2213,?,Weak
SCO4230-SCO2212,SCO4230,SCO2212,?,Weak
SCO4230-SCO2214,SCO4230,SCO2214,+,Weak
SCO4230-SCO2217,SCO4230,SCO2217,-,Weak
SCO4230-SCO2369,SCO4230,SCO2369,?,Weak
SCO4230-SCO6223,SCO4230,SCO6223,?,Weak
SCO4230-SCO6224,SCO4230,SCO6224,?,Weak
SCO4230-SCO3076,SCO4230,SCO3076,?,Weak
SCO4230-SCO3077,SCO4230,SCO3077,?,Weak
SCO4230-SCO3075,SCO4230,SCO3075,?,Weak
SCO4230-SCO3079,SCO4230,SCO3079,?,Weak
SCO4230-SCO3278,SCO4230,SCO3278,?,Weak
SCO4230-SCO3279,SCO4230,SCO3279,?,Weak
SCO4230-SCO6649,SCO4230,SCO6649,+,Weak
SCO4230-SCO6034,SCO4230,SCO6034,?,Weak
SCO4230-SCO6130,SCO4230,SCO6130,?,Weak
SCO4230-SCO6131,SCO4230,SCO6131,?,Weak
SCO4230-SCO6822,SCO4230,SCO6822,?,Weak
SCO4230-SCO6823,SCO4230,SCO6823,?,Weak
SCO4230-SCO6820,SCO4230,SCO6820,?,Weak
SCO4230-SCO6821,SCO4230,SCO6821,?,Weak
SCO4230-SCO6824,SCO4230,SCO6824,?,Weak
SCO4230-SCO4419,SCO4230,SCO4419,?,Weak
SCO4230-SCO6033,SCO4230,SCO6033,?,Weak
SCO4230-cobB,SCO4230,cobB,?,Weak
SCO4230-ctaD2,SCO4230,ctaD2,-,Weak
SCO4230-SCO7195,SCO4230,SCO7195,?,Weak
SCO4230-SCO7194,SCO4230,SCO7194,?,Weak
SCO4230-SCO7196,SCO4230,SCO7196,?,Weak
SCO4230-SCO7191,SCO4230,SCO7191,?,Weak
SCO4230-SCO7190,SCO4230,SCO7190,?,Weak
SCO4230-SCO7193,SCO4230,SCO7193,?,Weak
SCO4230-SCO7192,SCO4230,SCO7192,?,Weak
SCO4230-nrdS,SCO4230,nrdS,+,Weak
SCO4230-SCO6732,SCO4230,SCO6732,-,Weak
SCO4230-SCO6730,SCO4230,SCO6730,?,Weak
SCO4230-SCO7358,SCO4230,SCO7358,?,Weak
SCO4230-SCO7357,SCO4230,SCO7357,?,Weak
SCO4230-SCO7356,SCO4230,SCO7356,?,Weak
SCO4230-SCO7355,SCO4230,SCO7355,?,Weak
SCO4230-SCO7354,SCO4230,SCO7354,?,Weak
SCO4230-SCO7176,SCO4230,SCO7176,?,Strong
SCO4230-SCO7175,SCO4230,SCO7175,?,Weak
SCO4230-SCO0034,SCO4230,SCO0034,+,Strong
SCO4230-SCO0379,SCO4230,SCO0379,-,Weak
SCO4230-SCO7171,SCO4230,SCO7171,?,Weak
SCO4230-SCO0374,SCO4230,SCO0374,-,Weak
SCO4230-SCO7179,SCO4230,SCO7179,?,Weak
SCO4230-SCO4899,SCO4230,SCO4899,?,Weak
SCO4230-SCO4895,SCO4230,SCO4895,-,Weak
SCO4230-SCO4891,SCO4230,SCO4891,+,Weak
SCO4230-SCO0770,SCO4230,SCO0770,+,Weak
SCO4230-SCO0772,SCO4230,SCO0772,?,Weak
SCO4230-SCO0778,SCO4230,SCO0778,?,Weak
SCO4230-SCO0779,SCO4230,SCO0779,?,Weak
SCO4230-carB,SCO4230,carB,-,Weak
SCO4230-argF,SCO4230,argF,?,Weak
SCO4230-SCO4094,SCO4230,SCO4094,?,Weak
SCO4230-SCO4097,SCO4230,SCO4097,?,Weak
SCO4230-SCO4091,SCO4230,SCO4091,?,Weak
SCO4230-SCO4090,SCO4230,SCO4090,?,Weak
SCO4230-SCO4093,SCO4230,SCO4093,?,Weak
SCO4230-SCO4092,SCO4230,SCO4092,?,Weak
SCO4230-ilvD,SCO4230,ilvD,-,Weak
SCO4230-SCO1913,SCO4230,SCO1913,?,Weak
SCO4230-SCO1911,SCO4230,SCO1911,?,Weak
SCO4230-SCO1910,SCO4230,SCO1910,?,Weak
SCO4230-SCO7775,SCO4230,SCO7775,?,Weak
SCO4230-SCO7774,SCO4230,SCO7774,?,Weak
SCO4230-SCO7776,SCO4230,SCO7776,?,Weak
SCO4230-SCO6195,SCO4230,SCO6195,-,Weak
SCO4230-serS,SCO4230,serS,+-,Weak
SCO4230-SCO1358,SCO4230,SCO1358,+,Weak
SCO4230-serC,SCO4230,serC,-,Weak
SCO4230-SCO1354,SCO4230,SCO1354,+,Weak
SCO4230-SCO4876,SCO4230,SCO4876,?,Weak
SCO4230-SCO4875,SCO4230,SCO4875,-,Weak
SCO4230-SCO4874,SCO4230,SCO4874,+,Weak
SCO4230-SCO5878,SCO4230,SCO5878,+,Weak
SCO4230-SCO5879,SCO4230,SCO5879,-,Weak
SCO4230-SCO1829,SCO4230,SCO1829,-,Weak
SCO4230-SCO5702,SCO4230,SCO5702,+,Weak
SCO4230-SCO1826,SCO4230,SCO1826,+,Weak
SCO4230-SCO1825,SCO4230,SCO1825,?,Weak
SCO4230-SCO1824,SCO4230,SCO1824,?,Weak
SCO4230-SCO1823,SCO4230,SCO1823,?,Weak
SCO4230-SCO5707,SCO4230,SCO5707,?,Strong
SCO4230-SCO4879,SCO4230,SCO4879,+-,Strong
SCO4230-SCO1820,SCO4230,SCO1820,-,Weak
SCO4230-SCO2738,SCO4230,SCO2738,?,Weak
SCO4230-SCO2739,SCO4230,SCO2739,?,Weak
SCO4230-SCO2625,SCO4230,SCO2625,?,Weak
SCO4230-SCO2736,SCO4230,SCO2736,?,Weak
SCO4230-SCO1138,SCO4230,SCO1138,?,Weak
SCO4230-SCO4479,SCO4230,SCO4479,?,Weak
SCO4230-prs,SCO4230,prs,?,Weak
SCO4230-SCO0992,SCO4230,SCO0992,+,Weak
SCO4230-SCO5676,SCO4230,SCO5676,-,Weak
SCO4230-SCO2936,SCO4230,SCO2936,?,Weak
SCO4230-SCO2937,SCO4230,SCO2937,?,Weak
SCO4230-SCO3519,SCO4230,SCO3519,?,Weak
SCO4230-SCO3518,SCO4230,SCO3518,?,Weak
SCO4230-SCO3517,SCO4230,SCO3517,+,Weak
SCO4230-SCO3511,SCO4230,SCO3511,?,Weak
SCO4230-SCO3510,SCO4230,SCO3510,?,Weak
SCO4230-SCO3513,SCO4230,SCO3513,?,Weak
SCO4230-SCO3512,SCO4230,SCO3512,?,Weak
SCO4230-SCO4505,SCO4230,SCO4505,?,Weak
SCO4230-infA,SCO4230,infA,?,Weak
SCO4230-SCO1007,SCO4230,SCO1007,?,Weak
SCO4230-SCO1009,SCO4230,SCO1009,?,Weak
SCO4230-SCO1008,SCO4230,SCO1008,?,Weak
SCO4230-SCO2821,SCO4230,SCO2821,?,Weak
SCO4230-SCO5050,SCO4230,SCO5050,?,Weak
SCO4230-SCO5051,SCO4230,SCO5051,?,Weak
SCO4230-SCO5904,SCO4230,SCO5904,?,Weak
SCO4230-SCO5905,SCO4230,SCO5905,?,Weak
SCO4230-SCO5906,SCO4230,SCO5906,-,Weak
SCO4230-SCO5907,SCO4230,SCO5907,?,Weak
SCO4230-SCO5456,SCO4230,SCO5456,?,Weak
SCO4230-SCO5901,SCO4230,SCO5901,?,Weak
SCO4230-SCO5902,SCO4230,SCO5902,?,Weak
SCO4230-SCO5903,SCO4230,SCO5903,?,Weak
SCO4230-SCO2008,SCO4230,SCO2008,-,Weak
SCO4230-SCO5458,SCO4230,SCO5458,?,Weak
SCO4230-SCO5459,SCO4230,SCO5459,?,Weak
SCO4230-SCO5908,SCO4230,SCO5908,?,Weak
SCO4230-SCO5909,SCO4230,SCO5909,?,Weak
SCO4230-SCO1022,SCO4230,SCO1022,?,Weak
SCO4230-SCO1753,SCO4230,SCO1753,?,Weak
SCO4230-pgi1,SCO4230,pgi1,?,Weak
SCO4230-SCO2446,SCO4230,SCO2446,?,Weak
SCO4230-SCO2447,SCO4230,SCO2447,?,Weak
SCO4230-SCO2441,SCO4230,SCO2441,?,Weak
SCO4230-SCO2114,SCO4230,SCO2114,-,Weak
SCO4230-SCO2443,SCO4230,SCO2443,?,Weak
SCO4230-SCO2449,SCO4230,SCO2449,?,Weak
SCO4230-allB,SCO4230,allB,?,Weak
SCO4230-SCO1649,SCO4230,SCO1649,?,Weak
SCO4230-SCO1645,SCO4230,SCO1645,?,Weak
SCO4230-SCO0253,SCO4230,SCO0253,+,Weak
SCO4230-SCO2594,SCO4230,SCO2594,-,Weak
SCO4230-SCO2592,SCO4230,SCO2592,-,Weak
SCO4230-SCO2593,SCO4230,SCO2593,-,Weak
SCO4230-SCO2590,SCO4230,SCO2590,?,Weak
SCO4230-SCO3863,SCO4230,SCO3863,?,Weak
SCO4230-SCO3862,SCO4230,SCO3862,?,Weak
SCO4230-tpiA,SCO4230,tpiA,-,Weak
SCO4230-SCO3648,SCO4230,SCO3648,+,Weak
SCO4230-SCO3882,SCO4230,SCO3882,?,Weak
SCO4230-SCO2208,SCO4230,SCO2208,?,Weak
SCO4230-SCO2209,SCO4230,SCO2209,?,Weak
SCO4230-SCO2206,SCO4230,SCO2206,?,Weak
SCO4230-SCO2207,SCO4230,SCO2207,-,Weak
SCO4230-SCO2204,SCO4230,SCO2204,?,Weak
SCO4230-SCO2205,SCO4230,SCO2205,?,Weak
SCO4230-SCO2203,SCO4230,SCO2203,?,Weak
SCO4230-SCO2200,SCO4230,SCO2200,+,Weak
SCO4230-SCO2201,SCO4230,SCO2201,?,Weak
SCO4230-SCO6584,SCO4230,SCO6584,?,Weak
SCO4230-SCO6587,SCO4230,SCO6587,+,Weak
SCO4230-hisG,SCO4230,hisG,?,Weak
SCO4230-SCO6581,SCO4230,SCO6581,?,Weak
SCO4230-SCO6580,SCO4230,SCO6580,?,Weak
SCO4230-SCO6582,SCO4230,SCO6582,?,Weak
SCO4230-ligA1,SCO4230,ligA1,-,Weak
SCO4230-cyc1,SCO4230,cyc1,?,Weak
SCO4230-SCO6588,SCO4230,SCO6588,+,Weak
SCO4230-cyc2,SCO4230,cyc2,-,Weak
SCO4230-SCO3082,SCO4230,SCO3082,?,Strong
SCO4230-SCO3081,SCO4230,SCO3081,-,Strong
SCO4230-SCO3080,SCO4230,SCO3080,?,Weak
SCO4230-SCO6108,SCO4230,SCO6108,?,Weak
SCO4230-SCO4131,SCO4230,SCO4131,?,Weak
SCO4230-SCO6102,SCO4230,SCO6102,-,Weak
SCO4230-SCO6367,SCO4230,SCO6367,?,Weak
SCO4230-SCO6366,SCO4230,SCO6366,?,Weak
SCO4230-SCO6368,SCO4230,SCO6368,?,Weak
SCO4230-SCO6691,SCO4230,SCO6691,+,Weak
SCO4230-SCO4290,SCO4230,SCO4290,?,Weak
SCO4230-SCO6695,SCO4230,SCO6695,-,Weak
SCO4230-SCO6697,SCO4230,SCO6697,?,Weak
SCO4230-SCO6698,SCO4230,SCO6698,?,Weak
SCO4230-SCO7180,SCO4230,SCO7180,?,Weak
SCO4230-SCO7181,SCO4230,SCO7181,?,Weak
SCO4230-SCO7185,SCO4230,SCO7185,?,Weak
SCO4230-SCO6215,SCO4230,SCO6215,?,Weak
SCO4230-SCO6214,SCO4230,SCO6214,-,Weak
SCO4230-SCO6217,SCO4230,SCO6217,?,Weak
SCO4230-SCO6216,SCO4230,SCO6216,?,Weak
SCO4230-SCO7610,SCO4230,SCO7610,+,Weak
SCO4230-SCO7347,SCO4230,SCO7347,-,Weak
SCO4230-SCO7340,SCO4230,SCO7340,?,Strong
SCO4230-SCO7617,SCO4230,SCO7617,-,Weak
SCO4230-SCO7615,SCO4230,SCO7615,-,Weak
SCO4230-SCO7164,SCO4230,SCO7164,+,Weak
SCO4230-SCO7160,SCO4230,SCO7160,?,Weak
SCO4230-SCO0690,SCO4230,SCO0690,?,Weak
SCO4230-SCO0347,SCO4230,SCO0347,?,Weak
SCO4230-SCO4883,SCO4230,SCO4883,?,Weak
SCO4230-SCO4880,SCO4230,SCO4880,+-,Weak
SCO4230-SCO4881,SCO4230,SCO4881,+-,Weak
SCO4230-SCO4886,SCO4230,SCO4886,?,Weak
SCO4230-SCO4884,SCO4230,SCO4884,?,Weak
SCO4230-SCO4885,SCO4230,SCO4885,?,Weak
SCO4230-SCO7507,SCO4230,SCO7507,?,Weak
SCO4230-iolG,SCO4230,iolG,?,Weak
SCO4230-SCO7502,SCO4230,SCO7502,?,Weak
SCO4230-SCO7503,SCO4230,SCO7503,+,Weak
SCO4230-SCO7500,SCO4230,SCO7500,?,Weak
SCO4230-SCO7501,SCO4230,SCO7501,?,Weak
SCO4230-SCO7508,SCO4230,SCO7508,?,Weak
SCO4230-SCO7509,SCO4230,SCO7509,?,Weak
SCO4230-SCO1900,SCO4230,SCO1900,?,Weak
SCO4230-SCO1901,SCO4230,SCO1901,+,Weak
SCO4230-SCO1902,SCO4230,SCO1902,?,Weak
SCO4230-SCO1903,SCO4230,SCO1903,?,Weak
SCO4230-SCO1906,SCO4230,SCO1906,+,Strong
SCO4230-SCO1907,SCO4230,SCO1907,?,Weak
SCO4230-SCO1909,SCO4230,SCO1909,?,Weak
SCO4230-SCO7766,SCO4230,SCO7766,?,Weak
SCO4230-SCO7767,SCO4230,SCO7767,?,Weak
SCO4230-SCO7765,SCO4230,SCO7765,?,Weak
SCO4230-SCO7768,SCO4230,SCO7768,?,Weak
SCO4230-SCO1346,SCO4230,SCO1346,-,Weak
SCO4230-SCO0233,SCO4230,SCO0233,?,Weak
SCO4230-SCO0234,SCO4230,SCO0234,?,Weak
SCO4230-def4,SCO4230,def4,?,Weak
SCO4230-prcB,SCO4230,prcB,?,Weak
SCO4230-prcA,SCO4230,prcA,?,Weak
SCO4230-SCO4262,SCO4230,SCO4262,?,Strong
SCO4230-SCO2608,SCO4230,SCO2608,?,Weak
SCO4230-SCO4261,SCO4230,SCO4261,-,Strong
SCO4230-SCO1550,SCO4230,SCO1550,?,Weak
SCO4230-SCO1686,SCO4230,SCO1686,?,Weak
SCO4230-SCO0406,SCO4230,SCO0406,?,Weak
SCO4230-SCO6743,SCO4230,SCO6743,?,Weak
SCO4230-pat,SCO4230,pat,+,Weak
SCO4230-ybeY,SCO4230,ybeY,+-,Weak
SCO4230-SCO4867,SCO4230,SCO4867,?,Weak
SCO4230-SCO4644,SCO4230,SCO4644,?,Weak
SCO4230-SCO4645,SCO4230,SCO4645,+,Weak
SCO4230-SCO5840,SCO4230,SCO5840,+,Weak
SCO4230-SCO1836,SCO4230,SCO1836,-,Weak
SCO4230-SCO1837,SCO4230,SCO1837,?,Weak
SCO4230-SCO4868,SCO4230,SCO4868,?,Weak
SCO4230-SCO4869,SCO4230,SCO4869,-,Weak
SCO4230-SCO5846,SCO4230,SCO5846,?,Weak
SCO4230-SCO1123,SCO4230,SCO1123,-,Weak
SCO4230-SCO1121,SCO4230,SCO1121,-,Weak
SCO4230-SCO1127,SCO4230,SCO1127,?,Weak
SCO4230-SCO5119,SCO4230,SCO5119,?,Weak
SCO4230-SCO5118,SCO4230,SCO5118,?,Weak
SCO4230-SCO5117,SCO4230,SCO5117,?,Weak
SCO4230-gcvT,SCO4230,gcvT,?,Weak
SCO4230-SCO1128,SCO4230,SCO1128,?,Weak
SCO4230-SCO1129,SCO4230,SCO1129,?,Weak
SCO4230-SCO5113,SCO4230,SCO5113,?,Weak
SCO4230-SCO5112,SCO4230,SCO5112,?,Weak
SCO4230-SCO2607,SCO4230,SCO2607,-,Weak
SCO4230-SCO4460,SCO4230,SCO4460,?,Weak
SCO4230-SCO4461,SCO4230,SCO4461,?,Weak
SCO4230-SCO4462,SCO4230,SCO4462,?,Weak
SCO4230-SCO5597,SCO4230,SCO5597,-,Weak
SCO4230-SCO5596,SCO4230,SCO5596,?,Weak
SCO4230-rpmB2,SCO4230,rpmB2,?,Weak
SCO4230-rpsF,SCO4230,rpsF,-,Weak
SCO4230-SCO4001,SCO4230,SCO4001,?,Weak
SCO4230-SCO2131,SCO4230,SCO2131,?,Weak
SCO4230-SCO2905,SCO4230,SCO2905,?,Weak
SCO4230-SCO2906,SCO4230,SCO2906,?,Weak
SCO4230-SCO2903,SCO4230,SCO2903,?,Weak
SCO4230-SCO3509,SCO4230,SCO3509,?,Weak
SCO4230-f42a,SCO4230,f42a,?,Weak
SCO4230-SCO4514,SCO4230,SCO4514,?,Weak
SCO4230-SCO4515,SCO4230,SCO4515,?,Weak
SCO4230-SCO4516,SCO4230,SCO4516,?,Weak
SCO4230-SCO4512,SCO4230,SCO4512,?,Weak
SCO4230-SCO2692,SCO4230,SCO2692,?,Weak
SCO4230-SCO5023,SCO4230,SCO5023,?,Weak
SCO4230-SCO5022,SCO4230,SCO5022,?,Weak
SCO4230-SCO5021,SCO4230,SCO5021,?,Weak
SCO4230-SCO5020,SCO4230,SCO5020,?,Weak
SCO4230-SCO1012,SCO4230,SCO1012,?,Weak
SCO4230-SCO1013,SCO4230,SCO1013,?,Weak
SCO4230-SCO1010,SCO4230,SCO1010,?,Weak
SCO4230-SCO1011,SCO4230,SCO1011,?,Weak
SCO4230-SCO0839,SCO4230,SCO0839,+,Weak
SCO4230-fumC,SCO4230,fumC,-,Weak
SCO4230-SCO5930,SCO4230,SCO5930,?,Weak
SCO4230-SCO5933,SCO4230,SCO5933,?,Weak
SCO4230-SCO5934,SCO4230,SCO5934,+,Weak
SCO4230-SCO2471,SCO4230,SCO2471,?,Weak
SCO4230-SCO2470,SCO4230,SCO2470,?,Weak
SCO4230-SCO2472,SCO4230,SCO2472,?,Weak
SCO4230-SCO2475,SCO4230,SCO2475,+,Weak
SCO4230-SCO5331,SCO4230,SCO5331,?,Weak
SCO4230-SCO2479,SCO4230,SCO2479,?,Weak
SCO4230-SCO1654,SCO4230,SCO1654,?,Weak
SCO4230-SCO1655,SCO4230,SCO1655,?,Weak
SCO4230-SCO2875,SCO4230,SCO2875,?,Weak
SCO4230-SCO2877,SCO4230,SCO2877,?,Weak
SCO4230-SCO2876,SCO4230,SCO2876,?,Weak
SCO4230-SCO3872,SCO4230,SCO3872,?,Weak
SCO4230-SCO3870,SCO4230,SCO3870,?,Weak
SCO4230-SCO3871,SCO4230,SCO3871,?,Weak
SCO4230-SCO2879,SCO4230,SCO2879,?,Weak
SCO4230-SCO2878,SCO4230,SCO2878,+,Strong
SCO4230-SCO4152,SCO4230,SCO4152,?,Weak
SCO4230-SCO3893,SCO4230,SCO3893,-,Weak
SCO4230-SCO6742,SCO4230,SCO6742,?,Weak
SCO4230-SCO6025,SCO4230,SCO6025,+,Weak
SCO4230-tdk,SCO4230,tdk,?,Weak
SCO4230-SCO6593,SCO4230,SCO6593,?,Weak
SCO4230-SCO6596,SCO4230,SCO6596,?,Weak
SCO4230-SCO6597,SCO4230,SCO6597,?,Weak
SCO4230-SCO6594,SCO4230,SCO6594,?,Weak
SCO4230-SCO6595,SCO4230,SCO6595,?,Weak
SCO4230-SCO6835,SCO4230,SCO6835,?,Weak
SCO4230-SCO3095,SCO4230,SCO3095,-,Weak
SCO4230-SCO6116,SCO4230,SCO6116,?,Weak
SCO4230-SCO6114,SCO4230,SCO6114,?,Weak
SCO4230-SCO6115,SCO4230,SCO6115,?,Weak
SCO4230-SCO6112,SCO4230,SCO6112,?,Weak
SCO4230-SCO6113,SCO4230,SCO6113,?,Weak
SCO4230-SCO6118,SCO4230,SCO6118,-,Weak
SCO4230-ftsY,SCO4230,ftsY,-,Weak
SCO4230-ptpA,SCO4230,ptpA,?,Weak
SCO4230-SCO6686,SCO4230,SCO6686,?,Weak
SCO4230-SCO6687,SCO4230,SCO6687,?,Weak
SCO4230-SCO1783,SCO4230,SCO1783,?,Weak
SCO4230-SCO6202,SCO4230,SCO6202,?,Weak
SCO4230-SCO6200,SCO4230,SCO6200,?,Weak
SCO4230-SCO6201,SCO4230,SCO6201,?,Weak
SCO4230-SCO6207,SCO4230,SCO6207,?,Strong
SCO4230-SCO6756,SCO4230,SCO6756,?,Weak
SCO4230-SCO6757,SCO4230,SCO6757,?,Weak
SCO4230-SCO6758,SCO4230,SCO6758,?,Weak
SCO4230-SCO6759,SCO4230,SCO6759,?,Weak
SCO4230-SCO6208,SCO4230,SCO6208,?,Weak
SCO4230-SCO6209,SCO4230,SCO6209,?,Weak
SCO4230-SCO0688,SCO4230,SCO0688,?,Weak
SCO4230-SCO0689,SCO4230,SCO0689,?,Weak
SCO4230-SCO7156,SCO4230,SCO7156,+,Weak
SCO4230-SCO7159,SCO4230,SCO7159,?,Weak
SCO4230-SCO7402,SCO4230,SCO7402,?,Weak
SCO4230-SCO7401,SCO4230,SCO7401,?,Weak
SCO4230-SCO7400,SCO4230,SCO7400,?,Weak
SCO4230-SCO6978,SCO4230,SCO6978,?,Weak
SCO4230-SCO6979,SCO4230,SCO6979,?,Weak
SCO4230-SCO2348,SCO4230,SCO2348,+,Weak
SCO4230-SCO6972,SCO4230,SCO6972,?,Weak
SCO4230-SCO6973,SCO4230,SCO6973,?,Weak
SCO4230-SCO6974,SCO4230,SCO6974,?,Weak
SCO4230-SCO6975,SCO4230,SCO6975,?,Weak
SCO4230-SCO7083,SCO4230,SCO7083,?,Weak
SCO4230-SCO7081,SCO4230,SCO7081,-,Weak
SCO4230-SCO0759,SCO4230,SCO0759,+,Weak
SCO4230-SCO7087,SCO4230,SCO7087,?,Weak
SCO4230-SCO7086,SCO4230,SCO7086,?,Weak
SCO4230-SCO7085,SCO4230,SCO7085,?,Weak
SCO4230-SCO7084,SCO4230,SCO7084,?,Weak
SCO4230-SCO0752,SCO4230,SCO0752,?,Weak
SCO4230-SCO0753,SCO4230,SCO0753,?,Weak
SCO4230-SCO7089,SCO4230,SCO7089,?,Weak
SCO4230-hrdA,SCO4230,hrdA,-,Strong
SCO4230-SCO0754,SCO4230,SCO0754,?,Weak
SCO4230-SCO7572,SCO4230,SCO7572,?,Weak
SCO4230-SCO7571,SCO4230,SCO7571,?,Weak
SCO4230-SCO7570,SCO4230,SCO7570,?,Weak
SCO4230-SCO7574,SCO4230,SCO7574,-,Weak
SCO4230-SCO7579,SCO4230,SCO7579,?,Weak
SCO4230-SCO3395,SCO4230,SCO3395,?,Weak
SCO4230-SCO2347,SCO4230,SCO2347,?,Weak
SCO4230-SCO4070,SCO4230,SCO4070,?,Weak
SCO4230-SCO4983,SCO4230,SCO4983,?,Weak
SCO4230-SCO4984,SCO4230,SCO4984,?,Weak
SCO4230-SCO4988,SCO4230,SCO4988,+,Weak
SCO4230-SCO1933,SCO4230,SCO1933,?,Weak
SCO4230-SCO1932,SCO4230,SCO1932,?,Weak
SCO4230-SCO7798,SCO4230,SCO7798,?,Weak
SCO4230-SCO7797,SCO4230,SCO7797,?,Weak
SCO4230-SCO7796,SCO4230,SCO7796,?,Weak
SCO4230-SCO7795,SCO4230,SCO7795,?,Weak
SCO4230-SCO7794,SCO4230,SCO7794,?,Weak
SCO4230-SCO0359,SCO4230,SCO0359,+,Weak
SCO4230-SCO1333,SCO4230,SCO1333,?,Weak
SCO4230-SCO4219,SCO4230,SCO4219,?,Weak
SCO4230-SCO4218,SCO4230,SCO4218,?,Weak
SCO4230-SCO1336,SCO4230,SCO1336,+,Weak
SCO4230-SCO0228,SCO4230,SCO0228,-,Weak
SCO4230-SCO0110,SCO4230,SCO0110,?,Weak
SCO4230-SCO0224,SCO4230,SCO0224,+,Weak
SCO4230-SCO0225,SCO4230,SCO0225,?,Weak
SCO4230-SCO0222,SCO4230,SCO0222,-,Weak
SCO4230-SCO4216,SCO4230,SCO4216,+,Weak
SCO4230-SCO4183,SCO4230,SCO4183,?,Weak
SCO4230-SCO4181,SCO4230,SCO4181,?,Weak
SCO4230-acsA,SCO4230,acsA,?,Weak
SCO4230-SCO5855,SCO4230,SCO5855,-,Weak
SCO4230-SCO5850,SCO4230,SCO5850,+,Weak
SCO4230-SCO4679,SCO4230,SCO4679,?,Weak
SCO4230-SCO4678,SCO4230,SCO4678,?,Weak
SCO4230-SCO0534,SCO4230,SCO0534,+,Weak
SCO4230-SCO0535,SCO4230,SCO0535,?,Weak
SCO4230-SCO4859,SCO4230,SCO4859,?,Weak
SCO4230-SCO4858,SCO4230,SCO4858,?,Weak
SCO4230-SCO4455,SCO4230,SCO4455,?,Weak
SCO4230-SCO4454,SCO4230,SCO4454,?,Weak
SCO4230-SCO4325,SCO4230,SCO4325,?,Weak
SCO4230-SCO4324,SCO4230,SCO4324,?,Weak
SCO4230-SCO4323,SCO4230,SCO4323,?,Weak
SCO4230-SCO4322,SCO4230,SCO4322,?,Weak
SCO4230-SCO4321,SCO4230,SCO4321,?,Weak
SCO4230-pth,SCO4230,pth,?,Weak
SCO4230-SCO5100,SCO4230,SCO5100,?,Weak
SCO4230-pta,SCO4230,pta,?,Weak
SCO4230-SCO4328,SCO4230,SCO4328,-,Weak
SCO4230-SCO4699,SCO4230,SCO4699,?,Weak
SCO4230-SCO4698,SCO4230,SCO4698,?,Weak
SCO4230-SCO5581,SCO4230,SCO5581,+,Weak
SCO4230-SCO5583,SCO4230,SCO5583,-,Strong
SCO4230-SCO5584,SCO4230,SCO5584,-,Strong
SCO4230-SCO5588,SCO4230,SCO5588,?,Weak
SCO4230-SCO2918,SCO4230,SCO2918,?,Weak
SCO4230-SCO2917,SCO4230,SCO2917,?,Weak
SCO4230-SCO2914,SCO4230,SCO2914,?,Strong
SCO4230-SCO2915,SCO4230,SCO2915,-,Weak
SCO4230-SCO2046,SCO4230,SCO2046,+,Weak
SCO4230-SCO6236,SCO4230,SCO6236,?,Weak
SCO4230-SCO4521,SCO4230,SCO4521,?,Weak
SCO4230-SCO5039,SCO4230,SCO5039,?,Weak
SCO4230-SCO4523,SCO4230,SCO4523,?,Weak
SCO4230-SCO4522,SCO4230,SCO4522,?,Weak
SCO4230-SCO2686,SCO4230,SCO2686,?,Weak
SCO4230-SCO4524,SCO4230,SCO4524,?,Weak
SCO4230-SCO4527,SCO4230,SCO4527,?,Weak
SCO4230-SCO2685,SCO4230,SCO2685,+,Weak
SCO4230-SCO4529,SCO4230,SCO4529,?,Weak
SCO4230-SCO4528,SCO4230,SCO4528,?,Weak
SCO4230-SCO1793,SCO4230,SCO1793,?,Weak
SCO4230-SCO1792,SCO4230,SCO1792,?,Weak
SCO4230-atpF,SCO4230,atpF,?,Weak
SCO4230-SCO5036,SCO4230,SCO5036,?,Weak
SCO4230-SCO5037,SCO4230,SCO5037,?,Weak
SCO4230-hemB,SCO4230,hemB,?,Weak
SCO4230-SCO5485,SCO4230,SCO5485,?,Weak
SCO4230-SCO5928,SCO4230,SCO5928,?,Weak
SCO4230-SCO5929,SCO4230,SCO5929,?,Weak
SCO4230-SCO5926,SCO4230,SCO5926,?,Weak
SCO4230-SCO5927,SCO4230,SCO5927,?,Weak
SCO4230-SCO5925,SCO4230,SCO5925,?,Weak
SCO4230-SCO5922,SCO4230,SCO5922,?,Weak
SCO4230-SCO5921,SCO4230,SCO5921,?,Weak
SCO4230-SCO1666,SCO4230,SCO1666,-,Weak
SCO4230-SCO2469,SCO4230,SCO2469,?,Weak
SCO4230-SCO2467,SCO4230,SCO2467,?,Weak
SCO4230-SCO2462,SCO4230,SCO2462,?,Weak
SCO4230-SCO5329,SCO4230,SCO5329,?,Weak
SCO4230-SCO2460,SCO4230,SCO2460,?,Weak
SCO4230-prfA,SCO4230,prfA,?,Weak
SCO4230-SCO1463,SCO4230,SCO1463,?,Weak
SCO4230-SCO2862,SCO4230,SCO2862,?,Weak
SCO4230-SCO2861,SCO4230,SCO2861,?,Weak
SCO4230-trmD,SCO4230,trmD,?,Weak
SCO4230-cyp158a2,SCO4230,cyp158a2,?,Weak
SCO4230-SCO3310,SCO4230,SCO3310,-,Weak
SCO4230-SCO2262,SCO4230,SCO2262,-,Strong
SCO4230-SCO3791,SCO4230,SCO3791,?,Strong
SCO4230-SCO3790,SCO4230,SCO3790,+,Strong
SCO4230-SCO3797,SCO4230,SCO3797,+,Weak
SCO4230-SCO3796,SCO4230,SCO3796,+,Weak
SCO4230-SCO3799,SCO4230,SCO3799,?,Weak
SCO4230-SCO3798,SCO4230,SCO3798,?,Weak
SCO4230-SCO6569,SCO4230,SCO6569,-,Weak
SCO4230-SCO6568,SCO4230,SCO6568,?,Weak
SCO4230-SCO6567,SCO4230,SCO6567,-,Weak
SCO4230-SCO6560,SCO4230,SCO6560,?,Weak
SCO4230-SCO2310,SCO4230,SCO2310,?,Weak
SCO4230-SCO2311,SCO4230,SCO2311,?,Weak
SCO4230-SCO2312,SCO4230,SCO2312,?,Weak
SCO4230-SCO6164,SCO4230,SCO6164,-,Weak
SCO4230-SCO2417,SCO4230,SCO2417,?,Weak
SCO4230-SCO6169,SCO4230,SCO6169,?,Strong
SCO4230-SCO2318,SCO4230,SCO2318,?,Weak
SCO4230-SCO2319,SCO4230,SCO2319,?,Weak
SCO4230-SCO1888,SCO4230,SCO1888,?,Weak
SCO4230-fabH3,SCO4230,fabH3,+-,Weak
SCO4230-fabH1,SCO4230,fabH1,-,Weak
SCO4230-SCO6309,SCO4230,SCO6309,?,Weak
SCO4230-rpsR2,SCO4230,rpsR2,?,Weak
SCO4230-SCO6303,SCO4230,SCO6303,?,Weak
SCO4230-trpD1,SCO4230,trpD1,?,Weak
SCO4230-SCO6304,SCO4230,SCO6304,?,Weak
SCO4230-SCO3137,SCO4230,SCO3137,?,Weak
SCO4230-SCO3133,SCO4230,SCO3133,?,Weak
SCO4230-SCO3138,SCO4230,SCO3138,?,Weak
SCO4230-SCO6763,SCO4230,SCO6763,-,Weak
SCO4230-SCO6416,SCO4230,SCO6416,-,Weak
SCO4230-SCO6414,SCO4230,SCO6414,-,Weak
SCO4230-SCO6941,SCO4230,SCO6941,-,Weak
SCO4230-SCO6412,SCO4230,SCO6412,?,Weak
SCO4230-SCO6411,SCO4230,SCO6411,?,Weak
SCO4230-SCO6834,SCO4230,SCO6834,?,Weak
SCO4230-SCO7410,SCO4230,SCO7410,?,Weak
SCO4230-SCO7411,SCO4230,SCO7411,?,Weak
SCO4230-SCO6419,SCO4230,SCO6419,-,Weak
SCO4230-SCO0109,SCO4230,SCO0109,?,Weak
SCO4230-SCO6782,SCO4230,SCO6782,+,Weak
SCO4230-SCO7092,SCO4230,SCO7092,?,Weak
SCO4230-SCO7094,SCO4230,SCO7094,?,Weak
SCO4230-SCO6428,SCO4230,SCO6428,?,Weak
SCO4230-csd,SCO4230,csd,-,Weak
SCO4230-SCO7569,SCO4230,SCO7569,?,Weak
SCO4230-secA,SCO4230,secA,?,Weak
SCO4230-SCO0780,SCO4230,SCO0780,?,Weak
SCO4230-secE,SCO4230,secE,?,Weak
SCO4230-coaX,SCO4230,coaX,?,Weak
SCO4230-ctaD1,SCO4230,ctaD1,+,Weak
SCO4230-secF,SCO4230,secF,-,Weak
SCO4230-SCO4067,SCO4230,SCO4067,?,Weak
SCO4230-SCO0033,SCO4230,SCO0033,?,Weak
SCO4230-SCO4990,SCO4230,SCO4990,?,Weak
SCO4230-SCO4991,SCO4230,SCO4991,?,Weak
SCO4230-SCO4992,SCO4230,SCO4992,-,Weak
SCO4230-SCO4993,SCO4230,SCO4993,?,Weak
SCO4230-SCO4996,SCO4230,SCO4996,?,Weak
SCO4230-secY,SCO4230,secY,?,Weak
SCO4230-coaD,SCO4230,coaD,?,Weak
SCO4230-SCO1925,SCO4230,SCO1925,?,Weak
SCO4230-SCO0323,SCO4230,SCO0323,+,Weak
SCO4230-SCO7788,SCO4230,SCO7788,?,Weak
SCO4230-SCO7789,SCO4230,SCO7789,?,Weak
SCO4230-SCO0324,SCO4230,SCO0324,+,Weak
SCO4230-SCO7786,SCO4230,SCO7786,?,Weak
SCO4230-SCO7787,SCO4230,SCO7787,?,Weak
SCO4230-SCO7781,SCO4230,SCO7781,?,Weak
SCO4230-SCO4208,SCO4230,SCO4208,?,Weak
SCO4230-SCO1322,SCO4230,SCO1322,-,Weak
SCO4230-SCO1325,SCO4230,SCO1325,?,Weak
SCO4230-SCO1327,SCO4230,SCO1327,?,Weak
SCO4230-SCO1328,SCO4230,SCO1328,?,Weak
SCO4230-SCO1329,SCO4230,SCO1329,?,Weak
SCO4230-SCO0257,SCO4230,SCO0257,?,Weak
SCO4230-SCO0256,SCO4230,SCO0256,?,Weak
SCO4230-SCO4206,SCO4230,SCO4206,?,Weak
SCO4230-SCO4207,SCO4230,SCO4207,?,Weak
SCO4230-SCO4199,SCO4230,SCO4199,-,Weak
SCO4230-ffh,SCO4230,ffh,-,Weak
SCO4230-SCO4193,SCO4230,SCO4193,?,Weak
SCO4230-SCO5822,SCO4230,SCO5822,-,Weak
SCO4230-SCO1814,SCO4230,SCO1814,-,Weak
SCO4230-SCO1812,SCO4230,SCO1812,+,Weak
SCO4230-panB,SCO4230,panB,?,Weak
SCO4230-SCO4860,SCO4230,SCO4860,?,Weak
SCO4230-SCO4442,SCO4230,SCO4442,-,Weak
SCO4230-SCO1499,SCO4230,SCO1499,?,Weak
SCO4230-tatC,SCO4230,tatC,-,Weak
SCO4230-SCO1835,SCO4230,SCO1835,?,Weak
SCO4230-SCO5842,SCO4230,SCO5842,-,Weak
SCO4230-SCO5629,SCO4230,SCO5629,?,Weak
SCO4230-SCO5004,SCO4230,SCO5004,?,Weak
SCO4230-SCO1784,SCO4230,SCO1784,?,Weak
SCO4230-SCO1785,SCO4230,SCO1785,?,Weak
SCO4230-SCO1782,SCO4230,SCO1782,?,Weak
SCO4230-dapD,SCO4230,dapD,-,Weak
SCO4230-SCO5003,SCO4230,SCO5003,?,Weak
SCO4230-SCO5550,SCO4230,SCO5550,?,Weak
SCO4230-hisE,SCO4230,hisE,-,Weak
SCO4230-SCO2073,SCO4230,SCO2073,-,Weak
SCO4230-SCO1078,SCO4230,SCO1078,?,Weak
SCO4230-SCO1075,SCO4230,SCO1075,?,Weak
SCO4230-SCO1076,SCO4230,SCO1076,?,Weak
SCO4230-SCO1077,SCO4230,SCO1077,+,Weak
SCO4230-SCO6880,SCO4230,SCO6880,?,Weak
SCO4230-SCO0813,SCO4230,SCO0813,?,Weak
SCO4230-SCO0812,SCO4230,SCO0812,?,Weak
SCO4230-SCO6881,SCO4230,SCO6881,?,Weak
SCO4230-SCO4588,SCO4230,SCO4588,?,Weak
SCO4230-SCO3301,SCO4230,SCO3301,?,Weak
SCO4230-SCO1081,SCO4230,SCO1081,-,Weak
SCO4230-SCO5957,SCO4230,SCO5957,+,Weak
SCO4230-SCO5484,SCO4230,SCO5484,?,Weak
SCO4230-SCO5487,SCO4230,SCO5487,?,Weak
SCO4230-SCO5486,SCO4230,SCO5486,?,Weak
SCO4230-SCO5114,SCO4230,SCO5114,?,Weak
SCO4230-SCO5311,SCO4230,SCO5311,-,Weak
SCO4230-SCO2418,SCO4230,SCO2418,?,Weak
SCO4230-SCO1677,SCO4230,SCO1677,?,Weak
SCO4230-SCO1674,SCO4230,SCO1674,+,Weak
SCO4230-SCO5316,SCO4230,SCO5316,+,Weak
SCO4230-pup,SCO4230,pup,?,Weak
SCO4230-SCO2416,SCO4230,SCO2416,?,Weak
SCO4230-guaA,SCO4230,guaA,-,Weak
SCO4230-SCO2783,SCO4230,SCO2783,?,Weak
SCO4230-SCO2782,SCO4230,SCO2782,?,Weak
SCO4230-recA,SCO4230,recA,-,Weak
SCO4230-SCO2786,SCO4230,SCO2786,-,Weak
SCO4230-SCO2785,SCO4230,SCO2785,?,Weak
SCO4230-SCO2784,SCO4230,SCO2784,?,Weak
SCO4230-SCO2899,SCO4230,SCO2899,?,Weak
SCO4230-SCO2898,SCO4230,SCO2898,?,Weak
SCO4230-SCO2896,SCO4230,SCO2896,?,Weak
SCO4230-SCO2895,SCO4230,SCO2895,?,Weak
SCO4230-SCO2894,SCO4230,SCO2894,?,Weak
SCO4230-tatA,SCO4230,tatA,?,Weak
SCO4230-moaA,SCO4230,moaA,-,Weak
SCO4230-SCO2526,SCO4230,SCO2526,?,Weak
SCO4230-SCO2257,SCO4230,SCO2257,-,Weak
SCO4230-SCO3309,SCO4230,SCO3309,?,Weak
SCO4230-SCO3305,SCO4230,SCO3305,?,Weak
SCO4230-SCO3306,SCO4230,SCO3306,?,Weak
SCO4230-SCO3300,SCO4230,SCO3300,?,Weak
SCO4230-SCO2258,SCO4230,SCO2258,?,Weak
SCO4230-SCO3302,SCO4230,SCO3302,?,Weak
SCO4230-SCO2094,SCO4230,SCO2094,-,Weak
SCO4230-guaB,SCO4230,guaB,-,Weak
SCO4230-SCO2091,SCO4230,SCO2091,?,Weak
SCO4230-SCO2090,SCO4230,SCO2090,?,Weak
SCO4230-SCO3782,SCO4230,SCO3782,+,Weak
SCO4230-SCO3785,SCO4230,SCO3785,+,Weak
SCO4230-SCO6578,SCO4230,SCO6578,?,Weak
SCO4230-SCO6579,SCO4230,SCO6579,?,Weak
SCO4230-SCO6576,SCO4230,SCO6576,?,Weak
SCO4230-SCO6577,SCO4230,SCO6577,?,Weak
SCO4230-SCO6570,SCO4230,SCO6570,-,Weak
SCO4230-SCO6571,SCO4230,SCO6571,-,Weak
SCO4230-purS,SCO4230,purS,-,Weak
SCO4230-SCO7747,SCO4230,SCO7747,?,Weak
SCO4230-SCO6170,SCO4230,SCO6170,?,Strong
SCO4230-SCO6171,SCO4230,SCO6171,?,Weak
SCO4230-SCO2323,SCO4230,SCO2323,?,Weak
SCO4230-SCO5355,SCO4230,SCO5355,-,Weak
SCO4230-SCO2329,SCO4230,SCO2329,?,Weak
SCO4230-SCO6179,SCO4230,SCO6179,?,Weak
SCO4230-SCO3232,SCO4230,SCO3232,?,Weak
SCO4230-SCO3233,SCO4230,SCO3233,?,Weak
SCO4230-dtd,SCO4230,dtd,?,Weak
SCO4230-SCO6319,SCO4230,SCO6319,?,Weak
SCO4230-SCO6310,SCO4230,SCO6310,?,Weak
SCO4230-SCO7313,SCO4230,SCO7313,?,Weak
SCO4230-SCO7312,SCO4230,SCO7312,?,Weak
SCO4230-SCO3126,SCO4230,SCO3126,?,Weak
SCO4230-SCO3120,SCO4230,SCO3120,?,Weak
SCO4230-SCO3121,SCO4230,SCO3121,?,Weak
SCO4230-SCO7314,SCO4230,SCO7314,-,Weak
SCO4230-SCO7319,SCO4230,SCO7319,?,Weak
SCO4230-SCO7318,SCO4230,SCO7318,?,Weak
SCO4230-SCO3128,SCO4230,SCO3128,?,Weak
SCO4230-SCO6773,SCO4230,SCO6773,?,Weak
SCO4230-SCO6774,SCO4230,SCO6774,?,Weak
SCO4230-SCO6775,SCO4230,SCO6775,?,Weak
SCO4230-SCO7429,SCO4230,SCO7429,?,Weak
SCO4230-SCO0101,SCO4230,SCO0101,?,Weak
SCO4230-SCO6167,SCO4230,SCO6167,?,Weak
SCO4230-SCO7130,SCO4230,SCO7130,?,Weak
SCO4230-SCO7136,SCO4230,SCO7136,?,Weak
SCO4230-SCO6795,SCO4230,SCO6795,?,Weak
SCO4230-SCO6796,SCO4230,SCO6796,?,Weak
SCO4230-SCO6797,SCO4230,SCO6797,?,Weak
SCO4230-SCO6798,SCO4230,SCO6798,?,Weak
SCO4230-SCO5608,SCO4230,SCO5608,-,Weak
SCO4230-ung1,SCO4230,ung1,-,Weak
SCO4230-pqrB,SCO4230,pqrB,?,Weak
SCO4230-SCO7551,SCO4230,SCO7551,?,Weak
SCO4230-SCO7550,SCO4230,SCO7550,?,Weak
SCO4230-SCO7553,SCO4230,SCO7553,?,Weak
SCO4230-SCO7552,SCO4230,SCO7552,?,Weak
SCO4230-SCO7045,SCO4230,SCO7045,?,Weak
SCO4230-SCO7043,SCO4230,SCO7043,?,Weak
SCO4230-SCO7042,SCO4230,SCO7042,?,Weak
SCO4230-SCO7041,SCO4230,SCO7041,?,Weak
SCO4230-SCO7048,SCO4230,SCO7048,-,Weak
SCO4230-SCO5430,SCO4230,SCO5430,?,Weak
SCO4230-ctaF,SCO4230,ctaF,-,Weak
SCO4230-clpX,SCO4230,clpX,-,Weak
SCO4230-ssb2,SCO4230,ssb2,-,Weak
SCO4230-ctaE,SCO4230,ctaE,-,Weak
SCO4230-ctaB,SCO4230,ctaB,?,Weak
SCO4230-ctaC,SCO4230,ctaC,?,Weak
SCO4230-clpS,SCO4230,clpS,?,Weak
SCO4230-bfr,SCO4230,bfr,-,Weak
SCO4230-SCO5778,SCO4230,SCO5778,?,Weak
SCO4230-SCO7444,SCO4230,SCO7444,?,Weak
SCO4230-SCO0244,SCO4230,SCO0244,?,Weak
SCO4230-SCO6172,SCO4230,SCO6172,?,Weak
SCO4230-SCO7627,SCO4230,SCO7627,?,Weak
SCO4230-SCO1863,SCO4230,SCO1863,?,Weak
SCO4230-afsR,SCO4230,afsR,?,Weak
SCO4230-SCO1860,SCO4230,SCO1860,?,Weak
SCO4230-SCO5834,SCO4230,SCO5834,?,Weak
SCO4230-SCO1404,SCO4230,SCO1404,?,Weak
SCO4230-SCO0316,SCO4230,SCO0316,?,Weak
SCO4230-SCO1407,SCO4230,SCO1407,?,Weak
SCO4230-SCO0641,SCO4230,SCO0641,?,Weak
SCO4230-SCO3230,SCO4230,SCO3230,?,Weak
SCO4230-SCO4838,SCO4230,SCO4838,?,Weak
SCO4230-SCO2328,SCO4230,SCO2328,?,Weak
SCO4230-SCO1153,SCO4230,SCO1153,?,Weak
SCO4230-SCO4836,SCO4230,SCO4836,+,Weak
SCO4230-SCO4835,SCO4230,SCO4835,?,Weak
SCO4230-SCO1400,SCO4230,SCO1400,?,Weak
SCO4230-SCO4305,SCO4230,SCO4305,+,Weak
SCO4230-SCO1403,SCO4230,SCO1403,?,Weak
SCO4230-SCO4513,SCO4230,SCO4513,?,Weak
SCO4230-arc,SCO4230,arc,?,Weak
SCO4230-SCO5189,SCO4230,SCO5189,+,Weak
SCO4230-SCO4947,SCO4230,SCO4947,-,Weak
SCO4230-SCO5638,SCO4230,SCO5638,?,Weak
SCO4230-thyX,SCO4230,thyX,?,Weak
SCO4230-SCO4230,SCO4230,SCO4230,+-,Strong
SCO4230-SCO4146,SCO4230,SCO4146,?,Weak
SCO4230-SCO5632,SCO4230,SCO5632,?,Weak
SCO4230-SCO5630,SCO4230,SCO5630,?,Weak
SCO4230-SCO5631,SCO4230,SCO5631,?,Weak
SCO4230-SCO4239,SCO4230,SCO4239,?,Weak
SCO4230-SCO4948,SCO4230,SCO4948,?,Weak
SCO4230-SCO5012,SCO4230,SCO5012,?,Weak
SCO4230-SCO5010,SCO4230,SCO5010,?,Weak
SCO4230-SCO5011,SCO4230,SCO5011,?,Weak
SCO4230-SCO5540,SCO4230,SCO5540,-,Weak
SCO4230-SCO5017,SCO4230,SCO5017,?,Weak
SCO4230-SCO2062,SCO4230,SCO2062,?,Weak
SCO4230-SCO2063,SCO4230,SCO2063,?,Weak
SCO4230-SCO5018,SCO4230,SCO5018,-,Weak
SCO4230-SCO5019,SCO4230,SCO5019,?,Weak
SCO4230-SCO2065,SCO4230,SCO2065,?,Weak
SCO4230-SCO4548,SCO4230,SCO4548,?,Weak
SCO4230-SCO4543,SCO4230,SCO4543,?,Weak
SCO4230-SCO4542,SCO4230,SCO4542,?,Weak
SCO4230-SCO4541,SCO4230,SCO4541,?,Weak
SCO4230-SCO1994,SCO4230,SCO1994,?,Weak
SCO4230-SCO4547,SCO4230,SCO4547,?,Weak
SCO4230-SCO4544,SCO4230,SCO4544,?,Weak
SCO4230-SCO5493,SCO4230,SCO5493,-,Weak
SCO4230-SCO5120,SCO4230,SCO5120,?,Weak
SCO4230-SCO5945,SCO4230,SCO5945,?,Weak
SCO4230-SCO5946,SCO4230,SCO5946,+,Weak
SCO4230-SCO3424,SCO4230,SCO3424,?,Weak
SCO4230-SCO3426,SCO4230,SCO3426,?,Weak
SCO4230-SCO3421,SCO4230,SCO3421,?,Weak
SCO4230-SCO3423,SCO4230,SCO3423,?,Weak
SCO4230-SCO3422,SCO4230,SCO3422,?,Weak
SCO4230-SCO2408,SCO4230,SCO2408,-,Weak
SCO4230-SCO1689,SCO4230,SCO1689,?,Weak
SCO4230-SCO1688,SCO4230,SCO1688,?,Weak
SCO4230-SCO1687,SCO4230,SCO1687,?,Weak
SCO4230-SCO2401,SCO4230,SCO2401,?,Weak
SCO4230-SCO2404,SCO4230,SCO2404,?,Weak
SCO4230-SCO2405,SCO4230,SCO2405,?,Weak
SCO4230-SCO5300,SCO4230,SCO5300,?,Weak
SCO4230-SCO5301,SCO4230,SCO5301,?,Weak
SCO4230-SCO2790,SCO4230,SCO2790,?,Weak
SCO4230-SCO1448,SCO4230,SCO1448,+,Weak
SCO4230-SCO2792,SCO4230,SCO2792,?,Weak
SCO4230-SCO2794,SCO4230,SCO2794,?,Weak
SCO4230-SCO2795,SCO4230,SCO2795,?,Weak
SCO4230-SCO6707,SCO4230,SCO6707,?,Weak
SCO4230-SCO2884,SCO4230,SCO2884,?,Weak
SCO4230-SCO2882,SCO4230,SCO2882,-,Weak
SCO4230-atpH,SCO4230,atpH,?,Weak
SCO4230-SCO7384,SCO4230,SCO7384,-,Weak
SCO4230-SCO3683,SCO4230,SCO3683,+,Weak
SCO4230-SCO3339,SCO4230,SCO3339,?,Weak
SCO4230-SCO3338,SCO4230,SCO3338,?,Weak
SCO4230-SCO2241,SCO4230,SCO2241,?,Weak
SCO4230-SCO2246,SCO4230,SCO2246,?,Weak
SCO4230-SCO2532,SCO4230,SCO2532,+,Strong
SCO4230-SCO2245,SCO4230,SCO2245,?,Weak
SCO4230-SCO3331,SCO4230,SCO3331,?,Weak
SCO4230-SCO3330,SCO4230,SCO3330,?,Weak
SCO4230-SCO3333,SCO4230,SCO3333,?,Weak
SCO4230-SCO3332,SCO4230,SCO3332,?,Weak
SCO4230-SCO2538,SCO4230,SCO2538,?,Weak
SCO4230-vanX,SCO4230,vanX,?,Weak
SCO4230-SCO6548,SCO4230,SCO6548,?,Weak
SCO4230-SCO6098,SCO4230,SCO6098,-,Weak
SCO4230-SCO6096,SCO4230,SCO6096,?,Weak
SCO4230-SCO6547,SCO4230,SCO6547,?,Weak
SCO4230-SCO6546,SCO4230,SCO6546,?,Weak
SCO4230-SCO3205,SCO4230,SCO3205,?,Weak
SCO4230-SCO3204,SCO4230,SCO3204,+,Weak
SCO4230-SCO3201,SCO4230,SCO3201,+,Weak
SCO4230-htpX1,SCO4230,htpX1,?,Strong
SCO4230-SCO3209,SCO4230,SCO3209,+,Weak
SCO4230-SCO3208,SCO4230,SCO3208,+,Weak
SCO4230-SCO2339,SCO4230,SCO2339,+,Weak
SCO4230-SCO6145,SCO4230,SCO6145,?,Weak
SCO4230-SCO2334,SCO4230,SCO2334,+,Weak
SCO4230-SCO2335,SCO4230,SCO2335,?,Weak
SCO4230-SCO6143,SCO4230,SCO6143,+,Weak
SCO4230-SCO3807,SCO4230,SCO3807,?,Weak
SCO4230-SCO7311,SCO4230,SCO7311,?,Weak
SCO4230-SCO7317,SCO4230,SCO7317,?,Weak
SCO4230-SCO3110,SCO4230,SCO3110,?,Weak
SCO4230-SCO7303,SCO4230,SCO7303,-,Weak
SCO4230-SCO3119,SCO4230,SCO3119,?,Weak
SCO4230-SCO7252,SCO4230,SCO7252,+,Weak
SCO4230-atpB,SCO4230,atpB,?,Weak
SCO4230-SCO7253,SCO4230,SCO7253,?,Weak
SCO4230-SCO5333,SCO4230,SCO5333,?,Weak
SCO4230-SCO7128,SCO4230,SCO7128,?,Weak
SCO4230-SCO5669,SCO4230,SCO5669,?,Weak
SCO4230-SCO6433,SCO4230,SCO6433,?,Weak
SCO4230-SCO7251,SCO4230,SCO7251,+,Weak
SCO4230-SCO6435,SCO4230,SCO6435,?,Weak
SCO4230-SCO6434,SCO4230,SCO6434,?,Weak
SCO4230-SCO6437,SCO4230,SCO6437,?,Weak
SCO4230-SCO5668,SCO4230,SCO5668,?,Weak
SCO4230-SCO4246,SCO4230,SCO4246,?,Weak
SCO4230-SCO7126,SCO4230,SCO7126,?,Weak
SCO4230-SCO7127,SCO4230,SCO7127,?,Weak
SCO4230-SCO2570,SCO4230,SCO2570,?,Weak
SCO4230-SCO4247,SCO4230,SCO4247,?,Weak
SCO4230-SCO0213,SCO4230,SCO0213,-,Weak
SCO4230-SCO4241,SCO4230,SCO4241,?,Weak
SCO4230-SCO7238,SCO4230,SCO7238,?,Weak
SCO4230-SCO7239,SCO4230,SCO7239,?,Weak
SCO4230-SCO7542,SCO4230,SCO7542,?,Weak
SCO4230-SCO7543,SCO4230,SCO7543,?,Weak
SCO4230-SCO6899,SCO4230,SCO6899,?,Weak
SCO4230-SCO7541,SCO4230,SCO7541,?,Weak
SCO4230-SCO7546,SCO4230,SCO7546,?,Weak
SCO4230-SCO7547,SCO4230,SCO7547,?,Weak
SCO4230-SCO7544,SCO4230,SCO7544,?,Weak
SCO4230-SCO7545,SCO4230,SCO7545,?,Weak
SCO4230-SCO1208,SCO4230,SCO1208,?,Weak
SCO4230-SCO4248,SCO4230,SCO4248,?,Strong
SCO4230-SCO6512,SCO4230,SCO6512,?,Weak
SCO4230-SCO0014,SCO4230,SCO0014,-,Weak
SCO4230-ptsI,SCO4230,ptsI,?,Weak
SCO4230-SCO0498,SCO4230,SCO0498,+,Weak
SCO4230-SCO0495,SCO4230,SCO0495,+,Weak
SCO4230-SCO0494,SCO4230,SCO0494,+,Weak
SCO4230-SCO7436,SCO4230,SCO7436,+,Weak
SCO4230-nuoC,SCO4230,nuoC,-,Weak
SCO4230-SCO7435,SCO4230,SCO7435,?,Weak
SCO4230-nuoF,SCO4230,nuoF,-,Weak
SCO4230-nuoG,SCO4230,nuoG,-,Weak
SCO4230-SCO7430,SCO4230,SCO7430,?,Weak
SCO4230-SCO7431,SCO4230,SCO7431,?,Weak
SCO4230-SCO0657,SCO4230,SCO0657,+,Weak
SCO4230-nuoH,SCO4230,nuoH,-,Weak
SCO4230-nuoN,SCO4230,nuoN,-,Weak
SCO4230-SCO7438,SCO4230,SCO7438,+,Weak
SCO4230-SCO1308,SCO4230,SCO1308,+,Weak
SCO4230-SCO7428,SCO4230,SCO7428,+,Weak
SCO4230-nhaA3,SCO4230,nhaA3,?,Weak
SCO4230-SCO1306,SCO4230,SCO1306,+,Weak
SCO4230-SCO1304,SCO4230,SCO1304,?,Weak
SCO4230-SCO1305,SCO4230,SCO1305,+,Weak
SCO4230-proC,SCO4230,proC,?,Weak
SCO4230-proA,SCO4230,proA,-,Weak
SCO4230-lipA,SCO4230,lipA,?,Weak
SCO4230-SCO5808,SCO4230,SCO5808,?,Weak
SCO4230-SCO1879,SCO4230,SCO1879,?,Weak
SCO4230-SCO5807,SCO4230,SCO5807,?,Weak
SCO4230-SCO4046,SCO4230,SCO4046,?,Weak
SCO4230-SCO4047,SCO4230,SCO4047,?,Weak
SCO4230-SCO4820,SCO4230,SCO4820,?,Weak
SCO4230-SCO4821,SCO4230,SCO4821,?,Weak
SCO4230-SCO4822,SCO4230,SCO4822,?,Weak
SCO4230-SCO4823,SCO4230,SCO4823,?,Weak
SCO4230-SCO1276,SCO4230,SCO1276,?,Weak
SCO4230-SCO1275,SCO4230,SCO1275,?,Weak
SCO4230-SCO4220,SCO4230,SCO4220,?,Weak
SCO4230-SCO4221,SCO4230,SCO4221,?,Weak
SCO4230-SCO4950,SCO4230,SCO4950,-,Weak
SCO4230-SCO4952,SCO4230,SCO4952,?,Weak
SCO4230-SCO4228,SCO4230,SCO4228,+-,Strong
SCO4230-SCO4229,SCO4230,SCO4229,+-,Strong
SCO4230-SCO4973,SCO4230,SCO4973,+,Weak
SCO4230-SCO1052,SCO4230,SCO1052,?,Weak
SCO4230-SCO5570,SCO4230,SCO5570,?,Weak
SCO4230-SCO1050,SCO4230,SCO1050,-,Weak
SCO4230-SCO1056,SCO4230,SCO1056,?,Weak
SCO4230-SCO1057,SCO4230,SCO1057,?,Weak
SCO4230-SCO5578,SCO4230,SCO5578,?,Weak
SCO4230-SCO4559,SCO4230,SCO4559,-,Weak
SCO4230-SCO2650,SCO4230,SCO2650,?,Weak
SCO4230-SCO4552,SCO4230,SCO4552,+,Weak
SCO4230-SCO5977,SCO4230,SCO5977,?,Weak
SCO4230-SCO5971,SCO4230,SCO5971,?,Weak
SCO4230-SCO5970,SCO4230,SCO5970,?,Weak
SCO4230-SCO5979,SCO4230,SCO5979,?,Weak
SCO4230-SCO5978,SCO4230,SCO5978,?,Weak
SCO4230-SCO2431,SCO4230,SCO2431,?,Weak
SCO4230-SCO2433,SCO4230,SCO2433,?,Weak
SCO4230-SCO2432,SCO4230,SCO2432,?,Weak
SCO4230-SCO3924,SCO4230,SCO3924,?,Weak
SCO4230-SCO3925,SCO4230,SCO3925,?,Weak
SCO4230-SCO3434,SCO4230,SCO3434,+,Weak
SCO4230-SCO3923,SCO4230,SCO3923,?,Weak
SCO4230-SCO1694,SCO4230,SCO1694,+,Weak
SCO4230-SCO1695,SCO4230,SCO1695,?,Weak
SCO4230-SCO1697,SCO4230,SCO1697,+,Weak
SCO4230-SCO2371,SCO4230,SCO2371,?,Weak
SCO4230-rplT,SCO4230,rplT,-,Weak
SCO4230-SCO5860,SCO4230,SCO5860,-,Weak
SCO4230-SCO2503,SCO4230,SCO2503,+,Weak
SCO4230-SCO2505,SCO4230,SCO2505,?,Weak
SCO4230-SCO5202,SCO4230,SCO5202,-,Weak
SCO4230-SCO2724,SCO4230,SCO2724,?,Weak
SCO4230-pyrR,SCO4230,pyrR,+,Weak
SCO4230-SCO3217,SCO4230,SCO3217,-,Weak
SCO4230-pyrH,SCO4230,pyrH,-,Weak
SCO4230-pyrG,SCO4230,pyrG,?,Weak
SCO4230-SCO3219,SCO4230,SCO3219,+,Weak
SCO4230-pyrC,SCO4230,pyrC,-,Weak
SCO4230-pyrB,SCO4230,pyrB,?,Weak
SCO4230-SCO6158,SCO4230,SCO6158,?,Weak
SCO4230-SCO6159,SCO4230,SCO6159,?,Weak
SCO4230-SCO6152,SCO4230,SCO6152,?,Weak
SCO4230-SCO6153,SCO4230,SCO6153,?,Weak
SCO4230-SCO6156,SCO4230,SCO6156,?,Weak
SCO4230-SCO6157,SCO4230,SCO6157,?,Weak
SCO4230-SCO6155,SCO4230,SCO6155,?,Weak
SCO4230-SCO3697,SCO4230,SCO3697,+,Weak
SCO4230-SCO3690,SCO4230,SCO3690,?,Weak
SCO4230-SCO3691,SCO4230,SCO3691,?,Weak
SCO4230-SCO3698,SCO4230,SCO3698,?,Weak
SCO4230-SCO3699,SCO4230,SCO3699,?,Weak
SCO4230-SCO6021,SCO4230,SCO6021,?,Weak
SCO4230-SCO4405,SCO4230,SCO4405,?,Weak
SCO4230-SCO7339,SCO4230,SCO7339,?,Strong
SCO4230-SCO7338,SCO4230,SCO7338,?,Weak
SCO4230-SCO3108,SCO4230,SCO3108,-,Weak
SCO4230-SCO7334,SCO4230,SCO7334,?,Weak
SCO4230-SCO7337,SCO4230,SCO7337,?,Strong
SCO4230-SCO7336,SCO4230,SCO7336,?,Strong
SCO4230-SCO3102,SCO4230,SCO3102,?,Weak
SCO4230-SCO3103,SCO4230,SCO3103,?,Weak
SCO4230-SCO3101,SCO4230,SCO3101,-,Weak
SCO4230-katA,SCO4230,katA,-,Weak
SCO4230-katG,SCO4230,katG,-,Weak
SCO4230-SCO7685,SCO4230,SCO7685,?,Weak
SCO4230-SCO7684,SCO4230,SCO7684,+,Weak
SCO4230-uppP2,SCO4230,uppP2,?,Weak
SCO4230-SCO7686,SCO4230,SCO7686,?,Weak
SCO4230-SCO7681,SCO4230,SCO7681,?,Weak
SCO4230-SCO7680,SCO4230,SCO7680,?,Weak
SCO4230-SCO7683,SCO4230,SCO7683,?,Weak
SCO4230-SCO6429,SCO4230,SCO6429,?,Weak
SCO4230-SCO7722,SCO4230,SCO7722,?,Weak
SCO4230-uppP1,SCO4230,uppP1,?,Weak
SCO4230-SCO7088,SCO4230,SCO7088,?,Weak
SCO4230-SCO7209,SCO4230,SCO7209,?,Weak
SCO4230-SCO7208,SCO4230,SCO7208,?,Weak
SCO4230-SCO7207,SCO4230,SCO7207,?,Weak
SCO4230-glyQS,SCO4230,glyQS,?,Weak
SCO4230-SCO7591,SCO4230,SCO7591,?,Weak
SCO4230-SCO7590,SCO4230,SCO7590,-,Weak
SCO4230-SCO7593,SCO4230,SCO7593,?,Weak
SCO4230-SCO7592,SCO4230,SCO7592,?,Weak
SCO4230-SCO1191,SCO4230,SCO1191,?,Weak
SCO4230-SCO0484,SCO4230,SCO0484,+,Weak
SCO4230-SCO7443,SCO4230,SCO7443,-,Weak
SCO4230-SCO0318,SCO4230,SCO0318,?,Weak
SCO4230-SCO1190,SCO4230,SCO1190,?,Weak
SCO4230-SCO7111,SCO4230,SCO7111,+,Weak
SCO4230-SCO7446,SCO4230,SCO7446,?,Weak
SCO4230-SCO7445,SCO4230,SCO7445,+,Weak
SCO4230-folB,SCO4230,folB,?,Weak
SCO4230-SCO7449,SCO4230,SCO7449,?,Weak
SCO4230-SCO7448,SCO4230,SCO7448,?,Weak
SCO4230-SCO0640,SCO4230,SCO0640,?,Weak
SCO4230-SCO0317,SCO4230,SCO0317,?,Weak
SCO4230-SCO0642,SCO4230,SCO0642,?,Weak
SCO4230-SCO0643,SCO4230,SCO0643,?,Weak
SCO4230-SCO0464,SCO4230,SCO0464,+,Weak
SCO4230-SCO1993,SCO4230,SCO1993,?,Weak
SCO4230-rpoZ,SCO4230,rpoZ,-,Strong
SCO4230-SCO4142,SCO4230,SCO4142,+-,Strong
SCO4230-SCO4141,SCO4230,SCO4141,+-,Weak
SCO4230-SCO4140,SCO4230,SCO4140,+-,Weak
SCO4230-rpoC,SCO4230,rpoC,-,Weak
SCO4230-rpoB,SCO4230,rpoB,-,Weak
SCO4230-rpoA,SCO4230,rpoA,-,Weak
SCO4230-SCO4816,SCO4230,SCO4816,?,Weak
SCO4230-SCO4811,SCO4230,SCO4811,?,Weak
SCO4230-SCO4812,SCO4230,SCO4812,?,Weak
SCO4230-SCO1845,SCO4230,SCO1845,?,Strong
SCO4230-SCO1844,SCO4230,SCO1844,?,Strong
SCO4230-SCO1841,SCO4230,SCO1841,?,Weak
SCO4230-SCO4034,SCO4230,SCO4034,-,Weak
SCO4230-SCO3622,SCO4230,SCO3622,-,Weak
SCO4230-SCO3520,SCO4230,SCO3520,?,Weak
SCO4230-rpsE,SCO4230,rpsE,-,Weak
SCO4230-SCO5781,SCO4230,SCO5781,-,Weak
SCO4230-rpsC,SCO4230,rpsC,-,Weak
SCO4230-SCO4363,SCO4230,SCO4363,+,Weak
SCO4230-rpsM,SCO4230,rpsM,-,Weak
SCO4230-rpsL,SCO4230,rpsL,-,Weak
SCO4230-rpsK,SCO4230,rpsK,-,Weak
SCO4230-rpsJ,SCO4230,rpsJ,-,Weak
SCO4230-rpsI,SCO4230,rpsI,-,Weak
SCO4230-rpsH,SCO4230,rpsH,-,Weak
SCO4230-rpsT,SCO4230,rpsT,-,Weak
SCO4230-rpsS,SCO4230,rpsS,-,Weak
SCO4230-SCO1430,SCO4230,SCO1430,-,Strong
SCO4230-rpsQ,SCO4230,rpsQ,-,Weak
SCO4230-rpsZ,SCO4230,rpsZ,-,Weak
SCO4230-SCO5287,SCO4230,SCO5287,?,Weak
SCO4230-SCO0260,SCO4230,SCO0260,-,Weak
SCO4230-SCO0261,SCO4230,SCO0261,+,Weak
SCO4230-redD,SCO4230,redD,+-,Weak
SCO4230-SCO4781,SCO4230,SCO4781,?,Weak
SCO4230-SCO4780,SCO4230,SCO4780,?,Weak
SCO4230-ectA,SCO4230,ectA,?,Weak
SCO4230-SCO5284,SCO4230,SCO5284,+,Weak
SCO4230-SCO5569,SCO4230,SCO5569,?,Weak
SCO4230-rnpA,SCO4230,rnpA,?,Weak
SCO4230-SCO1517,SCO4230,SCO1517,?,Weak
SCO4230-SCO4768,SCO4230,SCO4768,?,Weak
SCO4230-purC,SCO4230,purC,?,Weak
SCO4230-trxC,SCO4230,trxC,+,Weak
SCO4230-SCO5968,SCO4230,SCO5968,?,Weak
SCO4230-SCO5969,SCO4230,SCO5969,?,Weak
SCO4230-purA,SCO4230,purA,-,Weak
SCO4230-SCO1192,SCO4230,SCO1192,?,Weak
SCO4230-SCO5142,SCO4230,SCO5142,?,Weak
SCO4230-SCO5143,SCO4230,SCO5143,?,Weak
SCO4230-SCO5144,SCO4230,SCO5144,?,Weak
SCO4230-SCO5145,SCO4230,SCO5145,?,Weak
SCO4230-SCO3919,SCO4230,SCO3919,?,Weak
SCO4230-SCO2424,SCO4230,SCO2424,?,Weak
SCO4230-SCO2428,SCO4230,SCO2428,?,Strong
SCO4230-SCO3915,SCO4230,SCO3915,?,Weak
SCO4230-SCO3916,SCO4230,SCO3916,?,Weak
SCO4230-purK,SCO4230,purK,?,Weak
SCO4230-tam,SCO4230,tam,?,Weak
SCO4230-SCO3398,SCO4230,SCO3398,?,Weak
SCO4230-SCO5365,SCO4230,SCO5365,?,Weak
SCO4230-SCO0917,SCO4230,SCO0917,+,Weak
SCO4230-SCO4373,SCO4230,SCO4373,+,Weak
SCO4230-SCO0919,SCO4230,SCO0919,+,Weak
SCO4230-SCO3351,SCO4230,SCO3351,?,Weak
SCO4230-SCO3350,SCO4230,SCO3350,?,Weak
SCO4230-SCO3595,SCO4230,SCO3595,?,Weak
SCO4230-SCO3594,SCO4230,SCO3594,?,Weak
SCO4230-SCO3597,SCO4230,SCO3597,?,Weak
SCO4230-SCO3593,SCO4230,SCO3593,?,Weak
SCO4230-SCO2519,SCO4230,SCO2519,-,Weak
SCO4230-SCO2517,SCO4230,SCO2517,-,Weak
SCO4230-ahcY,SCO4230,ahcY,-,Weak
SCO4230-SCO3598,SCO4230,SCO3598,?,Weak
SCO4230-SCO3922,SCO4230,SCO3922,?,Weak
SCO4230-SCO1739,SCO4230,SCO1739,+,Weak
SCO4230-kbl,SCO4230,kbl,-,Weak
SCO4230-SCO6276,SCO4230,SCO6276,+,Weak
SCO4230-SCO1875,SCO4230,SCO1875,?,Weak
SCO4230-SCO3773,SCO4230,SCO3773,?,Weak
SCO4230-SCO3772,SCO4230,SCO3772,+,Weak
SCO4230-SCO5032,SCO4230,SCO5032,+,Weak
SCO4230-SCO3774,SCO4230,SCO3774,?,Weak
SCO4230-ruvA,SCO4230,ruvA,?,Weak
SCO4230-ruvC,SCO4230,ruvC,?,Weak
SCO4230-ruvB,SCO4230,ruvB,?,Weak
SCO4230-SCO6272,SCO4230,SCO6272,?,Strong
SCO4230-SCO5917,SCO4230,SCO5917,?,Weak
SCO4230-SCO2350,SCO4230,SCO2350,?,Strong
SCO4230-SCO2351,SCO4230,SCO2351,?,Weak
SCO4230-SCO2357,SCO4230,SCO2357,-,Weak
SCO4230-SCO6180,SCO4230,SCO6180,?,Weak
SCO4230-SCO6636,SCO4230,SCO6636,?,Weak
SCO4230-SCO6635,SCO4230,SCO6635,?,Weak
SCO4230-SCO5247,SCO4230,SCO5247,?,Weak
SCO4230-SCO5833,SCO4230,SCO5833,?,Weak
SCO4230-bar,SCO4230,bar,?,Weak
SCO4230-SCO1053,SCO4230,SCO1053,?,Weak
SCO4230-SCO6278,SCO4230,SCO6278,+,Weak
SCO4230-SCO4937,SCO4230,SCO4937,+,Weak
SCO4230-SCO4934,SCO4230,SCO4934,?,Weak
SCO4230-SCO3173,SCO4230,SCO3173,?,Weak
SCO4230-SCO3172,SCO4230,SCO3172,?,Weak
SCO4230-SCO4935,SCO4230,SCO4935,?,Weak
SCO4230-gudD,SCO4230,gudD,+,Weak
SCO4230-nadD,SCO4230,nadD,?,Weak
SCO4230-SCO6529,SCO4230,SCO6529,?,Weak
SCO4230-SCO7692,SCO4230,SCO7692,?,Weak
SCO4230-SCO6988,SCO4230,SCO6988,?,Weak
SCO4230-SCO6458,SCO4230,SCO6458,+,Weak
SCO4230-SCO7697,SCO4230,SCO7697,+-,Strong
SCO4230-rplX,SCO4230,rplX,-,Weak
SCO4230-rplV,SCO4230,rplV,-,Weak
SCO4230-rplW,SCO4230,rplW,-,Weak
SCO4230-SCO6983,SCO4230,SCO6983,-,Weak
SCO4230-SCO6982,SCO4230,SCO6982,-,Weak
SCO4230-rplR,SCO4230,rplR,-,Weak
SCO4230-rplS,SCO4230,rplS,-,Weak
SCO4230-rplP,SCO4230,rplP,-,Weak
SCO4230-rplQ,SCO4230,rplQ,-,Weak
SCO4230-rplN,SCO4230,rplN,-,Weak
SCO4230-rplO,SCO4230,rplO,-,Weak
SCO4230-rplL,SCO4230,rplL,-,Weak
SCO4230-rplM,SCO4230,rplM,-,Weak
SCO4230-rplJ,SCO4230,rplJ,-,Weak
SCO4230-rplF,SCO4230,rplF,-,Weak
SCO4230-rplD,SCO4230,rplD,-,Weak
SCO4230-rplE,SCO4230,rplE,-,Weak
SCO4230-rplB,SCO4230,rplB,-,Weak
SCO4230-rplC,SCO4230,rplC,-,Weak
SCO4230-SCO3007,SCO4230,SCO3007,?,Weak
SCO4230-SCO7217,SCO4230,SCO7217,+,Weak
SCO4230-SCO7214,SCO4230,SCO7214,?,Weak
SCO4230-SCO3004,SCO4230,SCO3004,?,Weak
SCO4230-SCO3003,SCO4230,SCO3003,?,Weak
SCO4230-SCO3002,SCO4230,SCO3002,?,Weak
SCO4230-SCO7210,SCO4230,SCO7210,?,Weak
SCO4230-hyuA,SCO4230,hyuA,-,Weak
SCO4230-SCO7218,SCO4230,SCO7218,?,Weak
SCO4230-SCO1299,SCO4230,SCO1299,?,Weak
SCO4230-metG,SCO4230,metG,+,Weak
SCO4230-metK,SCO4230,metK,-,Weak
SCO4230-SCO7078,SCO4230,SCO7078,?,Weak
SCO4230-SCO7079,SCO4230,SCO7079,?,Weak
SCO4230-SCO7077,SCO4230,SCO7077,?,Weak
SCO4230-SCO0144,SCO4230,SCO0144,-,Weak
SCO4230-SCO7129,SCO4230,SCO7129,?,Weak
SCO4230-SCO6850,SCO4230,SCO6850,?,Weak
SCO4230-SCO7585,SCO4230,SCO7585,-,Weak
SCO4230-SCO7583,SCO4230,SCO7583,?,Weak
SCO4230-SCO7580,SCO4230,SCO7580,-,Weak
SCO4230-SCO5214,SCO4230,SCO5214,-,Weak
SCO4230-glkA,SCO4230,glkA,?,Weak
SCO4230-sepF1,SCO4230,sepF1,-,Weak
SCO4230-SCO3026,SCO4230,SCO3026,?,Weak
SCO4230-SCO7450,SCO4230,SCO7450,?,Weak
SCO4230-SCO7103,SCO4230,SCO7103,?,Weak
SCO4230-SCO7100,SCO4230,SCO7100,?,Weak
SCO4230-SCO7101,SCO4230,SCO7101,?,Weak
SCO4230-SCO7456,SCO4230,SCO7456,?,Weak
SCO4230-SCO7457,SCO4230,SCO7457,?,Weak
SCO4230-SCO7458,SCO4230,SCO7458,?,Weak
SCO4230-SCO0670,SCO4230,SCO0670,+,Weak
SCO4230-SCO3459,SCO4230,SCO3459,+,Weak
SCO4230-SCO0457,SCO4230,SCO0457,+,Weak
SCO4230-SCO0108,SCO4230,SCO0108,?,Weak
SCO4230-SCO0107,SCO4230,SCO0107,?,Weak
SCO4230-SCO0106,SCO4230,SCO0106,?,Weak
SCO4230-SCO4156,SCO4230,SCO4156,?,Weak
SCO4230-SCO4157,SCO4230,SCO4157,?,Weak
SCO4230-SCO0103,SCO4230,SCO0103,?,Weak
SCO4230-SCO0102,SCO4230,SCO0102,?,Weak
SCO4230-SCO1986,SCO4230,SCO1986,?,Weak
SCO4230-SCO0100,SCO4230,SCO0100,?,Weak
SCO4230-SCO4402,SCO4230,SCO4402,?,Strong
SCO4230-SCO4802,SCO4230,SCO4802,+,Weak
SCO4230-SCO4803,SCO4230,SCO4803,?,Weak
SCO4230-SCO4800,SCO4230,SCO4800,-,Weak
SCO4230-SCO4804,SCO4230,SCO4804,?,Weak
SCO4230-SCO1850,SCO4230,SCO1850,?,Weak
SCO4230-SCO4809,SCO4230,SCO4809,-,Weak
SCO4230-SCO4020,SCO4230,SCO4020,?,Weak
SCO4230-SCO5647,SCO4230,SCO5647,?,Weak
SCO4230-SCO4024,SCO4230,SCO4024,+,Weak
SCO4230-SCO1549,SCO4230,SCO1549,?,Weak
SCO4230-SCO0079,SCO4230,SCO0079,?,Weak
SCO4230-SCO6755,SCO4230,SCO6755,?,Weak
SCO4230-SCO1210,SCO4230,SCO1210,?,Weak
SCO4230-SCO4878,SCO4230,SCO4878,+,Strong
SCO4230-SCO1215,SCO4230,SCO1215,?,Strong
SCO4230-fbpC,SCO4230,fbpC,+,Weak
SCO4230-SCO5777,SCO4230,SCO5777,-,Weak
SCO4230-SCO5776,SCO4230,SCO5776,-,Weak
SCO4230-SCO5775,SCO4230,SCO5775,-,Weak
SCO4230-SCO5774,SCO4230,SCO5774,-,Weak
SCO4230-SCO4798,SCO4230,SCO4798,?,Weak
SCO4230-mprR,SCO4230,mprR,?,Weak
SCO4230-dnaE,SCO4230,dnaE,?,Weak
SCO4230-dnaG,SCO4230,dnaG,?,Weak
SCO4230-SCO4972,SCO4230,SCO4972,+,Weak
SCO4230-SCO4797,SCO4230,SCO4797,-,Weak
SCO4230-SCO4794,SCO4230,SCO4794,?,Weak
SCO4230-dnaN,SCO4230,dnaN,?,Weak
SCO4230-SCO2985,SCO4230,SCO2985,?,Weak
SCO4230-SCO2632,SCO4230,SCO2632,?,Weak
SCO4230-SCO2631,SCO4230,SCO2631,?,Weak
SCO4230-SCO2986,SCO4230,SCO2986,?,Weak
SCO4230-SCO4574,SCO4230,SCO4574,-,Weak
SCO4230-SCO2982,SCO4230,SCO2982,+,Weak
SCO4230-SCO5513,SCO4230,SCO5513,-,Weak
SCO4230-SCO5512,SCO4230,SCO5512,-,Weak
SCO4230-SCO5511,SCO4230,SCO5511,?,Weak
SCO4230-SCO5510,SCO4230,SCO5510,?,Weak
SCO4230-SCO5515,SCO4230,SCO5515,-,Weak
SCO4230-SCO4777,SCO4230,SCO4777,-,Weak
SCO4230-SCO4773,SCO4230,SCO4773,?,Weak
SCO4230-SCO5681,SCO4230,SCO5681,+,Weak
SCO4230-SCO1507,SCO4230,SCO1507,-,Weak
SCO4230-SCO4779,SCO4230,SCO4779,?,Weak
SCO4230-SCO5999,SCO4230,SCO5999,?,Weak
SCO4230-SCO5997,SCO4230,SCO5997,?,Weak
SCO4230-SCO5996,SCO4230,SCO5996,?,Weak
SCO4230-SCO7407,SCO4230,SCO7407,?,Weak
SCO4230-SCO1182,SCO4230,SCO1182,-,Weak
SCO4230-SCO1184,SCO4230,SCO1184,?,Weak
SCO4230-SCO1185,SCO4230,SCO1185,?,Weak
SCO4230-SCO4480,SCO4230,SCO4480,+,Weak
SCO4230-pfkA3,SCO4230,pfkA3,?,Weak
SCO4230-SCO1189,SCO4230,SCO1189,-,Weak
SCO4230-SCO5177,SCO4230,SCO5177,-,Weak
SCO4230-SCO5427,SCO4230,SCO5427,?,Weak
SCO4230-SCO5354,SCO4230,SCO5354,?,Weak
SCO4230-cimA,SCO4230,cimA,?,Weak
SCO4230-SCO5423,SCO4230,SCO5423,?,Weak
SCO4230-SCO5422,SCO4230,SCO5422,?,Weak
SCO4230-SCO2185,SCO4230,SCO2185,?,Weak
SCO4230-SCO2184,SCO4230,SCO2184,?,Weak
SCO4230-SCO2187,SCO4230,SCO2187,?,Weak
SCO4230-SCO2186,SCO4230,SCO2186,?,Weak
SCO4230-SCO5358,SCO4230,SCO5358,?,Weak
SCO4230-SCO2183,SCO4230,SCO2183,?,Weak
SCO4230-SCO5428,SCO4230,SCO5428,?,Weak
SCO4230-SCO5197,SCO4230,SCO5197,-,Weak
SCO4230-SCO5191,SCO4230,SCO5191,+,Weak
SCO4230-SCO2743,SCO4230,SCO2743,-,Weak
SCO4230-SCO2740,SCO4230,SCO2740,?,Weak
SCO4230-SCO0921,SCO4230,SCO0921,+,Weak
SCO4230-xlnC,SCO4230,xlnC,?,Weak
SCO4230-SCO0923,SCO4230,SCO0923,-,Weak
SCO4230-SCO0922,SCO4230,SCO0922,-,Weak
SCO4230-SCO0924,SCO4230,SCO0924,-,Weak
SCO4230-wblI,SCO4230,wblI,?,Weak
SCO4230-SCO0926,SCO4230,SCO0926,+,Weak
SCO4230-SCO0929,SCO4230,SCO0929,-,Weak
SCO4230-SCO1431,SCO4230,SCO1431,?,Weak
SCO4230-SCO1432,SCO4230,SCO1432,?,Weak
SCO4230-SCO1433,SCO4230,SCO1433,?,Weak
SCO4230-SCO1434,SCO4230,SCO1434,?,Strong
SCO4230-wblA,SCO4230,wblA,+,Weak
SCO4230-rpmJ1,SCO4230,rpmJ1,?,Weak
SCO4230-SCO3340,SCO4230,SCO3340,?,Weak
SCO4230-SCO3341,SCO4230,SCO3341,?,Weak
SCO4230-SCO3346,SCO4230,SCO3346,+,Weak
SCO4230-pstB,SCO4230,pstB,-,Weak
SCO4230-SCO2569,SCO4230,SCO2569,?,Weak
SCO4230-SCO3584,SCO4230,SCO3584,?,Weak
SCO4230-SCO3585,SCO4230,SCO3585,?,Weak
SCO4230-SCO2293,SCO4230,SCO2293,?,Weak
SCO4230-SCO3589,SCO4230,SCO3589,?,Weak
SCO4230-SCO2295,SCO4230,SCO2295,?,Weak
SCO4230-SCO2294,SCO4230,SCO2294,?,Weak
SCO4230-SCO2296,SCO4230,SCO2296,+,Weak
SCO4230-SCO5885,SCO4230,SCO5885,-,Weak
SCO4230-SCO5887,SCO4230,SCO5887,+-,Weak
SCO4230-SCO5639,SCO4230,SCO5639,?,Weak
SCO4230-SCO3901,SCO4230,SCO3901,?,Strong
SCO4230-trpS2,SCO4230,trpS2,?,Weak
SCO4230-trpS1,SCO4230,trpS1,?,Weak
SCO4230-SCO2367,SCO4230,SCO2367,?,Weak
SCO4230-SCO7080,SCO4230,SCO7080,?,Weak
SCO4230-SCO2362,SCO4230,SCO2362,?,Weak
SCO4230-SCO3762,SCO4230,SCO3762,?,Weak
SCO4230-SCO2368,SCO4230,SCO2368,?,Weak
SCO4230-SCO3761,SCO4230,SCO3761,?,Weak
SCO4230-SCO2167,SCO4230,SCO2167,?,Weak
SCO4230-SCO2166,SCO4230,SCO2166,?,Weak
SCO4230-SCO3770,SCO4230,SCO3770,+,Weak
SCO4230-SCO2169,SCO4230,SCO2169,?,Weak
SCO4230-SCO2168,SCO4230,SCO2168,?,Weak
SCO4230-hrdC,SCO4230,hrdC,+,Weak
SCO4230-SCO3775,SCO4230,SCO3775,?,Weak
SCO4230-nuoK2,SCO4230,nuoK2,-,Weak
SCO4230-SCO0751,SCO4230,SCO0751,?,Weak
SCO4230-SCO6198,SCO4230,SCO6198,-,Weak
SCO4230-SCO6199,SCO4230,SCO6199,?,Weak
SCO4230-SCO6196,SCO4230,SCO6196,?,Weak
SCO4230-SCO6197,SCO4230,SCO6197,?,Weak
SCO4230-SCO6626,SCO4230,SCO6626,-,Weak
SCO4230-SCO6627,SCO4230,SCO6627,?,Weak
SCO4230-SCO6620,SCO4230,SCO6620,?,Weak
SCO4230-SCO6621,SCO4230,SCO6621,-,Weak
SCO4230-SCO6622,SCO4230,SCO6622,?,Weak
SCO4230-SCO6623,SCO4230,SCO6623,-,Weak
SCO4230-SCO3779,SCO4230,SCO3779,+,Weak
SCO4230-aroH,SCO4230,aroH,-,Weak
SCO4230-SCO5541,SCO4230,SCO5541,-,Weak
SCO4230-pckG,SCO4230,pckG,-,Weak
SCO4230-SCO3166,SCO4230,SCO3166,?,Weak
SCO4230-SCO3167,SCO4230,SCO3167,?,Weak
SCO4230-SCO6530,SCO4230,SCO6530,?,Weak
SCO4230-SCO6532,SCO4230,SCO6532,-,Weak
SCO4230-SCO6534,SCO4230,SCO6534,-,Weak
SCO4230-SCO6535,SCO4230,SCO6535,-,Weak
SCO4230-SCO6448,SCO4230,SCO6448,-,Weak
SCO4230-SCO6449,SCO4230,SCO6449,-,Weak
SCO4230-SCO7669,SCO4230,SCO7669,+,Weak
SCO4230-SCO6442,SCO4230,SCO6442,?,Weak
SCO4230-SCO6443,SCO4230,SCO6443,?,Weak
SCO4230-SCO6444,SCO4230,SCO6444,?,Weak
SCO4230-SCO6445,SCO4230,SCO6445,?,Weak
SCO4230-SCO6005,SCO4230,SCO6005,?,Weak
SCO4230-SCO7263,SCO4230,SCO7263,?,Weak
SCO4230-SCO7262,SCO4230,SCO7262,?,Weak
SCO4230-SCO7261,SCO4230,SCO7261,?,Weak
SCO4230-SCO7260,SCO4230,SCO7260,?,Weak
SCO4230-SCO6006,SCO4230,SCO6006,?,Weak
SCO4230-hutI,SCO4230,hutI,?,Weak
SCO4230-hutH,SCO4230,hutH,?,Weak
SCO4230-snpA,SCO4230,snpA,?,Weak
SCO4230-SCO7009,SCO4230,SCO7009,?,Weak
SCO4230-SCO0963,SCO4230,SCO0963,?,Weak
SCO4230-SCO7003,SCO4230,SCO7003,?,Weak
SCO4230-SCO7001,SCO4230,SCO7001,?,Weak
SCO4230-SCO7000,SCO4230,SCO7000,?,Weak
SCO4230-SCO7007,SCO4230,SCO7007,?,Weak
SCO4230-SCO7005,SCO4230,SCO7005,?,Weak
SCO4230-SCO7004,SCO4230,SCO7004,?,Weak
SCO4230-SCO6844,SCO4230,SCO6844,?,Weak
SCO4230-SCO6845,SCO4230,SCO6845,?,Weak
SCO4230-SCO6847,SCO4230,SCO6847,+,Weak
SCO4230-rpe,SCO4230,rpe,?,Weak
SCO4230-SCO6843,SCO4230,SCO6843,?,Weak
SCO4230-rph,SCO4230,rph,?,Weak
SCO4230-SCO6848,SCO4230,SCO6848,?,Weak
SCO4230-SCO6849,SCO4230,SCO6849,?,Weak
SCO4230-SCO4540,SCO4230,SCO4540,?,Weak
SCO4230-glyA1,SCO4230,glyA1,?,Weak
SCO4230-SCO6994,SCO4230,SCO6994,?,Weak
SCO4230-SCO6995,SCO4230,SCO6995,?,Weak
SCO4230-SCO6992,SCO4230,SCO6992,-,Weak
SCO4230-SCO7468,SCO4230,SCO7468,?,Weak
SCO4230-SCO7460,SCO4230,SCO7460,-,Weak
SCO4230-SCO7716,SCO4230,SCO7716,-,Weak
SCO4230-SCO7715,SCO4230,SCO7715,-,Weak
SCO4230-SCO0118,SCO4230,SCO0118,?,Weak
SCO4230-SCO0119,SCO4230,SCO0119,?,Weak
SCO4230-SCO0448,SCO4230,SCO0448,+,Weak
SCO4230-SCO0117,SCO4230,SCO0117,+,Weak
SCO4230-SCO4165,SCO4230,SCO4165,+,Weak
SCO4230-SCO7719,SCO4230,SCO7719,?,Weak
SCO4230-rpmI,SCO4230,rpmI,-,Weak
SCO4230-rpmH,SCO4230,rpmH,?,Weak
SCO4230-rpmC,SCO4230,rpmC,-,Weak
SCO4230-rpmE,SCO4230,rpmE,?,Weak
SCO4230-rpmD,SCO4230,rpmD,-,Weak
SCO4230-IS468B-ORF,SCO4230,IS468B-ORF,?,Weak
SCO4230-SCO4019,SCO4230,SCO4019,?,Weak
SCO4230-SCO4018,SCO4230,SCO4018,?,Weak
SCO4230-SCO4015,SCO4230,SCO4015,?,Weak
SCO4230-SCO0069,SCO4230,SCO0069,+,Weak
SCO4230-SCO4016,SCO4230,SCO4016,?,Weak
SCO4230-SCO4011,SCO4230,SCO4011,?,Weak
SCO4230-SCO4013,SCO4230,SCO4013,?,Weak
SCO4230-SCO4012,SCO4230,SCO4012,?,Weak
SCO4230-SCO1881,SCO4230,SCO1881,?,Weak
SCO4230-SCO1880,SCO4230,SCO1880,?,Weak
SCO4230-SCO1887,SCO4230,SCO1887,?,Weak
SCO4230-SCO1225,SCO4230,SCO1225,?,Weak
SCO4230-SCO1224,SCO4230,SCO1224,?,Weak
SCO4230-SCO1226,SCO4230,SCO1226,?,Weak
SCO4230-SCO5761,SCO4230,SCO5761,-,Weak
SCO4230-SCO1223,SCO4230,SCO1223,?,Weak
SCO4230-SCO1222,SCO4230,SCO1222,?,Weak
SCO4230-SCO4903,SCO4230,SCO4903,?,Weak
SCO4230-SCO4902,SCO4230,SCO4902,?,Weak
SCO4230-SCO0286,SCO4230,SCO0286,-,Weak
SCO4230-SCO4900,SCO4230,SCO4900,?,Weak
SCO4230-SCO5088,SCO4230,SCO5088,-,Weak
SCO4230-SCO5509,SCO4230,SCO5509,?,Weak
SCO4230-ackA,SCO4230,ackA,?,Weak
SCO4230-SCO2997,SCO4230,SCO2997,+,Weak
SCO4230-SCO2626,SCO4230,SCO2626,?,Weak
SCO4230-SCO2627,SCO4230,SCO2627,-,Weak
SCO4230-SCO4587,SCO4230,SCO4587,?,Weak
SCO4230-SCO1082,SCO4230,SCO1082,-,Weak
SCO4230-SCO4583,SCO4230,SCO4583,?,Weak
SCO4230-arsI,SCO4230,arsI,?,Weak
SCO4230-SCO1087,SCO4230,SCO1087,-,Weak
SCO4230-SCO5507,SCO4230,SCO5507,-,Weak
SCO4230-SCO1539,SCO4230,SCO1539,?,Weak
SCO4230-SCO1538,SCO4230,SCO1538,?,Weak
SCO4230-SCO5690,SCO4230,SCO5690,?,Weak
SCO4230-SCO5691,SCO4230,SCO5691,?,Weak
SCO4230-SCO5692,SCO4230,SCO5692,?,Weak
SCO4230-SCO5693,SCO4230,SCO5693,-,Weak
SCO4230-nsrR,SCO4230,nsrR,+,Weak
SCO4230-SCO1537,SCO4230,SCO1537,?,Weak
SCO4230-SCO5989,SCO4230,SCO5989,+,Weak
SCO4230-glyA3,SCO4230,glyA3,?,Weak
SCO4230-SCO5982,SCO4230,SCO5982,?,Weak
SCO4230-SCO5983,SCO4230,SCO5983,?,Weak
SCO4230-SCO4345,SCO4230,SCO4345,?,Weak
SCO4230-SCO4344,SCO4230,SCO4344,?,Weak
SCO4230-SCO4346,SCO4230,SCO4346,?,Weak
SCO4230-SCO4341,SCO4230,SCO4341,?,Weak
SCO4230-SCO4340,SCO4230,SCO4340,?,Weak
SCO4230-SCO4343,SCO4230,SCO4343,?,Weak
SCO4230-SCO4342,SCO4230,SCO4342,?,Weak
SCO4230-SCO7729,SCO4230,SCO7729,?,Weak
SCO4230-SCO5161,SCO4230,SCO5161,?,Weak
SCO4230-rpmE2-2,SCO4230,rpmE2-2,?,Weak
SCO4230-rpmE2-1,SCO4230,rpmE2-1,?,Weak
SCO4230-SCO5435,SCO4230,SCO5435,?,Weak
SCO4230-SCO5436,SCO4230,SCO5436,?,Weak
SCO4230-SCO2199,SCO4230,SCO2199,-,Weak
SCO4230-mfd,SCO4230,mfd,?,Weak
SCO4230-SCO5431,SCO4230,SCO5431,?,Weak
SCO4230-SCO3592,SCO4230,SCO3592,+,Weak
SCO4230-SCO2196,SCO4230,SCO2196,?,Weak
SCO4230-SCO2197,SCO4230,SCO2197,-,Weak
SCO4230-SCO2195,SCO4230,SCO2195,?,Strong
SCO4230-SCO1405,SCO4230,SCO1405,?,Weak
SCO4230-SCO5185,SCO4230,SCO5185,-,Weak
SCO4230-SCO1155,SCO4230,SCO1155,?,Weak
SCO4230-SCO1154,SCO4230,SCO1154,?,Weak
SCO4230-SCO1061,SCO4230,SCO1061,?,Weak
SCO4230-SCO1152,SCO4230,SCO1152,?,Weak
SCO4230-SCO1151,SCO4230,SCO1151,?,Weak
SCO4230-SCO1402,SCO4230,SCO1402,?,Weak
SCO4230-SCO5261,SCO4230,SCO5261,?,Weak
SCO4230-glpK1,SCO4230,glpK1,-,Weak
SCO4230-SCO2987,SCO4230,SCO2987,+,Weak
SCO4230-gmk,SCO4230,gmk,-,Weak
SCO4230-SCO0938,SCO4230,SCO0938,?,Weak
SCO4230-SCO5262,SCO4230,SCO5262,?,Weak
SCO4230-SCO1060,SCO4230,SCO1060,?,Weak
SCO4230-adk,SCO4230,adk,?,Weak
SCO4230-SCO2286,SCO4230,SCO2286,+,Strong
SCO4230-SCO3379,SCO4230,SCO3379,?,Weak
SCO4230-SCO3378,SCO4230,SCO3378,?,Weak
SCO4230-SCO3808,SCO4230,SCO3808,?,Weak
SCO4230-SCO3375,SCO4230,SCO3375,?,Weak
SCO4230-SCO3374,SCO4230,SCO3374,?,Weak
SCO4230-SCO3377,SCO4230,SCO3377,?,Weak
SCO4230-SCO3376,SCO4230,SCO3376,?,Weak
SCO4230-SCO3373,SCO4230,SCO3373,-,Weak
SCO4230-SCO3800,SCO4230,SCO3800,?,Weak
SCO4230-dxs1,SCO4230,dxs1,-,Weak
SCO4230-SCO4000,SCO4230,SCO4000,?,Weak
SCO4230-SCO1711,SCO4230,SCO1711,?,Weak
SCO4230-SCO1710,SCO4230,SCO1710,?,Weak
SCO4230-SCO2336,SCO4230,SCO2336,?,Weak
SCO4230-SCO4007,SCO4230,SCO4007,?,Weak
SCO4230-SCO3972,SCO4230,SCO3972,?,Weak
SCO4230-SCO5064,SCO4230,SCO5064,?,Weak
SCO4230-SCO7790,SCO4230,SCO7790,?,Weak
SCO4230-SCO1331,SCO4230,SCO1331,?,Weak
SCO4230-SCO2400,SCO4230,SCO2400,?,Weak
SCO4230-SCO2370,SCO4230,SCO2370,?,Weak
SCO4230-SCO1330,SCO4230,SCO1330,?,Weak
SCO4230-SCO2567,SCO4230,SCO2567,?,Weak
SCO4230-SCO2375,SCO4230,SCO2375,+,Weak
SCO4230-SCO2176,SCO4230,SCO2176,?,Weak
SCO4230-murE,SCO4230,murE,?,Weak
SCO4230-lysA,SCO4230,lysA,?,Weak
SCO4230-SCO6611,SCO4230,SCO6611,?,Weak
SCO4230-SCO5755,SCO4230,SCO5755,?,Weak
SCO4230-SCO6613,SCO4230,SCO6613,?,Weak
SCO4230-SCO6612,SCO4230,SCO6612,?,Weak
SCO4230-SCO6614,SCO4230,SCO6614,?,Strong
SCO4230-SCO0223,SCO4230,SCO0223,?,Weak
SCO4230-SCO3151,SCO4230,SCO3151,?,Weak
SCO4230-SCO3150,SCO4230,SCO3150,?,Weak
SCO4230-SCO3152,SCO4230,SCO3152,?,Weak
SCO4230-SCO3396,SCO4230,SCO3396,?,Weak
SCO4230-ndk,SCO4230,ndk,?,Weak
SCO4230-SCO3394,SCO4230,SCO3394,?,Weak
SCO4230-SCO6291,SCO4230,SCO6291,+,Weak
SCO4230-SCO3399,SCO4230,SCO3399,?,Weak
SCO4230-SCO3231,SCO4230,SCO3231,?,Weak
SCO4230-hppA,SCO4230,hppA,?,Weak
SCO4230-SCO2791,SCO4230,SCO2791,?,Weak
SCO4230-SCO6504,SCO4230,SCO6504,-,Weak
SCO4230-SCO6501,SCO4230,SCO6501,?,Weak
SCO4230-SCO6503,SCO4230,SCO6503,-,Weak
SCO4230-SCO6502,SCO4230,SCO6502,-,Weak
SCO4230-SCO6277,SCO4230,SCO6277,+,Weak
SCO4230-cobT,SCO4230,cobT,?,Weak
SCO4230-SCO6275,SCO4230,SCO6275,?,Weak
SCO4230-SCO6274,SCO4230,SCO6274,+,Weak
SCO4230-SCO6273,SCO4230,SCO6273,+,Weak
SCO4230-SCO7679,SCO4230,SCO7679,?,Weak
SCO4230-SCO7693,SCO4230,SCO7693,?,Weak
SCO4230-SCO7674,SCO4230,SCO7674,?,Weak
SCO4230-SCO7675,SCO4230,SCO7675,?,Weak
SCO4230-SCO7676,SCO4230,SCO7676,?,Weak
SCO4230-SCO7677,SCO4230,SCO7677,?,Weak
SCO4230-SCO6279,SCO4230,SCO6279,+,Weak
SCO4230-SCO7673,SCO4230,SCO7673,?,Weak
SCO4230-SCO7691,SCO4230,SCO7691,?,Weak
SCO4230-SCO5519,SCO4230,SCO5519,?,Weak
SCO4230-SCO7271,SCO4230,SCO7271,-,Weak
SCO4230-SCO3025,SCO4230,SCO3025,?,Weak
SCO4230-SCO7694,SCO4230,SCO7694,?,Weak
SCO4230-SCO3027,SCO4230,SCO3027,?,Weak
SCO4230-frr,SCO4230,frr,?,Weak
SCO4230-SCO6980,SCO4230,SCO6980,?,Weak
SCO4230-SCO1024,SCO4230,SCO1024,?,Weak
SCO4230-SCO7698,SCO4230,SCO7698,?,Weak
SCO4230-SCO7018,SCO4230,SCO7018,?,Weak
SCO4230-SCO7019,SCO4230,SCO7019,?,Weak
SCO4230-SCO7699,SCO4230,SCO7699,?,Weak
SCO4230-SCO7010,SCO4230,SCO7010,?,Weak
SCO4230-SCO7011,SCO4230,SCO7011,?,Weak
SCO4230-SCO7012,SCO4230,SCO7012,?,Weak
SCO4230-SCO7013,SCO4230,SCO7013,?,Weak
SCO4230-SCO7015,SCO4230,SCO7015,?,Weak
SCO4230-SCO7016,SCO4230,SCO7016,-,Weak
SCO4230-SCO7017,SCO4230,SCO7017,?,Weak
SCO4230-SCO6871,SCO4230,SCO6871,?,Weak
SCO4230-SCO6870,SCO4230,SCO6870,?,Weak
SCO4230-SCO6872,SCO4230,SCO6872,?,Weak
SCO4230-SCO6879,SCO4230,SCO6879,?,Weak
SCO4230-SCO5432,SCO4230,SCO5432,?,Weak
SCO4230-SCO5518,SCO4230,SCO5518,?,Weak
SCO4230-SCO2498,SCO4230,SCO2498,?,Weak
SCO4230-SCO0616,SCO4230,SCO0616,-,Weak
SCO4230-SCO6473,SCO4230,SCO6473,?,Weak
SCO4230-SCO7472,SCO4230,SCO7472,-,Weak
SCO4230-SCO7476,SCO4230,SCO7476,?,Weak
SCO4230-SCO7477,SCO4230,SCO7477,?,Weak
SCO4230-SCO7700,SCO4230,SCO7700,?,Weak
SCO4230-SCO0433,SCO4230,SCO0433,?,Weak
SCO4230-SCO0123,SCO4230,SCO0123,?,Weak
SCO4230-SCO0124,SCO4230,SCO0124,?,Weak
SCO4230-SCO0434,SCO4230,SCO0434,?,Weak
SCO4230-SCO7498,SCO4230,SCO7498,?,Weak
SCO4230-SCO7499,SCO4230,SCO7499,?,Weak
SCO4230-qcrB,SCO4230,qcrB,-,Weak
SCO4230-qcrA,SCO4230,qcrA,+-,Weak
SCO4230-SCO4008,SCO4230,SCO4008,?,Weak
SCO4230-SC3A4.21c,SCO4230,SC3A4.21c,?,Weak
SCO4230-asd1,SCO4230,asd1,?,Weak
SCO4230-SCO4002,SCO4230,SCO4002,?,Weak
SCO4230-SCO0725,SCO4230,SCO0725,?,Weak
SCO4230-SCO0724,SCO4230,SCO0724,?,Weak
SCO4230-SCO0723,SCO4230,SCO0723,?,Weak
SCO4230-SCO0722,SCO4230,SCO0722,?,Weak
SCO4230-SCO0721,SCO4230,SCO0721,-,Weak
SCO4230-hpd,SCO4230,hpd,?,Weak
SCO4230-SCO0546,SCO4230,SCO0546,-,Weak
SCO4230-SCO1899,SCO4230,SCO1899,?,Weak
SCO4230-SCO5751,SCO4230,SCO5751,?,Weak
SCO4230-SCO7399,SCO4230,SCO7399,?,Weak
SCO4230-SCO5754,SCO4230,SCO5754,?,Weak
SCO4230-SCO1890,SCO4230,SCO1890,+,Weak
SCO4230-SCO7215,SCO4230,SCO7215,-,Weak
SCO4230-SCO7213,SCO4230,SCO7213,?,Weak
SCO4230-SCO7211,SCO4230,SCO7211,?,Weak
SCO4230-SCO4918,SCO4230,SCO4918,?,Weak
SCO4230-SCO4919,SCO4230,SCO4919,?,Weak
SCO4230-SCO2537,SCO4230,SCO2537,?,Weak
SCO4230-SCO4171,SCO4230,SCO4171,+,Weak
SCO4230-SCO4913,SCO4230,SCO4913,?,Weak
SCO4230-SCO4914,SCO4230,SCO4914,?,Weak
SCO4230-SCO4915,SCO4230,SCO4915,?,Weak
SCO4230-SCO4916,SCO4230,SCO4916,?,Weak
SCO4230-SCO4917,SCO4230,SCO4917,?,Weak
SCO4543-sigF,SCO4543,sigF,+,Weak
SCO4543-SCO5318,SCO4543,SCO5318,+,Weak
SCO4543-SCO5315,SCO4543,SCO5315,+,Weak
SCO4543-SCO5314,SCO4543,SCO5314,+,Weak
SCO4543-SCO5317,SCO4543,SCO5317,+,Weak
SCO4543-SCO5316,SCO4543,SCO5316,+,Weak
SCO4543-SCO5319,SCO4543,SCO5319,+,Weak
SCO4543-SCO5320,SCO4543,SCO5320,+,Weak
SCO4543-ftsZ,SCO4543,ftsZ,+,Weak
SCO4543-SCO5321,SCO4543,SCO5321,+,Weak
SCO2792-SCO1541,SCO2792,SCO1541,?,Weak
SCO2792-SCO2701,SCO2792,SCO2701,+,Weak
SCO2792-SCO2700,SCO2792,SCO2700,+,Strong
SCO2792-SCO3323,SCO2792,SCO3323,+,Weak
SCO2792-SCO3926,SCO2792,SCO3926,?,Weak
SCO2792-redD,SCO2792,redD,?,Strong
SCO2792-SCO2924,SCO2792,SCO2924,?,Weak
SCO2792-SCO2699,SCO2792,SCO2699,+,Strong
SCO2792-actII-4,SCO2792,actII-4,?,Strong
SCO2792-sti1,SCO2792,sti1,+,Weak
SCO6704-SCO6703,SCO6704,SCO6703,-,Weak
cseB-sigE,cseB,sigE,+,Weak
cseB-cseA,cseB,cseA,?,Weak
cseB-hrdD,cseB,hrdD,+,Weak
cseB-cseC,cseB,cseC,?,Weak
cseB-cseB,cseB,cseB,?,Weak
SCO3201-SCO6265,SCO3201,SCO6265,-,Weak
SCO3201-SCO6266,SCO3201,SCO6266,+,Strong
SCO3201-SCO3201,SCO3201,SCO3201,-,Strong
SCO3201-SCO6280,SCO3201,SCO6280,-,Weak
amfC-SCO5320,amfC,SCO5320,-,Weak
amfC-actII-4,amfC,actII-4,+,Weak
SCO5785-rpsE,SCO5785,rpsE,-,Weak
SCO5785-tap,SCO5785,tap,-,Weak
SCO5785-rplX,SCO5785,rplX,-,Weak
SCO5785-SCO2634,SCO5785,SCO2634,-,Weak
SCO5785-SCO0459,SCO5785,SCO0459,+,Weak
SCO5785-SCO6197,SCO5785,SCO6197,+,Weak
SCO5785-rplR,SCO5785,rplR,-,Weak
SCO5785-rpsJ,SCO5785,rpsJ,-,Weak
SCO5785-rplP,SCO5785,rplP,-,Weak
SCO5785-rplQ,SCO5785,rplQ,-,Weak
SCO5785-rplN,SCO5785,rplN,-,Weak
SCO5785-SCO5028,SCO5785,SCO5028,+,Weak
SCO5785-rpsS,SCO5785,rpsS,-,Weak
SCO5785-SCO3774,SCO5785,SCO3774,+,Weak
SCO5785-rpsQ,SCO5785,rpsQ,-,Weak
SCO5785-rplF,SCO5785,rplF,-,Weak
SCO5785-SCO4253,SCO5785,SCO4253,-,Weak
SCO5785-relA,SCO5785,relA,+,Weak
SCO5785-rplE,SCO5785,rplE,-,Weak
SCO5785-rplB,SCO5785,rplB,-,Weak
SCO5785-rplC,SCO5785,rplC,-,Weak
SCO5785-rspG,SCO5785,rspG,-,Weak
SCO5785-SCO1814,SCO5785,SCO1814,-,Weak
SCO5785-SCO6198,SCO5785,SCO6198,+,Weak
SCO5785-SCO5999,SCO5785,SCO5999,-,Weak
SCO5785-rpmJ1,SCO5785,rpmJ1,-,Weak
SCO5785-SCO6282,SCO5785,SCO6282,+,Weak
SCO5785-SCO6199,SCO5785,SCO6199,+,Weak
SCO5785-SCO6109,SCO5785,SCO6109,-,Weak
SCO5785-SCO6108,SCO5785,SCO6108,-,Weak
SCO5785-SCO4175,SCO5785,SCO4175,+,Weak
SCO5785-SCO5881,SCO5785,SCO5881,+,Weak
SCO5785-SCO1839,SCO5785,SCO1839,+,Weak
SCO5785-rplW,SCO5785,rplW,-,Weak
SCO5785-SCO6040,SCO5785,SCO6040,+,Weak
SCO5785-SCO0177,SCO5785,SCO0177,+,Weak
SCO5785-ectA,SCO5785,ectA,-,Weak
SCO5785-SCO1088,SCO5785,SCO1088,-,Weak
SCO5785-SCO7399,SCO5785,SCO7399,+,Weak
SCO5785-SCO4561,SCO5785,SCO4561,-,Weak
SCO5785-rpsC,SCO5785,rpsC,-,Weak
SCO5785-SCO5778,SCO5785,SCO5778,-,Weak
SCO5785-proS,SCO5785,proS,-,Weak
SCO5785-rplV,SCO5785,rplV,-,Weak
SCO5785-SCO6717,SCO5785,SCO6717,+,Weak
SCO5785-SCO7400,SCO5785,SCO7400,+,Weak
SCO5785-SCO5074,SCO5785,SCO5074,+,Weak
SCO5785-rpoA,SCO5785,rpoA,-,Weak
SCO5785-atpH,SCO5785,atpH,-,Weak
SCO5785-SCO5032,SCO5785,SCO5032,-,Weak
SCO5785-rpsH,SCO5785,rpsH,-,Weak
SCO5785-rpmD,SCO5785,rpmD,-,Weak
SCO5785-actII-4,SCO5785,actII-4,+,Weak
SCO5785-msrA,SCO5785,msrA,-,Weak
SCO5785-SCO1860,SCO5785,SCO1860,+,Weak
SCO5785-SCO0499,SCO5785,SCO0499,+,Weak
SCO5785-add2,SCO5785,add2,-,Weak
SCO5785-SCO1773,SCO5785,SCO1773,+,Weak
SCO5785-SCO2780,SCO5785,SCO2780,+,Weak
SCO5785-SCO0865,SCO5785,SCO0865,+,Weak
SCO5785-SCO6624,SCO5785,SCO6624,+,Weak
SCO5785-clpP2,SCO5785,clpP2,-,Weak
SCO5785-efp,SCO5785,efp,-,Weak
SCO5785-clpP1,SCO5785,clpP1,-,Weak
SCO5785-ileS,SCO5785,ileS,-,Weak
SCO5785-SCO0297,SCO5785,SCO0297,+,Weak
SCO5785-rpmC,SCO5785,rpmC,-,Weak
SCO5785-sti1,SCO5785,sti1,+,Weak
SCO4228-SCO1565,SCO4228,SCO1565,-,Weak
SCO4228-SCO4229,SCO4228,SCO4229,-,Weak
SCO4228-SCO4142,SCO4228,SCO4142,-,Weak
SCO4228-actII-4,SCO4228,actII-4,+,Weak
SCO4228-redD,SCO4228,redD,-,Weak
SCO5570-SCO5570,SCO5570,SCO5570,-,Weak
lexA-SCO1541,lexA,SCO1541,?,Weak
SCO0877-SCO2775,SCO0877,SCO2775,-,Weak
SCO0877-SCO7697,SCO0877,SCO7697,-,Weak
SCO0877-SCO1222,SCO0877,SCO1222,-,Weak
SCO0877-SCO4198,SCO0877,SCO4198,-,Weak
SCO0877-SCO2374,SCO0877,SCO2374,-,Weak
SCO0877-SCO4880,SCO0877,SCO4880,-,Weak
SCO0877-SCO0992,SCO0877,SCO0992,-,Weak
SCO0877-purL,SCO0877,purL,-,Weak
SCO0877-SCO0330,SCO0877,SCO0330,-,Weak
SCO0877-SCO5582,SCO0877,SCO5582,-,Weak
SCO0877-lig,SCO0877,lig,-,Weak
SCO0877-ctaB,SCO0877,ctaB,+,Weak
SCO0877-whiA,SCO0877,whiA,-,Weak
SCO0877-panC,SCO0877,panC,-,Weak
SCO0877-SCO0702,SCO0877,SCO0702,-,Weak
SCO0877-SCO4122,SCO0877,SCO4122,-,Weak
SCO0877-SCO1276,SCO0877,SCO1276,-,Weak
SCO0877-ackA,SCO0877,ackA,-,Weak
SCO0877-SCO5465,SCO0877,SCO5465,-,Weak
SCO0877-SCO6691,SCO0877,SCO6691,-,Weak
SCO0877-serC,SCO0877,serC,-,Weak
SCO0877-SCO1419,SCO0877,SCO1419,-,Weak
SCO0877-nadA,SCO0877,nadA,-,Weak
SCO0877-SCO0275,SCO0877,SCO0275,-,Weak
SCO0877-SCO4226,SCO0877,SCO4226,-,Weak
SCO0877-SCO4227,SCO0877,SCO4227,-,Weak
SCO0877-SCO2924,SCO0877,SCO2924,-,Weak
SCO0877-SCO7344,SCO0877,SCO7344,-,Weak
SCO3925-SCO3926,SCO3925,SCO3926,+,Strong
SCO1697-SCO1178,SCO1697,SCO1178,+,Strong
SCO1697-ecaA,SCO1697,ecaA,+,Strong
SCO1697-ecaD1,SCO1697,ecaD1,+,Strong
SCO1697-SCO1909,SCO1697,SCO1909,+,Strong
SCO1697-SCO2478,SCO1697,SCO2478,+,Strong
SCO3323-SCO4768,SCO3323,SCO4768,+,Strong
SCO5206-SCO5206,SCO5206,SCO5206,-,Strong
SCO5206-SCO0379,SCO5206,SCO0379,-,Strong
SCO3217-SCO3229,SCO3217,SCO3229,+,Weak
SCO3217-SCO3228,SCO3217,SCO3228,+,Weak
SCO3217-SCO3227,SCO3217,SCO3227,+,Weak
SCO6459-SCO6460,SCO6459,SCO6460,-,Strong
SCO5819-SCO5819,SCO5819,SCO5819,-,Weak
SCO5819-sigF,SCO5819,sigF,+,Weak
SCO5819-SCO5318,SCO5819,SCO5318,+,Weak
SCO5819-SCO3886,SCO5819,SCO3886,+,Weak
SCO5819-SCO6029,SCO5819,SCO6029,-,Weak
SCO5819-SCO5320,SCO5819,SCO5320,+,Weak
SCO5819-SCO5314,SCO5819,SCO5314,+,Weak
SCO5819-SCO5317,SCO5819,SCO5317,+,Weak
SCO5819-SCO5316,SCO5819,SCO5316,+,Weak
SCO5819-SCO5319,SCO5819,SCO5319,+,Weak
SCO5819-SCO5315,SCO5819,SCO5315,+,Weak
SCO5819-ftsZ,SCO5819,ftsZ,+,Weak
SCO5819-ftsY,SCO5819,ftsY,+,Weak
SCO5819-SCO5321,SCO5819,SCO5321,+,Weak
SCO4034-SCO4002,SCO4034,SCO4002,+,Weak
SCO4034-SCO4034,SCO4034,SCO4034,+,Weak
redD-SCO5885,redD,SCO5885,+,Weak
redD-SCO5883,redD,SCO5883,+,Weak
redD-SCO5884,redD,SCO5884,+,Weak
redD-SCO5882,redD,SCO5882,+,Weak
redD-SCO5887,redD,SCO5887,+,Weak
redD-SCO5892,redD,SCO5892,+,Weak
redD-SCO5893,redD,SCO5893,+,Weak
redD-SCO5890,redD,SCO5890,+,Weak
redD-SCO5886,redD,SCO5886,+,Weak
redD-SCO5896,redD,SCO5896,+,Weak
redD-SCO5891,redD,SCO5891,+,Weak
redD-SCO5894,redD,SCO5894,+,Weak
redD-SCO5895,redD,SCO5895,+,Weak
redD-SCO5898,redD,SCO5898,+,Weak
redD-SCO5889,redD,SCO5889,+,Weak
redD-fabH3,redD,fabH3,+,Weak
redD-SCO5897,redD,SCO5897,+,Weak
SCO3590-vanX,SCO3590,vanX,?,Weak
SCO3590-SCO3595,SCO3590,SCO3595,?,Weak
SCO3590-SCO3594,SCO3590,SCO3594,+,Weak
SCO3590-SCO3590,SCO3590,SCO3590,+,Weak
SCO3590-SCO3593,SCO3590,SCO3593,+,Weak
SCO3590-SCO3592,SCO3590,SCO3592,+,Weak
SCO3590-SCO3589,SCO3590,SCO3589,?,Weak
SCO5033-SCO5032,SCO5033,SCO5032,+,Strong
SCO5033-ahpD,SCO5033,ahpD,+,Strong
SCO5033-SCO5033,SCO5033,SCO5033,+,Strong
SCO6520-SCO7277,SCO6520,SCO7277,?,Weak
SCO6520-SCO7278,SCO6520,SCO7278,?,Weak
SCO6520-hrdD,SCO6520,hrdD,?,Weak
SCO6520-SCO7325,SCO6520,SCO7325,?,Weak
SCO6520-mshA,SCO6520,mshA,?,Weak
SCO6520-cysS,SCO6520,cysS,?,Weak
SCO3291-SCO3288,SCO3291,SCO3288,+,Strong
SCO4025-SCO4024,SCO4025,SCO4024,?,Weak
SCO4025-SCO4025,SCO4025,SCO4025,?,Weak
SCO5778-SCO5777,SCO5778,SCO5777,+,Strong
SCO5778-SCO5776,SCO5778,SCO5776,+,Strong
SCO5778-SCO5775,SCO5778,SCO5775,+,Strong
SCO5778-SCO5774,SCO5778,SCO5774,+,Strong
SCO2987-SCO2987,SCO2987,SCO2987,+-,Strong
SCO2987-SCO2986,SCO2987,SCO2986,-,Strong
wblA-SCO6238,wblA,SCO6238,-,Weak
wblA-SCO0551,wblA,SCO0551,-,Weak
wblA-kbl,wblA,kbl,+,Weak
wblA-SCO5479,wblA,SCO5479,-,Weak
wblA-SCO0252,wblA,SCO0252,-,Weak
wblA-SCO5106,wblA,SCO5106,-,Weak
wblA-SCO5349,wblA,SCO5349,-,Weak
wblA-SCO2333,wblA,SCO2333,+,Weak
wblA-SCO4198,wblA,SCO4198,-,Weak
wblA-SCO3583,wblA,SCO3583,+,Weak
wblA-SCO5266,wblA,SCO5266,+,Weak
wblA-SCO4693,wblA,SCO4693,+,Weak
wblA-SCO5022,wblA,SCO5022,-,Weak
wblA-SCO5020,wblA,SCO5020,-,Weak
wblA-SCO1241,wblA,SCO1241,+,Weak
wblA-f42a,wblA,f42a,-,Weak
wblA-SCO2211,wblA,SCO2211,-,Weak
wblA-SCO1814,wblA,SCO1814,-,Weak
wblA-SCO0834,wblA,SCO0834,+,Weak
wblA-SCO0833,wblA,SCO0833,+,Weak
wblA-SCO6437,wblA,SCO6437,-,Weak
wblA-SCO4295,wblA,SCO4295,-,Weak
wblA-nrdR,wblA,nrdR,-,Weak
wblA-SCO0838,wblA,SCO0838,+,Weak
wblA-SCO5610,wblA,SCO5610,+,Weak
wblA-SCO6557,wblA,SCO6557,-,Weak
wblA-SCO3381,wblA,SCO3381,-,Weak
wblA-SCO5446,wblA,SCO5446,-,Weak
wblA-SCO3900,wblA,SCO3900,-,Weak
wblA-SCO3901,wblA,SCO3901,-,Weak
wblA-SCO5338,wblA,SCO5338,+,Weak
wblA-SCO7233,wblA,SCO7233,-,Weak
wblA-SCO4442,wblA,SCO4442,+,Weak
wblA-SCO4335,wblA,SCO4335,-,Weak
wblA-SCO7759,wblA,SCO7759,-,Weak
wblA-SCO2978,wblA,SCO2978,-,Weak
wblA-SCO7608,wblA,SCO7608,-,Weak
wblA-SCO7291,wblA,SCO7291,+,Weak
wblA-SCO2364,wblA,SCO2364,+,Weak
wblA-SCO1411,wblA,SCO1411,+,Weak
wblA-tatC,wblA,tatC,-,Weak
wblA-SCO7657,wblA,SCO7657,-,Weak
wblA-SCO1415,wblA,SCO1415,+,Weak
wblA-atpC,wblA,atpC,-,Weak
wblA-SCO1418,wblA,SCO1418,+,Weak
wblA-SCO2689,wblA,SCO2689,-,Weak
wblA-SCO1795,wblA,SCO1795,-,Weak
wblA-SCO5035,wblA,SCO5035,-,Weak
wblA-SCO5036,wblA,SCO5036,-,Weak
wblA-SCO5037,wblA,SCO5037,-,Weak
wblA-SCO2167,wblA,SCO2167,-,Weak
wblA-SCO5184,wblA,SCO5184,+,Weak
wblA-glmU,wblA,glmU,-,Weak
wblA-SCO0822,wblA,SCO0822,+,Weak
wblA-SCO4934,wblA,SCO4934,-,Weak
wblA-SCO4199,wblA,SCO4199,-,Weak
wblA-nuoB1,wblA,nuoB1,-,Weak
wblA-SCO4287,wblA,SCO4287,-,Weak
wblA-rlmG,wblA,rlmG,-,Weak
wblA-SCO0143,wblA,SCO0143,-,Weak
wblA-SCO7434,wblA,SCO7434,+,Weak
wblA-SCO0416,wblA,SCO0416,-,Weak
wblA-SCO6337,wblA,SCO6337,-,Weak
wblA-SCO6887,wblA,SCO6887,+,Weak
wblA-SCO5180,wblA,SCO5180,-,Weak
wblA-SCO0149,wblA,SCO0149,-,Weak
wblA-SCO0654,wblA,SCO0654,+,Weak
wblA-SCO6923,wblA,SCO6923,-,Weak
wblA-SCO6822,wblA,SCO6822,-,Weak
wblA-SCO0464,wblA,SCO0464,+,Weak
wblA-SCO7062,wblA,SCO7062,+,Weak
wblA-SCO7065,wblA,SCO7065,+,Weak
wblA-SCO5000,wblA,SCO5000,-,Weak
wblA-SCO7067,wblA,SCO7067,-,Weak
wblA-SCO6593,wblA,SCO6593,-,Weak
wblA-SCO2940,wblA,SCO2940,+,Weak
wblA-SCO0898,wblA,SCO0898,+,Weak
wblA-SCO2926,wblA,SCO2926,+,Weak
wblA-hisS,wblA,hisS,+,Weak
wblA-SCO4534,wblA,SCO4534,-,Weak
wblA-rplA,wblA,rplA,-,Weak
wblA-SCO2170,wblA,SCO2170,+,Weak
wblA-SCO3248,wblA,SCO3248,+,Weak
wblA-SCO2762,wblA,SCO2762,-,Weak
wblA-whiB,wblA,whiB,+,Weak
wblA-SCO3515,wblA,SCO3515,+,Weak
wblA-SCO4237,wblA,SCO4237,+,Weak
wblA-trmB,wblA,trmB,-,Weak
wblA-SCO5881,wblA,SCO5881,-,Weak
wblA-SCO7446,wblA,SCO7446,-,Weak
wblA-SCO0227,wblA,SCO0227,-,Weak
wblA-SCO4821,wblA,SCO4821,-,Weak
wblA-SCO4948,wblA,SCO4948,-,Weak
wblA-SCO4257,wblA,SCO4257,-,Weak
wblA-SCO2805,wblA,SCO2805,-,Weak
wblA-SCO2559,wblA,SCO2559,+,Weak
wblA-SCO4253,wblA,SCO4253,-,Weak
wblA-SCO3418,wblA,SCO3418,-,Weak
wblA-gvpA2,wblA,gvpA2,+,Weak
wblA-SCO4144,wblA,SCO4144,+,Weak
wblA-SCO5467,wblA,SCO5467,+,Weak
wblA-SCO4313,wblA,SCO4313,+,Weak
wblA-SCO7661,wblA,SCO7661,-,Weak
wblA-SCO2809,wblA,SCO2809,-,Weak
wblA-SCO3708,wblA,SCO3708,+,Weak
wblA-SCO5259,wblA,SCO5259,-,Weak
wblA-SCO5583,wblA,SCO5583,-,Weak
wblA-SCO2846,wblA,SCO2846,+,Weak
wblA-vdh,wblA,vdh,-,Weak
wblA-SCO4921,wblA,SCO4921,-,Weak
wblA-ramS,wblA,ramS,-,Weak
wblA-SCO1160,wblA,SCO1160,-,Weak
wblA-SCO2663,wblA,SCO2663,-,Weak
wblA-SCO7471,wblA,SCO7471,-,Weak
wblA-SCO1849,wblA,SCO1849,-,Weak
wblA-SCO4425,wblA,SCO4425,-,Weak
wblA-SCO1773,wblA,SCO1773,+,Weak
wblA-SCO4011,wblA,SCO4011,-,Weak
wblA-SCO1841,wblA,SCO1841,-,Weak
wblA-SCO2786,wblA,SCO2786,-,Weak
wblA-SCO2785,wblA,SCO2785,-,Weak
wblA-argH,wblA,argH,-,Weak
wblA-SCO4388,wblA,SCO4388,-,Weak
wblA-argJ,wblA,argJ,-,Weak
wblA-SCO4427,wblA,SCO4427,-,Weak
wblA-SCO5089,wblA,SCO5089,-,Weak
wblA-SCO5088,wblA,SCO5088,-,Weak
wblA-SCO5726,wblA,SCO5726,-,Weak
wblA-valS,wblA,valS,-,Weak
wblA-argB,wblA,argB,-,Weak
wblA-SCO6054,wblA,SCO6054,+,Weak
wblA-SCO5081,wblA,SCO5081,-,Weak
wblA-SCO2892,wblA,SCO2892,-,Weak
wblA-SCO3217,wblA,SCO3217,-,Weak
wblA-SCO5478,wblA,SCO5478,-,Weak
wblA-SCO1786,wblA,SCO1786,+,Weak
wblA-bioA,wblA,bioA,-,Weak
wblA-SCO2837,wblA,SCO2837,-,Weak
wblA-SCO2717,wblA,SCO2717,+,Weak
wblA-SCO5579,wblA,SCO5579,-,Weak
wblA-SCO3620,wblA,SCO3620,+,Weak
wblA-SCO7007,wblA,SCO7007,+,Weak
wblA-rpsI,wblA,rpsI,-,Weak
wblA-SCO1987,wblA,SCO1987,+,Weak
wblA-rsrA,wblA,rsrA,-,Weak
wblA-SCO2398,wblA,SCO2398,+,Weak
wblA-SCO3309,wblA,SCO3309,-,Weak
wblA-SCO0931,wblA,SCO0931,+,Weak
wblA-pfkA2,wblA,pfkA2,-,Weak
wblA-SCO4885,wblA,SCO4885,-,Weak
wblA-SCO0666,wblA,SCO0666,+,Weak
wblA-SCO2316,wblA,SCO2316,-,Weak
wblA-SCO0849,wblA,SCO0849,+,Weak
wblA-SCO1444,wblA,SCO1444,+,Weak
wblA-SCO5428,wblA,SCO5428,-,Weak
wblA-SCO5972,wblA,SCO5972,+,Weak
wblA-SCO6282,wblA,SCO6282,-,Weak
wblA-SCO0588,wblA,SCO0588,+,Weak
wblA-SCO0178,wblA,SCO0178,-,Weak
wblA-SCO6284,wblA,SCO6284,-,Weak
wblA-SCO0669,wblA,SCO0669,-,Weak
wblA-SCO1783,wblA,SCO1783,+,Weak
wblA-SCO5287,wblA,SCO5287,+,Weak
wblA-SCO4963,wblA,SCO4963,-,Weak
wblA-SCO6995,wblA,SCO6995,-,Weak
wblA-SCO0076,wblA,SCO0076,-,Weak
wblA-redD,wblA,redD,-,Weak
wblA-SCO4028,wblA,SCO4028,-,Weak
wblA-SCO3789,wblA,SCO3789,+,Weak
wblA-SCO0079,wblA,SCO0079,-,Weak
wblA-SCO2498,wblA,SCO2498,+,Weak
wblA-fabH2,wblA,fabH2,-,Weak
wblA-SCO2958,wblA,SCO2958,+,Weak
wblA-fabH1,wblA,fabH1,-,Weak
wblA-SCO5584,wblA,SCO5584,-,Weak
wblA-SCO3720,wblA,SCO3720,-,Weak
wblA-SCO1820,wblA,SCO1820,-,Weak
wblA-SCO3726,wblA,SCO3726,-,Weak
wblA-SCO6895,wblA,SCO6895,+,Weak
wblA-SCO2641,wblA,SCO2641,-,Weak
wblA-SCO3925,wblA,SCO3925,-,Weak
wblA-SCO5477,wblA,SCO5477,-,Weak
wblA-ectC,wblA,ectC,+,Weak
wblA-SCO4374,wblA,SCO4374,+,Weak
wblA-SCO0225,wblA,SCO0225,-,Weak
wblA-SCO5076,wblA,SCO5076,-,Weak
wblA-SCO5077,wblA,SCO5077,-,Weak
wblA-SCO2008,wblA,SCO2008,-,Weak
wblA-SCO5071,wblA,SCO5071,-,Weak
wblA-SCO5312,wblA,SCO5312,-,Weak
wblA-SCO0193,wblA,SCO0193,-,Weak
wblA-SCO4488,wblA,SCO4488,+,Weak
wblA-SCO2716,wblA,SCO2716,+,Weak
wblA-actII-4,wblA,actII-4,-,Weak
wblA-SCO1900,wblA,SCO1900,-,Weak
wblA-SCO1903,wblA,SCO1903,-,Weak
wblA-SCO1592,wblA,SCO1592,+,Weak
wblA-SCO6177,wblA,SCO6177,+,Weak
wblA-SCO3230,wblA,SCO3230,-,Weak
wblA-SCO1457,wblA,SCO1457,+,Weak
wblA-SCO7247,wblA,SCO7247,+,Weak
wblA-SCO0777,wblA,SCO0777,-,Weak
wblA-SCO0222,wblA,SCO0222,-,Weak
wblA-SCO5140,wblA,SCO5140,-,Weak
wblA-SCO5073,wblA,SCO5073,-,Weak
wblA-SCO4873,wblA,SCO4873,-,Weak
wblA-SCO6042,wblA,SCO6042,-,Weak
wblA-SCO1195,wblA,SCO1195,+,Weak
wblA-SCO2488,wblA,SCO2488,-,Weak
wblA-SCO6072,wblA,SCO6072,+,Weak
wblA-lepA,wblA,lepA,-,Weak
wblA-SCO7438,wblA,SCO7438,+,Weak
wblA-SCO5389,wblA,SCO5389,-,Weak
wblA-SCO3092,wblA,SCO3092,-,Weak
wblA-SCO3324,wblA,SCO3324,+,Weak
wblA-SCO5866,wblA,SCO5866,-,Weak
wblA-SCO0853,wblA,SCO0853,+,Weak
wblA-SCO1340,wblA,SCO1340,-,Weak
wblA-SCO6259,wblA,SCO6259,-,Weak
wblA-SCO6200,wblA,SCO6200,+,Weak
wblA-gylR,wblA,gylR,+,Weak
wblA-SCO3019,wblA,SCO3019,+,Weak
wblA-SCO0840,wblA,SCO0840,+,Weak
wblA-SCO3787,wblA,SCO3787,+,Weak
wblA-purA,wblA,purA,-,Weak
wblA-SCO4980,wblA,SCO4980,-,Weak
wblA-SCO0999,wblA,SCO0999,-,Weak
wblA-SCO5047,wblA,SCO5047,-,Weak
wblA-SCO3999,wblA,SCO3999,-,Weak
wblA-SCO3379,wblA,SCO3379,+,Weak
wblA-SCO1800,wblA,SCO1800,+,Weak
wblA-purL,wblA,purL,-,Weak
wblA-SCO0603,wblA,SCO0603,+,Weak
wblA-SCO0318,wblA,SCO0318,-,Weak
wblA-SCO0708,wblA,SCO0708,-,Weak
wblA-SCO1628,wblA,SCO1628,+,Weak
wblA-SCO4276,wblA,SCO4276,+,Weak
wblA-SCO6141,wblA,SCO6141,-,Weak
wblA-SCO7257,wblA,SCO7257,-,Weak
wblA-SCO2239,wblA,SCO2239,-,Weak
wblA-SCO6142,wblA,SCO6142,+,Weak
wblA-SCO4003,wblA,SCO4003,-,Weak
wblA-SCO4867,wblA,SCO4867,-,Weak
wblA-SCO5179,wblA,SCO5179,-,Weak
wblA-SCO7640,wblA,SCO7640,-,Weak
wblA-SCO4002,wblA,SCO4002,+,Weak
wblA-SCO4950,wblA,SCO4950,-,Weak
wblA-SCO5176,wblA,SCO5176,+,Weak
wblA-SCO1831,wblA,SCO1831,-,Weak
wblA-SCO5678,wblA,SCO5678,+,Weak
wblA-SCO2026,wblA,SCO2026,-,Weak
wblA-SCO5423,wblA,SCO5423,-,Weak
wblA-SCO6213,wblA,SCO6213,-,Weak
wblA-SCO4214,wblA,SCO4214,-,Weak
wblA-SCO5500,wblA,SCO5500,-,Weak
wblA-SCO2629,wblA,SCO2629,+,Weak
wblA-SCO2842,wblA,SCO2842,+,Weak
wblA-SCO2999,wblA,SCO2999,-,Weak
wblA-SCO4060,wblA,SCO4060,-,Weak
wblA-SCO6712,wblA,SCO6712,-,Weak
wblA-SCO5110,wblA,SCO5110,+,Weak
wblA-SCO4507,wblA,SCO4507,-,Weak
wblA-SCO2134,wblA,SCO2134,-,Weak
wblA-SCO4992,wblA,SCO4992,-,Weak
wblA-SCO0743,wblA,SCO0743,+,Weak
wblA-SCO6791,wblA,SCO6791,-,Weak
wblA-SCO5191,wblA,SCO5191,-,Weak
wblA-SCO5059,wblA,SCO5059,-,Weak
wblA-SCO3663,wblA,SCO3663,-,Weak
wblA-SCO5616,wblA,SCO5616,-,Weak
wblA-SCO4509,wblA,SCO4509,-,Weak
wblA-ctaB,wblA,ctaB,+,Weak
wblA-SCO0854,wblA,SCO0854,+,Weak
wblA-SCO6393,wblA,SCO6393,+,Weak
wblA-wblJ,wblA,wblJ,-,Weak
wblA-SCO3962,wblA,SCO3962,-,Weak
wblA-SCO2741,wblA,SCO2741,-,Weak
wblA-SCO6153,wblA,SCO6153,-,Weak
wblA-rpmB2,wblA,rpmB2,-,Weak
wblA-SCO7458,wblA,SCO7458,+,Weak
wblA-wblA,wblA,wblA,+,Weak
wblA-SCO5080,wblA,SCO5080,-,Weak
wblA-map3,wblA,map3,+,Weak
wblA-SCO2841,wblA,SCO2841,+,Weak
wblA-SCO2241,wblA,SCO2241,-,Weak
wblA-SCO4854,wblA,SCO4854,+,Weak
wblA-SCO3215,wblA,SCO3215,-,Weak
wblA-SCO3857,wblA,SCO3857,+,Weak
wblA-SCO4859,wblA,SCO4859,+,Weak
wblA-SCO4858,wblA,SCO4858,-,Weak
wblA-SCO5458,wblA,SCO5458,-,Weak
wblA-SCO4676,wblA,SCO4676,+,Weak
wblA-tdk,wblA,tdk,-,Weak
wblA-SCO4670,wblA,SCO4670,-,Weak
wblA-sti1,wblA,sti1,-,Weak
rsbV-SCO4002,rsbV,SCO4002,+,Weak
rsbV-SCO3323,rsbV,SCO3323,+,Weak
rsbV-SCO4034,rsbV,SCO4034,+,Weak
SCO3013-SCO1489,SCO3013,SCO1489,-,Strong
SCO3013-SCO2716,SCO3013,SCO2716,+,Weak
SCO3013-SCO2717,SCO3013,SCO2717,+,Weak
SCO3013-SCO2718,SCO3013,SCO2718,+,Weak
SCO3013-SCO2719,SCO3013,SCO2719,+,Weak
SCO3013-SCO6684,SCO3013,SCO6684,+,Weak
SCO3013-SCO6685,SCO3013,SCO6685,+,Weak
SCO3013-SCO2699,SCO3013,SCO2699,+,Weak
SCO3013-SCO6683,SCO3013,SCO6683,+,Weak
SCO3013-SCO6681,SCO3013,SCO6681,+,Weak
SCO3013-SCO6029,SCO3013,SCO6029,+,Strong
SCO3013-SCO7257,SCO3013,SCO7257,+,Weak
SCO3013-SCO2705,SCO3013,SCO2705,+,Weak
SCO3013-SCO5116,SCO3013,SCO5116,+,Weak
SCO3013-SCO5115,SCO3013,SCO5115,+,Weak
SCO3013-SCO5114,SCO3013,SCO5114,+,Weak
SCO3013-SCO5113,SCO3013,SCO5113,+,Weak
SCO3013-SCO5112,SCO3013,SCO5112,+,Weak
SCO3013-ramS,SCO3013,ramS,+,Weak
SCO3013-SCO1674,SCO3013,SCO1674,+,Weak
SCO3013-SCO1675,SCO3013,SCO1675,+,Weak
SCO3013-SCO5819,SCO3013,SCO5819,+,Weak
SCO3013-SCO1800,SCO3013,SCO1800,+,Weak
SCO1104-redD,SCO1104,redD,-,Weak
SCO4908-SCO3217,SCO4908,SCO3217,-,Weak
SCO4908-actII-4,SCO4908,actII-4,-,Weak
SCO4908-redD,SCO4908,redD,-,Weak
SCO3375-SCO1541,SCO3375,SCO1541,?,Weak
SCO3571-SCO6276,SCO3571,SCO6276,?,Weak
SCO3571-SCO3229,SCO3571,SCO3229,+,Weak
SCO3571-SCO5261,SCO3571,SCO5261,+,Weak
SCO3571-SCO1273,SCO3571,SCO1273,?,Weak
SCO3571-SCO6271,SCO3571,SCO6271,+,Weak
SCO3571-SCO6429,SCO3571,SCO6429,+,Weak
SCO3571-SCO3230,SCO3571,SCO3230,+,Weak
SCO3571-SCO6283,SCO3571,SCO6283,?,Weak
SCO3571-SCO6272,SCO3571,SCO6272,+,Weak
SCO3571-cyc1,SCO3571,cyc1,-,Weak
SCO3571-SCO6275,SCO3571,SCO6275,+,Weak
SCO3571-SCO4921,SCO3571,SCO4921,+,Weak
SCO3571-SCO6282,SCO3571,SCO6282,?,Weak
SCO3571-SCO5223,SCO3571,SCO5223,-,Weak
SCO3571-nuoA,SCO3571,nuoA,-,Weak
SCO3571-SCO5881,SCO3571,SCO5881,?,Weak
SCO3571-SCO3217,SCO3571,SCO3217,+,Weak
SCO3571-actII-3,SCO3571,actII-3,?,Weak
SCO3571-SCO0381,SCO3571,SCO0381,?,Weak
SCO3571-actII-4,SCO3571,actII-4,+,Weak
SCO3571-pckG,SCO3571,pckG,+,Weak
SCO1712-wblA,SCO1712,wblA,-,Weak
SCO1712-SCO5881,SCO1712,SCO5881,-,Weak
SCO1712-SCO3217,SCO1712,SCO3217,-,Weak
SCO1712-actII-4,SCO1712,actII-4,-,Weak
SCO1712-redD,SCO1712,redD,-,Weak
SCO2127-SCO0204,SCO2127,SCO0204,-,Weak
SCO2127-SCO0216,SCO2127,SCO0216,-,Weak
SCO2127-SCO0179,SCO2127,SCO0179,-,Weak
SCO2127-SCO0200,SCO2127,SCO0200,-,Weak
SCO2127-SCO0217,SCO2127,SCO0217,-,Weak
SCO6194-SCO6196,SCO6194,SCO6196,?,Weak
SCO6194-SCO6195,SCO6194,SCO6195,+,Strong
SCO7278-SCO7314,SCO7278,SCO7314,?,Weak
rsbA-sigB,rsbA,sigB,-,Strong
