id,source,target,Effect,Evidence
Rv0238-etfB,Rv0238,etfB,-,Weak
Rv0238-Rv3030,Rv0238,Rv3030,-,Weak
Rv0238-pflA,Rv0238,pflA,?,Weak
Rv0238-fabG,Rv0238,fabG,-,Weak
Rv0238-fadA2,Rv0238,fadA2,-,Weak
Rv0238-fadE24,Rv0238,fadE24,-,Weak
Rv0232-Rv1573,Rv0232,Rv1573,?,Weak
Rv0232-Rv1572c,Rv0232,Rv1572c,?,Weak
Rv0042c-gca,Rv0042c,gca,?,Weak
Rv0042c-PE31,Rv0042c,PE31,?,Weak
Rv0042c-ppe66,Rv0042c,ppe66,?,Weak
Rv0042c-Rv0830,Rv0042c,Rv0830,?,Weak
Rv3830c-Rv0991c,Rv3830c,Rv0991c,?,Weak
Rv3830c-Rv2929,Rv3830c,Rv2929,?,Weak
Rv3830c-Rv0257,Rv3830c,Rv0257,?,Weak
Rv3830c-fadE9,Rv3830c,fadE9,?,Weak
Rv3830c-Rv1990c,Rv3830c,Rv1990c,?,Weak
Rv3830c-Rv0472c,Rv3830c,Rv0472c,?,Weak
Rv3830c-Rv0042c,Rv3830c,Rv0042c,?,Weak
Rv3830c-Rv1481,Rv3830c,Rv1481,?,Weak
Rv3830c-lppR,Rv3830c,lppR,?,Weak
Rv3830c-PE_PGRS14,Rv3830c,PE_PGRS14,?,Weak
Rv3830c-Rv2516c,Rv3830c,Rv2516c,?,Weak
Rv3830c-cysH,Rv3830c,cysH,?,Weak
Rv3830c-Rv1816,Rv3830c,Rv1816,?,Weak
Rv3830c-espJ,Rv3830c,espJ,?,Weak
Rv3830c-Rv3830c,Rv3830c,Rv3830c,+,Weak
Rv3830c-Rv2709,Rv3830c,Rv2709,?,Weak
Rv3830c-Rv1810,Rv3830c,Rv1810,?,Weak
Rv3830c-icl,Rv3830c,icl,?,Weak
Rv3830c-pcp,Rv3830c,pcp,?,Weak
Rv3830c-murD,Rv3830c,murD,?,Weak
Rv3830c-Rv2390c,Rv3830c,Rv2390c,?,Weak
Rv3830c-Rv3294c,Rv3830c,Rv3294c,?,Weak
Rv3830c-PE22,Rv3830c,PE22,?,Weak
Rv3830c-irtA,Rv3830c,irtA,?,Weak
Rv3830c-pks1,Rv3830c,pks1,?,Weak
Rv3830c-Rv0318c,Rv3830c,Rv0318c,?,Weak
Rv3830c-Rv1523,Rv3830c,Rv1523,?,Weak
Rv3830c-cas2,Rv3830c,cas2,?,Weak
Rv3830c-Rv3742c,Rv3830c,Rv3742c,?,Weak
Rv3830c-Rv2012,Rv3830c,Rv2012,?,Weak
Rv3830c-Rv2293c,Rv3830c,Rv2293c,?,Weak
Rv3830c-rbsK,Rv3830c,rbsK,?,Weak
Rv3830c-mftB,Rv3830c,mftB,?,Weak
Rv3830c-mtrA,Rv3830c,mtrA,?,Weak
Rv3830c-mmpL2,Rv3830c,mmpL2,?,Weak
Rv3830c-fbpB,Rv3830c,fbpB,?,Weak
Rv3830c-Rv3831,Rv3830c,Rv3831,?,Weak
Rv3830c-sthA,Rv3830c,sthA,?,Weak
Rv3830c-Rv3747,Rv3830c,Rv3747,?,Weak
Rv3830c-Rv2011c,Rv3830c,Rv2011c,?,Weak
Rv3830c-ripA,Rv3830c,ripA,?,Weak
Rv3830c-folB,Rv3830c,folB,?,Weak
Rv3830c-esxQ,Rv3830c,esxQ,?,Weak
Rv3830c-Rv3179,Rv3830c,Rv3179,?,Weak
Rv3830c-mftR,Rv3830c,mftR,?,Weak
Rv3830c-serA2,Rv3830c,serA2,?,Weak
Rv3830c-Rv2517c,Rv3830c,Rv2517c,?,Weak
Rv3830c-atpA,Rv3830c,atpA,?,Weak
Rv3830c-xylB,Rv3830c,xylB,?,Weak
Rv3830c-atpE,Rv3830c,atpE,?,Weak
Rv3830c-Rv0473,Rv3830c,Rv0473,?,Weak
Rv3830c-Rv1158c,Rv3830c,Rv1158c,?,Weak
Rv3830c-Rv0433,Rv3830c,Rv0433,?,Weak
Rv3830c-lipF,Rv3830c,lipF,?,Weak
Rv3830c-Rv1883c,Rv3830c,Rv1883c,?,Weak
Rv3830c-glf,Rv3830c,glf,?,Weak
Rv3830c-mmpL12,Rv3830c,mmpL12,?,Weak
Rv3830c-ftsW,Rv3830c,ftsW,?,Weak
Rv3830c-Rv2712c,Rv3830c,Rv2712c,?,Weak
Rv3830c-Rv1504c,Rv3830c,Rv1504c,?,Weak
Rv3830c-pimE,Rv3830c,pimE,?,Weak
Rv3830c-PE34,Rv3830c,PE34,?,Weak
Rv3830c-Rv2708c,Rv3830c,Rv2708c,?,Weak
Rv3830c-PE18,Rv3830c,PE18,?,Weak
Rv3830c-Rv3856c,Rv3830c,Rv3856c,?,Weak
Rv3830c-ppe2,Rv3830c,ppe2,?,Weak
Rv3830c-Rv3829c,Rv3830c,Rv3829c,?,Weak
Rv3830c-rpfC,Rv3830c,rpfC,?,Weak
clgR-acg,clgR,acg,?,Weak
clgR-Rv1116,clgR,Rv1116,?,Weak
clgR-hspX,clgR,hspX,?,Weak
Rv0302-Rv3843c,Rv0302,Rv3843c,?,Weak
Rv0302-Rv3637,Rv0302,Rv3637,?,Weak
Rv0302-menD,Rv0302,menD,?,Weak
Rv0302-Rv0373c,Rv0302,Rv0373c,?,Weak
Rv0302-Rv0213c,Rv0302,Rv0213c,?,Weak
Rv0302-Rv3239c,Rv0302,Rv3239c,?,Weak
Rv0302-Rv3047c,Rv0302,Rv3047c,?,Weak
Rv0302-helZ,Rv0302,helZ,?,Weak
Rv0302-panB,Rv0302,panB,?,Weak
Rv0302-Rv1357c,Rv0302,Rv1357c,?,Weak
Rv0302-katG,Rv0302,katG,?,Weak
Rv0302-mftE,Rv0302,mftE,?,Weak
Rv0302-gcvP,Rv0302,gcvP,?,Weak
Rv0302-fas,Rv0302,fas,?,Weak
Rv0302-leuS,Rv0302,leuS,?,Weak
Rv0302-Rv3099c,Rv0302,Rv3099c,?,Weak
Rv0302-Rv2952,Rv0302,Rv2952,?,Weak
Rv0302-ureC,Rv0302,ureC,?,Weak
Rv0302-Rv2216,Rv0302,Rv2216,?,Weak
Rv0302-Rv0433,Rv0302,Rv0433,?,Weak
Rv0302-embA,Rv0302,embA,-,Weak
Rv0302-nadD,Rv0302,nadD,?,Weak
Rv0302-ftsX,Rv0302,ftsX,?,Weak
Rv0302-Rv0600c,Rv0302,Rv0600c,?,Weak
Rv0302-dhmA1,Rv0302,dhmA1,?,Weak
Rv0302-rplE,Rv0302,rplE,?,Weak
Rv0302-vapB50,Rv0302,vapB50,?,Weak
Rv0302-espH,Rv0302,espH,?,Weak
Rv0302-Rv1421,Rv0302,Rv1421,?,Weak
Rv0302-mazE6,Rv0302,mazE6,?,Weak
Rv0302-Rv1989c,Rv0302,Rv1989c,?,Weak
Rv0302-Rv2132,Rv0302,Rv2132,?,Weak
Rv0302-murA,Rv0302,murA,?,Weak
Rv0302-lppF,Rv0302,lppF,?,Weak
Rv0302-trmB,Rv0302,trmB,?,Weak
Rv0302-Rv0203,Rv0302,Rv0203,?,Weak
Rv0302-mce1B,Rv0302,mce1B,?,Weak
Rv0302-Rv0209,Rv0302,Rv0209,?,Weak
Rv0302-cysM,Rv0302,cysM,?,Weak
Rv0302-Rv2876,Rv0302,Rv2876,?,Weak
Rv0302-fadD4,Rv0302,fadD4,?,Weak
Rv0302-fadD6,Rv0302,fadD6,?,Weak
Rv0302-fadD7,Rv0302,fadD7,?,Weak
Rv0302-ribD,Rv0302,ribD,?,Weak
Rv0302-Rv3643,Rv0302,Rv3643,?,Weak
Rv0302-guaB,Rv0302,guaB,?,Weak
Rv0302-Rv0625c,Rv0302,Rv0625c,?,Weak
Rv0302-espG1,Rv0302,espG1,?,Weak
Rv0302-Rv2006,Rv0302,Rv2006,?,Weak
Rv0302-Rv1363c,Rv0302,Rv1363c,?,Weak
Rv0302-kasB,Rv0302,kasB,?,Weak
Rv0302-PPE56,Rv0302,PPE56,?,Weak
Rv0302-narK3,Rv0302,narK3,?,Weak
Rv0302-rpsB,Rv0302,rpsB,?,Weak
Rv0302-Rv2569c,Rv0302,Rv2569c,?,Weak
Rv0302-Rv1762c,Rv0302,Rv1762c,?,Weak
Rv0302-rpsP,Rv0302,rpsP,?,Weak
Rv0302-Rv2951c,Rv0302,Rv2951c,?,Weak
Rv0302-log,Rv0302,log,?,Weak
Rv0302-trcS,Rv0302,trcS,?,Weak
Rv0302-Rv3479,Rv0302,Rv3479,?,Weak
Rv0302-Rv3172c,Rv0302,Rv3172c,?,Weak
Rv0302-phoP,Rv0302,phoP,?,Weak
Rv0302-Rv2728c,Rv0302,Rv2728c,?,Weak
Rv0302-lpqH,Rv0302,lpqH,?,Weak
Rv0302-Rv2148c,Rv0302,Rv2148c,?,Weak
Rv0302-rpmD,Rv0302,rpmD,?,Weak
Rv0302-eccCa1,Rv0302,eccCa1,?,Weak
Rv0302-Rv0807,Rv0302,Rv0807,-,Weak
Rv0302-Rv1176c,Rv0302,Rv1176c,?,Weak
Rv0302-Rv1683,Rv0302,Rv1683,?,Weak
Rv0302-Rv1314c,Rv0302,Rv1314c,?,Weak
Rv0302-Rv1684,Rv0302,Rv1684,?,Weak
Rv0302-Rv0302,Rv0302,Rv0302,+,Weak
Rv0302-Rv0789c,Rv0302,Rv0789c,?,Weak
Rv0302-Rv2742c,Rv0302,Rv2742c,?,Weak
Rv0302-glgE,Rv0302,glgE,?,Weak
Rv0302-Rv1337,Rv0302,Rv1337,?,Weak
Rv0302-Rv0093c,Rv0302,Rv0093c,-,Weak
Rv0302-glgP,Rv0302,glgP,?,Weak
Rv0302-ppe68,Rv0302,ppe68,?,Weak
Rv0302-lpqF,Rv0302,lpqF,?,Weak
Rv0302-sir,Rv0302,sir,?,Weak
Rv0302-mtc28,Rv0302,mtc28,?,Weak
Rv0302-PE22,Rv0302,PE22,?,Weak
Rv0302-Rv0712,Rv0302,Rv0712,?,Weak
Rv0302-gmdA,Rv0302,gmdA,-,Weak
Rv0302-Rv0756c,Rv0302,Rv0756c,?,Weak
Rv0302-Rv1985c,Rv0302,Rv1985c,?,Weak
Rv0302-Rv3179,Rv0302,Rv3179,?,Weak
Rv0302-lat,Rv0302,lat,?,Weak
Rv0302-Rv3725,Rv0302,Rv3725,?,Weak
Rv0302-Rv0446c,Rv0302,Rv0446c,?,Weak
Rv0302-nrdE,Rv0302,nrdE,?,Weak
Rv0302-ceoB,Rv0302,ceoB,-,Weak
Rv0302-Rv2570,Rv0302,Rv2570,?,Weak
Rv0302-phoU1,Rv0302,phoU1,?,Weak
Rv0302-ufaA1,Rv0302,ufaA1,?,Weak
Rv0302-Rv2410c,Rv0302,Rv2410c,?,Weak
Rv0302-Rv2005c,Rv0302,Rv2005c,?,Weak
Rv0302-Rv2690c,Rv0302,Rv2690c,?,Weak
cmr-Rv1676,cmr,Rv1676,?,Weak
cmr-Rv1669,cmr,Rv1669,?,Weak
cmr-Rv1670,cmr,Rv1670,?,Weak
cmr-Rv1374c,cmr,Rv1374c,?,Weak
kstR-cyp143,kstR,cyp143,?,Weak
kstR-hsaE,kstR,hsaE,-,Weak
kstR-Rv1204c,kstR,Rv1204c,-,Weak
kstR-Rv2632c,kstR,Rv2632c,?,Weak
kstR-moxR2,kstR,moxR2,?,Weak
kstR-Rv3631,kstR,Rv3631,-,Weak
kstR-Rv3632,kstR,Rv3632,?,Weak
kstR-Rv0139,kstR,Rv0139,?,Weak
kstR-fadB,kstR,fadB,?,Weak
kstR-PPE7,kstR,PPE7,?,Weak
kstR-hsaA,kstR,hsaA,-,Weak
kstR-Rv3814c,kstR,Rv3814c,?,Weak
kstR-kgtP,kstR,kgtP,?,Weak
kstR-Rv1158c,kstR,Rv1158c,?,Weak
kstR-Rv2563,kstR,Rv2563,?,Weak
kstR-Rv2562,kstR,Rv2562,?,Weak
kstR-Rv2565,kstR,Rv2565,?,Weak
kstR-mce3R,kstR,mce3R,?,Weak
kstR-Rv1894c,kstR,Rv1894c,-,Weak
kstR-ctpB,kstR,ctpB,?,Weak
kstR-Rv1019,kstR,Rv1019,?,Weak
kstR-Rv3740c,kstR,Rv3740c,?,Weak
kstR-Rv3485c,kstR,Rv3485c,?,Weak
kstR-Rv2578c,kstR,Rv2578c,?,Weak
kstR-Rv1339,kstR,Rv1339,?,Weak
kstR-ppe36,kstR,ppe36,?,Weak
kstR-mctB,kstR,mctB,?,Weak
kstR-trmI,kstR,trmI,-,Weak
kstR-pimE,kstR,pimE,-,Weak
kstR-mbtL,kstR,mbtL,?,Weak
kstR-echA19,kstR,echA19,-,Weak
kstR-Rv3780,kstR,Rv3780,?,Weak
kstR-glmU,kstR,glmU,?,Weak
kstR-fadD19,kstR,fadD19,-,Weak
kstR-hemB,kstR,hemB,-,Weak
kstR-Rv3528c,kstR,Rv3528c,-,Weak
kstR-dnaE2,kstR,dnaE2,?,Weak
kstR-Rv0687,kstR,Rv0687,-,Weak
kstR-nuoF,kstR,nuoF,?,Weak
kstR-nuoG,kstR,nuoG,?,Weak
kstR-kshA,kstR,kshA,-,Weak
kstR-ggtA,kstR,ggtA,?,Weak
kstR-Rv2347c,kstR,Rv2347c,?,Weak
kstR-celA2a,kstR,celA2a,?,Weak
kstR-Rv1435c,kstR,Rv1435c,?,Weak
kstR-Rv1986,kstR,Rv1986,?,Weak
kstR-mazE1,kstR,mazE1,?,Weak
kstR-kstD,kstR,kstD,-,Weak
kstR-espA,kstR,espA,?,Weak
kstR-fdxD,kstR,fdxD,?,Weak
kstR-kstR,kstR,kstR,+,Weak
kstR-Rv0940c,kstR,Rv0940c,-,Weak
kstR-pks6,kstR,pks6,-,Weak
kstR-pks5,kstR,pks5,?,Weak
kstR-mce1C,kstR,mce1C,?,Weak
kstR-fadE26,kstR,fadE26,?,Weak
kstR-glnA2,kstR,glnA2,?,Weak
kstR-Rv2556c,kstR,Rv2556c,-,Weak
kstR-cyp135A1,kstR,cyp135A1,?,Weak
kstR-fadD8,kstR,fadD8,-,Weak
kstR-Rv0104,kstR,Rv0104,?,Weak
kstR-Rv3839,kstR,Rv3839,?,Weak
kstR-vapB48,kstR,vapB48,?,Weak
kstR-Rv1913,kstR,Rv1913,-,Weak
kstR-Rv3027c,kstR,Rv3027c,?,Weak
kstR-mycP1,kstR,mycP1,?,Weak
kstR-Rv1628c,kstR,Rv1628c,-,Weak
kstR-acn,kstR,acn,?,Weak
kstR-glf,kstR,glf,?,Weak
kstR-sugB,kstR,sugB,-,Weak
kstR-Rv3840,kstR,Rv3840,?,Weak
kstR-accD6,kstR,accD6,?,Weak
kstR-mhpE,kstR,mhpE,?,Weak
kstR-Rv3844,kstR,Rv3844,?,Weak
kstR-Rv0219,kstR,Rv0219,?,Weak
kstR-Rv0218,kstR,Rv0218,?,Weak
kstR-Rv1356c,kstR,Rv1356c,?,Weak
kstR-vapB8,kstR,vapB8,?,Weak
kstR-lprD,kstR,lprD,?,Weak
kstR-Rv0176,kstR,Rv0176,?,Weak
kstR-Rv0177,kstR,Rv0177,?,Weak
kstR-Rv1588c,kstR,Rv1588c,?,Weak
kstR-Rv1482c,kstR,Rv1482c,?,Weak
kstR-log,kstR,log,-,Weak
kstR-Rv0749A,kstR,Rv0749A,?,Weak
kstR-moaC1,kstR,moaC1,?,Weak
kstR-Rv1961,kstR,Rv1961,?,Weak
kstR-Rv0771,kstR,Rv0771,?,Weak
kstR-mku,kstR,mku,?,Weak
kstR-Rv2119,kstR,Rv2119,?,Weak
kstR-Rv1116,kstR,Rv1116,?,Weak
kstR-polA,kstR,polA,?,Weak
kstR-Rv1374c,kstR,Rv1374c,?,Weak
kstR-Rv0461,kstR,Rv0461,?,Weak
kstR-Rv1503c,kstR,Rv1503c,?,Weak
kstR-Rv2401,kstR,Rv2401,?,Weak
kstR-Rv2293c,kstR,Rv2293c,?,Weak
kstR-Rv0488,kstR,Rv0488,?,Weak
kstR-esxL,kstR,esxL,?,Weak
kstR-infB,kstR,infB,?,Weak
kstR-fadB5,kstR,fadB5,-,Weak
kstR-Rv0961,kstR,Rv0961,?,Weak
kstR-esxQ,kstR,esxQ,?,Weak
kstR-Rv3531c,kstR,Rv3531c,-,Weak
kstR-Rv0157A,kstR,Rv0157A,?,Weak
kstR-Rv3269,kstR,Rv3269,?,Weak
kstR-secBL,kstR,secBL,?,Weak
kstR-Rv2307B,kstR,Rv2307B,?,Weak
kstR-erp,kstR,erp,?,Weak
kstR-mmaA4,kstR,mmaA4,?,Weak
kstR-Rv1804c,kstR,Rv1804c,?,Weak
kstR-Rv2617c,kstR,Rv2617c,?,Weak
kstR-PE7,kstR,PE7,?,Weak
kstR-Rv3706c,kstR,Rv3706c,?,Weak
kstR-Rv0953c,kstR,Rv0953c,-,Weak
kstR-Rv2799,kstR,Rv2799,-,Weak
kstR-Rv0499,kstR,Rv0499,?,Weak
kstR-Rv2798c,kstR,Rv2798c,?,Weak
kstR-Rv0257,kstR,Rv0257,-,Weak
kstR-Rv1823,kstR,Rv1823,?,Weak
kstR-Rv1265,kstR,Rv1265,?,Weak
kstR-fabD,kstR,fabD,?,Weak
kstR-narI,kstR,narI,-,Weak
kstR-mazF1,kstR,mazF1,?,Weak
kstR-purD,kstR,purD,-,Weak
kstR-Rv0954,kstR,Rv0954,?,Weak
kstR-narG,kstR,narG,-,Weak
kstR-purH,kstR,purH,?,Weak
kstR-Rv3008,kstR,Rv3008,?,Weak
kstR-qcrC,kstR,qcrC,?,Weak
kstR-Rv0891c,kstR,Rv0891c,?,Weak
kstR-PE22,kstR,PE22,?,Weak
kstR-Rv3762c,kstR,Rv3762c,?,Weak
kstR-Rv0892,kstR,Rv0892,?,Weak
kstR-ppe61,kstR,ppe61,?,Weak
kstR-moaR1,kstR,moaR1,?,Weak
kstR-parD1,kstR,parD1,-,Weak
kstR-narU,kstR,narU,?,Weak
kstR-eccA2,kstR,eccA2,?,Weak
kstR-Rv1053c,kstR,Rv1053c,?,Weak
kstR-Rv2346c,kstR,Rv2346c,?,Weak
kstR-Rv3521,kstR,Rv3521,-,Weak
kstR-pyrC,kstR,pyrC,?,Weak
kstR-wag31,kstR,wag31,?,Weak
kstR-cmaA2,kstR,cmaA2,?,Weak
kstR-nrdF2,kstR,nrdF2,?,Weak
kstR-lsr2,kstR,lsr2,?,Weak
kstR-Rv2577,kstR,Rv2577,?,Weak
kstR-Rv3371,kstR,Rv3371,-,Weak
kstR-fadA5,kstR,fadA5,-,Weak
kstR-senX3,kstR,senX3,?,Weak
kstR-PE19,kstR,PE19,?,Weak
kstR-PE17,kstR,PE17,?,Weak
kstR-Rv0552,kstR,Rv0552,?,Weak
kstR-htpG,kstR,htpG,?,Weak
kstR-Rv0158,kstR,Rv0158,?,Weak
vapB42-vapB42,vapB42,vapB42,+,Weak
vapB40-vapB40,vapB40,vapB40,+,Weak
hspR-Rv0385,hspR,Rv0385,?,Weak
hspR-dnaK,hspR,dnaK,?,Weak
hspR-clpB,hspR,clpB,?,Weak
hspR-nirB,hspR,nirB,?,Weak
whiB5-eccD5,whiB5,eccD5,?,Weak
whiB5-Rv2026c,whiB5,Rv2026c,?,Weak
whiB5-rtcB,whiB5,rtcB,+,Weak
whiB5-prcA,whiB5,prcA,?,Weak
whiB5-Rv3632,whiB5,Rv3632,?,Weak
whiB5-Rv0030,whiB5,Rv0030,+,Weak
whiB5-Rv2409c,whiB5,Rv2409c,+,Weak
whiB5-Rv1904,whiB5,Rv1904,?,Weak
whiB5-epiA,whiB5,epiA,?,Weak
whiB5-PE_PGRS7,whiB5,PE_PGRS7,?,Weak
whiB5-Rv2943,whiB5,Rv2943,?,Weak
whiB5-Rv3216,whiB5,Rv3216,?,Weak
whiB5-Rv0421c,whiB5,Rv0421c,?,Weak
whiB5-Rv2658c,whiB5,Rv2658c,?,Weak
whiB5-Rv3577,whiB5,Rv3577,?,Weak
whiB5-Rv3160c,whiB5,Rv3160c,?,Weak
whiB5-Rv0738,whiB5,Rv0738,?,Weak
whiB5-Rv2078,whiB5,Rv2078,+,Weak
whiB5-glyA2,whiB5,glyA2,+,Weak
whiB5-cas6,whiB5,cas6,+,Weak
whiB5-Rv0309,whiB5,Rv0309,+,Weak
whiB5-Rv0095c,whiB5,Rv0095c,?,Weak
whiB5-ppsE,whiB5,ppsE,?,Weak
whiB5-ppsD,whiB5,ppsD,?,Weak
whiB5-ctpD,whiB5,ctpD,-,Weak
whiB5-dinG,whiB5,dinG,?,Weak
whiB5-prfB,whiB5,prfB,?,Weak
whiB5-Rv0122,whiB5,Rv0122,?,Weak
whiB5-Rv0029,whiB5,Rv0029,+,Weak
whiB5-Rv2240c,whiB5,Rv2240c,?,Weak
whiB5-lysX,whiB5,lysX,?,Weak
whiB5-PE_PGRS55,whiB5,PE_PGRS55,?,Weak
whiB5-cysNC,whiB5,cysNC,?,Weak
whiB5-cut3,whiB5,cut3,+,Weak
whiB5-fadE23,whiB5,fadE23,?,Weak
whiB5-atpA,whiB5,atpA,?,Weak
whiB5-Rv0219,whiB5,Rv0219,?,Weak
whiB5-Rv1290c,whiB5,Rv1290c,?,Weak
whiB5-Rv3361c,whiB5,Rv3361c,?,Weak
whiB5-Rv3104c,whiB5,Rv3104c,?,Weak
whiB5-Rv3060c,whiB5,Rv3060c,?,Weak
whiB5-Rv0378,whiB5,Rv0378,?,Weak
whiB5-Rv3468c,whiB5,Rv3468c,+,Weak
whiB5-yrbE1A,whiB5,yrbE1A,?,Weak
whiB5-Rv2077A,whiB5,Rv2077A,+,Weak
whiB5-Rv2799,whiB5,Rv2799,+,Weak
whiB5-eccB4,whiB5,eccB4,+,Weak
whiB5-mptA,whiB5,mptA,?,Weak
whiB5-Rv0579,whiB5,Rv0579,?,Weak
whiB5-PE17,whiB5,PE17,?,Weak
whiB5-dnaK,whiB5,dnaK,?,Weak
whiB5-Rv3492c,whiB5,Rv3492c,+,Weak
whiB5-Rv0461,whiB5,Rv0461,?,Weak
whiB5-Rv2798c,whiB5,Rv2798c,+,Weak
whiB4-Rv2929,whiB4,Rv2929,?,Weak
whiB4-Rv3779,whiB4,Rv3779,?,Weak
whiB4-Rv3778c,whiB4,Rv3778c,?,Weak
whiB4-Rv3863,whiB4,Rv3863,?,Weak
whiB4-lppW,whiB4,lppW,?,Weak
whiB4-cdh,whiB4,cdh,?,Weak
whiB4-narK1,whiB4,narK1,?,Weak
whiB4-apt,whiB4,apt,?,Weak
whiB4-lppP,whiB4,lppP,?,Weak
whiB4-nirB,whiB4,nirB,?,Weak
whiB4-Rv3707c,whiB4,Rv3707c,?,Weak
whiB4-Rv3686c,whiB4,Rv3686c,?,Weak
whiB4-gca,whiB4,gca,?,Weak
whiB4-mazE3,whiB4,mazE3,?,Weak
whiB4-sigB,whiB4,sigB,?,Weak
whiB4-mihF,whiB4,mihF,?,Weak
whiB4-PPE43,whiB4,PPE43,?,Weak
whiB4-Rv2331A,whiB4,Rv2331A,?,Weak
whiB4-Rv2779c,whiB4,Rv2779c,?,Weak
whiB4-yrbE4A,whiB4,yrbE4A,?,Weak
whiB4-mce3R,whiB4,mce3R,?,Weak
whiB4-pks2,whiB4,pks2,?,Weak
whiB4-pks3,whiB4,pks3,?,Weak
whiB4-PE27,whiB4,PE27,?,Weak
whiB4-Rv1116,whiB4,Rv1116,?,Weak
whiB4-mtb12,whiB4,mtb12,?,Weak
whiB4-Rv3850,whiB4,Rv3850,?,Weak
whiB4-Rv1179c,whiB4,Rv1179c,?,Weak
whiB4-Rv2307B,whiB4,Rv2307B,?,Weak
whiB4-ald,whiB4,ald,?,Weak
whiB4-phoP,whiB4,phoP,+,Weak
whiB4-Rv2288,whiB4,Rv2288,?,Weak
whiB4-Rv3488,whiB4,Rv3488,?,Weak
whiB4-fadD9,whiB4,fadD9,?,Weak
whiB4-Rv0756c,whiB4,Rv0756c,?,Weak
whiB4-sir,whiB4,sir,?,Weak
whiB4-lppL,whiB4,lppL,?,Weak
whiB4-Rv3768,whiB4,Rv3768,?,Weak
whiB4-Rv2137c,whiB4,Rv2137c,?,Weak
whiB4-whiB1,whiB4,whiB1,?,Weak
whiB4-rplS,whiB4,rplS,?,Weak
whiB4-Rv2331,whiB4,Rv2331,?,Weak
whiB4-pks16,whiB4,pks16,?,Weak
whiB4-metK,whiB4,metK,?,Weak
whiB4-Rv3312A,whiB4,Rv3312A,?,Weak
whiB4-espR,whiB4,espR,?,Weak
whiB4-wag31,whiB4,wag31,?,Weak
whiB4-uppP,whiB4,uppP,?,Weak
whiB4-PE8,whiB4,PE8,?,Weak
whiB4-metH,whiB4,metH,?,Weak
whiB4-mazF3,whiB4,mazF3,?,Weak
whiB4-Rv3767c,whiB4,Rv3767c,?,Weak
whiB4-chp2,whiB4,chp2,?,Weak
whiB4-Rv1104,whiB4,Rv1104,?,Weak
whiB4-PE31,whiB4,PE31,?,Weak
whiB4-fbpA,whiB4,fbpA,?,Weak
whiB4-Rv1517,whiB4,Rv1517,?,Weak
whiB4-Rv2633c,whiB4,Rv2633c,?,Weak
whiB6-Rv3779,whiB6,Rv3779,-,Weak
whiB6-Rv3778c,whiB6,Rv3778c,-,Weak
whiB6-espB,whiB6,espB,+,Weak
whiB6-Rv1870c,whiB6,Rv1870c,?,Weak
whiB6-PE35,whiB6,PE35,+,Weak
whiB6-espA,whiB6,espA,?,Weak
whiB1-rpsO,whiB1,rpsO,?,Weak
whiB1-rpsL,whiB1,rpsL,?,Weak
whiB1-rpsJ,whiB1,rpsJ,?,Weak
whiB1-rplN,whiB1,rplN,?,Weak
whiB1-PE_PGRS7,whiB1,PE_PGRS7,?,Weak
whiB1-mutT4,whiB1,mutT4,?,Weak
whiB1-vapB10,whiB1,vapB10,?,Weak
whiB1-vapC10,whiB1,vapC10,?,Weak
whiB1-Rv1374c,whiB1,Rv1374c,?,Weak
whiB1-Rv0756c,whiB1,Rv0756c,?,Weak
whiB1-pnp,whiB1,pnp,?,Weak
whiB1-fbiC,whiB1,fbiC,?,Weak
whiB1-infA,whiB1,infA,?,Weak
whiB1-Rv0842,whiB1,Rv0842,?,Weak
whiB1-rpoB,whiB1,rpoB,?,Weak
whiB1-Rv2275,whiB1,Rv2275,?,Weak
whiB1-Rv3463,whiB1,Rv3463,?,Weak
whiB1-mazF8,whiB1,mazF8,?,Weak
whiB1-hemC,whiB1,hemC,?,Weak
whiB1-hemD,whiB1,hemD,?,Weak
whiB1-fadA3,whiB1,fadA3,?,Weak
whiB1-Rv0579,whiB1,Rv0579,?,Weak
whiB3-uppP,whiB3,uppP,?,Weak
whiB3-yrbE1A,whiB3,yrbE1A,-,Weak
whiB3-Rv0950c,whiB3,Rv0950c,+,Weak
whiB3-Rv2137c,whiB3,Rv2137c,?,Weak
whiB3-lppL,whiB3,lppL,?,Weak
whiB3-Rv0219,whiB3,Rv0219,?,Weak
whiB3-Rv0095c,whiB3,Rv0095c,?,Weak
whiB3-Rv3686c,whiB3,Rv3686c,?,Weak
whiB2-ppe44,whiB2,ppe44,?,Weak
whiB2-Rv2331,whiB2,Rv2331,+,Weak
whiB2-Rv2331A,whiB2,Rv2331A,?,Weak
whiB2-Rv2137c,whiB2,Rv2137c,?,Weak
whiB2-lppL,whiB2,lppL,?,Weak
whiB2-Rv3587c,whiB2,Rv3587c,+,Weak
whiB2-sepF,whiB2,sepF,+,Weak
whiB2-rsmA,whiB2,rsmA,?,Weak
whiB2-Rv2148c,whiB2,Rv2148c,?,Weak
whiB2-lppW,whiB2,lppW,?,Weak
whiB2-uppP,whiB2,uppP,?,Weak
whiB2-Rv1584c,whiB2,Rv1584c,?,Weak
Rv1332-mazE6,Rv1332,mazE6,?,Weak
Rv1332-Rv0947c,Rv1332,Rv0947c,?,Weak
Rv1332-Rv2307B,Rv1332,Rv2307B,?,Weak
Rv1332-ppe57,Rv1332,ppe57,?,Weak
Rv1332-mce3R,Rv1332,mce3R,?,Weak
Rv0681-hsaA,Rv0681,hsaA,?,Weak
Rv0681-hmp,Rv0681,hmp,?,Weak
Rv0681-cyp125,Rv0681,cyp125,?,Weak
Rv0681-fadA5,Rv0681,fadA5,?,Weak
Rv0681-Rv3531c,Rv0681,Rv3531c,+,Weak
Rv0681-ppe61,Rv0681,ppe61,?,Weak
Rv3167c-eccD5,Rv3167c,eccD5,?,Weak
Rv3167c-Rv1895,Rv3167c,Rv1895,-,Weak
Rv3167c-moeW,Rv3167c,moeW,?,Weak
Rv3167c-yrbE1A,Rv3167c,yrbE1A,?,Weak
Rv3167c-Rv1024,Rv3167c,Rv1024,?,Weak
Rv0330c-Rv0331,Rv0330c,Rv0331,?,Weak
Rv0330c-pks6,Rv0330c,pks6,?,Weak
Rv0330c-Rv0330c,Rv0330c,Rv0330c,+,Weak
whiA-ppe44,whiA,ppe44,?,Weak
whiA-plcB,whiA,plcB,-,Weak
whiA-Rv1456c,whiA,Rv1456c,-,Weak
whiA-Rv0232,whiA,Rv0232,?,Weak
whiA-Rv0759c,whiA,Rv0759c,?,Weak
whiA-Rv1584c,whiA,Rv1584c,?,Weak
whiA-uvrB,whiA,uvrB,?,Weak
whiA-Rv3901c,whiA,Rv3901c,?,Weak
whiA-Rv2563,whiA,Rv2563,?,Weak
whiA-Rv2562,whiA,Rv2562,?,Weak
whiA-uvrD2,whiA,uvrD2,+,Weak
whiA-Rv2566,whiA,Rv2566,?,Weak
whiA-Rv2119,whiA,Rv2119,?,Weak
whiA-ctpG,whiA,ctpG,?,Weak
whiA-Rv2644c,whiA,Rv2644c,?,Weak
whiA-Rv0049,whiA,Rv0049,?,Weak
whiA-Rv0088,whiA,Rv0088,?,Weak
whiA-PE_PGRS18,whiA,PE_PGRS18,?,Weak
whiA-Rv1148c,whiA,Rv1148c,?,Weak
whiA-Rv0519c,whiA,Rv0519c,?,Weak
whiA-cyp130,whiA,cyp130,?,Weak
whiA-dnaE1,whiA,dnaE1,?,Weak
whiA-Rv3424c,whiA,Rv3424c,?,Weak
whiA-ureD,whiA,ureD,?,Weak
whiA-hemB,whiA,hemB,?,Weak
whiA-Rv0430,whiA,Rv0430,?,Weak
whiA-Rv3604c,whiA,Rv3604c,-,Weak
whiA-Rv0687,whiA,Rv0687,?,Weak
whiA-Rv3195,whiA,Rv3195,?,Weak
whiA-Rv2698,whiA,Rv2698,?,Weak
whiA-Rv3198A,whiA,Rv3198A,?,Weak
whiA-glmM,whiA,glmM,?,Weak
whiA-Rv3717,whiA,Rv3717,?,Weak
whiA-fadE2,whiA,fadE2,-,Weak
whiA-Rv1632c,whiA,Rv1632c,?,Weak
whiA-Rv3258c,whiA,Rv3258c,?,Weak
whiA-Rv0057,whiA,Rv0057,?,Weak
whiA-rplJ,whiA,rplJ,?,Weak
whiA-proC,whiA,proC,?,Weak
whiA-rplC,whiA,rplC,?,Weak
whiA-PE_PGRS5,whiA,PE_PGRS5,?,Weak
whiA-Rv3259,whiA,Rv3259,?,Weak
whiA-sigE,whiA,sigE,?,Weak
whiA-Rv3798,whiA,Rv3798,?,Weak
whiA-espA,whiA,espA,?,Weak
whiA-Rv3714c,whiA,Rv3714c,?,Weak
whiA-ddl,whiA,ddl,?,Weak
whiA-trmI,whiA,trmI,-,Weak
whiA-smc,whiA,smc,?,Weak
whiA-cysM,whiA,cysM,?,Weak
whiA-TB9.4,whiA,TB9.4,?,Weak
whiA-vapC4,whiA,vapC4,?,Weak
whiA-fadD6,whiA,fadD6,?,Weak
whiA-rpoB,whiA,rpoB,?,Weak
whiA-Rv1954c,whiA,Rv1954c,?,Weak
whiA-Rv1995,whiA,Rv1995,?,Weak
whiA-Rv3587c,whiA,Rv3587c,-,Weak
whiA-Rv1504c,whiA,Rv1504c,?,Weak
whiA-apa,whiA,apa,?,Weak
whiA-ispE,whiA,ispE,-,Weak
whiA-Rv2927c,whiA,Rv2927c,?,Weak
whiA-dapA,whiA,dapA,?,Weak
whiA-eccD2,whiA,eccD2,?,Weak
whiA-eccD1,whiA,eccD1,?,Weak
whiA-rpsL,whiA,rpsL,?,Weak
whiA-lprB,whiA,lprB,?,Weak
whiA-nucS,whiA,nucS,?,Weak
whiA-fadD26,whiA,fadD26,?,Weak
whiA-Rv2737A,whiA,Rv2737A,?,Weak
whiA-fadD22,whiA,fadD22,?,Weak
whiA-Rv3555c,whiA,Rv3555c,?,Weak
whiA-deoC,whiA,deoC,?,Weak
whiA-Rv3023c,whiA,Rv3023c,?,Weak
whiA-lprQ,whiA,lprQ,?,Weak
whiA-dinG,whiA,dinG,?,Weak
whiA-Rv1583c,whiA,Rv1583c,?,Weak
whiA-Rv3177,whiA,Rv3177,?,Weak
whiA-Rv2529,whiA,Rv2529,?,Weak
whiA-Rv3479,whiA,Rv3479,?,Weak
whiA-Rv3716c,whiA,Rv3716c,?,Weak
whiA-mtb12,whiA,mtb12,-,Weak
whiA-tadA,whiA,tadA,?,Weak
whiA-Rv3194c,whiA,Rv3194c,?,Weak
whiA-fbpA,whiA,fbpA,?,Weak
whiA-Rv0961,whiA,Rv0961,?,Weak
whiA-vapC43,whiA,vapC43,?,Weak
whiA-higB1,whiA,higB1,?,Weak
whiA-Rv0968,whiA,Rv0968,?,Weak
whiA-Rv0477,whiA,Rv0477,?,Weak
whiA-trxB,whiA,trxB,?,Weak
whiA-mmuM,whiA,mmuM,?,Weak
whiA-Rv2311,whiA,Rv2311,?,Weak
whiA-PE31,whiA,PE31,?,Weak
whiA-Rv1360,whiA,Rv1360,?,Weak
whiA-dnaK,whiA,dnaK,?,Weak
whiA-PE_PGRS47,whiA,PE_PGRS47,?,Weak
whiA-Rv0883c,whiA,Rv0883c,?,Weak
whiA-Rv0789c,whiA,Rv0789c,?,Weak
whiA-Rv0499,whiA,Rv0499,?,Weak
whiA-miaB,whiA,miaB,?,Weak
whiA-Rv1149,whiA,Rv1149,?,Weak
whiA-tesA,whiA,tesA,?,Weak
whiA-vapC51,whiA,vapC51,?,Weak
whiA-vapC50,whiA,vapC50,?,Weak
whiA-Rv0958,whiA,Rv0958,?,Weak
whiA-fabH,whiA,fabH,?,Weak
whiA-Rv3034c,whiA,Rv3034c,?,Weak
whiA-Rv2542,whiA,Rv2542,?,Weak
whiA-Rv1540,whiA,Rv1540,?,Weak
whiA-vapB50,whiA,vapB50,?,Weak
whiA-vapB17,whiA,vapB17,?,Weak
whiA-blaI,whiA,blaI,?,Weak
whiA-tcrX,whiA,tcrX,?,Weak
whiA-vapB40,whiA,vapB40,?,Weak
whiA-Rv0713,whiA,Rv0713,?,Weak
whiA-usfY,whiA,usfY,?,Weak
whiA-Rv2074,whiA,Rv2074,?,Weak
whiA-ppsC,whiA,ppsC,?,Weak
whiA-secF,whiA,secF,?,Weak
whiA-mmpL13a,whiA,mmpL13a,?,Weak
whiA-whiB7,whiA,whiB7,?,Weak
whiA-PE_PGRS31,whiA,PE_PGRS31,?,Weak
whiA-ppe59,whiA,ppe59,?,Weak
whiA-Rv3658c,whiA,Rv3658c,?,Weak
whiA-ppe57,whiA,ppe57,?,Weak
whiA-Rv0446c,whiA,Rv0446c,?,Weak
whiA-ppe54,whiA,ppe54,?,Weak
whiA-ruvC,whiA,ruvC,?,Weak
whiA-Rv2864c,whiA,Rv2864c,?,Weak
whiA-Rv2197c,whiA,Rv2197c,?,Weak
whiA-Rv3680,whiA,Rv3680,?,Weak
whiA-crgA,whiA,crgA,?,Weak
whiA-Rv3209,whiA,Rv3209,?,Weak
whiA-lhr,whiA,lhr,?,Weak
whiA-Rv1320c,whiA,Rv1320c,+,Weak
whiA-ufaA1,whiA,ufaA1,?,Weak
whiA-Rv3093c,whiA,Rv3093c,?,Weak
Rv0043c-Rv3760,Rv0043c,Rv3760,?,Weak
Rv0043c-proX,Rv0043c,proX,?,Weak
oxyS-eccD5,oxyS,eccD5,?,Weak
oxyS-yrbE1A,oxyS,yrbE1A,?,Weak
Rv2488c-Rv1219c,Rv2488c,Rv1219c,?,Weak
Rv1990c-Rv1255c,Rv1990c,Rv1255c,-,Weak
Rv1990c-Rv2929,Rv1990c,Rv2929,?,Weak
Rv1990c-Rv1086,Rv1990c,Rv1086,?,Weak
Rv1990c-Rv3638,Rv1990c,Rv3638,?,Weak
Rv1990c-Rv0133,Rv1990c,Rv0133,?,Weak
Rv1990c-rsmI,Rv1990c,rsmI,?,Weak
Rv1990c-Rv3631,Rv1990c,Rv3631,?,Weak
Rv1990c-fadA,Rv1990c,fadA,?,Weak
Rv1990c-Rv0566c,Rv1990c,Rv0566c,?,Weak
Rv1990c-Rv1865c,Rv1990c,Rv1865c,?,Weak
Rv1990c-hddA,Rv1990c,hddA,?,Weak
Rv1990c-nirB,Rv1990c,nirB,-,Weak
Rv1990c-Rv3737,Rv1990c,Rv3737,?,Weak
Rv1990c-speE,Rv1990c,speE,?,Weak
Rv1990c-uvrA,Rv1990c,uvrA,?,Weak
Rv1990c-Rv1116A,Rv1990c,Rv1116A,?,Weak
Rv1990c-Rv0634A,Rv1990c,Rv0634A,?,Weak
Rv1990c-Rv2569c,Rv1990c,Rv2569c,?,Weak
Rv1990c-Rv0146,Rv1990c,Rv0146,?,Weak
Rv1990c-ctpF,Rv1990c,ctpF,?,Weak
Rv1990c-dosT,Rv1990c,dosT,-,Weak
Rv1990c-higA3,Rv1990c,higA3,?,Weak
Rv1990c-pepQ,Rv1990c,pepQ,?,Weak
Rv1990c-mmpL2,Rv1990c,mmpL2,?,Weak
Rv1990c-Rv1339,Rv1990c,Rv1339,?,Weak
Rv1990c-sthA,Rv1990c,sthA,?,Weak
Rv1990c-otsA,Rv1990c,otsA,?,Weak
Rv1990c-Rv1136,Rv1990c,Rv1136,?,Weak
Rv1990c-Rv2181,Rv1990c,Rv2181,?,Weak
Rv1990c-modB,Rv1990c,modB,?,Weak
Rv1990c-pimB,Rv1990c,pimB,?,Weak
Rv1990c-rpiB,Rv1990c,rpiB,-,Weak
Rv1990c-Rv0473,Rv1990c,Rv0473,?,Weak
Rv1990c-Rv0479c,Rv1990c,Rv0479c,?,Weak
Rv1990c-amt,Rv1990c,amt,?,Weak
Rv1990c-ftsE,Rv1990c,ftsE,?,Weak
Rv1990c-Rv3784,Rv1990c,Rv3784,?,Weak
Rv1990c-fadD14,Rv1990c,fadD14,-,Weak
Rv1990c-nadE,Rv1990c,nadE,?,Weak
Rv1990c-Rv0443,Rv1990c,Rv0443,?,Weak
Rv1990c-Rv0774c,Rv1990c,Rv0774c,?,Weak
Rv1990c-PPE8,Rv1990c,PPE8,?,Weak
Rv1990c-secA1,Rv1990c,secA1,-,Weak
Rv1990c-Rv0597c,Rv1990c,Rv0597c,?,Weak
Rv1990c-upp,Rv1990c,upp,?,Weak
Rv1990c-Rv2469c,Rv1990c,Rv2469c,-,Weak
Rv1990c-pmt,Rv1990c,pmt,?,Weak
Rv1990c-sapM,Rv1990c,sapM,-,Weak
Rv1990c-dapC,Rv1990c,dapC,?,Weak
Rv1990c-Rv0480c,Rv1990c,Rv0480c,?,Weak
Rv1990c-Rv2731,Rv1990c,Rv2731,-,Weak
Rv1990c-Rv3778c,Rv1990c,Rv3778c,?,Weak
Rv1990c-Rv1874,Rv1990c,Rv1874,?,Weak
Rv1990c-Rv0689c,Rv1990c,Rv0689c,?,Weak
Rv1990c-PE_PGRS9,Rv1990c,PE_PGRS9,?,Weak
Rv1990c-rplJ,Rv1990c,rplJ,?,Weak
Rv1990c-lppZ,Rv1990c,lppZ,?,Weak
Rv1990c-Rv3064c,Rv1990c,Rv3064c,?,Weak
Rv1990c-Rv2180c,Rv1990c,Rv2180c,?,Weak
Rv1990c-Rv3798,Rv1990c,Rv3798,?,Weak
Rv1990c-Rv3717,Rv1990c,Rv3717,-,Weak
Rv1990c-Rv0680c,Rv1990c,Rv0680c,?,Weak
Rv1990c-glbO,Rv1990c,glbO,-,Weak
Rv1990c-trmB,Rv1990c,trmB,-,Weak
Rv1990c-Rv0203,Rv1990c,Rv0203,?,Weak
Rv1990c-Rv0209,Rv1990c,Rv0209,?,Weak
Rv1990c-Rv1211,Rv1990c,Rv1211,?,Weak
Rv1990c-Rv1283c,Rv1990c,Rv1283c,?,Weak
Rv1990c-Rv1393c,Rv1990c,Rv1393c,?,Weak
Rv1990c-Rv1637c,Rv1990c,Rv1637c,?,Weak
Rv1990c-mmr,Rv1990c,mmr,?,Weak
Rv1990c-Rv0979A,Rv1990c,Rv0979A,?,Weak
Rv1990c-Rv3365c,Rv1990c,Rv3365c,?,Weak
Rv1990c-Rv1864c,Rv1990c,Rv1864c,?,Weak
Rv1990c-nei1,Rv1990c,nei1,-,Weak
Rv1990c-Rv1954c,Rv1990c,Rv1954c,?,Weak
Rv1990c-ispH1,Rv1990c,ispH1,?,Weak
Rv1990c-Rv1104,Rv1990c,Rv1104,?,Weak
Rv1990c-Rv0264c,Rv1990c,Rv0264c,?,Weak
Rv1990c-Rv0979c,Rv1990c,Rv0979c,?,Weak
Rv1990c-Rv2536,Rv1990c,Rv2536,?,Weak
Rv1990c-sseC2,Rv1990c,sseC2,?,Weak
Rv1990c-sseC1,Rv1990c,sseC1,?,Weak
Rv1990c-kgtP,Rv1990c,kgtP,?,Weak
Rv1990c-fadE2,Rv1990c,fadE2,?,Weak
Rv1990c-Rv3779,Rv1990c,Rv3779,?,Weak
Rv1990c-Rv2337c,Rv1990c,Rv2337c,-,Weak
Rv1990c-Rv0574c,Rv1990c,Rv0574c,?,Weak
Rv1990c-Rv3058c,Rv1990c,Rv3058c,?,Weak
Rv1990c-Rv2438A,Rv1990c,Rv2438A,?,Weak
Rv1990c-Rv2347c,Rv1990c,Rv2347c,?,Weak
Rv1990c-rph,Rv1990c,rph,?,Weak
Rv1990c-Rv1868,Rv1990c,Rv1868,-,Weak
Rv1990c-vapB36,Rv1990c,vapB36,?,Weak
Rv1990c-vapB37,Rv1990c,vapB37,-,Weak
Rv1990c-Rv2529,Rv1990c,Rv2529,?,Weak
Rv1990c-Rv3716c,Rv1990c,Rv3716c,?,Weak
Rv1990c-Rv0775,Rv1990c,Rv0775,?,Weak
Rv1990c-bioF2,Rv1990c,bioF2,?,Weak
Rv1990c-Rv0224c,Rv1990c,Rv0224c,?,Weak
Rv1990c-fbpB,Rv1990c,fbpB,?,Weak
Rv1990c-Rv0223c,Rv1990c,Rv0223c,?,Weak
Rv1990c-esxQ,Rv1990c,esxQ,?,Weak
Rv1990c-Rv0923c,Rv1990c,Rv0923c,?,Weak
Rv1990c-ephE,Rv1990c,ephE,?,Weak
Rv1990c-phoH2,Rv1990c,phoH2,?,Weak
Rv1990c-fadE10,Rv1990c,fadE10,?,Weak
Rv1990c-PE8,Rv1990c,PE8,?,Weak
Rv1990c-Rv3277,Rv1990c,Rv3277,?,Weak
Rv1990c-Rv1977,Rv1990c,Rv1977,-,Weak
Rv1990c-Rv2991,Rv1990c,Rv2991,-,Weak
Rv1990c-moaB2,Rv1990c,moaB2,?,Weak
Rv1990c-aroC,Rv1990c,aroC,?,Weak
Rv1990c-mce3C,Rv1990c,mce3C,?,Weak
Rv1990c-Rv0992c,Rv1990c,Rv0992c,?,Weak
Rv1990c-Rv0744c,Rv1990c,Rv0744c,?,Weak
Rv1990c-PE_PGRS40,Rv1990c,PE_PGRS40,?,Weak
Rv1990c-glgC,Rv1990c,glgC,-,Weak
Rv1990c-Rv2306A,Rv1990c,Rv2306A,?,Weak
Rv1990c-Rv1990c,Rv1990c,Rv1990c,+,Weak
Rv1990c-cinA,Rv1990c,cinA,?,Weak
Rv1990c-mmaA1,Rv1990c,mmaA1,?,Weak
Rv1990c-rfbD,Rv1990c,rfbD,?,Weak
Rv1990c-purK,Rv1990c,purK,?,Weak
Rv1990c-Rv2255c,Rv1990c,Rv2255c,?,Weak
Rv1990c-Rv2541,Rv1990c,Rv2541,?,Weak
Rv1990c-galU,Rv1990c,galU,?,Weak
Rv1990c-Rv0650,Rv1990c,Rv0650,?,Weak
Rv1990c-Rv1540,Rv1990c,Rv1540,?,Weak
Rv1990c-ybeY,Rv1990c,ybeY,?,Weak
Rv1990c-hpt,Rv1990c,hpt,?,Weak
Rv1990c-Rv3294c,Rv1990c,Rv3294c,?,Weak
Rv1990c-PE27,Rv1990c,PE27,?,Weak
Rv1990c-Rv0081,Rv1990c,Rv0081,?,Weak
Rv1990c-Rv1096,Rv1990c,Rv1096,?,Weak
Rv1990c-Rv0386,Rv1990c,Rv0386,-,Weak
Rv1990c-mazE3,Rv1990c,mazE3,?,Weak
Rv1990c-Rv2239c,Rv1990c,Rv2239c,?,Weak
Rv1990c-Rv3745c,Rv1990c,Rv3745c,?,Weak
Rv1990c-Rv1835c,Rv1990c,Rv1835c,?,Weak
Rv1990c-Rv0225,Rv1990c,Rv0225,?,Weak
Rv1990c-Rv3524,Rv1990c,Rv3524,?,Weak
Rv1990c-Rv3179,Rv1990c,Rv3179,-,Weak
Rv1990c-Rv3178,Rv1990c,Rv3178,?,Weak
Rv1990c-Rv1109c,Rv1990c,Rv1109c,?,Weak
Rv1990c-Rv3728,Rv1990c,Rv3728,?,Weak
Rv1990c-Rv3726,Rv1990c,Rv3726,?,Weak
Rv1990c-ilvG,Rv1990c,ilvG,-,Weak
Rv1990c-cyp136,Rv1990c,cyp136,?,Weak
Rv1990c-Rv2570,Rv1990c,Rv2570,?,Weak
Rv1990c-nanT,Rv1990c,nanT,?,Weak
Rv1990c-caeA,Rv1990c,caeA,-,Weak
Rv1990c-Rv3161c,Rv1990c,Rv3161c,?,Weak
Rv1990c-Rv1085c,Rv1990c,Rv1085c,?,Weak
Rv1990c-Rv2655c,Rv1990c,Rv2655c,?,Weak
Rv0891c-rpsM,Rv0891c,rpsM,?,Weak
Rv0891c-rpmJ,Rv0891c,rpmJ,?,Weak
Rv0474-wag31,Rv0474,wag31,?,Weak
Rv0474-Rv0474,Rv0474,Rv0474,+,Weak
Rv0474-PE22,Rv0474,PE22,?,Weak
Rv0474-espA,Rv0474,espA,?,Weak
Rv0474-celA2a,Rv0474,celA2a,?,Weak
Rv0474-infA,Rv0474,infA,?,Weak
Rv0474-rpoB,Rv0474,rpoB,?,Weak
Rv0474-Rv1870c,Rv0474,Rv1870c,?,Weak
Rv0474-lsr2,Rv0474,lsr2,?,Weak
Rv0474-Rv1116,Rv0474,Rv1116,?,Weak
Rv0474-hbhA,Rv0474,hbhA,?,Weak
Rv0324-Rv2929,Rv0324,Rv2929,?,Weak
Rv0324-Rv2434c,Rv0324,Rv2434c,+,Weak
Rv0324-Rv0213c,Rv0324,Rv0213c,?,Weak
Rv0324-Rv2323c,Rv0324,Rv2323c,-,Weak
Rv0324-Rv3636,Rv0324,Rv3636,+,Weak
Rv0324-Rv0034,Rv0324,Rv0034,+,Weak
Rv0324-mce4F,Rv0324,mce4F,?,Weak
Rv0324-Rv3903c,Rv0324,Rv3903c,?,Weak
Rv0324-Rv2809,Rv0324,Rv2809,?,Weak
Rv0324-Rv1889c,Rv0324,Rv1889c,+,Weak
Rv0324-Rv3405c,Rv0324,Rv3405c,?,Weak
Rv0324-Rv2957,Rv0324,Rv2957,+,Weak
Rv0324-Rv2800,Rv0324,Rv2800,?,Weak
Rv0324-Rv3814c,Rv0324,Rv3814c,?,Weak
Rv0324-ctaE,Rv0324,ctaE,-,Weak
Rv0324-ctpV,Rv0324,ctpV,?,Weak
Rv0324-Rv3221c,Rv0324,Rv3221c,-,Weak
Rv0324-pcp,Rv0324,pcp,-,Weak
Rv0324-mce3R,Rv0324,mce3R,?,Weak
Rv0324-Rv1268c,Rv0324,Rv1268c,?,Weak
Rv0324-lsr2,Rv0324,lsr2,-,Weak
Rv0324-Rv2387,Rv0324,Rv2387,-,Weak
Rv0324-Rv0268c,Rv0324,Rv0268c,-,Weak
Rv0324-ald,Rv0324,ald,?,Weak
Rv0324-Rv3188,Rv0324,Rv3188,?,Weak
Rv0324-katG,Rv0324,katG,?,Weak
Rv0324-PE_PGRS10,Rv0324,PE_PGRS10,?,Weak
Rv0324-Rv3620c,Rv0324,Rv3620c,?,Weak
Rv0324-rnc,Rv0324,rnc,?,Weak
Rv0324-mctB,Rv0324,mctB,-,Weak
Rv0324-cyp136,Rv0324,cyp136,-,Weak
Rv0324-nrdF1,Rv0324,nrdF1,-,Weak
Rv0324-Rv1936,Rv0324,Rv1936,+,Weak
Rv0324-Rv2254c,Rv0324,Rv2254c,?,Weak
Rv0324-Rv1587c,Rv0324,Rv1587c,+,Weak
Rv0324-Rv3785,Rv0324,Rv3785,?,Weak
Rv0324-Rv1727,Rv0324,Rv1727,?,Weak
Rv0324-fadA,Rv0324,fadA,?,Weak
Rv0324-Rv3238c,Rv0324,Rv3238c,?,Weak
Rv0324-chp2,Rv0324,chp2,+,Weak
Rv0324-Rv1572c,Rv0324,Rv1572c,?,Weak
Rv0324-Rv1533,Rv0324,Rv1533,-,Weak
Rv0324-hbhA,Rv0324,hbhA,?,Weak
Rv0324-Rv0331,Rv0324,Rv0331,-,Weak
Rv0324-Rv1006,Rv0324,Rv1006,?,Weak
Rv0324-Rv0430,Rv0324,Rv0430,-,Weak
Rv0324-Rv2452c,Rv0324,Rv2452c,+,Weak
Rv0324-Rv2730,Rv0324,Rv2730,?,Weak
Rv0324-ppe25,Rv0324,ppe25,?,Weak
Rv0324-fadE8,Rv0324,fadE8,?,Weak
Rv0324-Rv0057,Rv0324,Rv0057,?,Weak
Rv0324-cyp125,Rv0324,cyp125,?,Weak
Rv0324-Rv1435c,Rv0324,Rv1435c,-,Weak
Rv0324-lppT,Rv0324,lppT,?,Weak
Rv0324-Rv0854,Rv0324,Rv0854,-,Weak
Rv0324-echA3,Rv0324,echA3,-,Weak
Rv0324-Rv0420c,Rv0324,Rv0420c,?,Weak
Rv0324-PE_PGRS7,Rv0324,PE_PGRS7,-,Weak
Rv0324-Rv2516c,Rv0324,Rv2516c,+,Weak
Rv0324-Rv1986,Rv0324,Rv1986,-,Weak
Rv0324-Rv0324,Rv0324,Rv0324,+,Weak
Rv0324-Rv2132,Rv0324,Rv2132,-,Weak
Rv0324-bacA,Rv0324,bacA,?,Weak
Rv0324-Rv3510c,Rv0324,Rv3510c,-,Weak
Rv0324-espB,Rv0324,espB,?,Weak
Rv0324-Rv3639c,Rv0324,Rv3639c,?,Weak
Rv0324-fdxD,Rv0324,fdxD,-,Weak
Rv0324-kstR,Rv0324,kstR,+,Weak
Rv0324-eccC2,Rv0324,eccC2,?,Weak
Rv0324-Rv1360,Rv0324,Rv1360,?,Weak
Rv0324-Rv2729c,Rv0324,Rv2729c,-,Weak
Rv0324-glnA2,Rv0324,glnA2,-,Weak
Rv0324-Rv2347c,Rv0324,Rv2347c,?,Weak
Rv0324-eccE1,Rv0324,eccE1,?,Weak
Rv0324-fadD4,Rv0324,fadD4,-,Weak
Rv0324-ppe12,Rv0324,ppe12,?,Weak
Rv0324-rpoC,Rv0324,rpoC,?,Weak
Rv0324-Rv3406,Rv0324,Rv3406,+,Weak
Rv0324-moaD1,Rv0324,moaD1,+,Weak
Rv0324-cysQ,Rv0324,cysQ,-,Weak
Rv0324-Rv3902c,Rv0324,Rv3902c,+,Weak
Rv0324-Rv2336,Rv0324,Rv2336,?,Weak
Rv0324-Rv1532c,Rv0324,Rv1532c,-,Weak
Rv0324-Rv1995,Rv0324,Rv1995,+,Weak
Rv0324-Rv1985c,Rv0324,Rv1985c,-,Weak
Rv0324-recF,Rv0324,recF,+,Weak
Rv0324-mazF1,Rv0324,mazF1,-,Weak
Rv0324-Rv3527,Rv0324,Rv3527,?,Weak
Rv0324-Rv0741,Rv0324,Rv0741,?,Weak
Rv0324-Rv0458,Rv0324,Rv0458,-,Weak
Rv0324-accD4,Rv0324,accD4,?,Weak
Rv0324-Rv3844,Rv0324,Rv3844,?,Weak
Rv0324-fadE34,Rv0324,fadE34,?,Weak
Rv0324-Rv1356c,Rv0324,Rv1356c,+,Weak
Rv0324-Rv0178,Rv0324,Rv0178,?,Weak
Rv0324-eccD2,Rv0324,eccD2,?,Weak
Rv0324-Rv0790c,Rv0324,Rv0790c,?,Weak
Rv0324-Rv3058c,Rv0324,Rv3058c,-,Weak
Rv0324-rpsT,Rv0324,rpsT,+,Weak
Rv0324-rpsS,Rv0324,rpsS,?,Weak
Rv0324-pabB,Rv0324,pabB,-,Weak
Rv0324-fpg1,Rv0324,fpg1,?,Weak
Rv0324-rpsP,Rv0324,rpsP,?,Weak
Rv0324-Rv1754c,Rv0324,Rv1754c,-,Weak
Rv0324-Rv0505c,Rv0324,Rv0505c,?,Weak
Rv0324-Rv1052,Rv0324,Rv1052,?,Weak
Rv0324-mihF,Rv0324,mihF,?,Weak
Rv0324-Rv0724A,Rv0324,Rv0724A,?,Weak
Rv0324-PPE43,Rv0324,PPE43,?,Weak
Rv0324-vapB36,Rv0324,vapB36,?,Weak
Rv0324-Rv0348,Rv0324,Rv0348,?,Weak
Rv0324-Rv0950c,Rv0324,Rv0950c,?,Weak
Rv0324-vapB32,Rv0324,vapB32,-,Weak
Rv0324-trcR,Rv0324,trcR,-,Weak
Rv0324-Rv0188,Rv0324,Rv0188,?,Weak
Rv0324-ahpC,Rv0324,ahpC,?,Weak
Rv0324-Rv1116,Rv0324,Rv1116,?,Weak
Rv0324-cas2,Rv0324,cas2,?,Weak
Rv0324-Rv3172c,Rv0324,Rv3172c,-,Weak
Rv0324-Rv1503c,Rv0324,Rv1503c,?,Weak
Rv0324-cmtR,Rv0324,cmtR,-,Weak
Rv0324-esxD,Rv0324,esxD,?,Weak
Rv0324-fbpA,Rv0324,fbpA,?,Weak
Rv0324-Rv0246,Rv0324,Rv0246,?,Weak
Rv0324-lpqD,Rv0324,lpqD,?,Weak
Rv0324-Rv3747,Rv0324,Rv3747,?,Weak
Rv0324-rpmI,Rv0324,rpmI,?,Weak
Rv0324-esxQ,Rv0324,esxQ,-,Weak
Rv0324-vapC47,Rv0324,vapC47,?,Weak
Rv0324-Rv2517c,Rv0324,Rv2517c,+,Weak
Rv0324-Rv3269,Rv0324,Rv3269,-,Weak
Rv0324-lpqX,Rv0324,lpqX,?,Weak
Rv0324-mmpS2,Rv0324,mmpS2,?,Weak
Rv0324-Rv0021c,Rv0324,Rv0021c,?,Weak
Rv0324-Rv1931c,Rv0324,Rv1931c,?,Weak
Rv0324-Rv1975,Rv0324,Rv1975,+,Weak
Rv0324-lysS1,Rv0324,lysS1,?,Weak
Rv0324-Rv1977,Rv0324,Rv1977,?,Weak
Rv0324-echA11,Rv0324,echA11,?,Weak
Rv0324-ethA,Rv0324,ethA,?,Weak
Rv0324-Rv2683,Rv0324,Rv2683,?,Weak
Rv0324-Rv1682,Rv0324,Rv1682,?,Weak
Rv0324-dnaB,Rv0324,dnaB,+,Weak
Rv0324-PE34,Rv0324,PE34,?,Weak
Rv0324-Rv0579,Rv0324,Rv0579,?,Weak
Rv0324-PE_PGRS43,Rv0324,PE_PGRS43,?,Weak
Rv0324-PE_PGRS42,Rv0324,PE_PGRS42,?,Weak
Rv0324-Rv1573,Rv0324,Rv1573,?,Weak
Rv0324-Rv0397,Rv0324,Rv0397,?,Weak
Rv0324-mce1B,Rv0324,mce1B,?,Weak
Rv0324-dxs,Rv0324,dxs,?,Weak
Rv0324-Rv0457c,Rv0324,Rv0457c,?,Weak
Rv0324-ppe66,Rv0324,ppe66,?,Weak
Rv0324-Rv1586c,Rv0324,Rv1586c,?,Weak
Rv0324-Rv3008,Rv0324,Rv3008,?,Weak
Rv0324-Rv1830,Rv0324,Rv1830,-,Weak
Rv0324-sir,Rv0324,sir,?,Weak
Rv0324-PPE27,Rv0324,PPE27,?,Weak
Rv0324-ybeY,Rv0324,ybeY,-,Weak
Rv0324-Rv2779c,Rv0324,Rv2779c,?,Weak
Rv0324-vapB14,Rv0324,vapB14,-,Weak
Rv0324-Rv3064c,Rv0324,Rv3064c,?,Weak
Rv0324-tgs2,Rv0324,tgs2,-,Weak
Rv0324-adhB,Rv0324,adhB,?,Weak
Rv0324-hrcA,Rv0324,hrcA,?,Weak
Rv0324-Rv1910c,Rv0324,Rv1910c,+,Weak
Rv0324-PE27,Rv0324,PE27,?,Weak
Rv0324-Rv3087,Rv0324,Rv3087,?,Weak
Rv0324-Rv3888c,Rv0324,Rv3888c,?,Weak
Rv0324-moaR1,Rv0324,moaR1,?,Weak
Rv0324-Rv3216,Rv0324,Rv3216,?,Weak
Rv0324-csm2,Rv0324,csm2,?,Weak
Rv0324-espG2,Rv0324,espG2,?,Weak
Rv0324-cpdA,Rv0324,cpdA,?,Weak
Rv0324-Rv0318c,Rv0324,Rv0318c,?,Weak
Rv0324-whiB1,Rv0324,whiB1,-,Weak
Rv0324-PE_PGRS35,Rv0324,PE_PGRS35,?,Weak
Rv0324-rip3,Rv0324,rip3,?,Weak
Rv0324-pks11,Rv0324,pks11,?,Weak
Rv0324-Rv3179,Rv0324,Rv3179,?,Weak
Rv0324-mazE1,Rv0324,mazE1,?,Weak
Rv0324-vapB47,Rv0324,vapB47,?,Weak
Rv0324-lat,Rv0324,lat,-,Weak
Rv0324-ilvG,Rv0324,ilvG,?,Weak
Rv0324-ahcY,Rv0324,ahcY,?,Weak
Rv0324-htdY,Rv0324,htdY,?,Weak
Rv0324-Rv0968,Rv0324,Rv0968,?,Weak
Rv0324-wag31,Rv0324,wag31,-,Weak
Rv0324-Rv1060,Rv0324,Rv1060,?,Weak
Rv0324-korA,Rv0324,korA,?,Weak
Rv0324-arsB2,Rv0324,arsB2,?,Weak
Rv0324-fadA5,Rv0324,fadA5,?,Weak
Rv0324-espA,Rv0324,espA,?,Weak
Rv0324-PE17,Rv0324,PE17,-,Weak
Rv0324-Rv0097,Rv0324,Rv0097,+,Weak
Rv0135c-Rv0238,Rv0135c,Rv0238,?,Weak
Rv0135c-pstP,Rv0135c,pstP,?,Weak
Rv0135c-Rv2204c,Rv0135c,Rv2204c,-,Weak
Rv0135c-rsmG,Rv0135c,rsmG,?,Weak
Rv0135c-Rv3843c,Rv0135c,Rv3843c,?,Weak
Rv0135c-Rv2597,Rv0135c,Rv2597,?,Weak
Rv0135c-Rv3863,Rv0135c,Rv3863,?,Weak
Rv0135c-Rv1920,Rv0135c,Rv1920,?,Weak
Rv0135c-Rv2884,Rv0135c,Rv2884,-,Weak
Rv0135c-Rv3603c,Rv0135c,Rv3603c,?,Weak
Rv0135c-atpE,Rv0135c,atpE,?,Weak
Rv0135c-Rv0061c,Rv0135c,Rv0061c,?,Weak
Rv0135c-celA1,Rv0135c,celA1,?,Weak
Rv0135c-mmpL6,Rv0135c,mmpL6,?,Weak
Rv0135c-mmpL4,Rv0135c,mmpL4,?,Weak
Rv0135c-cyp142,Rv0135c,cyp142,?,Weak
Rv0135c-fas,Rv0135c,fas,?,Weak
Rv0135c-mmpL9,Rv0135c,mmpL9,-,Weak
Rv0135c-mbtE,Rv0135c,mbtE,?,Weak
Rv0135c-Rv1870c,Rv0135c,Rv1870c,?,Weak
Rv0135c-modC,Rv0135c,modC,?,Weak
Rv0135c-Rv1226c,Rv0135c,Rv1226c,?,Weak
Rv0135c-pknA,Rv0135c,pknA,?,Weak
Rv0135c-atpA,Rv0135c,atpA,?,Weak
Rv0135c-asnB,Rv0135c,asnB,?,Weak
Rv0135c-cyp138,Rv0135c,cyp138,-,Weak
Rv0135c-Rv1706A,Rv0135c,Rv1706A,?,Weak
Rv0135c-Rv3784,Rv0135c,Rv3784,?,Weak
Rv0135c-Rv2708c,Rv0135c,Rv2708c,?,Weak
Rv0135c-embB,Rv0135c,embB,?,Weak
Rv0135c-Rv3660c,Rv0135c,Rv3660c,?,Weak
Rv0135c-Rv0448c,Rv0135c,Rv0448c,?,Weak
Rv0135c-ppe1,Rv0135c,ppe1,?,Weak
Rv0135c-fadD14,Rv0135c,fadD14,?,Weak
Rv0135c-ftsY,Rv0135c,ftsY,?,Weak
Rv0135c-ftsX,Rv0135c,ftsX,?,Weak
Rv0135c-Rv3770A,Rv0135c,Rv3770A,?,Weak
Rv0135c-lipA,Rv0135c,lipA,?,Weak
Rv0135c-Rv0520,Rv0135c,Rv0520,-,Weak
Rv0135c-lipB,Rv0135c,lipB,?,Weak
Rv0135c-sigE,Rv0135c,sigE,?,Weak
Rv0135c-sigD,Rv0135c,sigD,?,Weak
Rv0135c-Rv0910,Rv0135c,Rv0910,?,Weak
Rv0135c-nrdI,Rv0135c,nrdI,?,Weak
Rv0135c-espC,Rv0135c,espC,?,Weak
Rv0135c-Rv3040c,Rv0135c,Rv3040c,?,Weak
Rv0135c-pks6,Rv0135c,pks6,?,Weak
Rv0135c-Rv0750,Rv0135c,Rv0750,?,Weak
Rv0135c-mce1B,Rv0135c,mce1B,?,Weak
Rv0135c-Rv2507,Rv0135c,Rv2507,?,Weak
Rv0135c-smc,Rv0135c,smc,?,Weak
Rv0135c-Rv3489,Rv0135c,Rv3489,?,Weak
Rv0135c-Rv2205c,Rv0135c,Rv2205c,?,Weak
Rv0135c-Rv2240c,Rv0135c,Rv2240c,?,Weak
Rv0135c-Rv2645,Rv0135c,Rv2645,?,Weak
Rv0135c-rpoC,Rv0135c,rpoC,?,Weak
Rv0135c-rpoB,Rv0135c,rpoB,?,Weak
Rv0135c-Rv3400,Rv0135c,Rv3400,-,Weak
Rv0135c-Rv3337,Rv0135c,Rv3337,?,Weak
Rv0135c-Rv3049c,Rv0135c,Rv3049c,?,Weak
Rv0135c-Rv3338,Rv0135c,Rv3338,?,Weak
Rv0135c-mshB,Rv0135c,mshB,?,Weak
Rv0135c-mazF2,Rv0135c,mazF2,?,Weak
Rv0135c-vapC27,Rv0135c,vapC27,?,Weak
Rv0135c-espG2,Rv0135c,espG2,?,Weak
Rv0135c-Rv1518,Rv0135c,Rv1518,?,Weak
Rv0135c-Rv1517,Rv0135c,Rv1517,?,Weak
Rv0135c-Rv2927c,Rv0135c,Rv2927c,?,Weak
Rv0135c-drrA,Rv0135c,drrA,?,Weak
Rv0135c-rpsL,Rv0135c,rpsL,?,Weak
Rv0135c-rpsI,Rv0135c,rpsI,?,Weak
Rv0135c-fadD22,Rv0135c,fadD22,?,Weak
Rv0135c-Rv1919c,Rv0135c,Rv1919c,-,Weak
Rv0135c-Rv0505c,Rv0135c,Rv0505c,?,Weak
Rv0135c-Rv0095c,Rv0135c,Rv0095c,?,Weak
Rv0135c-Rv1815,Rv0135c,Rv1815,-,Weak
Rv0135c-Rv1112,Rv0135c,Rv1112,?,Weak
Rv0135c-Rv0749A,Rv0135c,Rv0749A,-,Weak
Rv0135c-Rv1615,Rv0135c,Rv1615,?,Weak
Rv0135c-Rv0135c,Rv0135c,Rv0135c,+,Weak
Rv0135c-acrA1,Rv0135c,acrA1,?,Weak
Rv0135c-Rv1116,Rv0135c,Rv1116,?,Weak
Rv0135c-Rv3857c,Rv0135c,Rv3857c,?,Weak
Rv0135c-Rv2307D,Rv0135c,Rv2307D,?,Weak
Rv0135c-Rv3661,Rv0135c,Rv3661,?,Weak
Rv0135c-Rv0223c,Rv0135c,Rv0223c,?,Weak
Rv0135c-Rv3896c,Rv0135c,Rv3896c,?,Weak
Rv0135c-Rv3267,Rv0135c,Rv3267,?,Weak
Rv0135c-Rv2067c,Rv0135c,Rv2067c,?,Weak
Rv0135c-Rv0828c,Rv0135c,Rv0828c,?,Weak
Rv0135c-rpmA,Rv0135c,rpmA,?,Weak
Rv0135c-mmpS4,Rv0135c,mmpS4,?,Weak
Rv0135c-mmpS2,Rv0135c,mmpS2,?,Weak
Rv0135c-Rv1592c,Rv0135c,Rv1592c,?,Weak
Rv0135c-Rv1707,Rv0135c,Rv1707,?,Weak
Rv0135c-Rv3463,Rv0135c,Rv3463,?,Weak
Rv0135c-cbs,Rv0135c,cbs,?,Weak
Rv0135c-Rv0885,Rv0135c,Rv0885,?,Weak
Rv0135c-irtA,Rv0135c,irtA,?,Weak
Rv0135c-Rv0310c,Rv0135c,Rv0310c,?,Weak
Rv0135c-dxr,Rv0135c,dxr,?,Weak
Rv0135c-Rv1804c,Rv0135c,Rv1804c,?,Weak
Rv0135c-fabG,Rv0135c,fabG,?,Weak
Rv0135c-prs,Rv0135c,prs,?,Weak
Rv0135c-Rv3312A,Rv0135c,Rv3312A,-,Weak
Rv0135c-Rv3519,Rv0135c,Rv3519,?,Weak
Rv0135c-Rv0492A,Rv0135c,Rv0492A,?,Weak
Rv0135c-Rv2709,Rv0135c,Rv2709,?,Weak
Rv0135c-ettA,Rv0135c,ettA,?,Weak
Rv0135c-Rv0988,Rv0135c,Rv0988,?,Weak
Rv0135c-Rv2699c,Rv0135c,Rv2699c,?,Weak
Rv0135c-TB16.3,Rv0135c,TB16.3,?,Weak
Rv0135c-pnp,Rv0135c,pnp,?,Weak
Rv0135c-trpS,Rv0135c,trpS,?,Weak
Rv0135c-Rv1671,Rv0135c,Rv1671,?,Weak
Rv0135c-qcrC,Rv0135c,qcrC,?,Weak
Rv0135c-whiB7,Rv0135c,whiB7,?,Weak
Rv0135c-pbpA,Rv0135c,pbpA,?,Weak
Rv0135c-whiB1,Rv0135c,whiB1,?,Weak
Rv0135c-Rv1111c,Rv0135c,Rv1111c,?,Weak
Rv0135c-ppe59,Rv0135c,ppe59,?,Weak
Rv0135c-Rv3729,Rv0135c,Rv3729,?,Weak
Rv0135c-Rv0942,Rv0135c,Rv0942,?,Weak
Rv0135c-Rv3363c,Rv0135c,Rv3363c,?,Weak
Rv0135c-Rv0829,Rv0135c,Rv0829,?,Weak
Rv0135c-Rv1556,Rv0135c,Rv1556,?,Weak
Rv0135c-Rv3684,Rv0135c,Rv3684,?,Weak
Rv0135c-PE19,Rv0135c,PE19,?,Weak
Rv0135c-Rv0316,Rv0135c,Rv0316,?,Weak
Rv0135c-Rv0097,Rv0135c,Rv0097,?,Weak
Rv0135c-topA,Rv0135c,topA,?,Weak
Rv0135c-Rv0311,Rv0135c,Rv0311,?,Weak
Rv0273c-Rv0274,Rv0273c,Rv0274,-,Weak
Rv0273c-Rv3619c,Rv0273c,Rv3619c,?,Weak
Rv0273c-rsmG,Rv0273c,rsmG,?,Weak
Rv0273c-Rv0213c,Rv0273c,Rv0213c,?,Weak
Rv0273c-proX,Rv0273c,proX,-,Weak
Rv0273c-Rv1265,Rv0273c,Rv1265,?,Weak
Rv0273c-Rv1037c,Rv0273c,Rv1037c,?,Weak
Rv0273c-fabD,Rv0273c,fabD,?,Weak
Rv0273c-Rv2366c,Rv0273c,Rv2366c,?,Weak
Rv0273c-Rv0958,Rv0273c,Rv0958,?,Weak
Rv0273c-Rv0955,Rv0273c,Rv0955,?,Weak
Rv0273c-PE_PGRS7,Rv0273c,PE_PGRS7,?,Weak
Rv0273c-fadD29,Rv0273c,fadD29,?,Weak
Rv0273c-Rv1546,Rv0273c,Rv1546,?,Weak
Rv0273c-gmhA,Rv0273c,gmhA,?,Weak
Rv0273c-PE26,Rv0273c,PE26,?,Weak
Rv0273c-ctpI,Rv0273c,ctpI,?,Weak
Rv0273c-Rv3740c,Rv0273c,Rv3740c,?,Weak
Rv0273c-fadE26,Rv0273c,fadE26,?,Weak
Rv0273c-Rv3760,Rv0273c,Rv3760,?,Weak
Rv0273c-Rv0029,Rv0273c,Rv0029,+,Weak
Rv0273c-whiB3,Rv0273c,whiB3,?,Weak
Rv0273c-malQ,Rv0273c,malQ,?,Weak
Rv0273c-ppe58,Rv0273c,ppe58,?,Weak
Rv0273c-ftsE,Rv0273c,ftsE,?,Weak
Rv0273c-Rv0273c,Rv0273c,Rv0273c,+,Weak
Rv0273c-Rv3403c,Rv0273c,Rv3403c,?,Weak
Rv0273c-aao,Rv0273c,aao,?,Weak
Rv0273c-eccB5,Rv0273c,eccB5,?,Weak
Rv0273c-Rv0579,Rv0273c,Rv0579,?,Weak
Rv0273c-nadR,Rv0273c,nadR,?,Weak
Rv0273c-ldtB,Rv0273c,ldtB,?,Weak
Rv0894-eccD5,Rv0894,eccD5,?,Weak
Rv1674c-mycP4,Rv1674c,mycP4,?,Weak
Rv1674c-Rv0324,Rv1674c,Rv0324,-,Weak
Rv1674c-Rv0338c,Rv1674c,Rv0338c,?,Weak
Rv1674c-PPE43,Rv1674c,PPE43,?,Weak
Rv1674c-Rv2323c,Rv1674c,Rv2323c,?,Weak
Rv1674c-Rv0188,Rv1674c,Rv0188,?,Weak
Rv1674c-Rv1674c,Rv1674c,Rv1674c,+,Weak
Rv1674c-Rv0089,Rv1674c,Rv0089,?,Weak
Rv1359-Rv1359,Rv1359,Rv1359,+,Weak
Rv1359-Rv1636,Rv1359,Rv1636,?,Weak
Rv1359-Rv1635c,Rv1359,Rv1635c,?,Weak
Rv3488-plcC,Rv3488,plcC,?,Weak
Rv3488-Rv0541c,Rv3488,Rv0541c,?,Weak
Rv3488-rsmG,Rv3488,rsmG,?,Weak
Rv3488-aspC,Rv3488,aspC,?,Weak
Rv3488-Rv2323c,Rv3488,Rv2323c,?,Weak
Rv3488-ald,Rv3488,ald,?,Weak
Rv3488-hadB,Rv3488,hadB,?,Weak
Rv3488-Rv1481,Rv3488,Rv1481,?,Weak
Rv3488-Rv1871c,Rv3488,Rv1871c,?,Weak
Rv3488-Rv1719,Rv3488,Rv1719,?,Weak
Rv3488-Rv2059,Rv3488,Rv2059,?,Weak
Rv3488-Rv2567,Rv3488,Rv2567,?,Weak
Rv3488-Rv2566,Rv3488,Rv2566,?,Weak
Rv3488-mce3R,Rv3488,mce3R,?,Weak
Rv3488-Rv0637,Rv3488,Rv0637,?,Weak
Rv3488-Rv2644c,Rv3488,Rv2644c,?,Weak
Rv3488-katG,Rv3488,katG,?,Weak
Rv3488-PE_PGRS10,Rv3488,PE_PGRS10,?,Weak
Rv3488-mftB,Rv3488,mftB,?,Weak
Rv3488-fadD15,Rv3488,fadD15,?,Weak
Rv3488-hbhA,Rv3488,hbhA,?,Weak
Rv3488-Rv0597c,Rv3488,Rv0597c,?,Weak
Rv3488-mpt64,Rv3488,mpt64,?,Weak
Rv3488-ftsX,Rv3488,ftsX,?,Weak
Rv3488-fadE2,Rv3488,fadE2,-,Weak
Rv3488-Rv2719c,Rv3488,Rv2719c,?,Weak
Rv3488-dhmA1,Rv3488,dhmA1,?,Weak
Rv3488-birA,Rv3488,birA,?,Weak
Rv3488-PE_PGRS7,Rv3488,PE_PGRS7,?,Weak
Rv3488-vapC8,Rv3488,vapC8,?,Weak
Rv3488-sigA,Rv3488,sigA,?,Weak
Rv3488-Rv3832c,Rv3488,Rv3832c,?,Weak
Rv3488-Rv1987,Rv3488,Rv1987,?,Weak
Rv3488-sigD,Rv3488,sigD,?,Weak
Rv3488-espB,Rv3488,espB,?,Weak
Rv3488-eccC2,Rv3488,eccC2,?,Weak
Rv3488-lipW,Rv3488,lipW,?,Weak
Rv3488-glnA1,Rv3488,glnA1,?,Weak
Rv3488-Rv3488,Rv3488,Rv3488,+,Weak
Rv3488-vapC9,Rv3488,vapC9,?,Weak
Rv3488-Rv3833,Rv3488,Rv3833,?,Weak
Rv3488-cysE,Rv3488,cysE,?,Weak
Rv3488-Rv3486,Rv3488,Rv3486,?,Weak
Rv3488-Rv2797c,Rv3488,Rv2797c,?,Weak
Rv3488-rpoB,Rv3488,rpoB,?,Weak
Rv3488-grcC2,Rv3488,grcC2,?,Weak
Rv3488-cysT,Rv3488,cysT,?,Weak
Rv3488-etfA,Rv3488,etfA,?,Weak
Rv3488-Rv1995,Rv3488,Rv1995,?,Weak
Rv3488-fadD36,Rv3488,fadD36,?,Weak
Rv3488-Rv2000,Rv3488,Rv2000,?,Weak
Rv3488-eccB1,Rv3488,eccB1,?,Weak
Rv3488-Rv0275c,Rv3488,Rv0275c,?,Weak
Rv3488-cycA,Rv3488,cycA,?,Weak
Rv3488-glcB,Rv3488,glcB,?,Weak
Rv3488-Rv0276,Rv3488,Rv0276,?,Weak
Rv3488-vapB8,Rv3488,vapB8,?,Weak
Rv3488-vapB2,Rv3488,vapB2,?,Weak
Rv3488-moaC1,Rv3488,moaC1,?,Weak
Rv3488-Rv3811,Rv3488,Rv3811,?,Weak
Rv3488-Rv1638A,Rv3488,Rv1638A,?,Weak
Rv3488-phoR,Rv3488,phoR,?,Weak
Rv3488-fbpA,Rv3488,fbpA,?,Weak
Rv3488-Rv3747,Rv3488,Rv3747,?,Weak
Rv3488-infA,Rv3488,infA,?,Weak
Rv3488-esxQ,Rv3488,esxQ,?,Weak
Rv3488-esxR,Rv3488,esxR,?,Weak
Rv3488-kgd,Rv3488,kgd,?,Weak
Rv3488-Rv3269,Rv3488,Rv3269,?,Weak
Rv3488-xylB,Rv3488,xylB,?,Weak
Rv3488-TB18.5,Rv3488,TB18.5,?,Weak
Rv3488-Rv0476,Rv3488,Rv0476,?,Weak
Rv3488-erp,Rv3488,erp,?,Weak
Rv3488-PE31,Rv3488,PE31,?,Weak
Rv3488-PE34,Rv3488,PE34,?,Weak
Rv3488-dnaG,Rv3488,dnaG,-,Weak
Rv3488-Rv0579,Rv3488,Rv0579,?,Weak
Rv3488-Rv2488c,Rv3488,Rv2488c,?,Weak
Rv3488-vapC51,Rv3488,vapC51,?,Weak
Rv3488-ppe66,Rv3488,ppe66,?,Weak
Rv3488-cofC,Rv3488,cofC,+,Weak
Rv3488-ppe63,Rv3488,ppe63,?,Weak
Rv3488-Rv1999c,Rv3488,Rv1999c,?,Weak
Rv3488-Rv3212,Rv3488,Rv3212,?,Weak
Rv3488-Rv1772,Rv3488,Rv1772,?,Weak
Rv3488-Rv2779c,Rv3488,Rv2779c,?,Weak
Rv3488-vapB14,Rv3488,vapB14,-,Weak
Rv3488-ppsA,Rv3488,ppsA,?,Weak
Rv3488-Rv0047c,Rv3488,Rv0047c,?,Weak
Rv3488-arsC,Rv3488,arsC,?,Weak
Rv3488-ppe59,Rv3488,ppe59,?,Weak
Rv3488-alkB,Rv3488,alkB,?,Weak
Rv3488-Rv3363c,Rv3488,Rv3363c,?,Weak
Rv3488-rpmB2,Rv3488,rpmB2,?,Weak
Rv1776c-Rv0059,Rv1776c,Rv0059,?,Weak
Rv1776c-Rv0276,Rv1776c,Rv0276,?,Weak
Rv1776c-Rv0133,Rv1776c,Rv0133,?,Weak
Rv1776c-Rv0338c,Rv1776c,Rv0338c,?,Weak
Rv1776c-Rv0139,Rv1776c,Rv0139,?,Weak
Rv1776c-groEL2,Rv1776c,groEL2,?,Weak
Rv1776c-PE2,Rv1776c,PE2,?,Weak
Rv1776c-Rv0365c,Rv1776c,Rv0365c,?,Weak
Rv1776c-Rv0455c,Rv1776c,Rv0455c,?,Weak
Rv1776c-Rv0063,Rv1776c,Rv0063,?,Weak
Rv1776c-lipC,Rv1776c,lipC,?,Weak
Rv1776c-mazE1,Rv1776c,mazE1,?,Weak
Rv1776c-Rv0183,Rv1776c,Rv0183,?,Weak
Rv1776c-gmhA,Rv1776c,gmhA,?,Weak
Rv1776c-Rv0347,Rv1776c,Rv0347,?,Weak
Rv1776c-mtc28,Rv1776c,mtc28,?,Weak
Rv1776c-Rv0122,Rv1776c,Rv0122,?,Weak
Rv1776c-Rv0374c,Rv1776c,Rv0374c,?,Weak
Rv1776c-ctpA,Rv1776c,ctpA,?,Weak
Rv1776c-Rv0205,Rv1776c,Rv0205,?,Weak
Rv1776c-ctpB,Rv1776c,ctpB,?,Weak
Rv1776c-Rv0060,Rv1776c,Rv0060,?,Weak
Rv1776c-Rv0225,Rv1776c,Rv0225,?,Weak
Rv1776c-bioF2,Rv1776c,bioF2,?,Weak
Rv1776c-mce1C,Rv1776c,mce1C,?,Weak
Rv1776c-Rv0207c,Rv1776c,Rv0207c,?,Weak
Rv1776c-Rv0224c,Rv1776c,Rv0224c,?,Weak
Rv1776c-Rv0121c,Rv1776c,Rv0121c,?,Weak
Rv1776c-Rv0466,Rv1776c,Rv0466,?,Weak
Rv1776c-Rv0250c,Rv1776c,Rv0250c,?,Weak
Rv1776c-mmpL4,Rv1776c,mmpL4,?,Weak
Rv1776c-Rv0049,Rv1776c,Rv0049,?,Weak
Rv1776c-Rv0227c,Rv1776c,Rv0227c,?,Weak
Rv1776c-eccE3,Rv1776c,eccE3,?,Weak
Rv1776c-gyrA,Rv1776c,gyrA,?,Weak
Rv1776c-Rv0223c,Rv1776c,Rv0223c,?,Weak
Rv1776c-fhaB,Rv1776c,fhaB,?,Weak
Rv1776c-Rv0128,Rv1776c,Rv0128,?,Weak
Rv1776c-fadD2,Rv1776c,fadD2,?,Weak
Rv1776c-Rv0100,Rv1776c,Rv0100,?,Weak
Rv1776c-hsp,Rv1776c,hsp,?,Weak
Rv1776c-pckG,Rv1776c,pckG,?,Weak
Rv1776c-trmB,Rv1776c,trmB,?,Weak
Rv1776c-nrp,Rv1776c,nrp,?,Weak
Rv1776c-pknB,Rv1776c,pknB,?,Weak
Rv1776c-Rv0424c,Rv1776c,Rv0424c,?,Weak
Rv1776c-adhE1,Rv1776c,adhE1,?,Weak
Rv1776c-Rv0299,Rv1776c,Rv0299,?,Weak
Rv1776c-fgd1,Rv1776c,fgd1,-,Weak
Rv1776c-fgd2,Rv1776c,fgd2,?,Weak
Rv1776c-mazF1,Rv1776c,mazF1,?,Weak
Rv1776c-Rv0029,Rv1776c,Rv0029,?,Weak
Rv1776c-eccB3,Rv1776c,eccB3,?,Weak
Rv1776c-Rv0098,Rv1776c,Rv0098,?,Weak
Rv1776c-Rv0275c,Rv1776c,Rv0275c,?,Weak
Rv1776c-Rv0097,Rv1776c,Rv0097,?,Weak
Rv1776c-Rv0269c,Rv1776c,Rv0269c,?,Weak
Rv1776c-dnaN,Rv1776c,dnaN,?,Weak
mtrA-Rv3717,mtrA,Rv3717,?,Weak
mtrA-lprO,mtrA,lprO,?,Weak
mtrA-lprJ,mtrA,lprJ,?,Weak
mtrA-Rv1268c,mtrA,Rv1268c,?,Weak
mtrA-Rv0130,mtrA,Rv0130,?,Weak
mtrA-Rv2525c,mtrA,Rv2525c,?,Weak
mtrA-Rv1883c,mtrA,Rv1883c,?,Weak
mtrA-celA2a,mtrA,celA2a,?,Weak
mtrA-pimE,mtrA,pimE,?,Weak
mtrA-fabD,mtrA,fabD,?,Weak
mtrA-Rv3277,mtrA,Rv3277,?,Weak
mtrA-Rv0653c,mtrA,Rv0653c,?,Weak
mtrA-nirB,mtrA,nirB,?,Weak
mtrA-purK,mtrA,purK,?,Weak
mtrA-Rv1754c,mtrA,Rv1754c,?,Weak
mtrA-Rv3675,mtrA,Rv3675,?,Weak
mtrA-Rv2722,mtrA,Rv2722,?,Weak
mtrA-ppe61,mtrA,ppe61,?,Weak
mtrA-Rv0822c,mtrA,Rv0822c,?,Weak
mtrA-ripA,mtrA,ripA,?,Weak
mtrA-mazE1,mtrA,mazE1,?,Weak
mtrA-Rv2884,mtrA,Rv2884,?,Weak
mtrA-Rv1772,mtrA,Rv1772,?,Weak
mtrA-Rv0320,mtrA,Rv0320,?,Weak
mtrA-lipP,mtrA,lipP,?,Weak
mtrA-mtc28,mtrA,mtc28,?,Weak
mtrA-Rv0950c,mtrA,Rv0950c,?,Weak
mtrA-fbpC,mtrA,fbpC,?,Weak
mtrA-Rv2723,mtrA,Rv2723,?,Weak
mtrA-Rv3241c,mtrA,Rv3241c,?,Weak
mtrA-Rv0188,mtrA,Rv0188,?,Weak
mtrA-Rv3716c,mtrA,Rv3716c,?,Weak
mtrA-trmB,mtrA,trmB,?,Weak
mtrA-Rv0309,mtrA,Rv0309,?,Weak
mtrA-Rv1523,mtrA,Rv1523,?,Weak
mtrA-Rv0996,mtrA,Rv0996,?,Weak
mtrA-ppe38,mtrA,ppe38,?,Weak
mtrA-lipX,mtrA,lipX,?,Weak
mtrA-tig,mtrA,tig,?,Weak
mtrA-Rv0209,mtrA,Rv0209,?,Weak
mtrA-Rv1116,mtrA,Rv1116,?,Weak
mtrA-Rv2293c,mtrA,Rv2293c,?,Weak
mtrA-umaA,mtrA,umaA,?,Weak
mtrA-PE_PGRS38,mtrA,PE_PGRS38,?,Weak
mtrA-mtrA,mtrA,mtrA,?,Weak
mtrA-fbpB,mtrA,fbpB,?,Weak
mtrA-mtrB,mtrA,mtrB,?,Weak
mtrA-whiB4,mtrA,whiB4,?,Weak
mtrA-ctpD,mtrA,ctpD,?,Weak
mtrA-Rv1004c,mtrA,Rv1004c,?,Weak
mtrA-nth,mtrA,nth,?,Weak
mtrA-Rv1815,mtrA,Rv1815,?,Weak
mtrA-leuS,mtrA,leuS,?,Weak
mtrA-Rv3645,mtrA,Rv3645,?,Weak
mtrA-hpx,mtrA,hpx,?,Weak
mtrA-mshB,mtrA,mshB,?,Weak
mtrA-gmhA,mtrA,gmhA,?,Weak
mtrA-mmaA3,mtrA,mmaA3,?,Weak
mtrA-rpfC,mtrA,rpfC,?,Weak
mtrA-PPE35,mtrA,PPE35,?,Weak
mtrA-Rv1987,mtrA,Rv1987,?,Weak
mtrA-Rv1158c,mtrA,Rv1158c,?,Weak
mtrA-Rv1433,mtrA,Rv1433,?,Weak
mtrA-vapB21,mtrA,vapB21,?,Weak
mtrA-mazF1,mtrA,mazF1,?,Weak
mtrA-mmpL12,mtrA,mmpL12,?,Weak
mtrA-Rv3354,mtrA,Rv3354,?,Weak
mtrA-Rv0654,mtrA,Rv0654,?,Weak
mtrA-erp,mtrA,erp,?,Weak
mtrA-PE19,mtrA,PE19,?,Weak
mtrA-PPE53,mtrA,PPE53,?,Weak
mtrA-ldtA,mtrA,ldtA,?,Weak
mtrA-rpfB,mtrA,rpfB,?,Weak
mtrA-katG,mtrA,katG,?,Weak
mtrA-Rv2864c,mtrA,Rv2864c,?,Weak
mtrA-carD,mtrA,carD,?,Weak
mtrA-crp,mtrA,crp,?,Weak
ethR-Rv2452c,ethR,Rv2452c,?,Weak
ethR-ald,ethR,ald,?,Weak
ethR-mazF1,ethR,mazF1,?,Weak
ethR-vapB19,ethR,vapB19,?,Weak
ethR-Rv1986,ethR,Rv1986,?,Weak
ethR-mazE1,ethR,mazE1,?,Weak
ethR-Rv2779c,ethR,Rv2779c,?,Weak
ethR-mce3R,ethR,mce3R,?,Weak
ethR-PE22,ethR,PE22,?,Weak
ethR-Rv1116,ethR,Rv1116,?,Weak
ethR-Rv2307B,ethR,Rv2307B,?,Weak
ethR-Rv3747,ethR,Rv3747,?,Weak
ethR-pks11,ethR,pks11,?,Weak
ethR-Rv1572c,ethR,Rv1572c,?,Weak
ethR-cyp130,ethR,cyp130,?,Weak
ethR-lat,ethR,lat,?,Weak
ethR-Rv3269,ethR,Rv3269,?,Weak
ethR-wag31,ethR,wag31,?,Weak
ethR-ethA,ethR,ethA,-,Weak
ethR-PE34,ethR,PE34,?,Weak
ethR-Rv1573,ethR,Rv1573,?,Weak
ethR-ethR,ethR,ethR,+,Weak
Rv0653c-ppe30,Rv0653c,ppe30,?,Weak
Rv0653c-Rv0543c,Rv0653c,Rv0543c,?,Weak
Rv0653c-Rv0148,Rv0653c,Rv0148,?,Weak
Rv0653c-Rv0075,Rv0653c,Rv0075,?,Weak
Rv0653c-Rv0654,Rv0653c,Rv0654,-,Weak
Rv0653c-PE_PGRS32,Rv0653c,PE_PGRS32,?,Weak
Rv0653c-Rv0502,Rv0653c,Rv0502,?,Weak
Rv0653c-Rv3722c,Rv0653c,Rv3722c,?,Weak
Rv0653c-PE7,Rv0653c,PE7,?,Weak
Rv0653c-rplY,Rv0653c,rplY,?,Weak
Rv0653c-PPE56,Rv0653c,PPE56,?,Weak
Rv0653c-gpsA,Rv0653c,gpsA,?,Weak
Rv0653c-Rv0653c,Rv0653c,Rv0653c,+,Weak
Rv0653c-Rv3239c,Rv0653c,Rv3239c,?,Weak
Rv0653c-mazG,Rv0653c,mazG,?,Weak
Rv0653c-relF,Rv0653c,relF,?,Weak
Rv0653c-Rv2008c,Rv0653c,Rv2008c,?,Weak
Rv0653c-Rv3741c,Rv0653c,Rv3741c,?,Weak
sigA-sigA,sigA,sigA,+,Strong
sigA-sigH,sigA,sigH,+,Strong
sigA-sigE,sigA,sigE,+,Strong
sigA-sigD,sigA,sigD,+,Strong
sigA-sigG,sigA,sigG,+,Strong
sigB-sigA,sigB,sigA,+,Strong
sigB-sigK,sigB,sigK,+,Strong
sigB-sigD,sigB,sigD,+,Strong
sigB-sigG,sigB,sigG,+,Strong
sigB-sigL,sigB,sigL,+,Strong
sigE-sigK,sigE,sigK,+,Strong
sigE-sigB,sigE,sigB,+,Strong
sigE-sigE,sigE,sigE,+,Strong
sigD-PE22,sigD,PE22,?,Weak
sigD-sigB,sigD,sigB,+,Strong
sigD-sigD,sigD,sigD,+,Strong
sigG-sigL,sigG,sigL,+,Strong
sigG-sigG,sigG,sigG,+,Strong
sigF-Rv3760,sigF,Rv3760,?,Weak
sigF-Rv2884,sigF,Rv2884,+,Weak
sigF-Rv0213c,sigF,Rv0213c,+,Weak
sigF-sigF,sigF,sigF,+,Strong
sigF-sigI,sigF,sigI,+,Strong
sigF-sigC,sigF,sigC,+,Strong
sigF-Rv0759c,sigF,Rv0759c,+,Weak
sigF-Rv0941c,sigF,Rv0941c,+,Weak
sigF-Rv1053c,sigF,Rv1053c,?,Weak
sigF-rsbW,sigF,rsbW,+,Weak
sigF-PE22,sigF,PE22,?,Weak
sigF-Rv1875,sigF,Rv1875,?,Weak
sigF-Rv0942,sigF,Rv0942,?,Weak
sigF-fadD4,sigF,fadD4,?,Weak
sigI-sigC,sigI,sigC,+,Strong
sigI-lat,sigI,lat,?,Weak
sigI-yrbE1A,sigI,yrbE1A,?,Weak
sigI-PPE43,sigI,PPE43,?,Weak
sigI-sigI,sigI,sigI,+,Strong
sigI-ppe57,sigI,ppe57,?,Weak
sigI-Rv3747,sigI,Rv3747,?,Weak
sigI-idsB,sigI,idsB,?,Weak
sigI-icl,sigI,icl,?,Weak
sigI-mce3R,sigI,mce3R,?,Weak
sigI-yrbE3A,sigI,yrbE3A,?,Weak
sigI-rpoB,sigI,rpoB,?,Weak
sigI-glyA2,sigI,glyA2,?,Weak
sigI-PE34,sigI,PE34,?,Weak
sigI-Rv1116,sigI,Rv1116,?,Weak
sigI-pks11,sigI,pks11,?,Weak
sigI-Rv1374c,sigI,Rv1374c,?,Weak
sigI-PE22,sigI,PE22,?,Weak
sigI-Rv2307B,sigI,Rv2307B,?,Weak
sigI-Rv1586c,sigI,Rv1586c,?,Weak
sigI-Rv1587c,sigI,Rv1587c,?,Weak
sigH-Rv2705c,sigH,Rv2705c,?,Weak
sigH-rpsF,sigH,rpsF,-,Weak
sigH-Rv2204c,sigH,Rv2204c,?,Weak
sigH-pepN,sigH,pepN,+,Weak
sigH-trxB1,sigH,trxB1,+,Weak
sigH-papA4,sigH,papA4,+,Weak
sigH-trxB,sigH,trxB,+,Weak
sigH-Rv1875,sigH,Rv1875,+,Weak
sigH-sigB,sigH,sigB,+,Strong
sigH-sigE,sigH,sigE,+,Strong
sigH-sigD,sigH,sigD,+,Strong
sigH-sigH,sigH,sigH,+,Strong
sigH-sigJ,sigH,sigJ,+,Strong
sigH-sigL,sigH,sigL,+,Strong
sigH-Rv1116,sigH,Rv1116,?,Weak
sigH-Rv2466c,sigH,Rv2466c,+,Weak
sigH-moeZ,sigH,moeZ,+,Weak
sigH-prfA,sigH,prfA,?,Weak
sigH-Rv2205c,sigH,Rv2205c,?,Weak
sigH-Rv2707,sigH,Rv2707,+,Weak
sigH-Rv2706c,sigH,Rv2706c,?,Weak
sigH-rpoB,sigH,rpoB,?,Weak
sigH-rpmE,sigH,rpmE,?,Weak
sigH-Rv3224,sigH,Rv3224,?,Weak
sigH-PPE56,sigH,PPE56,+,Weak
sigK-PE22,sigK,PE22,?,Weak
sigK-sigC,sigK,sigC,+,Strong
sigK-rpmD,sigK,rpmD,?,Weak
sigK-Rv2132,sigK,Rv2132,?,Weak
sigK-sigK,sigK,sigK,+,Strong
sigM-Rv2515c,sigM,Rv2515c,+,Weak
sigM-sigM,sigM,sigM,+,Strong
sigM-Rv3906c,sigM,Rv3906c,+,Weak
sigM-sigF,sigM,sigF,+,Strong
sigL-Rv0991c,sigL,Rv0991c,?,Weak
sigL-sigB,sigL,sigB,+,Strong
sigL-Rv2204c,sigL,Rv2204c,?,Weak
sigL-Rv2205c,sigL,Rv2205c,?,Weak
sigL-trxB1,sigL,trxB1,?,Weak
sigL-papA4,sigL,papA4,?,Weak
sigL-sigK,sigL,sigK,+,Strong
sigL-pepN,sigL,pepN,?,Weak
sigL-cysA1,sigL,cysA1,?,Weak
sigL-sigL,sigL,sigL,+,Strong
sigL-Rv2466c,sigL,Rv2466c,?,Weak
sigL-sigH,sigL,sigH,+,Strong
Rv2506-umaA,Rv2506,umaA,?,Weak
Rv2506-proZ,Rv2506,proZ,?,Weak
Rv2506-scoA,Rv2506,scoA,-,Weak
Rv2506-fadD35,Rv2506,fadD35,-,Weak
Rv2506-ppe59,Rv2506,ppe59,?,Weak
Rv2506-Rv3161c,Rv2506,Rv3161c,?,Weak
Rv2506-Rv3728,Rv2506,Rv3728,?,Weak
Rv2506-Rv2506,Rv2506,Rv2506,+,Weak
Rv2506-Rv1290A,Rv2506,Rv1290A,?,Weak
Rv0348-kstR,Rv0348,kstR,?,Weak
Rv0348-ppiB,Rv0348,ppiB,?,Weak
Rv0348-Rv0347,Rv0348,Rv0347,?,Weak
Rv2912c-Rv2913c,Rv2912c,Rv2913c,-,Weak
Rv2989-Rv2779c,Rv2989,Rv2779c,?,Weak
Rv2989-fadE5,Rv2989,fadE5,?,Weak
Rv2989-Rv0012,Rv2989,Rv0012,?,Weak
Rv2989-mazF3,Rv2989,mazF3,?,Weak
Rv2989-ald,Rv2989,ald,?,Weak
Rv2989-Rv2370c,Rv2989,Rv2370c,?,Weak
Rv2989-Rv0356c,Rv2989,Rv0356c,?,Weak
Rv2989-Rv0042c,Rv2989,Rv0042c,?,Weak
Rv2989-pcaA,Rv2989,pcaA,?,Weak
Rv2989-PPE8,Rv2989,PPE8,?,Weak
Rv2989-Rv0653c,Rv2989,Rv0653c,?,Weak
Rv2989-Rv3534c,Rv2989,Rv3534c,?,Weak
Rv2989-Rv3304,Rv2989,Rv3304,?,Weak
Rv2989-Rv0839,Rv2989,Rv0839,?,Weak
Rv2989-scpA,Rv2989,scpA,?,Weak
Rv2989-Rv2989,Rv2989,Rv2989,?,Weak
Rv2989-mazE3,Rv2989,mazE3,?,Weak
Rv2989-Rv1986,Rv2989,Rv1986,?,Weak
Rv2989-pyrD,Rv2989,pyrD,?,Weak
Rv2989-gmhA,Rv2989,gmhA,?,Weak
Rv2989-Rv2132,Rv2989,Rv2132,?,Weak
Rv2989-Rv0654,Rv2989,Rv0654,?,Weak
Rv2989-vapB13,Rv2989,vapB13,?,Weak
Rv2989-lpdA,Rv2989,lpdA,-,Weak
Rv2989-Rv1947,Rv2989,Rv1947,?,Weak
Rv2989-PE22,Rv2989,PE22,?,Weak
Rv2989-Rv2699c,Rv2989,Rv2699c,?,Weak
Rv2989-lsr2,Rv2989,lsr2,?,Weak
Rv2989-Rv1116,Rv2989,Rv1116,?,Weak
Rv2989-pckG,Rv2989,pckG,?,Weak
Rv2989-Rv1374c,Rv2989,Rv1374c,?,Weak
Rv2989-lipY,Rv2989,lipY,?,Weak
Rv2989-clpB,Rv2989,clpB,?,Weak
Rv2989-Rv2468c,Rv2989,Rv2468c,?,Weak
Rv2989-katG,Rv2989,katG,?,Weak
Rv2989-Rv0385,Rv2989,Rv0385,?,Weak
Rv2989-Rv0744c,Rv2989,Rv0744c,?,Weak
Rv2989-Rv0488,Rv2989,Rv0488,?,Weak
Rv2989-umaA,Rv2989,umaA,?,Weak
Rv2989-Rv3395c,Rv2989,Rv3395c,?,Weak
Rv2989-leuC,Rv2989,leuC,?,Weak
Rv2989-esxG,Rv2989,esxG,?,Weak
Rv2989-Rv2451,Rv2989,Rv2451,?,Weak
Rv2989-whiB1,Rv2989,whiB1,?,Weak
Rv2989-crgA,Rv2989,crgA,?,Weak
Rv2989-Rv0961,Rv2989,Rv0961,?,Weak
Rv2989-Rv1995,Rv2989,Rv1995,?,Weak
Rv2989-vapB49,Rv2989,vapB49,?,Weak
Rv2989-lppG,Rv2989,lppG,?,Weak
Rv2989-Rv3719,Rv2989,Rv3719,?,Weak
Rv2989-vapC49,Rv2989,vapC49,?,Weak
Rv2989-Rv3548c,Rv2989,Rv3548c,?,Weak
Rv2989-PE_PGRS41,Rv2989,PE_PGRS41,?,Weak
Rv2989-parB,Rv2989,parB,?,Weak
Rv2989-adoK,Rv2989,adoK,?,Weak
Rv2989-wag31,Rv2989,wag31,?,Weak
Rv2989-Rv2336,Rv2989,Rv2336,?,Weak
Rv2989-glmS,Rv2989,glmS,?,Weak
Rv2989-Rv3395A,Rv2989,Rv3395A,?,Weak
Rv2989-lysX,Rv2989,lysX,?,Weak
Rv2989-PPE5,Rv2989,PPE5,?,Weak
Rv2989-ligC,Rv2989,ligC,?,Weak
Rv2989-recF,Rv2989,recF,?,Weak
Rv2989-Rv3179,Rv2989,Rv3179,?,Weak
Rv2989-phoP,Rv2989,phoP,?,Weak
Rv2989-Rv1104,Rv2989,Rv1104,?,Weak
Rv2989-stp,Rv2989,stp,?,Weak
Rv2989-dnaK,Rv2989,dnaK,?,Weak
Rv2989-Rv3718c,Rv2989,Rv3718c,?,Weak
Rv2989-Rv1708,Rv2989,Rv1708,?,Weak
Rv2989-Rv1356c,Rv2989,Rv1356c,+,Weak
devR-Rv0634c,devR,Rv0634c,?,Weak
devR-prpD,devR,prpD,+,Weak
devR-hsaC,devR,hsaC,?,Weak
devR-ald,devR,ald,?,Weak
devR-ppe49,devR,ppe49,+,Weak
devR-Rv0042c,devR,Rv0042c,?,Weak
devR-nirD,devR,nirD,?,Weak
devR-Rv0566c,devR,Rv0566c,?,Weak
devR-prpR,devR,prpR,+,Weak
devR-Rv0157A,devR,Rv0157A,?,Weak
devR-Rv3737,devR,Rv3737,?,Weak
devR-menB,devR,menB,?,Weak
devR-Rv2807,devR,Rv2807,?,Weak
devR-Rv2300c,devR,Rv2300c,?,Weak
devR-Rv3007c,devR,Rv3007c,?,Weak
devR-lipP,devR,lipP,?,Weak
devR-frdA,devR,frdA,?,Weak
devR-pcp,devR,pcp,?,Weak
devR-Rv1523,devR,Rv1523,?,Weak
devR-Rv1019,devR,Rv1019,?,Weak
devR-ctpI,devR,ctpI,?,Weak
devR-Rv0569,devR,Rv0569,+,Weak
devR-Rv3188,devR,Rv3188,?,Weak
devR-hrp1,devR,hrp1,+,Weak
devR-Rv2622,devR,Rv2622,?,Weak
devR-Rv2623,devR,Rv2623,+,Weak
devR-Rv1339,devR,Rv1339,?,Weak
devR-ppe36,devR,ppe36,?,Weak
devR-Rv2628,devR,Rv2628,+,Weak
devR-Rv2629,devR,Rv2629,+,Weak
devR-Rv1036c,devR,Rv1036c,-,Weak
devR-Rv0842,devR,Rv0842,?,Weak
devR-Rv3354,devR,Rv3354,?,Weak
devR-pimB,devR,pimB,?,Weak
devR-mce4F,devR,mce4F,?,Weak
devR-cut2,devR,cut2,+,Weak
devR-lipX,devR,lipX,?,Weak
devR-Rv2952,devR,Rv2952,?,Weak
devR-Rv1734c,devR,Rv1734c,+,Weak
devR-glmU,devR,glmU,?,Weak
devR-Rv2708c,devR,Rv2708c,?,Weak
devR-Rv0681,devR,Rv0681,?,Weak
devR-Rv3916c,devR,Rv3916c,?,Weak
devR-cysA1,devR,cysA1,?,Weak
devR-nadD,devR,nadD,-,Weak
devR-Rv0774c,devR,Rv0774c,?,Weak
devR-Rv0876c,devR,Rv0876c,?,Weak
devR-Rv2023c,devR,Rv2023c,?,Weak
devR-cysM,devR,cysM,?,Weak
devR-PE_PGRS62,devR,PE_PGRS62,?,Weak
devR-Rv0572c,devR,Rv0572c,+,Weak
devR-cyp125,devR,cyp125,?,Weak
devR-Rv3351c,devR,Rv3351c,?,Weak
devR-Rv1035c,devR,Rv1035c,?,Weak
devR-citA,devR,citA,?,Weak
devR-echA2,devR,echA2,?,Weak
devR-lppZ,devR,lppZ,?,Weak
devR-Rv1986,devR,Rv1986,?,Weak
devR-mazE1,devR,mazE1,?,Weak
devR-sigE,devR,sigE,?,Weak
devR-Rv3142c,devR,Rv3142c,?,Weak
devR-crgA,devR,crgA,-,Weak
devR-Rv3120,devR,Rv3120,?,Weak
devR-espA,devR,espA,?,Weak
devR-fdxA,devR,fdxA,+,Weak
devR-Rv1573,devR,Rv1573,?,Weak
devR-Rv3127,devR,Rv3127,+,Weak
devR-Rv2034,devR,Rv2034,?,Weak
devR-Rv2036,devR,Rv2036,?,Weak
devR-pks6,devR,pks6,?,Weak
devR-metK,devR,metK,?,Weak
devR-nrdZ,devR,nrdZ,+,Weak
devR-smc,devR,smc,?,Weak
devR-mce1D,devR,mce1D,?,Weak
devR-Rv1359,devR,Rv1359,?,Weak
devR-Rv3741c,devR,Rv3741c,?,Weak
devR-Rv0571c,devR,Rv0571c,+,Weak
devR-rpoC,devR,rpoC,?,Weak
devR-Rv0634A,devR,Rv0634A,?,Weak
devR-Rv3131,devR,Rv3131,+,Weak
devR-mshB,devR,mshB,?,Weak
devR-Rv1954c,devR,Rv1954c,?,Weak
devR-vapB46,devR,vapB46,?,Weak
devR-Rv2336,devR,Rv2336,-,Weak
devR-Rv1996,devR,Rv1996,+,Weak
devR-yrbE1A,devR,yrbE1A,?,Weak
devR-Rv3922c,devR,Rv3922c,?,Weak
devR-mazF1,devR,mazF1,-,Weak
devR-hspX,devR,hspX,+,Weak
devR-Rv2621c,devR,Rv2621c,?,Weak
devR-Rv0877,devR,Rv0877,?,Weak
devR-Rv2006,devR,Rv2006,+,Weak
devR-Rv1954A,devR,Rv1954A,?,Weak
devR-gltB,devR,gltB,?,Weak
devR-PPE56,devR,PPE56,?,Weak
devR-rpsG,devR,rpsG,?,Weak
devR-Rv3777,devR,Rv3777,?,Weak
devR-lprI,devR,lprI,?,Weak
devR-rpsK,devR,rpsK,?,Weak
devR-Rv3143,devR,Rv3143,?,Weak
devR-Rv2347c,devR,Rv2347c,?,Weak
devR-rph,devR,rph,?,Weak
devR-ponA1,devR,ponA1,?,Weak
devR-Rv3386,devR,Rv3386,?,Weak
devR-Rv3134c,devR,Rv3134c,+,Weak
devR-Rv0010c,devR,Rv0010c,?,Weak
devR-Rv2951c,devR,Rv2951c,?,Weak
devR-acg,devR,acg,+,Weak
devR-cas2,devR,cas2,?,Weak
devR-Rv2307A,devR,Rv2307A,-,Weak
devR-Rv2307B,devR,Rv2307B,?,Weak
devR-Rv2635,devR,Rv2635,?,Weak
devR-Rv1116,devR,Rv1116,?,Weak
devR-Rv0356c,devR,Rv0356c,?,Weak
devR-Rv2709,devR,Rv2709,-,Weak
devR-esxG,devR,esxG,?,Weak
devR-Rv2370c,devR,Rv2370c,?,Weak
devR-Rv1405c,devR,Rv1405c,?,Weak
devR-ctpF,devR,ctpF,+,Weak
devR-rnpA,devR,rnpA,?,Weak
devR-rplK,devR,rplK,?,Weak
devR-Rv2795c,devR,Rv2795c,?,Weak
devR-lpqZ,devR,lpqZ,?,Weak
devR-oxyS,devR,oxyS,?,Weak
devR-ndhA,devR,ndhA,?,Weak
devR-Rv0378,devR,Rv0378,?,Weak
devR-Rv1977,devR,Rv1977,?,Weak
devR-Rv3096,devR,Rv3096,?,Weak
devR-Rv0881,devR,Rv0881,?,Weak
devR-ldtA,devR,ldtA,-,Weak
devR-Rv0079,devR,Rv0079,+,Weak
devR-Rv0609A,devR,Rv0609A,?,Weak
devR-PE_PGRS46,devR,PE_PGRS46,?,Weak
devR-PE_PGRS44,devR,PE_PGRS44,?,Weak
devR-Rv0393,devR,Rv0393,?,Weak
devR-Rv0012,devR,Rv0012,?,Weak
devR-papA1,devR,papA1,?,Weak
devR-fabG,devR,fabG,?,Weak
devR-Rv2366c,devR,Rv2366c,?,Weak
devR-Rv3126c,devR,Rv3126c,+,Weak
devR-fbpB,devR,fbpB,?,Weak
devR-Rv2779c,devR,Rv2779c,?,Weak
devR-PE22,devR,PE22,?,Weak
devR-tgs1,devR,tgs1,+,Weak
devR-Rv0318c,devR,Rv0318c,?,Weak
devR-PE_PGRS59,devR,PE_PGRS59,?,Weak
devR-tgs4,devR,tgs4,?,Weak
devR-Rv2286c,devR,Rv2286c,?,Weak
devR-tig,devR,tig,?,Weak
devR-Rv2038c,devR,Rv2038c,?,Weak
devR-Rv0228,devR,Rv0228,?,Weak
devR-Rv2520c,devR,Rv2520c,?,Weak
devR-PE_PGRS33,devR,PE_PGRS33,?,Weak
devR-PE_PGRS30,devR,PE_PGRS30,?,Weak
devR-Rv1792,devR,Rv1792,?,Weak
devR-Rv2287,devR,Rv2287,?,Weak
devR-Rv1985c,devR,Rv1985c,?,Weak
devR-Rv3179,devR,Rv3179,?,Weak
devR-Rv1572c,devR,Rv1572c,?,Weak
devR-rimM,devR,rimM,?,Weak
devR-coaD,devR,coaD,?,Weak
devR-ppe51,devR,ppe51,?,Weak
devR-ahcY,devR,ahcY,?,Weak
devR-pknI,devR,pknI,?,Weak
devR-argC,devR,argC,?,Weak
devR-Rv1738,devR,Rv1738,+,Weak
devR-Rv0158,devR,Rv0158,?,Weak
devR-Rv1824,devR,Rv1824,?,Weak
devR-Rv1065,devR,Rv1065,?,Weak
devR-fadA6,devR,fadA6,?,Weak
devR-fadA5,devR,fadA5,+,Weak
devR-fadA2,devR,fadA2,?,Weak
devR-vapC14,devR,vapC14,?,Weak
devR-bcp,devR,bcp,?,Weak
devR-Rv2005c,devR,Rv2005c,+,Weak
devR-lpqV,devR,lpqV,?,Weak
Rv3066-Rv3142c,Rv3066,Rv3142c,?,Weak
Rv3066-Rv1158c,Rv3066,Rv1158c,?,Weak
Rv3066-Rv3277,Rv3066,Rv3277,?,Weak
Rv3066-Rv1501,Rv3066,Rv1501,?,Weak
Rv3066-moaC1,Rv3066,moaC1,?,Weak
Rv3066-mmr,Rv3066,mmr,-,Weak
Rv3066-Rv3143,Rv3066,Rv3143,?,Weak
Rv3066-Rv3520c,Rv3066,Rv3520c,?,Weak
Rv3066-pimE,Rv3066,pimE,?,Weak
Rv3066-Rv3521,Rv3066,Rv3521,?,Weak
Rv3066-Rv1590,Rv3066,Rv1590,?,Weak
Rv3066-secA2,Rv3066,secA2,?,Weak
Rv3066-fadE26,Rv3066,fadE26,?,Weak
Rv2282c-Rv2282c,Rv2282c,Rv2282c,+,Weak
Rv1167c-wag31,Rv1167c,wag31,?,Weak
Rv1167c-atsA,Rv1167c,atsA,?,Weak
Rv1167c-espE,Rv1167c,espE,+,Weak
Rv1167c-Rv1870c,Rv1167c,Rv1870c,?,Weak
Rv1167c-lipX,Rv1167c,lipX,?,Weak
Rv1167c-mshB,Rv1167c,mshB,?,Weak
Rv1167c-Rv2307B,Rv1167c,Rv2307B,?,Weak
Rv1167c-topA,Rv1167c,topA,?,Weak
argR-argC,argR,argC,+,Weak
Rv1287-cysD,Rv1287,cysD,+,Weak
Rv0576-mce4A,Rv0576,mce4A,?,Weak
Rv0576-Rv0412c,Rv0576,Rv0412c,?,Weak
Rv0576-vapB2,Rv0576,vapB2,?,Weak
Rv0576-aldA,Rv0576,aldA,-,Weak
Rv0576-Rv0516c,Rv0576,Rv0516c,-,Weak
Rv0576-Rv1986,Rv0576,Rv1986,-,Weak
Rv0576-mazE6,Rv0576,mazE6,?,Weak
Rv0576-gmhB,Rv0576,gmhB,?,Weak
Rv0576-bfr,Rv0576,bfr,?,Weak
Rv0576-mce1R,Rv0576,mce1R,?,Weak
Rv0576-Rv2779c,Rv0576,Rv2779c,?,Weak
Rv0576-yrbE4B,Rv0576,yrbE4B,?,Weak
Rv0576-Rv2034,Rv0576,Rv2034,-,Weak
Rv0576-whiB4,Rv0576,whiB4,-,Weak
Rv0576-Rv2307B,Rv0576,Rv2307B,?,Weak
Rv0576-Rv0302,Rv0576,Rv0302,?,Weak
Rv0576-mutT3,Rv0576,mutT3,-,Weak
Rv0576-Rv3661,Rv0576,Rv3661,-,Weak
Rv0576-fadD5,Rv0576,fadD5,-,Weak
Rv0576-whiB1,Rv0576,whiB1,?,Weak
Rv0576-rpoC,Rv0576,rpoC,?,Weak
Rv0576-ppe59,Rv0576,ppe59,?,Weak
Rv0576-hsdS,Rv0576,hsdS,?,Weak
Rv0576-wag31,Rv0576,wag31,?,Weak
Rv0576-Rv2336,Rv0576,Rv2336,-,Weak
Rv0576-Rv3403c,Rv0576,Rv3403c,?,Weak
Rv0576-Rv3660c,Rv0576,Rv3660c,-,Weak
Rv0576-Rv3528c,Rv0576,Rv3528c,?,Weak
Rv0576-Rv0517,Rv0576,Rv0517,?,Weak
Rv0576-Rv1847,Rv0576,Rv1847,?,Weak
Rv0576-Rv1519,Rv0576,Rv1519,-,Weak
Rv0576-Rv0576,Rv0576,Rv0576,+,Weak
Rv0576-carD,Rv0576,carD,?,Weak
Rv0023-Rv0323c,Rv0023,Rv0323c,?,Weak
Rv0023-Rv1204c,Rv0023,Rv1204c,?,Weak
Rv0023-Rv3236c,Rv0023,Rv3236c,?,Weak
Rv0023-Rv2323c,Rv0023,Rv2323c,-,Weak
Rv0023-mce4A,Rv0023,mce4A,-,Weak
Rv0023-ald,Rv0023,ald,?,Weak
Rv0023-Rv2294,Rv0023,Rv2294,?,Weak
Rv0023-drrA,Rv0023,drrA,-,Weak
Rv0023-prpR,Rv0023,prpR,?,Weak
Rv0023-hddA,Rv0023,hddA,-,Weak
Rv0023-PPE7,Rv0023,PPE7,-,Weak
Rv0023-Rv2034,Rv0023,Rv2034,+,Weak
Rv0023-mce3R,Rv0023,mce3R,+,Weak
Rv0023-Rv2474c,Rv0023,Rv2474c,-,Weak
Rv0023-lsr2,Rv0023,lsr2,?,Weak
Rv0023-Rv0147,Rv0023,Rv0147,?,Weak
Rv0023-Rv0145,Rv0023,Rv0145,?,Weak
Rv0023-Rv1019,Rv0023,Rv1019,?,Weak
Rv0023-ctpJ,Rv0023,ctpJ,+,Weak
Rv0023-Rv0268c,Rv0023,Rv0268c,+,Weak
Rv0023-mftB,Rv0023,mftB,?,Weak
Rv0023-Rv1339,Rv0023,Rv1339,-,Weak
Rv0023-ppe36,Rv0023,ppe36,?,Weak
Rv0023-Rv1645c,Rv0023,Rv1645c,?,Weak
Rv0023-Rv3631,Rv0023,Rv3631,-,Weak
Rv0023-nrdF1,Rv0023,nrdF1,?,Weak
Rv0023-mftR,Rv0023,mftR,+,Weak
Rv0023-Rv1936,Rv0023,Rv1936,?,Weak
Rv0023-Rv2254c,Rv0023,Rv2254c,+,Weak
Rv0023-Rv2023A,Rv0023,Rv2023A,?,Weak
Rv0023-fadD13,Rv0023,fadD13,?,Weak
Rv0023-Rv3238c,Rv0023,Rv3238c,?,Weak
Rv0023-chp2,Rv0023,chp2,-,Weak
Rv0023-Rv1534,Rv0023,Rv1534,-,Weak
Rv0023-Rv3277,Rv0023,Rv3277,?,Weak
Rv0023-nuoF,Rv0023,nuoF,-,Weak
Rv0023-nuoG,Rv0023,nuoG,-,Weak
Rv0023-hbhA,Rv0023,hbhA,?,Weak
Rv0023-lipP,Rv0023,lipP,-,Weak
Rv0023-Rv2633c,Rv0023,Rv2633c,?,Weak
Rv0023-kshA,Rv0023,kshA,+,Weak
Rv0023-ppe23,Rv0023,ppe23,?,Weak
Rv0023-Rv2991,Rv0023,Rv2991,+,Weak
Rv0023-Rv2452c,Rv0023,Rv2452c,-,Weak
Rv0023-fadE5,Rv0023,fadE5,+,Weak
Rv0023-Rv0412c,Rv0023,Rv0412c,-,Weak
Rv0023-celA2a,Rv0023,celA2a,?,Weak
Rv0023-Rv0057,Rv0023,Rv0057,+,Weak
Rv0023-Rv1435c,Rv0023,Rv1435c,?,Weak
Rv0023-Rv1847,Rv0023,Rv1847,?,Weak
Rv0023-Rv1873,Rv0023,Rv1873,?,Weak
Rv0023-espI,Rv0023,espI,-,Weak
Rv0023-Rv1986,Rv0023,Rv1986,+,Weak
Rv0023-Rv0324,Rv0023,Rv0324,?,Weak
Rv0023-Rv1230c,Rv0023,Rv1230c,-,Weak
Rv0023-Rv3142c,Rv0023,Rv3142c,?,Weak
Rv0023-Rv0258c,Rv0023,Rv0258c,?,Weak
Rv0023-Rv1075c,Rv0023,Rv1075c,?,Weak
Rv0023-lipL,Rv0023,lipL,-,Weak
Rv0023-Rv0328,Rv0023,Rv0328,?,Weak
Rv0023-kstR,Rv0023,kstR,?,Weak
Rv0023-Rv3770c,Rv0023,Rv3770c,?,Weak
Rv0023-metK,Rv0023,metK,?,Weak
Rv0023-mce1F,Rv0023,mce1F,-,Weak
Rv0023-Rv2990c,Rv0023,Rv2990c,-,Weak
Rv0023-Rv2723,Rv0023,Rv2723,-,Weak
Rv0023-Rv2722,Rv0023,Rv2722,-,Weak
Rv0023-mmr,Rv0023,mmr,?,Weak
Rv0023-rpoC,Rv0023,rpoC,-,Weak
Rv0023-mymT,Rv0023,mymT,?,Weak
Rv0023-Rv3645,Rv0023,Rv3645,?,Weak
Rv0023-Rv1056,Rv0023,Rv1056,+,Weak
Rv0023-mshB,Rv0023,mshB,?,Weak
Rv0023-Rv1954c,Rv0023,Rv1954c,+,Weak
Rv0023-Rv3890c,Rv0023,Rv3890c,?,Weak
Rv0023-prpD,Rv0023,prpD,+,Weak
Rv0023-Rv1995,Rv0023,Rv1995,+,Weak
Rv0023-fadD30,Rv0023,fadD30,-,Weak
Rv0023-Rv2081c,Rv0023,Rv2081c,?,Weak
Rv0023-mazF1,Rv0023,mazF1,-,Weak
Rv0023-Rv2000,Rv0023,Rv2000,-,Weak
Rv0023-Rv1954A,Rv0023,Rv1954A,?,Weak
Rv0023-Rv1742,Rv0023,Rv1742,?,Weak
Rv0023-fadE34,Rv0023,fadE34,?,Weak
Rv0023-nmtR,Rv0023,nmtR,+,Weak
Rv0023-Rv2640c,Rv0023,Rv2640c,+,Weak
Rv0023-eccD5,Rv0023,eccD5,?,Weak
Rv0023-lprK,Rv0023,lprK,-,Weak
Rv0023-vapB6,Rv0023,vapB6,-,Weak
Rv0023-Rv3143,Rv0023,Rv3143,?,Weak
Rv0023-fba,Rv0023,fba,+,Weak
Rv0023-rpsT,Rv0023,rpsT,?,Weak
Rv0023-lldD,Rv0023,lldD,?,Weak
Rv0023-fadD22,Rv0023,fadD22,-,Weak
Rv0023-moaX,Rv0023,moaX,?,Weak
Rv0023-mutT3,Rv0023,mutT3,?,Weak
Rv0023-Rv3525c,Rv0023,Rv3525c,?,Weak
Rv0023-sppA,Rv0023,sppA,?,Weak
Rv0023-log,Rv0023,log,?,Weak
Rv0023-trcR,Rv0023,trcR,?,Weak
Rv0023-yrbE4B,Rv0023,yrbE4B,-,Weak
Rv0023-garA,Rv0023,garA,?,Weak
Rv0023-ppe61,Rv0023,ppe61,?,Weak
Rv0023-tuf,Rv0023,tuf,?,Weak
Rv0023-Rv1115,Rv0023,Rv1115,?,Weak
Rv0023-Rv2016,Rv0023,Rv2016,?,Weak
Rv0023-Rv1503c,Rv0023,Rv1503c,-,Weak
Rv0023-cmtR,Rv0023,cmtR,+,Weak
Rv0023-Rv1116,Rv0023,Rv1116,?,Weak
Rv0023-Rv2293c,Rv0023,Rv2293c,?,Weak
Rv0023-Rv1638A,Rv0023,Rv1638A,-,Weak
Rv0023-PE_PGRS22,Rv0023,PE_PGRS22,?,Weak
Rv0023-Rv0245,Rv0023,Rv0245,+,Weak
Rv0023-fbpB,Rv0023,fbpB,?,Weak
Rv0023-Rv1087A,Rv0023,Rv1087A,?,Weak
Rv0023-Rv2700,Rv0023,Rv2700,?,Weak
Rv0023-Rv0961,Rv0023,Rv0961,-,Weak
Rv0023-esxQ,Rv0023,esxQ,?,Weak
Rv0023-Rv1702c,Rv0023,Rv1702c,?,Weak
Rv0023-cadI,Rv0023,cadI,?,Weak
Rv0023-ephB,Rv0023,ephB,?,Weak
Rv0023-Rv3269,Rv0023,Rv3269,+,Weak
Rv0023-Rv0424c,Rv0023,Rv0424c,-,Weak
Rv0023-pca,Rv0023,pca,-,Weak
Rv0023-PPE35,Rv0023,PPE35,-,Weak
Rv0023-yrbE1A,Rv0023,yrbE1A,-,Weak
Rv0023-Rv1875,Rv0023,Rv1875,+,Weak
Rv0023-lipX,Rv0023,lipX,+,Weak
Rv0023-fadE19,Rv0023,fadE19,-,Weak
Rv0023-PE7,Rv0023,PE7,?,Weak
Rv0023-dnaB,Rv0023,dnaB,?,Weak
Rv0023-Rv3096,Rv0023,Rv3096,?,Weak
Rv0023-secE2,Rv0023,secE2,-,Weak
Rv0023-cdsA,Rv0023,cdsA,?,Weak
Rv0023-dnaN,Rv0023,dnaN,+,Weak
Rv0023-glgB,Rv0023,glgB,-,Weak
Rv0023-prcB,Rv0023,prcB,?,Weak
Rv0023-lppW,Rv0023,lppW,-,Weak
Rv0023-PE_PGRS24,Rv0023,PE_PGRS24,?,Weak
Rv0023-cinA,Rv0023,cinA,?,Weak
Rv0023-vapC51,Rv0023,vapC51,?,Weak
Rv0023-fabD,Rv0023,fabD,?,Weak
Rv0023-Rv3230c,Rv0023,Rv3230c,?,Weak
Rv0023-ppe66,Rv0023,ppe66,?,Weak
Rv0023-mesT,Rv0023,mesT,?,Weak
Rv0023-Rv3440c,Rv0023,Rv3440c,+,Weak
Rv0023-Rv3216,Rv0023,Rv3216,-,Weak
Rv0023-Rv0791c,Rv0023,Rv0791c,?,Weak
Rv0023-Rv2779c,Rv0023,Rv2779c,-,Weak
Rv0023-Rv0364,Rv0023,Rv0364,?,Weak
Rv0023-blaI,Rv0023,blaI,?,Weak
Rv0023-PE22,Rv0023,PE22,+,Weak
Rv0023-PE_PGRS54,Rv0023,PE_PGRS54,?,Weak
Rv0023-tig,Rv0023,tig,?,Weak
Rv0023-moaR1,Rv0023,moaR1,?,Weak
Rv0023-umaA,Rv0023,umaA,?,Weak
Rv0023-PE_PGRS38,Rv0023,PE_PGRS38,?,Weak
Rv0023-gyrA,Rv0023,gyrA,-,Weak
Rv0023-eccA1,Rv0023,eccA1,-,Weak
Rv0023-whiB6,Rv0023,whiB6,?,Weak
Rv0023-whiB1,Rv0023,whiB1,?,Weak
Rv0023-Rv3179,Rv0023,Rv3179,?,Weak
Rv0023-mazE1,Rv0023,mazE1,?,Weak
Rv0023-alkB,Rv0023,alkB,+,Weak
Rv0023-Rv1805c,Rv0023,Rv1805c,+,Weak
Rv0023-rplO,Rv0023,rplO,?,Weak
Rv0023-lat,Rv0023,lat,+,Weak
Rv0023-sigE,Rv0023,sigE,+,Weak
Rv0023-Rv3177,Rv0023,Rv3177,?,Weak
Rv0023-Rv0426c,Rv0023,Rv0426c,?,Weak
Rv0023-Rv1044,Rv0023,Rv1044,?,Weak
Rv0023-Rv1158c,Rv0023,Rv1158c,?,Weak
Rv0023-PPE56,Rv0023,PPE56,?,Weak
Rv0023-clpP2,Rv0023,clpP2,?,Weak
Rv0023-pimE,Rv0023,pimE,-,Weak
Rv0023-vapC14,Rv0023,vapC14,?,Weak
Rv0023-Rv0097,Rv0023,Rv0097,?,Weak
Rv0023-Rv1052,Rv0023,Rv1052,+,Weak
Rv0158-eccD5,Rv0158,eccD5,?,Weak
Rv0158-yrbE1A,Rv0158,yrbE1A,?,Weak
Rv0158-Rv2034,Rv0158,Rv2034,?,Weak
Rv0158-pks6,Rv0158,pks6,?,Weak
Rv0158-Rv1503c,Rv0158,Rv1503c,?,Weak
Rv0158-Rv2307B,Rv0158,Rv2307B,?,Weak
Rv2887-moxR3,Rv2887,moxR3,-,Weak
Rv2887-lppA,Rv2887,lppA,?,Weak
Rv2887-Rv2886c,Rv2887,Rv2886c,?,Weak
Rv2887-purE,Rv2887,purE,?,Weak
Rv2887-purU,Rv2887,purU,-,Weak
Rv2887-Rv1990c,Rv2887,Rv1990c,?,Weak
Rv2887-ppe49,Rv2887,ppe49,?,Weak
Rv2887-Rv2159c,Rv2887,Rv2159c,?,Weak
Rv2887-rplO,Rv2887,rplO,?,Weak
Rv2887-prpR,Rv2887,prpR,?,Weak
Rv2887-Rv2347c,Rv2887,Rv2347c,?,Weak
Rv2887-purK,Rv2887,purK,?,Weak
Rv2887-moeW,Rv2887,moeW,-,Weak
Rv2887-Rv3127,Rv2887,Rv3127,-,Weak
Rv2887-Rv3126c,Rv2887,Rv3126c,?,Weak
Rv2887-desA1,Rv2887,desA1,?,Weak
Rv2887-sppA,Rv2887,sppA,?,Weak
Rv2887-log,Rv2887,log,?,Weak
Rv2887-Rv2887,Rv2887,Rv2887,+,Weak
Rv2887-vapB36,Rv2887,vapB36,?,Weak
Rv2887-espA,Rv2887,espA,?,Weak
Rv2887-Rv2326c,Rv2887,Rv2326c,?,Weak
Rv2887-moaC1,Rv2887,moaC1,?,Weak
Rv2887-mce3R,Rv2887,mce3R,-,Weak
Rv2887-PE22,Rv2887,PE22,?,Weak
Rv2887-Rv1116,Rv2887,Rv1116,?,Weak
Rv2887-ppe61,Rv2887,ppe61,?,Weak
Rv2887-Rv3661,Rv2887,Rv3661,?,Weak
Rv2887-ppe36,Rv2887,ppe36,?,Weak
Rv2887-Rv1405c,Rv2887,Rv1405c,?,Weak
Rv2887-lpqH,Rv2887,lpqH,?,Weak
Rv2887-PE_PGRS35,Rv2887,PE_PGRS35,-,Weak
Rv2887-Rv3269,Rv2887,Rv3269,?,Weak
Rv2887-Rv1565c,Rv2887,Rv1565c,-,Weak
Rv2887-ppe57,Rv2887,ppe57,?,Weak
Rv2887-Rv2307B,Rv2887,Rv2307B,?,Weak
Rv2887-Rv3660c,Rv2887,Rv3660c,?,Weak
Rv2887-Rv3033,Rv2887,Rv3033,?,Weak
Rv2887-PE31,Rv2887,PE31,?,Weak
Rv2887-hbhA,Rv2887,hbhA,?,Weak
pimA-Rv2622,pimA,Rv2622,?,Weak
pimA-vapC14,pimA,vapC14,?,Weak
pimA-Rv2023A,pimA,Rv2023A,?,Weak
pimA-Rv3747,pimA,Rv3747,?,Weak
pimA-mmr,pimA,mmr,?,Weak
pimA-Rv2621c,pimA,Rv2621c,?,Weak
pimA-PE34,pimA,PE34,?,Weak
pimA-csoR,pimA,csoR,?,Weak
pimA-Rv0966c,pimA,Rv0966c,?,Weak
pimA-lat,pimA,lat,?,Weak
pimA-Rv1954A,pimA,Rv1954A,?,Weak
pimA-Rv1954c,pimA,Rv1954c,?,Weak
pimA-Rv1460,pimA,Rv1460,?,Weak
ssb-ispD,ssb,ispD,?,Weak
ssb-Rv1870c,ssb,Rv1870c,?,Weak
ssb-Rv3463,ssb,Rv3463,?,Weak
ssb-infA,ssb,infA,?,Weak
Rv0494-Rv0494,Rv0494,Rv0494,+,Weak
Rv0494-Rv2514c,Rv0494,Rv2514c,+,Weak
Rv0494-purA,Rv0494,purA,?,Weak
Rv0494-Rv1632c,Rv0494,Rv1632c,-,Weak
Rv0494-coaBC,Rv0494,coaBC,?,Weak
Rv0494-uvrB,Rv0494,uvrB,?,Weak
Rv0494-Rv1817,Rv0494,Rv1817,?,Weak
Rv0494-icl,Rv0494,icl,-,Weak
Rv0494-vapB14,Rv0494,vapB14,?,Weak
Rv0494-Rv3094c,Rv0494,Rv3094c,-,Weak
Rv0494-tgs4,Rv0494,tgs4,?,Weak
Rv0494-Rv0493c,Rv0494,Rv0493c,-,Weak
Rv0494-rbsK,Rv0494,rbsK,?,Weak
Rv0494-Rv3786c,Rv0494,Rv3786c,-,Weak
Rv0494-Rv3839,Rv0494,Rv3839,?,Weak
Rv0494-pyrE,Rv0494,pyrE,?,Weak
Rv0494-ppe10,Rv0494,ppe10,?,Weak
Rv0494-mmaA1,Rv0494,mmaA1,?,Weak
Rv0494-mrp,Rv0494,mrp,?,Weak
Rv0494-Rv1534,Rv0494,Rv1534,?,Weak
Rv0494-Rv3840,Rv0494,Rv3840,?,Weak
Rv0494-Rv3095,Rv0494,Rv3095,?,Weak
Rv0494-nuoE,Rv0494,nuoE,?,Weak
Rv0494-rpfD,Rv0494,rpfD,?,Weak
Rv0494-Rv2609c,Rv0494,Rv2609c,?,Weak
espR-Rv0397,espR,Rv0397,+,Weak
espR-Rv2929,espR,Rv2929,?,Weak
espR-Rv1364c,espR,Rv1364c,-,Weak
espR-PE_PGRS62,espR,PE_PGRS62,-,Weak
espR-celA2a,espR,celA2a,+,Weak
espR-moxR1,espR,moxR1,?,Weak
espR-Rv0139,espR,Rv0139,?,Weak
espR-Rv1762c,espR,Rv1762c,-,Weak
espR-Rv0386,espR,Rv0386,-,Weak
espR-acpA,espR,acpA,-,Weak
espR-rfbE,espR,rfbE,-,Weak
espR-lprI,espR,lprI,?,Weak
espR-rpsZ,espR,rpsZ,?,Weak
espR-Rv1816,espR,Rv1816,-,Weak
espR-ripB,espR,ripB,-,Weak
espR-Rv1810,espR,Rv1810,?,Weak
espR-priA,espR,priA,?,Weak
espR-Rv3239c,espR,Rv3239c,?,Weak
espR-Rv3047c,espR,Rv3047c,?,Weak
espR-Rv2560,espR,Rv2560,-,Weak
espR-espD,espR,espD,?,Weak
espR-Rv0010c,espR,Rv0010c,?,Weak
espR-Rv0635,espR,Rv0635,?,Weak
espR-Rv2665,espR,Rv2665,?,Weak
espR-pks6,espR,pks6,?,Weak
espR-PE_PGRS19,espR,PE_PGRS19,?,Weak
espR-Rv2307A,espR,Rv2307A,-,Weak
espR-mgtC,espR,mgtC,?,Weak
espR-Rv2307D,espR,Rv2307D,-,Weak
espR-mce1D,espR,mce1D,-,Weak
espR-Rv3488,espR,Rv3488,?,Weak
espR-Rv0025,espR,Rv0025,?,Weak
espR-pnp,espR,pnp,-,Weak
espR-whiB3,espR,whiB3,?,Weak
espR-Rv1490,espR,Rv1490,-,Weak
espR-esxS,espR,esxS,-,Weak
espR-rho,espR,rho,?,Weak
espR-Rv2957,espR,Rv2957,-,Weak
espR-atpF,espR,atpF,?,Weak
espR-Rv3890c,espR,Rv3890c,?,Weak
espR-ppe54,espR,ppe54,?,Weak
espR-wag31,espR,wag31,-,Weak
espR-fadE10,espR,fadE10,-,Weak
espR-parB,espR,parB,?,Weak
espR-Rv3463,espR,Rv3463,?,Weak
espR-Rv3922c,espR,Rv3922c,?,Weak
espR-Rv0947c,espR,Rv0947c,?,Weak
espR-Rv1824,espR,Rv1824,-,Weak
espR-Rv2237,espR,Rv2237,-,Weak
espR-lipL,espR,lipL,-,Weak
espR-Rv2143,espR,Rv2143,+,Weak
espR-fusA,espR,fusA,?,Weak
espR-recR,espR,recR,-,Weak
espR-PPE52,espR,PPE52,-,Weak
espR-Rv1356c,espR,Rv1356c,?,Weak
espR-drrC,espR,drrC,?,Weak
lsr2-prpD,lsr2,prpD,?,Weak
lsr2-hsaA,lsr2,hsaA,?,Weak
lsr2-Rv2323c,lsr2,Rv2323c,?,Weak
lsr2-ald,lsr2,ald,?,Weak
lsr2-Rv3005c,lsr2,Rv3005c,?,Weak
lsr2-lipL,lsr2,lipL,?,Weak
lsr2-Rv2809,lsr2,Rv2809,?,Weak
lsr2-prpR,lsr2,prpR,?,Weak
lsr2-Rv0653c,lsr2,Rv0653c,?,Weak
lsr2-PPE7,lsr2,PPE7,?,Weak
lsr2-PE22,lsr2,PE22,?,Weak
lsr2-Rv2059,lsr2,Rv2059,?,Weak
lsr2-mce3R,lsr2,mce3R,?,Weak
lsr2-Rv1894c,lsr2,Rv1894c,?,Weak
lsr2-Rv1268c,lsr2,Rv1268c,?,Weak
lsr2-lsr2,lsr2,lsr2,+,Weak
lsr2-Rv0147,lsr2,Rv0147,?,Weak
lsr2-Rv1523,lsr2,Rv1523,?,Weak
lsr2-ctpJ,lsr2,ctpJ,?,Weak
lsr2-Rv0268c,lsr2,Rv0268c,?,Weak
lsr2-Rv3620c,lsr2,Rv3620c,?,Weak
lsr2-mftE,lsr2,mftE,?,Weak
lsr2-Rv1339,lsr2,Rv1339,?,Weak
lsr2-bacA,lsr2,bacA,?,Weak
lsr2-Rv1674c,lsr2,Rv1674c,?,Weak
lsr2-nrdF1,lsr2,nrdF1,?,Weak
lsr2-cyp130,lsr2,cyp130,?,Weak
lsr2-Rv1936,lsr2,Rv1936,?,Weak
lsr2-yrbE3A,lsr2,yrbE3A,?,Weak
lsr2-atpF,lsr2,atpF,?,Weak
lsr2-Rv2348c,lsr2,Rv2348c,?,Weak
lsr2-Rv3179,lsr2,Rv3179,?,Weak
lsr2-Rv3785,lsr2,Rv3785,?,Weak
lsr2-Rv0947c,lsr2,Rv0947c,?,Weak
lsr2-Rv1533,lsr2,Rv1533,?,Weak
lsr2-hbhA,lsr2,hbhA,?,Weak
lsr2-ppe3,lsr2,ppe3,?,Weak
lsr2-Rv2633c,lsr2,Rv2633c,?,Weak
lsr2-Rv0500A,lsr2,Rv0500A,?,Weak
lsr2-Rv2452c,lsr2,Rv2452c,?,Weak
lsr2-fadE5,lsr2,fadE5,?,Weak
lsr2-PE_PGRS62,lsr2,PE_PGRS62,?,Weak
lsr2-Rv0412c,lsr2,Rv0412c,?,Weak
lsr2-celA2a,lsr2,celA2a,?,Weak
lsr2-Rv1435c,lsr2,Rv1435c,?,Weak
lsr2-Rv0426c,lsr2,Rv0426c,?,Weak
lsr2-lppZ,lsr2,lppZ,?,Weak
lsr2-Rv2516c,lsr2,Rv2516c,?,Weak
lsr2-Rv1986,lsr2,Rv1986,?,Weak
lsr2-mazE1,lsr2,mazE1,?,Weak
lsr2-mazE6,lsr2,mazE6,?,Weak
lsr2-Rv3142c,lsr2,Rv3142c,?,Weak
lsr2-icl,lsr2,icl,?,Weak
lsr2-Rv3120,lsr2,Rv3120,?,Weak
lsr2-vapC14,lsr2,vapC14,?,Weak
lsr2-espB,lsr2,espB,?,Weak
lsr2-Rv3903c,lsr2,Rv3903c,?,Weak
lsr2-Rv0328,lsr2,Rv0328,?,Weak
lsr2-kstR,lsr2,kstR,?,Weak
lsr2-pks3,lsr2,pks3,?,Weak
lsr2-trmB,lsr2,trmB,?,Weak
lsr2-Rv0106,lsr2,Rv0106,?,Weak
lsr2-metK,lsr2,metK,?,Weak
lsr2-Rv2729c,lsr2,Rv2729c,?,Weak
lsr2-Rv1211,lsr2,Rv1211,?,Weak
lsr2-Rv0457c,lsr2,Rv0457c,?,Weak
lsr2-cyp135A1,lsr2,cyp135A1,?,Weak
lsr2-fadD9,lsr2,fadD9,?,Weak
lsr2-Rv2723,lsr2,Rv2723,?,Weak
lsr2-Rv2722,lsr2,Rv2722,?,Weak
lsr2-cysD,lsr2,cysD,?,Weak
lsr2-ppe15,lsr2,ppe15,?,Weak
lsr2-rpoC,lsr2,rpoC,?,Weak
lsr2-rpoB,lsr2,rpoB,?,Weak
lsr2-nmtR,lsr2,nmtR,?,Weak
lsr2-moaD1,lsr2,moaD1,+,Weak
lsr2-mshB,lsr2,mshB,?,Weak
lsr2-Rv1954c,lsr2,Rv1954c,?,Weak
lsr2-cysQ,lsr2,cysQ,?,Weak
lsr2-tuf,lsr2,tuf,?,Weak
lsr2-Rv3902c,lsr2,Rv3902c,?,Weak
lsr2-Rv1995,lsr2,Rv1995,?,Weak
lsr2-Rv0108c,lsr2,Rv0108c,?,Weak
lsr2-vapC20,lsr2,vapC20,?,Weak
lsr2-PPE43,lsr2,PPE43,?,Weak
lsr2-vapC24,lsr2,vapC24,?,Weak
lsr2-pcaA,lsr2,pcaA,?,Weak
lsr2-mazF1,lsr2,mazF1,?,Weak
lsr2-Rv2256c,lsr2,Rv2256c,?,Weak
lsr2-Rv0458,lsr2,Rv0458,?,Weak
lsr2-Rv2827c,lsr2,Rv2827c,?,Weak
lsr2-Rv0219,lsr2,Rv0219,?,Weak
lsr2-Rv3848,lsr2,Rv3848,?,Weak
lsr2-Rv0194,lsr2,Rv0194,?,Weak
lsr2-fadE34,lsr2,fadE34,?,Weak
lsr2-Rv2640c,lsr2,Rv2640c,?,Weak
lsr2-Rv1773c,lsr2,Rv1773c,?,Weak
lsr2-eccD5,lsr2,eccD5,?,Weak
lsr2-Rv1954A,lsr2,Rv1954A,?,Weak
lsr2-Rv3143,lsr2,Rv3143,?,Weak
lsr2-rpsT,lsr2,rpsT,?,Weak
lsr2-fadD22,lsr2,fadD22,?,Weak
lsr2-mutT3,lsr2,mutT3,?,Weak
lsr2-ppe24,lsr2,ppe24,?,Weak
lsr2-Rv3613c,lsr2,Rv3613c,?,Weak
lsr2-Rv0950c,lsr2,Rv0950c,?,Weak
lsr2-trcR,lsr2,trcR,?,Weak
lsr2-Rv0188,lsr2,Rv0188,?,Weak
lsr2-ahpC,lsr2,ahpC,?,Weak
lsr2-Rv1116,lsr2,Rv1116,+,Weak
lsr2-Rv1374c,lsr2,Rv1374c,?,Weak
lsr2-cadI,lsr2,cadI,?,Weak
lsr2-Rv2307B,lsr2,Rv2307B,?,Weak
lsr2-cmtR,lsr2,cmtR,?,Weak
lsr2-Rv2293c,lsr2,Rv2293c,?,Weak
lsr2-phoP,lsr2,phoP,?,Weak
lsr2-Rv0488,lsr2,Rv0488,?,Weak
lsr2-Rv0245,lsr2,Rv0245,?,Weak
lsr2-fbpB,lsr2,fbpB,?,Weak
lsr2-Rv1265,lsr2,Rv1265,?,Weak
lsr2-Rv3747,lsr2,Rv3747,?,Weak
lsr2-hmp,lsr2,hmp,?,Weak
lsr2-esxN,lsr2,esxN,?,Weak
lsr2-Rv2700,lsr2,Rv2700,?,Weak
lsr2-rpmI,lsr2,rpmI,?,Weak
lsr2-esxQ,lsr2,esxQ,?,Weak
lsr2-esxS,lsr2,esxS,?,Weak
lsr2-Rv2148c,lsr2,Rv2148c,?,Weak
lsr2-Rv2517c,lsr2,Rv2517c,?,Weak
lsr2-Rv3269,lsr2,Rv3269,?,Weak
lsr2-ppe58,lsr2,ppe58,?,Weak
lsr2-vapC51,lsr2,vapC51,?,Weak
lsr2-Rv3857c,lsr2,Rv3857c,?,Weak
lsr2-yrbE1A,lsr2,yrbE1A,?,Weak
lsr2-lipX,lsr2,lipX,?,Weak
lsr2-Rv3399,lsr2,Rv3399,?,Weak
lsr2-PE7,lsr2,PE7,?,Weak
lsr2-vapB20,lsr2,vapB20,?,Weak
lsr2-PE31,lsr2,PE31,?,Weak
lsr2-PE34,lsr2,PE34,?,Weak
lsr2-Rv3096,lsr2,Rv3096,?,Weak
lsr2-Rv0576,lsr2,Rv0576,?,Weak
lsr2-pcp,lsr2,pcp,?,Weak
lsr2-Rv0790c,lsr2,Rv0790c,?,Weak
lsr2-Rv3811,lsr2,Rv3811,?,Weak
lsr2-Rv1990c,lsr2,Rv1990c,?,Weak
lsr2-papA1,lsr2,papA1,?,Weak
lsr2-Rv0726c,lsr2,Rv0726c,?,Weak
lsr2-rplX,lsr2,rplX,?,Weak
lsr2-Rv2730,lsr2,Rv2730,?,Weak
lsr2-fabD,lsr2,fabD,?,Weak
lsr2-fabG,lsr2,fabG,?,Weak
lsr2-ppe66,lsr2,ppe66,?,Weak
lsr2-pit,lsr2,pit,?,Weak
lsr2-ppe61,lsr2,ppe61,?,Weak
lsr2-Rv3216,lsr2,Rv3216,?,Weak
lsr2-Rv1774,lsr2,Rv1774,?,Weak
lsr2-Rv0837c,lsr2,Rv0837c,?,Weak
lsr2-Rv0654,lsr2,Rv0654,?,Weak
lsr2-Rv2779c,lsr2,Rv2779c,?,Weak
lsr2-Rv2665,lsr2,Rv2665,?,Weak
lsr2-Rv0318c,lsr2,Rv0318c,?,Weak
lsr2-PE_PGRS55,lsr2,PE_PGRS55,?,Weak
lsr2-usfY,lsr2,usfY,?,Weak
lsr2-mmpL12,lsr2,mmpL12,?,Weak
lsr2-esxA,lsr2,esxA,?,Weak
lsr2-moaR1,lsr2,moaR1,?,Weak
lsr2-Rv0023,lsr2,Rv0023,?,Weak
lsr2-whiB5,lsr2,whiB5,?,Weak
lsr2-whiB1,lsr2,whiB1,?,Weak
lsr2-pks11,lsr2,pks11,+,Weak
lsr2-ppe59,lsr2,ppe59,?,Weak
lsr2-Rv0324,lsr2,Rv0324,?,Weak
lsr2-alkB,lsr2,alkB,?,Weak
lsr2-PPE52,lsr2,PPE52,?,Weak
lsr2-lat,lsr2,lat,?,Weak
lsr2-sigE,lsr2,sigE,?,Weak
lsr2-ilvG,lsr2,ilvG,?,Weak
lsr2-ppe57,lsr2,ppe57,?,Weak
lsr2-pdxH,lsr2,pdxH,?,Weak
lsr2-Rv2132,lsr2,Rv2132,?,Weak
lsr2-rpmB2,lsr2,rpmB2,?,Weak
lsr2-Rv0320,lsr2,Rv0320,-,Weak
lsr2-vapB24,lsr2,vapB24,?,Weak
lsr2-Rv1532c,lsr2,Rv1532c,?,Weak
lsr2-PE17,lsr2,PE17,?,Weak
lsr2-Rv0097,lsr2,Rv0097,?,Weak
lsr2-PE15,lsr2,PE15,?,Weak
lsr2-Rv3492c,lsr2,Rv3492c,?,Weak
Rv1404-PE_PGRS10,Rv1404,PE_PGRS10,?,Weak
Rv1404-fadE5,Rv1404,fadE5,?,Weak
Rv1404-Rv0012,Rv1404,Rv0012,?,Weak
Rv1404-Rv3863,Rv1404,Rv3863,?,Weak
Rv1404-Rv2551c,Rv1404,Rv2551c,?,Weak
Rv1404-PE_PGRS26,Rv1404,PE_PGRS26,-,Weak
Rv1404-Rv0850,Rv1404,Rv0850,?,Weak
Rv1404-PE_PGRS9,Rv1404,PE_PGRS9,-,Weak
Rv1404-emrB,Rv1404,emrB,?,Weak
Rv1404-desA2,Rv1404,desA2,?,Weak
Rv1404-ppe61,Rv1404,ppe61,?,Weak
Rv1404-umaA,Rv1404,umaA,?,Weak
Rv1404-Rv1730c,Rv1404,Rv1730c,+,Weak
Rv1404-mmpS3,Rv1404,mmpS3,?,Weak
Rv1404-crgA,Rv1404,crgA,?,Weak
Rv1404-fmt,Rv1404,fmt,?,Weak
Rv1404-PE_PGRS62,Rv1404,PE_PGRS62,?,Weak
Rv1404-gabD2,Rv1404,gabD2,-,Weak
Rv1404-moaC3,Rv1404,moaC3,?,Weak
Rv1404-bisC,Rv1404,bisC,?,Weak
Rv1404-kstR,Rv1404,kstR,?,Weak
Rv1404-Rv2390c,Rv1404,Rv2390c,?,Weak
Rv1404-Rv1116,Rv1404,Rv1116,?,Weak
Rv1404-Rv1375,Rv1404,Rv1375,-,Weak
Rv1404-Rv1374c,Rv1404,Rv1374c,?,Weak
Rv1404-metK,Rv1404,metK,?,Weak
Rv1404-Rv1404,Rv1404,Rv1404,+,Weak
Rv1404-cysM,Rv1404,cysM,?,Weak
Rv1404-mftD,Rv1404,mftD,?,Weak
Rv1404-Rv1405c,Rv1404,Rv1405c,?,Weak
Rv1404-Rv3747,Rv1404,Rv3747,?,Weak
Rv1404-Rv1403c,Rv1404,Rv1403c,?,Weak
Rv1404-PE27A,Rv1404,PE27A,?,Weak
Rv1404-cyp130,Rv1404,cyp130,?,Weak
Rv1404-Rv2956,Rv1404,Rv2956,-,Weak
Rv1404-atpF,Rv1404,atpF,?,Weak
Rv1404-ssb,Rv1404,ssb,?,Weak
Rv1404-PE24,Rv1404,PE24,?,Weak
Rv1404-dnaE2,Rv1404,dnaE2,?,Weak
Rv1404-vapC20,Rv1404,vapC20,-,Weak
Rv1404-chp1,Rv1404,chp1,?,Weak
Rv1404-vapB20,Rv1404,vapB20,-,Weak
Rv1404-Rv1139c,Rv1404,Rv1139c,?,Weak
Rv1404-Rv0195,Rv1404,Rv0195,?,Weak
Rv1404-Rv1682,Rv1404,Rv1682,?,Weak
Rv1404-PE34,Rv1404,PE34,?,Weak
Rv1404-Rv0576,Rv1404,Rv0576,?,Weak
Rv1404-PE15,Rv1404,PE15,-,Weak
Rv1404-fadE34,Rv1404,fadE34,?,Weak
Rv1186c-Rv1186c,Rv1186c,Rv1186c,+,Weak
Rv1186c-Rv3269,Rv1186c,Rv3269,?,Weak
Rv1186c-rocA,Rv1186c,rocA,-,Weak
Rv0818-umaA,Rv0818,umaA,?,Weak
Rv0818-Rv3386,Rv0818,Rv3386,-,Weak
Rv0818-PE19,Rv0818,PE19,+,Weak
Rv0818-Rv0245,Rv0818,Rv0245,?,Weak
Rv0818-fadE5,Rv0818,fadE5,-,Weak
Rv0818-Rv0501,Rv0818,Rv0501,+,Weak
Rv0818-Rv2281,Rv0818,Rv2281,?,Weak
Rv0818-vapB46,Rv0818,vapB46,+,Weak
Rv0818-glbN,Rv0818,glbN,+,Weak
Rv0818-vapC46,Rv0818,vapC46,+,Weak
Rv0818-nirB,Rv0818,nirB,+,Weak
Rv0818-PE15,Rv0818,PE15,-,Weak
Rv0818-Rv1322A,Rv0818,Rv1322A,-,Weak
Rv0818-desA3,Rv0818,desA3,+,Weak
Rv0818-Rv0045c,Rv0818,Rv0045c,?,Weak
blaI-yidC,blaI,yidC,?,Weak
blaI-sigC,blaI,sigC,-,Weak
blaI-ctaB,blaI,ctaB,-,Weak
blaI-hemL,blaI,hemL,-,Weak
blaI-Rv1456c,blaI,Rv1456c,-,Weak
blaI-Rv0523c,blaI,Rv0523c,?,Weak
blaI-Rv1847,blaI,Rv1847,?,Weak
blaI-blaI,blaI,blaI,?,Weak
blaI-Rv3922c,blaI,Rv3922c,?,Weak
blaI-cydA,blaI,cydA,?,Weak
mftR-Rv1456c,mftR,Rv1456c,?,Weak
mftR-aspC,mftR,aspC,?,Weak
mftR-Rv0232,mftR,Rv0232,?,Weak
mftR-Rv0441c,mftR,Rv0441c,-,Weak
mftR-Rv1481,mftR,Rv1481,?,Weak
mftR-Rv2300c,mftR,Rv2300c,?,Weak
mftR-Rv2884,mftR,Rv2884,?,Weak
mftR-atsA,mftR,atsA,?,Weak
mftR-Rv2567,mftR,Rv2567,?,Weak
mftR-Rv2566,mftR,Rv2566,?,Weak
mftR-Rv1882c,mftR,Rv1882c,?,Weak
mftR-Rv3529c,mftR,Rv3529c,?,Weak
mftR-lipT,mftR,lipT,?,Weak
mftR-mftB,mftR,mftB,-,Weak
mftR-mftR,mftR,mftR,+,Weak
mftR-Rv1000c,mftR,Rv1000c,?,Weak
mftR-parB,mftR,parB,?,Weak
mftR-lldD,mftR,lldD,?,Weak
mftR-embR,mftR,embR,?,Weak
mftR-nuoI,mftR,nuoI,?,Weak
mftR-nuoL,mftR,nuoL,?,Weak
mftR-Rv0480c,mftR,Rv0480c,?,Weak
mftR-fadE5,mftR,fadE5,?,Weak
mftR-PE_PGRS62,mftR,PE_PGRS62,?,Weak
mftR-lppI,mftR,lppI,?,Weak
mftR-rplR,mftR,rplR,?,Weak
mftR-mpt51,mftR,mpt51,?,Weak
mftR-lppP,mftR,lppP,?,Weak
mftR-Rv1435c,mftR,Rv1435c,?,Weak
mftR-cfp29,mftR,cfp29,?,Weak
mftR-Rv1873,mftR,Rv1873,?,Weak
mftR-PE_PGRS6,mftR,PE_PGRS6,?,Weak
mftR-Rv0822c,mftR,Rv0822c,?,Weak
mftR-mazE4,mftR,mazE4,?,Weak
mftR-bacA,mftR,bacA,?,Weak
mftR-espA,mftR,espA,?,Weak
mftR-Rv2226,mftR,Rv2226,?,Weak
mftR-metG,mftR,metG,-,Weak
mftR-Rv0750,mftR,Rv0750,?,Weak
mftR-trmI,mftR,trmI,?,Weak
mftR-rpmG2,mftR,rpmG2,?,Weak
mftR-fadE20,mftR,fadE20,?,Weak
mftR-eccE5,mftR,eccE5,?,Weak
mftR-TB9.4,mftR,TB9.4,?,Weak
mftR-Rv2862c,mftR,Rv2862c,?,Weak
mftR-ppe10,mftR,ppe10,?,Weak
mftR-omt,mftR,omt,?,Weak
mftR-moaD1,mftR,moaD1,?,Weak
mftR-Rv1868,mftR,Rv1868,?,Weak
mftR-htpX,mftR,htpX,?,Weak
mftR-Rv2331,mftR,Rv2331,?,Weak
mftR-hspR,mftR,hspR,?,Weak
mftR-Rv3037c,mftR,Rv3037c,?,Weak
mftR-Rv2082,mftR,Rv2082,?,Weak
mftR-mazF2,mftR,mazF2,?,Weak
mftR-eccB1,mftR,eccB1,?,Weak
mftR-Rv1504c,mftR,Rv1504c,?,Weak
mftR-Rv0454,mftR,Rv0454,?,Weak
mftR-lprN,mftR,lprN,?,Weak
mftR-Rv2777c,mftR,Rv2777c,?,Weak
mftR-tatD,mftR,tatD,?,Weak
mftR-tatB,mftR,tatB,?,Weak
mftR-Rv3679,mftR,Rv3679,?,Weak
mftR-rpe,mftR,rpe,?,Weak
mftR-Rv1194c,mftR,Rv1194c,?,Weak
mftR-dinG,mftR,dinG,?,Weak
mftR-mviN,mftR,mviN,?,Weak
mftR-Rv1192,mftR,Rv1192,?,Weak
mftR-garA,mftR,garA,?,Weak
mftR-glyA2,mftR,glyA2,?,Weak
mftR-Rv0461,mftR,Rv0461,?,Weak
mftR-Rv0463,mftR,Rv0463,?,Weak
mftR-xerD,mftR,xerD,?,Weak
mftR-Rv0245,mftR,Rv0245,?,Weak
mftR-celA2a,mftR,celA2a,?,Weak
mftR-Rv3747,mftR,Rv3747,?,Weak
mftR-Rv3896c,mftR,Rv3896c,?,Weak
mftR-infA,mftR,infA,?,Weak
mftR-Rv2700,mftR,Rv2700,?,Weak
mftR-greA,mftR,greA,?,Weak
mftR-aglA,mftR,aglA,?,Weak
mftR-mmaA4,mftR,mmaA4,?,Weak
mftR-Rv1975,mftR,Rv1975,?,Weak
mftR-moaB2,mftR,moaB2,?,Weak
mftR-Rv0071,mftR,Rv0071,?,Weak
mftR-Rv2143,mftR,Rv2143,?,Weak
mftR-Rv1765A,mftR,Rv1765A,?,Weak
mftR-Rv3856c,mftR,Rv3856c,?,Weak
mftR-Rv2060,mftR,Rv2060,?,Weak
mftR-Rv1766,mftR,Rv1766,?,Weak
mftR-Rv0396,mftR,Rv0396,?,Weak
mftR-Rv0991c,mftR,Rv0991c,?,Weak
mftR-Rv1780,mftR,Rv1780,?,Weak
mftR-Rv1265,mftR,Rv1265,?,Weak
mftR-ppe68,mftR,ppe68,?,Weak
mftR-Rv0381c,mftR,Rv0381c,?,Weak
mftR-rodA,mftR,rodA,?,Weak
mftR-Rv2331A,mftR,Rv2331A,?,Weak
mftR-Rv2779c,mftR,Rv2779c,?,Weak
mftR-glmM,mftR,glmM,?,Weak
mftR-Rv0223c,mftR,Rv0223c,?,Weak
mftR-ndkA,mftR,ndkA,?,Weak
mftR-Rv1319c,mftR,Rv1319c,?,Weak
mftR-Rv0484c,mftR,Rv0484c,?,Weak
mftR-Rv0890c,mftR,Rv0890c,?,Weak
mftR-Rv1460,mftR,Rv1460,?,Weak
mftR-coaX,mftR,coaX,?,Weak
mftR-PE_PGRS33,mftR,PE_PGRS33,?,Weak
mftR-Rv3233c,mftR,Rv3233c,?,Weak
mftR-Rv2287,mftR,Rv2287,?,Weak
mftR-ppk2,mftR,ppk2,?,Weak
mftR-Rv3005c,mftR,Rv3005c,?,Weak
mftR-ilvG,mftR,ilvG,?,Weak
mftR-ctaB,mftR,ctaB,?,Weak
mftR-Rv3678c,mftR,Rv3678c,?,Weak
mftR-Rv3680,mftR,Rv3680,?,Weak
mftR-Rv3209,mftR,Rv3209,?,Weak
mftR-Rv0874c,mftR,Rv0874c,?,Weak
mftR-Rv1990A,mftR,Rv1990A,?,Weak
mftR-sucC,mftR,sucC,?,Weak
mftR-arcA,mftR,arcA,-,Weak
mftR-nrdI,mftR,nrdI,?,Weak
mftR-PE17,mftR,PE17,?,Weak
mftR-Rv2840c,mftR,Rv2840c,?,Weak
mftR-Rv2410c,mftR,Rv2410c,?,Weak
mftR-espB,mftR,espB,?,Weak
mftR-sigG,mftR,sigG,?,Weak
Rv3249c-Rv0634c,Rv3249c,Rv0634c,-,Weak
Rv3249c-prpD,Rv3249c,prpD,?,Weak
Rv3249c-Rv2886c,Rv3249c,Rv2886c,?,Weak
Rv3249c-qor,Rv3249c,qor,?,Weak
Rv3249c-ppe42,Rv3249c,ppe42,?,Weak
Rv3249c-Rv0441c,Rv3249c,Rv0441c,?,Weak
Rv3249c-Rv1865c,Rv3249c,Rv1865c,?,Weak
Rv3249c-Rv0328,Rv3249c,Rv0328,?,Weak
Rv3249c-Rv0839,Rv3249c,Rv0839,?,Weak
Rv3249c-Rv3041c,Rv3249c,Rv3041c,?,Weak
Rv3249c-Rv0634A,Rv3249c,Rv0634A,?,Weak
Rv3249c-Rv2887,Rv3249c,Rv2887,-,Weak
Rv3249c-oxcA,Rv3249c,oxcA,?,Weak
Rv3249c-mpt70,Rv3249c,mpt70,?,Weak
Rv3249c-Rv2644c,Rv3249c,Rv2644c,?,Weak
Rv3249c-Rv0887c,Rv3249c,Rv0887c,?,Weak
Rv3249c-leuB,Rv3249c,leuB,?,Weak
Rv3249c-Rv1339,Rv3249c,Rv1339,?,Weak
Rv3249c-ppe36,Rv3249c,ppe36,+,Weak
Rv3249c-fas,Rv3249c,fas,?,Weak
Rv3249c-otsA,Rv3249c,otsA,?,Weak
Rv3249c-pimF,Rv3249c,pimF,?,Weak
Rv3249c-pimE,Rv3249c,pimE,?,Weak
Rv3249c-Rv1936,Rv3249c,Rv1936,?,Weak
Rv3249c-atpF,Rv3249c,atpF,?,Weak
Rv3249c-Rv0688,Rv3249c,Rv0688,?,Weak
Rv3249c-Rv0039c,Rv3249c,Rv0039c,?,Weak
Rv3249c-Rv3660c,Rv3249c,Rv3660c,?,Weak
Rv3249c-Rv1727,Rv3249c,Rv1727,?,Weak
Rv3249c-Rv2891,Rv3249c,Rv2891,?,Weak
Rv3249c-nuoF,Rv3249c,nuoF,?,Weak
Rv3249c-nuoG,Rv3249c,nuoG,?,Weak
Rv3249c-Rv2100,Rv3249c,Rv2100,?,Weak
Rv3249c-rpfD,Rv3249c,rpfD,?,Weak
Rv3249c-ggtA,Rv3249c,ggtA,?,Weak
Rv3249c-ppe24,Rv3249c,ppe24,?,Weak
Rv3249c-prpR,Rv3249c,prpR,?,Weak
Rv3249c-Rv0057,Rv3249c,Rv0057,?,Weak
Rv3249c-ltp4,Rv3249c,ltp4,?,Weak
Rv3249c-dhmA2,Rv3249c,dhmA2,?,Weak
Rv3249c-lppZ,Rv3249c,lppZ,-,Weak
Rv3249c-espL,Rv3249c,espL,?,Weak
Rv3249c-Rv1989c,Rv3249c,Rv1989c,?,Weak
Rv3249c-icl,Rv3249c,icl,?,Weak
Rv3249c-fdxB,Rv3249c,fdxB,+,Weak
Rv3249c-nrdI,Rv3249c,nrdI,?,Weak
Rv3249c-rbfA,Rv3249c,rbfA,?,Weak
Rv3249c-Rv3127,Rv3249c,Rv3127,?,Weak
Rv3249c-glbO,Rv3249c,glbO,?,Weak
Rv3249c-metE,Rv3249c,metE,?,Weak
Rv3249c-Rv1505c,Rv3249c,Rv1505c,?,Weak
Rv3249c-mce1D,Rv3249c,mce1D,?,Weak
Rv3249c-Rv2556c,Rv3249c,Rv2556c,?,Weak
Rv3249c-cyp135A1,Rv3249c,cyp135A1,?,Weak
Rv3249c-choD,Rv3249c,choD,+,Weak
Rv3249c-Rv3333c,Rv3249c,Rv3333c,?,Weak
Rv3249c-mmr,Rv3249c,mmr,?,Weak
Rv3249c-rpoB,Rv3249c,rpoB,?,Weak
Rv3249c-Rv1590,Rv3249c,Rv1590,?,Weak
Rv3249c-Rv3645,Rv3249c,Rv3645,?,Weak
Rv3249c-ribF,Rv3249c,ribF,?,Weak
Rv3249c-Rv0299,Rv3249c,Rv0299,?,Weak
Rv3249c-fadD30,Rv3249c,fadD30,+,Weak
Rv3249c-kasA,Rv3249c,kasA,?,Weak
Rv3249c-vapC24,Rv3249c,vapC24,?,Weak
Rv3249c-mhpE,Rv3249c,mhpE,?,Weak
Rv3249c-Rv0454,Rv3249c,Rv0454,?,Weak
Rv3249c-gltB,Rv3249c,gltB,?,Weak
Rv3249c-PPE55,Rv3249c,PPE55,?,Weak
Rv3249c-sseC1,Rv3249c,sseC1,?,Weak
Rv3249c-moaX,Rv3249c,moaX,?,Weak
Rv3249c-mmpR5,Rv3249c,mmpR5,?,Weak
Rv3249c-Rv0095c,Rv3249c,Rv0095c,?,Weak
Rv3249c-Rv3073c,Rv3249c,Rv3073c,?,Weak
Rv3249c-sppA,Rv3249c,sppA,?,Weak
Rv3249c-Rv0348,Rv3249c,Rv0348,?,Weak
Rv3249c-yrbE4A,Rv3249c,yrbE4A,?,Weak
Rv3249c-Rv1117,Rv3249c,Rv1117,?,Weak
Rv3249c-bioF2,Rv3249c,bioF2,+,Weak
Rv3249c-Rv1503c,Rv3249c,Rv1503c,?,Weak
Rv3249c-Rv3661,Rv3249c,Rv3661,?,Weak
Rv3249c-Rv0161,Rv3249c,Rv0161,?,Weak
Rv3249c-esxL,Rv3249c,esxL,?,Weak
Rv3249c-hup,Rv3249c,hup,?,Weak
Rv3249c-Rv3531c,Rv3249c,Rv3531c,?,Weak
Rv3249c-cinA,Rv3249c,cinA,?,Weak
Rv3249c-lgt,Rv3249c,lgt,?,Weak
Rv3249c-Rv2557,Rv3249c,Rv2557,?,Weak
Rv3249c-rplO,Rv3249c,rplO,?,Weak
Rv3249c-vapB24,Rv3249c,vapB24,?,Weak
Rv3249c-moaB2,Rv3249c,moaB2,?,Weak
Rv3249c-wbbL,Rv3249c,wbbL,?,Weak
Rv3249c-ethA,Rv3249c,ethA,?,Weak
Rv3249c-Rv0514,Rv3249c,Rv0514,?,Weak
Rv3249c-Rv1760,Rv3249c,Rv1760,?,Weak
Rv3249c-metB,Rv3249c,metB,?,Weak
Rv3249c-ethR,Rv3249c,ethR,?,Weak
Rv3249c-Rv1990c,Rv3249c,Rv1990c,?,Weak
Rv3249c-papA3,Rv3249c,papA3,?,Weak
Rv3249c-Rv1565c,Rv3249c,Rv1565c,-,Weak
Rv3249c-Rv3126c,Rv3249c,Rv3126c,?,Weak
Rv3249c-Rv3440c,Rv3249c,Rv3440c,?,Weak
Rv3249c-Rv2787,Rv3249c,Rv2787,?,Weak
Rv3249c-Rv1834,Rv3249c,Rv1834,?,Weak
Rv3249c-ybeY,Rv3249c,ybeY,?,Weak
Rv3249c-Rv3691,Rv3249c,Rv3691,?,Weak
Rv3249c-hpt,Rv3249c,hpt,?,Weak
Rv3249c-adhC,Rv3249c,adhC,?,Weak
Rv3249c-PE22,Rv3249c,PE22,+,Weak
Rv3249c-gatC,Rv3249c,gatC,?,Weak
Rv3249c-gyrA,Rv3249c,gyrA,?,Weak
Rv3249c-opcA,Rv3249c,opcA,?,Weak
Rv3249c-ppe61,Rv3249c,ppe61,?,Weak
Rv3249c-Rv2468c,Rv3249c,Rv2468c,?,Weak
Rv3249c-mmpL10,Rv3249c,mmpL10,?,Weak
Rv3249c-serB2,Rv3249c,serB2,?,Weak
Rv3249c-whiB7,Rv3249c,whiB7,?,Weak
Rv3249c-Rv2346c,Rv3249c,Rv2346c,?,Weak
Rv3249c-Rv3179,Rv3249c,Rv3179,?,Weak
Rv3249c-alkB,Rv3249c,alkB,-,Weak
Rv3249c-Rv3521,Rv3249c,Rv3521,?,Weak
Rv3249c-rimM,Rv3249c,rimM,?,Weak
Rv3249c-Rv1194c,Rv3249c,Rv1194c,?,Weak
Rv3249c-Rv1158c,Rv3249c,Rv1158c,?,Weak
Rv3249c-Rv2574,Rv3249c,Rv2574,-,Weak
Rv3249c-Rv3680,Rv3249c,Rv3680,?,Weak
Rv3249c-mrp,Rv3249c,mrp,?,Weak
Rv3249c-moeA1,Rv3249c,moeA1,?,Weak
Rv3249c-fusA,Rv3249c,fusA,?,Weak
Rv3249c-PE17,Rv3249c,PE17,?,Weak
Rv3249c-Rv0097,Rv3249c,Rv0097,+,Weak
Rv1816-rsmG,Rv1816,rsmG,?,Weak
Rv1816-Rv2459,Rv1816,Rv2459,?,Weak
Rv1816-aspC,Rv1816,aspC,?,Weak
Rv1816-hadB,Rv1816,hadB,?,Weak
Rv1816-mce4D,Rv1816,mce4D,?,Weak
Rv1816-lprL,Rv1816,lprL,?,Weak
Rv1816-clpC1,Rv1816,clpC1,?,Weak
Rv1816-Rv3405c,Rv1816,Rv3405c,?,Weak
Rv1816-Rv1927,Rv1816,Rv1927,?,Weak
Rv1816-nirB,Rv1816,nirB,?,Weak
Rv1816-emrB,Rv1816,emrB,?,Weak
Rv1816-Rv0360c,Rv1816,Rv0360c,?,Weak
Rv1816-Rv2884,Rv1816,Rv2884,?,Weak
Rv1816-scoA,Rv1816,scoA,?,Weak
Rv1816-Rv1501,Rv1816,Rv1501,?,Weak
Rv1816-mbtH,Rv1816,mbtH,?,Weak
Rv1816-Rv0142,Rv1816,Rv0142,?,Weak
Rv1816-Rv0637,Rv1816,Rv0637,?,Weak
Rv1816-Rv2119,Rv1816,Rv2119,?,Weak
Rv1816-Rv0144,Rv1816,Rv0144,?,Weak
Rv1816-Rv3644c,Rv1816,Rv3644c,?,Weak
Rv1816-Rv3740c,Rv1816,Rv3740c,?,Weak
Rv1816-mmpL7,Rv1816,mmpL7,?,Weak
Rv1816-Rv0227c,Rv1816,Rv0227c,?,Weak
Rv1816-rnc,Rv1816,rnc,?,Weak
Rv1816-Rv2629,Rv1816,Rv2629,?,Weak
Rv1816-bkdA,Rv1816,bkdA,?,Weak
Rv1816-bkdC,Rv1816,bkdC,?,Weak
Rv1816-bkdB,Rv1816,bkdB,?,Weak
Rv1816-Rv0842,Rv1816,Rv0842,?,Weak
Rv1816-nrdF1,Rv1816,nrdF1,?,Weak
Rv1816-Rv0841,Rv1816,Rv0841,?,Weak
Rv1816-Rv1993c,Rv1816,Rv1993c,?,Weak
Rv1816-rocE,Rv1816,rocE,?,Weak
Rv1816-amt,Rv1816,amt,?,Weak
Rv1816-rsfA,Rv1816,rsfA,?,Weak
Rv1816-hemA,Rv1816,hemA,?,Weak
Rv1816-Rv1883c,Rv1816,Rv1883c,?,Weak
Rv1816-Rv3195,Rv1816,Rv3195,?,Weak
Rv1816-Rv1670,Rv1816,Rv1670,?,Weak
Rv1816-Rv3612c,Rv1816,Rv3612c,?,Weak
Rv1816-Rv2102,Rv1816,Rv2102,?,Weak
Rv1816-Rv2974c,Rv1816,Rv2974c,?,Weak
Rv1816-Rv0336,Rv1816,Rv0336,?,Weak
Rv1816-Rv2360c,Rv1816,Rv2360c,?,Weak
Rv1816-Rv2851c,Rv1816,Rv2851c,?,Weak
Rv1816-egtA,Rv1816,egtA,?,Weak
Rv1816-PE_PGRS62,Rv1816,PE_PGRS62,?,Weak
Rv1816-rskA,Rv1816,rskA,?,Weak
Rv1816-Rv3273,Rv1816,Rv3273,?,Weak
Rv1816-Rv1458c,Rv1816,Rv1458c,?,Weak
Rv1816-rplS,Rv1816,rplS,?,Weak
Rv1816-dprE1,Rv1816,dprE1,?,Weak
Rv1816-rplE,Rv1816,rplE,?,Weak
Rv1816-rplB,Rv1816,rplB,?,Weak
Rv1816-Rv2197c,Rv1816,Rv2197c,?,Weak
Rv1816-Rv0822c,Rv1816,Rv0822c,?,Weak
Rv1816-nrdB,Rv1816,nrdB,?,Weak
Rv1816-Rv1989c,Rv1816,Rv1989c,?,Weak
Rv1816-Rv1634,Rv1816,Rv1634,?,Weak
Rv1816-Rv3120,Rv1816,Rv3120,?,Weak
Rv1816-Rv3714c,Rv1816,Rv3714c,?,Weak
Rv1816-mbtC,Rv1816,mbtC,?,Weak
Rv1816-Rv3903c,Rv1816,Rv3903c,?,Weak
Rv1816-Rv2966c,Rv1816,Rv2966c,?,Weak
Rv1816-Rv3851,Rv1816,Rv3851,?,Weak
Rv1816-Rv0996,Rv1816,Rv0996,?,Weak
Rv1816-trmI,Rv1816,trmI,?,Weak
Rv1816-fadE26,Rv1816,fadE26,?,Weak
Rv1816-Rv1896c,Rv1816,Rv1896c,?,Weak
Rv1816-cysM,Rv1816,cysM,?,Weak
Rv1816-bpoB,Rv1816,bpoB,?,Weak
Rv1816-fadD8,Rv1816,fadD8,?,Weak
Rv1816-vapC8,Rv1816,vapC8,?,Weak
Rv1816-vapC1,Rv1816,vapC1,?,Weak
Rv1816-rpoC,Rv1816,rpoC,?,Weak
Rv1816-Rv0634A,Rv1816,Rv0634A,?,Weak
Rv1816-Rv3645,Rv1816,Rv3645,?,Weak
Rv1816-Rv0909,Rv1816,Rv0909,?,Weak
Rv1816-uppS,Rv1816,uppS,?,Weak
Rv1816-gpm2,Rv1816,gpm2,?,Weak
Rv1816-rpfC,Rv1816,rpfC,?,Weak
Rv1816-oxyS,Rv1816,oxyS,?,Weak
Rv1816-mycP2,Rv1816,mycP2,?,Weak
Rv1816-recC,Rv1816,recC,?,Weak
Rv1816-Rv2082,Rv1816,Rv2082,?,Weak
Rv1816-Rv2054,Rv1816,Rv2054,?,Weak
Rv1816-vapC26,Rv1816,vapC26,?,Weak
Rv1816-eccB4,Rv1816,eccB4,?,Weak
Rv1816-cwsA,Rv1816,cwsA,?,Weak
Rv1816-Rv1517,Rv1816,Rv1517,?,Weak
Rv1816-rimM,Rv1816,rimM,?,Weak
Rv1816-Rv0194,Rv1816,Rv0194,?,Weak
Rv1816-pbpB,Rv1816,pbpB,?,Weak
Rv1816-lprO,Rv1816,lprO,?,Weak
Rv1816-sseC1,Rv1816,sseC1,?,Weak
Rv1816-lprK,Rv1816,lprK,?,Weak
Rv1816-lprI,Rv1816,lprI,?,Weak
Rv1816-rpsJ,Rv1816,rpsJ,?,Weak
Rv1816-lprA,Rv1816,lprA,?,Weak
Rv1816-Rv1951c,Rv1816,Rv1951c,?,Weak
Rv1816-vapC32,Rv1816,vapC32,?,Weak
Rv1816-Rv3128c,Rv1816,Rv3128c,?,Weak
Rv1816-nrnA,Rv1816,nrnA,?,Weak
Rv1816-ponA2,Rv1816,ponA2,?,Weak
Rv1816-Rv1816,Rv1816,Rv1816,+,Weak
Rv1816-mutT1,Rv1816,mutT1,?,Weak
Rv1816-mihF,Rv1816,mihF,?,Weak
Rv1816-ctpV,Rv1816,ctpV,?,Weak
Rv1816-Rv0501,Rv1816,Rv0501,?,Weak
Rv1816-Rv0875c,Rv1816,Rv0875c,?,Weak
Rv1816-Rv3479,Rv1816,Rv3479,?,Weak
Rv1816-Rv0770,Rv1816,Rv0770,?,Weak
Rv1816-tuf,Rv1816,tuf,?,Weak
Rv1816-Rv2177c,Rv1816,Rv2177c,?,Weak
Rv1816-Rv0463,Rv1816,Rv0463,?,Weak
Rv1816-Rv3194c,Rv1816,Rv3194c,?,Weak
Rv1816-Rv3661,Rv1816,Rv3661,?,Weak
Rv1816-ppsC,Rv1816,ppsC,?,Weak
Rv1816-moeB2,Rv1816,moeB2,?,Weak
Rv1816-Rv2137c,Rv1816,Rv2137c,?,Weak
Rv1816-infA,Rv1816,infA,?,Weak
Rv1816-Rv1459c,Rv1816,Rv1459c,?,Weak
Rv1816-uppP,Rv1816,uppP,?,Weak
Rv1816-vapC46,Rv1816,vapC46,?,Weak
Rv1816-lpqV,Rv1816,lpqV,?,Weak
Rv1816-Rv2277c,Rv1816,Rv2277c,?,Weak
Rv1816-ephC,Rv1816,ephC,?,Weak
Rv1816-Rv0968,Rv1816,Rv0968,?,Weak
Rv1816-rpmD,Rv1816,rpmD,?,Weak
Rv1816-Rv3463,Rv1816,Rv3463,?,Weak
Rv1816-rplO,Rv1816,rplO,?,Weak
Rv1816-Rv2617c,Rv1816,Rv2617c,?,Weak
Rv1816-PE6,Rv1816,PE6,?,Weak
Rv1816-Rv1288,Rv1816,Rv1288,?,Weak
Rv1816-Rv1225c,Rv1816,Rv1225c,?,Weak
Rv1816-Rv0576,Rv1816,Rv0576,?,Weak
Rv1816-Rv0495c,Rv1816,Rv0495c,?,Weak
Rv1816-Rv0499,Rv1816,Rv0499,?,Weak
Rv1816-Rv0991c,Rv1816,Rv0991c,?,Weak
Rv1816-papA4,Rv1816,papA4,?,Weak
Rv1816-Rv0497,Rv1816,Rv0497,?,Weak
Rv1816-Rv2159c,Rv1816,Rv2159c,?,Weak
Rv1816-Rv3807c,Rv1816,Rv3807c,?,Weak
Rv1816-glpQ2,Rv1816,glpQ2,?,Weak
Rv1816-desA2,Rv1816,desA2,?,Weak
Rv1816-Rv3440c,Rv1816,Rv3440c,?,Weak
Rv1816-qcrB,Rv1816,qcrB,?,Weak
Rv1816-qcrA,Rv1816,qcrA,?,Weak
Rv1816-Rv0837c,Rv1816,Rv0837c,?,Weak
Rv1816-proC,Rv1816,proC,?,Weak
Rv1816-Rv3695,Rv1816,Rv3695,?,Weak
Rv1816-pstB2,Rv1816,pstB2,?,Weak
Rv1816-Rv3694c,Rv1816,Rv3694c,?,Weak
Rv1816-Rv3705c,Rv1816,Rv3705c,?,Weak
Rv1816-ppsD,Rv1816,ppsD,?,Weak
Rv1816-Rv0567,Rv1816,Rv0567,?,Weak
Rv1816-sseC2,Rv1816,sseC2,?,Weak
Rv1816-Rv1461,Rv1816,Rv1461,?,Weak
Rv1816-mhpF,Rv1816,mhpF,?,Weak
Rv1816-ilvX,Rv1816,ilvX,?,Weak
Rv1816-serB2,Rv1816,serB2,?,Weak
Rv1816-mmpL13b,Rv1816,mmpL13b,?,Weak
Rv1816-Rv3213c,Rv1816,Rv3213c,?,Weak
Rv1816-Rv2923c,Rv1816,Rv2923c,?,Weak
Rv1816-glnB,Rv1816,glnB,?,Weak
Rv1816-lysX,Rv1816,lysX,?,Weak
Rv1816-ispD,Rv1816,ispD,?,Weak
Rv1816-Rv3753c,Rv1816,Rv3753c,?,Weak
Rv1816-pks18,Rv1816,pks18,?,Weak
Rv1816-mak,Rv1816,mak,?,Weak
Rv1816-Rv3725,Rv1816,Rv3725,?,Weak
Rv1816-Rv2655c,Rv1816,Rv2655c,?,Weak
Rv1816-ligA,Rv1816,ligA,?,Weak
Rv1816-mptA,Rv1816,mptA,?,Weak
Rv1816-rpsF,Rv1816,rpsF,?,Weak
Rv1816-Rv2558,Rv1816,Rv2558,?,Weak
Rv1816-Rv1065,Rv1816,Rv1065,+,Weak
Rv1816-Rv1669,Rv1816,Rv1669,?,Weak
Rv1816-Rv1990A,Rv1816,Rv1990A,?,Weak
Rv1816-Rv0141c,Rv1816,Rv0141c,?,Weak
Rv1816-Rv0552,Rv1816,Rv0552,?,Weak
Rv1816-Rv3492c,Rv1816,Rv3492c,?,Weak
Rv1816-Rv1414,Rv1816,Rv1414,?,Weak
cmtR-lppF,cmtR,lppF,?,Weak
cmtR-Rv1147,cmtR,Rv1147,?,Weak
cmtR-Rv3863,cmtR,Rv3863,?,Weak
cmtR-Rv0176,cmtR,Rv0176,?,Weak
cmtR-Rv0177,cmtR,Rv0177,?,Weak
cmtR-rpsH,cmtR,rpsH,?,Weak
cmtR-Rv1515c,cmtR,Rv1515c,?,Weak
cmtR-Rv3143,cmtR,Rv3143,?,Weak
cmtR-Rv1378c,cmtR,Rv1378c,?,Weak
cmtR-Rv0075,cmtR,Rv0075,?,Weak
cmtR-Rv0963c,cmtR,Rv0963c,+,Weak
cmtR-rplE,cmtR,rplE,?,Weak
cmtR-Rv0505c,cmtR,Rv0505c,?,Weak
cmtR-Rv3064c,cmtR,Rv3064c,?,Weak
cmtR-echA5,cmtR,echA5,?,Weak
cmtR-Rv3216,cmtR,Rv3216,?,Weak
cmtR-Rv0919,cmtR,Rv0919,?,Weak
cmtR-Rv1986,cmtR,Rv1986,-,Weak
cmtR-Rv1987,cmtR,Rv1987,-,Weak
cmtR-Rv1989c,cmtR,Rv1989c,?,Weak
cmtR-Rv3142c,cmtR,Rv3142c,-,Weak
cmtR-Rv0264c,cmtR,Rv0264c,?,Weak
cmtR-pcp,cmtR,pcp,-,Weak
cmtR-Rv0078,cmtR,Rv0078,-,Weak
cmtR-Rv0077c,cmtR,Rv0077c,+,Weak
cmtR-Rv0188,cmtR,Rv0188,?,Weak
cmtR-Rv3191c,cmtR,Rv3191c,?,Weak
cmtR-lsr2,cmtR,lsr2,?,Weak
cmtR-Rv0318c,cmtR,Rv0318c,-,Weak
cmtR-Rv2401,cmtR,Rv2401,?,Weak
cmtR-Rv3482c,cmtR,Rv3482c,?,Weak
cmtR-PE_PGRS55,cmtR,PE_PGRS55,?,Weak
cmtR-pks8,cmtR,pks8,?,Weak
cmtR-lprQ,cmtR,lprQ,?,Weak
cmtR-cmtR,cmtR,cmtR,+,Weak
cmtR-subI,cmtR,subI,?,Weak
cmtR-Rv0918,cmtR,Rv0918,?,Weak
cmtR-Rv2787,cmtR,Rv2787,?,Weak
cmtR-mftE,cmtR,mftE,?,Weak
cmtR-PE_PGRS15,cmtR,PE_PGRS15,?,Weak
cmtR-Rv3831,cmtR,Rv3831,?,Weak
cmtR-fhaA,cmtR,fhaA,?,Weak
cmtR-TB8.4,cmtR,TB8.4,?,Weak
cmtR-Rv3747,cmtR,Rv3747,?,Weak
cmtR-Rv3269,cmtR,Rv3269,?,Weak
cmtR-nucS,cmtR,nucS,?,Weak
cmtR-lysX,cmtR,lysX,?,Weak
cmtR-Rv1985c,cmtR,Rv1985c,-,Weak
cmtR-Rv2949c,cmtR,Rv2949c,?,Weak
cmtR-ppe58,cmtR,ppe58,?,Weak
cmtR-ppe51,cmtR,ppe51,?,Weak
cmtR-vapC49,cmtR,vapC49,?,Weak
cmtR-mmpS2,cmtR,mmpS2,?,Weak
cmtR-lipD,cmtR,lipD,?,Weak
cmtR-Rv0474,cmtR,Rv0474,?,Weak
cmtR-recO,cmtR,recO,-,Weak
cmtR-Rv1995,cmtR,Rv1995,?,Weak
cmtR-Rv2346c,cmtR,Rv2346c,?,Weak
cmtR-lysS1,cmtR,lysS1,?,Weak
cmtR-Rv3528c,cmtR,Rv3528c,?,Weak
cmtR-PE19,cmtR,PE19,?,Weak
cmtR-Rv0140,cmtR,Rv0140,?,Weak
cmtR-vapB49,cmtR,vapB49,?,Weak
cmtR-amiA2,cmtR,amiA2,-,Weak
cmtR-Rv1682,cmtR,Rv1682,?,Weak
cmtR-Rv0071,cmtR,Rv0071,?,Weak
cmtR-PE34,cmtR,PE34,?,Weak
cmtR-trcR,cmtR,trcR,-,Weak
cmtR-Rv1320c,cmtR,Rv1320c,?,Weak
cmtR-hbhA,cmtR,hbhA,?,Weak
cmtR-glyA2,cmtR,glyA2,-,Weak
cmtR-Rv3165c,cmtR,Rv3165c,?,Weak
cmtR-Rv0219,cmtR,Rv0219,?,Weak
cmtR-glmM,cmtR,glmM,?,Weak
cmtR-Rv1101c,cmtR,Rv1101c,?,Weak
cmtR-PPE55,cmtR,PPE55,?,Weak
cmtR-Rv1356c,cmtR,Rv1356c,?,Weak
Rv2011c-Rv3638,Rv2011c,Rv3638,?,Weak
Rv2011c-Rv3843c,Rv2011c,Rv3843c,?,Weak
Rv2011c-aspC,Rv2011c,aspC,?,Weak
Rv2011c-Rv2525c,Rv2011c,Rv2525c,-,Weak
Rv2011c-Rv3863,Rv2011c,Rv3863,?,Weak
Rv2011c-Rv3534c,Rv2011c,Rv3534c,?,Weak
Rv2011c-mutB,Rv2011c,mutB,?,Weak
Rv2011c-pcp,Rv2011c,pcp,-,Weak
Rv2011c-Rv3437,Rv2011c,Rv3437,-,Weak
Rv2011c-Rv0449c,Rv2011c,Rv0449c,?,Weak
Rv2011c-Rv2644c,Rv2011c,Rv2644c,?,Weak
Rv2011c-mftB,Rv2011c,mftB,-,Weak
Rv2011c-cyp136,Rv2011c,cyp136,-,Weak
Rv2011c-Rv3231c,Rv2011c,Rv3231c,?,Weak
Rv2011c-mftR,Rv2011c,mftR,?,Weak
Rv2011c-Rv2956,Rv2011c,Rv2956,?,Weak
Rv2011c-Rv3099c,Rv2011c,Rv3099c,-,Weak
Rv2011c-pknB,Rv2011c,pknB,?,Weak
Rv2011c-glmS,Rv2011c,glmS,-,Weak
Rv2011c-Rv1883c,Rv2011c,Rv1883c,?,Weak
Rv2011c-Rv0774c,Rv2011c,Rv0774c,-,Weak
Rv2011c-rpfC,Rv2011c,rpfC,-,Weak
Rv2011c-pgsA3,Rv2011c,pgsA3,-,Weak
Rv2011c-mprA,Rv2011c,mprA,-,Weak
Rv2011c-lppE,Rv2011c,lppE,-,Weak
Rv2011c-celA2a,Rv2011c,celA2a,?,Weak
Rv2011c-Rv0472c,Rv2011c,Rv0472c,-,Weak
Rv2011c-rplO,Rv2011c,rplO,?,Weak
Rv2011c-nanT,Rv2011c,nanT,?,Weak
Rv2011c-coaX,Rv2011c,coaX,?,Weak
Rv2011c-murI,Rv2011c,murI,?,Weak
Rv2011c-secF,Rv2011c,secF,?,Weak
Rv2011c-folD,Rv2011c,folD,?,Weak
Rv2011c-Rv2390c,Rv2011c,Rv2390c,?,Weak
Rv2011c-Rv0998,Rv2011c,Rv0998,?,Weak
Rv2011c-Rv0067c,Rv2011c,Rv0067c,?,Weak
Rv2011c-Rv2205c,Rv2011c,Rv2205c,?,Weak
Rv2011c-rpoZ,Rv2011c,rpoZ,?,Weak
Rv2011c-Rv1637c,Rv2011c,Rv1637c,?,Weak
Rv2011c-ppe11,Rv2011c,ppe11,?,Weak
Rv2011c-mshB,Rv2011c,mshB,?,Weak
Rv2011c-Rv1888c,Rv2011c,Rv1888c,?,Weak
Rv2011c-Rv3566A,Rv2011c,Rv3566A,?,Weak
Rv2011c-vapC20,Rv2011c,vapC20,?,Weak
Rv2011c-Rv3035,Rv2011c,Rv3035,-,Weak
Rv2011c-sugB,Rv2011c,sugB,?,Weak
Rv2011c-mce2F,Rv2011c,mce2F,?,Weak
Rv2011c-argA,Rv2011c,argA,-,Weak
Rv2011c-fadE36,Rv2011c,fadE36,?,Weak
Rv2011c-Rv0178,Rv2011c,Rv0178,?,Weak
Rv2011c-kgtP,Rv2011c,kgtP,?,Weak
Rv2011c-rpsM,Rv2011c,rpsM,?,Weak
Rv2011c-relJ,Rv2011c,relJ,?,Weak
Rv2011c-Rv3058c,Rv2011c,Rv3058c,-,Weak
Rv2011c-fadD22,Rv2011c,fadD22,?,Weak
Rv2011c-Rv2347c,Rv2011c,Rv2347c,?,Weak
Rv2011c-sppA,Rv2011c,sppA,?,Weak
Rv2011c-mraY,Rv2011c,mraY,?,Weak
Rv2011c-glyA2,Rv2011c,glyA2,-,Weak
Rv2011c-Rv2012,Rv2011c,Rv2012,-,Weak
Rv2011c-lpqC,Rv2011c,lpqC,?,Weak
Rv2011c-phoP,Rv2011c,phoP,-,Weak
Rv2011c-esxB,Rv2011c,esxB,?,Weak
Rv2011c-espI,Rv2011c,espI,?,Weak
Rv2011c-Rv3747,Rv2011c,Rv3747,?,Weak
Rv2011c-Rv0731c,Rv2011c,Rv0731c,?,Weak
Rv2011c-esxN,Rv2011c,esxN,?,Weak
Rv2011c-rpmJ,Rv2011c,rpmJ,?,Weak
Rv2011c-Rv3311,Rv2011c,Rv3311,?,Weak
Rv2011c-Rv0473,Rv2011c,Rv0473,-,Weak
Rv2011c-Rv3463,Rv2011c,Rv3463,?,Weak
Rv2011c-vapB20,Rv2011c,vapB20,?,Weak
Rv2011c-Rv0071,Rv2011c,Rv0071,?,Weak
Rv2011c-PE34,Rv2011c,PE34,+,Weak
Rv2011c-tsnR,Rv2011c,tsnR,?,Weak
Rv2011c-ppe61,Rv2011c,ppe61,?,Weak
Rv2011c-Rv3034c,Rv2011c,Rv3034c,?,Weak
Rv2011c-vapB12,Rv2011c,vapB12,?,Weak
Rv2011c-Rv3360,Rv2011c,Rv3360,?,Weak
Rv2011c-blaI,Rv2011c,blaI,?,Weak
Rv2011c-Rv0318c,Rv2011c,Rv0318c,?,Weak
Rv2011c-nat,Rv2011c,nat,-,Weak
Rv2011c-PE24,Rv2011c,PE24,?,Weak
Rv2011c-Rv2286c,Rv2011c,Rv2286c,?,Weak
Rv2011c-Rv2288,Rv2011c,Rv2288,?,Weak
Rv2011c-secE,Rv2011c,secE,?,Weak
Rv2011c-Rv3626c,Rv2011c,Rv3626c,?,Weak
Rv2011c-Rv0756c,Rv2011c,Rv0756c,?,Weak
Rv2011c-gyrA,Rv2011c,gyrA,?,Weak
Rv2011c-whiB4,Rv2011c,whiB4,?,Weak
Rv2011c-Rv1792,Rv2011c,Rv1792,?,Weak
Rv2011c-Rv2011c,Rv2011c,Rv2011c,+,Weak
Rv2011c-ppe59,Rv2011c,ppe59,?,Weak
Rv2011c-ppe58,Rv2011c,ppe58,?,Weak
Rv2011c-Rv3076,Rv2011c,Rv3076,-,Weak
Rv2011c-Rv3075c,Rv2011c,Rv3075c,-,Weak
Rv2011c-lat,Rv2011c,lat,?,Weak
Rv2011c-Rv1194c,Rv2011c,Rv1194c,-,Weak
Rv2011c-wag31,Rv2011c,wag31,?,Weak
Rv2011c-secY,Rv2011c,secY,?,Weak
Rv2011c-Rv3684,Rv2011c,Rv3684,?,Weak
Rv2011c-fusA,Rv2011c,fusA,?,Weak
Rv2011c-Rv0316,Rv2011c,Rv0316,?,Weak
Rv2011c-argG,Rv2011c,argG,?,Weak
Rv2011c-Rv0158,Rv2011c,Rv0158,-,Weak
Rv1556-mmpL6,Rv1556,mmpL6,?,Weak
Rv1556-cysO,Rv1556,cysO,?,Weak
Rv1556-Rv2884,Rv1556,Rv2884,?,Weak
Rv1556-Rv1556,Rv1556,Rv1556,+,Weak
Rv1556-moeZ,Rv1556,moeZ,?,Weak
Rv1556-Rv0135c,Rv1556,Rv0135c,?,Weak
Rv1556-espE,Rv1556,espE,?,Weak
Rv1556-trxC,Rv1556,trxC,?,Weak
Rv1556-Rv1572c,Rv1556,Rv1572c,?,Weak
Rv1556-cyp138,Rv1556,cyp138,?,Weak
Rv1556-atpA,Rv1556,atpA,?,Weak
Rv1556-Rv1573,Rv1556,Rv1573,?,Weak
Rv1556-topA,Rv1556,topA,?,Weak
Rv3050c-wag31,Rv3050c,wag31,?,Weak
Rv3050c-gmhA,Rv3050c,gmhA,?,Weak
Rv3050c-espA,Rv3050c,espA,?,Weak
Rv3050c-Rv0885,Rv3050c,Rv0885,-,Weak
Rv3050c-Rv1116,Rv3050c,Rv1116,?,Weak
Rv3050c-Rv3049c,Rv3050c,Rv3049c,?,Weak
Rv3050c-Rv3888c,Rv3050c,Rv3888c,?,Weak
Rv3736-sseC2,Rv3736,sseC2,?,Weak
Rv3736-Rv0406c,Rv3736,Rv0406c,?,Weak
Rv3736-plcD,Rv3736,plcD,?,Weak
Rv3736-Rv2323c,Rv3736,Rv2323c,?,Weak
Rv3736-Rv2161c,Rv3736,Rv2161c,?,Weak
Rv3736-nucS,Rv3736,nucS,?,Weak
Rv3736-Rv3897c,Rv3736,Rv3897c,?,Weak
Rv3736-Rv0457c,Rv3736,Rv0457c,?,Weak
Rv3736-Rv3143,Rv3736,Rv3143,?,Weak
Rv3736-Rv1756c,Rv3736,Rv1756c,?,Weak
Rv3736-Rv0958,Rv3736,Rv0958,?,Weak
Rv3736-eccCb1,Rv3736,eccCb1,?,Weak
Rv3736-lppX,Rv3736,lppX,?,Weak
Rv3736-Rv0616c,Rv3736,Rv0616c,?,Weak
Rv3736-Rv3737,Rv3736,Rv3737,?,Weak
Rv3736-Rv3736,Rv3736,Rv3736,+,Weak
Rv3736-bglS,Rv3736,bglS,?,Weak
Rv3736-echA18.1,Rv3736,echA18.1,?,Weak
Rv3736-vapB40,Rv3736,vapB40,?,Weak
Rv3736-espL,Rv3736,espL,?,Weak
Rv3736-Rv2324,Rv3736,Rv2324,?,Weak
Rv3736-frdB,Rv3736,frdB,?,Weak
Rv3736-frdD,Rv3736,frdD,?,Weak
Rv3736-virS,Rv3736,virS,?,Weak
Rv3736-PE23,Rv3736,PE23,?,Weak
Rv3736-narU,Rv3736,narU,?,Weak
Rv3736-Rv1488,Rv3736,Rv1488,?,Weak
Rv3736-glmM,Rv3736,glmM,?,Weak
Rv3736-Rv3890c,Rv3736,Rv3890c,?,Weak
Rv3736-panC,Rv3736,panC,?,Weak
Rv3736-Rv0999,Rv3736,Rv0999,?,Weak
Rv3736-Rv0148,Rv3736,Rv0148,?,Weak
Rv3736-Rv3742c,Rv3736,Rv3742c,?,Weak
Rv3736-Rv2117,Rv3736,Rv2117,?,Weak
Rv3736-mce1D,Rv3736,mce1D,?,Weak
Rv3736-mymA,Rv3736,mymA,?,Weak
Rv3736-Rv2336,Rv3736,Rv2336,?,Weak
Rv3736-Rv0228,Rv3736,Rv0228,?,Weak
Rv3736-Rv3661,Rv3736,Rv3661,?,Weak
Rv3736-leuA,Rv3736,leuA,?,Weak
Rv3736-fas,Rv3736,fas,?,Weak
Rv3736-Rv1178,Rv3736,Rv1178,?,Weak
Rv3736-Rv3856c,Rv3736,Rv3856c,-,Weak
Rv3736-sseC1,Rv3736,sseC1,?,Weak
Rv3736-stf3,Rv3736,stf3,?,Weak
Rv3736-moaD1,Rv3736,moaD1,?,Weak
Rv3736-nei2,Rv3736,nei2,?,Weak
Rv3736-Rv0175,Rv3736,Rv0175,?,Weak
Rv3736-Rv1888c,Rv3736,Rv1888c,?,Weak
Rv3736-ephE,Rv3736,ephE,?,Weak
Rv3736-gmhA,Rv3736,gmhA,?,Weak
Rv3736-vapC29,Rv3736,vapC29,?,Weak
Rv3736-ruvC,Rv3736,ruvC,?,Weak
Rv3736-gltB,Rv3736,gltB,?,Weak
Rv3736-PPE35,Rv3736,PPE35,?,Weak
Rv3736-yrbE1A,Rv3736,yrbE1A,?,Weak
Rv3736-Rv3660c,Rv3736,Rv3660c,?,Weak
Rv3736-Rv2531c,Rv3736,Rv2531c,?,Weak
Rv3736-Rv1883c,Rv3736,Rv1883c,?,Weak
Rv3736-glf,Rv3736,glf,?,Weak
Rv3736-vapC27,Rv3736,vapC27,?,Weak
Rv3736-Rv1869c,Rv3736,Rv1869c,-,Weak
Rv3736-PE31,Rv3736,PE31,?,Weak
Rv3736-PE3,Rv3736,PE3,?,Weak
Rv3736-coaD,Rv3736,coaD,?,Weak
Rv3736-PE35,Rv3736,PE35,?,Weak
Rv3736-erp,Rv3736,erp,?,Weak
Rv3736-ppe3,Rv3736,ppe3,?,Weak
Rv3736-rpfC,Rv3736,rpfC,?,Weak
Rv3736-Rv3528c,Rv3736,Rv3528c,?,Weak
Rv3736-Rv1888A,Rv3736,Rv1888A,?,Weak
Rv1395-Rv1395,Rv1395,Rv1395,+,Weak
Rv1395-Rv1870c,Rv1395,Rv1870c,?,Weak
Rv1395-pks6,Rv1395,pks6,?,Weak
Rv1395-Rv3479,Rv1395,Rv3479,?,Weak
Rv0472c-mazE1,Rv0472c,mazE1,?,Weak
Rv0472c-fdxC,Rv0472c,fdxC,-,Weak
Rv0472c-Rv0010c,Rv0472c,Rv0010c,?,Weak
Rv0472c-mazF1,Rv0472c,mazF1,?,Weak
Rv0472c-tgs1,Rv0472c,tgs1,?,Weak
Rv0472c-Rv3131,Rv0472c,Rv3131,?,Weak
Rv0472c-desA2,Rv0472c,desA2,-,Weak
Rv0472c-desA1,Rv0472c,desA1,-,Weak
vapB30-vapB30,vapB30,vapB30,+,Weak
lrpA-wag31,lrpA,wag31,?,Weak
lrpA-Rv2452c,lrpA,Rv2452c,?,Weak
lrpA-ald,lrpA,ald,?,Weak
lrpA-Rv2779c,lrpA,Rv2779c,?,Weak
lrpA-mce3R,lrpA,mce3R,?,Weak
lrpA-Rv1572c,lrpA,Rv1572c,?,Weak
lrpA-Rv1116,lrpA,Rv1116,?,Weak
lrpA-lat,lrpA,lat,+,Weak
lrpA-Rv1573,lrpA,Rv1573,?,Weak
lrpA-Rv1586c,lrpA,Rv1586c,?,Weak
lrpA-Rv1587c,lrpA,Rv1587c,?,Weak
Rv3095-Rv3094c,Rv3095,Rv3094c,-,Weak
Rv3095-Rv3095,Rv3095,Rv3095,+,Weak
moaR1-eccD5,moaR1,eccD5,?,Weak
moaR1-yrbE1A,moaR1,yrbE1A,?,Weak
Rv1985c-Rv0323c,Rv1985c,Rv0323c,?,Weak
Rv1985c-cyp140,Rv1985c,cyp140,?,Weak
Rv1985c-hsaA,Rv1985c,hsaA,?,Weak
Rv1985c-Rv2323c,Rv1985c,Rv2323c,?,Weak
Rv1985c-ald,Rv1985c,ald,?,Weak
Rv1985c-idsB,Rv1985c,idsB,?,Weak
Rv1985c-ppe49,Rv1985c,ppe49,?,Weak
Rv1985c-Rv2809,Rv1985c,Rv2809,?,Weak
Rv1985c-fadA,Rv1985c,fadA,?,Weak
Rv1985c-prpR,Rv1985c,prpR,?,Weak
Rv1985c-PPE7,Rv1985c,PPE7,?,Weak
Rv1985c-Rv2203,Rv1985c,Rv2203,?,Weak
Rv1985c-gmhA,Rv1985c,gmhA,?,Weak
Rv1985c-pks3,Rv1985c,pks3,?,Weak
Rv1985c-Rv2059,Rv1985c,Rv2059,?,Weak
Rv1985c-mce3R,Rv1985c,mce3R,?,Weak
Rv1985c-lsr2,Rv1985c,lsr2,?,Weak
Rv1985c-Rv2744c,Rv1985c,Rv2744c,?,Weak
Rv1985c-Rv3740c,Rv1985c,Rv3740c,?,Weak
Rv1985c-Rv0268c,Rv1985c,Rv0268c,?,Weak
Rv1985c-hrp1,Rv1985c,hrp1,?,Weak
Rv1985c-Rv2623,Rv1985c,Rv2623,?,Weak
Rv1985c-Rv2628,Rv1985c,Rv2628,?,Weak
Rv1985c-Rv1813c,Rv1985c,Rv1813c,?,Weak
Rv1985c-Rv1674c,Rv1985c,Rv1674c,?,Weak
Rv1985c-nrdF1,Rv1985c,nrdF1,?,Weak
Rv1985c-Rv1734c,Rv1985c,Rv1734c,?,Weak
Rv1985c-erg3,Rv1985c,erg3,?,Weak
Rv1985c-hbhA,Rv1985c,hbhA,?,Weak
Rv1985c-Rv2100,Rv1985c,Rv2100,?,Weak
Rv1985c-Rv2633c,Rv1985c,Rv2633c,?,Weak
Rv1985c-Rv0597c,Rv1985c,Rv0597c,?,Weak
Rv1985c-Rv0500A,Rv1985c,Rv0500A,?,Weak
Rv1985c-Rv2730,Rv1985c,Rv2730,?,Weak
Rv1985c-Rv0572c,Rv1985c,Rv0572c,?,Weak
Rv1985c-Rv0412c,Rv1985c,Rv0412c,?,Weak
Rv1985c-celA2a,Rv1985c,celA2a,?,Weak
Rv1985c-Rv1435c,Rv1985c,Rv1435c,?,Weak
Rv1985c-Rv1986,Rv1985c,Rv1986,?,Weak
Rv1985c-mazE1,Rv1985c,mazE1,?,Weak
Rv1985c-mazE6,Rv1985c,mazE6,?,Weak
Rv1985c-Rv3798,Rv1985c,Rv3798,?,Weak
Rv1985c-espB,Rv1985c,espB,?,Weak
Rv1985c-fdxA,Rv1985c,fdxA,?,Weak
Rv1985c-Rv3127,Rv1985c,Rv3127,?,Weak
Rv1985c-Rv2658c,Rv1985c,Rv2658c,?,Weak
Rv1985c-trmB,Rv1985c,trmB,?,Weak
Rv1985c-Rv2729c,Rv1985c,Rv2729c,?,Weak
Rv1985c-Rv2346c,Rv1985c,Rv2346c,?,Weak
Rv1985c-Rv2723,Rv1985c,Rv2723,?,Weak
Rv1985c-Rv2722,Rv1985c,Rv2722,?,Weak
Rv1985c-Rv0043c,Rv1985c,Rv0043c,?,Weak
Rv1985c-ppe15,Rv1985c,ppe15,?,Weak
Rv1985c-Rv0571c,Rv1985c,Rv0571c,?,Weak
Rv1985c-rpoC,Rv1985c,rpoC,?,Weak
Rv1985c-rpoB,Rv1985c,rpoB,?,Weak
Rv1985c-vapB48,Rv1985c,vapB48,?,Weak
Rv1985c-Rv3131,Rv1985c,Rv3131,?,Weak
Rv1985c-moaD1,Rv1985c,moaD1,?,Weak
Rv1985c-tuf,Rv1985c,tuf,?,Weak
Rv1985c-prpD,Rv1985c,prpD,?,Weak
Rv1985c-acg,Rv1985c,acg,?,Weak
Rv1985c-Rv1996,Rv1985c,Rv1996,?,Weak
Rv1985c-yrbE1A,Rv1985c,yrbE1A,?,Weak
Rv1985c-ispH2,Rv1985c,ispH2,?,Weak
Rv1985c-vapC20,Rv1985c,vapC20,?,Weak
Rv1985c-mazF1,Rv1985c,mazF1,?,Weak
Rv1985c-hspX,Rv1985c,hspX,?,Weak
Rv1985c-Rv1572c,Rv1985c,Rv1572c,?,Weak
Rv1985c-Rv2006,Rv1985c,Rv2006,?,Weak
Rv1985c-Rv3844,Rv1985c,Rv3844,?,Weak
Rv1985c-Rv2827c,Rv1985c,Rv2827c,?,Weak
Rv1985c-Rv0219,Rv1985c,Rv0219,?,Weak
Rv1985c-lprJ,Rv1985c,lprJ,?,Weak
Rv1985c-ctpF,Rv1985c,ctpF,?,Weak
Rv1985c-lprD,Rv1985c,lprD,?,Weak
Rv1985c-Rv3075c,Rv1985c,Rv3075c,?,Weak
Rv1985c-Rv0574c,Rv1985c,Rv0574c,?,Weak
Rv1985c-Rv1588c,Rv1985c,Rv1588c,?,Weak
Rv1985c-Rv0505c,Rv1985c,Rv0505c,?,Weak
Rv1985c-mutT3,Rv1985c,mutT3,?,Weak
Rv1985c-vapB38,Rv1985c,vapB38,?,Weak
Rv1985c-PPE43,Rv1985c,PPE43,?,Weak
Rv1985c-Rv0348,Rv1985c,Rv0348,?,Weak
Rv1985c-trcR,Rv1985c,trcR,-,Weak
Rv1985c-Rv1116,Rv1985c,Rv1116,?,Weak
Rv1985c-Rv1374c,Rv1985c,Rv1374c,?,Weak
Rv1985c-pstS1,Rv1985c,pstS1,?,Weak
Rv1985c-Rv2307B,Rv1985c,Rv2307B,?,Weak
Rv1985c-Rv2242,Rv1985c,Rv2242,?,Weak
Rv1985c-esxA,Rv1985c,esxA,?,Weak
Rv1985c-fadE8,Rv1985c,fadE8,?,Weak
Rv1985c-Rv3415c,Rv1985c,Rv3415c,?,Weak
Rv1985c-lppL,Rv1985c,lppL,?,Weak
Rv1985c-Rv3747,Rv1985c,Rv3747,?,Weak
Rv1985c-hmp,Rv1985c,hmp,?,Weak
Rv1985c-infA,Rv1985c,infA,?,Weak
Rv1985c-esxQ,Rv1985c,esxQ,?,Weak
Rv1985c-esxR,Rv1985c,esxR,?,Weak
Rv1985c-esxS,Rv1985c,esxS,?,Weak
Rv1985c-Rv2336,Rv1985c,Rv2336,?,Weak
Rv1985c-Rv3269,Rv1985c,Rv3269,?,Weak
Rv1985c-mmpS2,Rv1985c,mmpS2,?,Weak
Rv1985c-adoK,Rv1985c,adoK,?,Weak
Rv1985c-mmaA3,Rv1985c,mmaA3,?,Weak
Rv1985c-Rv0474,Rv1985c,Rv0474,?,Weak
Rv1985c-Rv3463,Rv1985c,Rv3463,?,Weak
Rv1985c-echA14,Rv1985c,echA14,-,Weak
Rv1985c-PE7,Rv1985c,PE7,?,Weak
Rv1985c-vapB20,Rv1985c,vapB20,?,Weak
Rv1985c-PE31,Rv1985c,PE31,?,Weak
Rv1985c-PE34,Rv1985c,PE34,?,Weak
Rv1985c-Rv3096,Rv1985c,Rv3096,?,Weak
Rv1985c-Rv1573,Rv1985c,Rv1573,?,Weak
Rv1985c-Rv2657c,Rv1985c,Rv2657c,?,Weak
Rv1985c-Rv0076c,Rv1985c,Rv0076c,?,Weak
Rv1985c-fabD,Rv1985c,fabD,?,Weak
Rv1985c-narG,Rv1985c,narG,?,Weak
Rv1985c-Rv3126c,Rv1985c,Rv3126c,?,Weak
Rv1985c-Rv3888c,Rv1985c,Rv3888c,?,Weak
Rv1985c-Rv0837c,Rv1985c,Rv0837c,?,Weak
Rv1985c-Rv2779c,Rv1985c,Rv2779c,?,Weak
Rv1985c-PE22,Rv1985c,PE22,?,Weak
Rv1985c-tgs1,Rv1985c,tgs1,?,Weak
Rv1985c-Rv2387,Rv1985c,Rv2387,?,Weak
Rv1985c-Rv0082,Rv1985c,Rv0082,?,Weak
Rv1985c-PE_PGRS38,Rv1985c,PE_PGRS38,?,Weak
Rv1985c-Rv2137c,Rv1985c,Rv2137c,?,Weak
Rv1985c-whiB1,Rv1985c,whiB1,?,Weak
Rv1985c-Rv1985c,Rv1985c,Rv1985c,+,Weak
Rv1985c-Rv0324,Rv1985c,Rv0324,?,Weak
Rv1985c-Rv3076,Rv1985c,Rv3076,?,Weak
Rv1985c-pks15,Rv1985c,pks15,?,Weak
Rv1985c-PPE52,Rv1985c,PPE52,?,Weak
Rv1985c-lat,Rv1985c,lat,?,Weak
Rv1985c-Rv3134c,Rv1985c,Rv3134c,?,Weak
Rv1985c-ppe57,Rv1985c,ppe57,?,Weak
Rv1985c-Rv3174,Rv1985c,Rv3174,?,Weak
Rv1985c-cas2,Rv1985c,cas2,?,Weak
Rv1985c-Rv2864c,Rv1985c,Rv2864c,?,Weak
Rv1985c-Rv1738,Rv1985c,Rv1738,?,Weak
Rv1985c-Rv1829,Rv1985c,Rv1829,?,Weak
Rv1985c-rpmB2,Rv1985c,rpmB2,?,Weak
Rv1985c-Rv0320,Rv1985c,Rv0320,?,Weak
Rv1985c-pks11,Rv1985c,pks11,?,Weak
Rv1985c-alkB,Rv1985c,alkB,?,Weak
Rv1985c-PE17,Rv1985c,PE17,?,Weak
Rv1985c-Rv2005c,Rv1985c,Rv2005c,?,Weak
Rv2827c-Rv2827c,Rv2827c,Rv2827c,+,Weak
Rv2827c-Rv1489A,Rv2827c,Rv1489A,?,Weak
Rv2827c-phoP,Rv2827c,phoP,-,Weak
Rv2827c-rmlB,Rv2827c,rmlB,?,Weak
Rv3405c-espA,Rv3405c,espA,?,Weak
Rv3405c-rpoB,Rv3405c,rpoB,?,Weak
Rv3405c-pks6,Rv3405c,pks6,?,Weak
Rv3405c-Rv3406,Rv3405c,Rv3406,?,Weak
Rv3405c-Rv3405c,Rv3405c,Rv3405c,+,Weak
Rv3405c-Rv1116,Rv3405c,Rv1116,?,Weak
Rv1019-kstR,Rv1019,kstR,?,Weak
Rv1019-desA3,Rv1019,desA3,?,Weak
Rv1019-Rv3230c,Rv1019,Rv3230c,?,Weak
Rv1019-fadE34,Rv1019,fadE34,?,Weak
Rv0275c-Rv0520,Rv0275c,Rv0520,-,Weak
Rv0275c-PE_PGRS38,Rv0275c,PE_PGRS38,?,Weak
Rv0275c-Rv0276,Rv0275c,Rv0276,-,Weak
Rv0275c-Rv0825c,Rv0275c,Rv0825c,?,Weak
Rv0275c-Rv0826,Rv0275c,Rv0826,?,Weak
Rv0275c-Rv0275c,Rv0275c,Rv0275c,+,Weak
zur-Rv2990c,zur,Rv2990c,-,Weak
zur-rpmB2,zur,rpmB2,?,Weak
zur-Rv0106,zur,Rv0106,?,Weak
zur-eccA3,zur,eccA3,?,Weak
zur-Rv2991,zur,Rv2991,?,Weak
zur-Rv1117,zur,Rv1117,?,Weak
zur-ppe3,zur,ppe3,-,Weak
zur-PE15,zur,PE15,-,Weak
zur-Rv2059,zur,Rv2059,-,Weak
Rv0339c-Rv0340,Rv0339c,Rv0340,?,Weak
Rv0339c-rpsD,Rv0339c,rpsD,?,Weak
Rv0339c-PE_PGRS61,Rv0339c,PE_PGRS61,?,Weak
Rv0339c-Rv0339c,Rv0339c,Rv0339c,+,Weak
Rv0339c-Rv3693,Rv0339c,Rv3693,?,Weak
Rv0339c-Rv3706c,Rv0339c,Rv3706c,?,Weak
Rv0339c-Rv3647c,Rv0339c,Rv3647c,?,Weak
Rv0339c-panB,Rv0339c,panB,-,Weak
Rv0339c-Rv0094c,Rv0339c,Rv0094c,?,Weak
Rv0339c-PPE56,Rv0339c,PPE56,?,Weak
Rv0339c-iniB,Rv0339c,iniB,+,Weak
sigC-sigA,sigC,sigA,+,Strong
sigC-wag31,sigC,wag31,?,Weak
sigC-Rv2307B,sigC,Rv2307B,?,Weak
sigC-Rv3888c,sigC,Rv3888c,?,Weak
sigC-yrbE1A,sigC,yrbE1A,?,Weak
sigC-sigM,sigC,sigM,+,Strong
sigC-whiB1,sigC,whiB1,?,Weak
sigC-PE22,sigC,PE22,?,Weak
sigC-ctpB,sigC,ctpB,+,Weak
sigC-bioF2,sigC,bioF2,?,Weak
sigC-Rv0097,sigC,Rv0097,+,Weak
sigC-Rv1503c,sigC,Rv1503c,?,Weak
sigC-ppe1,sigC,ppe1,+,Weak
sigC-moaR1,sigC,moaR1,?,Weak
Rv2250c-scoB,Rv2250c,scoB,?,Weak
Rv2250c-scoA,Rv2250c,scoA,+,Weak
Rv2250c-Rv1046c,Rv2250c,Rv1046c,?,Weak
Rv2250c-idsB,Rv2250c,idsB,?,Weak
Rv2250c-Rv3631,Rv2250c,Rv3631,-,Weak
Rv2250c-Rv0138,Rv2250c,Rv0138,-,Weak
Rv2250c-aspS,Rv2250c,aspS,?,Weak
Rv2250c-PPE7,Rv2250c,PPE7,?,Weak
Rv2250c-Rv3269,Rv2250c,Rv3269,?,Weak
Rv2250c-dacB1,Rv2250c,dacB1,-,Weak
Rv2250c-blaI,Rv2250c,blaI,?,Weak
Rv2250c-Rv1714,Rv2250c,Rv1714,?,Weak
Rv2250c-Rv2658c,Rv2250c,Rv2658c,?,Weak
Rv2250c-Rv1718,Rv2250c,Rv1718,?,Weak
Rv2250c-pcp,Rv2250c,pcp,-,Weak
Rv2250c-eccC5,Rv2250c,eccC5,?,Weak
Rv2250c-ctpA,Rv2250c,ctpA,?,Weak
Rv2250c-clpB,Rv2250c,clpB,?,Weak
Rv2250c-Rv2114,Rv2250c,Rv2114,?,Weak
Rv2250c-Rv0477,Rv2250c,Rv0477,?,Weak
Rv2250c-Rv0049,Rv2250c,Rv0049,?,Weak
Rv2250c-mftE,Rv2250c,mftE,?,Weak
Rv2250c-leuA,Rv2250c,leuA,-,Weak
Rv2250c-Rv0519c,Rv2250c,Rv0519c,?,Weak
Rv2250c-Rv0842,Rv2250c,Rv0842,?,Weak
Rv2250c-pimE,Rv2250c,pimE,?,Weak
Rv2250c-Rv0688,Rv2250c,Rv0688,?,Weak
Rv2250c-ftsE,Rv2250c,ftsE,?,Weak
Rv2250c-Rv3660c,Rv2250c,Rv3660c,?,Weak
Rv2250c-Rv0538,Rv2250c,Rv0538,?,Weak
Rv2250c-Rv3916c,Rv2250c,Rv3916c,?,Weak
Rv2250c-ftsK,Rv2250c,ftsK,?,Weak
Rv2250c-Rv0687,Rv2250c,Rv0687,?,Weak
Rv2250c-Rv0196,Rv2250c,Rv0196,-,Weak
Rv2250c-rpfD,Rv2250c,rpfD,?,Weak
Rv2250c-kshA,Rv2250c,kshA,?,Weak
Rv2250c-glyQS,Rv2250c,glyQS,?,Weak
Rv2250c-ppe24,Rv2250c,ppe24,?,Weak
Rv2250c-fadE8,Rv2250c,fadE8,?,Weak
Rv2250c-rplO,Rv2250c,rplO,?,Weak
Rv2250c-lppW,Rv2250c,lppW,-,Weak
Rv2250c-Rv1879,Rv2250c,Rv1879,?,Weak
Rv2250c-ligD,Rv2250c,ligD,?,Weak
Rv2250c-Rv0520,Rv2250c,Rv0520,?,Weak
Rv2250c-Rv3142c,Rv2250c,Rv3142c,?,Weak
Rv2250c-icl,Rv2250c,icl,?,Weak
Rv2250c-Rv3120,Rv2250c,Rv3120,?,Weak
Rv2250c-Rv0877,Rv2250c,Rv0877,-,Weak
Rv2250c-vapC11,Rv2250c,vapC11,-,Weak
Rv2250c-Rv0205,Rv2250c,Rv0205,-,Weak
Rv2250c-Rv2390c,Rv2250c,Rv2390c,-,Weak
Rv2250c-Rv3851,Rv2250c,Rv3851,?,Weak
Rv2250c-metK,Rv2250c,metK,?,Weak
Rv2250c-Rv2749,Rv2250c,Rv2749,-,Weak
Rv2250c-Rv0250c,Rv2250c,Rv0250c,?,Weak
Rv2250c-relE,Rv2250c,relE,?,Weak
Rv2250c-choD,Rv2250c,choD,?,Weak
Rv2250c-rpoB,Rv2250c,rpoB,?,Weak
Rv2250c-Rv1868,Rv2250c,Rv1868,-,Weak
Rv2250c-tuf,Rv2250c,tuf,?,Weak
Rv2250c-ctaC,Rv2250c,ctaC,?,Weak
Rv2250c-yrbE1A,Rv2250c,yrbE1A,?,Weak
Rv2250c-ispH2,Rv2250c,ispH2,?,Weak
Rv2250c-Rv3922c,Rv2250c,Rv3922c,?,Weak
Rv2250c-recA,Rv2250c,recA,-,Weak
Rv2250c-Rv0513,Rv2250c,Rv0513,?,Weak
Rv2250c-accD3,Rv2250c,accD3,?,Weak
Rv2250c-Rv0210,Rv2250c,Rv0210,?,Weak
Rv2250c-Rv1747,Rv2250c,Rv1747,-,Weak
Rv2250c-ftsX,Rv2250c,ftsX,?,Weak
Rv2250c-Rv2536,Rv2250c,Rv2536,?,Weak
Rv2250c-Rv0452,Rv2250c,Rv0452,?,Weak
Rv2250c-Rv2640c,Rv2250c,Rv2640c,?,Weak
Rv2250c-lprO,Rv2250c,lprO,?,Weak
Rv2250c-lprL,Rv2250c,lprL,?,Weak
Rv2250c-rpsD,Rv2250c,rpsD,?,Weak
Rv2250c-Rv1990A,Rv2250c,Rv1990A,?,Weak
Rv2250c-Rv2028c,Rv2250c,Rv2028c,?,Weak
Rv2250c-Rv1624c,Rv2250c,Rv1624c,?,Weak
Rv2250c-Rv3143,Rv2250c,Rv3143,?,Weak
Rv2250c-Rv2737A,Rv2250c,Rv2737A,?,Weak
Rv2250c-Rv2347c,Rv2250c,Rv2347c,?,Weak
Rv2250c-Rv1754c,Rv2250c,Rv1754c,?,Weak
Rv2250c-Rv0367c,Rv2250c,Rv0367c,-,Weak
Rv2250c-Rv3023c,Rv2250c,Rv3023c,+,Weak
Rv2250c-vapC39,Rv2250c,vapC39,?,Weak
Rv2250c-Rv0913c,Rv2250c,Rv0913c,?,Weak
Rv2250c-sppA,Rv2250c,sppA,?,Weak
Rv2250c-vapB37,Rv2250c,vapB37,?,Weak
Rv2250c-Rv0501,Rv2250c,Rv0501,?,Weak
Rv2250c-mku,Rv2250c,mku,?,Weak
Rv2250c-Rv0063,Rv2250c,Rv0063,?,Weak
Rv2250c-cadI,Rv2250c,cadI,?,Weak
Rv2250c-phoP,Rv2250c,phoP,-,Weak
Rv2250c-fbpA,Rv2250c,fbpA,?,Weak
Rv2250c-Rv3661,Rv2250c,Rv3661,?,Weak
Rv2250c-Rv0731c,Rv2250c,Rv0731c,?,Weak
Rv2250c-msrA,Rv2250c,msrA,-,Weak
Rv2250c-Rv3263,Rv2250c,Rv3263,?,Weak
Rv2250c-Rv3267,Rv2250c,Rv3267,-,Weak
Rv2250c-Rv2250c,Rv2250c,Rv2250c,+,Weak
Rv2250c-mmpS4,Rv2250c,mmpS4,?,Weak
Rv2250c-dnaQ,Rv2250c,dnaQ,-,Weak
Rv2250c-aac,Rv2250c,aac,-,Weak
Rv2250c-ethA,Rv2250c,ethA,-,Weak
Rv2250c-PE36,Rv2250c,PE36,-,Weak
Rv2250c-Rv2250A,Rv2250c,Rv2250A,-,Weak
Rv2250c-Rv2657c,Rv2250c,Rv2657c,?,Weak
Rv2250c-ethR,Rv2250c,ethR,?,Weak
Rv2250c-PE_PGRS44,Rv2250c,PE_PGRS44,?,Weak
Rv2250c-higA3,Rv2250c,higA3,?,Weak
Rv2250c-Rv0257,Rv2250c,Rv0257,?,Weak
Rv2250c-prcA,Rv2250c,prcA,?,Weak
Rv2250c-Rv0537c,Rv2250c,Rv0537c,-,Weak
Rv2250c-fabD,Rv2250c,fabD,?,Weak
Rv2250c-fabG,Rv2250c,fabG,?,Weak
Rv2250c-pepQ,Rv2250c,pepQ,-,Weak
Rv2250c-sir,Rv2250c,sir,?,Weak
Rv2250c-Rv1546,Rv2250c,Rv1546,?,Weak
Rv2250c-hpx,Rv2250c,hpx,?,Weak
Rv2250c-lpqE,Rv2250c,lpqE,?,Weak
Rv2250c-nirB,Rv2250c,nirB,-,Weak
Rv2250c-vapB11,Rv2250c,vapB11,?,Weak
Rv2250c-Rv1073,Rv2250c,Rv1073,?,Weak
Rv2250c-adhC,Rv2250c,adhC,?,Weak
Rv2250c-Rv2666,Rv2250c,Rv2666,+,Weak
Rv2250c-PE20,Rv2250c,PE20,?,Weak
Rv2250c-Rv0318c,Rv2250c,Rv0318c,-,Weak
Rv2250c-Rv3762c,Rv2250c,Rv3762c,?,Weak
Rv2250c-Rv2286c,Rv2250c,Rv2286c,?,Weak
Rv2250c-smtB,Rv2250c,smtB,?,Weak
Rv2250c-Rv0756c,Rv2250c,Rv0756c,?,Weak
Rv2250c-mmpL13a,Rv2250c,mmpL13a,-,Weak
Rv2250c-whiB4,Rv2250c,whiB4,?,Weak
Rv2250c-Rv0221,Rv2250c,Rv0221,?,Weak
Rv2250c-whiB1,Rv2250c,whiB1,?,Weak
Rv2250c-Rv2287,Rv2250c,Rv2287,?,Weak
Rv2250c-Rv2923c,Rv2250c,Rv2923c,?,Weak
Rv2250c-lysX,Rv2250c,lysX,?,Weak
Rv2250c-Rv1950c,Rv2250c,Rv1950c,?,Weak
Rv2250c-secY,Rv2250c,secY,?,Weak
Rv2250c-mak,Rv2250c,mak,?,Weak
Rv2250c-Rv1556,Rv2250c,Rv1556,?,Weak
Rv2250c-Rv1158c,Rv2250c,Rv1158c,?,Weak
Rv2250c-Rv3680,Rv2250c,Rv3680,?,Weak
Rv2250c-nanT,Rv2250c,nanT,?,Weak
Rv2250c-arsB2,Rv2250c,arsB2,?,Weak
Rv2250c-fadA2,Rv2250c,fadA2,?,Weak
Rv2250c-nrdI,Rv2250c,nrdI,?,Weak
Rv2250c-lpqW,Rv2250c,lpqW,?,Weak
Rv2250c-Rv2140c,Rv2250c,Rv2140c,?,Weak
sigJ-sigI,sigJ,sigI,+,Strong
sigJ-sigJ,sigJ,sigJ,+,Strong
sigJ-sigD,sigJ,sigD,+,Strong
Rv1719-rsmA,Rv1719,rsmA,?,Weak
Rv1719-eccD3,Rv1719,eccD3,?,Weak
Rv1719-dagK,Rv1719,dagK,?,Weak
Rv1719-relJ,Rv1719,relJ,?,Weak
Rv1719-Rv3289c,Rv1719,Rv3289c,?,Weak
Rv1719-Rv3067,Rv1719,Rv3067,-,Weak
Rv1719-Rv3066,Rv1719,Rv3066,?,Weak
Rv1719-lprK,Rv1719,lprK,?,Weak
Rv1719-Rv1816,Rv1719,Rv1816,?,Weak
Rv1719-Rv2542,Rv1719,Rv2542,?,Weak
Rv1719-Rv1714,Rv1719,Rv1714,?,Weak
Rv1719-Rv2966c,Rv1719,Rv2966c,?,Weak
Rv1719-lpdA,Rv1719,lpdA,-,Weak
Rv1719-vapB17,Rv1719,vapB17,?,Weak
Rv1719-folD,Rv1719,folD,?,Weak
Rv1719-mce1F,Rv1719,mce1F,?,Weak
Rv1719-fadE27,Rv1719,fadE27,?,Weak
Rv1719-Rv2989,Rv1719,Rv2989,?,Weak
Rv1719-leuC,Rv1719,leuC,?,Weak
Rv1719-Rv2205c,Rv1719,Rv2205c,?,Weak
Rv1719-lysA,Rv1719,lysA,?,Weak
Rv1719-mobA,Rv1719,mobA,?,Weak
Rv1719-infC,Rv1719,infC,?,Weak
Rv1719-Rv2489c,Rv1719,Rv2489c,?,Weak
Rv1719-lysX,Rv1719,lysX,?,Weak
Rv1719-cyp137,Rv1719,cyp137,?,Weak
Rv1719-Rv3387,Rv1719,Rv3387,?,Weak
Rv1719-Rv3725,Rv1719,Rv3725,-,Weak
Rv1719-zmp1,Rv1719,zmp1,?,Weak
Rv1719-hycD,Rv1719,hycD,?,Weak
Rv1719-fadD17,Rv1719,fadD17,?,Weak
Rv1719-vapB27,Rv1719,vapB27,?,Weak
Rv1719-Rv2570,Rv1719,Rv2570,?,Weak
Rv1719-Rv0687,Rv1719,Rv0687,?,Weak
Rv1719-nadB,Rv1719,nadB,?,Weak
Rv1719-ppe3,Rv1719,ppe3,?,Weak
Rv1719-def,Rv1719,def,-,Weak
crp-whiB4,crp,whiB4,?,Weak
crp-Rv0104,crp,Rv0104,?,Weak
crp-Rv0010c,crp,Rv0010c,?,Weak
crp-Rv2700,crp,Rv2700,?,Weak
crp-PE22,crp,PE22,?,Weak
crp-sucC,crp,sucC,?,Weak
crp-mmpS4,crp,mmpS4,?,Weak
crp-Rv0452,crp,Rv0452,?,Weak
Rv0195-Rv3863,Rv0195,Rv3863,?,Weak
Rv0195-Rv1352,Rv0195,Rv1352,?,Weak
Rv0195-Rv2700,Rv0195,Rv2700,+,Weak
Rv0195-Rv0191,Rv0195,Rv0191,-,Weak
Rv0195-Rv0194,Rv0195,Rv0194,+,Weak
Rv0195-Rv0076c,Rv0195,Rv0076c,+,Weak
mmpR5-Rv2525c,mmpR5,Rv2525c,?,Weak
mmpR5-ald,mmpR5,ald,?,Weak
mmpR5-Rv0042c,mmpR5,Rv0042c,?,Weak
mmpR5-Rv0653c,mmpR5,Rv0653c,?,Weak
mmpR5-Rv3346c,mmpR5,Rv3346c,?,Weak
mmpR5-Rv1268c,mmpR5,Rv1268c,?,Weak
mmpR5-Rv1362c,mmpR5,Rv1362c,?,Weak
mmpR5-Rv0268c,mmpR5,Rv0268c,?,Weak
mmpR5-dnaJ2,mmpR5,dnaJ2,?,Weak
mmpR5-ppe32,mmpR5,ppe32,?,Weak
mmpR5-ppe38,mmpR5,ppe38,?,Weak
mmpR5-Rv0128,mmpR5,Rv0128,?,Weak
mmpR5-Rv1148c,mmpR5,Rv1148c,?,Weak
mmpR5-Rv2956,mmpR5,Rv2956,?,Weak
mmpR5-Rv2957,mmpR5,Rv2957,?,Weak
mmpR5-Rv1883c,mmpR5,Rv1883c,?,Weak
mmpR5-Rv3196,mmpR5,Rv3196,?,Weak
mmpR5-hbhA,mmpR5,hbhA,?,Weak
mmpR5-Rv2354,mmpR5,Rv2354,?,Weak
mmpR5-Rv2269c,mmpR5,Rv2269c,?,Weak
mmpR5-Rv0338c,mmpR5,Rv0338c,?,Weak
mmpR5-Rv3760,mmpR5,Rv3760,?,Weak
mmpR5-Rv1986,mmpR5,Rv1986,?,Weak
mmpR5-Rv1987,mmpR5,Rv1987,?,Weak
mmpR5-Rv3714c,mmpR5,Rv3714c,?,Weak
mmpR5-fdxD,mmpR5,fdxD,?,Weak
mmpR5-pks3,mmpR5,pks3,?,Weak
mmpR5-trmB,mmpR5,trmB,?,Weak
mmpR5-Rv2729c,mmpR5,Rv2729c,?,Weak
mmpR5-Rv2787,mmpR5,Rv2787,?,Weak
mmpR5-Rv2645,mmpR5,Rv2645,?,Weak
mmpR5-Rv0825c,mmpR5,Rv0825c,?,Weak
mmpR5-fadD32,mmpR5,fadD32,?,Weak
mmpR5-Rv0517,mmpR5,Rv0517,?,Weak
mmpR5-Rv3046c,mmpR5,Rv3046c,?,Weak
mmpR5-Rv2006,mmpR5,Rv2006,?,Weak
mmpR5-mce2C,mmpR5,mce2C,?,Weak
mmpR5-rpsG,mmpR5,rpsG,?,Weak
mmpR5-rpsC,mmpR5,rpsC,?,Weak
mmpR5-Rv3143,mmpR5,Rv3143,?,Weak
mmpR5-vapC34,mmpR5,vapC34,?,Weak
mmpR5-Rv1588c,mmpR5,Rv1588c,?,Weak
mmpR5-Rv1895,mmpR5,Rv1895,+,Weak
mmpR5-Rv3675,mmpR5,Rv3675,?,Weak
mmpR5-vapC38,mmpR5,vapC38,?,Weak
mmpR5-Rv0345,mmpR5,Rv0345,?,Weak
mmpR5-Rv0347,mmpR5,Rv0347,?,Weak
mmpR5-vapB39,mmpR5,vapB39,?,Weak
mmpR5-Rv0349,mmpR5,Rv0349,?,Weak
mmpR5-Rv0348,mmpR5,Rv0348,?,Weak
mmpR5-Rv0950c,mmpR5,Rv0950c,?,Weak
mmpR5-vapB31,mmpR5,vapB31,?,Weak
mmpR5-Rv2802c,mmpR5,Rv2802c,?,Weak
mmpR5-mscL,mmpR5,mscL,?,Weak
mmpR5-Rv1374c,mmpR5,Rv1374c,?,Weak
mmpR5-Rv2307B,mmpR5,Rv2307B,?,Weak
mmpR5-phoP,mmpR5,phoP,?,Weak
mmpR5-rpsR2,mmpR5,rpsR2,?,Weak
mmpR5-Rv0245,mmpR5,Rv0245,?,Weak
mmpR5-Rv0161,mmpR5,Rv0161,+,Weak
mmpR5-lpqJ,mmpR5,lpqJ,?,Weak
mmpR5-Rv0726c,mmpR5,Rv0726c,?,Weak
mmpR5-Rv2517c,mmpR5,Rv2517c,?,Weak
mmpR5-ndhA,mmpR5,ndhA,+,Weak
mmpR5-Rv3254,mmpR5,Rv3254,?,Weak
mmpR5-era,mmpR5,era,?,Weak
mmpR5-Rv3096,mmpR5,Rv3096,?,Weak
mmpR5-Rv2798c,mmpR5,Rv2798c,?,Weak
mmpR5-purT,mmpR5,purT,-,Weak
mmpR5-papA5,mmpR5,papA5,?,Weak
mmpR5-ppe66,mmpR5,ppe66,?,Weak
mmpR5-purE,mmpR5,purE,?,Weak
mmpR5-sseB,mmpR5,sseB,?,Weak
mmpR5-purK,mmpR5,purK,?,Weak
mmpR5-tam,mmpR5,tam,?,Weak
mmpR5-purN,mmpR5,purN,?,Weak
mmpR5-Rv2331A,mmpR5,Rv2331A,?,Weak
mmpR5-Rv2779c,mmpR5,Rv2779c,?,Weak
mmpR5-Rv1945,mmpR5,Rv1945,+,Weak
mmpR5-ppe63,mmpR5,ppe63,?,Weak
mmpR5-Rv2387,mmpR5,Rv2387,?,Weak
mmpR5-parD2,mmpR5,parD2,?,Weak
mmpR5-secE,mmpR5,secE,?,Weak
mmpR5-cpdA,mmpR5,cpdA,?,Weak
mmpR5-whiB4,mmpR5,whiB4,?,Weak
mmpR5-whiB1,mmpR5,whiB1,?,Weak
mmpR5-Rv1985c,mmpR5,Rv1985c,?,Weak
mmpR5-Rv0094c,mmpR5,Rv0094c,?,Weak
mmpR5-ahcY,mmpR5,ahcY,?,Weak
mmpR5-cmaA2,mmpR5,cmaA2,?,Weak
mmpR5-clpP2,mmpR5,clpP2,?,Weak
mmpR5-Rv1669,mmpR5,Rv1669,?,Weak
mmpR5-Rv1084,mmpR5,Rv1084,?,Weak
mmpR5-Rv0839,mmpR5,Rv0839,?,Weak
mmpR5-PE23,mmpR5,PE23,?,Weak
mmpR5-atsB,mmpR5,atsB,?,Weak
mmpR5-gmhA,mmpR5,gmhA,?,Weak
mmpR5-Rv2666,mmpR5,Rv2666,?,Weak
mmpR5-lsr2,mmpR5,lsr2,?,Weak
mmpR5-panD,mmpR5,panD,?,Weak
mmpR5-Rv1339,mmpR5,Rv1339,?,Weak
mmpR5-Rv1332,mmpR5,Rv1332,?,Weak
mmpR5-mbtA,mmpR5,mbtA,?,Weak
mmpR5-cut1,mmpR5,cut1,?,Weak
mmpR5-mbtB,mmpR5,mbtB,?,Weak
mmpR5-pknB,mmpR5,pknB,?,Weak
mmpR5-Rv1534,mmpR5,Rv1534,?,Weak
mmpR5-Rv0448c,mmpR5,Rv0448c,?,Weak
mmpR5-Rv2705c,mmpR5,Rv2705c,?,Weak
mmpR5-ppe24,mmpR5,ppe24,?,Weak
mmpR5-Rv1739c,mmpR5,Rv1739c,?,Weak
mmpR5-Rv0412c,mmpR5,Rv0412c,?,Weak
mmpR5-rplS,mmpR5,rplS,?,Weak
mmpR5-Rv0057,mmpR5,Rv0057,?,Weak
mmpR5-rplN,mmpR5,rplN,?,Weak
mmpR5-rplO,mmpR5,rplO,?,Weak
mmpR5-Rv3335c,mmpR5,Rv3335c,?,Weak
mmpR5-Rv0813c,mmpR5,Rv0813c,?,Weak
mmpR5-PE_PGRS7,mmpR5,PE_PGRS7,?,Weak
mmpR5-Rv3527,mmpR5,Rv3527,?,Weak
mmpR5-nrdE,mmpR5,nrdE,?,Weak
mmpR5-Rv3798,mmpR5,Rv3798,?,Weak
mmpR5-Rv1474c,mmpR5,Rv1474c,?,Weak
mmpR5-Rv2706c,mmpR5,Rv2706c,?,Weak
mmpR5-Rv0044c,mmpR5,Rv0044c,+,Weak
mmpR5-Rv0043c,mmpR5,Rv0043c,?,Weak
mmpR5-mmr,mmpR5,mmr,?,Weak
mmpR5-nth,mmpR5,nth,?,Weak
mmpR5-etfA,mmpR5,etfA,?,Weak
mmpR5-Rv1006,mmpR5,Rv1006,?,Weak
mmpR5-mycP1,mmpR5,mycP1,?,Weak
mmpR5-Rv2081c,mmpR5,Rv2081c,?,Weak
mmpR5-Rv2082,mmpR5,Rv2082,?,Weak
mmpR5-Rv2827c,mmpR5,Rv2827c,?,Weak
mmpR5-Rv2676c,mmpR5,Rv2676c,?,Weak
mmpR5-argG,mmpR5,argG,?,Weak
mmpR5-Rv1773c,mmpR5,Rv1773c,?,Weak
mmpR5-pks16,mmpR5,pks16,?,Weak
mmpR5-lprF,mmpR5,lprF,?,Weak
mmpR5-fadD25,mmpR5,fadD25,?,Weak
mmpR5-Rv1944c,mmpR5,Rv1944c,?,Weak
mmpR5-Rv0505c,mmpR5,Rv0505c,?,Weak
mmpR5-Rv1052,mmpR5,Rv1052,?,Weak
mmpR5-Rv3160c,mmpR5,Rv3160c,?,Weak
mmpR5-Rv2405,mmpR5,Rv2405,?,Weak
mmpR5-Rv3661,mmpR5,Rv3661,?,Weak
mmpR5-fbpC,mmpR5,fbpC,?,Weak
mmpR5-accA3,mmpR5,accA3,?,Weak
mmpR5-Rv0485,mmpR5,Rv0485,-,Weak
mmpR5-serA,mmpR5,serA,?,Weak
mmpR5-Rv0476,mmpR5,Rv0476,?,Weak
mmpR5-PPE39,mmpR5,PPE39,?,Weak
mmpR5-vapB27,mmpR5,vapB27,?,Weak
mmpR5-dnaB,mmpR5,dnaB,?,Weak
mmpR5-Rv0579,mmpR5,Rv0579,?,Weak
mmpR5-Rv1573,mmpR5,Rv1573,?,Weak
mmpR5-Rv1686c,mmpR5,Rv1686c,?,Weak
mmpR5-dnaN,mmpR5,dnaN,?,Weak
mmpR5-efpA,mmpR5,efpA,?,Weak
mmpR5-Rv1579c,mmpR5,Rv1579c,?,Weak
mmpR5-Rv1804c,mmpR5,Rv1804c,?,Weak
mmpR5-guaB3,mmpR5,guaB3,?,Weak
mmpR5-Rv0654,mmpR5,Rv0654,?,Weak
mmpR5-Rv3253c,mmpR5,Rv3253c,?,Weak
mmpR5-Rv3300c,mmpR5,Rv3300c,?,Weak
mmpR5-tgs2,mmpR5,tgs2,?,Weak
mmpR5-Rv1375,mmpR5,Rv1375,?,Weak
mmpR5-Rv0892,mmpR5,Rv0892,?,Weak
mmpR5-Rv2661c,mmpR5,Rv2661c,?,Weak
mmpR5-PE_PGRS52,mmpR5,PE_PGRS52,?,Weak
mmpR5-qcrB,mmpR5,qcrB,?,Weak
mmpR5-moeA1,mmpR5,moeA1,?,Weak
mmpR5-Rv1572c,mmpR5,Rv1572c,?,Weak
mmpR5-wag31,mmpR5,wag31,?,Weak
mmpR5-Rv2272,mmpR5,Rv2272,?,Weak
mmpR5-Rv2271,mmpR5,Rv2271,?,Weak
mmpR5-Rv0891c,mmpR5,Rv0891c,?,Weak
mmpR5-Rv1929c,mmpR5,Rv1929c,?,Weak
mmpR5-Rv0622,mmpR5,Rv0622,?,Weak
mmpR5-phoU2,mmpR5,phoU2,?,Weak
mmpR5-Rv1367c,mmpR5,Rv1367c,?,Weak
mmpR5-prpD,mmpR5,prpD,?,Weak
mmpR5-cyp140,mmpR5,cyp140,?,Weak
mmpR5-hsaA,mmpR5,hsaA,-,Weak
mmpR5-PPE9,mmpR5,PPE9,-,Weak
mmpR5-prpR,mmpR5,prpR,?,Weak
mmpR5-Rv1507A,mmpR5,Rv1507A,?,Weak
mmpR5-PPE7,mmpR5,PPE7,?,Weak
mmpR5-Rv2884,mmpR5,Rv2884,?,Weak
mmpR5-pntAa,mmpR5,pntAa,?,Weak
mmpR5-pntAb,mmpR5,pntAb,?,Weak
mmpR5-Rv2059,mmpR5,Rv2059,?,Weak
mmpR5-Rv0293c,mmpR5,Rv0293c,?,Weak
mmpR5-Rv0150c,mmpR5,Rv0150c,?,Weak
mmpR5-clpB,mmpR5,clpB,?,Weak
mmpR5-Rv2117,mmpR5,Rv2117,?,Weak
mmpR5-nrdF1,mmpR5,nrdF1,?,Weak
mmpR5-Rv3354,mmpR5,Rv3354,?,Weak
mmpR5-Rv1509,mmpR5,Rv1509,?,Weak
mmpR5-Rv0849,mmpR5,Rv0849,+,Weak
mmpR5-cyp139,mmpR5,cyp139,?,Weak
mmpR5-crp,mmpR5,crp,?,Weak
mmpR5-Rv3660c,mmpR5,Rv3660c,?,Weak
mmpR5-Rv1975,mmpR5,Rv1975,?,Weak
mmpR5-Rv2172c,mmpR5,Rv2172c,?,Weak
mmpR5-rpfB,mmpR5,rpfB,?,Weak
mmpR5-rpfC,mmpR5,rpfC,?,Weak
mmpR5-Rv2491,mmpR5,Rv2491,?,Weak
mmpR5-Rv3717,mmpR5,Rv3717,?,Weak
mmpR5-Rv2997,mmpR5,Rv2997,?,Weak
mmpR5-Rv1875,mmpR5,Rv1875,?,Weak
mmpR5-Rv0963c,mmpR5,Rv0963c,+,Weak
mmpR5-espI,mmpR5,espI,?,Weak
mmpR5-Rv3142c,mmpR5,Rv3142c,?,Weak
mmpR5-Rv0320,mmpR5,Rv0320,?,Weak
mmpR5-fadE23,mmpR5,fadE23,?,Weak
mmpR5-fadE26,mmpR5,fadE26,?,Weak
mmpR5-fadE25,mmpR5,fadE25,?,Weak
mmpR5-ppe15,mmpR5,ppe15,?,Weak
mmpR5-idsA2,mmpR5,idsA2,?,Weak
mmpR5-tuf,mmpR5,tuf,?,Weak
mmpR5-Rv2331,mmpR5,Rv2331,?,Weak
mmpR5-Rv2336,mmpR5,Rv2336,?,Weak
mmpR5-yrbE1A,mmpR5,yrbE1A,?,Weak
mmpR5-Rv0741,mmpR5,Rv0741,?,Weak
mmpR5-Rv0219,mmpR5,Rv0219,?,Weak
mmpR5-glcB,mmpR5,glcB,?,Weak
mmpR5-Rv3353c,mmpR5,Rv3353c,?,Weak
mmpR5-Rv3273,mmpR5,Rv3273,?,Weak
mmpR5-mmpR5,mmpR5,mmpR5,+,Weak
mmpR5-rph,mmpR5,rph,?,Weak
mmpR5-Rv3023c,mmpR5,Rv3023c,?,Weak
mmpR5-trcR,mmpR5,trcR,-,Weak
mmpR5-Rv0064,mmpR5,Rv0064,?,Weak
mmpR5-Rv3716c,mmpR5,Rv3716c,?,Weak
mmpR5-bioF2,mmpR5,bioF2,?,Weak
mmpR5-Rv1503c,mmpR5,Rv1503c,?,Weak
mmpR5-Rv2293c,mmpR5,Rv2293c,?,Weak
mmpR5-fadB2,mmpR5,fadB2,?,Weak
mmpR5-hmp,mmpR5,hmp,+,Weak
mmpR5-rubB,mmpR5,rubB,?,Weak
mmpR5-Rv3706c,mmpR5,Rv3706c,-,Weak
mmpR5-PE3,mmpR5,PE3,?,Weak
mmpR5-Rv2799,mmpR5,Rv2799,?,Weak
mmpR5-secE2,mmpR5,secE2,?,Weak
mmpR5-Rv1760,mmpR5,Rv1760,+,Weak
mmpR5-lepA,mmpR5,lepA,?,Weak
mmpR5-Rv0492c,mmpR5,Rv0492c,?,Weak
mmpR5-pepD,mmpR5,pepD,?,Weak
mmpR5-glgX,mmpR5,glgX,?,Weak
mmpR5-Rv0516c,mmpR5,Rv0516c,?,Weak
mmpR5-gpmA,mmpR5,gpmA,?,Weak
mmpR5-Rv2664,mmpR5,Rv2664,?,Weak
mmpR5-Rv2665,mmpR5,Rv2665,?,Weak
mmpR5-Rv2699c,mmpR5,Rv2699c,?,Weak
mmpR5-PE27,mmpR5,PE27,?,Weak
mmpR5-Rv2663,mmpR5,Rv2663,?,Weak
mmpR5-Rv1466,mmpR5,Rv1466,?,Weak
mmpR5-Rv0385,mmpR5,Rv0385,?,Weak
mmpR5-umaA,mmpR5,umaA,?,Weak
mmpR5-PE_PGRS35,mmpR5,PE_PGRS35,?,Weak
mmpR5-pks12,mmpR5,pks12,?,Weak
mmpR5-pks15,mmpR5,pks15,?,Weak
mmpR5-Rv3728,mmpR5,Rv3728,?,Weak
mmpR5-Rv0786c,mmpR5,Rv0786c,?,Weak
mmpR5-rpmB2,mmpR5,rpmB2,?,Weak
mmpR5-Rv2972c,mmpR5,Rv2972c,?,Weak
mmpR5-pstA1,mmpR5,pstA1,?,Weak
mmpR5-Rv2005c,mmpR5,Rv2005c,?,Weak
mmpR5-Rv2323c,mmpR5,Rv2323c,?,Weak
mmpR5-Rv0034,mmpR5,Rv0034,?,Weak
mmpR5-Rv0139,mmpR5,Rv0139,?,Weak
mmpR5-Rv2803,mmpR5,Rv2803,?,Weak
mmpR5-sufC,mmpR5,sufC,?,Weak
mmpR5-Rv2560,mmpR5,Rv2560,?,Weak
mmpR5-mpt70,mmpR5,mpt70,?,Weak
mmpR5-mftD,mmpR5,mftD,?,Weak
mmpR5-Rv1219c,mmpR5,Rv1219c,?,Weak
mmpR5-Rv3249c,mmpR5,Rv3249c,?,Weak
mmpR5-Rv1439c,mmpR5,Rv1439c,?,Weak
mmpR5-Rv0247c,mmpR5,Rv0247c,?,Weak
mmpR5-Rv2891,mmpR5,Rv2891,?,Weak
mmpR5-chp2,mmpR5,chp2,?,Weak
mmpR5-mmpL11,mmpR5,mmpL11,?,Weak
mmpR5-secA1,mmpR5,secA1,?,Weak
mmpR5-nuoN,mmpR5,nuoN,?,Weak
mmpR5-Rv0500B,mmpR5,Rv0500B,?,Weak
mmpR5-Rv2730,mmpR5,Rv2730,?,Weak
mmpR5-Rv2638,mmpR5,Rv2638,?,Weak
mmpR5-lppN,mmpR5,lppN,?,Weak
mmpR5-lppP,mmpR5,lppP,?,Weak
mmpR5-lppW,mmpR5,lppW,-,Weak
mmpR5-vapB50,mmpR5,vapB50,?,Weak
mmpR5-cyp128,mmpR5,cyp128,?,Weak
mmpR5-Rv2516c,mmpR5,Rv2516c,?,Weak
mmpR5-Rv0520,mmpR5,Rv0520,?,Weak
mmpR5-Rv1230c,mmpR5,Rv1230c,-,Weak
mmpR5-icl,mmpR5,icl,?,Weak
mmpR5-lipL,mmpR5,lipL,?,Weak
mmpR5-Rv1841c,mmpR5,Rv1841c,?,Weak
mmpR5-Rv3489,mmpR5,Rv3489,?,Weak
mmpR5-Rv1034c,mmpR5,Rv1034c,?,Weak
mmpR5-Rv1352,mmpR5,Rv1352,?,Weak
mmpR5-Rv1861,mmpR5,Rv1861,?,Weak
mmpR5-htpX,mmpR5,htpX,?,Weak
mmpR5-obg,mmpR5,obg,?,Weak
mmpR5-PPE43,mmpR5,PPE43,?,Weak
mmpR5-acn,mmpR5,acn,?,Weak
mmpR5-vapB36,mmpR5,vapB36,?,Weak
mmpR5-Rv1504c,mmpR5,Rv1504c,?,Weak
mmpR5-Rv1455,mmpR5,Rv1455,?,Weak
mmpR5-vapB34,mmpR5,vapB34,?,Weak
mmpR5-Rv0452,mmpR5,Rv0452,?,Weak
mmpR5-Rv0178,mmpR5,Rv0178,?,Weak
mmpR5-eccD1,mmpR5,eccD1,?,Weak
mmpR5-Rv1951c,mmpR5,Rv1951c,?,Weak
mmpR5-pabB,mmpR5,pabB,-,Weak
mmpR5-mutT3,mmpR5,mutT3,?,Weak
mmpR5-Rv0183,mmpR5,Rv0183,-,Weak
mmpR5-fadE5,mmpR5,fadE5,?,Weak
mmpR5-proX,mmpR5,proX,?,Weak
mmpR5-Rv1116,mmpR5,Rv1116,?,Weak
mmpR5-Rv3811,mmpR5,Rv3811,?,Weak
mmpR5-esxB,mmpR5,esxB,?,Weak
mmpR5-esxL,mmpR5,esxL,?,Weak
mmpR5-esxN,mmpR5,esxN,?,Weak
mmpR5-esxR,mmpR5,esxR,?,Weak
mmpR5-pckG,mmpR5,pckG,?,Weak
mmpR5-mmpS4,mmpR5,mmpS4,?,Weak
mmpR5-mmpS5,mmpR5,mmpS5,-,Weak
mmpR5-mmpS2,mmpR5,mmpS2,-,Weak
mmpR5-Rv1978,mmpR5,Rv1978,?,Weak
mmpR5-Rv1128c,mmpR5,Rv1128c,+,Weak
mmpR5-Rv1977,mmpR5,Rv1977,?,Weak
mmpR5-rplL,mmpR5,rplL,?,Weak
mmpR5-mptA,mmpR5,mptA,?,Weak
mmpR5-Rv1786,mmpR5,Rv1786,?,Weak
mmpR5-Rv3216,mmpR5,Rv3216,?,Weak
mmpR5-Rv1774,mmpR5,Rv1774,?,Weak
mmpR5-Rv2707,mmpR5,Rv2707,?,Weak
mmpR5-Rv1670,mmpR5,Rv1670,?,Weak
mmpR5-Rv2256c,mmpR5,Rv2256c,?,Weak
mmpR5-Rv0787,mmpR5,Rv0787,?,Weak
mmpR5-aglA,mmpR5,aglA,?,Weak
mmpR5-Rv0826,mmpR5,Rv0826,?,Weak
mmpR5-hns,mmpR5,hns,?,Weak
mmpR5-PE18,mmpR5,PE18,?,Weak
mmpR5-PE17,mmpR5,PE17,?,Weak
trcR-Rv0323c,trcR,Rv0323c,?,Weak
trcR-Rv1204c,trcR,Rv1204c,-,Weak
trcR-hsaA,trcR,hsaA,?,Weak
trcR-Rv2525c,trcR,Rv2525c,-,Weak
trcR-Rv3863,trcR,Rv3863,?,Weak
trcR-hadB,trcR,hadB,?,Weak
trcR-Rv2618,trcR,Rv2618,?,Weak
trcR-Rv2990c,trcR,Rv2990c,?,Weak
trcR-PPE9,trcR,PPE9,?,Weak
trcR-Rv3405c,trcR,Rv3405c,?,Weak
trcR-Rv1487,trcR,Rv1487,?,Weak
trcR-Rv1486c,trcR,Rv1486c,?,Weak
trcR-PPE7,trcR,PPE7,?,Weak
trcR-Rv0839,trcR,Rv0839,?,Weak
trcR-rpsB,trcR,rpsB,?,Weak
trcR-Rv3225c,trcR,Rv3225c,?,Weak
trcR-Rv3294c,trcR,Rv3294c,?,Weak
trcR-gmhA,trcR,gmhA,?,Weak
trcR-atsA,trcR,atsA,?,Weak
trcR-yrbE3A,trcR,yrbE3A,?,Weak
trcR-Rv0077c,trcR,Rv0077c,?,Weak
trcR-mce3R,trcR,mce3R,?,Weak
trcR-Rv1894c,trcR,Rv1894c,?,Weak
trcR-Rv1268c,trcR,Rv1268c,?,Weak
trcR-mmsA,trcR,mmsA,?,Weak
trcR-ctpB,trcR,ctpB,?,Weak
trcR-Rv0078A,trcR,Rv0078A,-,Weak
trcR-atpE,trcR,atpE,?,Weak
trcR-Rv0145,trcR,Rv0145,?,Weak
trcR-Rv1019,trcR,Rv1019,?,Weak
trcR-PE27,trcR,PE27,?,Weak
trcR-ctpJ,trcR,ctpJ,?,Weak
trcR-Rv0268c,trcR,Rv0268c,?,Weak
trcR-Rv1404,trcR,Rv1404,?,Weak
trcR-Rv0023,trcR,Rv0023,?,Weak
trcR-Rv2132,trcR,Rv2132,?,Weak
trcR-leuD,trcR,leuD,?,Weak
trcR-ppe32,trcR,ppe32,?,Weak
trcR-leuC,trcR,leuC,?,Weak
trcR-mmpL1,trcR,mmpL1,?,Weak
trcR-Rv1645c,trcR,Rv1645c,?,Weak
trcR-fas,trcR,fas,-,Weak
trcR-Rv3378c,trcR,Rv3378c,?,Weak
trcR-fadE22,trcR,fadE22,?,Weak
trcR-pimE,trcR,pimE,?,Weak
trcR-Rv1936,trcR,Rv1936,?,Weak
trcR-Rv2952,trcR,Rv2952,-,Weak
trcR-espR,trcR,espR,?,Weak
trcR-Rv3359,trcR,Rv3359,?,Weak
trcR-Rv2023A,trcR,Rv2023A,?,Weak
trcR-Rv3179,trcR,Rv3179,?,Weak
trcR-glmU,trcR,glmU,-,Weak
trcR-Rv3900c,trcR,Rv3900c,?,Weak
trcR-Rv3424c,trcR,Rv3424c,?,Weak
trcR-Rv2708c,trcR,Rv2708c,?,Weak
trcR-Rv1048c,trcR,Rv1048c,?,Weak
trcR-Rv1726,trcR,Rv1726,?,Weak
trcR-Rv0430,trcR,Rv0430,-,Weak
trcR-mtb12,trcR,mtb12,?,Weak
trcR-glnA2,trcR,glnA2,?,Weak
trcR-ftsW,trcR,ftsW,?,Weak
trcR-Rv1533,trcR,Rv1533,?,Weak
trcR-hbhA,trcR,hbhA,?,Weak
trcR-Rv0331,trcR,Rv0331,?,Weak
trcR-Rv2633c,trcR,Rv2633c,?,Weak
trcR-ftsZ,trcR,ftsZ,?,Weak
trcR-Rv0500A,trcR,Rv0500A,?,Weak
trcR-hemA,trcR,hemA,?,Weak
trcR-Rv0653c,trcR,Rv0653c,?,Weak
trcR-fadE5,trcR,fadE5,?,Weak
trcR-PE_PGRS62,trcR,PE_PGRS62,?,Weak
trcR-Rv3728,trcR,Rv3728,?,Weak
trcR-Rv0412c,trcR,Rv0412c,?,Weak
trcR-lppL,trcR,lppL,?,Weak
trcR-Rv0057,trcR,Rv0057,?,Weak
trcR-lppP,trcR,lppP,?,Weak
trcR-Rv2508c,trcR,Rv2508c,?,Weak
trcR-Rv3488,trcR,Rv3488,?,Weak
trcR-Rv3008,trcR,Rv3008,?,Weak
trcR-Rv1873,trcR,Rv1873,?,Weak
trcR-rplF,trcR,rplF,?,Weak
trcR-acpM,trcR,acpM,?,Weak
trcR-Rv1856c,trcR,Rv1856c,?,Weak
trcR-echA1,trcR,echA1,?,Weak
trcR-Rv2197c,trcR,Rv2197c,?,Weak
trcR-mazE3,trcR,mazE3,?,Weak
trcR-Rv1986,trcR,Rv1986,?,Weak
trcR-mazE1,trcR,mazE1,?,Weak
trcR-Rv1230c,trcR,Rv1230c,?,Weak
trcR-Rv3660c,trcR,Rv3660c,?,Weak
trcR-Rv3142c,trcR,Rv3142c,?,Weak
trcR-vapC15,trcR,vapC15,?,Weak
trcR-alr,trcR,alr,?,Weak
trcR-murD,trcR,murD,?,Weak
trcR-Rv3903c,trcR,Rv3903c,?,Weak
trcR-Rv0328,trcR,Rv0328,?,Weak
trcR-pks2,trcR,pks2,?,Weak
trcR-PE22,trcR,PE22,+,Weak
trcR-Rv2390c,trcR,Rv2390c,?,Weak
trcR-trmB,trcR,trmB,?,Weak
trcR-Rv0996,trcR,Rv0996,-,Weak
trcR-Rv0203,trcR,Rv0203,?,Weak
trcR-mce1C,trcR,mce1C,?,Weak
trcR-Rv1509,trcR,Rv1509,?,Weak
trcR-mce1A,trcR,mce1A,?,Weak
trcR-mce1F,trcR,mce1F,?,Weak
trcR-fadE24,trcR,fadE24,?,Weak
trcR-Rv3836,trcR,Rv3836,?,Weak
trcR-Rv1211,trcR,Rv1211,?,Weak
trcR-Rv1979c,trcR,Rv1979c,?,Weak
trcR-cyp135A1,trcR,cyp135A1,?,Weak
trcR-Rv1158c,trcR,Rv1158c,-,Weak
trcR-mec,trcR,mec,-,Weak
trcR-Rv3237c,trcR,Rv3237c,-,Weak
trcR-fadD5,trcR,fadD5,?,Weak
trcR-fadD2,trcR,fadD2,-,Weak
trcR-Rv2645,trcR,Rv2645,?,Weak
trcR-Rv1861,trcR,Rv1861,?,Weak
trcR-vapB48,trcR,vapB48,?,Weak
trcR-grcC2,trcR,grcC2,?,Weak
trcR-Rv3406,trcR,Rv3406,?,Weak
trcR-ppe2,trcR,ppe2,?,Weak
trcR-mmr,trcR,mmr,?,Weak
trcR-cysQ,trcR,cysQ,?,Weak
trcR-Rv1104,trcR,Rv1104,?,Weak
trcR-tuf,trcR,tuf,?,Weak
trcR-PPE41,trcR,PPE41,?,Weak
trcR-etfA,trcR,etfA,?,Weak
trcR-Rv3902c,trcR,Rv3902c,?,Weak
trcR-Rv2331,trcR,Rv2331,?,Weak
trcR-Rv0518,trcR,Rv0518,?,Weak
trcR-Rv1532c,trcR,Rv1532c,?,Weak
trcR-Rv1995,trcR,Rv1995,?,Weak
trcR-Rv2100,trcR,Rv2100,?,Weak
trcR-Rv3922c,trcR,Rv3922c,?,Weak
trcR-mazE6,trcR,mazE6,?,Weak
trcR-fadD32,trcR,fadD32,?,Weak
trcR-Rv3035,trcR,Rv3035,?,Weak
trcR-vapC24,trcR,vapC24,?,Weak
trcR-hsp,trcR,hsp,?,Weak
trcR-mazF1,trcR,mazF1,?,Weak
trcR-pheS,trcR,pheS,?,Weak
trcR-Rv1572c,trcR,Rv1572c,?,Weak
trcR-Rv0458,trcR,Rv0458,?,Weak
trcR-espG2,trcR,espG2,?,Weak
trcR-Rv3844,trcR,Rv3844,?,Weak
trcR-Rv0987,trcR,Rv0987,?,Weak
trcR-PPE52,trcR,PPE52,?,Weak
trcR-Rv3655c,trcR,Rv3655c,?,Weak
trcR-mce2B,trcR,mce2B,?,Weak
trcR-nmtR,trcR,nmtR,?,Weak
trcR-sseC1,trcR,sseC1,?,Weak
trcR-eccD5,trcR,eccD5,?,Weak
trcR-lprK,trcR,lprK,?,Weak
trcR-vapB6,trcR,vapB6,?,Weak
trcR-Rv3143,trcR,Rv3143,?,Weak
trcR-fba,trcR,fba,?,Weak
trcR-lldD,trcR,lldD,?,Weak
trcR-Rv1588c,trcR,Rv1588c,?,Weak
trcR-fadD26,trcR,fadD26,?,Weak
trcR-tcrX,trcR,tcrX,?,Weak
trcR-Rv1893,trcR,Rv1893,?,Weak
trcR-mutT3,trcR,mutT3,?,Weak
trcR-Rv1050,trcR,Rv1050,?,Weak
trcR-log,trcR,log,-,Weak
trcR-dnaJ2,trcR,dnaJ2,?,Weak
trcR-Rv0502,trcR,Rv0502,?,Weak
trcR-vapB35,trcR,vapB35,?,Weak
trcR-Rv2099c,trcR,Rv2099c,?,Weak
trcR-trcR,trcR,trcR,+,Weak
trcR-pflA,trcR,pflA,?,Weak
trcR-Rv0830,trcR,Rv0830,?,Weak
trcR-lsr2,trcR,lsr2,?,Weak
trcR-Rv1117,trcR,Rv1117,?,Weak
trcR-mscL,trcR,mscL,?,Weak
trcR-Rv1374c,trcR,Rv1374c,?,Weak
trcR-Rv2307A,trcR,Rv2307A,?,Weak
trcR-Rv1503c,trcR,Rv1503c,?,Weak
trcR-relJ,trcR,relJ,?,Weak
trcR-Rv3656c,trcR,Rv3656c,?,Weak
trcR-phoP,trcR,phoP,?,Weak
trcR-Rv0488,trcR,Rv0488,?,Weak
trcR-Rv0245,trcR,Rv0245,?,Weak
trcR-Rv2709,trcR,Rv2709,?,Weak
trcR-fhaA,trcR,fhaA,?,Weak
trcR-panD,trcR,panD,?,Weak
trcR-hmp,trcR,hmp,?,Weak
trcR-infB,trcR,infB,?,Weak
trcR-esxN,trcR,esxN,?,Weak
trcR-Rv2700,trcR,Rv2700,?,Weak
trcR-esxQ,trcR,esxQ,?,Weak
trcR-esxR,trcR,esxR,?,Weak
trcR-esxS,trcR,esxS,?,Weak
trcR-PE27A,trcR,PE27A,?,Weak
trcR-cyp135B1,trcR,cyp135B1,-,Weak
trcR-Rv1702c,trcR,Rv1702c,?,Weak
trcR-Rv2517c,trcR,Rv2517c,?,Weak
trcR-Rv3269,trcR,Rv3269,?,Weak
trcR-Rv3427c,trcR,Rv3427c,?,Weak
trcR-Rv1592c,trcR,Rv1592c,?,Weak
trcR-sepF,trcR,sepF,?,Weak
trcR-Rv0457c,trcR,Rv0457c,?,Weak
trcR-Rv2307B,trcR,Rv2307B,?,Weak
trcR-Rv2617c,trcR,Rv2617c,?,Weak
trcR-vapB24,trcR,vapB24,?,Weak
trcR-Rv2991,trcR,Rv2991,?,Weak
trcR-Rv3706c,trcR,Rv3706c,-,Weak
trcR-vapB20,trcR,vapB20,?,Weak
trcR-dnaA,trcR,dnaA,?,Weak
trcR-vapC20,trcR,vapC20,?,Weak
trcR-dnaB,trcR,dnaB,?,Weak
trcR-PE34,trcR,PE34,?,Weak
trcR-cmtR,trcR,cmtR,?,Weak
trcR-Rv3096,trcR,Rv3096,?,Weak
trcR-Rv3857c,trcR,Rv3857c,?,Weak
trcR-Rv1573,trcR,Rv1573,?,Weak
trcR-Rv0078,trcR,Rv0078,?,Weak
trcR-Rv1574,trcR,Rv1574,?,Weak
trcR-Rv0789c,trcR,Rv0789c,?,Weak
trcR-Rv2742c,trcR,Rv2742c,?,Weak
trcR-Rv1812c,trcR,Rv1812c,-,Weak
trcR-efpA,trcR,efpA,?,Weak
trcR-purT,trcR,purT,?,Weak
trcR-Rv0257,trcR,Rv0257,?,Weak
trcR-mazF3,trcR,mazF3,?,Weak
trcR-lppW,trcR,lppW,-,Weak
trcR-Rv0004,trcR,Rv0004,?,Weak
trcR-Rv1375,trcR,Rv1375,?,Weak
trcR-vapC51,trcR,vapC51,?,Weak
trcR-fabD,trcR,fabD,?,Weak
trcR-fabG,trcR,fabG,?,Weak
trcR-gca,trcR,gca,?,Weak
trcR-bioF2,trcR,bioF2,+,Weak
trcR-Rv3230c,trcR,Rv3230c,?,Weak
trcR-ppe66,trcR,ppe66,?,Weak
trcR-desA3,trcR,desA3,?,Weak
trcR-desA1,trcR,desA1,?,Weak
trcR-Rv2989,trcR,Rv2989,?,Weak
trcR-ansP1,trcR,ansP1,?,Weak
trcR-ripA,trcR,ripA,?,Weak
trcR-PE_PGRS32,trcR,PE_PGRS32,?,Weak
trcR-Rv3661,trcR,Rv3661,?,Weak
trcR-Rv0654,trcR,Rv0654,?,Weak
trcR-Rv2331A,trcR,Rv2331A,?,Weak
trcR-vapB12,trcR,vapB12,?,Weak
trcR-vapB13,trcR,vapB13,?,Weak
trcR-vapB15,trcR,vapB15,?,Weak
trcR-Rv3360,trcR,Rv3360,?,Weak
trcR-vapB17,trcR,vapB17,-,Weak
trcR-tgs2,trcR,tgs2,?,Weak
trcR-sthA,trcR,sthA,?,Weak
trcR-Rv2387,trcR,Rv2387,-,Weak
trcR-Rv0485,trcR,Rv0485,?,Weak
trcR-Rv3762c,trcR,Rv3762c,-,Weak
trcR-ppe38,trcR,ppe38,?,Weak
trcR-PE_PGRS54,trcR,PE_PGRS54,?,Weak
trcR-ppe61,trcR,ppe61,?,Weak
trcR-Rv1460,trcR,Rv1460,?,Weak
trcR-Rv3034c,trcR,Rv3034c,?,Weak
trcR-Rv1728c,trcR,Rv1728c,-,Weak
trcR-Rv2137c,trcR,Rv2137c,?,Weak
trcR-csm2,trcR,csm2,?,Weak
trcR-Rv0047c,trcR,Rv0047c,?,Weak
trcR-yidC,trcR,yidC,?,Weak
trcR-whiB5,trcR,whiB5,?,Weak
trcR-whiB4,trcR,whiB4,+,Weak
trcR-Rv0221,trcR,Rv0221,?,Weak
trcR-whiB1,trcR,whiB1,?,Weak
trcR-nrdB,trcR,nrdB,?,Weak
trcR-whiB2,trcR,whiB2,?,Weak
trcR-Rv1403c,trcR,Rv1403c,?,Weak
trcR-ppe59,trcR,ppe59,?,Weak
trcR-Rv0324,trcR,Rv0324,?,Weak
trcR-alkB,trcR,alkB,?,Weak
trcR-pks16,trcR,pks16,-,Weak
trcR-Rv2827c,trcR,Rv2827c,?,Weak
trcR-lat,trcR,lat,?,Weak
trcR-sigE,trcR,sigE,?,Weak
trcR-Rv1459c,trcR,Rv1459c,?,Weak
trcR-ppe57,trcR,ppe57,?,Weak
trcR-Rv0426c,trcR,Rv0426c,-,Weak
trcR-Rv3415c,trcR,Rv3415c,?,Weak
trcR-wag31,trcR,wag31,?,Weak
trcR-PE15,trcR,PE15,-,Weak
trcR-ligB,trcR,ligB,?,Weak
trcR-modA,trcR,modA,?,Weak
trcR-Rv2098c,trcR,Rv2098c,?,Weak
trcR-clpP2,trcR,clpP2,?,Weak
trcR-xthA,trcR,xthA,?,Weak
trcR-Rv1419,trcR,Rv1419,?,Weak
trcR-senX3,trcR,senX3,?,Weak
trcR-fadA2,trcR,fadA2,?,Weak
trcR-mce1R,trcR,mce1R,?,Weak
trcR-ppe24,trcR,ppe24,?,Weak
trcR-PE17,trcR,PE17,?,Weak
trcR-mtcA2,trcR,mtcA2,+,Weak
trcR-Rv0269c,trcR,Rv0269c,-,Weak
trcR-mce1B,trcR,mce1B,?,Weak
trcR-pntAa,trcR,pntAa,-,Weak
trcR-topA,trcR,topA,-,Weak
trcR-Rv2148c,trcR,Rv2148c,?,Weak
vapB15-lprO,vapB15,lprO,?,Weak
vapB15-Rv0178,vapB15,Rv0178,?,Weak
vapB15-eccD5,vapB15,eccD5,?,Weak
vapB15-yrbE1A,vapB15,yrbE1A,?,Weak
vapB15-ppe17,vapB15,ppe17,?,Weak
vapB15-glpQ2,vapB15,glpQ2,?,Weak
vapB15-espD,vapB15,espD,?,Weak
vapB15-vapB15,vapB15,vapB15,?,Weak
vapB15-vapC15,vapB15,vapC15,+,Weak
vapB15-pks13,vapB15,pks13,?,Weak
vapB15-accD4,vapB15,accD4,?,Weak
vapB15-lpqT,vapB15,lpqT,?,Weak
vapB15-fadE23,vapB15,fadE23,?,Weak
vapB15-Rv3492c,vapB15,Rv3492c,?,Weak
hrcA-Rv0991c,hrcA,Rv0991c,?,Weak
hrcA-groS,hrcA,groS,?,Weak
hrcA-eccD5,hrcA,eccD5,?,Weak
hrcA-yrbE1A,hrcA,yrbE1A,?,Weak
hrcA-pks3,hrcA,pks3,?,Weak
Rv1828-Rv2742c,Rv1828,Rv2742c,?,Weak
Rv1828-rpsB,Rv1828,rpsB,?,Weak
Rv1828-echA11,Rv1828,echA11,?,Weak
Rv1828-Rv0042c,Rv1828,Rv0042c,?,Weak
Rv1828-Rv0307c,Rv1828,Rv0307c,?,Weak
Rv1828-Rv0308,Rv1828,Rv0308,?,Weak
Rv1828-ftsZ,Rv1828,ftsZ,?,Weak
higA2-Rv0093c,higA2,Rv0093c,?,Weak
higA2-Rv2451,higA2,Rv2451,?,Weak
higA2-vapC37,higA2,vapC37,?,Weak
higA2-Rv1958c,higA2,Rv1958c,?,Weak
higA2-PPE7,higA2,PPE7,?,Weak
higA2-relE,higA2,relE,?,Weak
higA2-Rv0516c,higA2,Rv0516c,?,Weak
higA2-Rv3026c,higA2,Rv3026c,?,Weak
higA2-Rv0345,higA2,Rv0345,?,Weak
higA2-Rv0724A,higA2,Rv0724A,?,Weak
higA2-Rv3798,higA2,Rv3798,?,Weak
higA2-Rv3346c,higA2,Rv3346c,?,Weak
higA2-Rv3642c,higA2,Rv3642c,?,Weak
higA2-Rv3294c,higA2,Rv3294c,?,Weak
higA2-Rv3485c,higA2,Rv3485c,?,Weak
higA2-Rv1225c,higA2,Rv1225c,?,Weak
higA2-fbpC,higA2,fbpC,?,Weak
higA2-Rv3486,higA2,Rv3486,?,Weak
higA2-vapC41,higA2,vapC41,?,Weak
higA2-Rv1996,higA2,Rv1996,?,Weak
higA2-Rv0380c,higA2,Rv0380c,?,Weak
higA2-Rv1105,higA2,Rv1105,?,Weak
higA2-Rv3096,higA2,Rv3096,?,Weak
higA2-rpfE,higA2,rpfE,?,Weak
higA3-higB3,higA3,higB3,-,Weak
higA1-plcC,higA1,plcC,?,Weak
higA1-Rv2636,higA1,Rv2636,?,Weak
higA1-Rv1786,higA1,Rv1786,?,Weak
higA1-Rv0610c,higA1,Rv0610c,?,Weak
higA1-ppe66,higA1,ppe66,?,Weak
higA1-relB,higA1,relB,?,Weak
higA1-echA6,higA1,echA6,?,Weak
higA1-desA1,higA1,desA1,?,Weak
higA1-Rv2787,higA1,Rv2787,?,Weak
higA1-qcrC,higA1,qcrC,?,Weak
higA1-Rv1636,higA1,Rv1636,?,Weak
higA1-Rv2859c,higA1,Rv2859c,?,Weak
higA1-vapC14,higA1,vapC14,?,Weak
higA1-vapB14,higA1,vapB14,?,Weak
higA1-Rv0147,higA1,Rv0147,?,Weak
higA1-Rv1503c,higA1,Rv1503c,?,Weak
higA1-glnA1,higA1,glnA1,?,Weak
higA1-mymA,higA1,mymA,?,Weak
higA1-higB3,higA1,higB3,?,Weak
higA1-Rv0611c,higA1,Rv0611c,?,Weak
higA1-Rv1313c,higA1,Rv1313c,?,Weak
higA1-Rv1954c,higA1,Rv1954c,-,Weak
higA1-yrbE3A,higA1,yrbE3A,?,Weak
higA1-Rv3780,higA1,Rv3780,?,Weak
higA1-Rv1842c,higA1,Rv1842c,?,Weak
higA1-hemA,higA1,hemA,?,Weak
higA1-accD3,higA1,accD3,?,Weak
higA1-Rv2219A,higA1,Rv2219A,-,Weak
higA1-Rv1954A,higA1,Rv1954A,?,Weak
Rv1219c-Rv0991c,Rv1219c,Rv0991c,?,Weak
Rv1219c-Rv2292c,Rv1219c,Rv2292c,?,Weak
Rv1219c-Rv2730,Rv1219c,Rv2730,?,Weak
Rv1219c-ppk2,Rv1219c,ppk2,?,Weak
Rv1219c-Rv1249c,Rv1219c,Rv1249c,-,Weak
Rv1219c-ffh,Rv1219c,ffh,-,Weak
Rv1219c-Rv0837c,Rv1219c,Rv0837c,?,Weak
Rv1219c-Rv2910c,Rv1219c,Rv2910c,?,Weak
Rv1219c-Rv3714c,Rv1219c,Rv3714c,+,Weak
Rv1219c-frr,Rv1219c,frr,?,Weak
Rv1219c-Rv1250,Rv1219c,Rv1250,-,Weak
Rv1219c-Rv2729c,Rv1219c,Rv2729c,-,Weak
Rv1219c-clpB,Rv1219c,clpB,-,Weak
Rv1219c-smc,Rv1219c,smc,?,Weak
Rv1219c-Rv0302,Rv1219c,Rv0302,?,Weak
Rv1219c-Rv0385,Rv1219c,Rv0385,?,Weak
Rv1219c-Rv2917,Rv1219c,Rv2917,?,Weak
Rv1219c-Rv1219c,Rv1219c,Rv1219c,+,Weak
Rv1219c-Rv3233c,Rv1219c,Rv3233c,?,Weak
Rv1219c-whiB1,Rv1219c,whiB1,?,Weak
Rv1219c-vapC2,Rv1219c,vapC2,?,Weak
Rv1219c-pyrH,Rv1219c,pyrH,?,Weak
Rv1219c-Rv3528c,Rv1219c,Rv3528c,?,Weak
Rv1219c-sugB,Rv1219c,sugB,?,Weak
Rv1219c-PE15,Rv1219c,PE15,?,Weak
Rv1219c-Rv1101c,Rv1219c,Rv1101c,?,Weak
Rv2034-plcC,Rv2034,plcC,?,Weak
Rv2034-Rv0133,Rv2034,Rv0133,?,Weak
Rv2034-Rv2908c,Rv2034,Rv2908c,?,Weak
Rv2034-Rv3378c,Rv2034,Rv3378c,?,Weak
Rv2034-Rv0030,Rv2034,Rv0030,?,Weak
Rv2034-Rv1922,Rv2034,Rv1922,+,Weak
Rv2034-sigL,Rv2034,sigL,?,Weak
Rv2034-dacB2,Rv2034,dacB2,?,Weak
Rv2034-ctaE,Rv2034,ctaE,?,Weak
Rv2034-Rv0470A,Rv2034,Rv0470A,?,Weak
Rv2034-Rv3108,Rv2034,Rv3108,?,Weak
Rv2034-uvrD1,Rv2034,uvrD1,-,Weak
Rv2034-Rv2867c,Rv2034,Rv2867c,?,Weak
Rv2034-Rv0150c,Rv2034,Rv0150c,?,Weak
Rv2034-lsr2,Rv2034,lsr2,?,Weak
Rv2034-Rv0309,Rv2034,Rv0309,?,Weak
Rv2034-Rv3529c,Rv2034,Rv3529c,-,Weak
Rv2034-adh,Rv2034,adh,?,Weak
Rv2034-Rv2622,Rv2034,Rv2622,-,Weak
Rv2034-Rv1339,Rv2034,Rv1339,?,Weak
Rv2034-Rv2133c,Rv2034,Rv2133c,?,Weak
Rv2034-Rv3482c,Rv2034,Rv3482c,?,Weak
Rv2034-Rv1332,Rv2034,Rv1332,?,Weak
Rv2034-Rv2618,Rv2034,Rv2618,?,Weak
Rv2034-Rv1671,Rv2034,Rv1671,?,Weak
Rv2034-Rv0193c,Rv2034,Rv0193c,?,Weak
Rv2034-pimB,Rv2034,pimB,?,Weak
Rv2034-Rv1000c,Rv2034,Rv1000c,+,Weak
Rv2034-Rv0713,Rv2034,Rv0713,?,Weak
Rv2034-mbtI,Rv2034,mbtI,?,Weak
Rv2034-Rv3403c,Rv2034,Rv3403c,?,Weak
Rv2034-Rv3660c,Rv2034,Rv3660c,?,Weak
Rv2034-hemB,Rv2034,hemB,?,Weak
Rv2034-hemC,Rv2034,hemC,?,Weak
Rv2034-Rv0538,Rv2034,Rv0538,-,Weak
Rv2034-Rv0380c,Rv2034,Rv0380c,?,Weak
Rv2034-hemD,Rv2034,hemD,?,Weak
Rv2034-Rv3034c,Rv2034,Rv3034c,?,Weak
Rv2034-Rv3192,Rv2034,Rv3192,?,Weak
Rv2034-rpfA,Rv2034,rpfA,?,Weak
Rv2034-glmM,Rv2034,glmM,?,Weak
Rv2034-Rv0111,Rv2034,Rv0111,?,Weak
Rv2034-Rv2432c,Rv2034,Rv2432c,+,Weak
Rv2034-Rv2926c,Rv2034,Rv2926c,?,Weak
Rv2034-fadE5,Rv2034,fadE5,?,Weak
Rv2034-parD1,Rv2034,parD1,?,Weak
Rv2034-Rv2650c,Rv2034,Rv2650c,+,Weak
Rv2034-rplO,Rv2034,rplO,?,Weak
Rv2034-lppW,Rv2034,lppW,?,Weak
Rv2034-rplF,Rv2034,rplF,?,Weak
Rv2034-rplB,Rv2034,rplB,?,Weak
Rv2034-Rv2576c,Rv2034,Rv2576c,?,Weak
Rv2034-Rv3129,Rv2034,Rv3129,?,Weak
Rv2034-Rv1986,Rv2034,Rv1986,?,Weak
Rv2034-murB,Rv2034,murB,?,Weak
Rv2034-Rv3714c,Rv2034,Rv3714c,?,Weak
Rv2034-lipL,Rv2034,lipL,?,Weak
Rv2034-vapC12,Rv2034,vapC12,+,Weak
Rv2034-Rv2034,Rv2034,Rv2034,+,Weak
Rv2034-Rv0077c,Rv2034,Rv0077c,?,Weak
Rv2034-fadE29,Rv2034,fadE29,?,Weak
Rv2034-map-1,Rv2034,map-1,?,Weak
Rv2034-Rv2506,Rv2034,Rv2506,-,Weak
Rv2034-Rv1137c,Rv2034,Rv1137c,?,Weak
Rv2034-Rv0443,Rv2034,Rv0443,?,Weak
Rv2034-PPE60,Rv2034,PPE60,?,Weak
Rv2034-Rv3488,Rv2034,Rv3488,+,Weak
Rv2034-ppe10,Rv2034,ppe10,?,Weak
Rv2034-Rv3334,Rv2034,Rv3334,?,Weak
Rv2034-Rv3839,Rv2034,Rv3839,?,Weak
Rv2034-Rv2060,Rv2034,Rv2060,?,Weak
Rv2034-Rv3235,Rv2034,Rv3235,?,Weak
Rv2034-pheA,Rv2034,pheA,-,Weak
Rv2034-gmhB,Rv2034,gmhB,?,Weak
Rv2034-Rv3035,Rv2034,Rv3035,?,Weak
Rv2034-Rv2084,Rv2034,Rv2084,?,Weak
Rv2034-fadD35,Rv2034,fadD35,-,Weak
Rv2034-Rv3030,Rv2034,Rv3030,-,Weak
Rv2034-Rv2621c,Rv2034,Rv2621c,-,Weak
Rv2034-Rv1519,Rv2034,Rv1519,?,Weak
Rv2034-crtB,Rv2034,crtB,+,Weak
Rv2034-carD,Rv2034,carD,?,Weak
Rv2034-lprO,Rv2034,lprO,?,Weak
Rv2034-rpsL,Rv2034,rpsL,?,Weak
Rv2034-Rv2337c,Rv2034,Rv2337c,?,Weak
Rv2034-fadD26,Rv2034,fadD26,?,Weak
Rv2034-lexA,Rv2034,lexA,?,Weak
Rv2034-Rv2347c,Rv2034,Rv2347c,?,Weak
Rv2034-Rv3479,Rv2034,Rv3479,?,Weak
Rv2034-Rv0505c,Rv2034,Rv0505c,?,Weak
Rv2034-Rv0348,Rv2034,Rv0348,?,Weak
Rv2034-Rv1816,Rv2034,Rv1816,+,Weak
Rv2034-Rv1817,Rv2034,Rv1817,?,Weak
Rv2034-Rv1639c,Rv2034,Rv1639c,?,Weak
Rv2034-sppA,Rv2034,sppA,?,Weak
Rv2034-Rv1192,Rv2034,Rv1192,-,Weak
Rv2034-dnaK,Rv2034,dnaK,?,Weak
Rv2034-Rv1961,Rv2034,Rv1961,?,Weak
Rv2034-Rv2307A,Rv2034,Rv2307A,?,Weak
Rv2034-Rv1251c,Rv2034,Rv1251c,+,Weak
Rv2034-Rv0356c,Rv2034,Rv0356c,-,Weak
Rv2034-Rv0481c,Rv2034,Rv0481c,-,Weak
Rv2034-fbpA,Rv2034,fbpA,?,Weak
Rv2034-Rv1322A,Rv2034,Rv1322A,?,Weak
Rv2034-pstB1,Rv2034,pstB1,?,Weak
Rv2034-rnpA,Rv2034,rnpA,-,Weak
Rv2034-rpmH,Rv2034,rpmH,-,Weak
Rv2034-cya,Rv2034,cya,+,Weak
Rv2034-thiO,Rv2034,thiO,?,Weak
Rv2034-lpqT,Rv2034,lpqT,?,Weak
Rv2034-ephA,Rv2034,ephA,?,Weak
Rv2034-mmpS2,Rv2034,mmpS2,?,Weak
Rv2034-mmaA1,Rv2034,mmaA1,?,Weak
Rv2034-parB,Rv2034,parB,-,Weak
Rv2034-Rv2617c,Rv2034,Rv2617c,?,Weak
Rv2034-nusG,Rv2034,nusG,?,Weak
Rv2034-echA11,Rv2034,echA11,?,Weak
Rv2034-dnaA,Rv2034,dnaA,?,Weak
Rv2034-era,Rv2034,era,?,Weak
Rv2034-Rv0576,Rv2034,Rv0576,-,Weak
Rv2034-Rv1573,Rv2034,Rv1573,?,Weak
Rv2034-Rv0078,Rv2034,Rv0078,?,Weak
Rv2034-Rv0883c,Rv2034,Rv0883c,?,Weak
Rv2034-Rv1812c,Rv2034,Rv1812c,-,Weak
Rv2034-fadE28,Rv2034,fadE28,?,Weak
Rv2034-Rv0537c,Rv2034,Rv0537c,-,Weak
Rv2034-cinA,Rv2034,cinA,?,Weak
Rv2034-Rv0793,Rv2034,Rv0793,?,Weak
Rv2034-gca,Rv2034,gca,?,Weak
Rv2034-narI,Rv2034,narI,?,Weak
Rv2034-ppe69,Rv2034,ppe69,?,Weak
Rv2034-ppe66,Rv2034,ppe66,?,Weak
Rv2034-narG,Rv2034,narG,?,Weak
Rv2034-pit,Rv2034,pit,?,Weak
Rv2034-desA3,Rv2034,desA3,?,Weak
Rv2034-Rv2787,Rv2034,Rv2787,?,Weak
Rv2034-ripA,Rv2034,ripA,?,Weak
Rv2034-kmtR,Rv2034,kmtR,?,Weak
Rv2034-efp,Rv2034,efp,?,Weak
Rv2034-vapB50,Rv2034,vapB50,?,Weak
Rv2034-moaA1,Rv2034,moaA1,+,Weak
Rv2034-Rv2779c,Rv2034,Rv2779c,?,Weak
Rv2034-Rv0895,Rv2034,Rv0895,?,Weak
Rv2034-tgs3,Rv2034,tgs3,?,Weak
Rv2034-clpP1,Rv2034,clpP1,?,Weak
Rv2034-PE25,Rv2034,PE25,?,Weak
Rv2034-Rv2663,Rv2034,Rv2663,?,Weak
Rv2034-mgtA,Rv2034,mgtA,?,Weak
Rv2034-mmpL11,Rv2034,mmpL11,-,Weak
Rv2034-dsbF,Rv2034,dsbF,?,Weak
Rv2034-sigA,Rv2034,sigA,?,Weak
Rv2034-ackA,Rv2034,ackA,?,Weak
Rv2034-Rv3233c,Rv2034,Rv3233c,?,Weak
Rv2034-whiB1,Rv2034,whiB1,?,Weak
Rv2034-devR,Rv2034,devR,?,Weak
Rv2034-Rv1572c,Rv2034,Rv1572c,?,Weak
Rv2034-Rv3728,Rv2034,Rv3728,?,Weak
Rv2034-pyrD,Rv2034,pyrD,?,Weak
Rv2034-rpmB1,Rv2034,rpmB1,?,Weak
Rv2034-Rv0874c,Rv2034,Rv0874c,?,Weak
Rv2034-fadA4,Rv2034,fadA4,?,Weak
Rv2034-phoU1,Rv2034,phoU1,?,Weak
Rv2034-arcA,Rv2034,arcA,?,Weak
Rv2034-Rv3161c,Rv2034,Rv3161c,?,Weak
Rv2034-pntAa,Rv2034,pntAa,?,Weak
Rv0067c-PE22,Rv0067c,PE22,?,Weak
Rv0067c-Rv0067c,Rv0067c,Rv0067c,+,Weak
Rv0067c-Rv0068,Rv0067c,Rv0068,-,Weak
kstR2-echA20,kstR2,echA20,-,Weak
kstR2-wag31,kstR2,wag31,?,Weak
kstR2-Rv2452c,kstR2,Rv2452c,?,Weak
kstR2-Rv0320,kstR2,Rv0320,?,Weak
kstR2-vapC20,kstR2,vapC20,?,Weak
kstR2-vapB20,kstR2,vapB20,?,Weak
kstR2-fadD3,kstR2,fadD3,-,Weak
kstR2-Rv0793,kstR2,Rv0793,+,Weak
kstR2-Rv1572c,kstR2,Rv1572c,?,Weak
kstR2-fadE30,kstR2,fadE30,-,Weak
kstR2-Rv1573,kstR2,Rv1573,?,Weak
kstR2-Rv3549c,kstR2,Rv3549c,-,Weak
Rv0674-kstR,Rv0674,kstR,?,Weak
Rv0674-fadE8,Rv0674,fadE8,-,Weak
Rv0078-Rv0077c,Rv0078,Rv0077c,-,Weak
Rv0078-Rv0078,Rv0078,Rv0078,+,Weak
Rv0767c-rbpA,Rv0767c,rbpA,-,Weak
Rv0767c-Rv0311,Rv0767c,Rv0311,?,Weak
Rv0767c-Rv1086,Rv0767c,Rv1086,-,Weak
Rv0767c-bioD,Rv0767c,bioD,?,Weak
Rv0767c-Rv2638,Rv0767c,Rv2638,-,Weak
Rv0767c-lprF,Rv0767c,lprF,?,Weak
Rv0767c-Rv0494,Rv0767c,Rv0494,?,Weak
Rv0767c-Rv0042c,Rv0767c,Rv0042c,-,Weak
Rv0767c-Rv1367c,Rv0767c,Rv1367c,?,Weak
Rv0767c-Rv3196A,Rv0767c,Rv3196A,?,Weak
Rv0767c-rph,Rv0767c,rph,?,Weak
Rv0767c-Rv0420c,Rv0767c,Rv0420c,?,Weak
Rv0767c-hpt,Rv0767c,hpt,?,Weak
Rv0767c-nanT,Rv0767c,nanT,?,Weak
Rv0767c-Rv3225c,Rv0767c,Rv3225c,?,Weak
Rv0767c-Rv0634A,Rv0767c,Rv0634A,?,Weak
Rv0767c-Rv0525,Rv0767c,Rv0525,?,Weak
Rv0767c-Rv0246,Rv0767c,Rv0246,?,Weak
Rv0767c-Rv0502,Rv0767c,Rv0502,?,Weak
Rv0767c-uvrD2,Rv0767c,uvrD2,?,Weak
Rv0767c-moaC1,Rv0767c,moaC1,?,Weak
Rv0767c-vapB17,Rv0767c,vapB17,-,Weak
Rv0767c-furA,Rv0767c,furA,?,Weak
Rv0767c-ppk,Rv0767c,ppk,?,Weak
Rv0767c-trmB,Rv0767c,trmB,?,Weak
Rv0767c-lipW,Rv0767c,lipW,-,Weak
Rv0767c-Rv0449c,Rv0767c,Rv0449c,?,Weak
Rv0767c-lipY,Rv0767c,lipY,?,Weak
Rv0767c-ppsD,Rv0767c,ppsD,?,Weak
Rv0767c-pstS3,Rv0767c,pstS3,?,Weak
Rv0767c-Rv2242,Rv0767c,Rv2242,?,Weak
Rv0767c-Rv0209,Rv0767c,Rv0209,?,Weak
Rv0767c-cmtR,Rv0767c,cmtR,?,Weak
Rv0767c-moaR1,Rv0767c,moaR1,?,Weak
Rv0767c-Rv0493c,Rv0767c,Rv0493c,-,Weak
Rv0767c-rpsR2,Rv0767c,rpsR2,?,Weak
Rv0767c-mmpL1,Rv0767c,mmpL1,?,Weak
Rv0767c-Rv2281,Rv0767c,Rv2281,?,Weak
Rv0767c-Rv1339,Rv0767c,Rv1339,?,Weak
Rv0767c-Rv3524,Rv0767c,Rv3524,?,Weak
Rv0767c-ppsE,Rv0767c,ppsE,?,Weak
Rv0767c-pks12,Rv0767c,pks12,-,Weak
Rv0767c-grcC2,Rv0767c,grcC2,-,Weak
Rv0767c-Rv2250c,Rv0767c,Rv2250c,?,Weak
Rv0767c-Rv0454,Rv0767c,Rv0454,?,Weak
Rv0767c-vapB42,Rv0767c,vapB42,?,Weak
Rv0767c-mce4F,Rv0767c,mce4F,?,Weak
Rv0767c-ribD,Rv0767c,ribD,?,Weak
Rv0767c-Rv2049c,Rv0767c,Rv2049c,-,Weak
Rv0767c-cfp30B,Rv0767c,cfp30B,?,Weak
Rv0767c-mmaA3,Rv0767c,mmaA3,?,Weak
Rv0767c-Rv0218,Rv0767c,Rv0218,?,Weak
Rv0767c-ureG,Rv0767c,ureG,?,Weak
Rv0767c-Rv1628c,Rv0767c,Rv1628c,?,Weak
Rv0767c-Rv2531c,Rv0767c,Rv2531c,?,Weak
Rv0767c-vapB26,Rv0767c,vapB26,?,Weak
Rv0767c-Rv1097c,Rv0767c,Rv1097c,-,Weak
Rv0767c-Rv3197,Rv0767c,Rv3197,-,Weak
Rv0767c-Rv0776c,Rv0767c,Rv0776c,-,Weak
Rv0767c-Rv1085c,Rv0767c,Rv1085c,-,Weak
Rv0767c-Rv3198A,Rv0767c,Rv3198A,?,Weak
Rv0767c-prrA,Rv0767c,prrA,-,Weak
Rv0767c-secA2,Rv0767c,secA2,?,Weak
Rv0767c-Rv2670c,Rv0767c,Rv2670c,?,Weak
Rv0767c-Rv1825,Rv0767c,Rv1825,?,Weak
Rv0767c-nuoL,Rv0767c,nuoL,?,Weak
Rv0767c-Rv2795c,Rv0767c,Rv2795c,?,Weak
pyrR-Rv1573,pyrR,Rv1573,?,Weak
pyrR-Rv1572c,pyrR,Rv1572c,?,Weak
pyrR-wag31,pyrR,wag31,?,Weak
moxR3-moxR3,moxR3,moxR3,+,Weak
kmtR-Rv0826,kmtR,Rv0826,?,Weak
kmtR-Rv3661,kmtR,Rv3661,?,Weak
kmtR-Rv0825c,kmtR,Rv0825c,?,Weak
kmtR-kmtR,kmtR,kmtR,+,Weak
kmtR-Rv3660c,kmtR,Rv3660c,?,Weak
sirR-nrdF1,sirR,nrdF1,-,Weak
sirR-Rv3848,sirR,Rv3848,+,Weak
sirR-gmhA,sirR,gmhA,?,Weak
Rv2642-eccD5,Rv2642,eccD5,?,Weak
Rv2642-Rv1636,Rv2642,Rv1636,?,Weak
Rv2642-yrbE1A,Rv2642,yrbE1A,?,Weak
Rv2642-Rv1635c,Rv2642,Rv1635c,?,Weak
Rv2642-Rv0485,Rv2642,Rv0485,?,Weak
Rv2642-pks3,Rv2642,pks3,?,Weak
Rv2642-vapB49,Rv2642,vapB49,?,Weak
Rv2642-Rv0140,Rv2642,Rv0140,?,Weak
Rv2642-Rv0309,Rv2642,Rv0309,?,Weak
Rv2642-panD,Rv2642,panD,?,Weak
Rv2642-fadE23,Rv2642,fadE23,?,Weak
Rv2642-Rv0219,Rv2642,Rv0219,?,Weak
Rv2642-lpqY,Rv2642,lpqY,?,Weak
Rv2642-vapB46,Rv2642,vapB46,?,Weak
Rv2642-Rv0095c,Rv2642,Rv0095c,?,Weak
phoP-dhaA,phoP,dhaA,?,Weak
phoP-Rv3863,phoP,Rv3863,?,Weak
phoP-cdh,phoP,cdh,-,Weak
phoP-nirB,phoP,nirB,+,Weak
phoP-gmhA,phoP,gmhA,?,Weak
phoP-ald,phoP,ald,?,Weak
phoP-Rv1473,phoP,Rv1473,?,Weak
phoP-chp2,phoP,chp2,+,Weak
phoP-Rv1535,phoP,Rv1535,?,Weak
phoP-Rv3197,phoP,Rv3197,+,Weak
phoP-Rv2633c,phoP,Rv2633c,-,Weak
phoP-nuoL,phoP,nuoL,?,Weak
phoP-Rv3778c,phoP,Rv3778c,?,Weak
phoP-lppL,phoP,lppL,?,Weak
phoP-rplS,phoP,rplS,?,Weak
phoP-Rv0057,phoP,Rv0057,?,Weak
phoP-lppP,phoP,lppP,?,Weak
phoP-lppW,phoP,lppW,+,Weak
phoP-Rv1648,phoP,Rv1648,?,Weak
phoP-vapB50,phoP,vapB50,-,Weak
phoP-echA4,phoP,echA4,?,Weak
phoP-mazE3,phoP,mazE3,-,Weak
phoP-mazE1,phoP,mazE1,?,Weak
phoP-mazE6,phoP,mazE6,?,Weak
phoP-espB,phoP,espB,?,Weak
phoP-pks2,phoP,pks2,+,Weak
phoP-pks3,phoP,pks3,+,Weak
phoP-Rv2390c,phoP,Rv2390c,+,Weak
phoP-trmB,phoP,trmB,?,Weak
phoP-metK,phoP,metK,?,Weak
phoP-metH,phoP,metH,+,Weak
phoP-Rv3488,phoP,Rv3488,?,Weak
phoP-fadD9,phoP,fadD9,+,Weak
phoP-Rv3768,phoP,Rv3768,-,Weak
phoP-hsp,phoP,hsp,?,Weak
phoP-Rv2971,phoP,Rv2971,?,Weak
phoP-uppP,phoP,uppP,+,Weak
phoP-yrbE1A,phoP,yrbE1A,-,Weak
phoP-mazF3,phoP,mazF3,-,Weak
phoP-Rv3662c,phoP,Rv3662c,?,Weak
phoP-mazF1,phoP,mazF1,?,Weak
phoP-Rv1104,phoP,Rv1104,?,Weak
phoP-Rv1519,phoP,Rv1519,+,Weak
phoP-Rv1517,phoP,Rv1517,+,Weak
phoP-Rv0454,phoP,Rv0454,?,Weak
phoP-Rv3779,phoP,Rv3779,-,Weak
phoP-apt,phoP,apt,+,Weak
phoP-Rv3196A,phoP,Rv3196A,?,Weak
phoP-ppiB,phoP,ppiB,-,Weak
phoP-Rv2581c,phoP,Rv2581c,?,Weak
phoP-mihF,phoP,mihF,?,Weak
phoP-PPE43,phoP,PPE43,?,Weak
phoP-yrbE4A,phoP,yrbE4A,-,Weak
phoP-Rv3707c,phoP,Rv3707c,?,Weak
phoP-Rv1116,phoP,Rv1116,?,Weak
phoP-bioF2,phoP,bioF2,?,Weak
phoP-Rv2307B,phoP,Rv2307B,?,Weak
phoP-phoP,phoP,phoP,+,Weak
phoP-fbpA,phoP,fbpA,?,Weak
phoP-mtb12,phoP,mtb12,-,Weak
phoP-esxN,phoP,esxN,?,Weak
phoP-Rv2331,phoP,Rv2331,+,Weak
phoP-pckG,phoP,pckG,?,Weak
phoP-wecA,phoP,wecA,+,Weak
phoP-Rv3767c,phoP,Rv3767c,+,Weak
phoP-echA12,phoP,echA12,?,Weak
phoP-PE31,phoP,PE31,?,Weak
phoP-dnaB,phoP,dnaB,?,Weak
phoP-Rv0789c,phoP,Rv0789c,+,Weak
phoP-vapC51,phoP,vapC51,?,Weak
phoP-fabD,phoP,fabD,-,Weak
phoP-Rv3312A,phoP,Rv3312A,-,Weak
phoP-Rv3686c,phoP,Rv3686c,?,Weak
phoP-gca,phoP,gca,?,Weak
phoP-sir,phoP,sir,+,Weak
phoP-Rv2137c,phoP,Rv2137c,?,Weak
phoP-rodA,phoP,rodA,?,Weak
phoP-Rv2331A,phoP,Rv2331A,+,Weak
phoP-Rv2779c,phoP,Rv2779c,+,Weak
phoP-PE27,phoP,PE27,?,Weak
phoP-moaE1,phoP,moaE1,?,Weak
phoP-Rv2288,phoP,Rv2288,-,Weak
phoP-PE_PGRS39,phoP,PE_PGRS39,-,Weak
phoP-Rv0026,phoP,Rv0026,?,Weak
phoP-whiB1,phoP,whiB1,?,Weak
phoP-sigB,phoP,sigB,?,Weak
phoP-pks16,phoP,pks16,?,Weak
phoP-wag31,phoP,wag31,?,Weak
phoP-clpP2,phoP,clpP2,?,Weak
phoP-phoU2,phoP,phoU2,+,Weak
Rv0880-phoP,Rv0880,phoP,?,Weak
Rv0880-mftB,Rv0880,mftB,?,Weak
Rv0880-mihF,Rv0880,mihF,?,Weak
Rv0880-fadD9,Rv0880,fadD9,-,Weak
Rv0880-Rv0756c,Rv0880,Rv0756c,?,Weak
Rv0880-Rv0793,Rv0880,Rv0793,?,Weak
Rv0880-Rv1219c,Rv0880,Rv1219c,?,Weak
Rv0880-espD,Rv0880,espD,?,Weak
Rv0880-Rv0726c,Rv0880,Rv0726c,-,Weak
Rv0880-adhC,Rv0880,adhC,?,Weak
Rv0880-rpoB,Rv0880,rpoB,?,Weak
Rv0880-mftR,Rv0880,mftR,?,Weak
Rv0880-pimB,Rv0880,pimB,?,Weak
Rv0880-idsA2,Rv0880,idsA2,?,Weak
Rv0880-hbhA,Rv0880,hbhA,?,Weak
Rv0880-ppe66,Rv0880,ppe66,?,Weak
Rv0880-Rv2172c,Rv0880,Rv2172c,-,Weak
Rv0880-pks3,Rv0880,pks3,?,Weak
Rv0880-pra,Rv0880,pra,?,Weak
Rv0880-metK,Rv0880,metK,?,Weak
groEL1-groEL1,groEL1,groEL1,+,Weak
Rv2779c-ald,Rv2779c,ald,?,Weak
Rv2779c-Rv2779c,Rv2779c,Rv2779c,+,Weak
Rv0081-moxR3,Rv0081,moxR3,?,Weak
Rv0081-Rv1204c,Rv0081,Rv1204c,?,Weak
Rv0081-iniB,Rv0081,iniB,+,Weak
Rv0081-Rv2525c,Rv0081,Rv2525c,?,Weak
Rv0081-dnaJ1,Rv0081,dnaJ1,-,Weak
Rv0081-ald,Rv0081,ald,?,Weak
Rv0081-Rv0653c,Rv0081,Rv0653c,?,Weak
Rv0081-Rv0730,Rv0081,Rv0730,+,Weak
Rv0081-lipP,Rv0081,lipP,-,Weak
Rv0081-Rv1268c,Rv0081,Rv1268c,?,Weak
Rv0081-Rv1524,Rv0081,Rv1524,?,Weak
Rv0081-Rv0306,Rv0081,Rv0306,?,Weak
Rv0081-Rv0268c,Rv0081,Rv0268c,?,Weak
Rv0081-ppe30,Rv0081,ppe30,?,Weak
Rv0081-mpa,Rv0081,mpa,?,Weak
Rv0081-cdh,Rv0081,cdh,?,Weak
Rv0081-Rv1936,Rv0081,Rv1936,+,Weak
Rv0081-atpA,Rv0081,atpA,?,Weak
Rv0081-yrbE3A,Rv0081,yrbE3A,+,Weak
Rv0081-atpE,Rv0081,atpE,?,Weak
Rv0081-Rv2023A,Rv0081,Rv2023A,?,Weak
Rv0081-erg3,Rv0081,erg3,+,Weak
Rv0081-hbhA,Rv0081,hbhA,?,Weak
Rv0081-mpt63,Rv0081,mpt63,?,Weak
Rv0081-glmM,Rv0081,glmM,?,Weak
Rv0081-Rv2269c,Rv0081,Rv2269c,?,Weak
Rv0081-acpA,Rv0081,acpA,?,Weak
Rv0081-nanT,Rv0081,nanT,?,Weak
Rv0081-Rv1986,Rv0081,Rv1986,?,Weak
Rv0081-sigE,Rv0081,sigE,+,Weak
Rv0081-Rv2132,Rv0081,Rv2132,+,Weak
Rv0081-fdxB,Rv0081,fdxB,?,Weak
Rv0081-Rv1075c,Rv0081,Rv1075c,-,Weak
Rv0081-kstR,Rv0081,kstR,?,Weak
Rv0081-pks3,Rv0081,pks3,?,Weak
Rv0081-Rv1687c,Rv0081,Rv1687c,+,Weak
Rv0081-trmB,Rv0081,trmB,+,Weak
Rv0081-pks6,Rv0081,pks6,-,Weak
Rv0081-Rv2729c,Rv0081,Rv2729c,?,Weak
Rv0081-Rv2506,Rv0081,Rv2506,?,Weak
Rv0081-glnA3,Rv0081,glnA3,?,Weak
Rv0081-glnA2,Rv0081,glnA2,?,Weak
Rv0081-fadD9,Rv0081,fadD9,+,Weak
Rv0081-Rv2723,Rv0081,Rv2723,?,Weak
Rv0081-Rv2722,Rv0081,Rv2722,?,Weak
Rv0081-fadD4,Rv0081,fadD4,?,Weak
Rv0081-fadD5,Rv0081,fadD5,?,Weak
Rv0081-fadD6,Rv0081,fadD6,?,Weak
Rv0081-Rv2645,Rv0081,Rv2645,?,Weak
Rv0081-rpoC,Rv0081,rpoC,?,Weak
Rv0081-vapB49,Rv0081,vapB49,+,Weak
Rv0081-vapB48,Rv0081,vapB48,?,Weak
Rv0081-Rv1590,Rv0081,Rv1590,?,Weak
Rv0081-Rv3830c,Rv0081,Rv3830c,+,Weak
Rv0081-vapB40,Rv0081,vapB40,?,Weak
Rv0081-cysQ,Rv0081,cysQ,?,Weak
Rv0081-fadD30,Rv0081,fadD30,?,Weak
Rv0081-fadD35,Rv0081,fadD35,+,Weak
Rv0081-mazF1,Rv0081,mazF1,?,Weak
Rv0081-gltB,Rv0081,gltB,?,Weak
Rv0081-Rv3054c,Rv0081,Rv3054c,?,Weak
Rv0081-rpsB,Rv0081,rpsB,?,Weak
Rv0081-nucS,Rv0081,nucS,?,Weak
Rv0081-Rv3143,Rv0081,Rv3143,?,Weak
Rv0081-fba,Rv0081,fba,?,Weak
Rv0081-rpsT,Rv0081,rpsT,?,Weak
Rv0081-Rv1588c,Rv0081,Rv1588c,?,Weak
Rv0081-Rv2307c,Rv0081,Rv2307c,+,Weak
Rv0081-Rv3675,Rv0081,Rv3675,+,Weak
Rv0081-Rv2990c,Rv0081,Rv2990c,?,Weak
Rv0081-Rv1313c,Rv0081,Rv1313c,?,Weak
Rv0081-PPE41,Rv0081,PPE41,?,Weak
Rv0081-Rv3613c,Rv0081,Rv3613c,-,Weak
Rv0081-Rv0349,Rv0081,Rv0349,?,Weak
Rv0081-Rv0348,Rv0081,Rv0348,?,Weak
Rv0081-vapB32,Rv0081,vapB32,+,Weak
Rv0081-trxB1,Rv0081,trxB1,?,Weak
Rv0081-Rv1117,Rv0081,Rv1117,?,Weak
Rv0081-Rv1116,Rv0081,Rv1116,?,Weak
Rv0081-Rv1374c,Rv0081,Rv1374c,?,Weak
Rv0081-Rv2307A,Rv0081,Rv2307A,+,Weak
Rv0081-Rv2307B,Rv0081,Rv2307B,?,Weak
Rv0081-Rv2307D,Rv0081,Rv2307D,?,Weak
Rv0081-lpqB,Rv0081,lpqB,?,Weak
Rv0081-rpsR2,Rv0081,rpsR2,?,Weak
Rv0081-Rv1405c,Rv0081,Rv1405c,?,Weak
Rv0081-kgd,Rv0081,kgd,?,Weak
Rv0081-Rv2517c,Rv0081,Rv2517c,+,Weak
Rv0081-fabD,Rv0081,fabD,?,Weak
Rv0081-wecA,Rv0081,wecA,+,Weak
Rv0081-echA11,Rv0081,echA11,?,Weak
Rv0081-Rv2312,Rv0081,Rv2312,?,Weak
Rv0081-Rv1366,Rv0081,Rv1366,?,Weak
Rv0081-Rv1360,Rv0081,Rv1360,?,Weak
Rv0081-Rv3096,Rv0081,Rv3096,-,Weak
Rv0081-Rv0076c,Rv0081,Rv0076c,+,Weak
Rv0081-purT,Rv0081,purT,?,Weak
Rv0081-papA5,Rv0081,papA5,?,Weak
Rv0081-ppe66,Rv0081,ppe66,?,Weak
Rv0081-tam,Rv0081,tam,?,Weak
Rv0081-narG,Rv0081,narG,?,Weak
Rv0081-sir,Rv0081,sir,?,Weak
Rv0081-Rv2779c,Rv0081,Rv2779c,?,Weak
Rv0081-Rv1645c,Rv0081,Rv1645c,?,Weak
Rv0081-Rv3191c,Rv0081,Rv3191c,?,Weak
Rv0081-Rv2387,Rv0081,Rv2387,?,Weak
Rv0081-mgtC,Rv0081,mgtC,+,Weak
Rv0081-Rv0082,Rv0081,Rv0082,-,Weak
Rv0081-smtB,Rv0081,smtB,+,Weak
Rv0081-moaR1,Rv0081,moaR1,+,Weak
Rv0081-Rv0047c,Rv0081,Rv0047c,?,Weak
Rv0081-Rv0756c,Rv0081,Rv0756c,?,Weak
Rv0081-whiB4,Rv0081,whiB4,?,Weak
Rv0081-Rv1672c,Rv0081,Rv1672c,-,Weak
Rv0081-whiB6,Rv0081,whiB6,+,Weak
Rv0081-whiB1,Rv0081,whiB1,-,Weak
Rv0081-whiB2,Rv0081,whiB2,-,Weak
Rv0081-Rv1985c,Rv0081,Rv1985c,+,Weak
Rv0081-Rv1805c,Rv0081,Rv1805c,?,Weak
Rv0081-lat,Rv0081,lat,+,Weak
Rv0081-ahcY,Rv0081,ahcY,?,Weak
Rv0081-Rv0426c,Rv0081,Rv0426c,?,Weak
Rv0081-Rv3848,Rv0081,Rv3848,+,Weak
Rv0081-cmaA2,Rv0081,cmaA2,+,Weak
Rv0081-Rv1158c,Rv0081,Rv1158c,-,Weak
Rv0081-sucC,Rv0081,sucC,?,Weak
Rv0081-Rv2536,Rv0081,Rv2536,?,Weak
Rv0081-Rv0323c,Rv0081,Rv0323c,-,Weak
Rv0081-Rv3632,Rv0081,Rv3632,?,Weak
Rv0081-Rv0830,Rv0081,Rv0830,?,Weak
Rv0081-ruvC,Rv0081,ruvC,-,Weak
Rv0081-gmhA,Rv0081,gmhA,+,Weak
Rv0081-Rv3007c,Rv0081,Rv3007c,?,Weak
Rv0081-PE22,Rv0081,PE22,+,Weak
Rv0081-pcp,Rv0081,pcp,-,Weak
Rv0081-Rv2744c,Rv0081,Rv2744c,?,Weak
Rv0081-ctpJ,Rv0081,ctpJ,+,Weak
Rv0081-Rv1404,Rv0081,Rv1404,?,Weak
Rv0081-PE_PGRS10,Rv0081,PE_PGRS10,-,Weak
Rv0081-Rv3620c,Rv0081,Rv3620c,?,Weak
Rv0081-Rv1339,Rv0081,Rv1339,?,Weak
Rv0081-Rv1332,Rv0081,Rv1332,?,Weak
Rv0081-mbtH,Rv0081,mbtH,?,Weak
Rv0081-Rv0688,Rv0081,Rv0688,?,Weak
Rv0081-Rv2712c,Rv0081,Rv2712c,+,Weak
Rv0081-Rv1048c,Rv0081,Rv1048c,+,Weak
Rv0081-grpE,Rv0081,grpE,-,Weak
Rv0081-Rv1535,Rv0081,Rv1535,?,Weak
Rv0081-Rv1533,Rv0081,Rv1533,+,Weak
Rv0081-Rv0331,Rv0081,Rv0331,+,Weak
Rv0081-Rv2633c,Rv0081,Rv2633c,+,Weak
Rv0081-ftsZ,Rv0081,ftsZ,-,Weak
Rv0081-Rv0412c,Rv0081,Rv0412c,?,Weak
Rv0081-Rv0057,Rv0081,Rv0057,?,Weak
Rv0081-rplO,Rv0081,rplO,?,Weak
Rv0081-Rv3335c,Rv0081,Rv3335c,?,Weak
Rv0081-PE_PGRS7,Rv0081,PE_PGRS7,-,Weak
Rv0081-mpt53,Rv0081,mpt53,?,Weak
Rv0081-Rv3798,Rv0081,Rv3798,?,Weak
Rv0081-mce1R,Rv0081,mce1R,?,Weak
Rv0081-Rv3770c,Rv0081,Rv3770c,?,Weak
Rv0081-Rv0744c,Rv0081,Rv0744c,+,Weak
Rv0081-Rv1792,Rv0081,Rv1792,?,Weak
Rv0081-Rv3831,Rv0081,Rv3831,+,Weak
Rv0081-Rv0043c,Rv0081,Rv0043c,?,Weak
Rv0081-mmr,Rv0081,mmr,+,Weak
Rv0081-nth,Rv0081,nth,?,Weak
Rv0081-Rv1864c,Rv0081,Rv1864c,?,Weak
Rv0081-moaD1,Rv0081,moaD1,+,Weak
Rv0081-rsdA,Rv0081,rsdA,-,Weak
Rv0081-mycP1,Rv0081,mycP1,?,Weak
Rv0081-Rv1995,Rv0081,Rv1995,?,Weak
Rv0081-Rv3922c,Rv0081,Rv3922c,?,Weak
Rv0081-Rv3844,Rv0081,Rv3844,+,Weak
Rv0081-Rv2827c,Rv0081,Rv2827c,+,Weak
Rv0081-argC,Rv0081,argC,?,Weak
Rv0081-carD,Rv0081,carD,?,Weak
Rv0081-lprO,Rv0081,lprO,?,Weak
Rv0081-lprJ,Rv0081,lprJ,+,Weak
Rv0081-Rv3728,Rv0081,Rv3728,-,Weak
Rv0081-lprD,Rv0081,lprD,+,Weak
Rv0081-alkA,Rv0081,alkA,+,Weak
Rv0081-tatA,Rv0081,tatA,?,Weak
Rv0081-Rv3005c,Rv0081,Rv3005c,-,Weak
Rv0081-Rv2737A,Rv0081,Rv2737A,?,Weak
Rv0081-fadD22,Rv0081,fadD22,?,Weak
Rv0081-moaX,Rv0081,moaX,?,Weak
Rv0081-Rv1482c,Rv0081,Rv1482c,?,Weak
Rv0081-Rv0505c,Rv0081,Rv0505c,?,Weak
Rv0081-Rv1192,Rv0081,Rv1192,+,Weak
Rv0081-fmt,Rv0081,fmt,+,Weak
Rv0081-Rv1190,Rv0081,Rv1190,+,Weak
Rv0081-yrbE4B,Rv0081,yrbE4B,?,Weak
Rv0081-Rv2012,Rv0081,Rv2012,?,Weak
Rv0081-fbpA,Rv0081,fbpA,?,Weak
Rv0081-Rv3661,Rv0081,Rv3661,?,Weak
Rv0081-pstB2,Rv0081,pstB2,?,Weak
Rv0081-pstB1,Rv0081,pstB1,?,Weak
Rv0081-vapC47,Rv0081,vapC47,?,Weak
Rv0081-Rv2044c,Rv0081,Rv2044c,?,Weak
Rv0081-vapC49,Rv0081,vapC49,+,Weak
Rv0081-Rv0476,Rv0081,Rv0476,?,Weak
Rv0081-Rv0474,Rv0081,Rv0474,+,Weak
Rv0081-vapB28,Rv0081,vapB28,+,Weak
Rv0081-Rv1435c,Rv0081,Rv1435c,-,Weak
Rv0081-vapB24,Rv0081,vapB24,?,Weak
Rv0081-Rv3399,Rv0081,Rv3399,?,Weak
Rv0081-vapB20,Rv0081,vapB20,+,Weak
Rv0081-PE31,Rv0081,PE31,?,Weak
Rv0081-Rv2369c,Rv0081,Rv2369c,?,Weak
Rv0081-alaS,Rv0081,alaS,?,Weak
Rv0081-dnaG,Rv0081,dnaG,?,Weak
Rv0081-Rv0579,Rv0081,Rv0579,+,Weak
Rv0081-Rv0576,Rv0081,Rv0576,+,Weak
Rv0081-dnaK,Rv0081,dnaK,?,Weak
Rv0081-ltp1,Rv0081,ltp1,?,Weak
Rv0081-Rv0397,Rv0081,Rv0397,-,Weak
Rv0081-Rv3811,Rv0081,Rv3811,-,Weak
Rv0081-Rv1990c,Rv0081,Rv1990c,+,Weak
Rv0081-Rv2161c,Rv0081,Rv2161c,?,Weak
Rv0081-PE_PGRS26,Rv0081,PE_PGRS26,-,Weak
Rv0081-Rv1804c,Rv0081,Rv1804c,?,Weak
Rv0081-Rv0654,Rv0081,Rv0654,+,Weak
Rv0081-Rv2302,Rv0081,Rv2302,+,Weak
Rv0081-tgs2,Rv0081,tgs2,+,Weak
Rv0081-PE_PGRS57,Rv0081,PE_PGRS57,-,Weak
Rv0081-Rv0493c,Rv0081,Rv0493c,+,Weak
Rv0081-Rv2288,Rv0081,Rv2288,?,Weak
Rv0081-Rv2588c,Rv0081,Rv2588c,?,Weak
Rv0081-Rv2283,Rv0081,Rv2283,?,Weak
Rv0081-gabT,Rv0081,gabT,?,Weak
Rv0081-ppe59,Rv0081,ppe59,?,Weak
Rv0081-Rv3527,Rv0081,Rv3527,+,Weak
Rv0081-ppe51,Rv0081,ppe51,?,Weak
Rv0081-ppe57,Rv0081,ppe57,?,Weak
Rv0081-Rv3415c,Rv0081,Rv3415c,?,Weak
Rv0081-phoU2,Rv0081,phoU2,?,Weak
Rv0081-Rv0097,Rv0081,Rv0097,?,Weak
Rv0081-cyp143,Rv0081,cyp143,?,Weak
Rv0081-prpD,Rv0081,prpD,?,Weak
Rv0081-cyp140,Rv0081,cyp140,?,Weak
Rv0081-hsaA,Rv0081,hsaA,?,Weak
Rv0081-idsB,Rv0081,idsB,?,Weak
Rv0081-PPE9,Rv0081,PPE9,?,Weak
Rv0081-prpR,Rv0081,prpR,+,Weak
Rv0081-hddA,Rv0081,hddA,+,Weak
Rv0081-PPE7,Rv0081,PPE7,?,Weak
Rv0081-PPE6,Rv0081,PPE6,?,Weak
Rv0081-ctaE,Rv0081,ctaE,?,Weak
Rv0081-Rv2059,Rv0081,Rv2059,?,Weak
Rv0081-Rv0293c,Rv0081,Rv0293c,+,Weak
Rv0081-Rv1507c,Rv0081,Rv1507c,?,Weak
Rv0081-mmpL5,Rv0081,mmpL5,?,Weak
Rv0081-sthA,Rv0081,sthA,+,Weak
Rv0081-nrdF2,Rv0081,nrdF2,?,Weak
Rv0081-pimE,Rv0081,pimE,?,Weak
Rv0081-cyp130,Rv0081,cyp130,+,Weak
Rv0081-Rv1509,Rv0081,Rv1509,?,Weak
Rv0081-Rv3055,Rv0081,Rv3055,+,Weak
Rv0081-Rv0479c,Rv0081,Rv0479c,?,Weak
Rv0081-espR,Rv0081,espR,?,Weak
Rv0081-Rv2348c,Rv0081,Rv2348c,?,Weak
Rv0081-crp,Rv0081,crp,?,Weak
Rv0081-Rv3900c,Rv0081,Rv3900c,?,Weak
Rv0081-fadD18,Rv0081,fadD18,?,Weak
Rv0081-Rv3660c,Rv0081,Rv3660c,?,Weak
Rv0081-fadD10,Rv0081,fadD10,?,Weak
Rv0081-Rv2617c,Rv0081,Rv2617c,?,Weak
Rv0081-Rv2172c,Rv0081,Rv2172c,-,Weak
Rv0081-Rv0480c,Rv0081,Rv0480c,?,Weak
Rv0081-Rv2452c,Rv0081,Rv2452c,+,Weak
Rv0081-PE_PGRS62,Rv0081,PE_PGRS62,?,Weak
Rv0081-Rv1875,Rv0081,Rv1875,+,Weak
Rv0081-Rv0963c,Rv0081,Rv0963c,?,Weak
Rv0081-espI,Rv0081,espI,?,Weak
Rv0081-Rv0324,Rv0081,Rv0324,-,Weak
Rv0081-Rv3142c,Rv0081,Rv3142c,+,Weak
Rv0081-Rv0320,Rv0081,Rv0320,-,Weak
Rv0081-vapC15,Rv0081,vapC15,?,Weak
Rv0081-espB,Rv0081,espB,?,Weak
Rv0081-dnaB,Rv0081,dnaB,?,Weak
Rv0081-Rv0998,Rv0081,Rv0998,?,Weak
Rv0081-fadE23,Rv0081,fadE23,+,Weak
Rv0081-fadE20,Rv0081,fadE20,+,Weak
Rv0081-ppe19,Rv0081,ppe19,?,Weak
Rv0081-Rv2203,Rv0081,Rv2203,?,Weak
Rv0081-ppe15,Rv0081,ppe15,?,Weak
Rv0081-grcC2,Rv0081,grcC2,?,Weak
Rv0081-idsA2,Rv0081,idsA2,?,Weak
Rv0081-Rv2971,Rv0081,Rv2971,?,Weak
Rv0081-Rv1491c,Rv0081,Rv1491c,?,Weak
Rv0081-tuf,Rv0081,tuf,?,Weak
Rv0081-yrbE1A,Rv0081,yrbE1A,?,Weak
Rv0081-ispH2,Rv0081,ispH2,?,Weak
Rv0081-Rv0741,Rv0081,Rv0741,?,Weak
Rv0081-Rv2562,Rv0081,Rv2562,?,Weak
Rv0081-Rv0219,Rv0081,Rv0219,?,Weak
Rv0081-Rv0218,Rv0081,Rv0218,?,Weak
Rv0081-Rv0196,Rv0081,Rv0196,+,Weak
Rv0081-vapB6,Rv0081,vapB6,?,Weak
Rv0081-Rv3277,Rv0081,Rv3277,?,Weak
Rv0081-Rv2347c,Rv0081,Rv2347c,?,Weak
Rv0081-Rv3023c,Rv0081,Rv3023c,?,Weak
Rv0081-vapB47,Rv0081,vapB47,?,Weak
Rv0081-trcR,Rv0081,trcR,-,Weak
Rv0081-bioF2,Rv0081,bioF2,+,Weak
Rv0081-pstS1,Rv0081,pstS1,?,Weak
Rv0081-pstS2,Rv0081,pstS2,?,Weak
Rv0081-Rv2242,Rv0081,Rv2242,?,Weak
Rv0081-Rv2368c,Rv0081,Rv2368c,?,Weak
Rv0081-Rv2137c,Rv0081,Rv2137c,?,Weak
Rv0081-hmp,Rv0081,hmp,+,Weak
Rv0081-PE27A,Rv0081,PE27A,?,Weak
Rv0081-Rv2148c,Rv0081,Rv2148c,-,Weak
Rv0081-rpmE,Rv0081,rpmE,?,Weak
Rv0081-adoK,Rv0081,adoK,?,Weak
Rv0081-rubB,Rv0081,rubB,+,Weak
Rv0081-PE7,Rv0081,PE7,?,Weak
Rv0081-Rv3706c,Rv0081,Rv3706c,?,Weak
Rv0081-Rv1688,Rv0081,Rv1688,+,Weak
Rv0081-Rv0045c,Rv0081,Rv0045c,?,Weak
Rv0081-Rv1265,Rv0081,Rv1265,+,Weak
Rv0081-Rv0494,Rv0081,Rv0494,?,Weak
Rv0081-vapC51,Rv0081,vapC51,?,Weak
Rv0081-Rv0793,Rv0081,Rv0793,?,Weak
Rv0081-fabG,Rv0081,fabG,+,Weak
Rv0081-pepQ,Rv0081,pepQ,?,Weak
Rv0081-Rv3008,Rv0081,Rv3008,?,Weak
Rv0081-yidC,Rv0081,yidC,?,Weak
Rv0081-vapB15,Rv0081,vapB15,?,Weak
Rv0081-vapB17,Rv0081,vapB17,+,Weak
Rv0081-Rv2665,Rv0081,Rv2665,?,Weak
Rv0081-Rv2666,Rv0081,Rv2666,?,Weak
Rv0081-Rv0318c,Rv0081,Rv0318c,?,Weak
Rv0081-PE25,Rv0081,PE25,?,Weak
Rv0081-PE_PGRS38,Rv0081,PE_PGRS38,-,Weak
Rv0081-arsC,Rv0081,arsC,?,Weak
Rv0081-Rv1403c,Rv0081,Rv1403c,?,Weak
Rv0081-pks11,Rv0081,pks11,?,Weak
Rv0081-alkB,Rv0081,alkB,+,Weak
Rv0081-pks15,Rv0081,pks15,?,Weak
Rv0081-pks16,Rv0081,pks16,+,Weak
Rv0081-Rv3075c,Rv0081,Rv3075c,-,Weak
Rv0081-Rv0790c,Rv0081,Rv0790c,?,Weak
Rv0081-Rv1829,Rv0081,Rv1829,?,Weak
Rv0081-rpmB2,Rv0081,rpmB2,?,Weak
Rv0081-Rv1320c,Rv0081,Rv1320c,+,Weak
Rv0081-Rv1532c,Rv0081,Rv1532c,?,Weak
Rv0081-rsmG,Rv0081,rsmG,?,Weak
Rv0081-Rv2323c,Rv0081,Rv2323c,+,Weak
Rv0081-mce4A,Rv0081,mce4A,?,Weak
Rv0081-Rv2808,Rv0081,Rv2808,?,Weak
Rv0081-Rv2809,Rv0081,Rv2809,-,Weak
Rv0081-Rv1920,Rv0081,Rv1920,+,Weak
Rv0081-Rv2807,Rv0081,Rv2807,?,Weak
Rv0081-sufC,Rv0081,sufC,+,Weak
Rv0081-Rv2563,Rv0081,Rv2563,?,Weak
Rv0081-Rv3239c,Rv0081,Rv3239c,?,Weak
Rv0081-Rv2560,Rv0081,Rv2560,?,Weak
Rv0081-mce3R,Rv0081,mce3R,+,Weak
Rv0081-Rv0145,Rv0081,Rv0145,?,Weak
Rv0081-mftE,Rv0081,mftE,+,Weak
Rv0081-Rv1424c,Rv0081,Rv1424c,-,Weak
Rv0081-Rv1566c,Rv0081,Rv1566c,?,Weak
Rv0081-Rv1674c,Rv0081,Rv1674c,+,Weak
Rv0081-Rv3249c,Rv0081,Rv3249c,?,Weak
Rv0081-Rv0966c,Rv0081,Rv0966c,?,Weak
Rv0081-Rv1863c,Rv0081,Rv1863c,?,Weak
Rv0081-dnaE2,Rv0081,dnaE2,?,Weak
Rv0081-Rv3528c,Rv0081,Rv3528c,?,Weak
Rv0081-Rv0424c,Rv0081,Rv0424c,?,Weak
Rv0081-nuoB,Rv0081,nuoB,-,Weak
Rv0081-nuoF,Rv0081,nuoF,-,Weak
Rv0081-nuoG,Rv0081,nuoG,-,Weak
Rv0081-Rv2100,Rv0081,Rv2100,+,Weak
Rv0081-Rv0500A,Rv0081,Rv0500A,?,Weak
Rv0081-Rv2432c,Rv0081,Rv2432c,?,Weak
Rv0081-rpsQ,Rv0081,rpsQ,?,Weak
Rv0081-Rv2730,Rv0081,Rv2730,?,Weak
Rv0081-Rv2638,Rv0081,Rv2638,?,Weak
Rv0081-fadE8,Rv0081,fadE8,?,Weak
Rv0081-celA2a,Rv0081,celA2a,?,Weak
Rv0081-cyp135B1,Rv0081,cyp135B1,?,Weak
Rv0081-cyp125,Rv0081,cyp125,+,Weak
Rv0081-vapB50,Rv0081,vapB50,?,Weak
Rv0081-Rv2516c,Rv0081,Rv2516c,+,Weak
Rv0081-Rv0520,Rv0081,Rv0520,?,Weak
Rv0081-mazE1,Rv0081,mazE1,?,Weak
Rv0081-Rv1230c,Rv0081,Rv1230c,-,Weak
Rv0081-Rv1425,Rv0081,Rv1425,+,Weak
Rv0081-icl,Rv0081,icl,+,Weak
Rv0081-Rv0910,Rv0081,Rv0910,?,Weak
Rv0081-Rv2034,Rv0081,Rv2034,+,Weak
Rv0081-ddn,Rv0081,ddn,+,Weak
Rv0081-Rv3760,Rv0081,Rv3760,?,Weak
Rv0081-nmtR,Rv0081,nmtR,?,Weak
Rv0081-bisC,Rv0081,bisC,?,Weak
Rv0081-vapC20,Rv0081,vapC20,+,Weak
Rv0081-vapB39,Rv0081,vapB39,?,Weak
Rv0081-vapC24,Rv0081,vapC24,?,Weak
Rv0081-Rv2146c,Rv0081,Rv2146c,?,Weak
Rv0081-espG2,Rv0081,espG2,?,Weak
Rv0081-PPE52,Rv0081,PPE52,-,Weak
Rv0081-Rv0178,Rv0081,Rv0178,?,Weak
Rv0081-Rv2292c,Rv0081,Rv2292c,?,Weak
Rv0081-eccD2,Rv0081,eccD2,?,Weak
Rv0081-lexA,Rv0081,lexA,?,Weak
Rv0081-ppe36,Rv0081,ppe36,+,Weak
Rv0081-relE,Rv0081,relE,?,Weak
Rv0081-mutT3,Rv0081,mutT3,-,Weak
Rv0081-log,Rv0081,log,?,Weak
Rv0081-Rv1810,Rv0081,Rv1810,?,Weak
Rv0081-mutT4,Rv0081,mutT4,?,Weak
Rv0081-Rv0188,Rv0081,Rv0188,+,Weak
Rv0081-cmtR,Rv0081,cmtR,+,Weak
Rv0081-esxA,Rv0081,esxA,?,Weak
Rv0081-lppK,Rv0081,lppK,?,Weak
Rv0081-esxG,Rv0081,esxG,?,Weak
Rv0081-esxL,Rv0081,esxL,?,Weak
Rv0081-esxN,Rv0081,esxN,?,Weak
Rv0081-esxQ,Rv0081,esxQ,+,Weak
Rv0081-esxR,Rv0081,esxR,?,Weak
Rv0081-esxS,Rv0081,esxS,?,Weak
Rv0081-Rv2282c,Rv0081,Rv2282c,?,Weak
Rv0081-Rv3269,Rv0081,Rv3269,?,Weak
Rv0081-mmpS2,Rv0081,mmpS2,-,Weak
Rv0081-mmpS1,Rv0081,mmpS1,?,Weak
Rv0081-Rv1975,Rv0081,Rv1975,+,Weak
Rv0081-Rv2991,Rv0081,Rv2991,?,Weak
Rv0081-csoR,Rv0081,csoR,+,Weak
Rv0081-Rv0075,Rv0081,Rv0075,?,Weak
Rv0081-Rv1290A,Rv0081,Rv1290A,?,Weak
Rv0081-Rv2742c,Rv0081,Rv2742c,?,Weak
Rv0081-phoP,Rv0081,phoP,?,Weak
Rv0081-Rv1780,Rv0081,Rv1780,?,Weak
Rv0081-pit,Rv0081,pit,?,Weak
Rv0081-Rv3888c,Rv0081,Rv3888c,?,Weak
Rv0081-qcrB,Rv0081,qcrB,-,Weak
Rv0081-Rv0837c,Rv0081,Rv0837c,+,Weak
Rv0081-tig,Rv0081,tig,?,Weak
Rv0081-Rv2346c,Rv0081,Rv2346c,?,Weak
Rv0081-Rv3179,Rv0081,Rv3179,?,Weak
Rv0081-Rv2256c,Rv0081,Rv2256c,?,Weak
Rv0081-Rv3076,Rv0081,Rv3076,+,Weak
Rv0081-Rv3398c,Rv0081,Rv3398c,?,Weak
Rv0081-Rv3376,Rv0081,Rv3376,?,Weak
Rv0081-Rv3371,Rv0081,Rv3371,+,Weak
Rv0081-fadA5,Rv0081,fadA5,+,Weak
Rv0081-PE19,Rv0081,PE19,?,Weak
Rv0081-PE17,Rv0081,PE17,-,Weak
Rv0081-PE15,Rv0081,PE15,?,Weak
Rv0081-Rv3492c,Rv0081,Rv3492c,?,Weak
Rv0047c-Rv3747,Rv0047c,Rv3747,?,Weak
Rv0047c-Rv1204c,Rv0047c,Rv1204c,?,Weak
Rv0047c-desA1,Rv0047c,desA1,?,Weak
Rv0047c-Rv2323c,Rv0047c,Rv2323c,?,Weak
Rv0047c-moeZ,Rv0047c,moeZ,?,Weak
Rv0047c-Rv2598,Rv0047c,Rv2598,?,Weak
Rv0047c-Rv0610c,Rv0047c,Rv0610c,?,Weak
Rv0047c-Rv2809,Rv0047c,Rv2809,?,Weak
Rv0047c-Rv2409c,Rv0047c,Rv2409c,?,Weak
Rv0047c-coaBC,Rv0047c,coaBC,?,Weak
Rv0047c-rseA,Rv0047c,rseA,?,Weak
Rv0047c-Rv2777c,Rv0047c,Rv2777c,?,Weak
Rv0047c-ctaF,Rv0047c,ctaF,?,Weak
Rv0047c-nrp,Rv0047c,nrp,+,Weak
Rv0047c-Rv0470A,Rv0047c,Rv0470A,?,Weak
Rv0047c-Rv3007c,Rv0047c,Rv3007c,?,Weak
Rv0047c-Rv3770c,Rv0047c,Rv3770c,?,Weak
Rv0047c-Rv2563,Rv0047c,Rv2563,?,Weak
Rv0047c-Rv2562,Rv0047c,Rv2562,?,Weak
Rv0047c-mce3R,Rv0047c,mce3R,?,Weak
Rv0047c-Rv2525c,Rv0047c,Rv2525c,?,Weak
Rv0047c-Rv3057c,Rv0047c,Rv3057c,?,Weak
Rv0047c-Rv0147,Rv0047c,Rv0147,?,Weak
Rv0047c-Rv1520,Rv0047c,Rv1520,?,Weak
Rv0047c-Rv1507c,Rv0047c,Rv1507c,?,Weak
Rv0047c-Rv2684,Rv0047c,Rv2684,?,Weak
Rv0047c-Rv0148,Rv0047c,Rv0148,?,Weak
Rv0047c-Rv0268c,Rv0047c,Rv0268c,?,Weak
Rv0047c-kshA,Rv0047c,kshA,?,Weak
Rv0047c-PE_PGRS14,Rv0047c,PE_PGRS14,?,Weak
Rv0047c-Rv1339,Rv0047c,Rv1339,?,Weak
Rv0047c-ppe36,Rv0047c,ppe36,?,Weak
Rv0047c-sthA,Rv0047c,sthA,?,Weak
Rv0047c-vapB49,Rv0047c,vapB49,?,Weak
Rv0047c-Rv0464c,Rv0047c,Rv0464c,?,Weak
Rv0047c-Rv0611c,Rv0047c,Rv0611c,?,Weak
Rv0047c-PE_PGRS54,Rv0047c,PE_PGRS54,?,Weak
Rv0047c-Rv0248c,Rv0047c,Rv0248c,?,Weak
Rv0047c-Rv3249c,Rv0047c,Rv3249c,?,Weak
Rv0047c-Rv1509,Rv0047c,Rv1509,?,Weak
Rv0047c-Rv2952,Rv0047c,Rv2952,?,Weak
Rv0047c-Rv2729c,Rv0047c,Rv2729c,?,Weak
Rv0047c-cyp139,Rv0047c,cyp139,?,Weak
Rv0047c-Rv1532c,Rv0047c,Rv1532c,?,Weak
Rv0047c-hemL,Rv0047c,hemL,?,Weak
Rv0047c-Rv3660c,Rv0047c,Rv3660c,?,Weak
Rv0047c-Rv2712c,Rv0047c,Rv2712c,?,Weak
Rv0047c-Rv0947c,Rv0047c,Rv0947c,?,Weak
Rv0047c-Rv3916c,Rv0047c,Rv3916c,?,Weak
Rv0047c-Rv1883c,Rv0047c,Rv1883c,?,Weak
Rv0047c-Rv3238c,Rv0047c,Rv3238c,?,Weak
Rv0047c-chp2,Rv0047c,chp2,?,Weak
Rv0047c-PPE60,Rv0047c,PPE60,?,Weak
Rv0047c-Rv1533,Rv0047c,Rv1533,?,Weak
Rv0047c-Rv3198A,Rv0047c,Rv3198A,?,Weak
Rv0047c-Rv2100,Rv0047c,Rv2100,?,Weak
Rv0047c-glmM,Rv0047c,glmM,?,Weak
Rv0047c-Rv3528c,Rv0047c,Rv3528c,?,Weak
Rv0047c-Rv3668c,Rv0047c,Rv3668c,?,Weak
Rv0047c-Rv0059,Rv0047c,Rv0059,?,Weak
Rv0047c-Rv1176c,Rv0047c,Rv1176c,?,Weak
Rv0047c-Rv1836c,Rv0047c,Rv1836c,?,Weak
Rv0047c-Rv2452c,Rv0047c,Rv2452c,?,Weak
Rv0047c-Rv2730,Rv0047c,Rv2730,?,Weak
Rv0047c-Rv0523c,Rv0047c,Rv0523c,?,Weak
Rv0047c-Rv3706c,Rv0047c,Rv3706c,?,Weak
Rv0047c-Rv0572c,Rv0047c,Rv0572c,?,Weak
Rv0047c-Rv3534c,Rv0047c,Rv3534c,?,Weak
Rv0047c-lppL,Rv0047c,lppL,?,Weak
Rv0047c-Rv0057,Rv0047c,Rv0057,?,Weak
Rv0047c-PE1,Rv0047c,PE1,?,Weak
Rv0047c-dhmA2,Rv0047c,dhmA2,?,Weak
Rv0047c-Rv2958c,Rv0047c,Rv2958c,?,Weak
Rv0047c-Rv0686,Rv0047c,Rv0686,?,Weak
Rv0047c-Rv3766,Rv0047c,Rv3766,?,Weak
Rv0047c-Rv0801,Rv0047c,Rv0801,?,Weak
Rv0047c-Rv3064c,Rv0047c,Rv3064c,?,Weak
Rv0047c-Rv0047c,Rv0047c,Rv0047c,+,Weak
Rv0047c-Rv3832c,Rv0047c,Rv3832c,?,Weak
Rv0047c-mazE1,Rv0047c,mazE1,?,Weak
Rv0047c-Rv1636,Rv0047c,Rv1636,?,Weak
Rv0047c-Rv1989c,Rv0047c,Rv1989c,?,Weak
Rv0047c-Rv3142c,Rv0047c,Rv3142c,?,Weak
Rv0047c-Rv1314c,Rv0047c,Rv1314c,?,Weak
Rv0047c-nrdH,Rv0047c,nrdH,?,Weak
Rv0047c-Rv3510c,Rv0047c,Rv3510c,?,Weak
Rv0047c-espB,Rv0047c,espB,?,Weak
Rv0047c-Rv2722,Rv0047c,Rv2722,?,Weak
Rv0047c-sigM,Rv0047c,sigM,?,Weak
Rv0047c-vapC13,Rv0047c,vapC13,?,Weak
Rv0047c-pks3,Rv0047c,pks3,?,Weak
Rv0047c-ptrBa,Rv0047c,ptrBa,?,Weak
Rv0047c-mmpS2,Rv0047c,mmpS2,?,Weak
Rv0047c-mce1B,Rv0047c,mce1B,?,Weak
Rv0047c-mce1A,Rv0047c,mce1A,?,Weak
Rv0047c-glnA3,Rv0047c,glnA3,?,Weak
Rv0047c-folK,Rv0047c,folK,?,Weak
Rv0047c-cysM,Rv0047c,cysM,?,Weak
Rv0047c-Rv2347c,Rv0047c,Rv2347c,?,Weak
Rv0047c-cyp135A1,Rv0047c,cyp135A1,?,Weak
Rv0047c-choD,Rv0047c,choD,?,Weak
Rv0047c-Rv3833,Rv0047c,Rv3833,?,Weak
Rv0047c-Rv2723,Rv0047c,Rv2723,?,Weak
Rv0047c-Rv3237c,Rv0047c,Rv3237c,?,Weak
Rv0047c-hbhA,Rv0047c,hbhA,?,Weak
Rv0047c-Rv1861,Rv0047c,Rv1861,?,Weak
Rv0047c-rpmD,Rv0047c,rpmD,-,Weak
Rv0047c-Rv2971,Rv0047c,Rv2971,?,Weak
Rv0047c-vapB47,Rv0047c,vapB47,?,Weak
Rv0047c-bisC,Rv0047c,bisC,?,Weak
Rv0047c-tuf,Rv0047c,tuf,?,Weak
Rv0047c-Rv3435c,Rv0047c,Rv3435c,?,Weak
Rv0047c-etfA,Rv0047c,etfA,?,Weak
Rv0047c-Rv1081c,Rv0047c,Rv1081c,?,Weak
Rv0047c-Rv1842c,Rv0047c,Rv1842c,?,Weak
Rv0047c-Rv2336,Rv0047c,Rv2336,?,Weak
Rv0047c-Rv1810,Rv0047c,Rv1810,?,Weak
Rv0047c-vapC20,Rv0047c,vapC20,?,Weak
Rv0047c-recF,Rv0047c,recF,?,Weak
Rv0047c-acn,Rv0047c,acn,?,Weak
Rv0047c-mazF1,Rv0047c,mazF1,?,Weak
Rv0047c-Rv0264c,Rv0047c,Rv0264c,?,Weak
Rv0047c-Rv2256c,Rv0047c,Rv2256c,?,Weak
Rv0047c-pbpB,Rv0047c,pbpB,?,Weak
Rv0047c-Rv3239c,Rv0047c,Rv3239c,?,Weak
Rv0047c-argA,Rv0047c,argA,?,Weak
Rv0047c-pgsA3,Rv0047c,pgsA3,?,Weak
Rv0047c-cycA,Rv0047c,cycA,?,Weak
Rv0047c-eccD5,Rv0047c,eccD5,?,Weak
Rv0047c-Rv2963,Rv0047c,Rv2963,?,Weak
Rv0047c-rpsB,Rv0047c,rpsB,?,Weak
Rv0047c-vapB6,Rv0047c,vapB6,?,Weak
Rv0047c-Rv2099c,Rv0047c,Rv2099c,?,Weak
Rv0047c-rpsL,Rv0047c,rpsL,?,Weak
Rv0047c-Rv0176,Rv0047c,Rv0176,?,Weak
Rv0047c-Rv0177,Rv0047c,Rv0177,?,Weak
Rv0047c-apt,Rv0047c,apt,?,Weak
Rv0047c-Rv3143,Rv0047c,Rv3143,?,Weak
Rv0047c-fadD25,Rv0047c,fadD25,?,Weak
Rv0047c-vapC11,Rv0047c,vapC11,?,Weak
Rv0047c-vapB2,Rv0047c,vapB2,?,Weak
Rv0047c-Rv3273,Rv0047c,Rv3273,?,Weak
Rv0047c-typA,Rv0047c,typA,?,Weak
Rv0047c-Rv0505c,Rv0047c,Rv0505c,?,Weak
Rv0047c-ino1,Rv0047c,ino1,-,Weak
Rv0047c-Rv3525c,Rv0047c,Rv3525c,?,Weak
Rv0047c-Rv0345,Rv0047c,Rv0345,?,Weak
Rv0047c-fadE5,Rv0047c,fadE5,?,Weak
Rv0047c-trkA,Rv0047c,trkA,?,Weak
Rv0047c-mutT4,Rv0047c,mutT4,?,Weak
Rv0047c-vapB36,Rv0047c,vapB36,?,Weak
Rv0047c-vapB32,Rv0047c,vapB32,?,Weak
Rv0047c-yrbE4B,Rv0047c,yrbE4B,?,Weak
Rv0047c-Rv0770,Rv0047c,Rv0770,?,Weak
Rv0047c-ppe54,Rv0047c,ppe54,?,Weak
Rv0047c-Rv0060,Rv0047c,Rv0060,?,Weak
Rv0047c-zmp1,Rv0047c,zmp1,?,Weak
Rv0047c-Rv2456c,Rv0047c,Rv2456c,?,Weak
Rv0047c-Rv2307A,Rv0047c,Rv2307A,?,Weak
Rv0047c-ahpC,Rv0047c,ahpC,?,Weak
Rv0047c-ribF,Rv0047c,ribF,?,Weak
Rv0047c-Rv2242,Rv0047c,Rv2242,?,Weak
Rv0047c-Rv3922c,Rv0047c,Rv3922c,?,Weak
Rv0047c-Rv3656c,Rv0047c,Rv3656c,?,Weak
Rv0047c-Rv3811,Rv0047c,Rv3811,?,Weak
Rv0047c-Rv0245,Rv0047c,Rv0245,?,Weak
Rv0047c-Rv0161,Rv0047c,Rv0161,?,Weak
Rv0047c-lpqJ,Rv0047c,lpqJ,?,Weak
Rv0047c-Rv2137c,Rv0047c,Rv2137c,?,Weak
Rv0047c-Rv2077c,Rv0047c,Rv2077c,?,Weak
Rv0047c-Rv1277,Rv0047c,Rv1277,?,Weak
Rv0047c-mca,Rv0047c,mca,?,Weak
Rv0047c-Rv1729c,Rv0047c,Rv1729c,?,Weak
Rv0047c-Rv0961,Rv0047c,Rv0961,?,Weak
Rv0047c-lpqQ,Rv0047c,lpqQ,?,Weak
Rv0047c-uppP,Rv0047c,uppP,?,Weak
Rv0047c-kgd,Rv0047c,kgd,?,Weak
Rv0047c-Rv2016,Rv0047c,Rv2016,?,Weak
Rv0047c-lpqZ,Rv0047c,lpqZ,?,Weak
Rv0047c-Rv3269,Rv0047c,Rv3269,?,Weak
Rv0047c-vapC49,Rv0047c,vapC49,?,Weak
Rv0047c-Rv3221c,Rv0047c,Rv3221c,?,Weak
Rv0047c-Rv1817,Rv0047c,Rv1817,?,Weak
Rv0047c-mmaA1,Rv0047c,mmaA1,?,Weak
Rv0047c-Rv0457c,Rv0047c,Rv0457c,?,Weak
Rv0047c-eis,Rv0047c,eis,?,Weak
Rv0047c-Rv0306,Rv0047c,Rv0306,?,Weak
Rv0047c-erp,Rv0047c,erp,?,Weak
Rv0047c-Rv1044,Rv0047c,Rv1044,?,Weak
Rv0047c-rubB,Rv0047c,rubB,?,Weak
Rv0047c-vapB24,Rv0047c,vapB24,?,Weak
Rv0047c-Rv2491,Rv0047c,Rv2491,?,Weak
Rv0047c-Rv3013,Rv0047c,Rv3013,?,Weak
Rv0047c-vapB21,Rv0047c,vapB21,?,Weak
Rv0047c-vapB20,Rv0047c,vapB20,?,Weak
Rv0047c-PE2,Rv0047c,PE2,?,Weak
Rv0047c-moaB1,Rv0047c,moaB1,?,Weak
Rv0047c-PE31,Rv0047c,PE31,?,Weak
Rv0047c-Rv3655c,Rv0047c,Rv3655c,-,Weak
Rv0047c-PE34,Rv0047c,PE34,?,Weak
Rv0047c-Rv0075,Rv0047c,Rv0075,?,Weak
Rv0047c-lppT,Rv0047c,lppT,?,Weak
Rv0047c-Rv0461,Rv0047c,Rv0461,?,Weak
Rv0047c-Rv0499,Rv0047c,Rv0499,?,Weak
Rv0047c-Rv2742c,Rv0047c,Rv2742c,?,Weak
Rv0047c-Rv0492c,Rv0047c,Rv0492c,?,Weak
Rv0047c-Rv3828c,Rv0047c,Rv3828c,?,Weak
Rv0047c-Rv2473,Rv0047c,Rv2473,?,Weak
Rv0047c-Rv2472,Rv0047c,Rv2472,?,Weak
Rv0047c-vapC24,Rv0047c,vapC24,?,Weak
Rv0047c-PE_PGRS23,Rv0047c,PE_PGRS23,?,Weak
Rv0047c-papA1,Rv0047c,papA1,?,Weak
Rv0047c-glfT1,Rv0047c,glfT1,?,Weak
Rv0047c-pcaA,Rv0047c,pcaA,?,Weak
Rv0047c-vapC51,Rv0047c,vapC51,?,Weak
Rv0047c-fabD,Rv0047c,fabD,?,Weak
Rv0047c-Rv3740c,Rv0047c,Rv3740c,?,Weak
Rv0047c-narI,Rv0047c,narI,?,Weak
Rv0047c-narH,Rv0047c,narH,?,Weak
Rv0047c-ppe68,Rv0047c,ppe68,?,Weak
Rv0047c-narJ,Rv0047c,narJ,?,Weak
Rv0047c-ppe66,Rv0047c,ppe66,?,Weak
Rv0047c-gatC,Rv0047c,gatC,?,Weak
Rv0047c-Rv1830,Rv0047c,Rv1830,?,Weak
Rv0047c-PE_PGRS26,Rv0047c,PE_PGRS26,?,Weak
Rv0047c-Rv1834,Rv0047c,Rv1834,?,Weak
Rv0047c-Rv0143c,Rv0047c,Rv0143c,?,Weak
Rv0047c-vapB11,Rv0047c,vapB11,?,Weak
Rv0047c-vapB14,Rv0047c,vapB14,?,Weak
Rv0047c-Rv2962c,Rv0047c,Rv2962c,?,Weak
Rv0047c-hpt,Rv0047c,hpt,?,Weak
Rv0047c-rpfC,Rv0047c,rpfC,?,Weak
Rv0047c-Rv2675c,Rv0047c,Rv2675c,?,Weak
Rv0047c-Rv3762c,Rv0047c,Rv3762c,?,Weak
Rv0047c-Rv1106c,Rv0047c,Rv1106c,?,Weak
Rv0047c-mgtC,Rv0047c,mgtC,?,Weak
Rv0047c-Rv0082,Rv0047c,Rv0082,?,Weak
Rv0047c-ripB,Rv0047c,ripB,?,Weak
Rv0047c-moaR1,Rv0047c,moaR1,?,Weak
Rv0047c-Rv2787,Rv0047c,Rv2787,?,Weak
Rv0047c-qcrB,Rv0047c,qcrB,?,Weak
Rv0047c-tsaE,Rv0047c,tsaE,?,Weak
Rv0047c-Rv0204c,Rv0047c,Rv0204c,?,Weak
Rv0047c-gyrA,Rv0047c,gyrA,?,Weak
Rv0047c-eccA3,Rv0047c,eccA3,?,Weak
Rv0047c-Rv3233c,Rv0047c,Rv3233c,?,Weak
Rv0047c-Rv3611,Rv0047c,Rv3611,?,Weak
Rv0047c-Rv1835c,Rv0047c,Rv1835c,?,Weak
Rv0047c-whiB3,Rv0047c,whiB3,?,Weak
Rv0047c-PE_PGRS35,Rv0047c,PE_PGRS35,?,Weak
Rv0047c-yrbE3A,Rv0047c,yrbE3A,+,Weak
Rv0047c-Rv1985c,Rv0047c,Rv1985c,?,Weak
Rv0047c-ppe59,Rv0047c,ppe59,?,Weak
Rv0047c-ppe58,Rv0047c,ppe58,?,Weak
Rv0047c-Rv1496,Rv0047c,Rv1496,?,Weak
Rv0047c-log,Rv0047c,log,?,Weak
Rv0047c-ppk2,Rv0047c,ppk2,?,Weak
Rv0047c-Rv0205,Rv0047c,Rv0205,?,Weak
Rv0047c-ppe51,Rv0047c,ppe51,?,Weak
Rv0047c-ppe57,Rv0047c,ppe57,?,Weak
Rv0047c-Rv0097,Rv0047c,Rv0097,?,Weak
Rv0047c-sigD,Rv0047c,sigD,?,Weak
Rv0047c-lppY,Rv0047c,lppY,?,Weak
Rv0047c-cmaA2,Rv0047c,cmaA2,?,Weak
Rv0047c-Rv3492c,Rv0047c,Rv3492c,?,Weak
Rv0047c-cbs,Rv0047c,cbs,?,Weak
Rv0047c-Rv0986,Rv0047c,Rv0986,?,Weak
Rv0047c-Rv2098c,Rv0047c,Rv2098c,?,Weak
Rv0047c-murA,Rv0047c,murA,?,Weak
Rv0047c-Rv3594,Rv0047c,Rv3594,?,Weak
Rv0047c-mtcA2,Rv0047c,mtcA2,?,Weak
Rv0047c-tsf,Rv0047c,tsf,?,Weak
Rv0047c-vapC47,Rv0047c,vapC47,?,Weak
Rv1473A-Rv1324,Rv1473A,Rv1324,?,Weak
Rv1473A-rplX,Rv1473A,rplX,?,Weak
Rv1473A-Rv0034,Rv1473A,Rv0034,?,Weak
Rv1473A-Rv3719,Rv1473A,Rv3719,?,Weak
Rv1473A-Rv0759c,Rv1473A,Rv0759c,?,Weak
Rv1473A-Rv1480,Rv1473A,Rv1480,?,Weak
Rv1473A-rplK,Rv1473A,rplK,?,Weak
Rv1473A-ppe66,Rv1473A,ppe66,?,Weak
Rv1473A-Rv3737,Rv1473A,Rv3737,?,Weak
Rv1473A-Rv0813c,Rv1473A,Rv0813c,?,Weak
Rv1473A-Rv2806,Rv1473A,Rv2806,?,Weak
Rv1473A-Rv3814c,Rv1473A,Rv3814c,?,Weak
Rv1473A-Rv0650,Rv1473A,Rv0650,?,Weak
Rv1473A-Rv3898c,Rv1473A,Rv3898c,?,Weak
Rv1473A-crtB,Rv1473A,crtB,?,Weak
Rv1473A-Rv2804c,Rv1473A,Rv2804c,?,Weak
Rv1473A-PE20,Rv1473A,PE20,?,Weak
Rv1473A-Rv3193c,Rv1473A,Rv3193c,?,Weak
Rv1473A-PE26,Rv1473A,PE26,?,Weak
Rv1473A-Rv1751,Rv1473A,Rv1751,?,Weak
Rv1473A-Rv3718c,Rv1473A,Rv3718c,?,Weak
Rv1473A-prfB,Rv1473A,prfB,?,Weak
Rv1473A-Rv1635c,Rv1473A,Rv1635c,?,Weak
Rv1473A-rplB,Rv1473A,rplB,?,Weak
Rv1473A-lpqH,Rv1473A,lpqH,?,Weak
Rv1473A-moaE1,Rv1473A,moaE1,?,Weak
Rv1473A-Rv3387,Rv1473A,Rv3387,?,Weak
Rv1473A-narS,Rv1473A,narS,?,Weak
Rv1473A-Rv0787,Rv1473A,Rv0787,?,Weak
Rv1473A-Rv0786c,Rv1473A,Rv0786c,?,Weak
Rv1473A-Rv2517c,Rv1473A,Rv2517c,?,Weak
Rv1473A-ispF,Rv1473A,ispF,?,Weak
Rv1473A-Rv3104c,Rv1473A,Rv3104c,?,Weak
Rv1473A-ftsE,Rv1473A,ftsE,?,Weak
Rv1473A-PPE35,Rv1473A,PPE35,?,Weak
Rv1473A-Rv0247c,Rv1473A,Rv0247c,?,Weak
Rv1473A-recF,Rv1473A,recF,?,Weak
Rv1473A-sugB,Rv1473A,sugB,?,Weak
Rv1473A-ldtB,Rv1473A,ldtB,?,Weak
Rv1473A-Rv2025c,Rv1473A,Rv2025c,?,Weak
Rv1473A-Rv1686c,Rv1473A,Rv1686c,?,Weak
Rv1473A-Rv2516c,Rv1473A,Rv2516c,?,Weak
nadR-espA,nadR,espA,?,Weak
nadR-kasA,nadR,kasA,?,Weak
nadR-Rv0485,nadR,Rv0485,?,Weak
Rv3833-Rv3832c,Rv3833,Rv3832c,?,Weak
Rv3833-Rv3833,Rv3833,Rv3833,+,Weak
Rv2324-Rv2597,Rv2324,Rv2597,?,Weak
Rv2324-Rv1322,Rv2324,Rv1322,?,Weak
Rv2324-Rv2323c,Rv2324,Rv2323c,-,Weak
Rv2324-Rv0139,Rv2324,Rv0139,?,Weak
Rv2324-Rv2803,Rv2324,Rv2803,-,Weak
Rv2324-uvrA,Rv2324,uvrA,?,Weak
Rv2324-Rv2203,Rv2324,Rv2203,?,Weak
Rv2324-Rv2562,Rv2324,Rv2562,?,Weak
Rv2324-Rv3241c,Rv2324,Rv3241c,?,Weak
Rv2324-Rv2585c,Rv2324,Rv2585c,?,Weak
Rv2324-Rv3740c,Rv2324,Rv3740c,?,Weak
Rv2324-Rv1339,Rv2324,Rv1339,?,Weak
Rv2324-gcvP,Rv2324,gcvP,-,Weak
Rv2324-Rv0997,Rv2324,Rv0997,?,Weak
Rv2324-Rv0843,Rv2324,Rv0843,?,Weak
Rv2324-Rv0831c,Rv2324,Rv0831c,?,Weak
Rv2324-Rv1000c,Rv2324,Rv1000c,?,Weak
Rv2324-lipQ,Rv2324,lipQ,?,Weak
Rv2324-atpE,Rv2324,atpE,?,Weak
Rv2324-Rv3660c,Rv2324,Rv3660c,?,Weak
Rv2324-Rv3827c,Rv2324,Rv3827c,?,Weak
Rv2324-embA,Rv2324,embA,?,Weak
Rv2324-Rv3238c,Rv2324,Rv3238c,?,Weak
Rv2324-echA14,Rv2324,echA14,?,Weak
Rv2324-hbhA,Rv2324,hbhA,?,Weak
Rv2324-rpfC,Rv2324,rpfC,?,Weak
Rv2324-mprA,Rv2324,mprA,?,Weak
Rv2324-fadE2,Rv2324,fadE2,?,Weak
Rv2324-lppB,Rv2324,lppB,?,Weak
Rv2324-glyQS,Rv2324,glyQS,?,Weak
Rv2324-lppJ,Rv2324,lppJ,?,Weak
Rv2324-Rv0052,Rv2324,Rv0052,?,Weak
Rv2324-cyp135B1,Rv2324,cyp135B1,-,Weak
Rv2324-rplJ,Rv2324,rplJ,?,Weak
Rv2324-cobL,Rv2324,cobL,?,Weak
Rv2324-aroK,Rv2324,aroK,?,Weak
Rv2324-Rv3064c,Rv2324,Rv3064c,?,Weak
Rv2324-mazE3,Rv2324,mazE3,?,Weak
Rv2324-rraA,Rv2324,rraA,?,Weak
Rv2324-ligA,Rv2324,ligA,?,Weak
Rv2324-Rv3798,Rv2324,Rv3798,?,Weak
Rv2324-espB,Rv2324,espB,?,Weak
Rv2324-kstR,Rv2324,kstR,?,Weak
Rv2324-trmB,Rv2324,trmB,?,Weak
Rv2324-pks5,Rv2324,pks5,?,Weak
Rv2324-PPE64,Rv2324,PPE64,?,Weak
Rv2324-mce1D,Rv2324,mce1D,?,Weak
Rv2324-Rv2723,Rv2324,Rv2723,?,Weak
Rv2324-Rv2722,Rv2324,Rv2722,?,Weak
Rv2324-fadD6,Rv2324,fadD6,?,Weak
Rv2324-Rv2646,Rv2324,Rv2646,-,Weak
Rv2324-Rv2645,Rv2324,Rv2645,-,Weak
Rv2324-Rv1861,Rv2324,Rv1861,?,Weak
Rv2324-grcC2,Rv2324,grcC2,?,Weak
Rv2324-Rv3645,Rv2324,Rv3645,?,Weak
Rv2324-mmr,Rv2324,mmr,?,Weak
Rv2324-bisC,Rv2324,bisC,?,Weak
Rv2324-Rv0299,Rv2324,Rv0299,?,Weak
Rv2324-glmM,Rv2324,glmM,?,Weak
Rv2324-Rv2336,Rv2324,Rv2336,?,Weak
Rv2324-mycP1,Rv2324,mycP1,?,Weak
Rv2324-mazF3,Rv2324,mazF3,?,Weak
Rv2324-Rv3033,Rv2324,Rv3033,?,Weak
Rv2324-Rv1104,Rv2324,Rv1104,?,Weak
Rv2324-Rv1504c,Rv2324,Rv1504c,?,Weak
Rv2324-eccB4,Rv2324,eccB4,?,Weak
Rv2324-Rv3046c,Rv2324,Rv3046c,?,Weak
Rv2324-Rv3771c,Rv2324,Rv3771c,?,Weak
Rv2324-Rv3239c,Rv2324,Rv3239c,?,Weak
Rv2324-PPE52,Rv2324,PPE52,-,Weak
Rv2324-eccD2,Rv2324,eccD2,?,Weak
Rv2324-vapC30,Rv2324,vapC30,?,Weak
Rv2324-Rv2307c,Rv2324,Rv2307c,?,Weak
Rv2324-relE,Rv2324,relE,?,Weak
Rv2324-lprQ,Rv2324,lprQ,?,Weak
Rv2324-Rv1619,Rv2324,Rv1619,?,Weak
Rv2324-tesB1,Rv2324,tesB1,?,Weak
Rv2324-kstR2,Rv2324,kstR2,?,Weak
Rv2324-yrbE4B,Rv2324,yrbE4B,?,Weak
Rv2324-pflA,Rv2324,pflA,?,Weak
Rv2324-Rv2802c,Rv2324,Rv2802c,?,Weak
Rv2324-glyA2,Rv2324,glyA2,?,Weak
Rv2324-Rv1374c,Rv2324,Rv1374c,?,Weak
Rv2324-Rv0207c,Rv2324,Rv0207c,?,Weak
Rv2324-Rv1341,Rv2324,Rv1341,?,Weak
Rv2324-mtrA,Rv2324,mtrA,?,Weak
Rv2324-Rv3661,Rv2324,Rv3661,?,Weak
Rv2324-lpqD,Rv2324,lpqD,?,Weak
Rv2324-lpqR,Rv2324,lpqR,-,Weak
Rv2324-lpqZ,Rv2324,lpqZ,?,Weak
Rv2324-Rv3269,Rv2324,Rv3269,?,Weak
Rv2324-PE_PGRS26,Rv2324,PE_PGRS26,?,Weak
Rv2324-adoK,Rv2324,adoK,?,Weak
Rv2324-Rv2557,Rv2324,Rv2557,?,Weak
Rv2324-mmuM,Rv2324,mmuM,?,Weak
Rv2324-Rv3013,Rv2324,Rv3013,?,Weak
Rv2324-Rv2311,Rv2324,Rv2311,-,Weak
Rv2324-Rv2312,Rv2324,Rv2312,-,Weak
Rv2324-dnaA,Rv2324,dnaA,?,Weak
Rv2324-Rv2799,Rv2324,Rv2799,?,Weak
Rv2324-pcaA,Rv2324,pcaA,?,Weak
Rv2324-Rv1360,Rv2324,Rv1360,?,Weak
Rv2324-csoR,Rv2324,csoR,?,Weak
Rv2324-Rv3096,Rv2324,Rv3096,?,Weak
Rv2324-Rv0991c,Rv2324,Rv0991c,?,Weak
Rv2324-Rv3611,Rv2324,Rv3611,?,Weak
Rv2324-Rv3828c,Rv2324,Rv3828c,?,Weak
Rv2324-Rv2798c,Rv2324,Rv2798c,?,Weak
Rv2324-PE_PGRS22,Rv2324,PE_PGRS22,?,Weak
Rv2324-Rv0497,Rv2324,Rv0497,?,Weak
Rv2324-vapC25,Rv2324,vapC25,?,Weak
Rv2324-trxB,Rv2324,trxB,?,Weak
Rv2324-fabD,Rv2324,fabD,?,Weak
Rv2324-narG,Rv2324,narG,?,Weak
Rv2324-gatC,Rv2324,gatC,?,Weak
Rv2324-qcrB,Rv2324,qcrB,?,Weak
Rv2324-Rv1540,Rv2324,Rv1540,?,Weak
Rv2324-vapB17,Rv2324,vapB17,?,Weak
Rv2324-Rv2079,Rv2324,Rv2079,?,Weak
Rv2324-Rv3191c,Rv2324,Rv3191c,?,Weak
Rv2324-ansA,Rv2324,ansA,?,Weak
Rv2324-PE_PGRS54,Rv2324,PE_PGRS54,?,Weak
Rv2324-smtB,Rv2324,smtB,?,Weak
Rv2324-PE_PGRS38,Rv2324,PE_PGRS38,-,Weak
Rv2324-pbpA,Rv2324,pbpA,?,Weak
Rv2324-whiB1,Rv2324,whiB1,?,Weak
Rv2324-alkA,Rv2324,alkA,?,Weak
Rv2324-htdY,Rv2324,htdY,?,Weak
Rv2324-sigD,Rv2324,sigD,?,Weak
Rv2324-icl,Rv2324,icl,?,Weak
Rv2324-PE17,Rv2324,PE17,-,Weak
Rv2324-Rv2146c,Rv2324,Rv2146c,?,Weak
Rv2324-Rv1101c,Rv2324,Rv1101c,?,Weak
mprA-Rv0842,mprA,Rv0842,?,Weak
mprA-Rv2432c,mprA,Rv2432c,?,Weak
mprA-Rv2639c,mprA,Rv2639c,?,Weak
mprA-PE25,mprA,PE25,?,Weak
mprA-PPE18,mprA,PPE18,?,Weak
Rv1773c-espA,Rv1773c,espA,?,Weak
Rv1773c-Rv1773c,Rv1773c,Rv1773c,+,Weak
Rv1773c-Rv1774,Rv1773c,Rv1774,-,Weak
Rv1773c-rpoB,Rv1773c,rpoB,?,Weak
Rv3160c-Rv3811,Rv3160c,Rv3811,?,Weak
Rv3160c-wag31,Rv3160c,wag31,?,Weak
Rv3160c-rpsD,Rv3160c,rpsD,?,Weak
Rv3160c-espA,Rv3160c,espA,?,Weak
Rv3160c-Rv1870c,Rv3160c,Rv1870c,?,Weak
Rv3160c-Rv3479,Rv3160c,Rv3479,?,Weak
Rv3160c-PE22,Rv3160c,PE22,?,Weak
Rv3160c-rpoA,Rv3160c,rpoA,?,Weak
Rv3160c-lsr2,Rv3160c,lsr2,?,Weak
Rv3160c-Rv1116,Rv3160c,Rv1116,?,Weak
Rv3160c-Rv1573,Rv3160c,Rv1573,?,Weak
Rv3160c-Rv2307B,Rv3160c,Rv2307B,?,Weak
Rv3160c-Rv1572c,Rv3160c,Rv1572c,?,Weak
Rv3160c-Rv3161c,Rv3160c,Rv3161c,-,Weak
Rv2017-Rv2016,Rv2017,Rv2016,-,Weak
Rv3173c-fbpA,Rv3173c,fbpA,?,Weak
Rv3173c-Rv0320,Rv3173c,Rv0320,?,Weak
Rv3173c-espA,Rv3173c,espA,?,Weak
Rv3173c-mesT,Rv3173c,mesT,?,Weak
Rv3173c-rpoB,Rv3173c,rpoB,?,Weak
Rv3173c-Rv3177,Rv3173c,Rv3177,?,Weak
Rv3173c-Rv3173c,Rv3173c,Rv3173c,+,Weak
Rv3173c-Rv3174,Rv3173c,Rv3174,?,Weak
tcrA-Rv2452c,tcrA,Rv2452c,?,Weak
tcrA-rnhB,tcrA,rnhB,?,Weak
tcrA-PE_PGRS62,tcrA,PE_PGRS62,?,Weak
tcrA-ald,tcrA,ald,?,Weak
tcrA-Rv1265,tcrA,Rv1265,?,Weak
tcrA-higB2,tcrA,higB2,?,Weak
tcrA-fabD,tcrA,fabD,?,Weak
tcrA-Rv2307B,tcrA,Rv2307B,?,Weak
tcrA-Rv2438A,tcrA,Rv2438A,?,Weak
tcrA-lppT,tcrA,lppT,?,Weak
tcrA-lppY,tcrA,lppY,?,Weak
tcrA-echA1,tcrA,echA1,?,Weak
tcrA-Rv2197c,tcrA,Rv2197c,?,Weak
tcrA-Rv3888c,tcrA,Rv3888c,?,Weak
tcrA-Rv2787,tcrA,Rv2787,?,Weak
tcrA-Rv1986,tcrA,Rv1986,?,Weak
tcrA-gpmA,tcrA,gpmA,?,Weak
tcrA-sigE,tcrA,sigE,?,Weak
tcrA-Rv3007c,tcrA,Rv3007c,?,Weak
tcrA-ybeY,tcrA,ybeY,?,Weak
tcrA-tcrA,tcrA,tcrA,+,Weak
tcrA-Rv2562,tcrA,Rv2562,?,Weak
tcrA-moaA1,tcrA,moaA1,?,Weak
tcrA-Rv2779c,tcrA,Rv2779c,?,Weak
tcrA-pntB,tcrA,pntB,?,Weak
tcrA-trcR,tcrA,trcR,?,Weak
tcrA-Rv0188,tcrA,Rv0188,?,Weak
tcrA-PE22,tcrA,PE22,?,Weak
tcrA-Rv1524,tcrA,Rv1524,?,Weak
tcrA-trmB,tcrA,trmB,?,Weak
tcrA-Rv1116,tcrA,Rv1116,?,Weak
tcrA-PE31,tcrA,PE31,?,Weak
tcrA-ppe38,tcrA,ppe38,?,Weak
tcrA-Rv1395,tcrA,Rv1395,?,Weak
tcrA-mce3R,tcrA,mce3R,?,Weak
tcrA-Rv1503c,tcrA,Rv1503c,?,Weak
tcrA-Rv3811,tcrA,Rv3811,?,Weak
tcrA-Rv3034c,tcrA,Rv3034c,?,Weak
tcrA-Rv2588c,tcrA,Rv2588c,?,Weak
tcrA-lppL,tcrA,lppL,?,Weak
tcrA-Rv2280,tcrA,Rv2280,-,Weak
tcrA-Rv2137c,tcrA,Rv2137c,?,Weak
tcrA-infB,tcrA,infB,?,Weak
tcrA-esxN,tcrA,esxN,?,Weak
tcrA-Rv1985c,tcrA,Rv1985c,?,Weak
tcrA-uppP,tcrA,uppP,?,Weak
tcrA-cyp132,tcrA,cyp132,?,Weak
tcrA-pks15,tcrA,pks15,?,Weak
tcrA-Rv2884,tcrA,Rv2884,?,Weak
tcrA-mshB,tcrA,mshB,?,Weak
tcrA-Rv2272,tcrA,Rv2272,?,Weak
tcrA-Rv0688,tcrA,Rv0688,?,Weak
tcrA-wag31,tcrA,wag31,?,Weak
tcrA-Rv0463,tcrA,Rv0463,?,Weak
tcrA-Rv2571c,tcrA,Rv2571c,?,Weak
tcrA-Rv1776c,tcrA,Rv1776c,?,Weak
tcrA-Rv3035,tcrA,Rv3035,?,Weak
tcrA-Rv3706c,tcrA,Rv3706c,?,Weak
tcrA-nadE,tcrA,nadE,-,Weak
tcrA-eccB1,tcrA,eccB1,?,Weak
tcrA-Rv3108,tcrA,Rv3108,?,Weak
tcrA-Rv0603,tcrA,Rv0603,+,Weak
tcrA-stp,tcrA,stp,?,Weak
tcrA-Rv0789c,tcrA,Rv0789c,?,Weak
tcrA-Rv2901c,tcrA,Rv2901c,?,Weak
tcrA-mazE6,tcrA,mazE6,?,Weak
tcrA-cyp144,tcrA,cyp144,?,Weak
tcrA-Rv0331,tcrA,Rv0331,?,Weak
tcrA-dnaK,tcrA,dnaK,?,Weak
tcrA-hbhA,tcrA,hbhA,?,Weak
tcrA-PPE55,tcrA,PPE55,?,Weak
tcrA-htpG,tcrA,htpG,?,Weak
tcrX-Rv0178,tcrX,Rv0178,?,Weak
tcrX-eccD5,tcrX,eccD5,?,Weak
tcrX-Rv3249c,tcrX,Rv3249c,?,Weak
tcrX-purT,tcrX,purT,?,Weak
tcrX-Rv3863,tcrX,Rv3863,?,Weak
tcrX-Rv0412c,tcrX,Rv0412c,?,Weak
tcrX-idsB,tcrX,idsB,?,Weak
tcrX-PPE9,tcrX,PPE9,?,Weak
tcrX-pit,tcrX,pit,?,Weak
tcrX-Rv3269,tcrX,Rv3269,?,Weak
tcrX-Rv0095c,tcrX,Rv0095c,-,Weak
tcrX-gca,tcrX,gca,?,Weak
tcrX-Rv1986,tcrX,Rv1986,+,Weak
tcrX-mazE1,tcrX,mazE1,?,Weak
tcrX-sigE,tcrX,sigE,?,Weak
tcrX-gmhA,tcrX,gmhA,+,Weak
tcrX-PPE43,tcrX,PPE43,?,Weak
tcrX-Rv3160c,tcrX,Rv3160c,?,Weak
tcrX-Rv2779c,tcrX,Rv2779c,?,Weak
tcrX-mce3R,tcrX,mce3R,?,Weak
tcrX-tcrX,tcrX,tcrX,+,Weak
tcrX-lsr2,tcrX,lsr2,?,Weak
tcrX-Rv1116,tcrX,Rv1116,?,Weak
tcrX-bioF2,tcrX,bioF2,?,Weak
tcrX-Rv2307B,tcrX,Rv2307B,?,Weak
tcrX-Rv0268c,tcrX,Rv0268c,?,Weak
tcrX-ald,tcrX,ald,?,Weak
tcrX-mutT3,tcrX,mutT3,?,Weak
tcrX-fbpA,tcrX,fbpA,?,Weak
tcrX-mtb12,tcrX,mtb12,?,Weak
tcrX-whiB1,tcrX,whiB1,?,Weak
tcrX-esxN,tcrX,esxN,?,Weak
tcrX-Rv1985c,tcrX,Rv1985c,?,Weak
tcrX-Rv1870c,tcrX,Rv1870c,?,Weak
tcrX-alkB,tcrX,alkB,?,Weak
tcrX-pks15,tcrX,pks15,?,Weak
tcrX-pks16,tcrX,pks16,?,Weak
tcrX-PPE52,tcrX,PPE52,+,Weak
tcrX-lat,tcrX,lat,?,Weak
tcrX-atpA,tcrX,atpA,?,Weak
tcrX-ahcY,tcrX,ahcY,?,Weak
tcrX-Rv1503c,tcrX,Rv1503c,?,Weak
tcrX-yrbE1A,tcrX,yrbE1A,?,Weak
tcrX-rubB,tcrX,rubB,?,Weak
tcrX-Rv0320,tcrX,Rv0320,?,Weak
tcrX-Rv3706c,tcrX,Rv3706c,+,Weak
tcrX-esxR,tcrX,esxR,-,Weak
tcrX-mazF1,tcrX,mazF1,?,Weak
tcrX-pks11,tcrX,pks11,?,Weak
tcrX-accD4,tcrX,accD4,?,Weak
tcrX-PE17,tcrX,PE17,?,Weak
tcrX-Rv2633c,tcrX,Rv2633c,?,Weak
Rv1255c-Rv0634c,Rv1255c,Rv0634c,-,Weak
Rv1255c-moeW,Rv1255c,moeW,+,Weak
Rv1255c-cut2,Rv1255c,cut2,?,Weak
Rv1255c-Rv2638,Rv1255c,Rv2638,-,Weak
Rv1255c-ald,Rv1255c,ald,?,Weak
Rv1255c-fabD,Rv1255c,fabD,?,Weak
Rv1255c-Rv3064c,Rv1255c,Rv3064c,?,Weak
Rv1255c-Rv0455c,Rv1255c,Rv0455c,+,Weak
Rv1255c-umaA,Rv1255c,umaA,?,Weak
Rv1255c-Rv0634A,Rv1255c,Rv0634A,?,Weak
Rv1255c-Rv0950c,Rv1255c,Rv0950c,-,Weak
Rv1255c-Rv2779c,Rv1255c,Rv2779c,?,Weak
Rv1255c-aldA,Rv1255c,aldA,+,Weak
Rv1255c-Rv0892,Rv1255c,Rv0892,?,Weak
Rv1255c-lprO,Rv1255c,lprO,?,Weak
Rv1255c-inhA,Rv1255c,inhA,?,Weak
Rv1255c-Rv1354c,Rv1255c,Rv1354c,?,Weak
Rv1255c-Rv1672c,Rv1255c,Rv1672c,?,Weak
Rv1255c-mmr,Rv1255c,mmr,?,Weak
Rv1255c-Rv1776c,Rv1255c,Rv1776c,?,Weak
Rv1255c-Rv2300c,Rv1255c,Rv2300c,-,Weak
Rv1255c-alkB,Rv1255c,alkB,?,Weak
Rv1255c-cyp130,Rv1255c,cyp130,-,Weak
Rv1255c-rpmE,Rv1255c,rpmE,?,Weak
Rv1255c-wag31,Rv1255c,wag31,?,Weak
Rv1255c-Rv3706c,Rv1255c,Rv3706c,-,Weak
Rv1255c-Rv0891c,Rv1255c,Rv0891c,?,Weak
Rv1255c-cyp144,Rv1255c,cyp144,?,Weak
ramB-prpD,ramB,prpD,?,Weak
ramB-Rv2452c,ramB,Rv2452c,?,Weak
ramB-Rv3371,ramB,Rv3371,?,Weak
ramB-moaX,ramB,moaX,?,Weak
ramB-celA2a,ramB,celA2a,?,Weak
ramB-lppB,ramB,lppB,?,Weak
ramB-Rv0472c,ramB,Rv0472c,?,Weak
ramB-prpR,ramB,prpR,?,Weak
ramB-Rv1847,ramB,Rv1847,?,Weak
ramB-rpsP,ramB,rpsP,?,Weak
ramB-Rv0473,ramB,Rv0473,?,Weak
ramB-narG,ramB,narG,?,Weak
ramB-Rv2516c,ramB,Rv2516c,?,Weak
ramB-Rv2478c,ramB,Rv2478c,?,Weak
ramB-vapB18,ramB,vapB18,?,Weak
ramB-mazE1,ramB,mazE1,?,Weak
ramB-icl,ramB,icl,+,Weak
ramB-pflA,ramB,pflA,?,Weak
ramB-Rv1501,ramB,Rv1501,?,Weak
ramB-Rv3191c,ramB,Rv3191c,?,Weak
ramB-Rv1374c,ramB,Rv1374c,?,Weak
ramB-pstS3,ramB,pstS3,-,Weak
ramB-Rv2307B,ramB,Rv2307B,?,Weak
ramB-Rv0466,ramB,Rv0466,-,Weak
ramB-pstC2,ramB,pstC2,-,Weak
ramB-Rv0464c,ramB,Rv0464c,-,Weak
ramB-Rv3378c,ramB,Rv3378c,?,Weak
ramB-pimF,ramB,pimF,?,Weak
ramB-PPE52,ramB,PPE52,-,Weak
ramB-cut5b,ramB,cut5b,?,Weak
ramB-Rv2517c,ramB,Rv2517c,?,Weak
ramB-Rv3269,ramB,Rv3269,?,Weak
ramB-cut5a,ramB,cut5a,?,Weak
ramB-pgmA,ramB,pgmA,?,Weak
ramB-ramB,ramB,ramB,+,Weak
ramB-Rv3060c,ramB,Rv3060c,?,Weak
ramB-wag31,ramB,wag31,?,Weak
ramB-Rv1503c,ramB,Rv1503c,?,Weak
ramB-Rv2336,ramB,Rv2336,?,Weak
ramB-dnaE2,ramB,dnaE2,?,Weak
ramB-fadD30,ramB,fadD30,?,Weak
ramB-Rv3376,ramB,Rv3376,?,Weak
ramB-wecA,ramB,wecA,?,Weak
ramB-mazF1,ramB,mazF1,?,Weak
ramB-fadE24,ramB,fadE24,-,Weak
ramB-PE19,ramB,PE19,?,Weak
ramB-mpt63,ramB,mpt63,?,Weak
ramB-Rv2479c,ramB,Rv2479c,?,Weak
ramB-Rv1356c,ramB,Rv1356c,?,Weak
Rv3058c-lpqQ,Rv3058c,lpqQ,?,Weak
Rv1049-rbfA,Rv1049,rbfA,?,Weak
Rv1049-hadB,Rv1049,hadB,?,Weak
Rv1049-PPE7,Rv1049,PPE7,?,Weak
Rv1049-Rv0730,Rv1049,Rv0730,-,Weak
Rv1049-pntAb,Rv1049,pntAb,?,Weak
Rv1049-Rv0308,Rv1049,Rv0308,?,Weak
Rv1049-Rv0145,Rv1049,Rv0145,?,Weak
Rv1049-Rv0144,Rv1049,Rv0144,?,Weak
Rv1049-ctpI,Rv1049,ctpI,?,Weak
Rv1049-ctpH,Rv1049,ctpH,?,Weak
Rv1049-Rv0688,Rv1049,Rv0688,-,Weak
Rv1049-leuC,Rv1049,leuC,?,Weak
Rv1049-Rv1566c,Rv1049,Rv1566c,?,Weak
Rv1049-Rv2052c,Rv1049,Rv2052c,?,Weak
Rv1049-Rv3312c,Rv1049,Rv3312c,?,Weak
Rv1049-fprA,Rv1049,fprA,?,Weak
Rv1049-Rv2953,Rv1049,Rv2953,?,Weak
Rv1049-Rv3359,Rv1049,Rv3359,?,Weak
Rv1049-Rv1587c,Rv1049,Rv1587c,?,Weak
Rv1049-Rv3364c,Rv1049,Rv3364c,?,Weak
Rv1049-ureA,Rv1049,ureA,?,Weak
Rv1049-Rv2067c,Rv1049,Rv2067c,?,Weak
Rv1049-Rv0247c,Rv1049,Rv0247c,?,Weak
Rv1049-hemB,Rv1049,hemB,?,Weak
Rv1049-Rv3660c,Rv1049,Rv3660c,?,Weak
Rv1049-nadE,Rv1049,nadE,?,Weak
Rv1049-ftsH,Rv1049,ftsH,?,Weak
Rv1049-Rv2438A,Rv1049,Rv2438A,?,Weak
Rv1049-nuoN,Rv1049,nuoN,?,Weak
Rv1049-Rv2926c,Rv1049,Rv2926c,?,Weak
Rv1049-rplV,Rv1049,rplV,?,Weak
Rv1049-rplU,Rv1049,rplU,?,Weak
Rv1049-celA2a,Rv1049,celA2a,?,Weak
Rv1049-Rv0057,Rv1049,Rv0057,?,Weak
Rv1049-lppW,Rv1049,lppW,?,Weak
Rv1049-rplD,Rv1049,rplD,?,Weak
Rv1049-vapB50,Rv1049,vapB50,?,Weak
Rv1049-espJ,Rv1049,espJ,?,Weak
Rv1049-vapC18,Rv1049,vapC18,?,Weak
Rv1049-mpt51,Rv1049,mpt51,?,Weak
Rv1049-Rv1075c,Rv1049,Rv1075c,-,Weak
Rv1049-Rv3714c,Rv1049,Rv3714c,?,Weak
Rv1049-Rv2239c,Rv1049,Rv2239c,?,Weak
Rv1049-folB,Rv1049,folB,?,Weak
Rv1049-espR,Rv1049,espR,?,Weak
Rv1049-lprQ,Rv1049,lprQ,?,Weak
Rv1049-cysM,Rv1049,cysM,?,Weak
Rv1049-mmpL13b,Rv1049,mmpL13b,?,Weak
Rv1049-prfB,Rv1049,prfB,?,Weak
Rv1049-sepF,Rv1049,sepF,-,Weak
Rv1049-Rv2645,Rv1049,Rv2645,?,Weak
Rv1049-Rv1861,Rv1049,Rv1861,?,Weak
Rv1049-vapC3,Rv1049,vapC3,-,Weak
Rv1049-cysS,Rv1049,cysS,?,Weak
Rv1049-mycP5,Rv1049,mycP5,?,Weak
Rv1049-yrbE1A,Rv1049,yrbE1A,?,Weak
Rv1049-Rv1498A,Rv1049,Rv1498A,?,Weak
Rv1049-Rv3673c,Rv1049,Rv3673c,?,Weak
Rv1049-Rv0454,Rv1049,Rv0454,?,Weak
Rv1049-argD,Rv1049,argD,?,Weak
Rv1049-Rv0452,Rv1049,Rv0452,?,Weak
Rv1049-vapB3,Rv1049,vapB3,-,Weak
Rv1049-Rv0175,Rv1049,Rv0175,-,Weak
Rv1049-Rv2737A,Rv1049,Rv2737A,?,Weak
Rv1049-lexA,Rv1049,lexA,-,Weak
Rv1049-Rv2134c,Rv1049,Rv2134c,?,Weak
Rv1049-fadD28,Rv1049,fadD28,?,Weak
Rv1049-Rv1050,Rv1049,Rv1050,-,Weak
Rv1049-Rv1639c,Rv1049,Rv1639c,?,Weak
Rv1049-Rv0345,Rv1049,Rv0345,?,Weak
Rv1049-gpgS,Rv1049,gpgS,?,Weak
Rv1049-tuf,Rv1049,tuf,?,Weak
Rv1049-bioF2,Rv1049,bioF2,?,Weak
Rv1049-Rv2767c,Rv1049,Rv2767c,?,Weak
Rv1049-Rv1499,Rv1049,Rv1499,?,Weak
Rv1049-espA,Rv1049,espA,?,Weak
Rv1049-lpqJ,Rv1049,lpqJ,?,Weak
Rv1049-fhaB,Rv1049,fhaB,?,Weak
Rv1049-Rv1277,Rv1049,Rv1277,-,Weak
Rv1049-Rv3719,Rv1049,Rv3719,?,Weak
Rv1049-mmpS4,Rv1049,mmpS4,?,Weak
Rv1049-cinA,Rv1049,cinA,?,Weak
Rv1049-ephF,Rv1049,ephF,?,Weak
Rv1049-Rv0476,Rv1049,Rv0476,?,Weak
Rv1049-mmaA3,Rv1049,mmaA3,?,Weak
Rv1049-Rv3072c,Rv1049,Rv3072c,?,Weak
Rv1049-Rv1049,Rv1049,Rv1049,+,Weak
Rv1049-PE31,Rv1049,PE31,?,Weak
Rv1049-dnaB,Rv1049,dnaB,?,Weak
Rv1049-glgA,Rv1049,glgA,?,Weak
Rv1049-Rv3611,Rv1049,Rv3611,?,Weak
Rv1049-Rv2456c,Rv1049,Rv2456c,?,Weak
Rv1049-Rv1780,Rv1049,Rv1780,-,Weak
Rv1049-Rv2238c,Rv1049,Rv2238c,?,Weak
Rv1049-pepD,Rv1049,pepD,?,Weak
Rv1049-pcaA,Rv1049,pcaA,?,Weak
Rv1049-fabG,Rv1049,fabG,-,Weak
Rv1049-purF,Rv1049,purF,?,Weak
Rv1049-ppe68,Rv1049,ppe68,?,Weak
Rv1049-desA2,Rv1049,desA2,?,Weak
Rv1049-purM,Rv1049,purM,?,Weak
Rv1049-desA1,Rv1049,desA1,?,Weak
Rv1049-Rv2989,Rv1049,Rv2989,?,Weak
Rv1049-Rv1586c,Rv1049,Rv1586c,?,Weak
Rv1049-Rv3360,Rv1049,Rv3360,?,Weak
Rv1049-hpt,Rv1049,hpt,?,Weak
Rv1049-PE22,Rv1049,PE22,?,Weak
Rv1049-Rv0210,Rv1049,Rv0210,?,Weak
Rv1049-pnp,Rv1049,pnp,?,Weak
Rv1049-ppsE,Rv1049,ppsE,?,Weak
Rv1049-ppsD,Rv1049,ppsD,?,Weak
Rv1049-gyrA,Rv1049,gyrA,?,Weak
Rv1049-fabD2,Rv1049,fabD2,?,Weak
Rv1049-whiB6,Rv1049,whiB6,?,Weak
Rv1049-Rv1986,Rv1049,Rv1986,+,Weak
Rv1049-gabP,Rv1049,gabP,?,Weak
Rv1049-Rv1985c,Rv1049,Rv1985c,?,Weak
Rv1049-Rv2256c,Rv1049,Rv2256c,?,Weak
Rv1049-pyrD,Rv1049,pyrD,?,Weak
Rv1049-Rv2271,Rv1049,Rv2271,?,Weak
Rv1049-caeA,Rv1049,caeA,?,Weak
Rv1049-fadA2,Rv1049,fadA2,?,Weak
Rv1049-fdxC,Rv1049,fdxC,-,Weak
Rv1049-Rv2146c,Rv1049,Rv2146c,?,Weak
Rv1049-Rv2148c,Rv1049,Rv2148c,?,Weak
Rv1176c-fdxC,Rv1176c,fdxC,?,Weak
Rv1176c-Rv1176c,Rv1176c,Rv1176c,+,Weak
virS-mymA,virS,mymA,?,Weak
virS-virS,virS,virS,+,Weak
Rv1460-mazE1,Rv1460,mazE1,?,Weak
Rv1460-mazF1,Rv1460,mazF1,?,Weak
Rv1460-PE22,Rv1460,PE22,?,Weak
Rv1460-lsr2,Rv1460,lsr2,?,Weak
Rv1460-Rv1116,Rv1460,Rv1116,?,Weak
Rv1460-Rv1460,Rv1460,Rv1460,+,Weak
Rv2640c-rpoB,Rv2640c,rpoB,?,Weak
nmtR-ctpJ,nmtR,ctpJ,?,Weak
nmtR-nmtR,nmtR,nmtR,+,Weak
Rv1353c-Rv0238,Rv1353c,Rv0238,?,Weak
Rv1353c-dhaA,Rv1353c,dhaA,-,Weak
Rv1353c-Rv1204c,Rv1353c,Rv1204c,?,Weak
Rv1353c-hsaA,Rv1353c,hsaA,+,Weak
Rv1353c-Rv3860,Rv1353c,Rv3860,?,Weak
Rv1353c-ald,Rv1353c,ald,?,Weak
Rv1353c-idsB,Rv1353c,idsB,?,Weak
Rv1353c-Rv1922,Rv1353c,Rv1922,?,Weak
Rv1353c-Rv1480,Rv1353c,Rv1480,?,Weak
Rv1353c-Rv1920,Rv1353c,Rv1920,?,Weak
Rv1353c-pstP,Rv1353c,pstP,?,Weak
Rv1353c-Rv3405c,Rv1353c,Rv3405c,?,Weak
Rv1353c-Rv1567c,Rv1353c,Rv1567c,-,Weak
Rv1353c-xseA,Rv1353c,xseA,?,Weak
Rv1353c-xseB,Rv1353c,xseB,-,Weak
Rv1353c-Rv0455c,Rv1353c,Rv0455c,-,Weak
Rv1353c-Rv3225c,Rv1353c,Rv3225c,?,Weak
Rv1353c-Rv2203,Rv1353c,Rv2203,?,Weak
Rv1353c-Rv0658c,Rv1353c,Rv0658c,?,Weak
Rv1353c-ctaC,Rv1353c,ctaC,?,Weak
Rv1353c-pntAb,Rv1353c,pntAb,?,Weak
Rv1353c-Rv2141c,Rv1353c,Rv2141c,?,Weak
Rv1353c-Rv0387c,Rv1353c,Rv0387c,?,Weak
Rv1353c-Rv2562,Rv1353c,Rv2562,?,Weak
Rv1353c-Rv2059,Rv1353c,Rv2059,?,Weak
Rv1353c-Rv2567,Rv1353c,Rv2567,-,Weak
Rv1353c-Rv2566,Rv1353c,Rv2566,?,Weak
Rv1353c-Rv0293c,Rv1353c,Rv0293c,+,Weak
Rv1353c-fic,Rv1353c,fic,?,Weak
Rv1353c-Rv0150c,Rv1353c,Rv0150c,?,Weak
Rv1353c-cyp138,Rv1353c,cyp138,?,Weak
Rv1353c-Rv1401,Rv1353c,Rv1401,-,Weak
Rv1353c-ctpH,Rv1353c,ctpH,?,Weak
Rv1353c-ephD,Rv1353c,ephD,-,Weak
Rv1353c-Rv1404,Rv1353c,Rv1404,?,Weak
Rv1353c-Rv3188,Rv1353c,Rv3188,?,Weak
Rv1353c-Rv0302,Rv1353c,Rv0302,?,Weak
Rv1353c-mmpL6,Rv1353c,mmpL6,?,Weak
Rv1353c-Rv2578c,Rv1353c,Rv2578c,?,Weak
Rv1353c-Rv1281c,Rv1353c,Rv1281c,?,Weak
Rv1353c-Rv2811,Rv1353c,Rv2811,?,Weak
Rv1353c-Rv1424c,Rv1353c,Rv1424c,?,Weak
Rv1353c-Rv1337,Rv1353c,Rv1337,?,Weak
Rv1353c-Rv2663,Rv1353c,Rv2663,?,Weak
Rv1353c-otsA,Rv1353c,otsA,-,Weak
Rv1353c-Rv3753c,Rv1353c,Rv3753c,-,Weak
Rv1353c-Rv0842,Rv1353c,Rv0842,?,Weak
Rv1353c-modA,Rv1353c,modA,-,Weak
Rv1353c-Rv1272c,Rv1353c,Rv1272c,?,Weak
Rv1353c-PE19,Rv1353c,PE19,?,Weak
Rv1353c-pgsA3,Rv1353c,pgsA3,-,Weak
Rv1353c-pknD,Rv1353c,pknD,?,Weak
Rv1353c-atpE,Rv1353c,atpE,?,Weak
Rv1353c-Rv3060c,Rv1353c,Rv3060c,?,Weak
Rv1353c-Rv2880c,Rv1353c,Rv2880c,?,Weak
Rv1353c-Rv3660c,Rv1353c,Rv3660c,?,Weak
Rv1353c-fadE28,Rv1353c,fadE28,?,Weak
Rv1353c-Rv0538,Rv1353c,Rv0538,?,Weak
Rv1353c-hemA,Rv1353c,hemA,-,Weak
Rv1353c-Rv0687,Rv1353c,Rv0687,?,Weak
Rv1353c-ftsW,Rv1353c,ftsW,?,Weak
Rv1353c-Rv3902c,Rv1353c,Rv3902c,?,Weak
Rv1353c-dlaT,Rv1353c,dlaT,?,Weak
Rv1353c-Rv1506c,Rv1353c,Rv1506c,?,Weak
Rv1353c-Rv0605,Rv1353c,Rv0605,?,Weak
Rv1353c-fabG1,Rv1353c,fabG1,?,Weak
Rv1353c-nuoE,Rv1353c,nuoE,?,Weak
Rv1353c-folP2,Rv1353c,folP2,-,Weak
Rv1353c-dsbF,Rv1353c,dsbF,?,Weak
Rv1353c-Rv0947c,Rv1353c,Rv0947c,?,Weak
Rv1353c-ftsX,Rv1353c,ftsX,?,Weak
Rv1353c-Rv0059,Rv1353c,Rv0059,?,Weak
Rv1353c-ppe23,Rv1353c,ppe23,+,Weak
Rv1353c-nlhH,Rv1353c,nlhH,-,Weak
Rv1353c-Rv2452c,Rv1353c,Rv2452c,?,Weak
Rv1353c-Rv2731,Rv1353c,Rv2731,?,Weak
Rv1353c-Rv3728,Rv1353c,Rv3728,?,Weak
Rv1353c-Rv2719c,Rv1353c,Rv2719c,?,Weak
Rv1353c-argA,Rv1353c,argA,-,Weak
Rv1353c-hisI,Rv1353c,hisI,?,Weak
Rv1353c-Rv0057,Rv1353c,Rv0057,?,Weak
Rv1353c-lppP,Rv1353c,lppP,?,Weak
Rv1353c-Rv1875,Rv1353c,Rv1875,?,Weak
Rv1353c-tyrA,Rv1353c,tyrA,?,Weak
Rv1353c-rplM,Rv1353c,rplM,-,Weak
Rv1353c-lppX,Rv1353c,lppX,?,Weak
Rv1353c-echA3,Rv1353c,echA3,?,Weak
Rv1353c-Rv1856c,Rv1353c,Rv1856c,-,Weak
Rv1353c-proC,Rv1353c,proC,?,Weak
Rv1353c-Rv3064c,Rv1353c,Rv3064c,?,Weak
Rv1353c-Rv2576c,Rv1353c,Rv2576c,-,Weak
Rv1353c-Rv0520,Rv1353c,Rv0520,?,Weak
Rv1353c-sigC,Rv1353c,sigC,?,Weak
Rv1353c-mazE7,Rv1353c,mazE7,?,Weak
Rv1353c-Rv1425,Rv1353c,Rv1425,?,Weak
Rv1353c-Rv1682,Rv1353c,Rv1682,?,Weak
Rv1353c-lipI,Rv1353c,lipI,?,Weak
Rv1353c-espA,Rv1353c,espA,?,Weak
Rv1353c-murB,Rv1353c,murB,?,Weak
Rv1353c-fdxA,Rv1353c,fdxA,?,Weak
Rv1353c-Rv3162c,Rv1353c,Rv3162c,+,Weak
Rv1353c-Rv3903c,Rv1353c,Rv3903c,?,Weak
Rv1353c-Rv3127,Rv1353c,Rv3127,?,Weak
Rv1353c-pks2,Rv1353c,pks2,+,Weak
Rv1353c-Rv2658c,Rv1353c,Rv2658c,?,Weak
Rv1353c-Rv3094c,Rv1353c,Rv3094c,?,Weak
Rv1353c-fadE29,Rv1353c,fadE29,+,Weak
Rv1353c-pks6,Rv1353c,pks6,?,Weak
Rv1353c-menB,Rv1353c,menB,-,Weak
Rv1353c-pks4,Rv1353c,pks4,+,Weak
Rv1353c-Rv0998,Rv1353c,Rv0998,-,Weak
Rv1353c-metK,Rv1353c,metK,?,Weak
Rv1353c-mce1A,Rv1353c,mce1A,?,Weak
Rv1353c-glnA2,Rv1353c,glnA2,-,Weak
Rv1353c-glnA1,Rv1353c,glnA1,?,Weak
Rv1353c-mptA,Rv1353c,mptA,?,Weak
Rv1353c-cysM,Rv1353c,cysM,?,Weak
Rv1353c-Rv0187,Rv1353c,Rv0187,?,Weak
Rv1353c-Rv3489,Rv1353c,Rv3489,?,Weak
Rv1353c-Rv3488,Rv1353c,Rv3488,?,Weak
Rv1353c-Rv3741c,Rv1353c,Rv3741c,?,Weak
Rv1353c-sufC,Rv1353c,sufC,?,Weak
Rv1353c-Rv2765,Rv1353c,Rv2765,?,Weak
Rv1353c-fadD7,Rv1353c,fadD7,?,Weak
Rv1353c-Rv1637c,Rv1353c,Rv1637c,-,Weak
Rv1353c-sepF,Rv1353c,sepF,?,Weak
Rv1353c-vapC2,Rv1353c,vapC2,?,Weak
Rv1353c-Rv0737,Rv1353c,Rv0737,?,Weak
Rv1353c-Rv3406,Rv1353c,Rv3406,?,Weak
Rv1353c-rpfA,Rv1353c,rpfA,?,Weak
Rv1353c-Rv3645,Rv1353c,Rv3645,?,Weak
Rv1353c-uvrA,Rv1353c,uvrA,-,Weak
Rv1353c-Rv1491c,Rv1353c,Rv1491c,?,Weak
Rv1353c-vapB47,Rv1353c,vapB47,?,Weak
Rv1353c-bisC,Rv1353c,bisC,?,Weak
Rv1353c-Rv3027c,Rv1353c,Rv3027c,?,Weak
Rv1353c-Rv1403c,Rv1353c,Rv1403c,?,Weak
Rv1353c-Rv1025,Rv1353c,Rv1025,?,Weak
Rv1353c-Rv2331,Rv1353c,Rv2331,?,Weak
Rv1353c-ispH1,Rv1353c,ispH1,?,Weak
Rv1353c-hspR,Rv1353c,hspR,?,Weak
Rv1353c-Rv1985c,Rv1353c,Rv1985c,?,Weak
Rv1353c-Rv3922c,Rv1353c,Rv3922c,?,Weak
Rv1353c-Rv2232,Rv1353c,Rv2232,-,Weak
Rv1353c-Rv0358,Rv1353c,Rv0358,?,Weak
Rv1353c-Rv0272c,Rv1353c,Rv0272c,+,Weak
Rv1353c-pcaA,Rv1353c,pcaA,?,Weak
Rv1353c-Rv3031,Rv1353c,Rv3031,?,Weak
Rv1353c-Rv3603c,Rv1353c,Rv3603c,-,Weak
Rv1353c-cysK1,Rv1353c,cysK1,-,Weak
Rv1353c-Rv0210,Rv1353c,Rv0210,?,Weak
Rv1353c-nirD,Rv1353c,nirD,?,Weak
Rv1353c-Rv3233c,Rv1353c,Rv3233c,?,Weak
Rv1353c-Rv1363c,Rv1353c,Rv1363c,?,Weak
Rv1353c-Rv2827c,Rv1353c,Rv2827c,?,Weak
Rv1353c-kshA,Rv1353c,kshA,-,Weak
Rv1353c-carD,Rv1353c,carD,?,Weak
Rv1353c-Rv3077,Rv1353c,Rv3077,?,Weak
Rv1353c-lprL,Rv1353c,lprL,?,Weak
Rv1353c-bioA,Rv1353c,bioA,?,Weak
Rv1353c-rpsB,Rv1353c,rpsB,?,Weak
Rv1353c-ufaA1,Rv1353c,ufaA1,?,Weak
Rv1353c-Rv2569c,Rv1353c,Rv2569c,?,Weak
Rv1353c-moaC1,Rv1353c,moaC1,?,Weak
Rv1353c-vapC47,Rv1353c,vapC47,-,Weak
Rv1353c-Rv0176,Rv1353c,Rv0176,?,Weak
Rv1353c-Rv0177,Rv1353c,Rv0177,?,Weak
Rv1353c-Rv0248c,Rv1353c,Rv0248c,?,Weak
Rv1353c-Rv2792c,Rv1353c,Rv2792c,?,Weak
Rv1353c-Rv2134c,Rv1353c,Rv2134c,?,Weak
Rv1353c-Rv1919c,Rv1353c,Rv1919c,-,Weak
Rv1353c-rph,Rv1353c,rph,?,Weak
Rv1353c-Rv3707c,Rv1353c,Rv3707c,?,Weak
Rv1353c-ponA2,Rv1353c,ponA2,-,Weak
Rv1353c-dinG,Rv1353c,dinG,?,Weak
Rv1353c-Rv3386,Rv1353c,Rv3386,?,Weak
Rv1353c-fecB,Rv1353c,fecB,-,Weak
Rv1353c-Rv0183,Rv1353c,Rv0183,-,Weak
Rv1353c-log,Rv1353c,log,-,Weak
Rv1353c-mraY,Rv1353c,mraY,?,Weak
Rv1353c-fmt,Rv1353c,fmt,?,Weak
Rv1353c-Rv0135c,Rv1353c,Rv0135c,?,Weak
Rv1353c-trcS,Rv1353c,trcS,+,Weak
Rv1353c-gpgS,Rv1353c,gpgS,-,Weak
Rv1353c-Rv1691,Rv1353c,Rv1691,-,Weak
Rv1353c-Rv1374c,Rv1353c,Rv1374c,?,Weak
Rv1353c-Rv0461,Rv1353c,Rv0461,?,Weak
Rv1353c-lspA,Rv1353c,lspA,?,Weak
Rv1353c-mutA,Rv1353c,mutA,?,Weak
Rv1353c-cmtR,Rv1353c,cmtR,?,Weak
Rv1353c-Rv2401,Rv1353c,Rv2401,?,Weak
Rv1353c-lpqB,Rv1353c,lpqB,?,Weak
Rv1353c-esxB,Rv1353c,esxB,?,Weak
Rv1353c-Rv0481c,Rv1353c,Rv0481c,?,Weak
Rv1353c-mtrA,Rv1353c,mtrA,?,Weak
Rv1353c-murD,Rv1353c,murD,?,Weak
Rv1353c-Rv3661,Rv1353c,Rv3661,-,Weak
Rv1353c-Rv3817,Rv1353c,Rv3817,?,Weak
Rv1353c-Rv1043c,Rv1353c,Rv1043c,?,Weak
Rv1353c-Rv1405c,Rv1353c,Rv1405c,?,Weak
Rv1353c-Rv1339,Rv1353c,Rv1339,?,Weak
Rv1353c-Rv0731c,Rv1353c,Rv0731c,?,Weak
Rv1353c-infA,Rv1353c,infA,?,Weak
Rv1353c-treY,Rv1353c,treY,?,Weak
Rv1353c-ctpI,Rv1353c,ctpI,-,Weak
Rv1353c-lpqP,Rv1353c,lpqP,?,Weak
Rv1353c-Rv2250c,Rv1353c,Rv2250c,?,Weak
Rv1353c-thiC,Rv1353c,thiC,?,Weak
Rv1353c-Rv1887,Rv1353c,Rv1887,?,Weak
Rv1353c-thiD,Rv1353c,thiD,?,Weak
Rv1353c-adoK,Rv1353c,adoK,?,Weak
Rv1353c-Rv0474,Rv1353c,Rv0474,?,Weak
Rv1353c-Rv1044,Rv1353c,Rv1044,?,Weak
Rv1353c-Rv3463,Rv1353c,Rv3463,?,Weak
Rv1353c-aroA,Rv1353c,aroA,?,Weak
Rv1353c-vapB25,Rv1353c,vapB25,?,Weak
Rv1353c-Rv1215c,Rv1353c,Rv1215c,?,Weak
Rv1353c-Rv1289,Rv1353c,Rv1289,?,Weak
Rv1353c-Rv1972,Rv1353c,Rv1972,?,Weak
Rv1353c-Rv2799,Rv1353c,Rv2799,?,Weak
Rv1353c-Rv1360,Rv1353c,Rv1360,-,Weak
Rv1353c-Rv3095,Rv1353c,Rv3095,?,Weak
Rv1353c-Rv2143,Rv1353c,Rv2143,?,Weak
Rv1353c-Rv2250A,Rv1353c,Rv2250A,?,Weak
Rv1353c-katG,Rv1353c,katG,?,Weak
Rv1353c-Rv0499,Rv1353c,Rv0499,?,Weak
Rv1353c-Rv2742c,Rv1353c,Rv2742c,?,Weak
Rv1353c-purQ,Rv1353c,purQ,?,Weak
Rv1353c-Rv2577,Rv1353c,Rv2577,?,Weak
Rv1353c-efpA,Rv1353c,efpA,-,Weak
Rv1353c-Rv3828c,Rv1353c,Rv3828c,?,Weak
Rv1353c-Rv2798c,Rv1353c,Rv2798c,-,Weak
Rv1353c-tsf,Rv1353c,tsf,?,Weak
Rv1353c-pepA,Rv1353c,pepA,?,Weak
Rv1353c-papA1,Rv1353c,papA1,?,Weak
Rv1353c-Rv0537c,Rv1353c,Rv0537c,-,Weak
Rv1353c-papA3,Rv1353c,papA3,+,Weak
Rv1353c-PE_PGRS26,Rv1353c,PE_PGRS26,?,Weak
Rv1353c-Rv2563,Rv1353c,Rv2563,?,Weak
Rv1353c-purA,Rv1353c,purA,?,Weak
Rv1353c-Rv1279,Rv1353c,Rv1279,?,Weak
Rv1353c-Rv0431,Rv1353c,Rv0431,-,Weak
Rv1353c-Rv3230c,Rv1353c,Rv3230c,?,Weak
Rv1353c-Rv3000,Rv1353c,Rv3000,?,Weak
Rv1353c-tam,Rv1353c,tam,?,Weak
Rv1353c-narG,Rv1353c,narG,?,Weak
Rv1353c-desA2,Rv1353c,desA2,?,Weak
Rv1353c-cobN,Rv1353c,cobN,-,Weak
Rv1353c-ppe61,Rv1353c,ppe61,?,Weak
Rv1353c-yidC,Rv1353c,yidC,?,Weak
Rv1353c-chaA,Rv1353c,chaA,?,Weak
Rv1353c-Rv3816c,Rv1353c,Rv3816c,-,Weak
Rv1353c-Rv0810c,Rv1353c,Rv0810c,-,Weak
Rv1353c-cysK2,Rv1353c,cysK2,?,Weak
Rv1353c-rplB,Rv1353c,rplB,?,Weak
Rv1353c-mutT3,Rv1353c,mutT3,?,Weak
Rv1353c-metB,Rv1353c,metB,-,Weak
Rv1353c-Rv0895,Rv1353c,Rv0895,?,Weak
Rv1353c-aftD,Rv1353c,aftD,?,Weak
Rv1353c-Rv0497,Rv1353c,Rv0497,?,Weak
Rv1353c-eccC3,Rv1353c,eccC3,?,Weak
Rv1353c-mtrB,Rv1353c,mtrB,?,Weak
Rv1353c-Rv1375,Rv1353c,Rv1375,?,Weak
Rv1353c-aftB,Rv1353c,aftB,?,Weak
Rv1353c-blaC,Rv1353c,blaC,-,Weak
Rv1353c-Rv2669,Rv1353c,Rv2669,?,Weak
Rv1353c-sthA,Rv1353c,sthA,-,Weak
Rv1353c-mmpL10,Rv1353c,mmpL10,+,Weak
Rv1353c-sigA,Rv1353c,sigA,?,Weak
Rv1353c-Rv0386,Rv1353c,Rv0386,?,Weak
Rv1353c-arsC,Rv1353c,arsC,?,Weak
Rv1353c-eccA2,Rv1353c,eccA2,?,Weak
Rv1353c-fbiC,Rv1353c,fbiC,-,Weak
Rv1353c-Rv2782c,Rv1353c,Rv2782c,?,Weak
Rv1353c-gabP,Rv1353c,gabP,?,Weak
Rv1353c-whiB2,Rv1353c,whiB2,?,Weak
Rv1353c-Rv3524,Rv1353c,Rv3524,?,Weak
Rv1353c-devR,Rv1353c,devR,?,Weak
Rv1353c-ppe58,Rv1353c,ppe58,?,Weak
Rv1353c-psd,Rv1353c,psd,?,Weak
Rv1353c-rho,Rv1353c,rho,?,Weak
Rv1353c-ppk2,Rv1353c,ppk2,?,Weak
Rv1353c-secY,Rv1353c,secY,?,Weak
Rv1353c-Rv0094c,Rv1353c,Rv0094c,?,Weak
Rv1353c-Rv0191,Rv1353c,Rv0191,?,Weak
Rv1353c-Rv2779c,Rv1353c,Rv2779c,?,Weak
Rv1353c-Rv3174,Rv1353c,Rv3174,?,Weak
Rv1353c-Rv0426c,Rv1353c,Rv0426c,?,Weak
Rv1353c-Rv3204,Rv1353c,Rv3204,?,Weak
Rv1353c-Rv2410c,Rv1353c,Rv2410c,?,Weak
Rv1353c-purB,Rv1353c,purB,-,Weak
Rv1353c-Rv2778c,Rv1353c,Rv2778c,-,Weak
Rv1353c-Rv3376,Rv1353c,Rv3376,?,Weak
Rv1353c-Rv0448c,Rv1353c,Rv0448c,?,Weak
Rv1353c-vapB46,Rv1353c,vapB46,-,Weak
Rv1353c-Rv2825c,Rv1353c,Rv2825c,?,Weak
Rv1353c-Rv2331A,Rv1353c,Rv2331A,?,Weak
Rv1353c-Rv0316,Rv1353c,Rv0316,?,Weak
Rv1353c-ansA,Rv1353c,ansA,-,Weak
Rv1353c-Rv0097,Rv1353c,Rv0097,?,Weak
Rv1353c-pdxS,Rv1353c,pdxS,?,Weak
Rv1353c-pra,Rv1353c,pra,?,Weak
Rv1353c-Rv1414,Rv1353c,Rv1414,+,Weak
Rv1353c-Rv2148c,Rv1353c,Rv2148c,?,Weak
csoR-Rv2929,csoR,Rv2929,?,Weak
csoR-murC,csoR,murC,?,Weak
csoR-rsmG,csoR,rsmG,?,Weak
csoR-Rv3394c,csoR,Rv3394c,?,Weak
csoR-Rv0034,csoR,Rv0034,?,Weak
csoR-mce4D,csoR,mce4D,?,Weak
csoR-Rv2598,csoR,Rv2598,?,Weak
csoR-Rv1841c,csoR,Rv1841c,?,Weak
csoR-Rv0830,csoR,Rv0830,?,Weak
csoR-emrB,csoR,emrB,?,Weak
csoR-Rv2922A,csoR,Rv2922A,?,Weak
csoR-Rv1116A,csoR,Rv1116A,?,Weak
csoR-Rv3225c,csoR,Rv3225c,?,Weak
csoR-Rv0552,csoR,Rv0552,?,Weak
csoR-Rv3438,csoR,Rv3438,?,Weak
csoR-Rv0730,csoR,Rv0730,?,Weak
csoR-pntAa,csoR,pntAa,?,Weak
csoR-Rv0877,csoR,Rv0877,?,Weak
csoR-Rv2054,csoR,Rv2054,?,Weak
csoR-clpS,csoR,clpS,?,Weak
csoR-Rv2844,csoR,Rv2844,?,Weak
csoR-Rv3079c,csoR,Rv3079c,?,Weak
csoR-ctpG,csoR,ctpG,?,Weak
csoR-Rv3740c,csoR,Rv3740c,?,Weak
csoR-mce3F,csoR,mce3F,?,Weak
csoR-Rv1404,csoR,Rv1404,?,Weak
csoR-eccA2,csoR,eccA2,?,Weak
csoR-mce3B,csoR,mce3B,?,Weak
csoR-PE_PGRS10,csoR,PE_PGRS10,?,Weak
csoR-rsmI,csoR,rsmI,?,Weak
csoR-metC,csoR,metC,?,Weak
csoR-PE_PGRS18,csoR,PE_PGRS18,?,Weak
csoR-Rv1191,csoR,Rv1191,-,Weak
csoR-Rv2160c,csoR,Rv2160c,?,Weak
csoR-Rv0842,csoR,Rv0842,?,Weak
csoR-Rv0713,csoR,Rv0713,?,Weak
csoR-pknE,csoR,pknE,?,Weak
csoR-Rv2507,csoR,Rv2507,-,Weak
csoR-pknF,csoR,pknF,-,Weak
csoR-Rv0836c,csoR,Rv0836c,?,Weak
csoR-hemN,csoR,hemN,?,Weak
csoR-Rv3228,csoR,Rv3228,?,Weak
csoR-Rv1726,csoR,Rv1726,?,Weak
csoR-Rv3660c,csoR,Rv3660c,?,Weak
csoR-Rv0380c,csoR,Rv0380c,?,Weak
csoR-grpE,csoR,grpE,?,Weak
csoR-pncB1,csoR,pncB1,?,Weak
csoR-Rv0774c,csoR,Rv0774c,?,Weak
csoR-nuoA,csoR,nuoA,?,Weak
csoR-Rv0448c,csoR,Rv0448c,?,Weak
csoR-Rv0876c,csoR,Rv0876c,?,Weak
csoR-ftsQ,csoR,ftsQ,?,Weak
csoR-nuoE,csoR,nuoE,-,Weak
csoR-Rv2100,csoR,Rv2100,?,Weak
csoR-Rv2102,csoR,Rv2102,?,Weak
csoR-nuoN,csoR,nuoN,?,Weak
csoR-embB,csoR,embB,?,Weak
csoR-kasB,csoR,kasB,?,Weak
csoR-Rv2705c,csoR,Rv2705c,?,Weak
csoR-cysM,csoR,cysM,?,Weak
csoR-ppe20,csoR,ppe20,?,Weak
csoR-fadE6,csoR,fadE6,?,Weak
csoR-Rv0600c,csoR,Rv0600c,?,Weak
csoR-PE_PGRS62,csoR,PE_PGRS62,?,Weak
csoR-Rv1739c,csoR,Rv1739c,?,Weak
csoR-Rv3778c,csoR,Rv3778c,?,Weak
csoR-hisN,csoR,hisN,?,Weak
csoR-Rv1899c,csoR,Rv1899c,?,Weak
csoR-celA2a,csoR,celA2a,?,Weak
csoR-Rv2556c,csoR,Rv2556c,?,Weak
csoR-rplN,csoR,rplN,?,Weak
csoR-aroB,csoR,aroB,?,Weak
csoR-cobG,csoR,cobG,?,Weak
csoR-rplJ,csoR,rplJ,?,Weak
csoR-Rv2197c,csoR,Rv2197c,?,Weak
csoR-Rv0822c,csoR,Rv0822c,?,Weak
csoR-Rv0326,csoR,Rv0326,?,Weak
csoR-Rv1898,csoR,Rv1898,?,Weak
csoR-Rv3798,csoR,Rv3798,?,Weak
csoR-vapC14,csoR,vapC14,?,Weak
csoR-Rv3122,csoR,Rv3122,?,Weak
csoR-espC,csoR,espC,?,Weak
csoR-espD,csoR,espD,?,Weak
csoR-Rv1724c,csoR,Rv1724c,?,Weak
csoR-lipQ,csoR,lipQ,?,Weak
csoR-Rv1167c,csoR,Rv1167c,?,Weak
csoR-thyX,csoR,thyX,?,Weak
csoR-eccC3,csoR,eccC3,?,Weak
csoR-eccC2,csoR,eccC2,?,Weak
csoR-bfr,csoR,bfr,?,Weak
csoR-nuoF,csoR,nuoF,-,Weak
csoR-Rv0615,csoR,Rv0615,?,Weak
csoR-folK,csoR,folK,?,Weak
csoR-nuoG,csoR,nuoG,?,Weak
csoR-inhA,csoR,inhA,?,Weak
csoR-gmk,csoR,gmk,?,Weak
csoR-Rv3224B,csoR,Rv3224B,?,Weak
csoR-mobA,csoR,mobA,?,Weak
csoR-fadD8,csoR,fadD8,?,Weak
csoR-nuoD,csoR,nuoD,?,Weak
csoR-ppe17,csoR,ppe17,?,Weak
csoR-Rv3769,csoR,Rv3769,?,Weak
csoR-cysA,csoR,cysA,?,Weak
csoR-Rv1050,csoR,Rv1050,?,Weak
csoR-manA,csoR,manA,?,Weak
csoR-Rv3337,csoR,Rv3337,?,Weak
csoR-rpfA,csoR,rpfA,?,Weak
csoR-Rv3338,csoR,Rv3338,?,Weak
csoR-cysW,csoR,cysW,?,Weak
csoR-Rv0295c,csoR,Rv0295c,?,Weak
csoR-pstB2,csoR,pstB2,?,Weak
csoR-hspR,csoR,hspR,?,Weak
csoR-Rv0514,csoR,Rv0514,?,Weak
csoR-mazF3,csoR,mazF3,?,Weak
csoR-Rv3815c,csoR,Rv3815c,?,Weak
csoR-Rv2146c,csoR,Rv2146c,?,Weak
csoR-Rv1104,csoR,Rv1104,?,Weak
csoR-argJ,csoR,argJ,?,Weak
csoR-Rv1455,csoR,Rv1455,?,Weak
csoR-Rv3046c,csoR,Rv3046c,?,Weak
csoR-Rv1747,csoR,Rv1747,?,Weak
csoR-fadE35,csoR,fadE35,?,Weak
csoR-fmt,csoR,fmt,?,Weak
csoR-rimJ,csoR,rimJ,?,Weak
csoR-lprN,csoR,lprN,?,Weak
csoR-pmt,csoR,pmt,?,Weak
csoR-rpsD,csoR,rpsD,?,Weak
csoR-Rv3777,csoR,Rv3777,?,Weak
csoR-ppe23,csoR,ppe23,?,Weak
csoR-Rv3779,csoR,Rv3779,?,Weak
csoR-Rv2551c,csoR,Rv2551c,?,Weak
csoR-Rv1457c,csoR,Rv1457c,?,Weak
csoR-Rv0519c,csoR,Rv0519c,?,Weak
csoR-Rv2843,csoR,Rv2843,?,Weak
csoR-Rv0574c,csoR,Rv0574c,?,Weak
csoR-vapC34,csoR,vapC34,?,Weak
csoR-rpe,csoR,rpe,?,Weak
csoR-Rv1632c,csoR,Rv1632c,?,Weak
csoR-Rv3273,csoR,Rv3273,?,Weak
csoR-mshB,csoR,mshB,?,Weak
csoR-Rv0811c,csoR,Rv0811c,?,Weak
csoR-ponA1,csoR,ponA1,?,Weak
csoR-ppiB,csoR,ppiB,?,Weak
csoR-Rv3712,csoR,Rv3712,?,Weak
csoR-Rv0340,csoR,Rv0340,?,Weak
csoR-Rv2581c,csoR,Rv2581c,?,Weak
csoR-Rv2960c,csoR,Rv2960c,?,Weak
csoR-vapB34,csoR,vapB34,?,Weak
csoR-Rv2638,csoR,Rv2638,?,Weak
csoR-PE_PGRS33,csoR,PE_PGRS33,?,Weak
csoR-Rv3479,csoR,Rv3479,?,Weak
csoR-Rv0770,csoR,Rv0770,?,Weak
csoR-Rv0775,csoR,Rv0775,?,Weak
csoR-lspA,csoR,lspA,?,Weak
csoR-pstS2,csoR,pstS2,?,Weak
csoR-Rv2401,csoR,Rv2401,?,Weak
csoR-Rv1120c,csoR,Rv1120c,?,Weak
csoR-disA,csoR,disA,?,Weak
csoR-fbpB,csoR,fbpB,?,Weak
csoR-lpqD,csoR,lpqD,?,Weak
csoR-fadB2,csoR,fadB2,?,Weak
csoR-fadB3,csoR,fadB3,?,Weak
csoR-Rv0163,csoR,Rv0163,?,Weak
csoR-Rv1459c,csoR,Rv1459c,?,Weak
csoR-lpqR,csoR,lpqR,?,Weak
csoR-esxT,csoR,esxT,?,Weak
csoR-Rv1765c,csoR,Rv1765c,?,Weak
csoR-Rv2959c,csoR,Rv2959c,?,Weak
csoR-rpmA,csoR,rpmA,?,Weak
csoR-treS,csoR,treS,?,Weak
csoR-lpqX,csoR,lpqX,?,Weak
csoR-mmpS3,csoR,mmpS3,?,Weak
csoR-lgt,csoR,lgt,?,Weak
csoR-oxyS,csoR,oxyS,?,Weak
csoR-phoH2,csoR,phoH2,?,Weak
csoR-PPE35,csoR,PPE35,?,Weak
csoR-Rv2557,csoR,Rv2557,?,Weak
csoR-Rv1725c,csoR,Rv1725c,?,Weak
csoR-Rv2558,csoR,Rv2558,?,Weak
csoR-adk,csoR,adk,?,Weak
csoR-Rv2799,csoR,Rv2799,?,Weak
csoR-Rv0885,csoR,Rv0885,?,Weak
csoR-csoR,csoR,csoR,+,Weak
csoR-PE_PGRS43,csoR,PE_PGRS43,?,Weak
csoR-ldtA,csoR,ldtA,?,Weak
csoR-Rv3173c,csoR,Rv3173c,?,Weak
csoR-tsnR,csoR,tsnR,?,Weak
csoR-Rv3915,csoR,Rv3915,?,Weak
csoR-Rv1624c,csoR,Rv1624c,?,Weak
csoR-Rv3282,csoR,Rv3282,?,Weak
csoR-irtA,csoR,irtA,?,Weak
csoR-Rv1669,csoR,Rv1669,?,Weak
csoR-Rv2370c,csoR,Rv2370c,?,Weak
csoR-Rv1729c,csoR,Rv1729c,?,Weak
csoR-Rv3355c,csoR,Rv3355c,?,Weak
csoR-Rv0955,csoR,Rv0955,?,Weak
csoR-Rv1735c,csoR,Rv1735c,?,Weak
csoR-Rv0941c,csoR,Rv0941c,?,Weak
csoR-glnH,csoR,glnH,?,Weak
csoR-Rv0810c,csoR,Rv0810c,?,Weak
csoR-Rv1770,csoR,Rv1770,?,Weak
csoR-Rv1990A,csoR,Rv1990A,?,Weak
csoR-Rv3690,csoR,Rv3690,?,Weak
csoR-blaR,csoR,blaR,?,Weak
csoR-Rv2962c,csoR,Rv2962c,?,Weak
csoR-Rv0812,csoR,Rv0812,?,Weak
csoR-lpqK,csoR,lpqK,?,Weak
csoR-Rv2667,csoR,Rv2667,?,Weak
csoR-Rv3693,csoR,Rv3693,?,Weak
csoR-Rv3835,csoR,Rv3835,?,Weak
csoR-aftB,csoR,aftB,?,Weak
csoR-trpS,csoR,trpS,?,Weak
csoR-Rv0226c,csoR,Rv0226c,?,Weak
csoR-Rv2668,csoR,Rv2668,?,Weak
csoR-vapB13,csoR,vapB13,?,Weak
csoR-Rv1461,csoR,Rv1461,?,Weak
csoR-Rv3493c,csoR,Rv3493c,?,Weak
csoR-mas,csoR,mas,?,Weak
csoR-gltA2,csoR,gltA2,-,Weak
csoR-tsaD,csoR,tsaD,?,Weak
csoR-Rv0204c,csoR,Rv0204c,?,Weak
csoR-mazE3,csoR,mazE3,?,Weak
csoR-Rv2706c,csoR,Rv2706c,?,Weak
csoR-pssA,csoR,pssA,?,Weak
csoR-Rv2240c,csoR,Rv2240c,?,Weak
csoR-PE_PGRS37,csoR,PE_PGRS37,?,Weak
csoR-Rv1864c,csoR,Rv1864c,?,Weak
csoR-Rv0225,csoR,Rv0225,-,Weak
csoR-Rv1490,csoR,Rv1490,?,Weak
csoR-Rv1951c,csoR,Rv1951c,?,Weak
csoR-Rv0942,csoR,Rv0942,?,Weak
csoR-ppe22,csoR,ppe22,?,Weak
csoR-pyrD,csoR,pyrD,?,Weak
csoR-pyrC,csoR,pyrC,?,Weak
csoR-Rv0585c,csoR,Rv0585c,?,Weak
csoR-Rv3174,csoR,Rv3174,?,Weak
csoR-Rv2707,csoR,Rv2707,?,Weak
csoR-pimF,csoR,pimF,?,Weak
csoR-Rv2559c,csoR,Rv2559c,?,Weak
csoR-Rv2271,csoR,Rv2271,?,Weak
csoR-fucA,csoR,fucA,?,Weak
csoR-rimI,csoR,rimI,?,Weak
csoR-fadB5,csoR,fadB5,?,Weak
csoR-cobQ2,csoR,cobQ2,?,Weak
csoR-Rv3796,csoR,Rv3796,?,Weak
csoR-far,csoR,far,?,Weak
csoR-ansA,csoR,ansA,?,Weak
csoR-Rv3829c,csoR,Rv3829c,?,Weak
csoR-PE15,csoR,PE15,?,Weak
csoR-Rv1405c,csoR,Rv1405c,?,Weak
csoR-esxU,csoR,esxU,?,Weak
